site,case_id,method,horizon,recovery_hour_bin,n,nwis,coverage90,events
reserve10,pv_only,aci_bounded,1,0,22,0.04408843596611555,0.9090909090909091,22
reserve10,pv_only,aci_bounded,1,1,24,0.03846468991229537,0.9166666666666666,24
reserve10,pv_only,aci_bounded,1,2,25,0.03990648981588066,0.88,25
reserve10,pv_only,aci_bounded,1,3,22,0.02635090943865566,0.9545454545454546,22
reserve10,pv_only,aci_bounded,1,4,22,0.02934027781751567,1.0,22
reserve10,pv_only,aci_bounded,1,5,20,0.03487012134924621,0.95,20
reserve10,pv_only,aci_bounded,1,6,17,0.03718188287927113,1.0,17
reserve10,pv_only,aci_bounded,1,7,19,0.035935210105007886,0.9473684210526315,19
reserve10,pv_only,aci_bounded,1,8,20,0.04429863123866053,0.95,20
reserve10,pv_only,aci_bounded,1,9,23,0.040113676419527844,0.9130434782608695,23
reserve10,pv_only,aci_bounded,1,10,21,0.03535531106106014,0.9523809523809523,21
reserve10,pv_only,aci_bounded,1,11,23,0.03770977850154005,0.8695652173913043,23
reserve10,pv_only,aci_bounded,1,12,23,0.038374074054379675,0.8695652173913043,23
reserve10,pv_only,aci_bounded,1,13,23,0.03482320483325408,0.7391304347826086,23
reserve10,pv_only,aci_bounded,1,14,23,0.038343383844007387,0.8695652173913043,23
reserve10,pv_only,aci_bounded,1,15,24,0.0304365117774925,0.875,24
reserve10,pv_only,aci_bounded,1,16,21,0.04073688565621282,0.8095238095238095,21
reserve10,pv_only,aci_bounded,1,17,24,0.027979044080745103,0.9583333333333334,24
reserve10,pv_only,aci_bounded,1,18,25,0.037484032363391095,0.84,25
reserve10,pv_only,aci_bounded,1,19,24,0.04176751683035216,0.875,24
reserve10,pv_only,aci_bounded,1,20,25,0.0443398350813975,0.76,25
reserve10,pv_only,aci_bounded,1,21,27,0.0264822553210555,0.9259259259259259,27
reserve10,pv_only,aci_bounded,1,22,27,0.0388845221042685,0.8888888888888888,27
reserve10,pv_only,aci_bounded,1,23,23,0.046153932420344476,0.8260869565217391,23
reserve10,pv_only,aci_bounded,2,0,24,0.04735490645103425,0.9583333333333334,24
reserve10,pv_only,aci_bounded,2,1,25,0.04595835119702609,1.0,25
reserve10,pv_only,aci_bounded,2,2,22,0.04522258087439501,0.9090909090909091,22
reserve10,pv_only,aci_bounded,2,3,22,0.04024010614083378,1.0,22
reserve10,pv_only,aci_bounded,2,4,20,0.037896130468046546,0.95,20
reserve10,pv_only,aci_bounded,2,5,17,0.06036451361068271,1.0,17
reserve10,pv_only,aci_bounded,2,6,19,0.04574611429461878,1.0,19
reserve10,pv_only,aci_bounded,2,7,20,0.054239526119924567,0.95,20
reserve10,pv_only,aci_bounded,2,8,23,0.055848769306009724,0.9130434782608695,23
reserve10,pv_only,aci_bounded,2,9,21,0.05352770353339394,0.9523809523809523,21
reserve10,pv_only,aci_bounded,2,10,23,0.050582189157888834,0.9565217391304348,23
reserve10,pv_only,aci_bounded,2,11,23,0.050079681821721934,0.9565217391304348,23
reserve10,pv_only,aci_bounded,2,12,23,0.04824537725069335,0.8260869565217391,23
reserve10,pv_only,aci_bounded,2,13,23,0.05527972504163894,0.782608695652174,23
reserve10,pv_only,aci_bounded,2,14,24,0.051518644831102876,0.875,24
reserve10,pv_only,aci_bounded,2,15,21,0.06368212668296963,0.8095238095238095,21
reserve10,pv_only,aci_bounded,2,16,24,0.05074782194120792,0.7916666666666666,24
reserve10,pv_only,aci_bounded,2,17,25,0.04987111795233267,0.92,25
reserve10,pv_only,aci_bounded,2,18,24,0.06211456054211687,0.7916666666666666,24
reserve10,pv_only,aci_bounded,2,19,25,0.05631230982109765,0.88,25
reserve10,pv_only,aci_bounded,2,20,27,0.04957412506979913,0.8518518518518519,27
reserve10,pv_only,aci_bounded,2,21,27,0.0427995501356284,0.8888888888888888,27
reserve10,pv_only,aci_bounded,2,22,23,0.06333122568634701,0.8695652173913043,23
reserve10,pv_only,aci_bounded,2,23,23,0.0662280091562733,0.782608695652174,23
reserve10,pv_only,aci_bounded,3,0,25,0.043447988424005074,0.96,25
reserve10,pv_only,aci_bounded,3,1,22,0.04652796501760426,1.0,22
reserve10,pv_only,aci_bounded,3,2,22,0.04500744308732867,0.9545454545454546,22
reserve10,pv_only,aci_bounded,3,3,20,0.041989327501712206,0.95,20
reserve10,pv_only,aci_bounded,3,4,17,0.05846560973222188,1.0,17
reserve10,pv_only,aci_bounded,3,5,19,0.057346512498771166,0.9473684210526315,19
reserve10,pv_only,aci_bounded,3,6,20,0.05824110956758584,0.9,20
reserve10,pv_only,aci_bounded,3,7,23,0.058573982098823064,0.9130434782608695,23
reserve10,pv_only,aci_bounded,3,8,21,0.067700647277278,0.9047619047619048,21
reserve10,pv_only,aci_bounded,3,9,23,0.05476804853958277,0.8695652173913043,23
reserve10,pv_only,aci_bounded,3,10,23,0.053020488376650764,0.9130434782608695,23
reserve10,pv_only,aci_bounded,3,11,23,0.05619173924642731,0.8260869565217391,23
reserve10,pv_only,aci_bounded,3,12,23,0.06337895476868541,0.782608695652174,23
reserve10,pv_only,aci_bounded,3,13,24,0.05790319819083442,0.8333333333333334,24
reserve10,pv_only,aci_bounded,3,14,21,0.07280627550332323,0.8095238095238095,21
reserve10,pv_only,aci_bounded,3,15,24,0.05977352414519357,0.8333333333333334,24
reserve10,pv_only,aci_bounded,3,16,25,0.061396862503537125,0.8,25
reserve10,pv_only,aci_bounded,3,17,24,0.07152764782101569,0.8333333333333334,24
reserve10,pv_only,aci_bounded,3,18,25,0.06567966756050311,0.88,25
reserve10,pv_only,aci_bounded,3,19,27,0.05518058654213027,0.8518518518518519,27
reserve10,pv_only,aci_bounded,3,20,27,0.05285613759715913,0.9259259259259259,27
reserve10,pv_only,aci_bounded,3,21,23,0.060408934083816604,0.8695652173913043,23
reserve10,pv_only,aci_bounded,3,22,23,0.07139520596788546,0.8260869565217391,23
reserve10,pv_only,aci_bounded,3,23,25,0.0534835872543534,0.84,25
reserve10,pv_only,aci_bounded,4,0,22,0.043324464324422045,1.0,22
reserve10,pv_only,aci_bounded,4,1,22,0.04582192725765601,1.0,22
reserve10,pv_only,aci_bounded,4,2,20,0.04436230093273017,0.95,20
reserve10,pv_only,aci_bounded,4,3,17,0.05983668579187779,1.0,17
reserve10,pv_only,aci_bounded,4,4,19,0.06149283107865326,1.0,19
reserve10,pv_only,aci_bounded,4,5,20,0.06276950930446339,0.9,20
reserve10,pv_only,aci_bounded,4,6,23,0.058347956260031954,0.9130434782608695,23
reserve10,pv_only,aci_bounded,4,7,21,0.07006818551004518,0.8571428571428571,21
reserve10,pv_only,aci_bounded,4,8,23,0.06197513272589972,0.8695652173913043,23
reserve10,pv_only,aci_bounded,4,9,23,0.056228829744364175,0.9130434782608695,23
reserve10,pv_only,aci_bounded,4,10,23,0.05500281615623154,0.8695652173913043,23
reserve10,pv_only,aci_bounded,4,11,23,0.06509496124927631,0.8260869565217391,23
reserve10,pv_only,aci_bounded,4,12,24,0.059834859397216104,0.875,24
reserve10,pv_only,aci_bounded,4,13,21,0.0807338906270278,0.8095238095238095,21
reserve10,pv_only,aci_bounded,4,14,24,0.06402857648310126,0.875,24
reserve10,pv_only,aci_bounded,4,15,25,0.06814696218751655,0.8,25
reserve10,pv_only,aci_bounded,4,16,24,0.0783020667859648,0.7916666666666666,24
reserve10,pv_only,aci_bounded,4,17,25,0.06925641324720354,0.84,25
reserve10,pv_only,aci_bounded,4,18,27,0.05730300119643562,0.8888888888888888,27
reserve10,pv_only,aci_bounded,4,19,27,0.053420488202493975,0.8518518518518519,27
reserve10,pv_only,aci_bounded,4,20,23,0.06252615880929958,0.9130434782608695,23
reserve10,pv_only,aci_bounded,4,21,23,0.07177100909039297,0.8260869565217391,23
reserve10,pv_only,aci_bounded,4,22,25,0.055912028745603165,0.88,25
reserve10,pv_only,aci_bounded,4,23,25,0.04670040134653067,0.96,25
reserve10,pv_only,carry_forward,1,0,22,0.04740846962549608,0.9090909090909091,22
reserve10,pv_only,carry_forward,1,1,24,0.04170473615486719,0.875,24
reserve10,pv_only,carry_forward,1,2,25,0.04061747298322107,0.88,25
reserve10,pv_only,carry_forward,1,3,22,0.026197636736884546,0.9545454545454546,22
reserve10,pv_only,carry_forward,1,4,22,0.03183276609908016,0.9545454545454546,22
reserve10,pv_only,carry_forward,1,5,20,0.03667286928894695,0.9,20
reserve10,pv_only,carry_forward,1,6,17,0.03791876110618738,0.9411764705882353,17
reserve10,pv_only,carry_forward,1,7,19,0.03818189880737042,0.8421052631578947,19
reserve10,pv_only,carry_forward,1,8,20,0.0467067186174242,0.9,20
reserve10,pv_only,carry_forward,1,9,23,0.039954847349601065,0.782608695652174,23
reserve10,pv_only,carry_forward,1,10,21,0.03690091099726377,0.9047619047619048,21
reserve10,pv_only,carry_forward,1,11,23,0.03873685027469512,0.8260869565217391,23
reserve10,pv_only,carry_forward,1,12,23,0.04141557419278734,0.782608695652174,23
reserve10,pv_only,carry_forward,1,13,23,0.03989425666382083,0.6956521739130435,23
reserve10,pv_only,carry_forward,1,14,23,0.043076893790213,0.7391304347826086,23
reserve10,pv_only,carry_forward,1,15,24,0.03243778477835476,0.7916666666666666,24
reserve10,pv_only,carry_forward,1,16,21,0.043076150516488804,0.8095238095238095,21
reserve10,pv_only,carry_forward,1,17,24,0.03108514088434312,0.7916666666666666,24
reserve10,pv_only,carry_forward,1,18,25,0.04113859370433876,0.8,25
reserve10,pv_only,carry_forward,1,19,24,0.04373071867004746,0.8333333333333334,24
reserve10,pv_only,carry_forward,1,20,25,0.047506340675655415,0.84,25
reserve10,pv_only,carry_forward,1,21,27,0.030090818414854052,0.8888888888888888,27
reserve10,pv_only,carry_forward,1,22,27,0.039897340991436596,0.7037037037037037,27
reserve10,pv_only,carry_forward,1,23,23,0.045498179088140356,0.782608695652174,23
reserve10,pv_only,carry_forward,2,0,24,0.04912457770500869,0.875,24
reserve10,pv_only,carry_forward,2,1,25,0.04776528200282401,1.0,25
reserve10,pv_only,carry_forward,2,2,22,0.044725498553096,0.8636363636363636,22
reserve10,pv_only,carry_forward,2,3,22,0.03971247991136479,0.9545454545454546,22
reserve10,pv_only,carry_forward,2,4,20,0.03666485466787213,0.85,20
reserve10,pv_only,carry_forward,2,5,17,0.05880200792400491,0.9411764705882353,17
reserve10,pv_only,carry_forward,2,6,19,0.04762782172917047,0.8947368421052632,19
reserve10,pv_only,carry_forward,2,7,20,0.05550245554071563,0.85,20
reserve10,pv_only,carry_forward,2,8,23,0.059920233703854964,0.9130434782608695,23
reserve10,pv_only,carry_forward,2,9,21,0.05603340019927462,0.9047619047619048,21
reserve10,pv_only,carry_forward,2,10,23,0.05113914925421455,0.6956521739130435,23
reserve10,pv_only,carry_forward,2,11,23,0.054036009941955586,0.8695652173913043,23
reserve10,pv_only,carry_forward,2,12,23,0.050495199368242656,0.7391304347826086,23
reserve10,pv_only,carry_forward,2,13,23,0.05900039014247985,0.7391304347826086,23
reserve10,pv_only,carry_forward,2,14,24,0.05325076708879966,0.8333333333333334,24
reserve10,pv_only,carry_forward,2,15,21,0.06603297654996167,0.7142857142857143,21
reserve10,pv_only,carry_forward,2,16,24,0.05204573958686253,0.75,24
reserve10,pv_only,carry_forward,2,17,25,0.05067979588713954,0.76,25
reserve10,pv_only,carry_forward,2,18,24,0.06467274686679077,0.7916666666666666,24
reserve10,pv_only,carry_forward,2,19,25,0.059277164123230586,0.88,25
reserve10,pv_only,carry_forward,2,20,27,0.050299698064634496,0.8148148148148148,27
reserve10,pv_only,carry_forward,2,21,27,0.04330136832898651,0.8148148148148148,27
reserve10,pv_only,carry_forward,2,22,23,0.06321500024194118,0.7391304347826086,23
reserve10,pv_only,carry_forward,2,23,23,0.06583555171152801,0.782608695652174,23
reserve10,pv_only,carry_forward,3,0,25,0.04589997555203519,0.88,25
reserve10,pv_only,carry_forward,3,1,22,0.047773930772035914,0.9090909090909091,22
reserve10,pv_only,carry_forward,3,2,22,0.0471578763243977,0.9545454545454546,22
reserve10,pv_only,carry_forward,3,3,20,0.04182503252809265,0.9,20
reserve10,pv_only,carry_forward,3,4,17,0.058391402234022276,0.9411764705882353,17
reserve10,pv_only,carry_forward,3,5,19,0.05886115583214293,0.8947368421052632,19
reserve10,pv_only,carry_forward,3,6,20,0.060159534680874024,0.75,20
reserve10,pv_only,carry_forward,3,7,23,0.05997107929133981,0.8695652173913043,23
reserve10,pv_only,carry_forward,3,8,21,0.06902973956749445,0.9047619047619048,21
reserve10,pv_only,carry_forward,3,9,23,0.05605802578755941,0.782608695652174,23
reserve10,pv_only,carry_forward,3,10,23,0.05541674687380777,0.6956521739130435,23
reserve10,pv_only,carry_forward,3,11,23,0.058192911154607264,0.6956521739130435,23
reserve10,pv_only,carry_forward,3,12,23,0.06464974584683515,0.782608695652174,23
reserve10,pv_only,carry_forward,3,13,24,0.06189633870281103,0.75,24
reserve10,pv_only,carry_forward,3,14,21,0.07509731144455431,0.7142857142857143,21
reserve10,pv_only,carry_forward,3,15,24,0.06125512447990946,0.7083333333333334,24
reserve10,pv_only,carry_forward,3,16,25,0.06521475190525834,0.72,25
reserve10,pv_only,carry_forward,3,17,24,0.07571335341611635,0.7083333333333334,24
reserve10,pv_only,carry_forward,3,18,25,0.06755093207402382,0.8,25
reserve10,pv_only,carry_forward,3,19,27,0.0551032331509791,0.8518518518518519,27
reserve10,pv_only,carry_forward,3,20,27,0.055506941452282056,0.7777777777777778,27
reserve10,pv_only,carry_forward,3,21,23,0.05995706353254252,0.8260869565217391,23
reserve10,pv_only,carry_forward,3,22,23,0.07195336335253445,0.6956521739130435,23
reserve10,pv_only,carry_forward,3,23,25,0.052729690285253844,0.68,25
reserve10,pv_only,carry_forward,4,0,22,0.04382972061770219,0.9545454545454546,22
reserve10,pv_only,carry_forward,4,1,22,0.047331114357110134,1.0,22
reserve10,pv_only,carry_forward,4,2,20,0.04368344191660716,0.9,20
reserve10,pv_only,carry_forward,4,3,17,0.058302109575343104,0.9411764705882353,17
reserve10,pv_only,carry_forward,4,4,19,0.060881716233321705,0.8421052631578947,19
reserve10,pv_only,carry_forward,4,5,20,0.06346481871505102,0.8,20
reserve10,pv_only,carry_forward,4,6,23,0.06452126681971164,0.8260869565217391,23
reserve10,pv_only,carry_forward,4,7,21,0.06968841185787913,0.9047619047619048,21
reserve10,pv_only,carry_forward,4,8,23,0.06269776073856188,0.782608695652174,23
reserve10,pv_only,carry_forward,4,9,23,0.05884022315757375,0.782608695652174,23
reserve10,pv_only,carry_forward,4,10,23,0.059063917342373456,0.6956521739130435,23
reserve10,pv_only,carry_forward,4,11,23,0.06541520356558927,0.6956521739130435,23
reserve10,pv_only,carry_forward,4,12,24,0.061485206545391156,0.7916666666666666,24
reserve10,pv_only,carry_forward,4,13,21,0.08076452162808548,0.7619047619047619,21
reserve10,pv_only,carry_forward,4,14,24,0.06609516345186052,0.6666666666666666,24
reserve10,pv_only,carry_forward,4,15,25,0.06897187857330221,0.72,25
reserve10,pv_only,carry_forward,4,16,24,0.07771905793690968,0.7083333333333334,24
reserve10,pv_only,carry_forward,4,17,25,0.07165575921183218,0.8,25
reserve10,pv_only,carry_forward,4,18,27,0.05838036144291769,0.8148148148148148,27
reserve10,pv_only,carry_forward,4,19,27,0.05499694387115938,0.8518518518518519,27
reserve10,pv_only,carry_forward,4,20,23,0.061571717319532523,0.8260869565217391,23
reserve10,pv_only,carry_forward,4,21,23,0.07172976955735734,0.7391304347826086,23
reserve10,pv_only,carry_forward,4,22,25,0.05890183890543115,0.76,25
reserve10,pv_only,carry_forward,4,23,25,0.045472149305630864,0.8,25
reserve10,pv_only,geometric_persistence,1,0,22,0.05364630743525982,0.9545454545454546,22
reserve10,pv_only,geometric_persistence,1,1,24,0.05796452023537955,0.9166666666666666,24
reserve10,pv_only,geometric_persistence,1,2,25,0.05453204376991968,0.96,25
reserve10,pv_only,geometric_persistence,1,3,22,0.03654581873057155,1.0,22
reserve10,pv_only,geometric_persistence,1,4,22,0.047626477559625346,0.9090909090909091,22
reserve10,pv_only,geometric_persistence,1,5,20,0.055268211954565064,0.9,20
reserve10,pv_only,geometric_persistence,1,6,17,0.04769357231498129,1.0,17
reserve10,pv_only,geometric_persistence,1,7,19,0.04718973712789298,1.0,19
reserve10,pv_only,geometric_persistence,1,8,20,0.05590616987012688,0.95,20
reserve10,pv_only,geometric_persistence,1,9,23,0.05118925982941448,0.9565217391304348,23
reserve10,pv_only,geometric_persistence,1,10,21,0.03723889485504012,1.0,21
reserve10,pv_only,geometric_persistence,1,11,23,0.05122884956823939,0.9130434782608695,23
reserve10,pv_only,geometric_persistence,1,12,23,0.056968974159102494,0.8695652173913043,23
reserve10,pv_only,geometric_persistence,1,13,23,0.049574646042932734,0.9565217391304348,23
reserve10,pv_only,geometric_persistence,1,14,23,0.0357743986012076,1.0,23
reserve10,pv_only,geometric_persistence,1,15,24,0.04053104806069658,0.9583333333333334,24
reserve10,pv_only,geometric_persistence,1,16,21,0.051168242553234586,0.9523809523809523,21
reserve10,pv_only,geometric_persistence,1,17,24,0.043544157052672894,0.9583333333333334,24
reserve10,pv_only,geometric_persistence,1,18,25,0.03970903553049656,1.0,25
reserve10,pv_only,geometric_persistence,1,19,24,0.04782387079115987,0.9583333333333334,24
reserve10,pv_only,geometric_persistence,1,20,25,0.05669162768188211,0.92,25
reserve10,pv_only,geometric_persistence,1,21,27,0.04299515626599887,0.9259259259259259,27
reserve10,pv_only,geometric_persistence,1,22,27,0.04764160820102559,0.9259259259259259,27
reserve10,pv_only,geometric_persistence,1,23,23,0.0601623392707459,0.9130434782608695,23
reserve10,pv_only,geometric_persistence,2,0,24,0.06598233727184967,1.0,24
reserve10,pv_only,geometric_persistence,2,1,25,0.08143359015130507,0.84,25
reserve10,pv_only,geometric_persistence,2,2,22,0.07190109106897823,0.9545454545454546,22
reserve10,pv_only,geometric_persistence,2,3,22,0.07185751197152028,0.9090909090909091,22
reserve10,pv_only,geometric_persistence,2,4,20,0.06292915091274048,0.9,20
reserve10,pv_only,geometric_persistence,2,5,17,0.08960266071644965,0.9411764705882353,17
reserve10,pv_only,geometric_persistence,2,6,19,0.07486292771625559,0.9473684210526315,19
reserve10,pv_only,geometric_persistence,2,7,20,0.06031025388741144,1.0,20
reserve10,pv_only,geometric_persistence,2,8,23,0.08452307025821834,0.9565217391304348,23
reserve10,pv_only,geometric_persistence,2,9,21,0.07434783404217271,0.9523809523809523,21
reserve10,pv_only,geometric_persistence,2,10,23,0.059364498707301226,0.9565217391304348,23
reserve10,pv_only,geometric_persistence,2,11,23,0.07681408206195901,0.9130434782608695,23
reserve10,pv_only,geometric_persistence,2,12,23,0.08716742603900726,0.9565217391304348,23
reserve10,pv_only,geometric_persistence,2,13,23,0.06486160001476837,0.9565217391304348,23
reserve10,pv_only,geometric_persistence,2,14,24,0.05764270163109095,0.9583333333333334,24
reserve10,pv_only,geometric_persistence,2,15,21,0.08764738928871091,0.9523809523809523,21
reserve10,pv_only,geometric_persistence,2,16,24,0.07675455816846664,1.0,24
reserve10,pv_only,geometric_persistence,2,17,25,0.06962102381988278,0.96,25
reserve10,pv_only,geometric_persistence,2,18,24,0.07373752399438581,0.9583333333333334,24
reserve10,pv_only,geometric_persistence,2,19,25,0.08555925267341925,0.96,25
reserve10,pv_only,geometric_persistence,2,20,27,0.07746886409433197,0.8888888888888888,27
reserve10,pv_only,geometric_persistence,2,21,27,0.06946911607215517,0.8888888888888888,27
reserve10,pv_only,geometric_persistence,2,22,23,0.09463310341348806,0.8695652173913043,23
reserve10,pv_only,geometric_persistence,2,23,23,0.07325220872335128,1.0,23
reserve10,pv_only,geometric_persistence,3,0,25,0.08127909676424934,0.84,25
reserve10,pv_only,geometric_persistence,3,1,22,0.09524832495069496,0.9545454545454546,22
reserve10,pv_only,geometric_persistence,3,2,22,0.08053495801440282,0.9545454545454546,22
reserve10,pv_only,geometric_persistence,3,3,20,0.09079985366077682,0.9,20
reserve10,pv_only,geometric_persistence,3,4,17,0.10930446270718915,0.9411764705882353,17
reserve10,pv_only,geometric_persistence,3,5,19,0.09714679018290934,0.9473684210526315,19
reserve10,pv_only,geometric_persistence,3,6,20,0.08029929721901838,1.0,20
reserve10,pv_only,geometric_persistence,3,7,23,0.08858808018910154,1.0,23
reserve10,pv_only,geometric_persistence,3,8,21,0.11146161906201854,0.9047619047619048,21
reserve10,pv_only,geometric_persistence,3,9,23,0.0854929551953653,0.8695652173913043,23
reserve10,pv_only,geometric_persistence,3,10,23,0.08765558402453964,1.0,23
reserve10,pv_only,geometric_persistence,3,11,23,0.10216353605640503,1.0,23
reserve10,pv_only,geometric_persistence,3,12,23,0.09899876749864164,0.9565217391304348,23
reserve10,pv_only,geometric_persistence,3,13,24,0.08270825285574933,0.9166666666666666,24
reserve10,pv_only,geometric_persistence,3,14,21,0.1037509310226787,0.9047619047619048,21
reserve10,pv_only,geometric_persistence,3,15,24,0.1125005257089821,0.875,24
reserve10,pv_only,geometric_persistence,3,16,25,0.09914219422869466,0.96,25
reserve10,pv_only,geometric_persistence,3,17,24,0.10568539520169151,0.9166666666666666,24
reserve10,pv_only,geometric_persistence,3,18,25,0.10232815612694257,0.96,25
reserve10,pv_only,geometric_persistence,3,19,27,0.10715909512984485,0.8518518518518519,27
reserve10,pv_only,geometric_persistence,3,20,27,0.09018545881377778,0.9259259259259259,27
reserve10,pv_only,geometric_persistence,3,21,23,0.10617293506615866,0.8695652173913043,23
reserve10,pv_only,geometric_persistence,3,22,23,0.09919219617639144,0.9565217391304348,23
reserve10,pv_only,geometric_persistence,3,23,25,0.07598979869311949,1.0,25
reserve10,pv_only,geometric_persistence,4,0,22,0.0953212842644601,0.9545454545454546,22
reserve10,pv_only,geometric_persistence,4,1,22,0.09057922100348217,0.9545454545454546,22
reserve10,pv_only,geometric_persistence,4,2,20,0.09823502502707963,0.95,20
reserve10,pv_only,geometric_persistence,4,3,17,0.1392386483458795,0.8823529411764706,17
reserve10,pv_only,geometric_persistence,4,4,19,0.1107238532126175,0.9473684210526315,19
reserve10,pv_only,geometric_persistence,4,5,20,0.09829520975997694,1.0,20
reserve10,pv_only,geometric_persistence,4,6,23,0.1024994940537304,0.9565217391304348,23
reserve10,pv_only,geometric_persistence,4,7,21,0.10957788619930313,0.9523809523809523,21
reserve10,pv_only,geometric_persistence,4,8,23,0.11258376430054076,0.9130434782608695,23
reserve10,pv_only,geometric_persistence,4,9,23,0.11343465655278331,0.9565217391304348,23
reserve10,pv_only,geometric_persistence,4,10,23,0.11022592771958953,0.9565217391304348,23
reserve10,pv_only,geometric_persistence,4,11,23,0.11117635134338538,1.0,23
reserve10,pv_only,geometric_persistence,4,12,24,0.10566784946273967,0.875,24
reserve10,pv_only,geometric_persistence,4,13,21,0.1296049076155294,0.9047619047619048,21
reserve10,pv_only,geometric_persistence,4,14,24,0.12307961566493952,0.9166666666666666,24
reserve10,pv_only,geometric_persistence,4,15,25,0.12636662022794154,0.92,25
reserve10,pv_only,geometric_persistence,4,16,24,0.12807819260159345,0.9583333333333334,24
reserve10,pv_only,geometric_persistence,4,17,25,0.12858946362726875,0.88,25
reserve10,pv_only,geometric_persistence,4,18,27,0.1215978978178211,0.8518518518518519,27
reserve10,pv_only,geometric_persistence,4,19,27,0.11371874830645251,0.8518518518518519,27
reserve10,pv_only,geometric_persistence,4,20,23,0.12644911682130336,0.9130434782608695,23
reserve10,pv_only,geometric_persistence,4,21,23,0.11209148177407222,0.9130434782608695,23
reserve10,pv_only,geometric_persistence,4,22,25,0.09668529118849573,0.96,25
reserve10,pv_only,geometric_persistence,4,23,25,0.08027486692283298,0.92,25
reserve10,pv_only,mask50,1,0,22,0.044126003736312806,0.9090909090909091,22
reserve10,pv_only,mask50,1,1,24,0.038338715859308474,0.9583333333333334,24
reserve10,pv_only,mask50,1,2,25,0.039689542821865854,0.88,25
reserve10,pv_only,mask50,1,3,22,0.026503474877950305,0.9545454545454546,22
reserve10,pv_only,mask50,1,4,22,0.029487888076802634,1.0,22
reserve10,pv_only,mask50,1,5,20,0.034798561742638096,0.95,20
reserve10,pv_only,mask50,1,6,17,0.03716486180765825,1.0,17
reserve10,pv_only,mask50,1,7,19,0.03598459598374251,0.9473684210526315,19
reserve10,pv_only,mask50,1,8,20,0.044397584577772924,0.95,20
reserve10,pv_only,mask50,1,9,23,0.040238032714977216,0.9130434782608695,23
reserve10,pv_only,mask50,1,10,21,0.03543730522586373,0.9523809523809523,21
reserve10,pv_only,mask50,1,11,23,0.037606619139057454,0.8695652173913043,23
reserve10,pv_only,mask50,1,12,23,0.03831841283980404,0.8695652173913043,23
reserve10,pv_only,mask50,1,13,23,0.03475548214120767,0.7391304347826086,23
reserve10,pv_only,mask50,1,14,23,0.038297359613942226,0.8695652173913043,23
reserve10,pv_only,mask50,1,15,24,0.03047464699866134,0.875,24
reserve10,pv_only,mask50,1,16,21,0.04066159293751385,0.8095238095238095,21
reserve10,pv_only,mask50,1,17,24,0.027903529369303487,1.0,24
reserve10,pv_only,mask50,1,18,25,0.03723141806479691,0.88,25
reserve10,pv_only,mask50,1,19,24,0.04181574135353375,0.875,24
reserve10,pv_only,mask50,1,20,25,0.04427695358682491,0.84,25
reserve10,pv_only,mask50,1,21,27,0.026642764161831884,0.9259259259259259,27
reserve10,pv_only,mask50,1,22,27,0.038790190267910814,0.8888888888888888,27
reserve10,pv_only,mask50,1,23,23,0.04589964215138708,0.8260869565217391,23
reserve10,pv_only,mask50,2,0,24,0.04730220358125196,0.9583333333333334,24
reserve10,pv_only,mask50,2,1,25,0.04577254142083027,1.0,25
reserve10,pv_only,mask50,2,2,22,0.045027911991254284,0.9090909090909091,22
reserve10,pv_only,mask50,2,3,22,0.040317884166280064,1.0,22
reserve10,pv_only,mask50,2,4,20,0.03794160714187964,0.95,20
reserve10,pv_only,mask50,2,5,17,0.0602097336172561,1.0,17
reserve10,pv_only,mask50,2,6,19,0.04576865539593121,1.0,19
reserve10,pv_only,mask50,2,7,20,0.054116201738398276,0.95,20
reserve10,pv_only,mask50,2,8,23,0.056071654491437924,0.9130434782608695,23
reserve10,pv_only,mask50,2,9,21,0.05378731076365492,0.9523809523809523,21
reserve10,pv_only,mask50,2,10,23,0.050711646747736504,0.9565217391304348,23
reserve10,pv_only,mask50,2,11,23,0.050018348693006455,0.9565217391304348,23
reserve10,pv_only,mask50,2,12,23,0.04804999993439968,0.8695652173913043,23
reserve10,pv_only,mask50,2,13,23,0.054984233476012154,0.782608695652174,23
reserve10,pv_only,mask50,2,14,24,0.051470783228207,0.875,24
reserve10,pv_only,mask50,2,15,21,0.063608216318819,0.8571428571428571,21
reserve10,pv_only,mask50,2,16,24,0.05046034149696423,0.7916666666666666,24
reserve10,pv_only,mask50,2,17,25,0.04959737128639794,0.92,25
reserve10,pv_only,mask50,2,18,24,0.06194588333958486,0.7916666666666666,24
reserve10,pv_only,mask50,2,19,25,0.05622935099894594,0.92,25
reserve10,pv_only,mask50,2,20,27,0.0494143219602268,0.9259259259259259,27
reserve10,pv_only,mask50,2,21,27,0.042953110380470255,0.9259259259259259,27
reserve10,pv_only,mask50,2,22,23,0.06307685415868765,0.8260869565217391,23
reserve10,pv_only,mask50,2,23,23,0.06608719594548922,0.8260869565217391,23
reserve10,pv_only,mask50,3,0,25,0.04347229008899019,0.96,25
reserve10,pv_only,mask50,3,1,22,0.04642284240099382,1.0,22
reserve10,pv_only,mask50,3,2,22,0.04484508951351728,1.0,22
reserve10,pv_only,mask50,3,3,20,0.04193467450240517,0.95,20
reserve10,pv_only,mask50,3,4,17,0.0584179224967871,1.0,17
reserve10,pv_only,mask50,3,5,19,0.05741976380180561,0.9473684210526315,19
reserve10,pv_only,mask50,3,6,20,0.05839700957564471,0.9,20
reserve10,pv_only,mask50,3,7,23,0.058745236197719805,0.9130434782608695,23
reserve10,pv_only,mask50,3,8,21,0.06804213278935163,0.9047619047619048,21
reserve10,pv_only,mask50,3,9,23,0.054793975299572216,0.8695652173913043,23
reserve10,pv_only,mask50,3,10,23,0.05320261260101805,0.9130434782608695,23
reserve10,pv_only,mask50,3,11,23,0.056229870515689846,0.8260869565217391,23
reserve10,pv_only,mask50,3,12,23,0.06314878818775309,0.8260869565217391,23
reserve10,pv_only,mask50,3,13,24,0.05799556343402785,0.8333333333333334,24
reserve10,pv_only,mask50,3,14,21,0.07280568637105944,0.8095238095238095,21
reserve10,pv_only,mask50,3,15,24,0.05976374201421473,0.8333333333333334,24
reserve10,pv_only,mask50,3,16,25,0.06123699073155192,0.8,25
reserve10,pv_only,mask50,3,17,24,0.07115631579682052,0.8333333333333334,24
reserve10,pv_only,mask50,3,18,25,0.06545596592368895,0.88,25
reserve10,pv_only,mask50,3,19,27,0.055236187422256805,0.8518518518518519,27
reserve10,pv_only,mask50,3,20,27,0.05295620502551893,0.8518518518518519,27
reserve10,pv_only,mask50,3,21,23,0.06007891991207943,0.8695652173913043,23
reserve10,pv_only,mask50,3,22,23,0.07159823509875159,0.8695652173913043,23
reserve10,pv_only,mask50,3,23,25,0.05356958121582891,0.84,25
reserve10,pv_only,mask50,4,0,22,0.04324851973172576,1.0,22
reserve10,pv_only,mask50,4,1,22,0.04558702216358943,1.0,22
reserve10,pv_only,mask50,4,2,20,0.04416772268965313,0.95,20
reserve10,pv_only,mask50,4,3,17,0.05986346814434939,1.0,17
reserve10,pv_only,mask50,4,4,19,0.0615063501955478,1.0,19
reserve10,pv_only,mask50,4,5,20,0.06257413768746052,0.9,20
reserve10,pv_only,mask50,4,6,23,0.058521636222439374,0.9130434782608695,23
reserve10,pv_only,mask50,4,7,21,0.07017587829752873,0.8571428571428571,21
reserve10,pv_only,mask50,4,8,23,0.06200226921011537,0.8695652173913043,23
reserve10,pv_only,mask50,4,9,23,0.05624137484942956,0.9130434782608695,23
reserve10,pv_only,mask50,4,10,23,0.055179130710305835,0.8260869565217391,23
reserve10,pv_only,mask50,4,11,23,0.06517370194836265,0.8260869565217391,23
reserve10,pv_only,mask50,4,12,24,0.05996454264612908,0.8333333333333334,24
reserve10,pv_only,mask50,4,13,21,0.08103048873371994,0.8095238095238095,21
reserve10,pv_only,mask50,4,14,24,0.06397784623577747,0.7916666666666666,24
reserve10,pv_only,mask50,4,15,25,0.06825294168013583,0.8,25
reserve10,pv_only,mask50,4,16,24,0.07837764844715832,0.7916666666666666,24
reserve10,pv_only,mask50,4,17,25,0.06908751176940181,0.88,25
reserve10,pv_only,mask50,4,18,27,0.057210907763790626,0.8518518518518519,27
reserve10,pv_only,mask50,4,19,27,0.053330605352600605,0.8888888888888888,27
reserve10,pv_only,mask50,4,20,23,0.06255513892411721,0.9130434782608695,23
reserve10,pv_only,mask50,4,21,23,0.07160360909759823,0.8260869565217391,23
reserve10,pv_only,mask50,4,22,25,0.05605449380107359,0.84,25
reserve10,pv_only,mask50,4,23,25,0.046594210855759134,0.96,25
reserve10,pv_only,mi_recency,1,0,22,0.04969215445467367,0.9090909090909091,22
reserve10,pv_only,mi_recency,1,1,24,0.045447470623151576,0.9166666666666666,24
reserve10,pv_only,mi_recency,1,2,25,0.047029780725924245,0.84,25
reserve10,pv_only,mi_recency,1,3,22,0.027952730965334724,1.0,22
reserve10,pv_only,mi_recency,1,4,22,0.040568853279383005,0.8636363636363636,22
reserve10,pv_only,mi_recency,1,5,20,0.04507998482403819,0.85,20
reserve10,pv_only,mi_recency,1,6,17,0.03946604610054019,0.9411764705882353,17
reserve10,pv_only,mi_recency,1,7,19,0.03799674068544215,0.9473684210526315,19
reserve10,pv_only,mi_recency,1,8,20,0.052056488018337975,0.9,20
reserve10,pv_only,mi_recency,1,9,23,0.03996490038015974,0.8260869565217391,23
reserve10,pv_only,mi_recency,1,10,21,0.041409243144048646,0.8571428571428571,21
reserve10,pv_only,mi_recency,1,11,23,0.0451462607626012,0.9130434782608695,23
reserve10,pv_only,mi_recency,1,12,23,0.04525498061820188,0.8695652173913043,23
reserve10,pv_only,mi_recency,1,13,23,0.03401901196866248,0.9565217391304348,23
reserve10,pv_only,mi_recency,1,14,23,0.041646358866103246,0.9565217391304348,23
reserve10,pv_only,mi_recency,1,15,24,0.031162899189793414,0.9583333333333334,24
reserve10,pv_only,mi_recency,1,16,21,0.045993162160753956,0.9047619047619048,21
reserve10,pv_only,mi_recency,1,17,24,0.030472346932969196,0.9583333333333334,24
reserve10,pv_only,mi_recency,1,18,25,0.04058538554967765,0.88,25
reserve10,pv_only,mi_recency,1,19,24,0.04620374190530887,0.9583333333333334,24
reserve10,pv_only,mi_recency,1,20,25,0.04911941758968198,0.84,25
reserve10,pv_only,mi_recency,1,21,27,0.03214961507557734,0.9629629629629629,27
reserve10,pv_only,mi_recency,1,22,27,0.04394089778963572,0.9259259259259259,27
reserve10,pv_only,mi_recency,1,23,23,0.05750126226664151,0.8260869565217391,23
reserve10,pv_only,mi_recency,2,0,24,0.05431746346379049,0.9166666666666666,24
reserve10,pv_only,mi_recency,2,1,25,0.05601594581821633,0.92,25
reserve10,pv_only,mi_recency,2,2,22,0.046770345396660834,1.0,22
reserve10,pv_only,mi_recency,2,3,22,0.04814250179845878,0.9545454545454546,22
reserve10,pv_only,mi_recency,2,4,20,0.03930053897527162,1.0,20
reserve10,pv_only,mi_recency,2,5,17,0.06699830919838054,0.7647058823529411,17
reserve10,pv_only,mi_recency,2,6,19,0.058016754148168835,0.8947368421052632,19
reserve10,pv_only,mi_recency,2,7,20,0.06378627130937446,0.85,20
reserve10,pv_only,mi_recency,2,8,23,0.06406198379673371,0.8695652173913043,23
reserve10,pv_only,mi_recency,2,9,21,0.05783323933770969,0.8571428571428571,21
reserve10,pv_only,mi_recency,2,10,23,0.06090056327285459,0.8260869565217391,23
reserve10,pv_only,mi_recency,2,11,23,0.05867554972742188,0.8695652173913043,23
reserve10,pv_only,mi_recency,2,12,23,0.05511966291214206,0.8260869565217391,23
reserve10,pv_only,mi_recency,2,13,23,0.058515581818304394,0.8695652173913043,23
reserve10,pv_only,mi_recency,2,14,24,0.0547556280600486,0.9166666666666666,24
reserve10,pv_only,mi_recency,2,15,21,0.0680071385095945,0.8571428571428571,21
reserve10,pv_only,mi_recency,2,16,24,0.044736458337000524,0.9583333333333334,24
reserve10,pv_only,mi_recency,2,17,25,0.054680602074972946,0.96,25
reserve10,pv_only,mi_recency,2,18,24,0.07253329952982515,0.875,24
reserve10,pv_only,mi_recency,2,19,25,0.06370988549519728,0.92,25
reserve10,pv_only,mi_recency,2,20,27,0.05713276383234333,0.8888888888888888,27
reserve10,pv_only,mi_recency,2,21,27,0.046475414591498114,0.9259259259259259,27
reserve10,pv_only,mi_recency,2,22,23,0.07906338462423335,0.8695652173913043,23
reserve10,pv_only,mi_recency,2,23,23,0.07395731373809288,0.8260869565217391,23
reserve10,pv_only,mi_recency,3,0,25,0.047209071489780846,1.0,25
reserve10,pv_only,mi_recency,3,1,22,0.051838218704765744,0.9545454545454546,22
reserve10,pv_only,mi_recency,3,2,22,0.050525616795103916,0.9545454545454546,22
reserve10,pv_only,mi_recency,3,3,20,0.04386961724487222,1.0,20
reserve10,pv_only,mi_recency,3,4,17,0.06321773324751313,0.9411764705882353,17
reserve10,pv_only,mi_recency,3,5,19,0.06619169501931954,0.8947368421052632,19
reserve10,pv_only,mi_recency,3,6,20,0.0674633317878175,0.9,20
reserve10,pv_only,mi_recency,3,7,23,0.06918748282611453,0.8695652173913043,23
reserve10,pv_only,mi_recency,3,8,21,0.07715779954557868,0.8571428571428571,21
reserve10,pv_only,mi_recency,3,9,23,0.06329634738874275,0.9565217391304348,23
reserve10,pv_only,mi_recency,3,10,23,0.055361256274647226,0.9565217391304348,23
reserve10,pv_only,mi_recency,3,11,23,0.05586681461235337,0.8695652173913043,23
reserve10,pv_only,mi_recency,3,12,23,0.06980561853722343,0.9130434782608695,23
reserve10,pv_only,mi_recency,3,13,24,0.06706015140509376,0.875,24
reserve10,pv_only,mi_recency,3,14,21,0.0807887634882322,0.8095238095238095,21
reserve10,pv_only,mi_recency,3,15,24,0.06087486532592415,0.875,24
reserve10,pv_only,mi_recency,3,16,25,0.062181798866405735,0.92,25
reserve10,pv_only,mi_recency,3,17,24,0.07496549486973061,0.9166666666666666,24
reserve10,pv_only,mi_recency,3,18,25,0.07477287787823837,0.92,25
reserve10,pv_only,mi_recency,3,19,27,0.07380048906506159,0.8518518518518519,27
reserve10,pv_only,mi_recency,3,20,27,0.05700399139682298,0.8888888888888888,27
reserve10,pv_only,mi_recency,3,21,23,0.07115892657921326,0.9130434782608695,23
reserve10,pv_only,mi_recency,3,22,23,0.08306617936879981,0.8260869565217391,23
reserve10,pv_only,mi_recency,3,23,25,0.05746075528711587,0.96,25
reserve10,pv_only,mi_recency,4,0,22,0.04641182929862699,1.0,22
reserve10,pv_only,mi_recency,4,1,22,0.051328148958492165,1.0,22
reserve10,pv_only,mi_recency,4,2,20,0.04730962768825917,1.0,20
reserve10,pv_only,mi_recency,4,3,17,0.07060933595730016,0.9411764705882353,17
reserve10,pv_only,mi_recency,4,4,19,0.06430169187654107,0.9473684210526315,19
reserve10,pv_only,mi_recency,4,5,20,0.07128526142530753,0.9,20
reserve10,pv_only,mi_recency,4,6,23,0.07121020046475647,0.8260869565217391,23
reserve10,pv_only,mi_recency,4,7,21,0.07967677571910994,0.8571428571428571,21
reserve10,pv_only,mi_recency,4,8,23,0.07375409449290354,0.8695652173913043,23
reserve10,pv_only,mi_recency,4,9,23,0.05798915016271083,0.9565217391304348,23
reserve10,pv_only,mi_recency,4,10,23,0.05638766489826196,1.0,23
reserve10,pv_only,mi_recency,4,11,23,0.08355555433981075,0.8695652173913043,23
reserve10,pv_only,mi_recency,4,12,24,0.0751930944555827,0.875,24
reserve10,pv_only,mi_recency,4,13,21,0.09335852207230486,0.8095238095238095,21
reserve10,pv_only,mi_recency,4,14,24,0.0730005922872617,0.8333333333333334,24
reserve10,pv_only,mi_recency,4,15,25,0.07470575872060546,0.84,25
reserve10,pv_only,mi_recency,4,16,24,0.08490196826953078,0.8333333333333334,24
reserve10,pv_only,mi_recency,4,17,25,0.08288897740584755,0.88,25
reserve10,pv_only,mi_recency,4,18,27,0.07537884381412724,0.8518518518518519,27
reserve10,pv_only,mi_recency,4,19,27,0.06189981629477285,0.9259259259259259,27
reserve10,pv_only,mi_recency,4,20,23,0.07085265436250036,0.9130434782608695,23
reserve10,pv_only,mi_recency,4,21,23,0.0740654139958475,0.8695652173913043,23
reserve10,pv_only,mi_recency,4,22,25,0.06939481563622431,0.92,25
reserve10,pv_only,mi_recency,4,23,25,0.05330615558525253,0.96,25
reserve10,pv_only,multiple_imputation,1,0,22,0.050448819739297775,0.8636363636363636,22
reserve10,pv_only,multiple_imputation,1,1,24,0.04672814371801709,0.7916666666666666,24
reserve10,pv_only,multiple_imputation,1,2,25,0.04922788969897812,0.8,25
reserve10,pv_only,multiple_imputation,1,3,22,0.027440372880960184,1.0,22
reserve10,pv_only,multiple_imputation,1,4,22,0.041022987329483535,0.8636363636363636,22
reserve10,pv_only,multiple_imputation,1,5,20,0.04501070004681528,0.85,20
reserve10,pv_only,multiple_imputation,1,6,17,0.0386444778589242,0.8235294117647058,17
reserve10,pv_only,multiple_imputation,1,7,19,0.03710198334410346,0.9473684210526315,19
reserve10,pv_only,multiple_imputation,1,8,20,0.05221171608135482,0.8,20
reserve10,pv_only,multiple_imputation,1,9,23,0.040476469534593,0.8260869565217391,23
reserve10,pv_only,multiple_imputation,1,10,21,0.04153823841251737,0.8571428571428571,21
reserve10,pv_only,multiple_imputation,1,11,23,0.04535548223942297,0.8695652173913043,23
reserve10,pv_only,multiple_imputation,1,12,23,0.04531351866165694,0.8695652173913043,23
reserve10,pv_only,multiple_imputation,1,13,23,0.03351564773450071,0.9130434782608695,23
reserve10,pv_only,multiple_imputation,1,14,23,0.04168324944088187,0.9565217391304348,23
reserve10,pv_only,multiple_imputation,1,15,24,0.03098732739634646,0.875,24
reserve10,pv_only,multiple_imputation,1,16,21,0.046864981317384584,0.8095238095238095,21
reserve10,pv_only,multiple_imputation,1,17,24,0.030360946480287195,0.9583333333333334,24
reserve10,pv_only,multiple_imputation,1,18,25,0.04016481536279416,0.88,25
reserve10,pv_only,multiple_imputation,1,19,24,0.046649178223698656,0.875,24
reserve10,pv_only,multiple_imputation,1,20,25,0.049904409334114073,0.8,25
reserve10,pv_only,multiple_imputation,1,21,27,0.03139008546082814,0.9259259259259259,27
reserve10,pv_only,multiple_imputation,1,22,27,0.04421900408013227,0.8518518518518519,27
reserve10,pv_only,multiple_imputation,1,23,23,0.05804979454058725,0.782608695652174,23
reserve10,pv_only,multiple_imputation,2,0,24,0.05654789833069057,0.8333333333333334,24
reserve10,pv_only,multiple_imputation,2,1,25,0.05946988711203458,0.76,25
reserve10,pv_only,multiple_imputation,2,2,22,0.04647183544634033,0.8181818181818182,22
reserve10,pv_only,multiple_imputation,2,3,22,0.04987619560035005,0.8636363636363636,22
reserve10,pv_only,multiple_imputation,2,4,20,0.03733575139663428,0.95,20
reserve10,pv_only,multiple_imputation,2,5,17,0.06901847680760742,0.7647058823529411,17
reserve10,pv_only,multiple_imputation,2,6,19,0.058252441692583944,0.7894736842105263,19
reserve10,pv_only,multiple_imputation,2,7,20,0.06522859058892035,0.8,20
reserve10,pv_only,multiple_imputation,2,8,23,0.06527521045387388,0.8260869565217391,23
reserve10,pv_only,multiple_imputation,2,9,21,0.05930647929176335,0.7142857142857143,21
reserve10,pv_only,multiple_imputation,2,10,23,0.06334649183186879,0.782608695652174,23
reserve10,pv_only,multiple_imputation,2,11,23,0.060730111969580766,0.8260869565217391,23
reserve10,pv_only,multiple_imputation,2,12,23,0.05760166299662001,0.782608695652174,23
reserve10,pv_only,multiple_imputation,2,13,23,0.05991397475300414,0.782608695652174,23
reserve10,pv_only,multiple_imputation,2,14,24,0.05475459742399973,0.9166666666666666,24
reserve10,pv_only,multiple_imputation,2,15,21,0.07006793278863555,0.8095238095238095,21
reserve10,pv_only,multiple_imputation,2,16,24,0.04454047121222016,0.875,24
reserve10,pv_only,multiple_imputation,2,17,25,0.05486878700838856,0.84,25
reserve10,pv_only,multiple_imputation,2,18,24,0.07452850935996799,0.75,24
reserve10,pv_only,multiple_imputation,2,19,25,0.06223728130893487,0.88,25
reserve10,pv_only,multiple_imputation,2,20,27,0.05705091355067817,0.8518518518518519,27
reserve10,pv_only,multiple_imputation,2,21,27,0.04669678006603272,0.8518518518518519,27
reserve10,pv_only,multiple_imputation,2,22,23,0.08015124287621199,0.8695652173913043,23
reserve10,pv_only,multiple_imputation,2,23,23,0.075548652556634,0.7391304347826086,23
reserve10,pv_only,multiple_imputation,3,0,25,0.046756680131895205,0.92,25
reserve10,pv_only,multiple_imputation,3,1,22,0.05236208653877283,0.8636363636363636,22
reserve10,pv_only,multiple_imputation,3,2,22,0.051149374300176825,0.8636363636363636,22
reserve10,pv_only,multiple_imputation,3,3,20,0.041062028265141784,1.0,20
reserve10,pv_only,multiple_imputation,3,4,17,0.06519527035422608,0.7647058823529411,17
reserve10,pv_only,multiple_imputation,3,5,19,0.06771649028221459,0.7368421052631579,19
reserve10,pv_only,multiple_imputation,3,6,20,0.07164370916675541,0.7,20
reserve10,pv_only,multiple_imputation,3,7,23,0.07018526567167103,0.8260869565217391,23
reserve10,pv_only,multiple_imputation,3,8,21,0.07843570119516426,0.8571428571428571,21
reserve10,pv_only,multiple_imputation,3,9,23,0.06436068780864977,0.8695652173913043,23
reserve10,pv_only,multiple_imputation,3,10,23,0.05590884782843344,0.8695652173913043,23
reserve10,pv_only,multiple_imputation,3,11,23,0.05897090226483397,0.782608695652174,23
reserve10,pv_only,multiple_imputation,3,12,23,0.07281290227676726,0.7391304347826086,23
reserve10,pv_only,multiple_imputation,3,13,24,0.06974198634471646,0.8333333333333334,24
reserve10,pv_only,multiple_imputation,3,14,21,0.08205068144146453,0.8095238095238095,21
reserve10,pv_only,multiple_imputation,3,15,24,0.061898403656686966,0.7916666666666666,24
reserve10,pv_only,multiple_imputation,3,16,25,0.0639769588694516,0.76,25
reserve10,pv_only,multiple_imputation,3,17,24,0.07613110303790338,0.7916666666666666,24
reserve10,pv_only,multiple_imputation,3,18,25,0.07605894416379998,0.76,25
reserve10,pv_only,multiple_imputation,3,19,27,0.0751965934477689,0.7777777777777778,27
reserve10,pv_only,multiple_imputation,3,20,27,0.057802307306766214,0.8148148148148148,27
reserve10,pv_only,multiple_imputation,3,21,23,0.07122274574734011,0.8695652173913043,23
reserve10,pv_only,multiple_imputation,3,22,23,0.08591908614045496,0.782608695652174,23
reserve10,pv_only,multiple_imputation,3,23,25,0.058899363165870036,0.84,25
reserve10,pv_only,multiple_imputation,4,0,22,0.04490575658090061,0.9090909090909091,22
reserve10,pv_only,multiple_imputation,4,1,22,0.05237799074440981,0.8636363636363636,22
reserve10,pv_only,multiple_imputation,4,2,20,0.043774439325238404,1.0,20
reserve10,pv_only,multiple_imputation,4,3,17,0.07480780427296511,0.6470588235294118,17
reserve10,pv_only,multiple_imputation,4,4,19,0.06640314152529683,0.8421052631578947,19
reserve10,pv_only,multiple_imputation,4,5,20,0.07833941800894137,0.7,20
reserve10,pv_only,multiple_imputation,4,6,23,0.07408281773804243,0.8260869565217391,23
reserve10,pv_only,multiple_imputation,4,7,21,0.08244911916506059,0.8095238095238095,21
reserve10,pv_only,multiple_imputation,4,8,23,0.07652385462736644,0.8260869565217391,23
reserve10,pv_only,multiple_imputation,4,9,23,0.05770027924465798,0.9130434782608695,23
reserve10,pv_only,multiple_imputation,4,10,23,0.05925113186452384,0.8260869565217391,23
reserve10,pv_only,multiple_imputation,4,11,23,0.08907491379019232,0.6521739130434783,23
reserve10,pv_only,multiple_imputation,4,12,24,0.0779024516662342,0.8333333333333334,24
reserve10,pv_only,multiple_imputation,4,13,21,0.09586113699961277,0.8095238095238095,21
reserve10,pv_only,multiple_imputation,4,14,24,0.07351945181707727,0.8333333333333334,24
reserve10,pv_only,multiple_imputation,4,15,25,0.0781241250909404,0.76,25
reserve10,pv_only,multiple_imputation,4,16,24,0.08720905350005846,0.75,24
reserve10,pv_only,multiple_imputation,4,17,25,0.08329340764342014,0.84,25
reserve10,pv_only,multiple_imputation,4,18,27,0.07888606158956589,0.7777777777777778,27
reserve10,pv_only,multiple_imputation,4,19,27,0.06385643248126908,0.7777777777777778,27
reserve10,pv_only,multiple_imputation,4,20,23,0.07321499438891126,0.8260869565217391,23
reserve10,pv_only,multiple_imputation,4,21,23,0.07692391959499556,0.8260869565217391,23
reserve10,pv_only,multiple_imputation,4,22,25,0.07407536454958166,0.8,25
reserve10,pv_only,multiple_imputation,4,23,25,0.05174193098493341,0.92,25
reserve10,pv_only,persistence,1,0,22,0.06597451341150663,0.9545454545454546,22
reserve10,pv_only,persistence,1,1,24,0.06521940179900083,0.9583333333333334,24
reserve10,pv_only,persistence,1,2,25,0.07434984028044217,0.96,25
reserve10,pv_only,persistence,1,3,22,0.06356772655037299,1.0,22
reserve10,pv_only,persistence,1,4,22,0.0712074788447936,0.9545454545454546,22
reserve10,pv_only,persistence,1,5,20,0.06663373009491921,0.95,20
reserve10,pv_only,persistence,1,6,17,0.0677762805160189,1.0,17
reserve10,pv_only,persistence,1,7,19,0.058792977395665504,0.9473684210526315,19
reserve10,pv_only,persistence,1,8,20,0.06285872854634353,1.0,20
reserve10,pv_only,persistence,1,9,23,0.07292638141526175,0.9130434782608695,23
reserve10,pv_only,persistence,1,10,21,0.05585332606039439,1.0,21
reserve10,pv_only,persistence,1,11,23,0.06944739845182638,0.9565217391304348,23
reserve10,pv_only,persistence,1,12,23,0.08077230918533718,0.8695652173913043,23
reserve10,pv_only,persistence,1,13,23,0.07050322555983807,0.9565217391304348,23
reserve10,pv_only,persistence,1,14,23,0.05337569284785381,1.0,23
reserve10,pv_only,persistence,1,15,24,0.053878118170041456,0.9583333333333334,24
reserve10,pv_only,persistence,1,16,21,0.0699883054089225,0.9523809523809523,21
reserve10,pv_only,persistence,1,17,24,0.06470168353170173,0.9583333333333334,24
reserve10,pv_only,persistence,1,18,25,0.06194420379889455,1.0,25
reserve10,pv_only,persistence,1,19,24,0.06907802229281816,0.9583333333333334,24
reserve10,pv_only,persistence,1,20,25,0.08054192497563775,0.92,25
reserve10,pv_only,persistence,1,21,27,0.06395326135723733,0.9259259259259259,27
reserve10,pv_only,persistence,1,22,27,0.06138140957900289,0.9629629629629629,27
reserve10,pv_only,persistence,1,23,23,0.0710652650382653,0.9565217391304348,23
reserve10,pv_only,persistence,2,0,24,0.089687769781591,1.0,24
reserve10,pv_only,persistence,2,1,25,0.10018972502172618,0.92,25
reserve10,pv_only,persistence,2,2,22,0.12020889793418076,0.9090909090909091,22
reserve10,pv_only,persistence,2,3,22,0.10099899028711058,0.9545454545454546,22
reserve10,pv_only,persistence,2,4,20,0.09607359535496386,0.95,20
reserve10,pv_only,persistence,2,5,17,0.11990538867040566,0.8823529411764706,17
reserve10,pv_only,persistence,2,6,19,0.09157017375604189,0.9473684210526315,19
reserve10,pv_only,persistence,2,7,20,0.08330555424016793,1.0,20
reserve10,pv_only,persistence,2,8,23,0.10545485294481106,1.0,23
reserve10,pv_only,persistence,2,9,21,0.11021421372995627,0.9047619047619048,21
reserve10,pv_only,persistence,2,10,23,0.09096919133117512,1.0,23
reserve10,pv_only,persistence,2,11,23,0.12388716444533791,0.9130434782608695,23
reserve10,pv_only,persistence,2,12,23,0.12682528693627995,0.9130434782608695,23
reserve10,pv_only,persistence,2,13,23,0.09942013031529597,0.8695652173913043,23
reserve10,pv_only,persistence,2,14,24,0.0817559748633034,0.9583333333333334,24
reserve10,pv_only,persistence,2,15,21,0.11878055868711025,0.9523809523809523,21
reserve10,pv_only,persistence,2,16,24,0.10622182401112529,0.9166666666666666,24
reserve10,pv_only,persistence,2,17,25,0.10139525698994473,1.0,25
reserve10,pv_only,persistence,2,18,24,0.10131528471695188,0.9583333333333334,24
reserve10,pv_only,persistence,2,19,25,0.12416258933046344,0.92,25
reserve10,pv_only,persistence,2,20,27,0.1176337904691043,0.8518518518518519,27
reserve10,pv_only,persistence,2,21,27,0.08600369255129597,0.9629629629629629,27
reserve10,pv_only,persistence,2,22,23,0.1145177859930494,0.9130434782608695,23
reserve10,pv_only,persistence,2,23,23,0.09863729034762274,0.9565217391304348,23
reserve10,pv_only,persistence,3,0,25,0.10390710597903911,0.96,25
reserve10,pv_only,persistence,3,1,22,0.1355396780159777,0.9090909090909091,22
reserve10,pv_only,persistence,3,2,22,0.12406021735657756,0.9545454545454546,22
reserve10,pv_only,persistence,3,3,20,0.11561396134579613,1.0,20
reserve10,pv_only,persistence,3,4,17,0.15350425255589736,0.8823529411764706,17
reserve10,pv_only,persistence,3,5,19,0.12095092881232097,0.9473684210526315,19
reserve10,pv_only,persistence,3,6,20,0.11136550530824829,1.0,20
reserve10,pv_only,persistence,3,7,23,0.12201496122601485,0.9565217391304348,23
reserve10,pv_only,persistence,3,8,21,0.13415262133057984,0.9047619047619048,21
reserve10,pv_only,persistence,3,9,23,0.1268270137921704,0.9565217391304348,23
reserve10,pv_only,persistence,3,10,23,0.14448290297138422,0.9565217391304348,23
reserve10,pv_only,persistence,3,11,23,0.14950855879138475,0.9130434782608695,23
reserve10,pv_only,persistence,3,12,23,0.14611859236766583,0.8695652173913043,23
reserve10,pv_only,persistence,3,13,24,0.11239106152485473,0.875,24
reserve10,pv_only,persistence,3,14,21,0.13688822204489087,0.9047619047619048,21
reserve10,pv_only,persistence,3,15,24,0.13810541426638231,0.875,24
reserve10,pv_only,persistence,3,16,25,0.1326614686332058,0.92,25
reserve10,pv_only,persistence,3,17,24,0.1296060528741275,0.9583333333333334,24
reserve10,pv_only,persistence,3,18,25,0.13425141357874149,0.88,25
reserve10,pv_only,persistence,3,19,27,0.15390999026203075,0.8518518518518519,27
reserve10,pv_only,persistence,3,20,27,0.11554394023049729,0.9629629629629629,27
reserve10,pv_only,persistence,3,21,23,0.1306535504818286,0.8695652173913043,23
reserve10,pv_only,persistence,3,22,23,0.13110843564272312,0.9565217391304348,23
reserve10,pv_only,persistence,3,23,25,0.12165824225093537,1.0,25
reserve10,pv_only,persistence,4,0,22,0.13042079643852425,0.9090909090909091,22
reserve10,pv_only,persistence,4,1,22,0.13242577828593652,0.9090909090909091,22
reserve10,pv_only,persistence,4,2,20,0.120544239540338,0.95,20
reserve10,pv_only,persistence,4,3,17,0.1610902399296281,0.8823529411764706,17
reserve10,pv_only,persistence,4,4,19,0.1401220863981382,0.9473684210526315,19
reserve10,pv_only,persistence,4,5,20,0.13362807765263604,0.95,20
reserve10,pv_only,persistence,4,6,23,0.1392156129939598,0.9565217391304348,23
reserve10,pv_only,persistence,4,7,21,0.14344238071603194,0.9523809523809523,21
reserve10,pv_only,persistence,4,8,23,0.1437613369089674,0.9565217391304348,23
reserve10,pv_only,persistence,4,9,23,0.18252375202404056,0.8695652173913043,23
reserve10,pv_only,persistence,4,10,23,0.1580076109146933,0.9565217391304348,23
reserve10,pv_only,persistence,4,11,23,0.15722340273728647,0.9130434782608695,23
reserve10,pv_only,persistence,4,12,24,0.13530718439798575,0.875,24
reserve10,pv_only,persistence,4,13,21,0.1627637422219438,0.9047619047619048,21
reserve10,pv_only,persistence,4,14,24,0.14081812748901643,0.9166666666666666,24
reserve10,pv_only,persistence,4,15,25,0.1492360593426233,0.92,25
reserve10,pv_only,persistence,4,16,24,0.15054708028070082,0.9166666666666666,24
reserve10,pv_only,persistence,4,17,25,0.14637612232706207,0.88,25
reserve10,pv_only,persistence,4,18,27,0.15800837377326624,0.8518518518518519,27
reserve10,pv_only,persistence,4,19,27,0.13714293727706128,0.9259259259259259,27
reserve10,pv_only,persistence,4,20,23,0.16386822605712528,0.8260869565217391,23
reserve10,pv_only,persistence,4,21,23,0.13723325354665777,0.9130434782608695,23
reserve10,pv_only,persistence,4,22,25,0.15269059625410286,0.96,25
reserve10,pv_only,persistence,4,23,25,0.13298453419234693,1.0,25
reserve10,pv_only,physical,1,0,22,0.04401321814581441,0.9090909090909091,22
reserve10,pv_only,physical,1,1,24,0.03836157921551379,0.9166666666666666,24
reserve10,pv_only,physical,1,2,25,0.03951913257158807,0.88,25
reserve10,pv_only,physical,1,3,22,0.02648634317777103,0.9545454545454546,22
reserve10,pv_only,physical,1,4,22,0.029493027876442205,1.0,22
reserve10,pv_only,physical,1,5,20,0.034963036501437186,0.95,20
reserve10,pv_only,physical,1,6,17,0.03701034476601986,1.0,17
reserve10,pv_only,physical,1,7,19,0.035965378918373085,0.9473684210526315,19
reserve10,pv_only,physical,1,8,20,0.044188545907283924,0.95,20
reserve10,pv_only,physical,1,9,23,0.03985766219071964,0.9130434782608695,23
reserve10,pv_only,physical,1,10,21,0.035450090362090056,0.9523809523809523,21
reserve10,pv_only,physical,1,11,23,0.03750592453733222,0.8695652173913043,23
reserve10,pv_only,physical,1,12,23,0.03839654057249684,0.8695652173913043,23
reserve10,pv_only,physical,1,13,23,0.034782156955261406,0.7391304347826086,23
reserve10,pv_only,physical,1,14,23,0.0385371110395265,0.8695652173913043,23
reserve10,pv_only,physical,1,15,24,0.030232642182667538,0.875,24
reserve10,pv_only,physical,1,16,21,0.040374671081083495,0.8571428571428571,21
reserve10,pv_only,physical,1,17,24,0.0279183777290358,1.0,24
reserve10,pv_only,physical,1,18,25,0.037433463089994234,0.88,25
reserve10,pv_only,physical,1,19,24,0.04149364086400215,0.8333333333333334,24
reserve10,pv_only,physical,1,20,25,0.04398557512843825,0.84,25
reserve10,pv_only,physical,1,21,27,0.02645359845646223,0.9629629629629629,27
reserve10,pv_only,physical,1,22,27,0.038919305210087,0.9259259259259259,27
reserve10,pv_only,physical,1,23,23,0.0458119642622667,0.8260869565217391,23
reserve10,pv_only,physical,2,0,24,0.047271314905766325,0.9583333333333334,24
reserve10,pv_only,physical,2,1,25,0.045886150359844606,1.0,25
reserve10,pv_only,physical,2,2,22,0.04532793855735429,0.9090909090909091,22
reserve10,pv_only,physical,2,3,22,0.040494173946978344,1.0,22
reserve10,pv_only,physical,2,4,20,0.03854685457028763,0.95,20
reserve10,pv_only,physical,2,5,17,0.06011160448585694,1.0,17
reserve10,pv_only,physical,2,6,19,0.04573723961583855,1.0,19
reserve10,pv_only,physical,2,7,20,0.05403665812002508,0.95,20
reserve10,pv_only,physical,2,8,23,0.05587481536377408,0.9130434782608695,23
reserve10,pv_only,physical,2,9,21,0.05351353324937518,0.9523809523809523,21
reserve10,pv_only,physical,2,10,23,0.05056208069129006,0.9565217391304348,23
reserve10,pv_only,physical,2,11,23,0.05004380476670671,0.9565217391304348,23
reserve10,pv_only,physical,2,12,23,0.04854966831130938,0.8260869565217391,23
reserve10,pv_only,physical,2,13,23,0.05535717183832312,0.782608695652174,23
reserve10,pv_only,physical,2,14,24,0.051929677989620844,0.875,24
reserve10,pv_only,physical,2,15,21,0.06369035692921264,0.8571428571428571,21
reserve10,pv_only,physical,2,16,24,0.05074679298867426,0.7916666666666666,24
reserve10,pv_only,physical,2,17,25,0.049780298094071224,0.92,25
reserve10,pv_only,physical,2,18,24,0.06205355703699875,0.7916666666666666,24
reserve10,pv_only,physical,2,19,25,0.05638625450129128,0.92,25
reserve10,pv_only,physical,2,20,27,0.04919714307024291,0.9259259259259259,27
reserve10,pv_only,physical,2,21,27,0.0430201933240299,0.9629629629629629,27
reserve10,pv_only,physical,2,22,23,0.06316945062678775,0.8260869565217391,23
reserve10,pv_only,physical,2,23,23,0.06596445008533187,0.8695652173913043,23
reserve10,pv_only,physical,3,0,25,0.04341487893841938,0.96,25
reserve10,pv_only,physical,3,1,22,0.04678560187170599,1.0,22
reserve10,pv_only,physical,3,2,22,0.0451137030266739,1.0,22
reserve10,pv_only,physical,3,3,20,0.042639118225359325,0.95,20
reserve10,pv_only,physical,3,4,17,0.05851737444684386,1.0,17
reserve10,pv_only,physical,3,5,19,0.057395609040566474,0.9473684210526315,19
reserve10,pv_only,physical,3,6,20,0.0582685893579003,0.9,20
reserve10,pv_only,physical,3,7,23,0.05851477294090592,0.9130434782608695,23
reserve10,pv_only,physical,3,8,21,0.06762587893512235,0.9523809523809523,21
reserve10,pv_only,physical,3,9,23,0.054479677084621765,0.8695652173913043,23
reserve10,pv_only,physical,3,10,23,0.053057621916471016,0.9130434782608695,23
reserve10,pv_only,physical,3,11,23,0.05650435189423906,0.8260869565217391,23
reserve10,pv_only,physical,3,12,23,0.06374619971042547,0.782608695652174,23
reserve10,pv_only,physical,3,13,24,0.057750133910929397,0.875,24
reserve10,pv_only,physical,3,14,21,0.07287789654965939,0.8095238095238095,21
reserve10,pv_only,physical,3,15,24,0.05973863571014548,0.8333333333333334,24
reserve10,pv_only,physical,3,16,25,0.061408624177369114,0.8,25
reserve10,pv_only,physical,3,17,24,0.071591976397471,0.8333333333333334,24
reserve10,pv_only,physical,3,18,25,0.06607181642566737,0.84,25
reserve10,pv_only,physical,3,19,27,0.05492616280920057,0.8518518518518519,27
reserve10,pv_only,physical,3,20,27,0.05309663079989714,0.8888888888888888,27
reserve10,pv_only,physical,3,21,23,0.0604483757393264,0.8695652173913043,23
reserve10,pv_only,physical,3,22,23,0.07083970693851867,0.9130434782608695,23
reserve10,pv_only,physical,3,23,25,0.053059800378624296,0.84,25
reserve10,pv_only,physical,4,0,22,0.04342097626319664,1.0,22
reserve10,pv_only,physical,4,1,22,0.04621288019208829,1.0,22
reserve10,pv_only,physical,4,2,20,0.044845160330661965,0.95,20
reserve10,pv_only,physical,4,3,17,0.05997122861766149,1.0,17
reserve10,pv_only,physical,4,4,19,0.0617064081936153,1.0,19
reserve10,pv_only,physical,4,5,20,0.06256608286819806,0.9,20
reserve10,pv_only,physical,4,6,23,0.05828454661219733,0.9130434782608695,23
reserve10,pv_only,physical,4,7,21,0.07024209955611539,0.8571428571428571,21
reserve10,pv_only,physical,4,8,23,0.06181836321431329,0.8695652173913043,23
reserve10,pv_only,physical,4,9,23,0.05602658926105266,0.9130434782608695,23
reserve10,pv_only,physical,4,10,23,0.055429540121351505,0.8260869565217391,23
reserve10,pv_only,physical,4,11,23,0.0657581501745495,0.8260869565217391,23
reserve10,pv_only,physical,4,12,24,0.06031496051056029,0.875,24
reserve10,pv_only,physical,4,13,21,0.08109172532526578,0.8095238095238095,21
reserve10,pv_only,physical,4,14,24,0.06396080952219575,0.7916666666666666,24
reserve10,pv_only,physical,4,15,25,0.06818090002109087,0.8,25
reserve10,pv_only,physical,4,16,24,0.07860306934700804,0.7916666666666666,24
reserve10,pv_only,physical,4,17,25,0.0694959055132586,0.88,25
reserve10,pv_only,physical,4,18,27,0.05707652322029415,0.8888888888888888,27
reserve10,pv_only,physical,4,19,27,0.05371100972325812,0.8888888888888888,27
reserve10,pv_only,physical,4,20,23,0.06273386935157342,0.9130434782608695,23
reserve10,pv_only,physical,4,21,23,0.07116952848750205,0.8260869565217391,23
reserve10,pv_only,physical,4,22,25,0.05550727299469088,0.88,25
reserve10,pv_only,physical,4,23,25,0.046422186401699025,0.96,25
reserve10,pv_only,physical_availability,1,0,22,0.04398105036316266,0.9090909090909091,22
reserve10,pv_only,physical_availability,1,1,24,0.03831644003589166,0.9166666666666666,24
reserve10,pv_only,physical_availability,1,2,25,0.03940771959035734,0.88,25
reserve10,pv_only,physical_availability,1,3,22,0.0265562319399368,0.9545454545454546,22
reserve10,pv_only,physical_availability,1,4,22,0.029551656291983086,1.0,22
reserve10,pv_only,physical_availability,1,5,20,0.03499566117916991,0.95,20
reserve10,pv_only,physical_availability,1,6,17,0.037044181105487774,1.0,17
reserve10,pv_only,physical_availability,1,7,19,0.03599433082942475,0.9473684210526315,19
reserve10,pv_only,physical_availability,1,8,20,0.04411541645499472,0.95,20
reserve10,pv_only,physical_availability,1,9,23,0.03979230661953099,0.9130434782608695,23
reserve10,pv_only,physical_availability,1,10,21,0.03550438064924678,0.9523809523809523,21
reserve10,pv_only,physical_availability,1,11,23,0.037377451243891475,0.8695652173913043,23
reserve10,pv_only,physical_availability,1,12,23,0.03825411615057284,0.8695652173913043,23
reserve10,pv_only,physical_availability,1,13,23,0.03480791802112844,0.7391304347826086,23
reserve10,pv_only,physical_availability,1,14,23,0.03841032658615767,0.8695652173913043,23
reserve10,pv_only,physical_availability,1,15,24,0.030229390411069337,0.875,24
reserve10,pv_only,physical_availability,1,16,21,0.04007187270134629,0.9047619047619048,21
reserve10,pv_only,physical_availability,1,17,24,0.027868314961248503,1.0,24
reserve10,pv_only,physical_availability,1,18,25,0.03731537134217567,0.92,25
reserve10,pv_only,physical_availability,1,19,24,0.04191086467090901,0.875,24
reserve10,pv_only,physical_availability,1,20,25,0.04417759978139034,0.88,25
reserve10,pv_only,physical_availability,1,21,27,0.02657429688702663,0.9629629629629629,27
reserve10,pv_only,physical_availability,1,22,27,0.038833902468140474,0.9259259259259259,27
reserve10,pv_only,physical_availability,1,23,23,0.045642818249314765,0.8260869565217391,23
reserve10,pv_only,physical_availability,2,0,24,0.04729165181803244,1.0,24
reserve10,pv_only,physical_availability,2,1,25,0.0458321777961158,1.0,25
reserve10,pv_only,physical_availability,2,2,22,0.045153015659578764,0.9090909090909091,22
reserve10,pv_only,physical_availability,2,3,22,0.040543168237584075,1.0,22
reserve10,pv_only,physical_availability,2,4,20,0.03854068571713477,0.95,20
reserve10,pv_only,physical_availability,2,5,17,0.06007000589752698,1.0,17
reserve10,pv_only,physical_availability,2,6,19,0.04568371295640936,1.0,19
reserve10,pv_only,physical_availability,2,7,20,0.05385584022790727,0.95,20
reserve10,pv_only,physical_availability,2,8,23,0.05575022919651347,0.9130434782608695,23
reserve10,pv_only,physical_availability,2,9,21,0.053475700308166646,0.9523809523809523,21
reserve10,pv_only,physical_availability,2,10,23,0.050626526207842,0.9565217391304348,23
reserve10,pv_only,physical_availability,2,11,23,0.05000835500904397,0.9565217391304348,23
reserve10,pv_only,physical_availability,2,12,23,0.04831342030648518,0.8260869565217391,23
reserve10,pv_only,physical_availability,2,13,23,0.05514448038770969,0.782608695652174,23
reserve10,pv_only,physical_availability,2,14,24,0.0517206996392216,0.875,24
reserve10,pv_only,physical_availability,2,15,21,0.06346657946380775,0.8571428571428571,21
reserve10,pv_only,physical_availability,2,16,24,0.05046276658793189,0.7916666666666666,24
reserve10,pv_only,physical_availability,2,17,25,0.04919952147850387,0.92,25
reserve10,pv_only,physical_availability,2,18,24,0.061722432108151946,0.7916666666666666,24
reserve10,pv_only,physical_availability,2,19,25,0.05647021395895114,0.92,25
reserve10,pv_only,physical_availability,2,20,27,0.049492018642354654,0.8888888888888888,27
reserve10,pv_only,physical_availability,2,21,27,0.04308824817153978,0.9259259259259259,27
reserve10,pv_only,physical_availability,2,22,23,0.06278869814555808,0.9130434782608695,23
reserve10,pv_only,physical_availability,2,23,23,0.06580106416441107,0.8695652173913043,23
reserve10,pv_only,physical_availability,3,0,25,0.04357038366862732,0.96,25
reserve10,pv_only,physical_availability,3,1,22,0.04678224532330665,1.0,22
reserve10,pv_only,physical_availability,3,2,22,0.04501926619762109,1.0,22
reserve10,pv_only,physical_availability,3,3,20,0.04261244074608027,0.95,20
reserve10,pv_only,physical_availability,3,4,17,0.05835999654391712,1.0,17
reserve10,pv_only,physical_availability,3,5,19,0.05737402606768815,0.9473684210526315,19
reserve10,pv_only,physical_availability,3,6,20,0.058423096153994394,0.9,20
reserve10,pv_only,physical_availability,3,7,23,0.05844440082570846,0.9130434782608695,23
reserve10,pv_only,physical_availability,3,8,21,0.06748658488995744,0.9523809523809523,21
reserve10,pv_only,physical_availability,3,9,23,0.05438794788473534,0.8695652173913043,23
reserve10,pv_only,physical_availability,3,10,23,0.05285034564053008,0.9130434782608695,23
reserve10,pv_only,physical_availability,3,11,23,0.056343131008915276,0.8260869565217391,23
reserve10,pv_only,physical_availability,3,12,23,0.06347578157462518,0.782608695652174,23
reserve10,pv_only,physical_availability,3,13,24,0.05789026184925545,0.8333333333333334,24
reserve10,pv_only,physical_availability,3,14,21,0.07273151608267694,0.8095238095238095,21
reserve10,pv_only,physical_availability,3,15,24,0.05971504363319203,0.8333333333333334,24
reserve10,pv_only,physical_availability,3,16,25,0.060959107727342456,0.8,25
reserve10,pv_only,physical_availability,3,17,24,0.07141806630324742,0.8333333333333334,24
reserve10,pv_only,physical_availability,3,18,25,0.06633844513357909,0.92,25
reserve10,pv_only,physical_availability,3,19,27,0.05533645881736325,0.8888888888888888,27
reserve10,pv_only,physical_availability,3,20,27,0.05301646841945359,0.8518518518518519,27
reserve10,pv_only,physical_availability,3,21,23,0.0603107838988005,0.8695652173913043,23
reserve10,pv_only,physical_availability,3,22,23,0.07101029814546035,0.8695652173913043,23
reserve10,pv_only,physical_availability,3,23,25,0.05301736457706673,0.84,25
reserve10,pv_only,physical_availability,4,0,22,0.04361531273331693,1.0,22
reserve10,pv_only,physical_availability,4,1,22,0.04614701496798478,1.0,22
reserve10,pv_only,physical_availability,4,2,20,0.04476399434569122,0.95,20
reserve10,pv_only,physical_availability,4,3,17,0.05989678416901453,1.0,17
reserve10,pv_only,physical_availability,4,4,19,0.06158922171114414,1.0,19
reserve10,pv_only,physical_availability,4,5,20,0.06233262661800585,0.9,20
reserve10,pv_only,physical_availability,4,6,23,0.058446167840578885,0.9130434782608695,23
reserve10,pv_only,physical_availability,4,7,21,0.07007137270588465,0.8571428571428571,21
reserve10,pv_only,physical_availability,4,8,23,0.06171463812380459,0.8695652173913043,23
reserve10,pv_only,physical_availability,4,9,23,0.055929125824878544,0.9130434782608695,23
reserve10,pv_only,physical_availability,4,10,23,0.0555035951968157,0.782608695652174,23
reserve10,pv_only,physical_availability,4,11,23,0.06565150427859998,0.8260869565217391,23
reserve10,pv_only,physical_availability,4,12,24,0.05998234524111784,0.875,24
reserve10,pv_only,physical_availability,4,13,21,0.08092106173191002,0.8095238095238095,21
reserve10,pv_only,physical_availability,4,14,24,0.06379047654499316,0.8333333333333334,24
reserve10,pv_only,physical_availability,4,15,25,0.06785860265705324,0.8,25
reserve10,pv_only,physical_availability,4,16,24,0.07837617635013945,0.7916666666666666,24
reserve10,pv_only,physical_availability,4,17,25,0.06977940784909395,0.88,25
reserve10,pv_only,physical_availability,4,18,27,0.05738151310822016,0.8518518518518519,27
reserve10,pv_only,physical_availability,4,19,27,0.05372870219401579,0.8888888888888888,27
reserve10,pv_only,physical_availability,4,20,23,0.06288163327760353,0.9130434782608695,23
reserve10,pv_only,physical_availability,4,21,23,0.07095799976231508,0.8260869565217391,23
reserve10,pv_only,physical_availability,4,22,25,0.055642499288866644,0.84,25
reserve10,pv_only,physical_availability,4,23,25,0.04652555667574948,0.96,25
reserve10,pv_only,physical_recovery,1,0,22,0.04393434885600775,0.9090909090909091,22
reserve10,pv_only,physical_recovery,1,1,24,0.03834089949033482,0.9166666666666666,24
reserve10,pv_only,physical_recovery,1,2,25,0.039609459098741445,0.88,25
reserve10,pv_only,physical_recovery,1,3,22,0.026352890542868313,0.9545454545454546,22
reserve10,pv_only,physical_recovery,1,4,22,0.029574767594098675,1.0,22
reserve10,pv_only,physical_recovery,1,5,20,0.03501049001238646,0.95,20
reserve10,pv_only,physical_recovery,1,6,17,0.036859922019777724,1.0,17
reserve10,pv_only,physical_recovery,1,7,19,0.035905050032422815,0.9473684210526315,19
reserve10,pv_only,physical_recovery,1,8,20,0.044219435079506,0.95,20
reserve10,pv_only,physical_recovery,1,9,23,0.039887035949759723,0.9130434782608695,23
reserve10,pv_only,physical_recovery,1,10,21,0.03540495573454422,0.9523809523809523,21
reserve10,pv_only,physical_recovery,1,11,23,0.03745135762129262,0.8260869565217391,23
reserve10,pv_only,physical_recovery,1,12,23,0.03834917870522094,0.8695652173913043,23
reserve10,pv_only,physical_recovery,1,13,23,0.03484719638829599,0.7391304347826086,23
reserve10,pv_only,physical_recovery,1,14,23,0.038380934779918746,0.8695652173913043,23
reserve10,pv_only,physical_recovery,1,15,24,0.030238520698805397,0.875,24
reserve10,pv_only,physical_recovery,1,16,21,0.04002439303725129,0.9047619047619048,21
reserve10,pv_only,physical_recovery,1,17,24,0.027896866691499007,1.0,24
reserve10,pv_only,physical_recovery,1,18,25,0.03734294039041157,0.92,25
reserve10,pv_only,physical_recovery,1,19,24,0.04216436307623377,0.875,24
reserve10,pv_only,physical_recovery,1,20,25,0.044130606504096066,0.84,25
reserve10,pv_only,physical_recovery,1,21,27,0.026632119599000408,0.9629629629629629,27
reserve10,pv_only,physical_recovery,1,22,27,0.03891687142025497,0.9259259259259259,27
reserve10,pv_only,physical_recovery,1,23,23,0.04568868443205511,0.8695652173913043,23
reserve10,pv_only,physical_recovery,2,0,24,0.047165077638487235,0.9583333333333334,24
reserve10,pv_only,physical_recovery,2,1,25,0.045907284440593665,1.0,25
reserve10,pv_only,physical_recovery,2,2,22,0.04499020879931154,0.9090909090909091,22
reserve10,pv_only,physical_recovery,2,3,22,0.04022975957288038,1.0,22
reserve10,pv_only,physical_recovery,2,4,20,0.03813849236016488,0.95,20
reserve10,pv_only,physical_recovery,2,5,17,0.05995204951561351,1.0,17
reserve10,pv_only,physical_recovery,2,6,19,0.04564181220590821,1.0,19
reserve10,pv_only,physical_recovery,2,7,20,0.054232971590099266,0.95,20
reserve10,pv_only,physical_recovery,2,8,23,0.05598037871273682,0.9130434782608695,23
reserve10,pv_only,physical_recovery,2,9,21,0.05339061238925241,0.9523809523809523,21
reserve10,pv_only,physical_recovery,2,10,23,0.05065648076229142,0.9130434782608695,23
reserve10,pv_only,physical_recovery,2,11,23,0.04996775400543574,0.9565217391304348,23
reserve10,pv_only,physical_recovery,2,12,23,0.048163490433227464,0.9130434782608695,23
reserve10,pv_only,physical_recovery,2,13,23,0.05532880643492606,0.782608695652174,23
reserve10,pv_only,physical_recovery,2,14,24,0.0518753196617582,0.875,24
reserve10,pv_only,physical_recovery,2,15,21,0.06360492188119993,0.8571428571428571,21
reserve10,pv_only,physical_recovery,2,16,24,0.050457139522867345,0.7916666666666666,24
reserve10,pv_only,physical_recovery,2,17,25,0.049310930231596224,0.92,25
reserve10,pv_only,physical_recovery,2,18,24,0.061823768638165216,0.7916666666666666,24
reserve10,pv_only,physical_recovery,2,19,25,0.05657740640367657,0.92,25
reserve10,pv_only,physical_recovery,2,20,27,0.04949058676882392,0.8888888888888888,27
reserve10,pv_only,physical_recovery,2,21,27,0.04312498919229872,0.9259259259259259,27
reserve10,pv_only,physical_recovery,2,22,23,0.06286849398890705,0.9130434782608695,23
reserve10,pv_only,physical_recovery,2,23,23,0.06589134055524723,0.8695652173913043,23
reserve10,pv_only,physical_recovery,3,0,25,0.04332283894005819,0.96,25
reserve10,pv_only,physical_recovery,3,1,22,0.046424173592510026,1.0,22
reserve10,pv_only,physical_recovery,3,2,22,0.04474190386291894,0.9545454545454546,22
reserve10,pv_only,physical_recovery,3,3,20,0.042091224674607346,0.95,20
reserve10,pv_only,physical_recovery,3,4,17,0.058221207211239315,1.0,17
reserve10,pv_only,physical_recovery,3,5,19,0.057438043215540344,0.9473684210526315,19
reserve10,pv_only,physical_recovery,3,6,20,0.058528372145922714,0.9,20
reserve10,pv_only,physical_recovery,3,7,23,0.058797232560959915,0.9130434782608695,23
reserve10,pv_only,physical_recovery,3,8,21,0.06808913679230198,0.9523809523809523,21
reserve10,pv_only,physical_recovery,3,9,23,0.05485599043437673,0.8695652173913043,23
reserve10,pv_only,physical_recovery,3,10,23,0.05309318866831411,0.9130434782608695,23
reserve10,pv_only,physical_recovery,3,11,23,0.056215282655376696,0.8260869565217391,23
reserve10,pv_only,physical_recovery,3,12,23,0.06342035644076331,0.782608695652174,23
reserve10,pv_only,physical_recovery,3,13,24,0.05791511877592073,0.8333333333333334,24
reserve10,pv_only,physical_recovery,3,14,21,0.07287144715568739,0.8095238095238095,21
reserve10,pv_only,physical_recovery,3,15,24,0.05976596271692589,0.8333333333333334,24
reserve10,pv_only,physical_recovery,3,16,25,0.061099267003236465,0.8,25
reserve10,pv_only,physical_recovery,3,17,24,0.0715695551946157,0.8333333333333334,24
reserve10,pv_only,physical_recovery,3,18,25,0.06627277161904434,0.92,25
reserve10,pv_only,physical_recovery,3,19,27,0.05536790661253956,0.8888888888888888,27
reserve10,pv_only,physical_recovery,3,20,27,0.05289618830822263,0.8518518518518519,27
reserve10,pv_only,physical_recovery,3,21,23,0.06027805529148031,0.9130434782608695,23
reserve10,pv_only,physical_recovery,3,22,23,0.07098239256443639,0.8695652173913043,23
reserve10,pv_only,physical_recovery,3,23,25,0.053030882696505036,0.84,25
reserve10,pv_only,physical_recovery,4,0,22,0.04317667667863674,1.0,22
reserve10,pv_only,physical_recovery,4,1,22,0.04573284268428366,1.0,22
reserve10,pv_only,physical_recovery,4,2,20,0.04433672916619676,0.95,20
reserve10,pv_only,physical_recovery,4,3,17,0.05968458489813654,1.0,17
reserve10,pv_only,physical_recovery,4,4,19,0.06144019423666024,1.0,19
reserve10,pv_only,physical_recovery,4,5,20,0.06290800905595373,0.9,20
reserve10,pv_only,physical_recovery,4,6,23,0.058732367794147276,0.9130434782608695,23
reserve10,pv_only,physical_recovery,4,7,21,0.07091235544783443,0.8571428571428571,21
reserve10,pv_only,physical_recovery,4,8,23,0.06260896465620433,0.8695652173913043,23
reserve10,pv_only,physical_recovery,4,9,23,0.05644529107202276,0.9130434782608695,23
reserve10,pv_only,physical_recovery,4,10,23,0.055682113034480424,0.8260869565217391,23
reserve10,pv_only,physical_recovery,4,11,23,0.06580232812527503,0.782608695652174,23
reserve10,pv_only,physical_recovery,4,12,24,0.06002070604470197,0.875,24
reserve10,pv_only,physical_recovery,4,13,21,0.08108009949190978,0.8095238095238095,21
reserve10,pv_only,physical_recovery,4,14,24,0.06386153296249063,0.8333333333333334,24
reserve10,pv_only,physical_recovery,4,15,25,0.06817677036241478,0.8,25
reserve10,pv_only,physical_recovery,4,16,24,0.07863105793474957,0.7916666666666666,24
reserve10,pv_only,physical_recovery,4,17,25,0.06981765645121539,0.88,25
reserve10,pv_only,physical_recovery,4,18,27,0.057258624785787485,0.8518518518518519,27
reserve10,pv_only,physical_recovery,4,19,27,0.05365732576245051,0.8888888888888888,27
reserve10,pv_only,physical_recovery,4,20,23,0.0628661566915694,0.9130434782608695,23
reserve10,pv_only,physical_recovery,4,21,23,0.0708259105810236,0.8260869565217391,23
reserve10,pv_only,physical_recovery,4,22,25,0.05565074898700503,0.88,25
reserve10,pv_only,physical_recovery,4,23,25,0.04648062332313646,0.96,25
reserve10,pv_only,previous_day,1,0,22,0.11485004220079623,0.8636363636363636,22
reserve10,pv_only,previous_day,1,1,24,0.10164339782606113,0.8333333333333334,24
reserve10,pv_only,previous_day,1,2,25,0.06158620831652211,0.92,25
reserve10,pv_only,previous_day,1,3,22,0.060636821887576346,0.9545454545454546,22
reserve10,pv_only,previous_day,1,4,22,0.06765177776377937,0.9090909090909091,22
reserve10,pv_only,previous_day,1,5,20,0.08421418638556546,0.9,20
reserve10,pv_only,previous_day,1,6,17,0.07931045802746722,0.9411764705882353,17
reserve10,pv_only,previous_day,1,7,19,0.07275028114141939,1.0,19
reserve10,pv_only,previous_day,1,8,20,0.10859215836256378,0.85,20
reserve10,pv_only,previous_day,1,9,23,0.11933918342692622,0.782608695652174,23
reserve10,pv_only,previous_day,1,10,21,0.13354706831787538,0.8095238095238095,21
reserve10,pv_only,previous_day,1,11,23,0.1009652564531481,0.8695652173913043,23
reserve10,pv_only,previous_day,1,12,23,0.06789393215439218,0.9565217391304348,23
reserve10,pv_only,previous_day,1,13,23,0.09561715786281796,0.8260869565217391,23
reserve10,pv_only,previous_day,1,14,23,0.12437140596500203,0.782608695652174,23
reserve10,pv_only,previous_day,1,15,24,0.09982907211380827,0.8333333333333334,24
reserve10,pv_only,previous_day,1,16,21,0.12070648446022128,0.8571428571428571,21
reserve10,pv_only,previous_day,1,17,24,0.09843622837454384,0.8333333333333334,24
reserve10,pv_only,previous_day,1,18,25,0.10493727108651361,0.92,25
reserve10,pv_only,previous_day,1,19,24,0.1499379692073324,0.75,24
reserve10,pv_only,previous_day,1,20,25,0.11901883006394133,0.88,25
reserve10,pv_only,previous_day,1,21,27,0.09871788413128307,0.9259259259259259,27
reserve10,pv_only,previous_day,1,22,27,0.1086891351635015,0.8518518518518519,27
reserve10,pv_only,previous_day,1,23,23,0.1468973246919458,0.782608695652174,23
reserve10,pv_only,previous_day,2,0,24,0.10024816425409226,0.8333333333333334,24
reserve10,pv_only,previous_day,2,1,25,0.06116758583792517,0.92,25
reserve10,pv_only,previous_day,2,2,22,0.06120817800046865,1.0,22
reserve10,pv_only,previous_day,2,3,22,0.0678200677709976,0.9090909090909091,22
reserve10,pv_only,previous_day,2,4,20,0.08338120453018708,0.95,20
reserve10,pv_only,previous_day,2,5,17,0.0794813115566539,0.9411764705882353,17
reserve10,pv_only,previous_day,2,6,19,0.07344441257286631,1.0,19
reserve10,pv_only,previous_day,2,7,20,0.10790499815773809,0.85,20
reserve10,pv_only,previous_day,2,8,23,0.11829739311691254,0.782608695652174,23
reserve10,pv_only,previous_day,2,9,21,0.132541627562004,0.8095238095238095,21
reserve10,pv_only,previous_day,2,10,23,0.09991391571072722,0.9130434782608695,23
reserve10,pv_only,previous_day,2,11,23,0.06840602599970423,0.9565217391304348,23
reserve10,pv_only,previous_day,2,12,23,0.09545146112013826,0.8260869565217391,23
reserve10,pv_only,previous_day,2,13,23,0.12388319219408551,0.782608695652174,23
reserve10,pv_only,previous_day,2,14,24,0.09946609912439325,0.8333333333333334,24
reserve10,pv_only,previous_day,2,15,21,0.12030957744429764,0.8571428571428571,21
reserve10,pv_only,previous_day,2,16,24,0.09846197919051604,0.8333333333333334,24
reserve10,pv_only,previous_day,2,17,25,0.10437319056802721,0.92,25
reserve10,pv_only,previous_day,2,18,24,0.14718421792990893,0.7916666666666666,24
reserve10,pv_only,previous_day,2,19,25,0.11785176869364371,0.88,25
reserve10,pv_only,previous_day,2,20,27,0.09776534090620276,0.9259259259259259,27
reserve10,pv_only,previous_day,2,21,27,0.10771102376645565,0.8888888888888888,27
reserve10,pv_only,previous_day,2,22,23,0.14492694504270184,0.782608695652174,23
reserve10,pv_only,previous_day,2,23,23,0.14422516137378458,0.8260869565217391,23
reserve10,pv_only,previous_day,3,0,25,0.055541666992091836,0.96,25
reserve10,pv_only,previous_day,3,1,22,0.061769907127106526,1.0,22
reserve10,pv_only,previous_day,3,2,22,0.0676920599379638,0.9545454545454546,22
reserve10,pv_only,previous_day,3,3,20,0.08278392230782312,0.95,20
reserve10,pv_only,previous_day,3,4,17,0.07960190957920668,0.9411764705882353,17
reserve10,pv_only,previous_day,3,5,19,0.07448067850675796,1.0,19
reserve10,pv_only,previous_day,3,6,20,0.10682652893909439,0.9,20
reserve10,pv_only,previous_day,3,7,23,0.11691190301066623,0.782608695652174,23
reserve10,pv_only,previous_day,3,8,21,0.13123385745464855,0.8095238095238095,21
reserve10,pv_only,previous_day,3,9,23,0.09876766535714285,0.9130434782608695,23
reserve10,pv_only,previous_day,3,10,23,0.0690767488144225,0.9565217391304348,23
reserve10,pv_only,previous_day,3,11,23,0.09558520094665039,0.9130434782608695,23
reserve10,pv_only,previous_day,3,12,23,0.12366250744445059,0.782608695652174,23
reserve10,pv_only,previous_day,3,13,24,0.09905724386479592,0.8333333333333334,24
reserve10,pv_only,previous_day,3,14,21,0.12020484309908486,0.9047619047619048,21
reserve10,pv_only,previous_day,3,15,24,0.09848200081880669,0.8333333333333334,24
reserve10,pv_only,previous_day,3,16,25,0.10470380374226192,0.92,25
reserve10,pv_only,previous_day,3,17,24,0.1459663507212833,0.7916666666666666,24
reserve10,pv_only,previous_day,3,18,25,0.11753177390569727,0.88,25
reserve10,pv_only,previous_day,3,19,27,0.09738344377015622,0.9259259259259259,27
reserve10,pv_only,previous_day,3,20,27,0.10732353967576845,0.8888888888888888,27
reserve10,pv_only,previous_day,3,21,23,0.14343596269733436,0.8695652173913043,23
reserve10,pv_only,previous_day,3,22,23,0.1438386398636683,0.8260869565217391,23
reserve10,pv_only,previous_day,3,23,25,0.09481319127040816,0.88,25
reserve10,pv_only,previous_day,4,0,22,0.06206411436253479,1.0,22
reserve10,pv_only,previous_day,4,1,22,0.06780591458207715,0.9545454545454546,22
reserve10,pv_only,previous_day,4,2,20,0.0823161644870323,1.0,20
reserve10,pv_only,previous_day,4,3,17,0.07974886749699879,0.9411764705882353,17
reserve10,pv_only,previous_day,4,4,19,0.07509183449773989,1.0,19
reserve10,pv_only,previous_day,4,5,20,0.10618844213520409,0.9,20
reserve10,pv_only,previous_day,4,6,23,0.1162001280066918,0.782608695652174,23
reserve10,pv_only,previous_day,4,7,21,0.1307674619871639,0.8095238095238095,21
reserve10,pv_only,previous_day,4,8,23,0.09809231945522774,0.9130434782608695,23
reserve10,pv_only,previous_day,4,9,23,0.06954242765417037,0.9565217391304348,23
reserve10,pv_only,previous_day,4,10,23,0.09595218167396849,0.9130434782608695,23
reserve10,pv_only,previous_day,4,11,23,0.12384161814339321,0.782608695652174,23
reserve10,pv_only,previous_day,4,12,24,0.09892915942327452,0.8333333333333334,24
reserve10,pv_only,previous_day,4,13,21,0.12036109875253077,0.9047619047619048,21
reserve10,pv_only,previous_day,4,14,24,0.09868686699192177,0.8333333333333334,24
reserve10,pv_only,previous_day,4,15,25,0.10496448113265305,0.92,25
reserve10,pv_only,previous_day,4,16,24,0.1453863058550347,0.7916666666666666,24
reserve10,pv_only,previous_day,4,17,25,0.11749681972517007,0.88,25
reserve10,pv_only,previous_day,4,18,27,0.0973540059435626,0.9629629629629629,27
reserve10,pv_only,previous_day,4,19,27,0.10707656461388258,0.8888888888888888,27
reserve10,pv_only,previous_day,4,20,23,0.14286388311363132,0.8695652173913043,23
reserve10,pv_only,previous_day,4,21,23,0.14376529775981586,0.8260869565217391,23
reserve10,pv_only,previous_day,4,22,25,0.09173552932083333,0.88,25
reserve10,pv_only,previous_day,4,23,25,0.06477414860442175,0.96,25
reserve10,pv_only,raw,1,0,22,0.0440717711763579,0.9090909090909091,22
reserve10,pv_only,raw,1,1,24,0.03805728555342122,0.875,24
reserve10,pv_only,raw,1,2,25,0.039920839346856,0.88,25
reserve10,pv_only,raw,1,3,22,0.025987703499513938,0.9545454545454546,22
reserve10,pv_only,raw,1,4,22,0.029044664361979822,0.9545454545454546,22
reserve10,pv_only,raw,1,5,20,0.03504758880366088,0.95,20
reserve10,pv_only,raw,1,6,17,0.03726099470814462,0.9411764705882353,17
reserve10,pv_only,raw,1,7,19,0.035578479836152734,0.9473684210526315,19
reserve10,pv_only,raw,1,8,20,0.044583362932960516,0.95,20
reserve10,pv_only,raw,1,9,23,0.040131818605830726,0.9130434782608695,23
reserve10,pv_only,raw,1,10,21,0.03500872022508125,0.9523809523809523,21
reserve10,pv_only,raw,1,11,23,0.0383486463025318,0.8695652173913043,23
reserve10,pv_only,raw,1,12,23,0.03879191136411209,0.8260869565217391,23
reserve10,pv_only,raw,1,13,23,0.03551504321551406,0.7391304347826086,23
reserve10,pv_only,raw,1,14,23,0.03879599800783839,0.782608695652174,23
reserve10,pv_only,raw,1,15,24,0.03051588419437276,0.7916666666666666,24
reserve10,pv_only,raw,1,16,21,0.040963088336468514,0.8095238095238095,21
reserve10,pv_only,raw,1,17,24,0.028338635112972563,0.875,24
reserve10,pv_only,raw,1,18,25,0.03769055507983449,0.8,25
reserve10,pv_only,raw,1,19,24,0.04149650712672095,0.8333333333333334,24
reserve10,pv_only,raw,1,20,25,0.04449897689559559,0.76,25
reserve10,pv_only,raw,1,21,27,0.026325937498417253,0.9259259259259259,27
reserve10,pv_only,raw,1,22,27,0.03926774599146205,0.7777777777777778,27
reserve10,pv_only,raw,1,23,23,0.04616637170369358,0.782608695652174,23
reserve10,pv_only,raw,2,0,24,0.04715352290546803,0.9166666666666666,24
reserve10,pv_only,raw,2,1,25,0.04546602110210804,1.0,25
reserve10,pv_only,raw,2,2,22,0.044737080650711886,0.8636363636363636,22
reserve10,pv_only,raw,2,3,22,0.04004513552844793,0.9545454545454546,22
reserve10,pv_only,raw,2,4,20,0.03706173349930454,0.9,20
reserve10,pv_only,raw,2,5,17,0.06004512948999697,0.9411764705882353,17
reserve10,pv_only,raw,2,6,19,0.04575064319313549,0.9473684210526315,19
reserve10,pv_only,raw,2,7,20,0.05431730403062279,0.9,20
reserve10,pv_only,raw,2,8,23,0.05571489526797885,0.8260869565217391,23
reserve10,pv_only,raw,2,9,21,0.05335072045928352,0.9047619047619048,21
reserve10,pv_only,raw,2,10,23,0.051627019628921265,0.7391304347826086,23
reserve10,pv_only,raw,2,11,23,0.050341504133295786,0.782608695652174,23
reserve10,pv_only,raw,2,12,23,0.04942375579652625,0.7391304347826086,23
reserve10,pv_only,raw,2,13,23,0.05663633546411793,0.7391304347826086,23
reserve10,pv_only,raw,2,14,24,0.052324838076842746,0.7916666666666666,24
reserve10,pv_only,raw,2,15,21,0.06498732588939798,0.7142857142857143,21
reserve10,pv_only,raw,2,16,24,0.05149546203911956,0.75,24
reserve10,pv_only,raw,2,17,25,0.050804778416497234,0.72,25
reserve10,pv_only,raw,2,18,24,0.062321271530132005,0.75,24
reserve10,pv_only,raw,2,19,25,0.05605311696575459,0.84,25
reserve10,pv_only,raw,2,20,27,0.0498417089239483,0.8148148148148148,27
reserve10,pv_only,raw,2,21,27,0.043161733021374014,0.8888888888888888,27
reserve10,pv_only,raw,2,22,23,0.06373597166961163,0.782608695652174,23
reserve10,pv_only,raw,2,23,23,0.06704403824348469,0.7391304347826086,23
reserve10,pv_only,raw,3,0,25,0.04303437177634231,0.92,25
reserve10,pv_only,raw,3,1,22,0.046125680825796496,0.9545454545454546,22
reserve10,pv_only,raw,3,2,22,0.044130973863503335,0.9545454545454546,22
reserve10,pv_only,raw,3,3,20,0.04125367288222274,0.85,20
reserve10,pv_only,raw,3,4,17,0.057833298507385174,0.9411764705882353,17
reserve10,pv_only,raw,3,5,19,0.05755845374438389,0.8947368421052632,19
reserve10,pv_only,raw,3,6,20,0.0598255354815995,0.75,20
reserve10,pv_only,raw,3,7,23,0.058265898979341084,0.8695652173913043,23
reserve10,pv_only,raw,3,8,21,0.06761604202693706,0.8571428571428571,21
reserve10,pv_only,raw,3,9,23,0.05525832504253712,0.782608695652174,23
reserve10,pv_only,raw,3,10,23,0.053914122911432064,0.782608695652174,23
reserve10,pv_only,raw,3,11,23,0.05730322977420097,0.782608695652174,23
reserve10,pv_only,raw,3,12,23,0.06514442453213197,0.7391304347826086,23
reserve10,pv_only,raw,3,13,24,0.058694813286698226,0.7916666666666666,24
reserve10,pv_only,raw,3,14,21,0.07471458045537234,0.7142857142857143,21
reserve10,pv_only,raw,3,15,24,0.06152674207798222,0.7083333333333334,24
reserve10,pv_only,raw,3,16,25,0.06314981743884816,0.72,25
reserve10,pv_only,raw,3,17,24,0.07223212919475736,0.7916666666666666,24
reserve10,pv_only,raw,3,18,25,0.064991908278566,0.84,25
reserve10,pv_only,raw,3,19,27,0.05540909620894888,0.8518518518518519,27
reserve10,pv_only,raw,3,20,27,0.05340931343890292,0.7777777777777778,27
reserve10,pv_only,raw,3,21,23,0.06122722629440554,0.7391304347826086,23
reserve10,pv_only,raw,3,22,23,0.07327777212358651,0.7391304347826086,23
reserve10,pv_only,raw,3,23,25,0.054618544317914505,0.72,25
reserve10,pv_only,raw,4,0,22,0.04268877771210517,0.9545454545454546,22
reserve10,pv_only,raw,4,1,22,0.04437117450151787,0.9545454545454546,22
reserve10,pv_only,raw,4,2,20,0.04338294660620727,0.85,20
reserve10,pv_only,raw,4,3,17,0.0588687513175223,1.0,17
reserve10,pv_only,raw,4,4,19,0.0618483526914571,0.8947368421052632,19
reserve10,pv_only,raw,4,5,20,0.06438087964648517,0.7,20
reserve10,pv_only,raw,4,6,23,0.058225683229026305,0.8260869565217391,23
reserve10,pv_only,raw,4,7,21,0.06996390337570493,0.8095238095238095,21
reserve10,pv_only,raw,4,8,23,0.06229978753182363,0.782608695652174,23
reserve10,pv_only,raw,4,9,23,0.057939791247155537,0.782608695652174,23
reserve10,pv_only,raw,4,10,23,0.057226943238457235,0.7391304347826086,23
reserve10,pv_only,raw,4,11,23,0.06702996688856752,0.6956521739130435,23
reserve10,pv_only,raw,4,12,24,0.061043194560676146,0.75,24
reserve10,pv_only,raw,4,13,21,0.08284951152997692,0.7619047619047619,21
reserve10,pv_only,raw,4,14,24,0.06546956395641766,0.7083333333333334,24
reserve10,pv_only,raw,4,15,25,0.06965185508754707,0.76,25
reserve10,pv_only,raw,4,16,24,0.07911318003570506,0.75,24
reserve10,pv_only,raw,4,17,25,0.06849185858368984,0.8,25
reserve10,pv_only,raw,4,18,27,0.057598284806152165,0.8518518518518519,27
reserve10,pv_only,raw,4,19,27,0.053938955881156526,0.8148148148148148,27
reserve10,pv_only,raw,4,20,23,0.06254250019996929,0.8260869565217391,23
reserve10,pv_only,raw,4,21,23,0.0729074274659791,0.7391304347826086,23
reserve10,pv_only,raw,4,22,25,0.05739361088719803,0.76,25
reserve10,pv_only,raw,4,23,25,0.047057842890878394,0.84,25
reserve10,pv_only,recency,1,0,22,0.04407619358582779,0.9090909090909091,22
reserve10,pv_only,recency,1,1,24,0.03845144416505921,0.9166666666666666,24
reserve10,pv_only,recency,1,2,25,0.03976649622784703,0.88,25
reserve10,pv_only,recency,1,3,22,0.02638825143231732,0.9545454545454546,22
reserve10,pv_only,recency,1,4,22,0.02940398119090095,1.0,22
reserve10,pv_only,recency,1,5,20,0.0347649061409724,0.95,20
reserve10,pv_only,recency,1,6,17,0.03716973200418509,1.0,17
reserve10,pv_only,recency,1,7,19,0.03595589210371922,0.9473684210526315,19
reserve10,pv_only,recency,1,8,20,0.04449820308339543,0.95,20
reserve10,pv_only,recency,1,9,23,0.04026081412373134,0.9130434782608695,23
reserve10,pv_only,recency,1,10,21,0.035379071765330186,0.9523809523809523,21
reserve10,pv_only,recency,1,11,23,0.03758599930736018,0.8695652173913043,23
reserve10,pv_only,recency,1,12,23,0.03842423472610421,0.8695652173913043,23
reserve10,pv_only,recency,1,13,23,0.03490974455438599,0.7391304347826086,23
reserve10,pv_only,recency,1,14,23,0.03843447432978012,0.8695652173913043,23
reserve10,pv_only,recency,1,15,24,0.03046469683393299,0.875,24
reserve10,pv_only,recency,1,16,21,0.04078147880897013,0.8095238095238095,21
reserve10,pv_only,recency,1,17,24,0.027946386256635217,1.0,24
reserve10,pv_only,recency,1,18,25,0.03729749354952384,0.88,25
reserve10,pv_only,recency,1,19,24,0.041752230562699465,0.875,24
reserve10,pv_only,recency,1,20,25,0.04421941274858485,0.8,25
reserve10,pv_only,recency,1,21,27,0.026551645744916995,0.9259259259259259,27
reserve10,pv_only,recency,1,22,27,0.038879328080555095,0.8888888888888888,27
reserve10,pv_only,recency,1,23,23,0.045871819950641976,0.8260869565217391,23
reserve10,pv_only,recency,2,0,24,0.04729196370666697,0.9583333333333334,24
reserve10,pv_only,recency,2,1,25,0.045845656847115404,1.0,25
reserve10,pv_only,recency,2,2,22,0.04515868065831875,0.9090909090909091,22
reserve10,pv_only,recency,2,3,22,0.040265167234776605,1.0,22
reserve10,pv_only,recency,2,4,20,0.03792964391301855,0.95,20
reserve10,pv_only,recency,2,5,17,0.0602847174723621,1.0,17
reserve10,pv_only,recency,2,6,19,0.04576039802188421,1.0,19
reserve10,pv_only,recency,2,7,20,0.054322523312865655,0.95,20
reserve10,pv_only,recency,2,8,23,0.05613239457399091,0.9130434782608695,23
reserve10,pv_only,recency,2,9,21,0.053728192839954975,0.9523809523809523,21
reserve10,pv_only,recency,2,10,23,0.05062388523052643,0.9565217391304348,23
reserve10,pv_only,recency,2,11,23,0.05005883779356553,0.9565217391304348,23
reserve10,pv_only,recency,2,12,23,0.04826097328938105,0.8260869565217391,23
reserve10,pv_only,recency,2,13,23,0.05508878085158448,0.782608695652174,23
reserve10,pv_only,recency,2,14,24,0.05163357103709401,0.875,24
reserve10,pv_only,recency,2,15,21,0.06373433073415682,0.8095238095238095,21
reserve10,pv_only,recency,2,16,24,0.050710652740073005,0.7916666666666666,24
reserve10,pv_only,recency,2,17,25,0.04990705336256651,0.92,25
reserve10,pv_only,recency,2,18,24,0.06208967586382725,0.7916666666666666,24
reserve10,pv_only,recency,2,19,25,0.05618236590642473,0.88,25
reserve10,pv_only,recency,2,20,27,0.04942214331404863,0.8888888888888888,27
reserve10,pv_only,recency,2,21,27,0.0429329828406168,0.9259259259259259,27
reserve10,pv_only,recency,2,22,23,0.06321027964036634,0.8260869565217391,23
reserve10,pv_only,recency,2,23,23,0.06612199024915562,0.782608695652174,23
reserve10,pv_only,recency,3,0,25,0.0433728336186476,0.96,25
reserve10,pv_only,recency,3,1,22,0.04631321659557292,1.0,22
reserve10,pv_only,recency,3,2,22,0.04479438703997189,0.9545454545454546,22
reserve10,pv_only,recency,3,3,20,0.041798854936889854,1.0,20
reserve10,pv_only,recency,3,4,17,0.058419316723452214,1.0,17
reserve10,pv_only,recency,3,5,19,0.05739101778770485,0.9473684210526315,19
reserve10,pv_only,recency,3,6,20,0.05848728407739852,0.9,20
reserve10,pv_only,recency,3,7,23,0.05879445260013625,0.9130434782608695,23
reserve10,pv_only,recency,3,8,21,0.06796075654547201,0.9047619047619048,21
reserve10,pv_only,recency,3,9,23,0.0548135830247092,0.8695652173913043,23
reserve10,pv_only,recency,3,10,23,0.0532063870428312,0.9130434782608695,23
reserve10,pv_only,recency,3,11,23,0.05644893207428131,0.8260869565217391,23
reserve10,pv_only,recency,3,12,23,0.06342108201783798,0.782608695652174,23
reserve10,pv_only,recency,3,13,24,0.05794321696069568,0.8333333333333334,24
reserve10,pv_only,recency,3,14,21,0.07302653553881992,0.8095238095238095,21
reserve10,pv_only,recency,3,15,24,0.05984087999840268,0.8333333333333334,24
reserve10,pv_only,recency,3,16,25,0.06149494242668059,0.8,25
reserve10,pv_only,recency,3,17,24,0.07142145252607887,0.8333333333333334,24
reserve10,pv_only,recency,3,18,25,0.06550261228319361,0.88,25
reserve10,pv_only,recency,3,19,27,0.05513367437537175,0.8518518518518519,27
reserve10,pv_only,recency,3,20,27,0.05289879131932754,0.8518518518518519,27
reserve10,pv_only,recency,3,21,23,0.060261290942219374,0.8695652173913043,23
reserve10,pv_only,recency,3,22,23,0.07148911782532137,0.8695652173913043,23
reserve10,pv_only,recency,3,23,25,0.05343939500689032,0.84,25
reserve10,pv_only,recency,4,0,22,0.04315645084330999,1.0,22
reserve10,pv_only,recency,4,1,22,0.045579827018803386,1.0,22
reserve10,pv_only,recency,4,2,20,0.04419341571379684,0.95,20
reserve10,pv_only,recency,4,3,17,0.059843689059062045,1.0,17
reserve10,pv_only,recency,4,4,19,0.061439918048330246,1.0,19
reserve10,pv_only,recency,4,5,20,0.06280382699977438,0.9,20
reserve10,pv_only,recency,4,6,23,0.058549822577243005,0.9130434782608695,23
reserve10,pv_only,recency,4,7,21,0.07034648535781932,0.8571428571428571,21
reserve10,pv_only,recency,4,8,23,0.06206203658316759,0.8695652173913043,23
reserve10,pv_only,recency,4,9,23,0.05640210794066023,0.9130434782608695,23
reserve10,pv_only,recency,4,10,23,0.05532905819789625,0.8260869565217391,23
reserve10,pv_only,recency,4,11,23,0.06539624629700184,0.782608695652174,23
reserve10,pv_only,recency,4,12,24,0.06007726575862102,0.8333333333333334,24
reserve10,pv_only,recency,4,13,21,0.08121516455344883,0.8095238095238095,21
reserve10,pv_only,recency,4,14,24,0.06428374040360389,0.7916666666666666,24
reserve10,pv_only,recency,4,15,25,0.06830484063665337,0.8,25
reserve10,pv_only,recency,4,16,24,0.07843766751084918,0.7916666666666666,24
reserve10,pv_only,recency,4,17,25,0.06906187818488649,0.84,25
reserve10,pv_only,recency,4,18,27,0.057196032630556254,0.8518518518518519,27
reserve10,pv_only,recency,4,19,27,0.05343152994982617,0.8518518518518519,27
reserve10,pv_only,recency,4,20,23,0.0625689058769477,0.9130434782608695,23
reserve10,pv_only,recency,4,21,23,0.07158533891200827,0.8260869565217391,23
reserve10,pv_only,recency,4,22,25,0.055846971080535636,0.88,25
reserve10,pv_only,recency,4,23,25,0.046548341747691103,0.96,25
reserve10,pv_only,rolling,1,0,22,0.044091852673747475,0.9090909090909091,22
reserve10,pv_only,rolling,1,1,24,0.038438945452208544,0.9166666666666666,24
reserve10,pv_only,rolling,1,2,25,0.03990728654103466,0.88,25
reserve10,pv_only,rolling,1,3,22,0.026378367508423404,0.9545454545454546,22
reserve10,pv_only,rolling,1,4,22,0.02936624084353585,1.0,22
reserve10,pv_only,rolling,1,5,20,0.03491600045264575,0.95,20
reserve10,pv_only,rolling,1,6,17,0.03722751947240544,1.0,17
reserve10,pv_only,rolling,1,7,19,0.03592161029890034,0.9473684210526315,19
reserve10,pv_only,rolling,1,8,20,0.0442736544214265,0.95,20
reserve10,pv_only,rolling,1,9,23,0.04005439675121406,0.9130434782608695,23
reserve10,pv_only,rolling,1,10,21,0.03535568773855123,0.9523809523809523,21
reserve10,pv_only,rolling,1,11,23,0.03772141934453084,0.8695652173913043,23
reserve10,pv_only,rolling,1,12,23,0.03838867260047755,0.8695652173913043,23
reserve10,pv_only,rolling,1,13,23,0.034848137491346055,0.7391304347826086,23
reserve10,pv_only,rolling,1,14,23,0.038383889801941365,0.8695652173913043,23
reserve10,pv_only,rolling,1,15,24,0.030426564579546556,0.875,24
reserve10,pv_only,rolling,1,16,21,0.0407356383632885,0.8095238095238095,21
reserve10,pv_only,rolling,1,17,24,0.028065538390758885,1.0,24
reserve10,pv_only,rolling,1,18,25,0.03741667969404819,0.88,25
reserve10,pv_only,rolling,1,19,24,0.041691446523719145,0.875,24
reserve10,pv_only,rolling,1,20,25,0.04432145115450283,0.8,25
reserve10,pv_only,rolling,1,21,27,0.02648469322202558,0.9259259259259259,27
reserve10,pv_only,rolling,1,22,27,0.03886641274505479,0.9259259259259259,27
reserve10,pv_only,rolling,1,23,23,0.04610183939545824,0.8695652173913043,23
reserve10,pv_only,rolling,2,0,24,0.04734562782983331,0.9583333333333334,24
reserve10,pv_only,rolling,2,1,25,0.045971890672728326,1.0,25
reserve10,pv_only,rolling,2,2,22,0.04526267668134528,0.9090909090909091,22
reserve10,pv_only,rolling,2,3,22,0.04036373132689087,1.0,22
reserve10,pv_only,rolling,2,4,20,0.037864319876550825,0.95,20
reserve10,pv_only,rolling,2,5,17,0.060355006243248535,1.0,17
reserve10,pv_only,rolling,2,6,19,0.0457426940062593,1.0,19
reserve10,pv_only,rolling,2,7,20,0.054086127796248974,0.95,20
reserve10,pv_only,rolling,2,8,23,0.055740634704030435,0.9130434782608695,23
reserve10,pv_only,rolling,2,9,21,0.053455828214123716,0.9523809523809523,21
reserve10,pv_only,rolling,2,10,23,0.050651871005604095,0.9565217391304348,23
reserve10,pv_only,rolling,2,11,23,0.049953755191663334,0.9565217391304348,23
reserve10,pv_only,rolling,2,12,23,0.04825591581538857,0.8695652173913043,23
reserve10,pv_only,rolling,2,13,23,0.05545636420741025,0.782608695652174,23
reserve10,pv_only,rolling,2,14,24,0.051533563662484266,0.875,24
reserve10,pv_only,rolling,2,15,21,0.06376814913548497,0.8095238095238095,21
reserve10,pv_only,rolling,2,16,24,0.05078945246796949,0.7916666666666666,24
reserve10,pv_only,rolling,2,17,25,0.04991284758348246,0.92,25
reserve10,pv_only,rolling,2,18,24,0.06211281460632504,0.7916666666666666,24
reserve10,pv_only,rolling,2,19,25,0.056365231006197086,0.88,25
reserve10,pv_only,rolling,2,20,27,0.049587428780662524,0.8518518518518519,27
reserve10,pv_only,rolling,2,21,27,0.042857308789485564,0.8888888888888888,27
reserve10,pv_only,rolling,2,22,23,0.06328512593108386,0.8695652173913043,23
reserve10,pv_only,rolling,2,23,23,0.06614041780431575,0.782608695652174,23
reserve10,pv_only,rolling,3,0,25,0.04347447974967136,0.96,25
reserve10,pv_only,rolling,3,1,22,0.04654751569729885,1.0,22
reserve10,pv_only,rolling,3,2,22,0.04504861156319405,0.9545454545454546,22
reserve10,pv_only,rolling,3,3,20,0.04201094501627238,0.95,20
reserve10,pv_only,rolling,3,4,17,0.05837718510260085,1.0,17
reserve10,pv_only,rolling,3,5,19,0.05732381863783531,0.9473684210526315,19
reserve10,pv_only,rolling,3,6,20,0.058137111128132614,0.95,20
reserve10,pv_only,rolling,3,7,23,0.058492635851390765,0.9130434782608695,23
reserve10,pv_only,rolling,3,8,21,0.06766806435885807,0.9523809523809523,21
reserve10,pv_only,rolling,3,9,23,0.05478250249188909,0.8695652173913043,23
reserve10,pv_only,rolling,3,10,23,0.05291949073548096,0.9130434782608695,23
reserve10,pv_only,rolling,3,11,23,0.056166906520490806,0.8260869565217391,23
reserve10,pv_only,rolling,3,12,23,0.06343889976691726,0.782608695652174,23
reserve10,pv_only,rolling,3,13,24,0.057939395335046225,0.8333333333333334,24
reserve10,pv_only,rolling,3,14,21,0.07286414159904846,0.7619047619047619,21
reserve10,pv_only,rolling,3,15,24,0.05983876330699406,0.7916666666666666,24
reserve10,pv_only,rolling,3,16,25,0.06145086973853343,0.8,25
reserve10,pv_only,rolling,3,17,24,0.07146625327051175,0.8333333333333334,24
reserve10,pv_only,rolling,3,18,25,0.06562939225804558,0.88,25
reserve10,pv_only,rolling,3,19,27,0.05515845550561553,0.8518518518518519,27
reserve10,pv_only,rolling,3,20,27,0.052826186464913334,0.9259259259259259,27
reserve10,pv_only,rolling,3,21,23,0.06035214998224951,0.8695652173913043,23
reserve10,pv_only,rolling,3,22,23,0.07138660766999128,0.782608695652174,23
reserve10,pv_only,rolling,3,23,25,0.0533866779547985,0.84,25
reserve10,pv_only,rolling,4,0,22,0.04326272620505194,1.0,22
reserve10,pv_only,rolling,4,1,22,0.04578603606083818,1.0,22
reserve10,pv_only,rolling,4,2,20,0.04424719672943701,0.95,20
reserve10,pv_only,rolling,4,3,17,0.05980388074126525,1.0,17
reserve10,pv_only,rolling,4,4,19,0.06140192024821628,1.0,19
reserve10,pv_only,rolling,4,5,20,0.06258909689128297,0.9,20
reserve10,pv_only,rolling,4,6,23,0.058233268847674935,0.9130434782608695,23
reserve10,pv_only,rolling,4,7,21,0.06991007724600191,0.8571428571428571,21
reserve10,pv_only,rolling,4,8,23,0.06200444761691054,0.8695652173913043,23
reserve10,pv_only,rolling,4,9,23,0.05624910379429604,0.9130434782608695,23
reserve10,pv_only,rolling,4,10,23,0.0550549234321533,0.8695652173913043,23
reserve10,pv_only,rolling,4,11,23,0.06525739783386755,0.782608695652174,23
reserve10,pv_only,rolling,4,12,24,0.059942498958752116,0.875,24
reserve10,pv_only,rolling,4,13,21,0.08095944060011763,0.7619047619047619,21
reserve10,pv_only,rolling,4,14,24,0.06406612576037624,0.8333333333333334,24
reserve10,pv_only,rolling,4,15,25,0.06820753522037895,0.8,25
reserve10,pv_only,rolling,4,16,24,0.07828293647942194,0.8333333333333334,24
reserve10,pv_only,rolling,4,17,25,0.06927821328312196,0.84,25
reserve10,pv_only,rolling,4,18,27,0.05737421853233976,0.8888888888888888,27
reserve10,pv_only,rolling,4,19,27,0.05342878526647706,0.8518518518518519,27
reserve10,pv_only,rolling,4,20,23,0.06259067527605375,0.9130434782608695,23
reserve10,pv_only,rolling,4,21,23,0.07183743738830171,0.8260869565217391,23
reserve10,pv_only,rolling,4,22,25,0.055834585425241494,0.88,25
reserve10,pv_only,rolling,4,23,25,0.04678845992840421,0.92,25
reserve10,pv_only,single_imputation,1,0,22,0.05045224838652025,0.8636363636363636,22
reserve10,pv_only,single_imputation,1,1,24,0.046531908694450806,0.7916666666666666,24
reserve10,pv_only,single_imputation,1,2,25,0.049227889698978136,0.8,25
reserve10,pv_only,single_imputation,1,3,22,0.027440372880960184,1.0,22
reserve10,pv_only,single_imputation,1,4,22,0.041022987329483535,0.8636363636363636,22
reserve10,pv_only,single_imputation,1,5,20,0.04501070004681529,0.85,20
reserve10,pv_only,single_imputation,1,6,17,0.0386444778589242,0.8235294117647058,17
reserve10,pv_only,single_imputation,1,7,19,0.03710198334410345,0.9473684210526315,19
reserve10,pv_only,single_imputation,1,8,20,0.05221171608135482,0.8,20
reserve10,pv_only,single_imputation,1,9,23,0.040476469534592996,0.8260869565217391,23
reserve10,pv_only,single_imputation,1,10,21,0.04153823841251736,0.8571428571428571,21
reserve10,pv_only,single_imputation,1,11,23,0.04519034596325763,0.8695652173913043,23
reserve10,pv_only,single_imputation,1,12,23,0.04531042231528737,0.8695652173913043,23
reserve10,pv_only,single_imputation,1,13,23,0.033515647734500706,0.9130434782608695,23
reserve10,pv_only,single_imputation,1,14,23,0.04168324944088188,0.9565217391304348,23
reserve10,pv_only,single_imputation,1,15,24,0.030987327396346454,0.875,24
reserve10,pv_only,single_imputation,1,16,21,0.046864981317384584,0.8095238095238095,21
reserve10,pv_only,single_imputation,1,17,24,0.030355473344177968,0.9583333333333334,24
reserve10,pv_only,single_imputation,1,18,25,0.040130782943447046,0.88,25
reserve10,pv_only,single_imputation,1,19,24,0.04670931938865735,0.875,24
reserve10,pv_only,single_imputation,1,20,25,0.05019321134025998,0.8,25
reserve10,pv_only,single_imputation,1,21,27,0.03139008546082814,0.9259259259259259,27
reserve10,pv_only,single_imputation,1,22,27,0.04421900408013225,0.8518518518518519,27
reserve10,pv_only,single_imputation,1,23,23,0.05804016698614355,0.782608695652174,23
reserve10,pv_only,single_imputation,2,0,24,0.056707820334231135,0.8333333333333334,24
reserve10,pv_only,single_imputation,2,1,25,0.05926317539026678,0.76,25
reserve10,pv_only,single_imputation,2,2,22,0.04647141289470478,0.8181818181818182,22
reserve10,pv_only,single_imputation,2,3,22,0.04987619560035005,0.8636363636363636,22
reserve10,pv_only,single_imputation,2,4,20,0.03733575139663429,0.95,20
reserve10,pv_only,single_imputation,2,5,17,0.06901847680760742,0.7647058823529411,17
reserve10,pv_only,single_imputation,2,6,19,0.05825244169258393,0.7894736842105263,19
reserve10,pv_only,single_imputation,2,7,20,0.06522859058892035,0.8,20
reserve10,pv_only,single_imputation,2,8,23,0.0652752104538739,0.8260869565217391,23
reserve10,pv_only,single_imputation,2,9,21,0.059306479291763366,0.7142857142857143,21
reserve10,pv_only,single_imputation,2,10,23,0.06334649183186879,0.782608695652174,23
reserve10,pv_only,single_imputation,2,11,23,0.060682496662185066,0.8260869565217391,23
reserve10,pv_only,single_imputation,2,12,23,0.05760166299662001,0.782608695652174,23
reserve10,pv_only,single_imputation,2,13,23,0.059913974753004126,0.782608695652174,23
reserve10,pv_only,single_imputation,2,14,24,0.05475459742399972,0.9166666666666666,24
reserve10,pv_only,single_imputation,2,15,21,0.07006793278863553,0.8095238095238095,21
reserve10,pv_only,single_imputation,2,16,24,0.04454047121222016,0.875,24
reserve10,pv_only,single_imputation,2,17,25,0.05486878700838857,0.84,25
reserve10,pv_only,single_imputation,2,18,24,0.07462772239044681,0.75,24
reserve10,pv_only,single_imputation,2,19,25,0.06217118986368599,0.88,25
reserve10,pv_only,single_imputation,2,20,27,0.05702504216715613,0.8518518518518519,27
reserve10,pv_only,single_imputation,2,21,27,0.04671103611269637,0.8518518518518519,27
reserve10,pv_only,single_imputation,2,22,23,0.08015163227940159,0.8695652173913043,23
reserve10,pv_only,single_imputation,2,23,23,0.07554811760485194,0.7391304347826086,23
reserve10,pv_only,single_imputation,3,0,25,0.04732712520262408,0.88,25
reserve10,pv_only,single_imputation,3,1,22,0.05236721864694222,0.8636363636363636,22
reserve10,pv_only,single_imputation,3,2,22,0.05114937430017683,0.8636363636363636,22
reserve10,pv_only,single_imputation,3,3,20,0.04106202826514179,1.0,20
reserve10,pv_only,single_imputation,3,4,17,0.06519527035422609,0.7647058823529411,17
reserve10,pv_only,single_imputation,3,5,19,0.06771649028221458,0.7368421052631579,19
reserve10,pv_only,single_imputation,3,6,20,0.07164370916675541,0.7,20
reserve10,pv_only,single_imputation,3,7,23,0.07018526567167103,0.8260869565217391,23
reserve10,pv_only,single_imputation,3,8,21,0.07843570119516426,0.8571428571428571,21
reserve10,pv_only,single_imputation,3,9,23,0.0643606878086498,0.8695652173913043,23
reserve10,pv_only,single_imputation,3,10,23,0.05590884782843344,0.8695652173913043,23
reserve10,pv_only,single_imputation,3,11,23,0.05897090226483397,0.782608695652174,23
reserve10,pv_only,single_imputation,3,12,23,0.0728137238847144,0.7391304347826086,23
reserve10,pv_only,single_imputation,3,13,24,0.06974198634471646,0.8333333333333334,24
reserve10,pv_only,single_imputation,3,14,21,0.08206269242353138,0.8095238095238095,21
reserve10,pv_only,single_imputation,3,15,24,0.06189840365668697,0.7916666666666666,24
reserve10,pv_only,single_imputation,3,16,25,0.06402307490794049,0.76,25
reserve10,pv_only,single_imputation,3,17,24,0.07611980106012743,0.7916666666666666,24
reserve10,pv_only,single_imputation,3,18,25,0.07613381363787373,0.76,25
reserve10,pv_only,single_imputation,3,19,27,0.07498750044753112,0.7777777777777778,27
reserve10,pv_only,single_imputation,3,20,27,0.057790776055947395,0.8148148148148148,27
reserve10,pv_only,single_imputation,3,21,23,0.07119511395490791,0.8695652173913043,23
reserve10,pv_only,single_imputation,3,22,23,0.08592435749179607,0.782608695652174,23
reserve10,pv_only,single_imputation,3,23,25,0.05887745213141189,0.84,25
reserve10,pv_only,single_imputation,4,0,22,0.044881426955843025,0.9090909090909091,22
reserve10,pv_only,single_imputation,4,1,22,0.05237799074440981,0.8636363636363636,22
reserve10,pv_only,single_imputation,4,2,20,0.043774439325238404,1.0,20
reserve10,pv_only,single_imputation,4,3,17,0.07480780427296511,0.6470588235294118,17
reserve10,pv_only,single_imputation,4,4,19,0.06640314152529683,0.8421052631578947,19
reserve10,pv_only,single_imputation,4,5,20,0.07833941800894137,0.7,20
reserve10,pv_only,single_imputation,4,6,23,0.07423411715710404,0.8260869565217391,23
reserve10,pv_only,single_imputation,4,7,21,0.08244911916506059,0.8095238095238095,21
reserve10,pv_only,single_imputation,4,8,23,0.07652385462736642,0.8260869565217391,23
reserve10,pv_only,single_imputation,4,9,23,0.05770027924465798,0.9130434782608695,23
reserve10,pv_only,single_imputation,4,10,23,0.05925113186452384,0.8260869565217391,23
reserve10,pv_only,single_imputation,4,11,23,0.08907690695358488,0.6521739130434783,23
reserve10,pv_only,single_imputation,4,12,24,0.07789938789405314,0.8333333333333334,24
reserve10,pv_only,single_imputation,4,13,21,0.09586113699961277,0.8095238095238095,21
reserve10,pv_only,single_imputation,4,14,24,0.07351945181707727,0.8333333333333334,24
reserve10,pv_only,single_imputation,4,15,25,0.07801960376754152,0.76,25
reserve10,pv_only,single_imputation,4,16,24,0.08720361219034857,0.75,24
reserve10,pv_only,single_imputation,4,17,25,0.08330566983824714,0.84,25
reserve10,pv_only,single_imputation,4,18,27,0.07878198861008875,0.7777777777777778,27
reserve10,pv_only,single_imputation,4,19,27,0.06376169210809587,0.7777777777777778,27
reserve10,pv_only,single_imputation,4,20,23,0.07321499438891127,0.8260869565217391,23
reserve10,pv_only,single_imputation,4,21,23,0.07692391959499556,0.8260869565217391,23
reserve10,pv_only,single_imputation,4,22,25,0.07406919826288891,0.8,25
reserve10,pv_only,single_imputation,4,23,25,0.05169429875482809,0.92,25
reserve10,irradiance_only,aci_bounded,1,0,22,0.04409364670703883,0.9090909090909091,22
reserve10,irradiance_only,aci_bounded,1,1,24,0.038449053775778376,0.9166666666666666,24
reserve10,irradiance_only,aci_bounded,1,2,25,0.039975621387619655,0.88,25
reserve10,irradiance_only,aci_bounded,1,3,22,0.026352221040909705,0.9545454545454546,22
reserve10,irradiance_only,aci_bounded,1,4,22,0.029342109886893786,1.0,22
reserve10,irradiance_only,aci_bounded,1,5,20,0.03491320823679618,0.95,20
reserve10,irradiance_only,aci_bounded,1,6,17,0.03719872826749131,1.0,17
reserve10,irradiance_only,aci_bounded,1,7,19,0.03595309490007391,0.9473684210526315,19
reserve10,irradiance_only,aci_bounded,1,8,20,0.044278572592899634,0.95,20
reserve10,irradiance_only,aci_bounded,1,9,23,0.04014609244900449,0.9130434782608695,23
reserve10,irradiance_only,aci_bounded,1,10,21,0.03539191341500377,0.9523809523809523,21
reserve10,irradiance_only,aci_bounded,1,11,23,0.03770023727467565,0.8695652173913043,23
reserve10,irradiance_only,aci_bounded,1,12,23,0.03836095945397927,0.8695652173913043,23
reserve10,irradiance_only,aci_bounded,1,13,23,0.03489842844398752,0.7391304347826086,23
reserve10,irradiance_only,aci_bounded,1,14,23,0.038326504538776514,0.8695652173913043,23
reserve10,irradiance_only,aci_bounded,1,15,24,0.030418835920652795,0.875,24
reserve10,irradiance_only,aci_bounded,1,16,21,0.0407497204045446,0.8095238095238095,21
reserve10,irradiance_only,aci_bounded,1,17,24,0.02802949426706737,0.9583333333333334,24
reserve10,irradiance_only,aci_bounded,1,18,25,0.03750486208058917,0.84,25
reserve10,irradiance_only,aci_bounded,1,19,24,0.041760304478829634,0.875,24
reserve10,irradiance_only,aci_bounded,1,20,25,0.044371126222181353,0.8,25
reserve10,irradiance_only,aci_bounded,1,21,27,0.02651626739931385,0.9259259259259259,27
reserve10,irradiance_only,aci_bounded,1,22,27,0.03891022093320221,0.9259259259259259,27
reserve10,irradiance_only,aci_bounded,1,23,23,0.046179786303007536,0.8695652173913043,23
reserve10,irradiance_only,aci_bounded,2,0,24,0.04737050558277612,0.9583333333333334,24
reserve10,irradiance_only,aci_bounded,2,1,25,0.04592708846020302,1.0,25
reserve10,irradiance_only,aci_bounded,2,2,22,0.04525615956671435,0.9090909090909091,22
reserve10,irradiance_only,aci_bounded,2,3,22,0.04024511501487375,1.0,22
reserve10,irradiance_only,aci_bounded,2,4,20,0.03795083220808858,0.95,20
reserve10,irradiance_only,aci_bounded,2,5,17,0.060369024590926905,1.0,17
reserve10,irradiance_only,aci_bounded,2,6,19,0.04576625438715449,1.0,19
reserve10,irradiance_only,aci_bounded,2,7,20,0.05426827222899462,0.95,20
reserve10,irradiance_only,aci_bounded,2,8,23,0.05588064983364485,0.9130434782608695,23
reserve10,irradiance_only,aci_bounded,2,9,21,0.05354432512752867,0.9523809523809523,21
reserve10,irradiance_only,aci_bounded,2,10,23,0.050506680799161305,0.9565217391304348,23
reserve10,irradiance_only,aci_bounded,2,11,23,0.05005539211900839,0.9565217391304348,23
reserve10,irradiance_only,aci_bounded,2,12,23,0.04827069475549722,0.8260869565217391,23
reserve10,irradiance_only,aci_bounded,2,13,23,0.05528201397935947,0.782608695652174,23
reserve10,irradiance_only,aci_bounded,2,14,24,0.051491200390104845,0.875,24
reserve10,irradiance_only,aci_bounded,2,15,21,0.06367425696672799,0.8095238095238095,21
reserve10,irradiance_only,aci_bounded,2,16,24,0.050724627549140346,0.7916666666666666,24
reserve10,irradiance_only,aci_bounded,2,17,25,0.04988429410610361,0.92,25
reserve10,irradiance_only,aci_bounded,2,18,24,0.062141794966897645,0.7916666666666666,24
reserve10,irradiance_only,aci_bounded,2,19,25,0.05634853458307482,0.88,25
reserve10,irradiance_only,aci_bounded,2,20,27,0.04950927135709863,0.8518518518518519,27
reserve10,irradiance_only,aci_bounded,2,21,27,0.04276734976941374,0.8888888888888888,27
reserve10,irradiance_only,aci_bounded,2,22,23,0.06330360051273995,0.8695652173913043,23
reserve10,irradiance_only,aci_bounded,2,23,23,0.06622708779214022,0.782608695652174,23
reserve10,irradiance_only,aci_bounded,3,0,25,0.04341943203768157,0.96,25
reserve10,irradiance_only,aci_bounded,3,1,22,0.04651264010373935,1.0,22
reserve10,irradiance_only,aci_bounded,3,2,22,0.045008725396533944,0.9545454545454546,22
reserve10,irradiance_only,aci_bounded,3,3,20,0.042002677380296935,0.95,20
reserve10,irradiance_only,aci_bounded,3,4,17,0.05842068322086602,1.0,17
reserve10,irradiance_only,aci_bounded,3,5,19,0.05735118603780328,0.9473684210526315,19
reserve10,irradiance_only,aci_bounded,3,6,20,0.05829161476358165,0.9,20
reserve10,irradiance_only,aci_bounded,3,7,23,0.058640027260612806,0.9130434782608695,23
reserve10,irradiance_only,aci_bounded,3,8,21,0.0677707589842526,0.9047619047619048,21
reserve10,irradiance_only,aci_bounded,3,9,23,0.05477319920456778,0.8695652173913043,23
reserve10,irradiance_only,aci_bounded,3,10,23,0.052990811561966604,0.9130434782608695,23
reserve10,irradiance_only,aci_bounded,3,11,23,0.05624236401795968,0.8260869565217391,23
reserve10,irradiance_only,aci_bounded,3,12,23,0.06337808894455288,0.782608695652174,23
reserve10,irradiance_only,aci_bounded,3,13,24,0.05788560223772759,0.8333333333333334,24
reserve10,irradiance_only,aci_bounded,3,14,21,0.0728781368027824,0.7619047619047619,21
reserve10,irradiance_only,aci_bounded,3,15,24,0.05977227234207805,0.7916666666666666,24
reserve10,irradiance_only,aci_bounded,3,16,25,0.0614859930537107,0.8,25
reserve10,irradiance_only,aci_bounded,3,17,24,0.07148888591657968,0.8333333333333334,24
reserve10,irradiance_only,aci_bounded,3,18,25,0.06572125457550801,0.88,25
reserve10,irradiance_only,aci_bounded,3,19,27,0.05515383322728619,0.8518518518518519,27
reserve10,irradiance_only,aci_bounded,3,20,27,0.05289545809472621,0.9259259259259259,27
reserve10,irradiance_only,aci_bounded,3,21,23,0.06039452903161327,0.8695652173913043,23
reserve10,irradiance_only,aci_bounded,3,22,23,0.07137653136581053,0.8260869565217391,23
reserve10,irradiance_only,aci_bounded,3,23,25,0.05340781946681797,0.84,25
reserve10,irradiance_only,aci_bounded,4,0,22,0.04330631211006866,1.0,22
reserve10,irradiance_only,aci_bounded,4,1,22,0.04582077338760716,1.0,22
reserve10,irradiance_only,aci_bounded,4,2,20,0.0443424275955028,0.95,20
reserve10,irradiance_only,aci_bounded,4,3,17,0.059874117793318415,1.0,17
reserve10,irradiance_only,aci_bounded,4,4,19,0.06152990753611578,1.0,19
reserve10,irradiance_only,aci_bounded,4,5,20,0.06274848294076188,0.9,20
reserve10,irradiance_only,aci_bounded,4,6,23,0.058353464674053925,0.9130434782608695,23
reserve10,irradiance_only,aci_bounded,4,7,21,0.07004355223997351,0.8571428571428571,21
reserve10,irradiance_only,aci_bounded,4,8,23,0.06195688522981348,0.8695652173913043,23
reserve10,irradiance_only,aci_bounded,4,9,23,0.05619576804772517,0.9130434782608695,23
reserve10,irradiance_only,aci_bounded,4,10,23,0.0549813439776704,0.8695652173913043,23
reserve10,irradiance_only,aci_bounded,4,11,23,0.06505937883713248,0.8260869565217391,23
reserve10,irradiance_only,aci_bounded,4,12,24,0.05983987932929247,0.875,24
reserve10,irradiance_only,aci_bounded,4,13,21,0.08072973094322373,0.8095238095238095,21
reserve10,irradiance_only,aci_bounded,4,14,24,0.0640112992378359,0.875,24
reserve10,irradiance_only,aci_bounded,4,15,25,0.06813444836403681,0.8,25
reserve10,irradiance_only,aci_bounded,4,16,24,0.07828543417364875,0.7916666666666666,24
reserve10,irradiance_only,aci_bounded,4,17,25,0.06929030963133917,0.84,25
reserve10,irradiance_only,aci_bounded,4,18,27,0.05730173383426115,0.8888888888888888,27
reserve10,irradiance_only,aci_bounded,4,19,27,0.05343531293828399,0.8518518518518519,27
reserve10,irradiance_only,aci_bounded,4,20,23,0.06252825345224072,0.9130434782608695,23
reserve10,irradiance_only,aci_bounded,4,21,23,0.07174454747907552,0.8260869565217391,23
reserve10,irradiance_only,aci_bounded,4,22,25,0.0558712871158424,0.84,25
reserve10,irradiance_only,aci_bounded,4,23,25,0.04666377828109718,0.96,25
reserve10,irradiance_only,carry_forward,1,0,22,0.04740846962549608,0.9090909090909091,22
reserve10,irradiance_only,carry_forward,1,1,24,0.04170473615486719,0.875,24
reserve10,irradiance_only,carry_forward,1,2,25,0.04061747298322107,0.88,25
reserve10,irradiance_only,carry_forward,1,3,22,0.026197636736884546,0.9545454545454546,22
reserve10,irradiance_only,carry_forward,1,4,22,0.03183276609908016,0.9545454545454546,22
reserve10,irradiance_only,carry_forward,1,5,20,0.03667286928894695,0.9,20
reserve10,irradiance_only,carry_forward,1,6,17,0.03791876110618738,0.9411764705882353,17
reserve10,irradiance_only,carry_forward,1,7,19,0.03818189880737042,0.8421052631578947,19
reserve10,irradiance_only,carry_forward,1,8,20,0.0467067186174242,0.9,20
reserve10,irradiance_only,carry_forward,1,9,23,0.039954847349601065,0.782608695652174,23
reserve10,irradiance_only,carry_forward,1,10,21,0.03690091099726377,0.9047619047619048,21
reserve10,irradiance_only,carry_forward,1,11,23,0.03873685027469512,0.8260869565217391,23
reserve10,irradiance_only,carry_forward,1,12,23,0.04141557419278734,0.782608695652174,23
reserve10,irradiance_only,carry_forward,1,13,23,0.03989425666382083,0.6956521739130435,23
reserve10,irradiance_only,carry_forward,1,14,23,0.043076893790213,0.7391304347826086,23
reserve10,irradiance_only,carry_forward,1,15,24,0.03243778477835476,0.7916666666666666,24
reserve10,irradiance_only,carry_forward,1,16,21,0.043076150516488804,0.8095238095238095,21
reserve10,irradiance_only,carry_forward,1,17,24,0.03108514088434312,0.7916666666666666,24
reserve10,irradiance_only,carry_forward,1,18,25,0.04113859370433876,0.8,25
reserve10,irradiance_only,carry_forward,1,19,24,0.04373071867004746,0.8333333333333334,24
reserve10,irradiance_only,carry_forward,1,20,25,0.047506340675655415,0.84,25
reserve10,irradiance_only,carry_forward,1,21,27,0.030090818414854052,0.8888888888888888,27
reserve10,irradiance_only,carry_forward,1,22,27,0.039897340991436596,0.7037037037037037,27
reserve10,irradiance_only,carry_forward,1,23,23,0.045498179088140356,0.782608695652174,23
reserve10,irradiance_only,carry_forward,2,0,24,0.04912457770500869,0.875,24
reserve10,irradiance_only,carry_forward,2,1,25,0.04776528200282401,1.0,25
reserve10,irradiance_only,carry_forward,2,2,22,0.044725498553096,0.8636363636363636,22
reserve10,irradiance_only,carry_forward,2,3,22,0.03971247991136479,0.9545454545454546,22
reserve10,irradiance_only,carry_forward,2,4,20,0.03666485466787213,0.85,20
reserve10,irradiance_only,carry_forward,2,5,17,0.05880200792400491,0.9411764705882353,17
reserve10,irradiance_only,carry_forward,2,6,19,0.04762782172917047,0.8947368421052632,19
reserve10,irradiance_only,carry_forward,2,7,20,0.05550245554071563,0.85,20
reserve10,irradiance_only,carry_forward,2,8,23,0.059920233703854964,0.9130434782608695,23
reserve10,irradiance_only,carry_forward,2,9,21,0.05603340019927462,0.9047619047619048,21
reserve10,irradiance_only,carry_forward,2,10,23,0.05113914925421455,0.6956521739130435,23
reserve10,irradiance_only,carry_forward,2,11,23,0.054036009941955586,0.8695652173913043,23
reserve10,irradiance_only,carry_forward,2,12,23,0.050495199368242656,0.7391304347826086,23
reserve10,irradiance_only,carry_forward,2,13,23,0.05900039014247985,0.7391304347826086,23
reserve10,irradiance_only,carry_forward,2,14,24,0.05325076708879966,0.8333333333333334,24
reserve10,irradiance_only,carry_forward,2,15,21,0.06603297654996167,0.7142857142857143,21
reserve10,irradiance_only,carry_forward,2,16,24,0.05204573958686253,0.75,24
reserve10,irradiance_only,carry_forward,2,17,25,0.05067979588713954,0.76,25
reserve10,irradiance_only,carry_forward,2,18,24,0.06467274686679077,0.7916666666666666,24
reserve10,irradiance_only,carry_forward,2,19,25,0.059277164123230586,0.88,25
reserve10,irradiance_only,carry_forward,2,20,27,0.050299698064634496,0.8148148148148148,27
reserve10,irradiance_only,carry_forward,2,21,27,0.04330136832898651,0.8148148148148148,27
reserve10,irradiance_only,carry_forward,2,22,23,0.06321500024194118,0.7391304347826086,23
reserve10,irradiance_only,carry_forward,2,23,23,0.06583555171152801,0.782608695652174,23
reserve10,irradiance_only,carry_forward,3,0,25,0.04589997555203519,0.88,25
reserve10,irradiance_only,carry_forward,3,1,22,0.047773930772035914,0.9090909090909091,22
reserve10,irradiance_only,carry_forward,3,2,22,0.0471578763243977,0.9545454545454546,22
reserve10,irradiance_only,carry_forward,3,3,20,0.04182503252809265,0.9,20
reserve10,irradiance_only,carry_forward,3,4,17,0.058391402234022276,0.9411764705882353,17
reserve10,irradiance_only,carry_forward,3,5,19,0.05886115583214293,0.8947368421052632,19
reserve10,irradiance_only,carry_forward,3,6,20,0.060159534680874024,0.75,20
reserve10,irradiance_only,carry_forward,3,7,23,0.05997107929133981,0.8695652173913043,23
reserve10,irradiance_only,carry_forward,3,8,21,0.06902973956749445,0.9047619047619048,21
reserve10,irradiance_only,carry_forward,3,9,23,0.05605802578755941,0.782608695652174,23
reserve10,irradiance_only,carry_forward,3,10,23,0.05541674687380777,0.6956521739130435,23
reserve10,irradiance_only,carry_forward,3,11,23,0.058192911154607264,0.6956521739130435,23
reserve10,irradiance_only,carry_forward,3,12,23,0.06464974584683515,0.782608695652174,23
reserve10,irradiance_only,carry_forward,3,13,24,0.06189633870281103,0.75,24
reserve10,irradiance_only,carry_forward,3,14,21,0.07509731144455431,0.7142857142857143,21
reserve10,irradiance_only,carry_forward,3,15,24,0.06125512447990946,0.7083333333333334,24
reserve10,irradiance_only,carry_forward,3,16,25,0.06521475190525834,0.72,25
reserve10,irradiance_only,carry_forward,3,17,24,0.07571335341611635,0.7083333333333334,24
reserve10,irradiance_only,carry_forward,3,18,25,0.06755093207402382,0.8,25
reserve10,irradiance_only,carry_forward,3,19,27,0.0551032331509791,0.8518518518518519,27
reserve10,irradiance_only,carry_forward,3,20,27,0.055506941452282056,0.7777777777777778,27
reserve10,irradiance_only,carry_forward,3,21,23,0.05995706353254252,0.8260869565217391,23
reserve10,irradiance_only,carry_forward,3,22,23,0.07195336335253445,0.6956521739130435,23
reserve10,irradiance_only,carry_forward,3,23,25,0.052729690285253844,0.68,25
reserve10,irradiance_only,carry_forward,4,0,22,0.04382972061770219,0.9545454545454546,22
reserve10,irradiance_only,carry_forward,4,1,22,0.047331114357110134,1.0,22
reserve10,irradiance_only,carry_forward,4,2,20,0.04368344191660716,0.9,20
reserve10,irradiance_only,carry_forward,4,3,17,0.058302109575343104,0.9411764705882353,17
reserve10,irradiance_only,carry_forward,4,4,19,0.060881716233321705,0.8421052631578947,19
reserve10,irradiance_only,carry_forward,4,5,20,0.06346481871505102,0.8,20
reserve10,irradiance_only,carry_forward,4,6,23,0.06452126681971164,0.8260869565217391,23
reserve10,irradiance_only,carry_forward,4,7,21,0.06968841185787913,0.9047619047619048,21
reserve10,irradiance_only,carry_forward,4,8,23,0.06269776073856188,0.782608695652174,23
reserve10,irradiance_only,carry_forward,4,9,23,0.05884022315757375,0.782608695652174,23
reserve10,irradiance_only,carry_forward,4,10,23,0.059063917342373456,0.6956521739130435,23
reserve10,irradiance_only,carry_forward,4,11,23,0.06541520356558927,0.6956521739130435,23
reserve10,irradiance_only,carry_forward,4,12,24,0.061485206545391156,0.7916666666666666,24
reserve10,irradiance_only,carry_forward,4,13,21,0.08076452162808548,0.7619047619047619,21
reserve10,irradiance_only,carry_forward,4,14,24,0.06609516345186052,0.6666666666666666,24
reserve10,irradiance_only,carry_forward,4,15,25,0.06897187857330221,0.72,25
reserve10,irradiance_only,carry_forward,4,16,24,0.07771905793690968,0.7083333333333334,24
reserve10,irradiance_only,carry_forward,4,17,25,0.07165575921183218,0.8,25
reserve10,irradiance_only,carry_forward,4,18,27,0.05838036144291769,0.8148148148148148,27
reserve10,irradiance_only,carry_forward,4,19,27,0.05499694387115938,0.8518518518518519,27
reserve10,irradiance_only,carry_forward,4,20,23,0.061571717319532523,0.8260869565217391,23
reserve10,irradiance_only,carry_forward,4,21,23,0.07172976955735734,0.7391304347826086,23
reserve10,irradiance_only,carry_forward,4,22,25,0.05890183890543115,0.76,25
reserve10,irradiance_only,carry_forward,4,23,25,0.045472149305630864,0.8,25
reserve10,irradiance_only,geometric_persistence,1,0,22,0.05364630743525982,0.9545454545454546,22
reserve10,irradiance_only,geometric_persistence,1,1,24,0.05796452023537955,0.9166666666666666,24
reserve10,irradiance_only,geometric_persistence,1,2,25,0.05453204376991968,0.96,25
reserve10,irradiance_only,geometric_persistence,1,3,22,0.03654581873057155,1.0,22
reserve10,irradiance_only,geometric_persistence,1,4,22,0.047626477559625346,0.9090909090909091,22
reserve10,irradiance_only,geometric_persistence,1,5,20,0.055268211954565064,0.9,20
reserve10,irradiance_only,geometric_persistence,1,6,17,0.04769357231498129,1.0,17
reserve10,irradiance_only,geometric_persistence,1,7,19,0.04718973712789298,1.0,19
reserve10,irradiance_only,geometric_persistence,1,8,20,0.05590616987012688,0.95,20
reserve10,irradiance_only,geometric_persistence,1,9,23,0.05118925982941448,0.9565217391304348,23
reserve10,irradiance_only,geometric_persistence,1,10,21,0.03723889485504012,1.0,21
reserve10,irradiance_only,geometric_persistence,1,11,23,0.05122884956823939,0.9130434782608695,23
reserve10,irradiance_only,geometric_persistence,1,12,23,0.056968974159102494,0.8695652173913043,23
reserve10,irradiance_only,geometric_persistence,1,13,23,0.049574646042932734,0.9565217391304348,23
reserve10,irradiance_only,geometric_persistence,1,14,23,0.0357743986012076,1.0,23
reserve10,irradiance_only,geometric_persistence,1,15,24,0.04053104806069658,0.9583333333333334,24
reserve10,irradiance_only,geometric_persistence,1,16,21,0.051168242553234586,0.9523809523809523,21
reserve10,irradiance_only,geometric_persistence,1,17,24,0.043544157052672894,0.9583333333333334,24
reserve10,irradiance_only,geometric_persistence,1,18,25,0.03970903553049656,1.0,25
reserve10,irradiance_only,geometric_persistence,1,19,24,0.04782387079115987,0.9583333333333334,24
reserve10,irradiance_only,geometric_persistence,1,20,25,0.05669162768188211,0.92,25
reserve10,irradiance_only,geometric_persistence,1,21,27,0.04299515626599887,0.9259259259259259,27
reserve10,irradiance_only,geometric_persistence,1,22,27,0.04764160820102559,0.9259259259259259,27
reserve10,irradiance_only,geometric_persistence,1,23,23,0.0601623392707459,0.9130434782608695,23
reserve10,irradiance_only,geometric_persistence,2,0,24,0.06598233727184967,1.0,24
reserve10,irradiance_only,geometric_persistence,2,1,25,0.08143359015130507,0.84,25
reserve10,irradiance_only,geometric_persistence,2,2,22,0.07190109106897823,0.9545454545454546,22
reserve10,irradiance_only,geometric_persistence,2,3,22,0.07185751197152028,0.9090909090909091,22
reserve10,irradiance_only,geometric_persistence,2,4,20,0.06292915091274048,0.9,20
reserve10,irradiance_only,geometric_persistence,2,5,17,0.08960266071644965,0.9411764705882353,17
reserve10,irradiance_only,geometric_persistence,2,6,19,0.07486292771625559,0.9473684210526315,19
reserve10,irradiance_only,geometric_persistence,2,7,20,0.06031025388741144,1.0,20
reserve10,irradiance_only,geometric_persistence,2,8,23,0.08452307025821834,0.9565217391304348,23
reserve10,irradiance_only,geometric_persistence,2,9,21,0.07434783404217271,0.9523809523809523,21
reserve10,irradiance_only,geometric_persistence,2,10,23,0.059364498707301226,0.9565217391304348,23
reserve10,irradiance_only,geometric_persistence,2,11,23,0.07681408206195901,0.9130434782608695,23
reserve10,irradiance_only,geometric_persistence,2,12,23,0.08716742603900726,0.9565217391304348,23
reserve10,irradiance_only,geometric_persistence,2,13,23,0.06486160001476837,0.9565217391304348,23
reserve10,irradiance_only,geometric_persistence,2,14,24,0.05764270163109095,0.9583333333333334,24
reserve10,irradiance_only,geometric_persistence,2,15,21,0.08764738928871091,0.9523809523809523,21
reserve10,irradiance_only,geometric_persistence,2,16,24,0.07675455816846664,1.0,24
reserve10,irradiance_only,geometric_persistence,2,17,25,0.06962102381988278,0.96,25
reserve10,irradiance_only,geometric_persistence,2,18,24,0.07373752399438581,0.9583333333333334,24
reserve10,irradiance_only,geometric_persistence,2,19,25,0.08555925267341925,0.96,25
reserve10,irradiance_only,geometric_persistence,2,20,27,0.07746886409433197,0.8888888888888888,27
reserve10,irradiance_only,geometric_persistence,2,21,27,0.06946911607215517,0.8888888888888888,27
reserve10,irradiance_only,geometric_persistence,2,22,23,0.09463310341348806,0.8695652173913043,23
reserve10,irradiance_only,geometric_persistence,2,23,23,0.07325220872335128,1.0,23
reserve10,irradiance_only,geometric_persistence,3,0,25,0.08127909676424934,0.84,25
reserve10,irradiance_only,geometric_persistence,3,1,22,0.09524832495069496,0.9545454545454546,22
reserve10,irradiance_only,geometric_persistence,3,2,22,0.08053495801440282,0.9545454545454546,22
reserve10,irradiance_only,geometric_persistence,3,3,20,0.09079985366077682,0.9,20
reserve10,irradiance_only,geometric_persistence,3,4,17,0.10930446270718915,0.9411764705882353,17
reserve10,irradiance_only,geometric_persistence,3,5,19,0.09714679018290934,0.9473684210526315,19
reserve10,irradiance_only,geometric_persistence,3,6,20,0.08029929721901838,1.0,20
reserve10,irradiance_only,geometric_persistence,3,7,23,0.08858808018910154,1.0,23
reserve10,irradiance_only,geometric_persistence,3,8,21,0.11146161906201854,0.9047619047619048,21
reserve10,irradiance_only,geometric_persistence,3,9,23,0.0854929551953653,0.8695652173913043,23
reserve10,irradiance_only,geometric_persistence,3,10,23,0.08765558402453964,1.0,23
reserve10,irradiance_only,geometric_persistence,3,11,23,0.10216353605640503,1.0,23
reserve10,irradiance_only,geometric_persistence,3,12,23,0.09899876749864164,0.9565217391304348,23
reserve10,irradiance_only,geometric_persistence,3,13,24,0.08270825285574933,0.9166666666666666,24
reserve10,irradiance_only,geometric_persistence,3,14,21,0.1037509310226787,0.9047619047619048,21
reserve10,irradiance_only,geometric_persistence,3,15,24,0.1125005257089821,0.875,24
reserve10,irradiance_only,geometric_persistence,3,16,25,0.09914219422869466,0.96,25
reserve10,irradiance_only,geometric_persistence,3,17,24,0.10568539520169151,0.9166666666666666,24
reserve10,irradiance_only,geometric_persistence,3,18,25,0.10232815612694257,0.96,25
reserve10,irradiance_only,geometric_persistence,3,19,27,0.10715909512984485,0.8518518518518519,27
reserve10,irradiance_only,geometric_persistence,3,20,27,0.09018545881377778,0.9259259259259259,27
reserve10,irradiance_only,geometric_persistence,3,21,23,0.10617293506615866,0.8695652173913043,23
reserve10,irradiance_only,geometric_persistence,3,22,23,0.09919219617639144,0.9565217391304348,23
reserve10,irradiance_only,geometric_persistence,3,23,25,0.07598979869311949,1.0,25
reserve10,irradiance_only,geometric_persistence,4,0,22,0.0953212842644601,0.9545454545454546,22
reserve10,irradiance_only,geometric_persistence,4,1,22,0.09057922100348217,0.9545454545454546,22
reserve10,irradiance_only,geometric_persistence,4,2,20,0.09823502502707963,0.95,20
reserve10,irradiance_only,geometric_persistence,4,3,17,0.1392386483458795,0.8823529411764706,17
reserve10,irradiance_only,geometric_persistence,4,4,19,0.1107238532126175,0.9473684210526315,19
reserve10,irradiance_only,geometric_persistence,4,5,20,0.09829520975997694,1.0,20
reserve10,irradiance_only,geometric_persistence,4,6,23,0.1024994940537304,0.9565217391304348,23
reserve10,irradiance_only,geometric_persistence,4,7,21,0.10957788619930313,0.9523809523809523,21
reserve10,irradiance_only,geometric_persistence,4,8,23,0.11258376430054076,0.9130434782608695,23
reserve10,irradiance_only,geometric_persistence,4,9,23,0.11343465655278331,0.9565217391304348,23
reserve10,irradiance_only,geometric_persistence,4,10,23,0.11022592771958953,0.9565217391304348,23
reserve10,irradiance_only,geometric_persistence,4,11,23,0.11117635134338538,1.0,23
reserve10,irradiance_only,geometric_persistence,4,12,24,0.10566784946273967,0.875,24
reserve10,irradiance_only,geometric_persistence,4,13,21,0.1296049076155294,0.9047619047619048,21
reserve10,irradiance_only,geometric_persistence,4,14,24,0.12307961566493952,0.9166666666666666,24
reserve10,irradiance_only,geometric_persistence,4,15,25,0.12636662022794154,0.92,25
reserve10,irradiance_only,geometric_persistence,4,16,24,0.12807819260159345,0.9583333333333334,24
reserve10,irradiance_only,geometric_persistence,4,17,25,0.12858946362726875,0.88,25
reserve10,irradiance_only,geometric_persistence,4,18,27,0.1215978978178211,0.8518518518518519,27
reserve10,irradiance_only,geometric_persistence,4,19,27,0.11371874830645251,0.8518518518518519,27
reserve10,irradiance_only,geometric_persistence,4,20,23,0.12644911682130336,0.9130434782608695,23
reserve10,irradiance_only,geometric_persistence,4,21,23,0.11209148177407222,0.9130434782608695,23
reserve10,irradiance_only,geometric_persistence,4,22,25,0.09668529118849573,0.96,25
reserve10,irradiance_only,geometric_persistence,4,23,25,0.08027486692283298,0.92,25
reserve10,irradiance_only,mask50,1,0,22,0.044109202635104386,0.9090909090909091,22
reserve10,irradiance_only,mask50,1,1,24,0.038351677367405614,0.9583333333333334,24
reserve10,irradiance_only,mask50,1,2,25,0.039697557741283716,0.88,25
reserve10,irradiance_only,mask50,1,3,22,0.026506083378415465,0.9545454545454546,22
reserve10,irradiance_only,mask50,1,4,22,0.029474125181589348,1.0,22
reserve10,irradiance_only,mask50,1,5,20,0.034836010153951054,0.95,20
reserve10,irradiance_only,mask50,1,6,17,0.03717690657957622,1.0,17
reserve10,irradiance_only,mask50,1,7,19,0.035995684302514624,0.9473684210526315,19
reserve10,irradiance_only,mask50,1,8,20,0.04439094315731025,0.95,20
reserve10,irradiance_only,mask50,1,9,23,0.040244906130237255,0.9130434782608695,23
reserve10,irradiance_only,mask50,1,10,21,0.03543771332938564,0.9523809523809523,21
reserve10,irradiance_only,mask50,1,11,23,0.03759284320832585,0.8695652173913043,23
reserve10,irradiance_only,mask50,1,12,23,0.03830923602974097,0.8695652173913043,23
reserve10,irradiance_only,mask50,1,13,23,0.03474610566393543,0.7391304347826086,23
reserve10,irradiance_only,mask50,1,14,23,0.038281264473870175,0.8695652173913043,23
reserve10,irradiance_only,mask50,1,15,24,0.030461399334999233,0.875,24
reserve10,irradiance_only,mask50,1,16,21,0.0406828012584294,0.8095238095238095,21
reserve10,irradiance_only,mask50,1,17,24,0.02790213264826674,1.0,24
reserve10,irradiance_only,mask50,1,18,25,0.037234093129159866,0.88,25
reserve10,irradiance_only,mask50,1,19,24,0.041810153684452595,0.875,24
reserve10,irradiance_only,mask50,1,20,25,0.04428355966523861,0.84,25
reserve10,irradiance_only,mask50,1,21,27,0.026614873998628368,0.9259259259259259,27
reserve10,irradiance_only,mask50,1,22,27,0.038785548523552635,0.8888888888888888,27
reserve10,irradiance_only,mask50,1,23,23,0.045925401618151174,0.8260869565217391,23
reserve10,irradiance_only,mask50,2,0,24,0.04732202567877872,0.9583333333333334,24
reserve10,irradiance_only,mask50,2,1,25,0.04576712006617966,1.0,25
reserve10,irradiance_only,mask50,2,2,22,0.04503013452086734,0.9090909090909091,22
reserve10,irradiance_only,mask50,2,3,22,0.04030906280081917,1.0,22
reserve10,irradiance_only,mask50,2,4,20,0.03793169474006771,0.95,20
reserve10,irradiance_only,mask50,2,5,17,0.060208661717701624,1.0,17
reserve10,irradiance_only,mask50,2,6,19,0.04578973067697822,1.0,19
reserve10,irradiance_only,mask50,2,7,20,0.05411059513159629,0.95,20
reserve10,irradiance_only,mask50,2,8,23,0.05606291472474248,0.9130434782608695,23
reserve10,irradiance_only,mask50,2,9,21,0.053768956379035907,0.9523809523809523,21
reserve10,irradiance_only,mask50,2,10,23,0.05070298601243329,0.9565217391304348,23
reserve10,irradiance_only,mask50,2,11,23,0.050026478343094316,0.9565217391304348,23
reserve10,irradiance_only,mask50,2,12,23,0.0480756529974809,0.8695652173913043,23
reserve10,irradiance_only,mask50,2,13,23,0.05495340470929905,0.782608695652174,23
reserve10,irradiance_only,mask50,2,14,24,0.051468603939996894,0.875,24
reserve10,irradiance_only,mask50,2,15,21,0.06363111150868761,0.8571428571428571,21
reserve10,irradiance_only,mask50,2,16,24,0.050464556255877,0.7916666666666666,24
reserve10,irradiance_only,mask50,2,17,25,0.049597243822521266,0.92,25
reserve10,irradiance_only,mask50,2,18,24,0.0619370856511085,0.7916666666666666,24
reserve10,irradiance_only,mask50,2,19,25,0.05624467256002988,0.92,25
reserve10,irradiance_only,mask50,2,20,27,0.049441561621640186,0.9259259259259259,27
reserve10,irradiance_only,mask50,2,21,27,0.04295005414093637,0.9259259259259259,27
reserve10,irradiance_only,mask50,2,22,23,0.06306459135515709,0.8260869565217391,23
reserve10,irradiance_only,mask50,2,23,23,0.0660607569966091,0.8260869565217391,23
reserve10,irradiance_only,mask50,3,0,25,0.04344404406902926,0.96,25
reserve10,irradiance_only,mask50,3,1,22,0.04642458297662719,1.0,22
reserve10,irradiance_only,mask50,3,2,22,0.04483651040181155,1.0,22
reserve10,irradiance_only,mask50,3,3,20,0.04193723840931424,0.95,20
reserve10,irradiance_only,mask50,3,4,17,0.05840018114729645,1.0,17
reserve10,irradiance_only,mask50,3,5,19,0.0574070635784729,0.9473684210526315,19
reserve10,irradiance_only,mask50,3,6,20,0.05843386093482709,0.9,20
reserve10,irradiance_only,mask50,3,7,23,0.05874686854098068,0.9130434782608695,23
reserve10,irradiance_only,mask50,3,8,21,0.06807739941023232,0.9047619047619048,21
reserve10,irradiance_only,mask50,3,9,23,0.05481303811406679,0.8695652173913043,23
reserve10,irradiance_only,mask50,3,10,23,0.05322344863772842,0.9130434782608695,23
reserve10,irradiance_only,mask50,3,11,23,0.05622880774248189,0.8260869565217391,23
reserve10,irradiance_only,mask50,3,12,23,0.06314193028942235,0.8260869565217391,23
reserve10,irradiance_only,mask50,3,13,24,0.057999164860845664,0.8333333333333334,24
reserve10,irradiance_only,mask50,3,14,21,0.07283763507395495,0.8095238095238095,21
reserve10,irradiance_only,mask50,3,15,24,0.059775960831813225,0.8333333333333334,24
reserve10,irradiance_only,mask50,3,16,25,0.06126999454001238,0.8,25
reserve10,irradiance_only,mask50,3,17,24,0.07113604850383488,0.8333333333333334,24
reserve10,irradiance_only,mask50,3,18,25,0.06547494791960333,0.88,25
reserve10,irradiance_only,mask50,3,19,27,0.05522886542652712,0.8518518518518519,27
reserve10,irradiance_only,mask50,3,20,27,0.052977018633831814,0.8518518518518519,27
reserve10,irradiance_only,mask50,3,21,23,0.06009812420233421,0.8695652173913043,23
reserve10,irradiance_only,mask50,3,22,23,0.0715802594848592,0.8695652173913043,23
reserve10,irradiance_only,mask50,3,23,25,0.053594865039783376,0.84,25
reserve10,irradiance_only,mask50,4,0,22,0.04321769365569054,1.0,22
reserve10,irradiance_only,mask50,4,1,22,0.04556530351539352,1.0,22
reserve10,irradiance_only,mask50,4,2,20,0.044165922519655114,0.95,20
reserve10,irradiance_only,mask50,4,3,17,0.05984677028830573,1.0,17
reserve10,irradiance_only,mask50,4,4,19,0.061498675369801914,1.0,19
reserve10,irradiance_only,mask50,4,5,20,0.06258946160843068,0.9,20
reserve10,irradiance_only,mask50,4,6,23,0.058540749009526875,0.9130434782608695,23
reserve10,irradiance_only,mask50,4,7,21,0.07019254507678803,0.8571428571428571,21
reserve10,irradiance_only,mask50,4,8,23,0.06197129835786808,0.8695652173913043,23
reserve10,irradiance_only,mask50,4,9,23,0.0562386140762682,0.9130434782608695,23
reserve10,irradiance_only,mask50,4,10,23,0.05517492613670503,0.8260869565217391,23
reserve10,irradiance_only,mask50,4,11,23,0.06517364577264556,0.8260869565217391,23
reserve10,irradiance_only,mask50,4,12,24,0.05996596283776067,0.8333333333333334,24
reserve10,irradiance_only,mask50,4,13,21,0.08101658423660527,0.8095238095238095,21
reserve10,irradiance_only,mask50,4,14,24,0.0639622020302872,0.7916666666666666,24
reserve10,irradiance_only,mask50,4,15,25,0.06821614379972851,0.8,25
reserve10,irradiance_only,mask50,4,16,24,0.07837553639144958,0.7916666666666666,24
reserve10,irradiance_only,mask50,4,17,25,0.06907578780100775,0.88,25
reserve10,irradiance_only,mask50,4,18,27,0.057187860871364515,0.8518518518518519,27
reserve10,irradiance_only,mask50,4,19,27,0.05332528777897095,0.8888888888888888,27
reserve10,irradiance_only,mask50,4,20,23,0.062561533583901,0.9130434782608695,23
reserve10,irradiance_only,mask50,4,21,23,0.07164089118108066,0.8260869565217391,23
reserve10,irradiance_only,mask50,4,22,25,0.0560603389788495,0.84,25
reserve10,irradiance_only,mask50,4,23,25,0.046610606602509666,0.96,25
reserve10,irradiance_only,mi_recency,1,0,22,0.049794027104841015,0.9090909090909091,22
reserve10,irradiance_only,mi_recency,1,1,24,0.04537168863974269,0.9166666666666666,24
reserve10,irradiance_only,mi_recency,1,2,25,0.0471580126091713,0.84,25
reserve10,irradiance_only,mi_recency,1,3,22,0.028008893654246893,1.0,22
reserve10,irradiance_only,mi_recency,1,4,22,0.04059439211486184,0.8636363636363636,22
reserve10,irradiance_only,mi_recency,1,5,20,0.045219331122260856,0.85,20
reserve10,irradiance_only,mi_recency,1,6,17,0.03954160355769043,0.9411764705882353,17
reserve10,irradiance_only,mi_recency,1,7,19,0.037999854732183425,0.9473684210526315,19
reserve10,irradiance_only,mi_recency,1,8,20,0.051986611550096075,0.9,20
reserve10,irradiance_only,mi_recency,1,9,23,0.03989150913768851,0.8260869565217391,23
reserve10,irradiance_only,mi_recency,1,10,21,0.041250413214064044,0.8571428571428571,21
reserve10,irradiance_only,mi_recency,1,11,23,0.04504482644335754,0.9130434782608695,23
reserve10,irradiance_only,mi_recency,1,12,23,0.04534116286892929,0.8695652173913043,23
reserve10,irradiance_only,mi_recency,1,13,23,0.033885755368060815,0.9565217391304348,23
reserve10,irradiance_only,mi_recency,1,14,23,0.04170638306542973,0.9565217391304348,23
reserve10,irradiance_only,mi_recency,1,15,24,0.031142737402060767,0.9583333333333334,24
reserve10,irradiance_only,mi_recency,1,16,21,0.04593251210687023,0.9047619047619048,21
reserve10,irradiance_only,mi_recency,1,17,24,0.030722188335866957,0.9583333333333334,24
reserve10,irradiance_only,mi_recency,1,18,25,0.04070439574367665,0.88,25
reserve10,irradiance_only,mi_recency,1,19,24,0.04635506999829927,0.9583333333333334,24
reserve10,irradiance_only,mi_recency,1,20,25,0.04957820853394678,0.8,25
reserve10,irradiance_only,mi_recency,1,21,27,0.0321190894870301,0.9259259259259259,27
reserve10,irradiance_only,mi_recency,1,22,27,0.044033546608397686,0.9259259259259259,27
reserve10,irradiance_only,mi_recency,1,23,23,0.05729144268814213,0.8260869565217391,23
reserve10,irradiance_only,mi_recency,2,0,24,0.054658522943368336,0.9166666666666666,24
reserve10,irradiance_only,mi_recency,2,1,25,0.055870584785883456,0.92,25
reserve10,irradiance_only,mi_recency,2,2,22,0.046779072340154555,1.0,22
reserve10,irradiance_only,mi_recency,2,3,22,0.04807233111767266,0.9545454545454546,22
reserve10,irradiance_only,mi_recency,2,4,20,0.039333478784546676,1.0,20
reserve10,irradiance_only,mi_recency,2,5,17,0.06712359038179883,0.7647058823529411,17
reserve10,irradiance_only,mi_recency,2,6,19,0.058096019828560184,0.8947368421052632,19
reserve10,irradiance_only,mi_recency,2,7,20,0.06377923552690487,0.85,20
reserve10,irradiance_only,mi_recency,2,8,23,0.06407476843690885,0.8695652173913043,23
reserve10,irradiance_only,mi_recency,2,9,21,0.057958443297936736,0.8571428571428571,21
reserve10,irradiance_only,mi_recency,2,10,23,0.060664069160406314,0.8260869565217391,23
reserve10,irradiance_only,mi_recency,2,11,23,0.058734102050604774,0.8695652173913043,23
reserve10,irradiance_only,mi_recency,2,12,23,0.05521898796815912,0.8260869565217391,23
reserve10,irradiance_only,mi_recency,2,13,23,0.05854475678654551,0.8695652173913043,23
reserve10,irradiance_only,mi_recency,2,14,24,0.05494074850064481,0.9166666666666666,24
reserve10,irradiance_only,mi_recency,2,15,21,0.06814943077185805,0.8571428571428571,21
reserve10,irradiance_only,mi_recency,2,16,24,0.0449632836168894,0.9583333333333334,24
reserve10,irradiance_only,mi_recency,2,17,25,0.054384144830566444,0.96,25
reserve10,irradiance_only,mi_recency,2,18,24,0.07215626736694411,0.9166666666666666,24
reserve10,irradiance_only,mi_recency,2,19,25,0.06348123151894566,0.92,25
reserve10,irradiance_only,mi_recency,2,20,27,0.05708130525864395,0.9259259259259259,27
reserve10,irradiance_only,mi_recency,2,21,27,0.046619225365704245,0.9259259259259259,27
reserve10,irradiance_only,mi_recency,2,22,23,0.0792110631504113,0.8695652173913043,23
reserve10,irradiance_only,mi_recency,2,23,23,0.07384554475051551,0.8695652173913043,23
reserve10,irradiance_only,mi_recency,3,0,25,0.04704245356513065,1.0,25
reserve10,irradiance_only,mi_recency,3,1,22,0.05146500917511652,0.9545454545454546,22
reserve10,irradiance_only,mi_recency,3,2,22,0.050637380842662255,0.9545454545454546,22
reserve10,irradiance_only,mi_recency,3,3,20,0.04394828151863786,1.0,20
reserve10,irradiance_only,mi_recency,3,4,17,0.06332567262633354,0.9411764705882353,17
reserve10,irradiance_only,mi_recency,3,5,19,0.06616305311564398,0.8947368421052632,19
reserve10,irradiance_only,mi_recency,3,6,20,0.06715108747314939,0.9,20
reserve10,irradiance_only,mi_recency,3,7,23,0.06885450667934784,0.8695652173913043,23
reserve10,irradiance_only,mi_recency,3,8,21,0.07692402479613798,0.8571428571428571,21
reserve10,irradiance_only,mi_recency,3,9,23,0.06276893197629127,0.9565217391304348,23
reserve10,irradiance_only,mi_recency,3,10,23,0.05500930841431553,0.9565217391304348,23
reserve10,irradiance_only,mi_recency,3,11,23,0.05618092860228748,0.8695652173913043,23
reserve10,irradiance_only,mi_recency,3,12,23,0.06995715656329836,0.9130434782608695,23
reserve10,irradiance_only,mi_recency,3,13,24,0.06716695882654856,0.875,24
reserve10,irradiance_only,mi_recency,3,14,21,0.0808766635603236,0.8095238095238095,21
reserve10,irradiance_only,mi_recency,3,15,24,0.061115873254401876,0.875,24
reserve10,irradiance_only,mi_recency,3,16,25,0.06232243777895718,0.92,25
reserve10,irradiance_only,mi_recency,3,17,24,0.07439939640150452,0.9166666666666666,24
reserve10,irradiance_only,mi_recency,3,18,25,0.07406919132476524,0.96,25
reserve10,irradiance_only,mi_recency,3,19,27,0.0732627744275834,0.8518518518518519,27
reserve10,irradiance_only,mi_recency,3,20,27,0.056746331300542845,0.8888888888888888,27
reserve10,irradiance_only,mi_recency,3,21,23,0.07110295846771772,0.9130434782608695,23
reserve10,irradiance_only,mi_recency,3,22,23,0.08252743293888783,0.8260869565217391,23
reserve10,irradiance_only,mi_recency,3,23,25,0.05754320005960327,0.96,25
reserve10,irradiance_only,mi_recency,4,0,22,0.04642592678403672,1.0,22
reserve10,irradiance_only,mi_recency,4,1,22,0.05135006951616779,1.0,22
reserve10,irradiance_only,mi_recency,4,2,20,0.04733287698852666,1.0,20
reserve10,irradiance_only,mi_recency,4,3,17,0.07063531407696347,0.9411764705882353,17
reserve10,irradiance_only,mi_recency,4,4,19,0.06430866029261574,0.9473684210526315,19
reserve10,irradiance_only,mi_recency,4,5,20,0.07091607314608665,0.9,20
reserve10,irradiance_only,mi_recency,4,6,23,0.07103885944478079,0.8260869565217391,23
reserve10,irradiance_only,mi_recency,4,7,21,0.07948234932825467,0.8571428571428571,21
reserve10,irradiance_only,mi_recency,4,8,23,0.07350800189253719,0.8695652173913043,23
reserve10,irradiance_only,mi_recency,4,9,23,0.05782130483922919,0.9565217391304348,23
reserve10,irradiance_only,mi_recency,4,10,23,0.056274224798262155,1.0,23
reserve10,irradiance_only,mi_recency,4,11,23,0.0835635386242607,0.9130434782608695,23
reserve10,irradiance_only,mi_recency,4,12,24,0.07537098135715455,0.875,24
reserve10,irradiance_only,mi_recency,4,13,21,0.09331287813713561,0.8095238095238095,21
reserve10,irradiance_only,mi_recency,4,14,24,0.07319889856654421,0.8333333333333334,24
reserve10,irradiance_only,mi_recency,4,15,25,0.07444718673253338,0.84,25
reserve10,irradiance_only,mi_recency,4,16,24,0.08439055871002843,0.8333333333333334,24
reserve10,irradiance_only,mi_recency,4,17,25,0.08236843987591405,0.88,25
reserve10,irradiance_only,mi_recency,4,18,27,0.0750627838541401,0.8518518518518519,27
reserve10,irradiance_only,mi_recency,4,19,27,0.061850737861194695,0.9259259259259259,27
reserve10,irradiance_only,mi_recency,4,20,23,0.07004756106080469,0.9130434782608695,23
reserve10,irradiance_only,mi_recency,4,21,23,0.07348377744081833,0.8695652173913043,23
reserve10,irradiance_only,mi_recency,4,22,25,0.06890523884947576,0.92,25
reserve10,irradiance_only,mi_recency,4,23,25,0.05331076402483974,0.96,25
reserve10,irradiance_only,multiple_imputation,1,0,22,0.050448819739297775,0.8636363636363636,22
reserve10,irradiance_only,multiple_imputation,1,1,24,0.04672814371801709,0.7916666666666666,24
reserve10,irradiance_only,multiple_imputation,1,2,25,0.04922788969897812,0.8,25
reserve10,irradiance_only,multiple_imputation,1,3,22,0.027440372880960184,1.0,22
reserve10,irradiance_only,multiple_imputation,1,4,22,0.041022987329483535,0.8636363636363636,22
reserve10,irradiance_only,multiple_imputation,1,5,20,0.04501070004681528,0.85,20
reserve10,irradiance_only,multiple_imputation,1,6,17,0.0386444778589242,0.8235294117647058,17
reserve10,irradiance_only,multiple_imputation,1,7,19,0.03710198334410346,0.9473684210526315,19
reserve10,irradiance_only,multiple_imputation,1,8,20,0.05221171608135482,0.8,20
reserve10,irradiance_only,multiple_imputation,1,9,23,0.040476469534593,0.8260869565217391,23
reserve10,irradiance_only,multiple_imputation,1,10,21,0.04153823841251737,0.8571428571428571,21
reserve10,irradiance_only,multiple_imputation,1,11,23,0.04535548223942297,0.8695652173913043,23
reserve10,irradiance_only,multiple_imputation,1,12,23,0.04531351866165694,0.8695652173913043,23
reserve10,irradiance_only,multiple_imputation,1,13,23,0.03351564773450071,0.9130434782608695,23
reserve10,irradiance_only,multiple_imputation,1,14,23,0.04168324944088187,0.9565217391304348,23
reserve10,irradiance_only,multiple_imputation,1,15,24,0.03098732739634646,0.875,24
reserve10,irradiance_only,multiple_imputation,1,16,21,0.046864981317384584,0.8095238095238095,21
reserve10,irradiance_only,multiple_imputation,1,17,24,0.030360946480287195,0.9583333333333334,24
reserve10,irradiance_only,multiple_imputation,1,18,25,0.04016481536279416,0.88,25
reserve10,irradiance_only,multiple_imputation,1,19,24,0.046649178223698656,0.875,24
reserve10,irradiance_only,multiple_imputation,1,20,25,0.049904409334114073,0.8,25
reserve10,irradiance_only,multiple_imputation,1,21,27,0.03139008546082814,0.9259259259259259,27
reserve10,irradiance_only,multiple_imputation,1,22,27,0.04421900408013227,0.8518518518518519,27
reserve10,irradiance_only,multiple_imputation,1,23,23,0.05804979454058725,0.782608695652174,23
reserve10,irradiance_only,multiple_imputation,2,0,24,0.05654789833069057,0.8333333333333334,24
reserve10,irradiance_only,multiple_imputation,2,1,25,0.05946988711203458,0.76,25
reserve10,irradiance_only,multiple_imputation,2,2,22,0.04647183544634033,0.8181818181818182,22
reserve10,irradiance_only,multiple_imputation,2,3,22,0.04987619560035005,0.8636363636363636,22
reserve10,irradiance_only,multiple_imputation,2,4,20,0.03733575139663428,0.95,20
reserve10,irradiance_only,multiple_imputation,2,5,17,0.06901847680760742,0.7647058823529411,17
reserve10,irradiance_only,multiple_imputation,2,6,19,0.058252441692583944,0.7894736842105263,19
reserve10,irradiance_only,multiple_imputation,2,7,20,0.06522859058892035,0.8,20
reserve10,irradiance_only,multiple_imputation,2,8,23,0.06527521045387388,0.8260869565217391,23
reserve10,irradiance_only,multiple_imputation,2,9,21,0.05930647929176335,0.7142857142857143,21
reserve10,irradiance_only,multiple_imputation,2,10,23,0.06334649183186879,0.782608695652174,23
reserve10,irradiance_only,multiple_imputation,2,11,23,0.060730111969580766,0.8260869565217391,23
reserve10,irradiance_only,multiple_imputation,2,12,23,0.05760166299662001,0.782608695652174,23
reserve10,irradiance_only,multiple_imputation,2,13,23,0.05991397475300414,0.782608695652174,23
reserve10,irradiance_only,multiple_imputation,2,14,24,0.05475459742399973,0.9166666666666666,24
reserve10,irradiance_only,multiple_imputation,2,15,21,0.07006793278863555,0.8095238095238095,21
reserve10,irradiance_only,multiple_imputation,2,16,24,0.04454047121222016,0.875,24
reserve10,irradiance_only,multiple_imputation,2,17,25,0.05486878700838856,0.84,25
reserve10,irradiance_only,multiple_imputation,2,18,24,0.07452850935996799,0.75,24
reserve10,irradiance_only,multiple_imputation,2,19,25,0.06223728130893487,0.88,25
reserve10,irradiance_only,multiple_imputation,2,20,27,0.05705091355067817,0.8518518518518519,27
reserve10,irradiance_only,multiple_imputation,2,21,27,0.04669678006603272,0.8518518518518519,27
reserve10,irradiance_only,multiple_imputation,2,22,23,0.08015124287621199,0.8695652173913043,23
reserve10,irradiance_only,multiple_imputation,2,23,23,0.075548652556634,0.7391304347826086,23
reserve10,irradiance_only,multiple_imputation,3,0,25,0.046756680131895205,0.92,25
reserve10,irradiance_only,multiple_imputation,3,1,22,0.05236208653877283,0.8636363636363636,22
reserve10,irradiance_only,multiple_imputation,3,2,22,0.051149374300176825,0.8636363636363636,22
reserve10,irradiance_only,multiple_imputation,3,3,20,0.041062028265141784,1.0,20
reserve10,irradiance_only,multiple_imputation,3,4,17,0.06519527035422608,0.7647058823529411,17
reserve10,irradiance_only,multiple_imputation,3,5,19,0.06771649028221459,0.7368421052631579,19
reserve10,irradiance_only,multiple_imputation,3,6,20,0.07164370916675541,0.7,20
reserve10,irradiance_only,multiple_imputation,3,7,23,0.07018526567167103,0.8260869565217391,23
reserve10,irradiance_only,multiple_imputation,3,8,21,0.07843570119516426,0.8571428571428571,21
reserve10,irradiance_only,multiple_imputation,3,9,23,0.06436068780864977,0.8695652173913043,23
reserve10,irradiance_only,multiple_imputation,3,10,23,0.05590884782843344,0.8695652173913043,23
reserve10,irradiance_only,multiple_imputation,3,11,23,0.05897090226483397,0.782608695652174,23
reserve10,irradiance_only,multiple_imputation,3,12,23,0.07281290227676726,0.7391304347826086,23
reserve10,irradiance_only,multiple_imputation,3,13,24,0.06974198634471646,0.8333333333333334,24
reserve10,irradiance_only,multiple_imputation,3,14,21,0.08205068144146453,0.8095238095238095,21
reserve10,irradiance_only,multiple_imputation,3,15,24,0.061898403656686966,0.7916666666666666,24
reserve10,irradiance_only,multiple_imputation,3,16,25,0.0639769588694516,0.76,25
reserve10,irradiance_only,multiple_imputation,3,17,24,0.07613110303790338,0.7916666666666666,24
reserve10,irradiance_only,multiple_imputation,3,18,25,0.07605894416379998,0.76,25
reserve10,irradiance_only,multiple_imputation,3,19,27,0.0751965934477689,0.7777777777777778,27
reserve10,irradiance_only,multiple_imputation,3,20,27,0.057802307306766214,0.8148148148148148,27
reserve10,irradiance_only,multiple_imputation,3,21,23,0.07122274574734011,0.8695652173913043,23
reserve10,irradiance_only,multiple_imputation,3,22,23,0.08591908614045496,0.782608695652174,23
reserve10,irradiance_only,multiple_imputation,3,23,25,0.058899363165870036,0.84,25
reserve10,irradiance_only,multiple_imputation,4,0,22,0.04490575658090061,0.9090909090909091,22
reserve10,irradiance_only,multiple_imputation,4,1,22,0.05237799074440981,0.8636363636363636,22
reserve10,irradiance_only,multiple_imputation,4,2,20,0.043774439325238404,1.0,20
reserve10,irradiance_only,multiple_imputation,4,3,17,0.07480780427296511,0.6470588235294118,17
reserve10,irradiance_only,multiple_imputation,4,4,19,0.06640314152529683,0.8421052631578947,19
reserve10,irradiance_only,multiple_imputation,4,5,20,0.07833941800894137,0.7,20
reserve10,irradiance_only,multiple_imputation,4,6,23,0.07408281773804243,0.8260869565217391,23
reserve10,irradiance_only,multiple_imputation,4,7,21,0.08244911916506059,0.8095238095238095,21
reserve10,irradiance_only,multiple_imputation,4,8,23,0.07652385462736644,0.8260869565217391,23
reserve10,irradiance_only,multiple_imputation,4,9,23,0.05770027924465798,0.9130434782608695,23
reserve10,irradiance_only,multiple_imputation,4,10,23,0.05925113186452384,0.8260869565217391,23
reserve10,irradiance_only,multiple_imputation,4,11,23,0.08907491379019232,0.6521739130434783,23
reserve10,irradiance_only,multiple_imputation,4,12,24,0.0779024516662342,0.8333333333333334,24
reserve10,irradiance_only,multiple_imputation,4,13,21,0.09586113699961277,0.8095238095238095,21
reserve10,irradiance_only,multiple_imputation,4,14,24,0.07351945181707727,0.8333333333333334,24
reserve10,irradiance_only,multiple_imputation,4,15,25,0.0781241250909404,0.76,25
reserve10,irradiance_only,multiple_imputation,4,16,24,0.08720905350005846,0.75,24
reserve10,irradiance_only,multiple_imputation,4,17,25,0.08329340764342014,0.84,25
reserve10,irradiance_only,multiple_imputation,4,18,27,0.07888606158956589,0.7777777777777778,27
reserve10,irradiance_only,multiple_imputation,4,19,27,0.06385643248126908,0.7777777777777778,27
reserve10,irradiance_only,multiple_imputation,4,20,23,0.07321499438891126,0.8260869565217391,23
reserve10,irradiance_only,multiple_imputation,4,21,23,0.07692391959499556,0.8260869565217391,23
reserve10,irradiance_only,multiple_imputation,4,22,25,0.07407536454958166,0.8,25
reserve10,irradiance_only,multiple_imputation,4,23,25,0.05174193098493341,0.92,25
reserve10,irradiance_only,persistence,1,0,22,0.06597451341150663,0.9545454545454546,22
reserve10,irradiance_only,persistence,1,1,24,0.06521940179900083,0.9583333333333334,24
reserve10,irradiance_only,persistence,1,2,25,0.07434984028044217,0.96,25
reserve10,irradiance_only,persistence,1,3,22,0.06356772655037299,1.0,22
reserve10,irradiance_only,persistence,1,4,22,0.0712074788447936,0.9545454545454546,22
reserve10,irradiance_only,persistence,1,5,20,0.06663373009491921,0.95,20
reserve10,irradiance_only,persistence,1,6,17,0.0677762805160189,1.0,17
reserve10,irradiance_only,persistence,1,7,19,0.058792977395665504,0.9473684210526315,19
reserve10,irradiance_only,persistence,1,8,20,0.06285872854634353,1.0,20
reserve10,irradiance_only,persistence,1,9,23,0.07292638141526175,0.9130434782608695,23
reserve10,irradiance_only,persistence,1,10,21,0.05585332606039439,1.0,21
reserve10,irradiance_only,persistence,1,11,23,0.06944739845182638,0.9565217391304348,23
reserve10,irradiance_only,persistence,1,12,23,0.08077230918533718,0.8695652173913043,23
reserve10,irradiance_only,persistence,1,13,23,0.07050322555983807,0.9565217391304348,23
reserve10,irradiance_only,persistence,1,14,23,0.05337569284785381,1.0,23
reserve10,irradiance_only,persistence,1,15,24,0.053878118170041456,0.9583333333333334,24
reserve10,irradiance_only,persistence,1,16,21,0.0699883054089225,0.9523809523809523,21
reserve10,irradiance_only,persistence,1,17,24,0.06470168353170173,0.9583333333333334,24
reserve10,irradiance_only,persistence,1,18,25,0.06194420379889455,1.0,25
reserve10,irradiance_only,persistence,1,19,24,0.06907802229281816,0.9583333333333334,24
reserve10,irradiance_only,persistence,1,20,25,0.08054192497563775,0.92,25
reserve10,irradiance_only,persistence,1,21,27,0.06395326135723733,0.9259259259259259,27
reserve10,irradiance_only,persistence,1,22,27,0.06138140957900289,0.9629629629629629,27
reserve10,irradiance_only,persistence,1,23,23,0.0710652650382653,0.9565217391304348,23
reserve10,irradiance_only,persistence,2,0,24,0.089687769781591,1.0,24
reserve10,irradiance_only,persistence,2,1,25,0.10018972502172618,0.92,25
reserve10,irradiance_only,persistence,2,2,22,0.12020889793418076,0.9090909090909091,22
reserve10,irradiance_only,persistence,2,3,22,0.10099899028711058,0.9545454545454546,22
reserve10,irradiance_only,persistence,2,4,20,0.09607359535496386,0.95,20
reserve10,irradiance_only,persistence,2,5,17,0.11990538867040566,0.8823529411764706,17
reserve10,irradiance_only,persistence,2,6,19,0.09157017375604189,0.9473684210526315,19
reserve10,irradiance_only,persistence,2,7,20,0.08330555424016793,1.0,20
reserve10,irradiance_only,persistence,2,8,23,0.10545485294481106,1.0,23
reserve10,irradiance_only,persistence,2,9,21,0.11021421372995627,0.9047619047619048,21
reserve10,irradiance_only,persistence,2,10,23,0.09096919133117512,1.0,23
reserve10,irradiance_only,persistence,2,11,23,0.12388716444533791,0.9130434782608695,23
reserve10,irradiance_only,persistence,2,12,23,0.12682528693627995,0.9130434782608695,23
reserve10,irradiance_only,persistence,2,13,23,0.09942013031529597,0.8695652173913043,23
reserve10,irradiance_only,persistence,2,14,24,0.0817559748633034,0.9583333333333334,24
reserve10,irradiance_only,persistence,2,15,21,0.11878055868711025,0.9523809523809523,21
reserve10,irradiance_only,persistence,2,16,24,0.10622182401112529,0.9166666666666666,24
reserve10,irradiance_only,persistence,2,17,25,0.10139525698994473,1.0,25
reserve10,irradiance_only,persistence,2,18,24,0.10131528471695188,0.9583333333333334,24
reserve10,irradiance_only,persistence,2,19,25,0.12416258933046344,0.92,25
reserve10,irradiance_only,persistence,2,20,27,0.1176337904691043,0.8518518518518519,27
reserve10,irradiance_only,persistence,2,21,27,0.08600369255129597,0.9629629629629629,27
reserve10,irradiance_only,persistence,2,22,23,0.1145177859930494,0.9130434782608695,23
reserve10,irradiance_only,persistence,2,23,23,0.09863729034762274,0.9565217391304348,23
reserve10,irradiance_only,persistence,3,0,25,0.10390710597903911,0.96,25
reserve10,irradiance_only,persistence,3,1,22,0.1355396780159777,0.9090909090909091,22
reserve10,irradiance_only,persistence,3,2,22,0.12406021735657756,0.9545454545454546,22
reserve10,irradiance_only,persistence,3,3,20,0.11561396134579613,1.0,20
reserve10,irradiance_only,persistence,3,4,17,0.15350425255589736,0.8823529411764706,17
reserve10,irradiance_only,persistence,3,5,19,0.12095092881232097,0.9473684210526315,19
reserve10,irradiance_only,persistence,3,6,20,0.11136550530824829,1.0,20
reserve10,irradiance_only,persistence,3,7,23,0.12201496122601485,0.9565217391304348,23
reserve10,irradiance_only,persistence,3,8,21,0.13415262133057984,0.9047619047619048,21
reserve10,irradiance_only,persistence,3,9,23,0.1268270137921704,0.9565217391304348,23
reserve10,irradiance_only,persistence,3,10,23,0.14448290297138422,0.9565217391304348,23
reserve10,irradiance_only,persistence,3,11,23,0.14950855879138475,0.9130434782608695,23
reserve10,irradiance_only,persistence,3,12,23,0.14611859236766583,0.8695652173913043,23
reserve10,irradiance_only,persistence,3,13,24,0.11239106152485473,0.875,24
reserve10,irradiance_only,persistence,3,14,21,0.13688822204489087,0.9047619047619048,21
reserve10,irradiance_only,persistence,3,15,24,0.13810541426638231,0.875,24
reserve10,irradiance_only,persistence,3,16,25,0.1326614686332058,0.92,25
reserve10,irradiance_only,persistence,3,17,24,0.1296060528741275,0.9583333333333334,24
reserve10,irradiance_only,persistence,3,18,25,0.13425141357874149,0.88,25
reserve10,irradiance_only,persistence,3,19,27,0.15390999026203075,0.8518518518518519,27
reserve10,irradiance_only,persistence,3,20,27,0.11554394023049729,0.9629629629629629,27
reserve10,irradiance_only,persistence,3,21,23,0.1306535504818286,0.8695652173913043,23
reserve10,irradiance_only,persistence,3,22,23,0.13110843564272312,0.9565217391304348,23
reserve10,irradiance_only,persistence,3,23,25,0.12165824225093537,1.0,25
reserve10,irradiance_only,persistence,4,0,22,0.13042079643852425,0.9090909090909091,22
reserve10,irradiance_only,persistence,4,1,22,0.13242577828593652,0.9090909090909091,22
reserve10,irradiance_only,persistence,4,2,20,0.120544239540338,0.95,20
reserve10,irradiance_only,persistence,4,3,17,0.1610902399296281,0.8823529411764706,17
reserve10,irradiance_only,persistence,4,4,19,0.1401220863981382,0.9473684210526315,19
reserve10,irradiance_only,persistence,4,5,20,0.13362807765263604,0.95,20
reserve10,irradiance_only,persistence,4,6,23,0.1392156129939598,0.9565217391304348,23
reserve10,irradiance_only,persistence,4,7,21,0.14344238071603194,0.9523809523809523,21
reserve10,irradiance_only,persistence,4,8,23,0.1437613369089674,0.9565217391304348,23
reserve10,irradiance_only,persistence,4,9,23,0.18252375202404056,0.8695652173913043,23
reserve10,irradiance_only,persistence,4,10,23,0.1580076109146933,0.9565217391304348,23
reserve10,irradiance_only,persistence,4,11,23,0.15722340273728647,0.9130434782608695,23
reserve10,irradiance_only,persistence,4,12,24,0.13530718439798575,0.875,24
reserve10,irradiance_only,persistence,4,13,21,0.1627637422219438,0.9047619047619048,21
reserve10,irradiance_only,persistence,4,14,24,0.14081812748901643,0.9166666666666666,24
reserve10,irradiance_only,persistence,4,15,25,0.1492360593426233,0.92,25
reserve10,irradiance_only,persistence,4,16,24,0.15054708028070082,0.9166666666666666,24
reserve10,irradiance_only,persistence,4,17,25,0.14637612232706207,0.88,25
reserve10,irradiance_only,persistence,4,18,27,0.15800837377326624,0.8518518518518519,27
reserve10,irradiance_only,persistence,4,19,27,0.13714293727706128,0.9259259259259259,27
reserve10,irradiance_only,persistence,4,20,23,0.16386822605712528,0.8260869565217391,23
reserve10,irradiance_only,persistence,4,21,23,0.13723325354665777,0.9130434782608695,23
reserve10,irradiance_only,persistence,4,22,25,0.15269059625410286,0.96,25
reserve10,irradiance_only,persistence,4,23,25,0.13298453419234693,1.0,25
reserve10,irradiance_only,physical,1,0,22,0.043990055557826264,0.9090909090909091,22
reserve10,irradiance_only,physical,1,1,24,0.03837399740688648,0.9166666666666666,24
reserve10,irradiance_only,physical,1,2,25,0.039500835559214076,0.88,25
reserve10,irradiance_only,physical,1,3,22,0.02651008457113052,0.9545454545454546,22
reserve10,irradiance_only,physical,1,4,22,0.02951102402120699,1.0,22
reserve10,irradiance_only,physical,1,5,20,0.03506831035553613,0.95,20
reserve10,irradiance_only,physical,1,6,17,0.037052598153502106,1.0,17
reserve10,irradiance_only,physical,1,7,19,0.03599203692907132,0.9473684210526315,19
reserve10,irradiance_only,physical,1,8,20,0.044152960002045896,0.95,20
reserve10,irradiance_only,physical,1,9,23,0.03982622534026934,0.9130434782608695,23
reserve10,irradiance_only,physical,1,10,21,0.03545605025292041,0.9523809523809523,21
reserve10,irradiance_only,physical,1,11,23,0.03743550945895402,0.8695652173913043,23
reserve10,irradiance_only,physical,1,12,23,0.0383153062844268,0.8695652173913043,23
reserve10,irradiance_only,physical,1,13,23,0.0348000839116847,0.7391304347826086,23
reserve10,irradiance_only,physical,1,14,23,0.03838344961856579,0.8695652173913043,23
reserve10,irradiance_only,physical,1,15,24,0.030212020849675267,0.875,24
reserve10,irradiance_only,physical,1,16,21,0.040205548209842304,0.8571428571428571,21
reserve10,irradiance_only,physical,1,17,24,0.027941678911201587,1.0,24
reserve10,irradiance_only,physical,1,18,25,0.037346178731361986,0.88,25
reserve10,irradiance_only,physical,1,19,24,0.041489938107939155,0.8333333333333334,24
reserve10,irradiance_only,physical,1,20,25,0.043993729285424256,0.84,25
reserve10,irradiance_only,physical,1,21,27,0.02647054446200363,0.9629629629629629,27
reserve10,irradiance_only,physical,1,22,27,0.03892520276848765,0.9259259259259259,27
reserve10,irradiance_only,physical,1,23,23,0.045887311361412796,0.8260869565217391,23
reserve10,irradiance_only,physical,2,0,24,0.04728959305104635,0.9583333333333334,24
reserve10,irradiance_only,physical,2,1,25,0.04587262906738214,1.0,25
reserve10,irradiance_only,physical,2,2,22,0.045409153805260775,0.9090909090909091,22
reserve10,irradiance_only,physical,2,3,22,0.04055200521894038,1.0,22
reserve10,irradiance_only,physical,2,4,20,0.03853673300170196,0.95,20
reserve10,irradiance_only,physical,2,5,17,0.0601676967215119,1.0,17
reserve10,irradiance_only,physical,2,6,19,0.0457896262575059,1.0,19
reserve10,irradiance_only,physical,2,7,20,0.0540285223720506,0.95,20
reserve10,irradiance_only,physical,2,8,23,0.05589926687669666,0.9130434782608695,23
reserve10,irradiance_only,physical,2,9,21,0.05353003434303997,0.9523809523809523,21
reserve10,irradiance_only,physical,2,10,23,0.05054881979034454,0.9565217391304348,23
reserve10,irradiance_only,physical,2,11,23,0.05004506800876941,0.9565217391304348,23
reserve10,irradiance_only,physical,2,12,23,0.048547736315243784,0.8260869565217391,23
reserve10,irradiance_only,physical,2,13,23,0.055173892198122854,0.782608695652174,23
reserve10,irradiance_only,physical,2,14,24,0.051910539118677816,0.875,24
reserve10,irradiance_only,physical,2,15,21,0.06365913340077659,0.8571428571428571,21
reserve10,irradiance_only,physical,2,16,24,0.05064409283154538,0.7916666666666666,24
reserve10,irradiance_only,physical,2,17,25,0.04957613753803848,0.92,25
reserve10,irradiance_only,physical,2,18,24,0.06201248357969561,0.7916666666666666,24
reserve10,irradiance_only,physical,2,19,25,0.05623389950431313,0.92,25
reserve10,irradiance_only,physical,2,20,27,0.049131988737130705,0.9259259259259259,27
reserve10,irradiance_only,physical,2,21,27,0.043037364388459676,0.9629629629629629,27
reserve10,irradiance_only,physical,2,22,23,0.06308293729019454,0.8260869565217391,23
reserve10,irradiance_only,physical,2,23,23,0.06589205769724506,0.8695652173913043,23
reserve10,irradiance_only,physical,3,0,25,0.043550509129543065,0.96,25
reserve10,irradiance_only,physical,3,1,22,0.046859512427156046,1.0,22
reserve10,irradiance_only,physical,3,2,22,0.045108929329355285,1.0,22
reserve10,irradiance_only,physical,3,3,20,0.04266242512017803,0.95,20
reserve10,irradiance_only,physical,3,4,17,0.05851269822522628,1.0,17
reserve10,irradiance_only,physical,3,5,19,0.05743093056321316,0.9473684210526315,19
reserve10,irradiance_only,physical,3,6,20,0.05832387564765944,0.9,20
reserve10,irradiance_only,physical,3,7,23,0.05855750569651418,0.9130434782608695,23
reserve10,irradiance_only,physical,3,8,21,0.06765705631597939,0.9523809523809523,21
reserve10,irradiance_only,physical,3,9,23,0.05439550848944735,0.8695652173913043,23
reserve10,irradiance_only,physical,3,10,23,0.05300206290526971,0.9130434782608695,23
reserve10,irradiance_only,physical,3,11,23,0.056497710718765436,0.8260869565217391,23
reserve10,irradiance_only,physical,3,12,23,0.06361338939479581,0.782608695652174,23
reserve10,irradiance_only,physical,3,13,24,0.05778416624242207,0.8333333333333334,24
reserve10,irradiance_only,physical,3,14,21,0.07281455102427249,0.8095238095238095,21
reserve10,irradiance_only,physical,3,15,24,0.059609332171071026,0.8333333333333334,24
reserve10,irradiance_only,physical,3,16,25,0.061164273414445657,0.8,25
reserve10,irradiance_only,physical,3,17,24,0.07145021249513596,0.8333333333333334,24
reserve10,irradiance_only,physical,3,18,25,0.06613940689173227,0.88,25
reserve10,irradiance_only,physical,3,19,27,0.054991924390334214,0.8518518518518519,27
reserve10,irradiance_only,physical,3,20,27,0.05316909975105618,0.8888888888888888,27
reserve10,irradiance_only,physical,3,21,23,0.06048520523573557,0.8695652173913043,23
reserve10,irradiance_only,physical,3,22,23,0.07081541182914192,0.9130434782608695,23
reserve10,irradiance_only,physical,3,23,25,0.05315043746568196,0.84,25
reserve10,irradiance_only,physical,4,0,22,0.043481111629494584,1.0,22
reserve10,irradiance_only,physical,4,1,22,0.04624155430662486,1.0,22
reserve10,irradiance_only,physical,4,2,20,0.044895374589473,0.95,20
reserve10,irradiance_only,physical,4,3,17,0.05999901565389625,1.0,17
reserve10,irradiance_only,physical,4,4,19,0.06178837108158815,1.0,19
reserve10,irradiance_only,physical,4,5,20,0.06251610440198814,0.9,20
reserve10,irradiance_only,physical,4,6,23,0.058342110903947475,0.9130434782608695,23
reserve10,irradiance_only,physical,4,7,21,0.07026585492574526,0.8571428571428571,21
reserve10,irradiance_only,physical,4,8,23,0.061800582951824896,0.8695652173913043,23
reserve10,irradiance_only,physical,4,9,23,0.05593001472020405,0.9130434782608695,23
reserve10,irradiance_only,physical,4,10,23,0.05541370790277198,0.782608695652174,23
reserve10,irradiance_only,physical,4,11,23,0.06559491292056134,0.8260869565217391,23
reserve10,irradiance_only,physical,4,12,24,0.06015173307465783,0.875,24
reserve10,irradiance_only,physical,4,13,21,0.0810607971053931,0.8095238095238095,21
reserve10,irradiance_only,physical,4,14,24,0.06389062595175041,0.8333333333333334,24
reserve10,irradiance_only,physical,4,15,25,0.06802986701077522,0.8,25
reserve10,irradiance_only,physical,4,16,24,0.0783748595382094,0.7916666666666666,24
reserve10,irradiance_only,physical,4,17,25,0.06949178813360883,0.88,25
reserve10,irradiance_only,physical,4,18,27,0.05709736290692847,0.8888888888888888,27
reserve10,irradiance_only,physical,4,19,27,0.053721109859666556,0.8888888888888888,27
reserve10,irradiance_only,physical,4,20,23,0.0627506587928878,0.9130434782608695,23
reserve10,irradiance_only,physical,4,21,23,0.07106483061463639,0.8260869565217391,23
reserve10,irradiance_only,physical,4,22,25,0.05546518451465647,0.88,25
reserve10,irradiance_only,physical,4,23,25,0.04654632136452535,0.96,25
reserve10,irradiance_only,physical_availability,1,0,22,0.04399189429760036,0.9090909090909091,22
reserve10,irradiance_only,physical_availability,1,1,24,0.03830582546749717,0.9166666666666666,24
reserve10,irradiance_only,physical_availability,1,2,25,0.03942937314414351,0.88,25
reserve10,irradiance_only,physical_availability,1,3,22,0.026568588065603062,0.9545454545454546,22
reserve10,irradiance_only,physical_availability,1,4,22,0.02955204892004001,1.0,22
reserve10,irradiance_only,physical_availability,1,5,20,0.03500460824982916,0.95,20
reserve10,irradiance_only,physical_availability,1,6,17,0.03703796620100895,1.0,17
reserve10,irradiance_only,physical_availability,1,7,19,0.03599356073438311,0.9473684210526315,19
reserve10,irradiance_only,physical_availability,1,8,20,0.04409285066311609,0.95,20
reserve10,irradiance_only,physical_availability,1,9,23,0.039792844089106987,0.9130434782608695,23
reserve10,irradiance_only,physical_availability,1,10,21,0.035507718110112815,0.9523809523809523,21
reserve10,irradiance_only,physical_availability,1,11,23,0.03738381853614611,0.8695652173913043,23
reserve10,irradiance_only,physical_availability,1,12,23,0.0382550999407519,0.8695652173913043,23
reserve10,irradiance_only,physical_availability,1,13,23,0.03482224885988449,0.7391304347826086,23
reserve10,irradiance_only,physical_availability,1,14,23,0.03838363060545844,0.8695652173913043,23
reserve10,irradiance_only,physical_availability,1,15,24,0.030246502881604635,0.875,24
reserve10,irradiance_only,physical_availability,1,16,21,0.0400509733563375,0.9047619047619048,21
reserve10,irradiance_only,physical_availability,1,17,24,0.0278627384382731,1.0,24
reserve10,irradiance_only,physical_availability,1,18,25,0.0373258603781248,0.92,25
reserve10,irradiance_only,physical_availability,1,19,24,0.04186075068058303,0.875,24
reserve10,irradiance_only,physical_availability,1,20,25,0.044171158795675174,0.88,25
reserve10,irradiance_only,physical_availability,1,21,27,0.026585259162102838,0.9629629629629629,27
reserve10,irradiance_only,physical_availability,1,22,27,0.03880688809017647,0.9259259259259259,27
reserve10,irradiance_only,physical_availability,1,23,23,0.045675111386066905,0.8260869565217391,23
reserve10,irradiance_only,physical_availability,2,0,24,0.047301599165814084,1.0,24
reserve10,irradiance_only,physical_availability,2,1,25,0.045770083652078394,1.0,25
reserve10,irradiance_only,physical_availability,2,2,22,0.045149523444537286,0.9090909090909091,22
reserve10,irradiance_only,physical_availability,2,3,22,0.04055348268643761,1.0,22
reserve10,irradiance_only,physical_availability,2,4,20,0.03854028650757632,0.95,20
reserve10,irradiance_only,physical_availability,2,5,17,0.06006486201725602,1.0,17
reserve10,irradiance_only,physical_availability,2,6,19,0.045701970727542424,1.0,19
reserve10,irradiance_only,physical_availability,2,7,20,0.05384146227389236,0.95,20
reserve10,irradiance_only,physical_availability,2,8,23,0.05574343727509272,0.9130434782608695,23
reserve10,irradiance_only,physical_availability,2,9,21,0.05348632752427508,0.9523809523809523,21
reserve10,irradiance_only,physical_availability,2,10,23,0.0506282973541618,0.9565217391304348,23
reserve10,irradiance_only,physical_availability,2,11,23,0.05001597381264728,0.9565217391304348,23
reserve10,irradiance_only,physical_availability,2,12,23,0.0483186960346296,0.8260869565217391,23
reserve10,irradiance_only,physical_availability,2,13,23,0.05514962597314802,0.782608695652174,23
reserve10,irradiance_only,physical_availability,2,14,24,0.051722453470108835,0.875,24
reserve10,irradiance_only,physical_availability,2,15,21,0.0634709698186845,0.8571428571428571,21
reserve10,irradiance_only,physical_availability,2,16,24,0.05040764843842072,0.7916666666666666,24
reserve10,irradiance_only,physical_availability,2,17,25,0.049187629000251434,0.92,25
reserve10,irradiance_only,physical_availability,2,18,24,0.061737752493931014,0.7916666666666666,24
reserve10,irradiance_only,physical_availability,2,19,25,0.05651543782859182,0.92,25
reserve10,irradiance_only,physical_availability,2,20,27,0.049466298230336124,0.8888888888888888,27
reserve10,irradiance_only,physical_availability,2,21,27,0.0431281540517249,0.9259259259259259,27
reserve10,irradiance_only,physical_availability,2,22,23,0.06280313505649705,0.9130434782608695,23
reserve10,irradiance_only,physical_availability,2,23,23,0.06582638239402754,0.8695652173913043,23
reserve10,irradiance_only,physical_availability,3,0,25,0.043610524997701336,0.96,25
reserve10,irradiance_only,physical_availability,3,1,22,0.04679586485256901,1.0,22
reserve10,irradiance_only,physical_availability,3,2,22,0.04501830633630241,1.0,22
reserve10,irradiance_only,physical_availability,3,3,20,0.04262150416050418,0.95,20
reserve10,irradiance_only,physical_availability,3,4,17,0.05834986203200681,1.0,17
reserve10,irradiance_only,physical_availability,3,5,19,0.057377479973317276,0.9473684210526315,19
reserve10,irradiance_only,physical_availability,3,6,20,0.05844142073178242,0.9,20
reserve10,irradiance_only,physical_availability,3,7,23,0.05844163524955485,0.9130434782608695,23
reserve10,irradiance_only,physical_availability,3,8,21,0.06749759423075609,0.9523809523809523,21
reserve10,irradiance_only,physical_availability,3,9,23,0.05438311021968476,0.8695652173913043,23
reserve10,irradiance_only,physical_availability,3,10,23,0.05285796381852304,0.9130434782608695,23
reserve10,irradiance_only,physical_availability,3,11,23,0.05631768678835987,0.8260869565217391,23
reserve10,irradiance_only,physical_availability,3,12,23,0.06345796497697666,0.782608695652174,23
reserve10,irradiance_only,physical_availability,3,13,24,0.057861194046977114,0.8333333333333334,24
reserve10,irradiance_only,physical_availability,3,14,21,0.07272471634150957,0.8095238095238095,21
reserve10,irradiance_only,physical_availability,3,15,24,0.05972213385717041,0.8333333333333334,24
reserve10,irradiance_only,physical_availability,3,16,25,0.06084916456839216,0.8,25
reserve10,irradiance_only,physical_availability,3,17,24,0.07136892493751039,0.8333333333333334,24
reserve10,irradiance_only,physical_availability,3,18,25,0.06641538053332036,0.92,25
reserve10,irradiance_only,physical_availability,3,19,27,0.05534699188187346,0.8888888888888888,27
reserve10,irradiance_only,physical_availability,3,20,27,0.05303096082144181,0.8518518518518519,27
reserve10,irradiance_only,physical_availability,3,21,23,0.060283249133104226,0.8695652173913043,23
reserve10,irradiance_only,physical_availability,3,22,23,0.07096340815585236,0.8695652173913043,23
reserve10,irradiance_only,physical_availability,3,23,25,0.053054895695724545,0.84,25
reserve10,irradiance_only,physical_availability,4,0,22,0.04360672970271753,1.0,22
reserve10,irradiance_only,physical_availability,4,1,22,0.04617312835361183,1.0,22
reserve10,irradiance_only,physical_availability,4,2,20,0.04477337971002969,0.95,20
reserve10,irradiance_only,physical_availability,4,3,17,0.05987634540670812,1.0,17
reserve10,irradiance_only,physical_availability,4,4,19,0.061594068751466204,1.0,19
reserve10,irradiance_only,physical_availability,4,5,20,0.06233211107721319,0.9,20
reserve10,irradiance_only,physical_availability,4,6,23,0.05847989225532664,0.9130434782608695,23
reserve10,irradiance_only,physical_availability,4,7,21,0.07008089567558293,0.8571428571428571,21
reserve10,irradiance_only,physical_availability,4,8,23,0.06166594275906388,0.8695652173913043,23
reserve10,irradiance_only,physical_availability,4,9,23,0.05590081821354068,0.9130434782608695,23
reserve10,irradiance_only,physical_availability,4,10,23,0.055503959658660056,0.782608695652174,23
reserve10,irradiance_only,physical_availability,4,11,23,0.06562175963111576,0.8260869565217391,23
reserve10,irradiance_only,physical_availability,4,12,24,0.05996113461429801,0.875,24
reserve10,irradiance_only,physical_availability,4,13,21,0.0808783164973102,0.8095238095238095,21
reserve10,irradiance_only,physical_availability,4,14,24,0.06377215118924634,0.8333333333333334,24
reserve10,irradiance_only,physical_availability,4,15,25,0.06781181280283959,0.8,25
reserve10,irradiance_only,physical_availability,4,16,24,0.07840450594172423,0.7916666666666666,24
reserve10,irradiance_only,physical_availability,4,17,25,0.06979196022160189,0.88,25
reserve10,irradiance_only,physical_availability,4,18,27,0.05740453482266849,0.8518518518518519,27
reserve10,irradiance_only,physical_availability,4,19,27,0.05371726445520824,0.8888888888888888,27
reserve10,irradiance_only,physical_availability,4,20,23,0.06290938976730139,0.9130434782608695,23
reserve10,irradiance_only,physical_availability,4,21,23,0.07100695903628411,0.8260869565217391,23
reserve10,irradiance_only,physical_availability,4,22,25,0.05564512134103019,0.84,25
reserve10,irradiance_only,physical_availability,4,23,25,0.04654233485047577,0.96,25
reserve10,irradiance_only,physical_recovery,1,0,22,0.043847200523244374,0.9090909090909091,22
reserve10,irradiance_only,physical_recovery,1,1,24,0.038320152395035355,0.9166666666666666,24
reserve10,irradiance_only,physical_recovery,1,2,25,0.039655555233608364,0.88,25
reserve10,irradiance_only,physical_recovery,1,3,22,0.026427180267464823,0.9545454545454546,22
reserve10,irradiance_only,physical_recovery,1,4,22,0.02956813197627743,1.0,22
reserve10,irradiance_only,physical_recovery,1,5,20,0.035058299521067086,0.95,20
reserve10,irradiance_only,physical_recovery,1,6,17,0.036874701219038415,1.0,17
reserve10,irradiance_only,physical_recovery,1,7,19,0.03595817454466791,0.9473684210526315,19
reserve10,irradiance_only,physical_recovery,1,8,20,0.04418988006523622,0.95,20
reserve10,irradiance_only,physical_recovery,1,9,23,0.039903803466780505,0.9130434782608695,23
reserve10,irradiance_only,physical_recovery,1,10,21,0.03541609229780281,0.9523809523809523,21
reserve10,irradiance_only,physical_recovery,1,11,23,0.037363929895218195,0.8260869565217391,23
reserve10,irradiance_only,physical_recovery,1,12,23,0.038376964115364356,0.8695652173913043,23
reserve10,irradiance_only,physical_recovery,1,13,23,0.03488658812211094,0.7391304347826086,23
reserve10,irradiance_only,physical_recovery,1,14,23,0.03834973853471712,0.8695652173913043,23
reserve10,irradiance_only,physical_recovery,1,15,24,0.030183015621562993,0.875,24
reserve10,irradiance_only,physical_recovery,1,16,21,0.03998248690419474,0.9047619047619048,21
reserve10,irradiance_only,physical_recovery,1,17,24,0.027909452683454794,1.0,24
reserve10,irradiance_only,physical_recovery,1,18,25,0.03734067936281211,0.92,25
reserve10,irradiance_only,physical_recovery,1,19,24,0.042142513626832356,0.875,24
reserve10,irradiance_only,physical_recovery,1,20,25,0.04410950698954639,0.84,25
reserve10,irradiance_only,physical_recovery,1,21,27,0.026616296512901167,0.9629629629629629,27
reserve10,irradiance_only,physical_recovery,1,22,27,0.038904090890584886,0.9259259259259259,27
reserve10,irradiance_only,physical_recovery,1,23,23,0.04569420346449162,0.8695652173913043,23
reserve10,irradiance_only,physical_recovery,2,0,24,0.04726746011883448,0.9583333333333334,24
reserve10,irradiance_only,physical_recovery,2,1,25,0.045873907133379015,1.0,25
reserve10,irradiance_only,physical_recovery,2,2,22,0.045003718400620896,0.9090909090909091,22
reserve10,irradiance_only,physical_recovery,2,3,22,0.04023656987117314,1.0,22
reserve10,irradiance_only,physical_recovery,2,4,20,0.03813005200006704,0.95,20
reserve10,irradiance_only,physical_recovery,2,5,17,0.05995830048212503,1.0,17
reserve10,irradiance_only,physical_recovery,2,6,19,0.04569584904621489,1.0,19
reserve10,irradiance_only,physical_recovery,2,7,20,0.05419848119427787,0.95,20
reserve10,irradiance_only,physical_recovery,2,8,23,0.056006712712633626,0.9130434782608695,23
reserve10,irradiance_only,physical_recovery,2,9,21,0.053405841454775685,0.9523809523809523,21
reserve10,irradiance_only,physical_recovery,2,10,23,0.05062263917524157,0.9565217391304348,23
reserve10,irradiance_only,physical_recovery,2,11,23,0.04999663696214594,0.9565217391304348,23
reserve10,irradiance_only,physical_recovery,2,12,23,0.048241459365592806,0.9130434782608695,23
reserve10,irradiance_only,physical_recovery,2,13,23,0.055297220757472725,0.782608695652174,23
reserve10,irradiance_only,physical_recovery,2,14,24,0.05185552091139639,0.875,24
reserve10,irradiance_only,physical_recovery,2,15,21,0.0635938803123354,0.8571428571428571,21
reserve10,irradiance_only,physical_recovery,2,16,24,0.05045458753000983,0.7916666666666666,24
reserve10,irradiance_only,physical_recovery,2,17,25,0.04930416962870444,0.92,25
reserve10,irradiance_only,physical_recovery,2,18,24,0.06185254772406013,0.7916666666666666,24
reserve10,irradiance_only,physical_recovery,2,19,25,0.05659658669205126,0.92,25
reserve10,irradiance_only,physical_recovery,2,20,27,0.04945048502933625,0.8888888888888888,27
reserve10,irradiance_only,physical_recovery,2,21,27,0.043136643084726374,0.9259259259259259,27
reserve10,irradiance_only,physical_recovery,2,22,23,0.06286113799576121,0.9130434782608695,23
reserve10,irradiance_only,physical_recovery,2,23,23,0.06585244884013709,0.8695652173913043,23
reserve10,irradiance_only,physical_recovery,3,0,25,0.04343675281110175,0.96,25
reserve10,irradiance_only,physical_recovery,3,1,22,0.046491667048517954,1.0,22
reserve10,irradiance_only,physical_recovery,3,2,22,0.04474412478332585,1.0,22
reserve10,irradiance_only,physical_recovery,3,3,20,0.042117796151454744,0.95,20
reserve10,irradiance_only,physical_recovery,3,4,17,0.05824117873017339,1.0,17
reserve10,irradiance_only,physical_recovery,3,5,19,0.0574805140174893,0.9473684210526315,19
reserve10,irradiance_only,physical_recovery,3,6,20,0.058519374685922575,0.9,20
reserve10,irradiance_only,physical_recovery,3,7,23,0.05891719635855,0.9130434782608695,23
reserve10,irradiance_only,physical_recovery,3,8,21,0.06810119936952046,0.9523809523809523,21
reserve10,irradiance_only,physical_recovery,3,9,23,0.05486147823217268,0.8695652173913043,23
reserve10,irradiance_only,physical_recovery,3,10,23,0.05316976386621953,0.9130434782608695,23
reserve10,irradiance_only,physical_recovery,3,11,23,0.05616527528091364,0.8260869565217391,23
reserve10,irradiance_only,physical_recovery,3,12,23,0.06328484667273784,0.782608695652174,23
reserve10,irradiance_only,physical_recovery,3,13,24,0.05790034509909655,0.8333333333333334,24
reserve10,irradiance_only,physical_recovery,3,14,21,0.07284363789912557,0.8095238095238095,21
reserve10,irradiance_only,physical_recovery,3,15,24,0.05971288416328316,0.8333333333333334,24
reserve10,irradiance_only,physical_recovery,3,16,25,0.06104907818879079,0.8,25
reserve10,irradiance_only,physical_recovery,3,17,24,0.07158138723453934,0.8333333333333334,24
reserve10,irradiance_only,physical_recovery,3,18,25,0.0663054012901552,0.92,25
reserve10,irradiance_only,physical_recovery,3,19,27,0.055391476210110965,0.8888888888888888,27
reserve10,irradiance_only,physical_recovery,3,20,27,0.052940202442676894,0.8518518518518519,27
reserve10,irradiance_only,physical_recovery,3,21,23,0.06029361956631003,0.9130434782608695,23
reserve10,irradiance_only,physical_recovery,3,22,23,0.07099119530793421,0.8695652173913043,23
reserve10,irradiance_only,physical_recovery,3,23,25,0.053070083126456336,0.84,25
reserve10,irradiance_only,physical_recovery,4,0,22,0.04321247512179356,1.0,22
reserve10,irradiance_only,physical_recovery,4,1,22,0.04579357033966553,1.0,22
reserve10,irradiance_only,physical_recovery,4,2,20,0.044381877199283534,0.95,20
reserve10,irradiance_only,physical_recovery,4,3,17,0.05969007976100788,1.0,17
reserve10,irradiance_only,physical_recovery,4,4,19,0.06150447455858049,1.0,19
reserve10,irradiance_only,physical_recovery,4,5,20,0.06286676370594213,0.9,20
reserve10,irradiance_only,physical_recovery,4,6,23,0.05880928020332836,0.9130434782608695,23
reserve10,irradiance_only,physical_recovery,4,7,21,0.07082637451658118,0.8571428571428571,21
reserve10,irradiance_only,physical_recovery,4,8,23,0.06260695406640314,0.8695652173913043,23
reserve10,irradiance_only,physical_recovery,4,9,23,0.0564050073784993,0.9130434782608695,23
reserve10,irradiance_only,physical_recovery,4,10,23,0.055585591231442535,0.8260869565217391,23
reserve10,irradiance_only,physical_recovery,4,11,23,0.06555041409590896,0.8260869565217391,23
reserve10,irradiance_only,physical_recovery,4,12,24,0.060002191125238385,0.8333333333333334,24
reserve10,irradiance_only,physical_recovery,4,13,21,0.08107635973813204,0.8095238095238095,21
reserve10,irradiance_only,physical_recovery,4,14,24,0.06384178810681103,0.8333333333333334,24
reserve10,irradiance_only,physical_recovery,4,15,25,0.06815788952095236,0.8,25
reserve10,irradiance_only,physical_recovery,4,16,24,0.07854528495210986,0.7916666666666666,24
reserve10,irradiance_only,physical_recovery,4,17,25,0.06984734236185454,0.88,25
reserve10,irradiance_only,physical_recovery,4,18,27,0.05735946083696568,0.8518518518518519,27
reserve10,irradiance_only,physical_recovery,4,19,27,0.05364513559009529,0.8888888888888888,27
reserve10,irradiance_only,physical_recovery,4,20,23,0.0628898689709439,0.9130434782608695,23
reserve10,irradiance_only,physical_recovery,4,21,23,0.07084246685764276,0.8260869565217391,23
reserve10,irradiance_only,physical_recovery,4,22,25,0.05565428057178304,0.88,25
reserve10,irradiance_only,physical_recovery,4,23,25,0.046480803296483374,0.96,25
reserve10,irradiance_only,previous_day,1,0,22,0.11485004220079623,0.8636363636363636,22
reserve10,irradiance_only,previous_day,1,1,24,0.10164339782606113,0.8333333333333334,24
reserve10,irradiance_only,previous_day,1,2,25,0.06158620831652211,0.92,25
reserve10,irradiance_only,previous_day,1,3,22,0.060636821887576346,0.9545454545454546,22
reserve10,irradiance_only,previous_day,1,4,22,0.06765177776377937,0.9090909090909091,22
reserve10,irradiance_only,previous_day,1,5,20,0.08421418638556546,0.9,20
reserve10,irradiance_only,previous_day,1,6,17,0.07931045802746722,0.9411764705882353,17
reserve10,irradiance_only,previous_day,1,7,19,0.07275028114141939,1.0,19
reserve10,irradiance_only,previous_day,1,8,20,0.10859215836256378,0.85,20
reserve10,irradiance_only,previous_day,1,9,23,0.11933918342692622,0.782608695652174,23
reserve10,irradiance_only,previous_day,1,10,21,0.13354706831787538,0.8095238095238095,21
reserve10,irradiance_only,previous_day,1,11,23,0.1009652564531481,0.8695652173913043,23
reserve10,irradiance_only,previous_day,1,12,23,0.06789393215439218,0.9565217391304348,23
reserve10,irradiance_only,previous_day,1,13,23,0.09561715786281796,0.8260869565217391,23
reserve10,irradiance_only,previous_day,1,14,23,0.12437140596500203,0.782608695652174,23
reserve10,irradiance_only,previous_day,1,15,24,0.09982907211380827,0.8333333333333334,24
reserve10,irradiance_only,previous_day,1,16,21,0.12070648446022128,0.8571428571428571,21
reserve10,irradiance_only,previous_day,1,17,24,0.09843622837454384,0.8333333333333334,24
reserve10,irradiance_only,previous_day,1,18,25,0.10493727108651361,0.92,25
reserve10,irradiance_only,previous_day,1,19,24,0.1499379692073324,0.75,24
reserve10,irradiance_only,previous_day,1,20,25,0.11901883006394133,0.88,25
reserve10,irradiance_only,previous_day,1,21,27,0.09871788413128307,0.9259259259259259,27
reserve10,irradiance_only,previous_day,1,22,27,0.1086891351635015,0.8518518518518519,27
reserve10,irradiance_only,previous_day,1,23,23,0.1468973246919458,0.782608695652174,23
reserve10,irradiance_only,previous_day,2,0,24,0.10024816425409226,0.8333333333333334,24
reserve10,irradiance_only,previous_day,2,1,25,0.06116758583792517,0.92,25
reserve10,irradiance_only,previous_day,2,2,22,0.06120817800046865,1.0,22
reserve10,irradiance_only,previous_day,2,3,22,0.0678200677709976,0.9090909090909091,22
reserve10,irradiance_only,previous_day,2,4,20,0.08338120453018708,0.95,20
reserve10,irradiance_only,previous_day,2,5,17,0.0794813115566539,0.9411764705882353,17
reserve10,irradiance_only,previous_day,2,6,19,0.07344441257286631,1.0,19
reserve10,irradiance_only,previous_day,2,7,20,0.10790499815773809,0.85,20
reserve10,irradiance_only,previous_day,2,8,23,0.11829739311691254,0.782608695652174,23
reserve10,irradiance_only,previous_day,2,9,21,0.132541627562004,0.8095238095238095,21
reserve10,irradiance_only,previous_day,2,10,23,0.09991391571072722,0.9130434782608695,23
reserve10,irradiance_only,previous_day,2,11,23,0.06840602599970423,0.9565217391304348,23
reserve10,irradiance_only,previous_day,2,12,23,0.09545146112013826,0.8260869565217391,23
reserve10,irradiance_only,previous_day,2,13,23,0.12388319219408551,0.782608695652174,23
reserve10,irradiance_only,previous_day,2,14,24,0.09946609912439325,0.8333333333333334,24
reserve10,irradiance_only,previous_day,2,15,21,0.12030957744429764,0.8571428571428571,21
reserve10,irradiance_only,previous_day,2,16,24,0.09846197919051604,0.8333333333333334,24
reserve10,irradiance_only,previous_day,2,17,25,0.10437319056802721,0.92,25
reserve10,irradiance_only,previous_day,2,18,24,0.14718421792990893,0.7916666666666666,24
reserve10,irradiance_only,previous_day,2,19,25,0.11785176869364371,0.88,25
reserve10,irradiance_only,previous_day,2,20,27,0.09776534090620276,0.9259259259259259,27
reserve10,irradiance_only,previous_day,2,21,27,0.10771102376645565,0.8888888888888888,27
reserve10,irradiance_only,previous_day,2,22,23,0.14492694504270184,0.782608695652174,23
reserve10,irradiance_only,previous_day,2,23,23,0.14422516137378458,0.8260869565217391,23
reserve10,irradiance_only,previous_day,3,0,25,0.055541666992091836,0.96,25
reserve10,irradiance_only,previous_day,3,1,22,0.061769907127106526,1.0,22
reserve10,irradiance_only,previous_day,3,2,22,0.0676920599379638,0.9545454545454546,22
reserve10,irradiance_only,previous_day,3,3,20,0.08278392230782312,0.95,20
reserve10,irradiance_only,previous_day,3,4,17,0.07960190957920668,0.9411764705882353,17
reserve10,irradiance_only,previous_day,3,5,19,0.07448067850675796,1.0,19
reserve10,irradiance_only,previous_day,3,6,20,0.10682652893909439,0.9,20
reserve10,irradiance_only,previous_day,3,7,23,0.11691190301066623,0.782608695652174,23
reserve10,irradiance_only,previous_day,3,8,21,0.13123385745464855,0.8095238095238095,21
reserve10,irradiance_only,previous_day,3,9,23,0.09876766535714285,0.9130434782608695,23
reserve10,irradiance_only,previous_day,3,10,23,0.0690767488144225,0.9565217391304348,23
reserve10,irradiance_only,previous_day,3,11,23,0.09558520094665039,0.9130434782608695,23
reserve10,irradiance_only,previous_day,3,12,23,0.12366250744445059,0.782608695652174,23
reserve10,irradiance_only,previous_day,3,13,24,0.09905724386479592,0.8333333333333334,24
reserve10,irradiance_only,previous_day,3,14,21,0.12020484309908486,0.9047619047619048,21
reserve10,irradiance_only,previous_day,3,15,24,0.09848200081880669,0.8333333333333334,24
reserve10,irradiance_only,previous_day,3,16,25,0.10470380374226192,0.92,25
reserve10,irradiance_only,previous_day,3,17,24,0.1459663507212833,0.7916666666666666,24
reserve10,irradiance_only,previous_day,3,18,25,0.11753177390569727,0.88,25
reserve10,irradiance_only,previous_day,3,19,27,0.09738344377015622,0.9259259259259259,27
reserve10,irradiance_only,previous_day,3,20,27,0.10732353967576845,0.8888888888888888,27
reserve10,irradiance_only,previous_day,3,21,23,0.14343596269733436,0.8695652173913043,23
reserve10,irradiance_only,previous_day,3,22,23,0.1438386398636683,0.8260869565217391,23
reserve10,irradiance_only,previous_day,3,23,25,0.09481319127040816,0.88,25
reserve10,irradiance_only,previous_day,4,0,22,0.06206411436253479,1.0,22
reserve10,irradiance_only,previous_day,4,1,22,0.06780591458207715,0.9545454545454546,22
reserve10,irradiance_only,previous_day,4,2,20,0.0823161644870323,1.0,20
reserve10,irradiance_only,previous_day,4,3,17,0.07974886749699879,0.9411764705882353,17
reserve10,irradiance_only,previous_day,4,4,19,0.07509183449773989,1.0,19
reserve10,irradiance_only,previous_day,4,5,20,0.10618844213520409,0.9,20
reserve10,irradiance_only,previous_day,4,6,23,0.1162001280066918,0.782608695652174,23
reserve10,irradiance_only,previous_day,4,7,21,0.1307674619871639,0.8095238095238095,21
reserve10,irradiance_only,previous_day,4,8,23,0.09809231945522774,0.9130434782608695,23
reserve10,irradiance_only,previous_day,4,9,23,0.06954242765417037,0.9565217391304348,23
reserve10,irradiance_only,previous_day,4,10,23,0.09595218167396849,0.9130434782608695,23
reserve10,irradiance_only,previous_day,4,11,23,0.12384161814339321,0.782608695652174,23
reserve10,irradiance_only,previous_day,4,12,24,0.09892915942327452,0.8333333333333334,24
reserve10,irradiance_only,previous_day,4,13,21,0.12036109875253077,0.9047619047619048,21
reserve10,irradiance_only,previous_day,4,14,24,0.09868686699192177,0.8333333333333334,24
reserve10,irradiance_only,previous_day,4,15,25,0.10496448113265305,0.92,25
reserve10,irradiance_only,previous_day,4,16,24,0.1453863058550347,0.7916666666666666,24
reserve10,irradiance_only,previous_day,4,17,25,0.11749681972517007,0.88,25
reserve10,irradiance_only,previous_day,4,18,27,0.0973540059435626,0.9629629629629629,27
reserve10,irradiance_only,previous_day,4,19,27,0.10707656461388258,0.8888888888888888,27
reserve10,irradiance_only,previous_day,4,20,23,0.14286388311363132,0.8695652173913043,23
reserve10,irradiance_only,previous_day,4,21,23,0.14376529775981586,0.8260869565217391,23
reserve10,irradiance_only,previous_day,4,22,25,0.09173552932083333,0.88,25
reserve10,irradiance_only,previous_day,4,23,25,0.06477414860442175,0.96,25
reserve10,irradiance_only,raw,1,0,22,0.0440717711763579,0.9090909090909091,22
reserve10,irradiance_only,raw,1,1,24,0.03805728555342122,0.875,24
reserve10,irradiance_only,raw,1,2,25,0.039920839346856,0.88,25
reserve10,irradiance_only,raw,1,3,22,0.025987703499513938,0.9545454545454546,22
reserve10,irradiance_only,raw,1,4,22,0.029044664361979822,0.9545454545454546,22
reserve10,irradiance_only,raw,1,5,20,0.03504758880366088,0.95,20
reserve10,irradiance_only,raw,1,6,17,0.03726099470814462,0.9411764705882353,17
reserve10,irradiance_only,raw,1,7,19,0.035578479836152734,0.9473684210526315,19
reserve10,irradiance_only,raw,1,8,20,0.044583362932960516,0.95,20
reserve10,irradiance_only,raw,1,9,23,0.040131818605830726,0.9130434782608695,23
reserve10,irradiance_only,raw,1,10,21,0.03500872022508125,0.9523809523809523,21
reserve10,irradiance_only,raw,1,11,23,0.0383486463025318,0.8695652173913043,23
reserve10,irradiance_only,raw,1,12,23,0.03879191136411209,0.8260869565217391,23
reserve10,irradiance_only,raw,1,13,23,0.03551504321551406,0.7391304347826086,23
reserve10,irradiance_only,raw,1,14,23,0.03879599800783839,0.782608695652174,23
reserve10,irradiance_only,raw,1,15,24,0.03051588419437276,0.7916666666666666,24
reserve10,irradiance_only,raw,1,16,21,0.040963088336468514,0.8095238095238095,21
reserve10,irradiance_only,raw,1,17,24,0.028338635112972563,0.875,24
reserve10,irradiance_only,raw,1,18,25,0.03769055507983449,0.8,25
reserve10,irradiance_only,raw,1,19,24,0.04149650712672095,0.8333333333333334,24
reserve10,irradiance_only,raw,1,20,25,0.04449897689559559,0.76,25
reserve10,irradiance_only,raw,1,21,27,0.026325937498417253,0.9259259259259259,27
reserve10,irradiance_only,raw,1,22,27,0.03926774599146205,0.7777777777777778,27
reserve10,irradiance_only,raw,1,23,23,0.04616637170369358,0.782608695652174,23
reserve10,irradiance_only,raw,2,0,24,0.04715352290546803,0.9166666666666666,24
reserve10,irradiance_only,raw,2,1,25,0.04546602110210804,1.0,25
reserve10,irradiance_only,raw,2,2,22,0.044737080650711886,0.8636363636363636,22
reserve10,irradiance_only,raw,2,3,22,0.04004513552844793,0.9545454545454546,22
reserve10,irradiance_only,raw,2,4,20,0.03706173349930454,0.9,20
reserve10,irradiance_only,raw,2,5,17,0.06004512948999697,0.9411764705882353,17
reserve10,irradiance_only,raw,2,6,19,0.04575064319313549,0.9473684210526315,19
reserve10,irradiance_only,raw,2,7,20,0.05431730403062279,0.9,20
reserve10,irradiance_only,raw,2,8,23,0.05571489526797885,0.8260869565217391,23
reserve10,irradiance_only,raw,2,9,21,0.05335072045928352,0.9047619047619048,21
reserve10,irradiance_only,raw,2,10,23,0.051627019628921265,0.7391304347826086,23
reserve10,irradiance_only,raw,2,11,23,0.050341504133295786,0.782608695652174,23
reserve10,irradiance_only,raw,2,12,23,0.04942375579652625,0.7391304347826086,23
reserve10,irradiance_only,raw,2,13,23,0.05663633546411793,0.7391304347826086,23
reserve10,irradiance_only,raw,2,14,24,0.052324838076842746,0.7916666666666666,24
reserve10,irradiance_only,raw,2,15,21,0.06498732588939798,0.7142857142857143,21
reserve10,irradiance_only,raw,2,16,24,0.05149546203911956,0.75,24
reserve10,irradiance_only,raw,2,17,25,0.050804778416497234,0.72,25
reserve10,irradiance_only,raw,2,18,24,0.062321271530132005,0.75,24
reserve10,irradiance_only,raw,2,19,25,0.05605311696575459,0.84,25
reserve10,irradiance_only,raw,2,20,27,0.0498417089239483,0.8148148148148148,27
reserve10,irradiance_only,raw,2,21,27,0.043161733021374014,0.8888888888888888,27
reserve10,irradiance_only,raw,2,22,23,0.06373597166961163,0.782608695652174,23
reserve10,irradiance_only,raw,2,23,23,0.06704403824348469,0.7391304347826086,23
reserve10,irradiance_only,raw,3,0,25,0.04303437177634231,0.92,25
reserve10,irradiance_only,raw,3,1,22,0.046125680825796496,0.9545454545454546,22
reserve10,irradiance_only,raw,3,2,22,0.044130973863503335,0.9545454545454546,22
reserve10,irradiance_only,raw,3,3,20,0.04125367288222274,0.85,20
reserve10,irradiance_only,raw,3,4,17,0.057833298507385174,0.9411764705882353,17
reserve10,irradiance_only,raw,3,5,19,0.05755845374438389,0.8947368421052632,19
reserve10,irradiance_only,raw,3,6,20,0.0598255354815995,0.75,20
reserve10,irradiance_only,raw,3,7,23,0.058265898979341084,0.8695652173913043,23
reserve10,irradiance_only,raw,3,8,21,0.06761604202693706,0.8571428571428571,21
reserve10,irradiance_only,raw,3,9,23,0.05525832504253712,0.782608695652174,23
reserve10,irradiance_only,raw,3,10,23,0.053914122911432064,0.782608695652174,23
reserve10,irradiance_only,raw,3,11,23,0.05730322977420097,0.782608695652174,23
reserve10,irradiance_only,raw,3,12,23,0.06514442453213197,0.7391304347826086,23
reserve10,irradiance_only,raw,3,13,24,0.058694813286698226,0.7916666666666666,24
reserve10,irradiance_only,raw,3,14,21,0.07471458045537234,0.7142857142857143,21
reserve10,irradiance_only,raw,3,15,24,0.06152674207798222,0.7083333333333334,24
reserve10,irradiance_only,raw,3,16,25,0.06314981743884816,0.72,25
reserve10,irradiance_only,raw,3,17,24,0.07223212919475736,0.7916666666666666,24
reserve10,irradiance_only,raw,3,18,25,0.064991908278566,0.84,25
reserve10,irradiance_only,raw,3,19,27,0.05540909620894888,0.8518518518518519,27
reserve10,irradiance_only,raw,3,20,27,0.05340931343890292,0.7777777777777778,27
reserve10,irradiance_only,raw,3,21,23,0.06122722629440554,0.7391304347826086,23
reserve10,irradiance_only,raw,3,22,23,0.07327777212358651,0.7391304347826086,23
reserve10,irradiance_only,raw,3,23,25,0.054618544317914505,0.72,25
reserve10,irradiance_only,raw,4,0,22,0.04268877771210517,0.9545454545454546,22
reserve10,irradiance_only,raw,4,1,22,0.04437117450151787,0.9545454545454546,22
reserve10,irradiance_only,raw,4,2,20,0.04338294660620727,0.85,20
reserve10,irradiance_only,raw,4,3,17,0.0588687513175223,1.0,17
reserve10,irradiance_only,raw,4,4,19,0.0618483526914571,0.8947368421052632,19
reserve10,irradiance_only,raw,4,5,20,0.06438087964648517,0.7,20
reserve10,irradiance_only,raw,4,6,23,0.058225683229026305,0.8260869565217391,23
reserve10,irradiance_only,raw,4,7,21,0.06996390337570493,0.8095238095238095,21
reserve10,irradiance_only,raw,4,8,23,0.06229978753182363,0.782608695652174,23
reserve10,irradiance_only,raw,4,9,23,0.057939791247155537,0.782608695652174,23
reserve10,irradiance_only,raw,4,10,23,0.057226943238457235,0.7391304347826086,23
reserve10,irradiance_only,raw,4,11,23,0.06702996688856752,0.6956521739130435,23
reserve10,irradiance_only,raw,4,12,24,0.061043194560676146,0.75,24
reserve10,irradiance_only,raw,4,13,21,0.08284951152997692,0.7619047619047619,21
reserve10,irradiance_only,raw,4,14,24,0.06546956395641766,0.7083333333333334,24
reserve10,irradiance_only,raw,4,15,25,0.06965185508754707,0.76,25
reserve10,irradiance_only,raw,4,16,24,0.07911318003570506,0.75,24
reserve10,irradiance_only,raw,4,17,25,0.06849185858368984,0.8,25
reserve10,irradiance_only,raw,4,18,27,0.057598284806152165,0.8518518518518519,27
reserve10,irradiance_only,raw,4,19,27,0.053938955881156526,0.8148148148148148,27
reserve10,irradiance_only,raw,4,20,23,0.06254250019996929,0.8260869565217391,23
reserve10,irradiance_only,raw,4,21,23,0.0729074274659791,0.7391304347826086,23
reserve10,irradiance_only,raw,4,22,25,0.05739361088719803,0.76,25
reserve10,irradiance_only,raw,4,23,25,0.047057842890878394,0.84,25
reserve10,irradiance_only,recency,1,0,22,0.04401559042099215,0.9090909090909091,22
reserve10,irradiance_only,recency,1,1,24,0.038454840478949016,0.9166666666666666,24
reserve10,irradiance_only,recency,1,2,25,0.03985749645610762,0.88,25
reserve10,irradiance_only,recency,1,3,22,0.026396103398462212,0.9545454545454546,22
reserve10,irradiance_only,recency,1,4,22,0.02941313320129326,1.0,22
reserve10,irradiance_only,recency,1,5,20,0.03481537653152897,0.95,20
reserve10,irradiance_only,recency,1,6,17,0.037192596632016225,1.0,17
reserve10,irradiance_only,recency,1,7,19,0.03599106801734086,0.9473684210526315,19
reserve10,irradiance_only,recency,1,8,20,0.04448441006345257,0.95,20
reserve10,irradiance_only,recency,1,9,23,0.04030194593066358,0.9130434782608695,23
reserve10,irradiance_only,recency,1,10,21,0.03538197844901144,0.9523809523809523,21
reserve10,irradiance_only,recency,1,11,23,0.03758682199801859,0.8695652173913043,23
reserve10,irradiance_only,recency,1,12,23,0.038422466007386254,0.8695652173913043,23
reserve10,irradiance_only,recency,1,13,23,0.03491646795016789,0.7391304347826086,23
reserve10,irradiance_only,recency,1,14,23,0.03840705884327588,0.8695652173913043,23
reserve10,irradiance_only,recency,1,15,24,0.030429360163044896,0.875,24
reserve10,irradiance_only,recency,1,16,21,0.040829816068087964,0.8095238095238095,21
reserve10,irradiance_only,recency,1,17,24,0.027943538087803105,1.0,24
reserve10,irradiance_only,recency,1,18,25,0.037332548901383565,0.88,25
reserve10,irradiance_only,recency,1,19,24,0.041750011092419846,0.875,24
reserve10,irradiance_only,recency,1,20,25,0.04434517163221985,0.8,25
reserve10,irradiance_only,recency,1,21,27,0.02648670637204759,0.9259259259259259,27
reserve10,irradiance_only,recency,1,22,27,0.03886475434527138,0.9259259259259259,27
reserve10,irradiance_only,recency,1,23,23,0.04593649138934848,0.8260869565217391,23
reserve10,irradiance_only,recency,2,0,24,0.047316865831747386,0.9583333333333334,24
reserve10,irradiance_only,recency,2,1,25,0.04582305323742147,1.0,25
reserve10,irradiance_only,recency,2,2,22,0.04518435870407767,0.9090909090909091,22
reserve10,irradiance_only,recency,2,3,22,0.04025741400601595,1.0,22
reserve10,irradiance_only,recency,2,4,20,0.0379094433333621,0.95,20
reserve10,irradiance_only,recency,2,5,17,0.06030299628127006,1.0,17
reserve10,irradiance_only,recency,2,6,19,0.045825935780963986,1.0,19
reserve10,irradiance_only,recency,2,7,20,0.054302741542230804,0.95,20
reserve10,irradiance_only,recency,2,8,23,0.05613178165997681,0.9130434782608695,23
reserve10,irradiance_only,recency,2,9,21,0.05375747237559893,0.9523809523809523,21
reserve10,irradiance_only,recency,2,10,23,0.05061937106359137,0.9565217391304348,23
reserve10,irradiance_only,recency,2,11,23,0.05003776690814286,0.9565217391304348,23
reserve10,irradiance_only,recency,2,12,23,0.04838651544211029,0.8260869565217391,23
reserve10,irradiance_only,recency,2,13,23,0.05515696214037111,0.782608695652174,23
reserve10,irradiance_only,recency,2,14,24,0.051690413921835564,0.875,24
reserve10,irradiance_only,recency,2,15,21,0.06383886123225967,0.8095238095238095,21
reserve10,irradiance_only,recency,2,16,24,0.050690049561615824,0.7916666666666666,24
reserve10,irradiance_only,recency,2,17,25,0.04989061881562629,0.92,25
reserve10,irradiance_only,recency,2,18,24,0.06216603192613241,0.7916666666666666,24
reserve10,irradiance_only,recency,2,19,25,0.05626322627275836,0.88,25
reserve10,irradiance_only,recency,2,20,27,0.0494317180981173,0.8888888888888888,27
reserve10,irradiance_only,recency,2,21,27,0.04286043396913732,0.9259259259259259,27
reserve10,irradiance_only,recency,2,22,23,0.06317335992027508,0.8260869565217391,23
reserve10,irradiance_only,recency,2,23,23,0.06613475577215923,0.8260869565217391,23
reserve10,irradiance_only,recency,3,0,25,0.043347878532970036,0.96,25
reserve10,irradiance_only,recency,3,1,22,0.04628863436699282,1.0,22
reserve10,irradiance_only,recency,3,2,22,0.04483323574070565,0.9545454545454546,22
reserve10,irradiance_only,recency,3,3,20,0.04180860550152982,0.95,20
reserve10,irradiance_only,recency,3,4,17,0.05838300643562376,1.0,17
reserve10,irradiance_only,recency,3,5,19,0.057394028672427454,0.9473684210526315,19
reserve10,irradiance_only,recency,3,6,20,0.058583638966629395,0.9,20
reserve10,irradiance_only,recency,3,7,23,0.05888176539603936,0.9130434782608695,23
reserve10,irradiance_only,recency,3,8,21,0.06804676801054442,0.9047619047619048,21
reserve10,irradiance_only,recency,3,9,23,0.05490911789184509,0.8695652173913043,23
reserve10,irradiance_only,recency,3,10,23,0.05323133033556186,0.9130434782608695,23
reserve10,irradiance_only,recency,3,11,23,0.05646506283217012,0.8260869565217391,23
reserve10,irradiance_only,recency,3,12,23,0.06341245762966616,0.782608695652174,23
reserve10,irradiance_only,recency,3,13,24,0.05798605232239323,0.8333333333333334,24
reserve10,irradiance_only,recency,3,14,21,0.0730365649715407,0.8095238095238095,21
reserve10,irradiance_only,recency,3,15,24,0.05982487184392098,0.8333333333333334,24
reserve10,irradiance_only,recency,3,16,25,0.061475986737607256,0.8,25
reserve10,irradiance_only,recency,3,17,24,0.07129553028026601,0.8333333333333334,24
reserve10,irradiance_only,recency,3,18,25,0.06552316456134163,0.88,25
reserve10,irradiance_only,recency,3,19,27,0.055107836715213535,0.8518518518518519,27
reserve10,irradiance_only,recency,3,20,27,0.0529159030280776,0.8518518518518519,27
reserve10,irradiance_only,recency,3,21,23,0.060268076936932785,0.8695652173913043,23
reserve10,irradiance_only,recency,3,22,23,0.07148298202263903,0.8695652173913043,23
reserve10,irradiance_only,recency,3,23,25,0.053550823909676984,0.84,25
reserve10,irradiance_only,recency,4,0,22,0.04313297614965832,1.0,22
reserve10,irradiance_only,recency,4,1,22,0.045592920867024864,1.0,22
reserve10,irradiance_only,recency,4,2,20,0.04418349055258365,0.95,20
reserve10,irradiance_only,recency,4,3,17,0.05988496614417215,1.0,17
reserve10,irradiance_only,recency,4,4,19,0.061507963390768354,1.0,19
reserve10,irradiance_only,recency,4,5,20,0.06283145688257427,0.9,20
reserve10,irradiance_only,recency,4,6,23,0.05856310508298296,0.9130434782608695,23
reserve10,irradiance_only,recency,4,7,21,0.07030418704110203,0.8571428571428571,21
reserve10,irradiance_only,recency,4,8,23,0.062029580869456306,0.8695652173913043,23
reserve10,irradiance_only,recency,4,9,23,0.05636214081376052,0.9130434782608695,23
reserve10,irradiance_only,recency,4,10,23,0.05529056018638956,0.782608695652174,23
reserve10,irradiance_only,recency,4,11,23,0.06532093956870971,0.8260869565217391,23
reserve10,irradiance_only,recency,4,12,24,0.06010838908424839,0.8333333333333334,24
reserve10,irradiance_only,recency,4,13,21,0.08123144289889407,0.8095238095238095,21
reserve10,irradiance_only,recency,4,14,24,0.06427963711231587,0.7916666666666666,24
reserve10,irradiance_only,recency,4,15,25,0.06831154272985354,0.8,25
reserve10,irradiance_only,recency,4,16,24,0.07838826749658653,0.7916666666666666,24
reserve10,irradiance_only,recency,4,17,25,0.06904801789218609,0.84,25
reserve10,irradiance_only,recency,4,18,27,0.05721706405204657,0.8518518518518519,27
reserve10,irradiance_only,recency,4,19,27,0.05340568829733732,0.8518518518518519,27
reserve10,irradiance_only,recency,4,20,23,0.06255641360330365,0.9130434782608695,23
reserve10,irradiance_only,recency,4,21,23,0.07159096284987011,0.8260869565217391,23
reserve10,irradiance_only,recency,4,22,25,0.05585835259288371,0.84,25
reserve10,irradiance_only,recency,4,23,25,0.046554527769338494,0.96,25
reserve10,irradiance_only,rolling,1,0,22,0.044080694283129225,0.9090909090909091,22
reserve10,irradiance_only,rolling,1,1,24,0.038424087443779315,0.9166666666666666,24
reserve10,irradiance_only,rolling,1,2,25,0.039964322961963825,0.88,25
reserve10,irradiance_only,rolling,1,3,22,0.026367340761940573,0.9545454545454546,22
reserve10,irradiance_only,rolling,1,4,22,0.02934774178797538,1.0,22
reserve10,irradiance_only,rolling,1,5,20,0.034934266368164796,0.95,20
reserve10,irradiance_only,rolling,1,6,17,0.037250730831215315,1.0,17
reserve10,irradiance_only,rolling,1,7,19,0.035944145528219895,0.9473684210526315,19
reserve10,irradiance_only,rolling,1,8,20,0.04424045827482109,1.0,20
reserve10,irradiance_only,rolling,1,9,23,0.040063411173086545,0.9130434782608695,23
reserve10,irradiance_only,rolling,1,10,21,0.03533575791629655,0.9523809523809523,21
reserve10,irradiance_only,rolling,1,11,23,0.037733088504104464,0.8695652173913043,23
reserve10,irradiance_only,rolling,1,12,23,0.038370927858053225,0.8695652173913043,23
reserve10,irradiance_only,rolling,1,13,23,0.034867934211104616,0.7391304347826086,23
reserve10,irradiance_only,rolling,1,14,23,0.038361427037717964,0.8695652173913043,23
reserve10,irradiance_only,rolling,1,15,24,0.03039095146939937,0.875,24
reserve10,irradiance_only,rolling,1,16,21,0.04072606269946856,0.8095238095238095,21
reserve10,irradiance_only,rolling,1,17,24,0.02808110177718955,1.0,24
reserve10,irradiance_only,rolling,1,18,25,0.03742624805785172,0.88,25
reserve10,irradiance_only,rolling,1,19,24,0.04166897690619079,0.875,24
reserve10,irradiance_only,rolling,1,20,25,0.04435185769634295,0.8,25
reserve10,irradiance_only,rolling,1,21,27,0.026473620478715727,0.9259259259259259,27
reserve10,irradiance_only,rolling,1,22,27,0.03886315441644055,0.9259259259259259,27
reserve10,irradiance_only,rolling,1,23,23,0.04614528433631206,0.8695652173913043,23
reserve10,irradiance_only,rolling,2,0,24,0.04737546059897655,0.9583333333333334,24
reserve10,irradiance_only,rolling,2,1,25,0.04593958333237481,1.0,25
reserve10,irradiance_only,rolling,2,2,22,0.04529275328149105,0.9090909090909091,22
reserve10,irradiance_only,rolling,2,3,22,0.04038699080181336,1.0,22
reserve10,irradiance_only,rolling,2,4,20,0.037886568752982755,0.95,20
reserve10,irradiance_only,rolling,2,5,17,0.060443999050953726,1.0,17
reserve10,irradiance_only,rolling,2,6,19,0.04584077680168584,1.0,19
reserve10,irradiance_only,rolling,2,7,20,0.054147418462190386,0.95,20
reserve10,irradiance_only,rolling,2,8,23,0.05574571388524428,0.9130434782608695,23
reserve10,irradiance_only,rolling,2,9,21,0.053451101248722536,0.9523809523809523,21
reserve10,irradiance_only,rolling,2,10,23,0.050584589999567366,0.9565217391304348,23
reserve10,irradiance_only,rolling,2,11,23,0.04996232754130416,0.9565217391304348,23
reserve10,irradiance_only,rolling,2,12,23,0.04828572577591329,0.8260869565217391,23
reserve10,irradiance_only,rolling,2,13,23,0.0554226264108737,0.782608695652174,23
reserve10,irradiance_only,rolling,2,14,24,0.05156329511297215,0.875,24
reserve10,irradiance_only,rolling,2,15,21,0.06383852171809339,0.7619047619047619,21
reserve10,irradiance_only,rolling,2,16,24,0.05077258480248695,0.7916666666666666,24
reserve10,irradiance_only,rolling,2,17,25,0.049874390986926864,0.92,25
reserve10,irradiance_only,rolling,2,18,24,0.06208806348843705,0.7916666666666666,24
reserve10,irradiance_only,rolling,2,19,25,0.056381953292302195,0.88,25
reserve10,irradiance_only,rolling,2,20,27,0.04948188108382345,0.8518518518518519,27
reserve10,irradiance_only,rolling,2,21,27,0.04282439122576731,0.8888888888888888,27
reserve10,irradiance_only,rolling,2,22,23,0.06325901877963315,0.8695652173913043,23
reserve10,irradiance_only,rolling,2,23,23,0.06610135416740444,0.782608695652174,23
reserve10,irradiance_only,rolling,3,0,25,0.043444891054512276,0.96,25
reserve10,irradiance_only,rolling,3,1,22,0.04656233361392725,1.0,22
reserve10,irradiance_only,rolling,3,2,22,0.04504977960906976,0.9545454545454546,22
reserve10,irradiance_only,rolling,3,3,20,0.042006740257577176,0.95,20
reserve10,irradiance_only,rolling,3,4,17,0.058366133588861016,1.0,17
reserve10,irradiance_only,rolling,3,5,19,0.05733664041975182,0.9473684210526315,19
reserve10,irradiance_only,rolling,3,6,20,0.058095215744112846,0.9,20
reserve10,irradiance_only,rolling,3,7,23,0.058487197179769156,0.9130434782608695,23
reserve10,irradiance_only,rolling,3,8,21,0.0676687438197257,0.9523809523809523,21
reserve10,irradiance_only,rolling,3,9,23,0.05474763649391385,0.8695652173913043,23
reserve10,irradiance_only,rolling,3,10,23,0.05294301583390708,0.9130434782608695,23
reserve10,irradiance_only,rolling,3,11,23,0.056160253289689425,0.8695652173913043,23
reserve10,irradiance_only,rolling,3,12,23,0.06335072711856952,0.782608695652174,23
reserve10,irradiance_only,rolling,3,13,24,0.05789900316903674,0.8333333333333334,24
reserve10,irradiance_only,rolling,3,14,21,0.07291988871034835,0.7619047619047619,21
reserve10,irradiance_only,rolling,3,15,24,0.05977011737834512,0.7916666666666666,24
reserve10,irradiance_only,rolling,3,16,25,0.061455265392803174,0.8,25
reserve10,irradiance_only,rolling,3,17,24,0.07142107123407171,0.8333333333333334,24
reserve10,irradiance_only,rolling,3,18,25,0.06569571383524062,0.88,25
reserve10,irradiance_only,rolling,3,19,27,0.055167820168115216,0.8518518518518519,27
reserve10,irradiance_only,rolling,3,20,27,0.05289905209102391,0.9259259259259259,27
reserve10,irradiance_only,rolling,3,21,23,0.060381950163903964,0.8695652173913043,23
reserve10,irradiance_only,rolling,3,22,23,0.07130266146044126,0.8260869565217391,23
reserve10,irradiance_only,rolling,3,23,25,0.0532964753253328,0.84,25
reserve10,irradiance_only,rolling,4,0,22,0.04324632453139165,1.0,22
reserve10,irradiance_only,rolling,4,1,22,0.04579199991550391,1.0,22
reserve10,irradiance_only,rolling,4,2,20,0.044244479111793036,0.95,20
reserve10,irradiance_only,rolling,4,3,17,0.05982141833059429,1.0,17
reserve10,irradiance_only,rolling,4,4,19,0.06141795872170485,1.0,19
reserve10,irradiance_only,rolling,4,5,20,0.06260469304929245,0.9,20
reserve10,irradiance_only,rolling,4,6,23,0.05825901017714545,0.9130434782608695,23
reserve10,irradiance_only,rolling,4,7,21,0.0699268500561496,0.8571428571428571,21
reserve10,irradiance_only,rolling,4,8,23,0.061978273937494895,0.8695652173913043,23
reserve10,irradiance_only,rolling,4,9,23,0.05624021907413735,0.9130434782608695,23
reserve10,irradiance_only,rolling,4,10,23,0.055047971017441306,0.8695652173913043,23
reserve10,irradiance_only,rolling,4,11,23,0.06520509482930281,0.782608695652174,23
reserve10,irradiance_only,rolling,4,12,24,0.05994616601835232,0.875,24
reserve10,irradiance_only,rolling,4,13,21,0.08094107330662055,0.7619047619047619,21
reserve10,irradiance_only,rolling,4,14,24,0.06405357098895335,0.8333333333333334,24
reserve10,irradiance_only,rolling,4,15,25,0.06816078885471381,0.8,25
reserve10,irradiance_only,rolling,4,16,24,0.07823366182378459,0.8333333333333334,24
reserve10,irradiance_only,rolling,4,17,25,0.06929501992162061,0.84,25
reserve10,irradiance_only,rolling,4,18,27,0.0573909878622122,0.8888888888888888,27
reserve10,irradiance_only,rolling,4,19,27,0.0534376668347139,0.8518518518518519,27
reserve10,irradiance_only,rolling,4,20,23,0.06258400182899984,0.9130434782608695,23
reserve10,irradiance_only,rolling,4,21,23,0.07180588385071396,0.8260869565217391,23
reserve10,irradiance_only,rolling,4,22,25,0.0557915952160506,0.8,25
reserve10,irradiance_only,rolling,4,23,25,0.04681002661127957,0.92,25
reserve10,irradiance_only,single_imputation,1,0,22,0.05045224838652025,0.8636363636363636,22
reserve10,irradiance_only,single_imputation,1,1,24,0.046531908694450806,0.7916666666666666,24
reserve10,irradiance_only,single_imputation,1,2,25,0.049227889698978136,0.8,25
reserve10,irradiance_only,single_imputation,1,3,22,0.027440372880960184,1.0,22
reserve10,irradiance_only,single_imputation,1,4,22,0.041022987329483535,0.8636363636363636,22
reserve10,irradiance_only,single_imputation,1,5,20,0.04501070004681529,0.85,20
reserve10,irradiance_only,single_imputation,1,6,17,0.0386444778589242,0.8235294117647058,17
reserve10,irradiance_only,single_imputation,1,7,19,0.03710198334410345,0.9473684210526315,19
reserve10,irradiance_only,single_imputation,1,8,20,0.05221171608135482,0.8,20
reserve10,irradiance_only,single_imputation,1,9,23,0.040476469534592996,0.8260869565217391,23
reserve10,irradiance_only,single_imputation,1,10,21,0.04153823841251736,0.8571428571428571,21
reserve10,irradiance_only,single_imputation,1,11,23,0.04519034596325763,0.8695652173913043,23
reserve10,irradiance_only,single_imputation,1,12,23,0.04531042231528737,0.8695652173913043,23
reserve10,irradiance_only,single_imputation,1,13,23,0.033515647734500706,0.9130434782608695,23
reserve10,irradiance_only,single_imputation,1,14,23,0.04168324944088188,0.9565217391304348,23
reserve10,irradiance_only,single_imputation,1,15,24,0.030987327396346454,0.875,24
reserve10,irradiance_only,single_imputation,1,16,21,0.046864981317384584,0.8095238095238095,21
reserve10,irradiance_only,single_imputation,1,17,24,0.030355473344177968,0.9583333333333334,24
reserve10,irradiance_only,single_imputation,1,18,25,0.040130782943447046,0.88,25
reserve10,irradiance_only,single_imputation,1,19,24,0.04670931938865735,0.875,24
reserve10,irradiance_only,single_imputation,1,20,25,0.05019321134025998,0.8,25
reserve10,irradiance_only,single_imputation,1,21,27,0.03139008546082814,0.9259259259259259,27
reserve10,irradiance_only,single_imputation,1,22,27,0.04421900408013225,0.8518518518518519,27
reserve10,irradiance_only,single_imputation,1,23,23,0.05804016698614355,0.782608695652174,23
reserve10,irradiance_only,single_imputation,2,0,24,0.056707820334231135,0.8333333333333334,24
reserve10,irradiance_only,single_imputation,2,1,25,0.05926317539026678,0.76,25
reserve10,irradiance_only,single_imputation,2,2,22,0.04647141289470478,0.8181818181818182,22
reserve10,irradiance_only,single_imputation,2,3,22,0.04987619560035005,0.8636363636363636,22
reserve10,irradiance_only,single_imputation,2,4,20,0.03733575139663429,0.95,20
reserve10,irradiance_only,single_imputation,2,5,17,0.06901847680760742,0.7647058823529411,17
reserve10,irradiance_only,single_imputation,2,6,19,0.05825244169258393,0.7894736842105263,19
reserve10,irradiance_only,single_imputation,2,7,20,0.06522859058892035,0.8,20
reserve10,irradiance_only,single_imputation,2,8,23,0.0652752104538739,0.8260869565217391,23
reserve10,irradiance_only,single_imputation,2,9,21,0.059306479291763366,0.7142857142857143,21
reserve10,irradiance_only,single_imputation,2,10,23,0.06334649183186879,0.782608695652174,23
reserve10,irradiance_only,single_imputation,2,11,23,0.060682496662185066,0.8260869565217391,23
reserve10,irradiance_only,single_imputation,2,12,23,0.05760166299662001,0.782608695652174,23
reserve10,irradiance_only,single_imputation,2,13,23,0.059913974753004126,0.782608695652174,23
reserve10,irradiance_only,single_imputation,2,14,24,0.05475459742399972,0.9166666666666666,24
reserve10,irradiance_only,single_imputation,2,15,21,0.07006793278863553,0.8095238095238095,21
reserve10,irradiance_only,single_imputation,2,16,24,0.04454047121222016,0.875,24
reserve10,irradiance_only,single_imputation,2,17,25,0.05486878700838857,0.84,25
reserve10,irradiance_only,single_imputation,2,18,24,0.07462772239044681,0.75,24
reserve10,irradiance_only,single_imputation,2,19,25,0.06217118986368599,0.88,25
reserve10,irradiance_only,single_imputation,2,20,27,0.05702504216715613,0.8518518518518519,27
reserve10,irradiance_only,single_imputation,2,21,27,0.04671103611269637,0.8518518518518519,27
reserve10,irradiance_only,single_imputation,2,22,23,0.08015163227940159,0.8695652173913043,23
reserve10,irradiance_only,single_imputation,2,23,23,0.07554811760485194,0.7391304347826086,23
reserve10,irradiance_only,single_imputation,3,0,25,0.04732712520262408,0.88,25
reserve10,irradiance_only,single_imputation,3,1,22,0.05236721864694222,0.8636363636363636,22
reserve10,irradiance_only,single_imputation,3,2,22,0.05114937430017683,0.8636363636363636,22
reserve10,irradiance_only,single_imputation,3,3,20,0.04106202826514179,1.0,20
reserve10,irradiance_only,single_imputation,3,4,17,0.06519527035422609,0.7647058823529411,17
reserve10,irradiance_only,single_imputation,3,5,19,0.06771649028221458,0.7368421052631579,19
reserve10,irradiance_only,single_imputation,3,6,20,0.07164370916675541,0.7,20
reserve10,irradiance_only,single_imputation,3,7,23,0.07018526567167103,0.8260869565217391,23
reserve10,irradiance_only,single_imputation,3,8,21,0.07843570119516426,0.8571428571428571,21
reserve10,irradiance_only,single_imputation,3,9,23,0.0643606878086498,0.8695652173913043,23
reserve10,irradiance_only,single_imputation,3,10,23,0.05590884782843344,0.8695652173913043,23
reserve10,irradiance_only,single_imputation,3,11,23,0.05897090226483397,0.782608695652174,23
reserve10,irradiance_only,single_imputation,3,12,23,0.0728137238847144,0.7391304347826086,23
reserve10,irradiance_only,single_imputation,3,13,24,0.06974198634471646,0.8333333333333334,24
reserve10,irradiance_only,single_imputation,3,14,21,0.08206269242353138,0.8095238095238095,21
reserve10,irradiance_only,single_imputation,3,15,24,0.06189840365668697,0.7916666666666666,24
reserve10,irradiance_only,single_imputation,3,16,25,0.06402307490794049,0.76,25
reserve10,irradiance_only,single_imputation,3,17,24,0.07611980106012743,0.7916666666666666,24
reserve10,irradiance_only,single_imputation,3,18,25,0.07613381363787373,0.76,25
reserve10,irradiance_only,single_imputation,3,19,27,0.07498750044753112,0.7777777777777778,27
reserve10,irradiance_only,single_imputation,3,20,27,0.057790776055947395,0.8148148148148148,27
reserve10,irradiance_only,single_imputation,3,21,23,0.07119511395490791,0.8695652173913043,23
reserve10,irradiance_only,single_imputation,3,22,23,0.08592435749179607,0.782608695652174,23
reserve10,irradiance_only,single_imputation,3,23,25,0.05887745213141189,0.84,25
reserve10,irradiance_only,single_imputation,4,0,22,0.044881426955843025,0.9090909090909091,22
reserve10,irradiance_only,single_imputation,4,1,22,0.05237799074440981,0.8636363636363636,22
reserve10,irradiance_only,single_imputation,4,2,20,0.043774439325238404,1.0,20
reserve10,irradiance_only,single_imputation,4,3,17,0.07480780427296511,0.6470588235294118,17
reserve10,irradiance_only,single_imputation,4,4,19,0.06640314152529683,0.8421052631578947,19
reserve10,irradiance_only,single_imputation,4,5,20,0.07833941800894137,0.7,20
reserve10,irradiance_only,single_imputation,4,6,23,0.07423411715710404,0.8260869565217391,23
reserve10,irradiance_only,single_imputation,4,7,21,0.08244911916506059,0.8095238095238095,21
reserve10,irradiance_only,single_imputation,4,8,23,0.07652385462736642,0.8260869565217391,23
reserve10,irradiance_only,single_imputation,4,9,23,0.05770027924465798,0.9130434782608695,23
reserve10,irradiance_only,single_imputation,4,10,23,0.05925113186452384,0.8260869565217391,23
reserve10,irradiance_only,single_imputation,4,11,23,0.08907690695358488,0.6521739130434783,23
reserve10,irradiance_only,single_imputation,4,12,24,0.07789938789405314,0.8333333333333334,24
reserve10,irradiance_only,single_imputation,4,13,21,0.09586113699961277,0.8095238095238095,21
reserve10,irradiance_only,single_imputation,4,14,24,0.07351945181707727,0.8333333333333334,24
reserve10,irradiance_only,single_imputation,4,15,25,0.07801960376754152,0.76,25
reserve10,irradiance_only,single_imputation,4,16,24,0.08720361219034857,0.75,24
reserve10,irradiance_only,single_imputation,4,17,25,0.08330566983824714,0.84,25
reserve10,irradiance_only,single_imputation,4,18,27,0.07878198861008875,0.7777777777777778,27
reserve10,irradiance_only,single_imputation,4,19,27,0.06376169210809587,0.7777777777777778,27
reserve10,irradiance_only,single_imputation,4,20,23,0.07321499438891127,0.8260869565217391,23
reserve10,irradiance_only,single_imputation,4,21,23,0.07692391959499556,0.8260869565217391,23
reserve10,irradiance_only,single_imputation,4,22,25,0.07406919826288891,0.8,25
reserve10,irradiance_only,single_imputation,4,23,25,0.05169429875482809,0.92,25
reserve10,joint_immediate,aci_bounded,1,0,22,0.04409183467189656,0.9090909090909091,22
reserve10,joint_immediate,aci_bounded,1,1,24,0.038465833634321635,0.9166666666666666,24
reserve10,joint_immediate,aci_bounded,1,2,25,0.03991719097892756,0.88,25
reserve10,joint_immediate,aci_bounded,1,3,22,0.02636181022971611,0.9545454545454546,22
reserve10,joint_immediate,aci_bounded,1,4,22,0.029353347224812622,1.0,22
reserve10,joint_immediate,aci_bounded,1,5,20,0.0348621937427967,0.95,20
reserve10,joint_immediate,aci_bounded,1,6,17,0.03715651821507773,1.0,17
reserve10,joint_immediate,aci_bounded,1,7,19,0.03593613057423246,0.9473684210526315,19
reserve10,joint_immediate,aci_bounded,1,8,20,0.04428540622016114,0.95,20
reserve10,joint_immediate,aci_bounded,1,9,23,0.04015081797524509,0.9130434782608695,23
reserve10,joint_immediate,aci_bounded,1,10,21,0.0354009587753553,0.9523809523809523,21
reserve10,joint_immediate,aci_bounded,1,11,23,0.03768862094848136,0.8695652173913043,23
reserve10,joint_immediate,aci_bounded,1,12,23,0.03833170151045063,0.8695652173913043,23
reserve10,joint_immediate,aci_bounded,1,13,23,0.034875163815213675,0.7391304347826086,23
reserve10,joint_immediate,aci_bounded,1,14,23,0.03826968271275801,0.8695652173913043,23
reserve10,joint_immediate,aci_bounded,1,15,24,0.03039668795252252,0.875,24
reserve10,joint_immediate,aci_bounded,1,16,21,0.0407292130788482,0.8095238095238095,21
reserve10,joint_immediate,aci_bounded,1,17,24,0.02802442686432681,0.9583333333333334,24
reserve10,joint_immediate,aci_bounded,1,18,25,0.03748529935532451,0.84,25
reserve10,joint_immediate,aci_bounded,1,19,24,0.0417540145429259,0.875,24
reserve10,joint_immediate,aci_bounded,1,20,25,0.04429071349509266,0.76,25
reserve10,joint_immediate,aci_bounded,1,21,27,0.026524252097976236,0.9259259259259259,27
reserve10,joint_immediate,aci_bounded,1,22,27,0.03889693183939535,0.8888888888888888,27
reserve10,joint_immediate,aci_bounded,1,23,23,0.04615739018520551,0.8260869565217391,23
reserve10,joint_immediate,aci_bounded,2,0,24,0.04733447259454313,0.9583333333333334,24
reserve10,joint_immediate,aci_bounded,2,1,25,0.04592349068192167,1.0,25
reserve10,joint_immediate,aci_bounded,2,2,22,0.04522328348628089,0.9090909090909091,22
reserve10,joint_immediate,aci_bounded,2,3,22,0.04021886207779281,1.0,22
reserve10,joint_immediate,aci_bounded,2,4,20,0.037892667547301986,0.95,20
reserve10,joint_immediate,aci_bounded,2,5,17,0.06037603881740461,1.0,17
reserve10,joint_immediate,aci_bounded,2,6,19,0.04574079600891373,1.0,19
reserve10,joint_immediate,aci_bounded,2,7,20,0.05421293796638001,0.95,20
reserve10,joint_immediate,aci_bounded,2,8,23,0.055847201440630025,0.9130434782608695,23
reserve10,joint_immediate,aci_bounded,2,9,21,0.053528578176180695,0.9523809523809523,21
reserve10,joint_immediate,aci_bounded,2,10,23,0.05056882989825696,0.9565217391304348,23
reserve10,joint_immediate,aci_bounded,2,11,23,0.05006697872922501,0.9565217391304348,23
reserve10,joint_immediate,aci_bounded,2,12,23,0.048260301117094145,0.8260869565217391,23
reserve10,joint_immediate,aci_bounded,2,13,23,0.05528153436611498,0.782608695652174,23
reserve10,joint_immediate,aci_bounded,2,14,24,0.05154049786394559,0.875,24
reserve10,joint_immediate,aci_bounded,2,15,21,0.06361693804577936,0.8095238095238095,21
reserve10,joint_immediate,aci_bounded,2,16,24,0.05073889156578962,0.7916666666666666,24
reserve10,joint_immediate,aci_bounded,2,17,25,0.04990750275879381,0.92,25
reserve10,joint_immediate,aci_bounded,2,18,24,0.06211611564753081,0.7916666666666666,24
reserve10,joint_immediate,aci_bounded,2,19,25,0.056234272795153445,0.88,25
reserve10,joint_immediate,aci_bounded,2,20,27,0.04953991559788248,0.8518518518518519,27
reserve10,joint_immediate,aci_bounded,2,21,27,0.04283747309722614,0.8888888888888888,27
reserve10,joint_immediate,aci_bounded,2,22,23,0.06333178300793739,0.8695652173913043,23
reserve10,joint_immediate,aci_bounded,2,23,23,0.06622735796048793,0.782608695652174,23
reserve10,joint_immediate,aci_bounded,3,0,25,0.04337575821056579,0.96,25
reserve10,joint_immediate,aci_bounded,3,1,22,0.04649166581558446,1.0,22
reserve10,joint_immediate,aci_bounded,3,2,22,0.04494592461181615,0.9545454545454546,22
reserve10,joint_immediate,aci_bounded,3,3,20,0.041951186464621995,0.95,20
reserve10,joint_immediate,aci_bounded,3,4,17,0.05844796593438016,1.0,17
reserve10,joint_immediate,aci_bounded,3,5,19,0.05736153868885178,0.9473684210526315,19
reserve10,joint_immediate,aci_bounded,3,6,20,0.05828857755437285,0.9,20
reserve10,joint_immediate,aci_bounded,3,7,23,0.05862916419936104,0.9130434782608695,23
reserve10,joint_immediate,aci_bounded,3,8,21,0.06774158349221918,0.9047619047619048,21
reserve10,joint_immediate,aci_bounded,3,9,23,0.05475260921926734,0.8695652173913043,23
reserve10,joint_immediate,aci_bounded,3,10,23,0.05302897302133684,0.9130434782608695,23
reserve10,joint_immediate,aci_bounded,3,11,23,0.056248604927600046,0.8260869565217391,23
reserve10,joint_immediate,aci_bounded,3,12,23,0.06332952103029629,0.782608695652174,23
reserve10,joint_immediate,aci_bounded,3,13,24,0.057923917821801445,0.8333333333333334,24
reserve10,joint_immediate,aci_bounded,3,14,21,0.07279870565292536,0.8095238095238095,21
reserve10,joint_immediate,aci_bounded,3,15,24,0.059771740205634916,0.8333333333333334,24
reserve10,joint_immediate,aci_bounded,3,16,25,0.061420816345804756,0.8,25
reserve10,joint_immediate,aci_bounded,3,17,24,0.07143486453340887,0.8333333333333334,24
reserve10,joint_immediate,aci_bounded,3,18,25,0.06566162780141648,0.88,25
reserve10,joint_immediate,aci_bounded,3,19,27,0.055112131635526945,0.8518518518518519,27
reserve10,joint_immediate,aci_bounded,3,20,27,0.05286211907603526,0.9259259259259259,27
reserve10,joint_immediate,aci_bounded,3,21,23,0.06033700631711456,0.8695652173913043,23
reserve10,joint_immediate,aci_bounded,3,22,23,0.07135570840142784,0.8695652173913043,23
reserve10,joint_immediate,aci_bounded,3,23,25,0.05342277765872774,0.84,25
reserve10,joint_immediate,aci_bounded,4,0,22,0.043277460017961095,1.0,22
reserve10,joint_immediate,aci_bounded,4,1,22,0.04577972541950755,1.0,22
reserve10,joint_immediate,aci_bounded,4,2,20,0.04432585244224385,0.95,20
reserve10,joint_immediate,aci_bounded,4,3,17,0.059863540188717694,1.0,17
reserve10,joint_immediate,aci_bounded,4,4,19,0.06156938165710211,1.0,19
reserve10,joint_immediate,aci_bounded,4,5,20,0.06281943123963976,0.9,20
reserve10,joint_immediate,aci_bounded,4,6,23,0.058332447034803774,0.9130434782608695,23
reserve10,joint_immediate,aci_bounded,4,7,21,0.07002783867063946,0.8571428571428571,21
reserve10,joint_immediate,aci_bounded,4,8,23,0.06191286714600908,0.8695652173913043,23
reserve10,joint_immediate,aci_bounded,4,9,23,0.05615499485118879,0.9130434782608695,23
reserve10,joint_immediate,aci_bounded,4,10,23,0.05496644892444707,0.8695652173913043,23
reserve10,joint_immediate,aci_bounded,4,11,23,0.06502449692523872,0.8260869565217391,23
reserve10,joint_immediate,aci_bounded,4,12,24,0.05981106526296671,0.875,24
reserve10,joint_immediate,aci_bounded,4,13,21,0.08073064050056088,0.8095238095238095,21
reserve10,joint_immediate,aci_bounded,4,14,24,0.06398608369366644,0.875,24
reserve10,joint_immediate,aci_bounded,4,15,25,0.06813690224494222,0.8,25
reserve10,joint_immediate,aci_bounded,4,16,24,0.07825415482202498,0.7916666666666666,24
reserve10,joint_immediate,aci_bounded,4,17,25,0.0692424307235334,0.84,25
reserve10,joint_immediate,aci_bounded,4,18,27,0.0573044705402581,0.8888888888888888,27
reserve10,joint_immediate,aci_bounded,4,19,27,0.053418238840209825,0.8518518518518519,27
reserve10,joint_immediate,aci_bounded,4,20,23,0.06250756083596207,0.9130434782608695,23
reserve10,joint_immediate,aci_bounded,4,21,23,0.0717483514964189,0.8260869565217391,23
reserve10,joint_immediate,aci_bounded,4,22,25,0.05588602198369205,0.84,25
reserve10,joint_immediate,aci_bounded,4,23,25,0.04668208638081657,0.96,25
reserve10,joint_immediate,carry_forward,1,0,22,0.04740846962549608,0.9090909090909091,22
reserve10,joint_immediate,carry_forward,1,1,24,0.04170473615486719,0.875,24
reserve10,joint_immediate,carry_forward,1,2,25,0.04061747298322107,0.88,25
reserve10,joint_immediate,carry_forward,1,3,22,0.026197636736884546,0.9545454545454546,22
reserve10,joint_immediate,carry_forward,1,4,22,0.03183276609908016,0.9545454545454546,22
reserve10,joint_immediate,carry_forward,1,5,20,0.03667286928894695,0.9,20
reserve10,joint_immediate,carry_forward,1,6,17,0.03791876110618738,0.9411764705882353,17
reserve10,joint_immediate,carry_forward,1,7,19,0.03818189880737042,0.8421052631578947,19
reserve10,joint_immediate,carry_forward,1,8,20,0.0467067186174242,0.9,20
reserve10,joint_immediate,carry_forward,1,9,23,0.039954847349601065,0.782608695652174,23
reserve10,joint_immediate,carry_forward,1,10,21,0.03690091099726377,0.9047619047619048,21
reserve10,joint_immediate,carry_forward,1,11,23,0.03873685027469512,0.8260869565217391,23
reserve10,joint_immediate,carry_forward,1,12,23,0.04141557419278734,0.782608695652174,23
reserve10,joint_immediate,carry_forward,1,13,23,0.03989425666382083,0.6956521739130435,23
reserve10,joint_immediate,carry_forward,1,14,23,0.043076893790213,0.7391304347826086,23
reserve10,joint_immediate,carry_forward,1,15,24,0.03243778477835476,0.7916666666666666,24
reserve10,joint_immediate,carry_forward,1,16,21,0.043076150516488804,0.8095238095238095,21
reserve10,joint_immediate,carry_forward,1,17,24,0.03108514088434312,0.7916666666666666,24
reserve10,joint_immediate,carry_forward,1,18,25,0.04113859370433876,0.8,25
reserve10,joint_immediate,carry_forward,1,19,24,0.04373071867004746,0.8333333333333334,24
reserve10,joint_immediate,carry_forward,1,20,25,0.047506340675655415,0.84,25
reserve10,joint_immediate,carry_forward,1,21,27,0.030090818414854052,0.8888888888888888,27
reserve10,joint_immediate,carry_forward,1,22,27,0.039897340991436596,0.7037037037037037,27
reserve10,joint_immediate,carry_forward,1,23,23,0.045498179088140356,0.782608695652174,23
reserve10,joint_immediate,carry_forward,2,0,24,0.04912457770500869,0.875,24
reserve10,joint_immediate,carry_forward,2,1,25,0.04776528200282401,1.0,25
reserve10,joint_immediate,carry_forward,2,2,22,0.044725498553096,0.8636363636363636,22
reserve10,joint_immediate,carry_forward,2,3,22,0.03971247991136479,0.9545454545454546,22
reserve10,joint_immediate,carry_forward,2,4,20,0.03666485466787213,0.85,20
reserve10,joint_immediate,carry_forward,2,5,17,0.05880200792400491,0.9411764705882353,17
reserve10,joint_immediate,carry_forward,2,6,19,0.04762782172917047,0.8947368421052632,19
reserve10,joint_immediate,carry_forward,2,7,20,0.05550245554071563,0.85,20
reserve10,joint_immediate,carry_forward,2,8,23,0.059920233703854964,0.9130434782608695,23
reserve10,joint_immediate,carry_forward,2,9,21,0.05603340019927462,0.9047619047619048,21
reserve10,joint_immediate,carry_forward,2,10,23,0.05113914925421455,0.6956521739130435,23
reserve10,joint_immediate,carry_forward,2,11,23,0.054036009941955586,0.8695652173913043,23
reserve10,joint_immediate,carry_forward,2,12,23,0.050495199368242656,0.7391304347826086,23
reserve10,joint_immediate,carry_forward,2,13,23,0.05900039014247985,0.7391304347826086,23
reserve10,joint_immediate,carry_forward,2,14,24,0.05325076708879966,0.8333333333333334,24
reserve10,joint_immediate,carry_forward,2,15,21,0.06603297654996167,0.7142857142857143,21
reserve10,joint_immediate,carry_forward,2,16,24,0.05204573958686253,0.75,24
reserve10,joint_immediate,carry_forward,2,17,25,0.05067979588713954,0.76,25
reserve10,joint_immediate,carry_forward,2,18,24,0.06467274686679077,0.7916666666666666,24
reserve10,joint_immediate,carry_forward,2,19,25,0.059277164123230586,0.88,25
reserve10,joint_immediate,carry_forward,2,20,27,0.050299698064634496,0.8148148148148148,27
reserve10,joint_immediate,carry_forward,2,21,27,0.04330136832898651,0.8148148148148148,27
reserve10,joint_immediate,carry_forward,2,22,23,0.06321500024194118,0.7391304347826086,23
reserve10,joint_immediate,carry_forward,2,23,23,0.06583555171152801,0.782608695652174,23
reserve10,joint_immediate,carry_forward,3,0,25,0.04589997555203519,0.88,25
reserve10,joint_immediate,carry_forward,3,1,22,0.047773930772035914,0.9090909090909091,22
reserve10,joint_immediate,carry_forward,3,2,22,0.0471578763243977,0.9545454545454546,22
reserve10,joint_immediate,carry_forward,3,3,20,0.04182503252809265,0.9,20
reserve10,joint_immediate,carry_forward,3,4,17,0.058391402234022276,0.9411764705882353,17
reserve10,joint_immediate,carry_forward,3,5,19,0.05886115583214293,0.8947368421052632,19
reserve10,joint_immediate,carry_forward,3,6,20,0.060159534680874024,0.75,20
reserve10,joint_immediate,carry_forward,3,7,23,0.05997107929133981,0.8695652173913043,23
reserve10,joint_immediate,carry_forward,3,8,21,0.06902973956749445,0.9047619047619048,21
reserve10,joint_immediate,carry_forward,3,9,23,0.05605802578755941,0.782608695652174,23
reserve10,joint_immediate,carry_forward,3,10,23,0.05541674687380777,0.6956521739130435,23
reserve10,joint_immediate,carry_forward,3,11,23,0.058192911154607264,0.6956521739130435,23
reserve10,joint_immediate,carry_forward,3,12,23,0.06464974584683515,0.782608695652174,23
reserve10,joint_immediate,carry_forward,3,13,24,0.06189633870281103,0.75,24
reserve10,joint_immediate,carry_forward,3,14,21,0.07509731144455431,0.7142857142857143,21
reserve10,joint_immediate,carry_forward,3,15,24,0.06125512447990946,0.7083333333333334,24
reserve10,joint_immediate,carry_forward,3,16,25,0.06521475190525834,0.72,25
reserve10,joint_immediate,carry_forward,3,17,24,0.07571335341611635,0.7083333333333334,24
reserve10,joint_immediate,carry_forward,3,18,25,0.06755093207402382,0.8,25
reserve10,joint_immediate,carry_forward,3,19,27,0.0551032331509791,0.8518518518518519,27
reserve10,joint_immediate,carry_forward,3,20,27,0.055506941452282056,0.7777777777777778,27
reserve10,joint_immediate,carry_forward,3,21,23,0.05995706353254252,0.8260869565217391,23
reserve10,joint_immediate,carry_forward,3,22,23,0.07195336335253445,0.6956521739130435,23
reserve10,joint_immediate,carry_forward,3,23,25,0.052729690285253844,0.68,25
reserve10,joint_immediate,carry_forward,4,0,22,0.04382972061770219,0.9545454545454546,22
reserve10,joint_immediate,carry_forward,4,1,22,0.047331114357110134,1.0,22
reserve10,joint_immediate,carry_forward,4,2,20,0.04368344191660716,0.9,20
reserve10,joint_immediate,carry_forward,4,3,17,0.058302109575343104,0.9411764705882353,17
reserve10,joint_immediate,carry_forward,4,4,19,0.060881716233321705,0.8421052631578947,19
reserve10,joint_immediate,carry_forward,4,5,20,0.06346481871505102,0.8,20
reserve10,joint_immediate,carry_forward,4,6,23,0.06452126681971164,0.8260869565217391,23
reserve10,joint_immediate,carry_forward,4,7,21,0.06968841185787913,0.9047619047619048,21
reserve10,joint_immediate,carry_forward,4,8,23,0.06269776073856188,0.782608695652174,23
reserve10,joint_immediate,carry_forward,4,9,23,0.05884022315757375,0.782608695652174,23
reserve10,joint_immediate,carry_forward,4,10,23,0.059063917342373456,0.6956521739130435,23
reserve10,joint_immediate,carry_forward,4,11,23,0.06541520356558927,0.6956521739130435,23
reserve10,joint_immediate,carry_forward,4,12,24,0.061485206545391156,0.7916666666666666,24
reserve10,joint_immediate,carry_forward,4,13,21,0.08076452162808548,0.7619047619047619,21
reserve10,joint_immediate,carry_forward,4,14,24,0.06609516345186052,0.6666666666666666,24
reserve10,joint_immediate,carry_forward,4,15,25,0.06897187857330221,0.72,25
reserve10,joint_immediate,carry_forward,4,16,24,0.07771905793690968,0.7083333333333334,24
reserve10,joint_immediate,carry_forward,4,17,25,0.07165575921183218,0.8,25
reserve10,joint_immediate,carry_forward,4,18,27,0.05838036144291769,0.8148148148148148,27
reserve10,joint_immediate,carry_forward,4,19,27,0.05499694387115938,0.8518518518518519,27
reserve10,joint_immediate,carry_forward,4,20,23,0.061571717319532523,0.8260869565217391,23
reserve10,joint_immediate,carry_forward,4,21,23,0.07172976955735734,0.7391304347826086,23
reserve10,joint_immediate,carry_forward,4,22,25,0.05890183890543115,0.76,25
reserve10,joint_immediate,carry_forward,4,23,25,0.045472149305630864,0.8,25
reserve10,joint_immediate,geometric_persistence,1,0,22,0.05364630743525982,0.9545454545454546,22
reserve10,joint_immediate,geometric_persistence,1,1,24,0.05796452023537955,0.9166666666666666,24
reserve10,joint_immediate,geometric_persistence,1,2,25,0.05453204376991968,0.96,25
reserve10,joint_immediate,geometric_persistence,1,3,22,0.03654581873057155,1.0,22
reserve10,joint_immediate,geometric_persistence,1,4,22,0.047626477559625346,0.9090909090909091,22
reserve10,joint_immediate,geometric_persistence,1,5,20,0.055268211954565064,0.9,20
reserve10,joint_immediate,geometric_persistence,1,6,17,0.04769357231498129,1.0,17
reserve10,joint_immediate,geometric_persistence,1,7,19,0.04718973712789298,1.0,19
reserve10,joint_immediate,geometric_persistence,1,8,20,0.05590616987012688,0.95,20
reserve10,joint_immediate,geometric_persistence,1,9,23,0.05118925982941448,0.9565217391304348,23
reserve10,joint_immediate,geometric_persistence,1,10,21,0.03723889485504012,1.0,21
reserve10,joint_immediate,geometric_persistence,1,11,23,0.05122884956823939,0.9130434782608695,23
reserve10,joint_immediate,geometric_persistence,1,12,23,0.056968974159102494,0.8695652173913043,23
reserve10,joint_immediate,geometric_persistence,1,13,23,0.049574646042932734,0.9565217391304348,23
reserve10,joint_immediate,geometric_persistence,1,14,23,0.0357743986012076,1.0,23
reserve10,joint_immediate,geometric_persistence,1,15,24,0.04053104806069658,0.9583333333333334,24
reserve10,joint_immediate,geometric_persistence,1,16,21,0.051168242553234586,0.9523809523809523,21
reserve10,joint_immediate,geometric_persistence,1,17,24,0.043544157052672894,0.9583333333333334,24
reserve10,joint_immediate,geometric_persistence,1,18,25,0.03970903553049656,1.0,25
reserve10,joint_immediate,geometric_persistence,1,19,24,0.04782387079115987,0.9583333333333334,24
reserve10,joint_immediate,geometric_persistence,1,20,25,0.05669162768188211,0.92,25
reserve10,joint_immediate,geometric_persistence,1,21,27,0.04299515626599887,0.9259259259259259,27
reserve10,joint_immediate,geometric_persistence,1,22,27,0.04764160820102559,0.9259259259259259,27
reserve10,joint_immediate,geometric_persistence,1,23,23,0.0601623392707459,0.9130434782608695,23
reserve10,joint_immediate,geometric_persistence,2,0,24,0.06598233727184967,1.0,24
reserve10,joint_immediate,geometric_persistence,2,1,25,0.08143359015130507,0.84,25
reserve10,joint_immediate,geometric_persistence,2,2,22,0.07190109106897823,0.9545454545454546,22
reserve10,joint_immediate,geometric_persistence,2,3,22,0.07185751197152028,0.9090909090909091,22
reserve10,joint_immediate,geometric_persistence,2,4,20,0.06292915091274048,0.9,20
reserve10,joint_immediate,geometric_persistence,2,5,17,0.08960266071644965,0.9411764705882353,17
reserve10,joint_immediate,geometric_persistence,2,6,19,0.07486292771625559,0.9473684210526315,19
reserve10,joint_immediate,geometric_persistence,2,7,20,0.06031025388741144,1.0,20
reserve10,joint_immediate,geometric_persistence,2,8,23,0.08452307025821834,0.9565217391304348,23
reserve10,joint_immediate,geometric_persistence,2,9,21,0.07434783404217271,0.9523809523809523,21
reserve10,joint_immediate,geometric_persistence,2,10,23,0.059364498707301226,0.9565217391304348,23
reserve10,joint_immediate,geometric_persistence,2,11,23,0.07681408206195901,0.9130434782608695,23
reserve10,joint_immediate,geometric_persistence,2,12,23,0.08716742603900726,0.9565217391304348,23
reserve10,joint_immediate,geometric_persistence,2,13,23,0.06486160001476837,0.9565217391304348,23
reserve10,joint_immediate,geometric_persistence,2,14,24,0.05764270163109095,0.9583333333333334,24
reserve10,joint_immediate,geometric_persistence,2,15,21,0.08764738928871091,0.9523809523809523,21
reserve10,joint_immediate,geometric_persistence,2,16,24,0.07675455816846664,1.0,24
reserve10,joint_immediate,geometric_persistence,2,17,25,0.06962102381988278,0.96,25
reserve10,joint_immediate,geometric_persistence,2,18,24,0.07373752399438581,0.9583333333333334,24
reserve10,joint_immediate,geometric_persistence,2,19,25,0.08555925267341925,0.96,25
reserve10,joint_immediate,geometric_persistence,2,20,27,0.07746886409433197,0.8888888888888888,27
reserve10,joint_immediate,geometric_persistence,2,21,27,0.06946911607215517,0.8888888888888888,27
reserve10,joint_immediate,geometric_persistence,2,22,23,0.09463310341348806,0.8695652173913043,23
reserve10,joint_immediate,geometric_persistence,2,23,23,0.07325220872335128,1.0,23
reserve10,joint_immediate,geometric_persistence,3,0,25,0.08127909676424934,0.84,25
reserve10,joint_immediate,geometric_persistence,3,1,22,0.09524832495069496,0.9545454545454546,22
reserve10,joint_immediate,geometric_persistence,3,2,22,0.08053495801440282,0.9545454545454546,22
reserve10,joint_immediate,geometric_persistence,3,3,20,0.09079985366077682,0.9,20
reserve10,joint_immediate,geometric_persistence,3,4,17,0.10930446270718915,0.9411764705882353,17
reserve10,joint_immediate,geometric_persistence,3,5,19,0.09714679018290934,0.9473684210526315,19
reserve10,joint_immediate,geometric_persistence,3,6,20,0.08029929721901838,1.0,20
reserve10,joint_immediate,geometric_persistence,3,7,23,0.08858808018910154,1.0,23
reserve10,joint_immediate,geometric_persistence,3,8,21,0.11146161906201854,0.9047619047619048,21
reserve10,joint_immediate,geometric_persistence,3,9,23,0.0854929551953653,0.8695652173913043,23
reserve10,joint_immediate,geometric_persistence,3,10,23,0.08765558402453964,1.0,23
reserve10,joint_immediate,geometric_persistence,3,11,23,0.10216353605640503,1.0,23
reserve10,joint_immediate,geometric_persistence,3,12,23,0.09899876749864164,0.9565217391304348,23
reserve10,joint_immediate,geometric_persistence,3,13,24,0.08270825285574933,0.9166666666666666,24
reserve10,joint_immediate,geometric_persistence,3,14,21,0.1037509310226787,0.9047619047619048,21
reserve10,joint_immediate,geometric_persistence,3,15,24,0.1125005257089821,0.875,24
reserve10,joint_immediate,geometric_persistence,3,16,25,0.09914219422869466,0.96,25
reserve10,joint_immediate,geometric_persistence,3,17,24,0.10568539520169151,0.9166666666666666,24
reserve10,joint_immediate,geometric_persistence,3,18,25,0.10232815612694257,0.96,25
reserve10,joint_immediate,geometric_persistence,3,19,27,0.10715909512984485,0.8518518518518519,27
reserve10,joint_immediate,geometric_persistence,3,20,27,0.09018545881377778,0.9259259259259259,27
reserve10,joint_immediate,geometric_persistence,3,21,23,0.10617293506615866,0.8695652173913043,23
reserve10,joint_immediate,geometric_persistence,3,22,23,0.09919219617639144,0.9565217391304348,23
reserve10,joint_immediate,geometric_persistence,3,23,25,0.07598979869311949,1.0,25
reserve10,joint_immediate,geometric_persistence,4,0,22,0.0953212842644601,0.9545454545454546,22
reserve10,joint_immediate,geometric_persistence,4,1,22,0.09057922100348217,0.9545454545454546,22
reserve10,joint_immediate,geometric_persistence,4,2,20,0.09823502502707963,0.95,20
reserve10,joint_immediate,geometric_persistence,4,3,17,0.1392386483458795,0.8823529411764706,17
reserve10,joint_immediate,geometric_persistence,4,4,19,0.1107238532126175,0.9473684210526315,19
reserve10,joint_immediate,geometric_persistence,4,5,20,0.09829520975997694,1.0,20
reserve10,joint_immediate,geometric_persistence,4,6,23,0.1024994940537304,0.9565217391304348,23
reserve10,joint_immediate,geometric_persistence,4,7,21,0.10957788619930313,0.9523809523809523,21
reserve10,joint_immediate,geometric_persistence,4,8,23,0.11258376430054076,0.9130434782608695,23
reserve10,joint_immediate,geometric_persistence,4,9,23,0.11343465655278331,0.9565217391304348,23
reserve10,joint_immediate,geometric_persistence,4,10,23,0.11022592771958953,0.9565217391304348,23
reserve10,joint_immediate,geometric_persistence,4,11,23,0.11117635134338538,1.0,23
reserve10,joint_immediate,geometric_persistence,4,12,24,0.10566784946273967,0.875,24
reserve10,joint_immediate,geometric_persistence,4,13,21,0.1296049076155294,0.9047619047619048,21
reserve10,joint_immediate,geometric_persistence,4,14,24,0.12307961566493952,0.9166666666666666,24
reserve10,joint_immediate,geometric_persistence,4,15,25,0.12636662022794154,0.92,25
reserve10,joint_immediate,geometric_persistence,4,16,24,0.12807819260159345,0.9583333333333334,24
reserve10,joint_immediate,geometric_persistence,4,17,25,0.12858946362726875,0.88,25
reserve10,joint_immediate,geometric_persistence,4,18,27,0.1215978978178211,0.8518518518518519,27
reserve10,joint_immediate,geometric_persistence,4,19,27,0.11371874830645251,0.8518518518518519,27
reserve10,joint_immediate,geometric_persistence,4,20,23,0.12644911682130336,0.9130434782608695,23
reserve10,joint_immediate,geometric_persistence,4,21,23,0.11209148177407222,0.9130434782608695,23
reserve10,joint_immediate,geometric_persistence,4,22,25,0.09668529118849573,0.96,25
reserve10,joint_immediate,geometric_persistence,4,23,25,0.08027486692283298,0.92,25
reserve10,joint_immediate,mask50,1,0,22,0.04412002389478406,0.9090909090909091,22
reserve10,joint_immediate,mask50,1,1,24,0.038361707570675266,0.9583333333333334,24
reserve10,joint_immediate,mask50,1,2,25,0.039690140350661735,0.88,25
reserve10,joint_immediate,mask50,1,3,22,0.02650966384756237,0.9545454545454546,22
reserve10,joint_immediate,mask50,1,4,22,0.029479339285917516,1.0,22
reserve10,joint_immediate,mask50,1,5,20,0.034768491766898904,0.95,20
reserve10,joint_immediate,mask50,1,6,17,0.037166099080588676,1.0,17
reserve10,joint_immediate,mask50,1,7,19,0.035985649379345064,0.9473684210526315,19
reserve10,joint_immediate,mask50,1,8,20,0.04439549307724876,0.95,20
reserve10,joint_immediate,mask50,1,9,23,0.04024748011271918,0.9130434782608695,23
reserve10,joint_immediate,mask50,1,10,21,0.03543531611149593,0.9523809523809523,21
reserve10,joint_immediate,mask50,1,11,23,0.03759432841173322,0.8695652173913043,23
reserve10,joint_immediate,mask50,1,12,23,0.038318965776357614,0.8695652173913043,23
reserve10,joint_immediate,mask50,1,13,23,0.03475968031065446,0.7391304347826086,23
reserve10,joint_immediate,mask50,1,14,23,0.03827352755853608,0.8695652173913043,23
reserve10,joint_immediate,mask50,1,15,24,0.03046651522979109,0.875,24
reserve10,joint_immediate,mask50,1,16,21,0.040665147883665854,0.8095238095238095,21
reserve10,joint_immediate,mask50,1,17,24,0.02789960539216076,1.0,24
reserve10,joint_immediate,mask50,1,18,25,0.03721361292892634,0.88,25
reserve10,joint_immediate,mask50,1,19,24,0.041813271267954255,0.875,24
reserve10,joint_immediate,mask50,1,20,25,0.04427408292948292,0.84,25
reserve10,joint_immediate,mask50,1,21,27,0.026629965484205535,0.9259259259259259,27
reserve10,joint_immediate,mask50,1,22,27,0.03879364042654715,0.8888888888888888,27
reserve10,joint_immediate,mask50,1,23,23,0.04589456577694747,0.8260869565217391,23
reserve10,joint_immediate,mask50,2,0,24,0.04728244523602288,0.9583333333333334,24
reserve10,joint_immediate,mask50,2,1,25,0.04575655910080557,1.0,25
reserve10,joint_immediate,mask50,2,2,22,0.04503114132987218,0.9090909090909091,22
reserve10,joint_immediate,mask50,2,3,22,0.04031039247354635,1.0,22
reserve10,joint_immediate,mask50,2,4,20,0.03792742478384532,0.95,20
reserve10,joint_immediate,mask50,2,5,17,0.06021131326002792,1.0,17
reserve10,joint_immediate,mask50,2,6,19,0.045806359060953955,1.0,19
reserve10,joint_immediate,mask50,2,7,20,0.05410670733040633,0.95,20
reserve10,joint_immediate,mask50,2,8,23,0.056069978640357225,0.9130434782608695,23
reserve10,joint_immediate,mask50,2,9,21,0.05378069260553797,0.9523809523809523,21
reserve10,joint_immediate,mask50,2,10,23,0.05068810656524957,0.9565217391304348,23
reserve10,joint_immediate,mask50,2,11,23,0.05004577122876479,0.9565217391304348,23
reserve10,joint_immediate,mask50,2,12,23,0.04809385612683349,0.8695652173913043,23
reserve10,joint_immediate,mask50,2,13,23,0.05497889400848522,0.782608695652174,23
reserve10,joint_immediate,mask50,2,14,24,0.051482276911671704,0.875,24
reserve10,joint_immediate,mask50,2,15,21,0.06363058543449174,0.8571428571428571,21
reserve10,joint_immediate,mask50,2,16,24,0.05044528269265105,0.7916666666666666,24
reserve10,joint_immediate,mask50,2,17,25,0.04961313149581427,0.92,25
reserve10,joint_immediate,mask50,2,18,24,0.06191791868675541,0.7916666666666666,24
reserve10,joint_immediate,mask50,2,19,25,0.05622297494416469,0.92,25
reserve10,joint_immediate,mask50,2,20,27,0.0494276730474035,0.9259259259259259,27
reserve10,joint_immediate,mask50,2,21,27,0.04295118146557341,0.9259259259259259,27
reserve10,joint_immediate,mask50,2,22,23,0.0630695485843174,0.8260869565217391,23
reserve10,joint_immediate,mask50,2,23,23,0.06605538302274135,0.8260869565217391,23
reserve10,joint_immediate,mask50,3,0,25,0.043422482898580465,0.96,25
reserve10,joint_immediate,mask50,3,1,22,0.046422637318605076,1.0,22
reserve10,joint_immediate,mask50,3,2,22,0.04482744463208374,1.0,22
reserve10,joint_immediate,mask50,3,3,20,0.04192801781643955,0.95,20
reserve10,joint_immediate,mask50,3,4,17,0.0583927655131714,1.0,17
reserve10,joint_immediate,mask50,3,5,19,0.05741097016203294,0.9473684210526315,19
reserve10,joint_immediate,mask50,3,6,20,0.05845651879041236,0.9,20
reserve10,joint_immediate,mask50,3,7,23,0.05873836276221406,0.9130434782608695,23
reserve10,joint_immediate,mask50,3,8,21,0.06804274453895519,0.9047619047619048,21
reserve10,joint_immediate,mask50,3,9,23,0.05481190940903178,0.8695652173913043,23
reserve10,joint_immediate,mask50,3,10,23,0.05317947044373263,0.9130434782608695,23
reserve10,joint_immediate,mask50,3,11,23,0.056241968185239834,0.8260869565217391,23
reserve10,joint_immediate,mask50,3,12,23,0.06313656531450756,0.8260869565217391,23
reserve10,joint_immediate,mask50,3,13,24,0.05799917068731925,0.8333333333333334,24
reserve10,joint_immediate,mask50,3,14,21,0.07282131354143256,0.8095238095238095,21
reserve10,joint_immediate,mask50,3,15,24,0.059770410880937506,0.8333333333333334,24
reserve10,joint_immediate,mask50,3,16,25,0.06125455448729667,0.8,25
reserve10,joint_immediate,mask50,3,17,24,0.07113589129849314,0.8333333333333334,24
reserve10,joint_immediate,mask50,3,18,25,0.06548863066491793,0.88,25
reserve10,joint_immediate,mask50,3,19,27,0.055238255944884476,0.8518518518518519,27
reserve10,joint_immediate,mask50,3,20,27,0.052984849248089,0.8518518518518519,27
reserve10,joint_immediate,mask50,3,21,23,0.06010066554525069,0.8695652173913043,23
reserve10,joint_immediate,mask50,3,22,23,0.0716006378679619,0.8695652173913043,23
reserve10,joint_immediate,mask50,3,23,25,0.05358496003097588,0.8,25
reserve10,joint_immediate,mask50,4,0,22,0.04321532029361135,1.0,22
reserve10,joint_immediate,mask50,4,1,22,0.04556448495642995,1.0,22
reserve10,joint_immediate,mask50,4,2,20,0.04417286072018508,0.95,20
reserve10,joint_immediate,mask50,4,3,17,0.059866542454200485,1.0,17
reserve10,joint_immediate,mask50,4,4,19,0.061511079257843,1.0,19
reserve10,joint_immediate,mask50,4,5,20,0.0626165556444295,0.9,20
reserve10,joint_immediate,mask50,4,6,23,0.058541375102938116,0.9130434782608695,23
reserve10,joint_immediate,mask50,4,7,21,0.07021309652885205,0.8571428571428571,21
reserve10,joint_immediate,mask50,4,8,23,0.06198050975984098,0.8695652173913043,23
reserve10,joint_immediate,mask50,4,9,23,0.05623783911194225,0.9130434782608695,23
reserve10,joint_immediate,mask50,4,10,23,0.05517466953018364,0.8260869565217391,23
reserve10,joint_immediate,mask50,4,11,23,0.06517129509822768,0.8260869565217391,23
reserve10,joint_immediate,mask50,4,12,24,0.05996288892103902,0.8333333333333334,24
reserve10,joint_immediate,mask50,4,13,21,0.0810197925346243,0.8095238095238095,21
reserve10,joint_immediate,mask50,4,14,24,0.06396529919460762,0.7916666666666666,24
reserve10,joint_immediate,mask50,4,15,25,0.06822618210296741,0.8,25
reserve10,joint_immediate,mask50,4,16,24,0.07837695110279772,0.7916666666666666,24
reserve10,joint_immediate,mask50,4,17,25,0.06907444987836339,0.88,25
reserve10,joint_immediate,mask50,4,18,27,0.05720742239085638,0.8518518518518519,27
reserve10,joint_immediate,mask50,4,19,27,0.053317176167719145,0.8888888888888888,27
reserve10,joint_immediate,mask50,4,20,23,0.06254607708406282,0.9130434782608695,23
reserve10,joint_immediate,mask50,4,21,23,0.07163264749370825,0.8260869565217391,23
reserve10,joint_immediate,mask50,4,22,25,0.05605333739622315,0.84,25
reserve10,joint_immediate,mask50,4,23,25,0.04658945008250806,0.96,25
reserve10,joint_immediate,mi_recency,1,0,22,0.05015107751157897,0.9090909090909091,22
reserve10,joint_immediate,mi_recency,1,1,24,0.04542216907206841,0.9166666666666666,24
reserve10,joint_immediate,mi_recency,1,2,25,0.046831487058595876,0.84,25
reserve10,joint_immediate,mi_recency,1,3,22,0.027963912218579013,1.0,22
reserve10,joint_immediate,mi_recency,1,4,22,0.04080097348517038,0.8636363636363636,22
reserve10,joint_immediate,mi_recency,1,5,20,0.045071141350920337,0.85,20
reserve10,joint_immediate,mi_recency,1,6,17,0.03944806962187254,0.9411764705882353,17
reserve10,joint_immediate,mi_recency,1,7,19,0.0379752441385955,0.9473684210526315,19
reserve10,joint_immediate,mi_recency,1,8,20,0.052237709906652885,0.9,20
reserve10,joint_immediate,mi_recency,1,9,23,0.04004726121449291,0.8260869565217391,23
reserve10,joint_immediate,mi_recency,1,10,21,0.041443735303566744,0.8571428571428571,21
reserve10,joint_immediate,mi_recency,1,11,23,0.04523896049720877,0.9565217391304348,23
reserve10,joint_immediate,mi_recency,1,12,23,0.04569897951457275,0.8695652173913043,23
reserve10,joint_immediate,mi_recency,1,13,23,0.03388159883800375,0.9565217391304348,23
reserve10,joint_immediate,mi_recency,1,14,23,0.041734242407652666,0.9565217391304348,23
reserve10,joint_immediate,mi_recency,1,15,24,0.030942279250717023,0.9583333333333334,24
reserve10,joint_immediate,mi_recency,1,16,21,0.04543996654821725,0.9047619047619048,21
reserve10,joint_immediate,mi_recency,1,17,24,0.030773346057308845,0.9583333333333334,24
reserve10,joint_immediate,mi_recency,1,18,25,0.040384152025885516,0.92,25
reserve10,joint_immediate,mi_recency,1,19,24,0.046200560133683816,0.9583333333333334,24
reserve10,joint_immediate,mi_recency,1,20,25,0.04928427398695894,0.84,25
reserve10,joint_immediate,mi_recency,1,21,27,0.032133658468376715,0.9259259259259259,27
reserve10,joint_immediate,mi_recency,1,22,27,0.04371060757067924,0.9259259259259259,27
reserve10,joint_immediate,mi_recency,1,23,23,0.0571579726113293,0.8695652173913043,23
reserve10,joint_immediate,mi_recency,2,0,24,0.05516973728622992,0.9166666666666666,24
reserve10,joint_immediate,mi_recency,2,1,25,0.0559599130689928,0.92,25
reserve10,joint_immediate,mi_recency,2,2,22,0.04662693224409042,0.9545454545454546,22
reserve10,joint_immediate,mi_recency,2,3,22,0.04805728098189861,0.9545454545454546,22
reserve10,joint_immediate,mi_recency,2,4,20,0.03923127124887925,1.0,20
reserve10,joint_immediate,mi_recency,2,5,17,0.06688786742937808,0.7647058823529411,17
reserve10,joint_immediate,mi_recency,2,6,19,0.05796894828251778,0.8947368421052632,19
reserve10,joint_immediate,mi_recency,2,7,20,0.06412348442596966,0.85,20
reserve10,joint_immediate,mi_recency,2,8,23,0.06431214308078514,0.8695652173913043,23
reserve10,joint_immediate,mi_recency,2,9,21,0.05804179113306799,0.8571428571428571,21
reserve10,joint_immediate,mi_recency,2,10,23,0.06073544239811578,0.8260869565217391,23
reserve10,joint_immediate,mi_recency,2,11,23,0.05920782404672173,0.8695652173913043,23
reserve10,joint_immediate,mi_recency,2,12,23,0.05568597835737818,0.8260869565217391,23
reserve10,joint_immediate,mi_recency,2,13,23,0.058577499625308206,0.8695652173913043,23
reserve10,joint_immediate,mi_recency,2,14,24,0.05475786158909476,0.9166666666666666,24
reserve10,joint_immediate,mi_recency,2,15,21,0.06785188989980309,0.8571428571428571,21
reserve10,joint_immediate,mi_recency,2,16,24,0.044703015013366654,0.9583333333333334,24
reserve10,joint_immediate,mi_recency,2,17,25,0.05447531664652382,0.96,25
reserve10,joint_immediate,mi_recency,2,18,24,0.07208130594801093,0.875,24
reserve10,joint_immediate,mi_recency,2,19,25,0.06358712227088165,0.92,25
reserve10,joint_immediate,mi_recency,2,20,27,0.0570835492652388,0.9259259259259259,27
reserve10,joint_immediate,mi_recency,2,21,27,0.04649331338430359,0.9259259259259259,27
reserve10,joint_immediate,mi_recency,2,22,23,0.07873526151467872,0.8695652173913043,23
reserve10,joint_immediate,mi_recency,2,23,23,0.07358255476014904,0.8695652173913043,23
reserve10,joint_immediate,mi_recency,3,0,25,0.04688162822686105,1.0,25
reserve10,joint_immediate,mi_recency,3,1,22,0.05139845079052938,0.9545454545454546,22
reserve10,joint_immediate,mi_recency,3,2,22,0.05039629933648573,0.9545454545454546,22
reserve10,joint_immediate,mi_recency,3,3,20,0.04391498175383821,1.0,20
reserve10,joint_immediate,mi_recency,3,4,17,0.06315204834039427,0.9411764705882353,17
reserve10,joint_immediate,mi_recency,3,5,19,0.06593915963596203,0.8947368421052632,19
reserve10,joint_immediate,mi_recency,3,6,20,0.06705833237133049,0.9,20
reserve10,joint_immediate,mi_recency,3,7,23,0.06899796657961313,0.8695652173913043,23
reserve10,joint_immediate,mi_recency,3,8,21,0.0770647616684313,0.8571428571428571,21
reserve10,joint_immediate,mi_recency,3,9,23,0.06295551687311482,0.9565217391304348,23
reserve10,joint_immediate,mi_recency,3,10,23,0.05523096169802093,0.9565217391304348,23
reserve10,joint_immediate,mi_recency,3,11,23,0.0562049065388358,0.8695652173913043,23
reserve10,joint_immediate,mi_recency,3,12,23,0.06947916022035687,0.9130434782608695,23
reserve10,joint_immediate,mi_recency,3,13,24,0.06675299844050117,0.875,24
reserve10,joint_immediate,mi_recency,3,14,21,0.08024484313777436,0.8571428571428571,21
reserve10,joint_immediate,mi_recency,3,15,24,0.06062815384018088,0.875,24
reserve10,joint_immediate,mi_recency,3,16,25,0.06193842653795812,0.92,25
reserve10,joint_immediate,mi_recency,3,17,24,0.07433997728688918,0.9166666666666666,24
reserve10,joint_immediate,mi_recency,3,18,25,0.07399916460064354,0.92,25
reserve10,joint_immediate,mi_recency,3,19,27,0.0733108396901246,0.8518518518518519,27
reserve10,joint_immediate,mi_recency,3,20,27,0.05670008570289939,0.8888888888888888,27
reserve10,joint_immediate,mi_recency,3,21,23,0.07111614178086761,0.9130434782608695,23
reserve10,joint_immediate,mi_recency,3,22,23,0.08253413084519602,0.8260869565217391,23
reserve10,joint_immediate,mi_recency,3,23,25,0.057538823770311325,0.96,25
reserve10,joint_immediate,mi_recency,4,0,22,0.04625651341713539,1.0,22
reserve10,joint_immediate,mi_recency,4,1,22,0.05126304173864681,1.0,22
reserve10,joint_immediate,mi_recency,4,2,20,0.047427014524281344,1.0,20
reserve10,joint_immediate,mi_recency,4,3,17,0.07060038130719982,0.9411764705882353,17
reserve10,joint_immediate,mi_recency,4,4,19,0.06437702731228452,0.9473684210526315,19
reserve10,joint_immediate,mi_recency,4,5,20,0.07119244933512958,0.9,20
reserve10,joint_immediate,mi_recency,4,6,23,0.07105537908525722,0.8260869565217391,23
reserve10,joint_immediate,mi_recency,4,7,21,0.07956882966558149,0.8571428571428571,21
reserve10,joint_immediate,mi_recency,4,8,23,0.07369765788482312,0.8695652173913043,23
reserve10,joint_immediate,mi_recency,4,9,23,0.05792659140810561,0.9565217391304348,23
reserve10,joint_immediate,mi_recency,4,10,23,0.05636979425773077,1.0,23
reserve10,joint_immediate,mi_recency,4,11,23,0.08319067020798943,0.9130434782608695,23
reserve10,joint_immediate,mi_recency,4,12,24,0.0749644797679103,0.875,24
reserve10,joint_immediate,mi_recency,4,13,21,0.09301111068973261,0.8095238095238095,21
reserve10,joint_immediate,mi_recency,4,14,24,0.07277668502098854,0.8333333333333334,24
reserve10,joint_immediate,mi_recency,4,15,25,0.07429568316747315,0.84,25
reserve10,joint_immediate,mi_recency,4,16,24,0.0847261779753395,0.8333333333333334,24
reserve10,joint_immediate,mi_recency,4,17,25,0.08255877919942066,0.88,25
reserve10,joint_immediate,mi_recency,4,18,27,0.07519790230254264,0.8518518518518519,27
reserve10,joint_immediate,mi_recency,4,19,27,0.061915133984401384,0.9259259259259259,27
reserve10,joint_immediate,mi_recency,4,20,23,0.07047485790755774,0.9130434782608695,23
reserve10,joint_immediate,mi_recency,4,21,23,0.07365903380409988,0.8695652173913043,23
reserve10,joint_immediate,mi_recency,4,22,25,0.06922165791838931,0.92,25
reserve10,joint_immediate,mi_recency,4,23,25,0.05323653812208687,0.96,25
reserve10,joint_immediate,multiple_imputation,1,0,22,0.050448819739297775,0.8636363636363636,22
reserve10,joint_immediate,multiple_imputation,1,1,24,0.04672814371801709,0.7916666666666666,24
reserve10,joint_immediate,multiple_imputation,1,2,25,0.04922788969897812,0.8,25
reserve10,joint_immediate,multiple_imputation,1,3,22,0.027440372880960184,1.0,22
reserve10,joint_immediate,multiple_imputation,1,4,22,0.041022987329483535,0.8636363636363636,22
reserve10,joint_immediate,multiple_imputation,1,5,20,0.04501070004681528,0.85,20
reserve10,joint_immediate,multiple_imputation,1,6,17,0.0386444778589242,0.8235294117647058,17
reserve10,joint_immediate,multiple_imputation,1,7,19,0.03710198334410346,0.9473684210526315,19
reserve10,joint_immediate,multiple_imputation,1,8,20,0.05221171608135482,0.8,20
reserve10,joint_immediate,multiple_imputation,1,9,23,0.040476469534593,0.8260869565217391,23
reserve10,joint_immediate,multiple_imputation,1,10,21,0.04153823841251737,0.8571428571428571,21
reserve10,joint_immediate,multiple_imputation,1,11,23,0.04535548223942297,0.8695652173913043,23
reserve10,joint_immediate,multiple_imputation,1,12,23,0.04531351866165694,0.8695652173913043,23
reserve10,joint_immediate,multiple_imputation,1,13,23,0.03351564773450071,0.9130434782608695,23
reserve10,joint_immediate,multiple_imputation,1,14,23,0.04168324944088187,0.9565217391304348,23
reserve10,joint_immediate,multiple_imputation,1,15,24,0.03098732739634646,0.875,24
reserve10,joint_immediate,multiple_imputation,1,16,21,0.046864981317384584,0.8095238095238095,21
reserve10,joint_immediate,multiple_imputation,1,17,24,0.030360946480287195,0.9583333333333334,24
reserve10,joint_immediate,multiple_imputation,1,18,25,0.04016481536279416,0.88,25
reserve10,joint_immediate,multiple_imputation,1,19,24,0.046649178223698656,0.875,24
reserve10,joint_immediate,multiple_imputation,1,20,25,0.049904409334114073,0.8,25
reserve10,joint_immediate,multiple_imputation,1,21,27,0.03139008546082814,0.9259259259259259,27
reserve10,joint_immediate,multiple_imputation,1,22,27,0.04421900408013227,0.8518518518518519,27
reserve10,joint_immediate,multiple_imputation,1,23,23,0.05804979454058725,0.782608695652174,23
reserve10,joint_immediate,multiple_imputation,2,0,24,0.05654789833069057,0.8333333333333334,24
reserve10,joint_immediate,multiple_imputation,2,1,25,0.05946988711203458,0.76,25
reserve10,joint_immediate,multiple_imputation,2,2,22,0.04647183544634033,0.8181818181818182,22
reserve10,joint_immediate,multiple_imputation,2,3,22,0.04987619560035005,0.8636363636363636,22
reserve10,joint_immediate,multiple_imputation,2,4,20,0.03733575139663428,0.95,20
reserve10,joint_immediate,multiple_imputation,2,5,17,0.06901847680760742,0.7647058823529411,17
reserve10,joint_immediate,multiple_imputation,2,6,19,0.058252441692583944,0.7894736842105263,19
reserve10,joint_immediate,multiple_imputation,2,7,20,0.06522859058892035,0.8,20
reserve10,joint_immediate,multiple_imputation,2,8,23,0.06527521045387388,0.8260869565217391,23
reserve10,joint_immediate,multiple_imputation,2,9,21,0.05930647929176335,0.7142857142857143,21
reserve10,joint_immediate,multiple_imputation,2,10,23,0.06334649183186879,0.782608695652174,23
reserve10,joint_immediate,multiple_imputation,2,11,23,0.060730111969580766,0.8260869565217391,23
reserve10,joint_immediate,multiple_imputation,2,12,23,0.05760166299662001,0.782608695652174,23
reserve10,joint_immediate,multiple_imputation,2,13,23,0.05991397475300414,0.782608695652174,23
reserve10,joint_immediate,multiple_imputation,2,14,24,0.05475459742399973,0.9166666666666666,24
reserve10,joint_immediate,multiple_imputation,2,15,21,0.07006793278863555,0.8095238095238095,21
reserve10,joint_immediate,multiple_imputation,2,16,24,0.04454047121222016,0.875,24
reserve10,joint_immediate,multiple_imputation,2,17,25,0.05486878700838856,0.84,25
reserve10,joint_immediate,multiple_imputation,2,18,24,0.07452850935996799,0.75,24
reserve10,joint_immediate,multiple_imputation,2,19,25,0.06223728130893487,0.88,25
reserve10,joint_immediate,multiple_imputation,2,20,27,0.05705091355067817,0.8518518518518519,27
reserve10,joint_immediate,multiple_imputation,2,21,27,0.04669678006603272,0.8518518518518519,27
reserve10,joint_immediate,multiple_imputation,2,22,23,0.08015124287621199,0.8695652173913043,23
reserve10,joint_immediate,multiple_imputation,2,23,23,0.075548652556634,0.7391304347826086,23
reserve10,joint_immediate,multiple_imputation,3,0,25,0.046756680131895205,0.92,25
reserve10,joint_immediate,multiple_imputation,3,1,22,0.05236208653877283,0.8636363636363636,22
reserve10,joint_immediate,multiple_imputation,3,2,22,0.051149374300176825,0.8636363636363636,22
reserve10,joint_immediate,multiple_imputation,3,3,20,0.041062028265141784,1.0,20
reserve10,joint_immediate,multiple_imputation,3,4,17,0.06519527035422608,0.7647058823529411,17
reserve10,joint_immediate,multiple_imputation,3,5,19,0.06771649028221459,0.7368421052631579,19
reserve10,joint_immediate,multiple_imputation,3,6,20,0.07164370916675541,0.7,20
reserve10,joint_immediate,multiple_imputation,3,7,23,0.07018526567167103,0.8260869565217391,23
reserve10,joint_immediate,multiple_imputation,3,8,21,0.07843570119516426,0.8571428571428571,21
reserve10,joint_immediate,multiple_imputation,3,9,23,0.06436068780864977,0.8695652173913043,23
reserve10,joint_immediate,multiple_imputation,3,10,23,0.05590884782843344,0.8695652173913043,23
reserve10,joint_immediate,multiple_imputation,3,11,23,0.05897090226483397,0.782608695652174,23
reserve10,joint_immediate,multiple_imputation,3,12,23,0.07281290227676726,0.7391304347826086,23
reserve10,joint_immediate,multiple_imputation,3,13,24,0.06974198634471646,0.8333333333333334,24
reserve10,joint_immediate,multiple_imputation,3,14,21,0.08205068144146453,0.8095238095238095,21
reserve10,joint_immediate,multiple_imputation,3,15,24,0.061898403656686966,0.7916666666666666,24
reserve10,joint_immediate,multiple_imputation,3,16,25,0.0639769588694516,0.76,25
reserve10,joint_immediate,multiple_imputation,3,17,24,0.07613110303790338,0.7916666666666666,24
reserve10,joint_immediate,multiple_imputation,3,18,25,0.07605894416379998,0.76,25
reserve10,joint_immediate,multiple_imputation,3,19,27,0.0751965934477689,0.7777777777777778,27
reserve10,joint_immediate,multiple_imputation,3,20,27,0.057802307306766214,0.8148148148148148,27
reserve10,joint_immediate,multiple_imputation,3,21,23,0.07122274574734011,0.8695652173913043,23
reserve10,joint_immediate,multiple_imputation,3,22,23,0.08591908614045496,0.782608695652174,23
reserve10,joint_immediate,multiple_imputation,3,23,25,0.058899363165870036,0.84,25
reserve10,joint_immediate,multiple_imputation,4,0,22,0.04490575658090061,0.9090909090909091,22
reserve10,joint_immediate,multiple_imputation,4,1,22,0.05237799074440981,0.8636363636363636,22
reserve10,joint_immediate,multiple_imputation,4,2,20,0.043774439325238404,1.0,20
reserve10,joint_immediate,multiple_imputation,4,3,17,0.07480780427296511,0.6470588235294118,17
reserve10,joint_immediate,multiple_imputation,4,4,19,0.06640314152529683,0.8421052631578947,19
reserve10,joint_immediate,multiple_imputation,4,5,20,0.07833941800894137,0.7,20
reserve10,joint_immediate,multiple_imputation,4,6,23,0.07408281773804243,0.8260869565217391,23
reserve10,joint_immediate,multiple_imputation,4,7,21,0.08244911916506059,0.8095238095238095,21
reserve10,joint_immediate,multiple_imputation,4,8,23,0.07652385462736644,0.8260869565217391,23
reserve10,joint_immediate,multiple_imputation,4,9,23,0.05770027924465798,0.9130434782608695,23
reserve10,joint_immediate,multiple_imputation,4,10,23,0.05925113186452384,0.8260869565217391,23
reserve10,joint_immediate,multiple_imputation,4,11,23,0.08907491379019232,0.6521739130434783,23
reserve10,joint_immediate,multiple_imputation,4,12,24,0.0779024516662342,0.8333333333333334,24
reserve10,joint_immediate,multiple_imputation,4,13,21,0.09586113699961277,0.8095238095238095,21
reserve10,joint_immediate,multiple_imputation,4,14,24,0.07351945181707727,0.8333333333333334,24
reserve10,joint_immediate,multiple_imputation,4,15,25,0.0781241250909404,0.76,25
reserve10,joint_immediate,multiple_imputation,4,16,24,0.08720905350005846,0.75,24
reserve10,joint_immediate,multiple_imputation,4,17,25,0.08329340764342014,0.84,25
reserve10,joint_immediate,multiple_imputation,4,18,27,0.07888606158956589,0.7777777777777778,27
reserve10,joint_immediate,multiple_imputation,4,19,27,0.06385643248126908,0.7777777777777778,27
reserve10,joint_immediate,multiple_imputation,4,20,23,0.07321499438891126,0.8260869565217391,23
reserve10,joint_immediate,multiple_imputation,4,21,23,0.07692391959499556,0.8260869565217391,23
reserve10,joint_immediate,multiple_imputation,4,22,25,0.07407536454958166,0.8,25
reserve10,joint_immediate,multiple_imputation,4,23,25,0.05174193098493341,0.92,25
reserve10,joint_immediate,persistence,1,0,22,0.06597451341150663,0.9545454545454546,22
reserve10,joint_immediate,persistence,1,1,24,0.06521940179900083,0.9583333333333334,24
reserve10,joint_immediate,persistence,1,2,25,0.07434984028044217,0.96,25
reserve10,joint_immediate,persistence,1,3,22,0.06356772655037299,1.0,22
reserve10,joint_immediate,persistence,1,4,22,0.0712074788447936,0.9545454545454546,22
reserve10,joint_immediate,persistence,1,5,20,0.06663373009491921,0.95,20
reserve10,joint_immediate,persistence,1,6,17,0.0677762805160189,1.0,17
reserve10,joint_immediate,persistence,1,7,19,0.058792977395665504,0.9473684210526315,19
reserve10,joint_immediate,persistence,1,8,20,0.06285872854634353,1.0,20
reserve10,joint_immediate,persistence,1,9,23,0.07292638141526175,0.9130434782608695,23
reserve10,joint_immediate,persistence,1,10,21,0.05585332606039439,1.0,21
reserve10,joint_immediate,persistence,1,11,23,0.06944739845182638,0.9565217391304348,23
reserve10,joint_immediate,persistence,1,12,23,0.08077230918533718,0.8695652173913043,23
reserve10,joint_immediate,persistence,1,13,23,0.07050322555983807,0.9565217391304348,23
reserve10,joint_immediate,persistence,1,14,23,0.05337569284785381,1.0,23
reserve10,joint_immediate,persistence,1,15,24,0.053878118170041456,0.9583333333333334,24
reserve10,joint_immediate,persistence,1,16,21,0.0699883054089225,0.9523809523809523,21
reserve10,joint_immediate,persistence,1,17,24,0.06470168353170173,0.9583333333333334,24
reserve10,joint_immediate,persistence,1,18,25,0.06194420379889455,1.0,25
reserve10,joint_immediate,persistence,1,19,24,0.06907802229281816,0.9583333333333334,24
reserve10,joint_immediate,persistence,1,20,25,0.08054192497563775,0.92,25
reserve10,joint_immediate,persistence,1,21,27,0.06395326135723733,0.9259259259259259,27
reserve10,joint_immediate,persistence,1,22,27,0.06138140957900289,0.9629629629629629,27
reserve10,joint_immediate,persistence,1,23,23,0.0710652650382653,0.9565217391304348,23
reserve10,joint_immediate,persistence,2,0,24,0.089687769781591,1.0,24
reserve10,joint_immediate,persistence,2,1,25,0.10018972502172618,0.92,25
reserve10,joint_immediate,persistence,2,2,22,0.12020889793418076,0.9090909090909091,22
reserve10,joint_immediate,persistence,2,3,22,0.10099899028711058,0.9545454545454546,22
reserve10,joint_immediate,persistence,2,4,20,0.09607359535496386,0.95,20
reserve10,joint_immediate,persistence,2,5,17,0.11990538867040566,0.8823529411764706,17
reserve10,joint_immediate,persistence,2,6,19,0.09157017375604189,0.9473684210526315,19
reserve10,joint_immediate,persistence,2,7,20,0.08330555424016793,1.0,20
reserve10,joint_immediate,persistence,2,8,23,0.10545485294481106,1.0,23
reserve10,joint_immediate,persistence,2,9,21,0.11021421372995627,0.9047619047619048,21
reserve10,joint_immediate,persistence,2,10,23,0.09096919133117512,1.0,23
reserve10,joint_immediate,persistence,2,11,23,0.12388716444533791,0.9130434782608695,23
reserve10,joint_immediate,persistence,2,12,23,0.12682528693627995,0.9130434782608695,23
reserve10,joint_immediate,persistence,2,13,23,0.09942013031529597,0.8695652173913043,23
reserve10,joint_immediate,persistence,2,14,24,0.0817559748633034,0.9583333333333334,24
reserve10,joint_immediate,persistence,2,15,21,0.11878055868711025,0.9523809523809523,21
reserve10,joint_immediate,persistence,2,16,24,0.10622182401112529,0.9166666666666666,24
reserve10,joint_immediate,persistence,2,17,25,0.10139525698994473,1.0,25
reserve10,joint_immediate,persistence,2,18,24,0.10131528471695188,0.9583333333333334,24
reserve10,joint_immediate,persistence,2,19,25,0.12416258933046344,0.92,25
reserve10,joint_immediate,persistence,2,20,27,0.1176337904691043,0.8518518518518519,27
reserve10,joint_immediate,persistence,2,21,27,0.08600369255129597,0.9629629629629629,27
reserve10,joint_immediate,persistence,2,22,23,0.1145177859930494,0.9130434782608695,23
reserve10,joint_immediate,persistence,2,23,23,0.09863729034762274,0.9565217391304348,23
reserve10,joint_immediate,persistence,3,0,25,0.10390710597903911,0.96,25
reserve10,joint_immediate,persistence,3,1,22,0.1355396780159777,0.9090909090909091,22
reserve10,joint_immediate,persistence,3,2,22,0.12406021735657756,0.9545454545454546,22
reserve10,joint_immediate,persistence,3,3,20,0.11561396134579613,1.0,20
reserve10,joint_immediate,persistence,3,4,17,0.15350425255589736,0.8823529411764706,17
reserve10,joint_immediate,persistence,3,5,19,0.12095092881232097,0.9473684210526315,19
reserve10,joint_immediate,persistence,3,6,20,0.11136550530824829,1.0,20
reserve10,joint_immediate,persistence,3,7,23,0.12201496122601485,0.9565217391304348,23
reserve10,joint_immediate,persistence,3,8,21,0.13415262133057984,0.9047619047619048,21
reserve10,joint_immediate,persistence,3,9,23,0.1268270137921704,0.9565217391304348,23
reserve10,joint_immediate,persistence,3,10,23,0.14448290297138422,0.9565217391304348,23
reserve10,joint_immediate,persistence,3,11,23,0.14950855879138475,0.9130434782608695,23
reserve10,joint_immediate,persistence,3,12,23,0.14611859236766583,0.8695652173913043,23
reserve10,joint_immediate,persistence,3,13,24,0.11239106152485473,0.875,24
reserve10,joint_immediate,persistence,3,14,21,0.13688822204489087,0.9047619047619048,21
reserve10,joint_immediate,persistence,3,15,24,0.13810541426638231,0.875,24
reserve10,joint_immediate,persistence,3,16,25,0.1326614686332058,0.92,25
reserve10,joint_immediate,persistence,3,17,24,0.1296060528741275,0.9583333333333334,24
reserve10,joint_immediate,persistence,3,18,25,0.13425141357874149,0.88,25
reserve10,joint_immediate,persistence,3,19,27,0.15390999026203075,0.8518518518518519,27
reserve10,joint_immediate,persistence,3,20,27,0.11554394023049729,0.9629629629629629,27
reserve10,joint_immediate,persistence,3,21,23,0.1306535504818286,0.8695652173913043,23
reserve10,joint_immediate,persistence,3,22,23,0.13110843564272312,0.9565217391304348,23
reserve10,joint_immediate,persistence,3,23,25,0.12165824225093537,1.0,25
reserve10,joint_immediate,persistence,4,0,22,0.13042079643852425,0.9090909090909091,22
reserve10,joint_immediate,persistence,4,1,22,0.13242577828593652,0.9090909090909091,22
reserve10,joint_immediate,persistence,4,2,20,0.120544239540338,0.95,20
reserve10,joint_immediate,persistence,4,3,17,0.1610902399296281,0.8823529411764706,17
reserve10,joint_immediate,persistence,4,4,19,0.1401220863981382,0.9473684210526315,19
reserve10,joint_immediate,persistence,4,5,20,0.13362807765263604,0.95,20
reserve10,joint_immediate,persistence,4,6,23,0.1392156129939598,0.9565217391304348,23
reserve10,joint_immediate,persistence,4,7,21,0.14344238071603194,0.9523809523809523,21
reserve10,joint_immediate,persistence,4,8,23,0.1437613369089674,0.9565217391304348,23
reserve10,joint_immediate,persistence,4,9,23,0.18252375202404056,0.8695652173913043,23
reserve10,joint_immediate,persistence,4,10,23,0.1580076109146933,0.9565217391304348,23
reserve10,joint_immediate,persistence,4,11,23,0.15722340273728647,0.9130434782608695,23
reserve10,joint_immediate,persistence,4,12,24,0.13530718439798575,0.875,24
reserve10,joint_immediate,persistence,4,13,21,0.1627637422219438,0.9047619047619048,21
reserve10,joint_immediate,persistence,4,14,24,0.14081812748901643,0.9166666666666666,24
reserve10,joint_immediate,persistence,4,15,25,0.1492360593426233,0.92,25
reserve10,joint_immediate,persistence,4,16,24,0.15054708028070082,0.9166666666666666,24
reserve10,joint_immediate,persistence,4,17,25,0.14637612232706207,0.88,25
reserve10,joint_immediate,persistence,4,18,27,0.15800837377326624,0.8518518518518519,27
reserve10,joint_immediate,persistence,4,19,27,0.13714293727706128,0.9259259259259259,27
reserve10,joint_immediate,persistence,4,20,23,0.16386822605712528,0.8260869565217391,23
reserve10,joint_immediate,persistence,4,21,23,0.13723325354665777,0.9130434782608695,23
reserve10,joint_immediate,persistence,4,22,25,0.15269059625410286,0.96,25
reserve10,joint_immediate,persistence,4,23,25,0.13298453419234693,1.0,25
reserve10,joint_immediate,physical,1,0,22,0.04404232884468469,0.9090909090909091,22
reserve10,joint_immediate,physical,1,1,24,0.03837464094349208,0.9166666666666666,24
reserve10,joint_immediate,physical,1,2,25,0.03945193955361341,0.88,25
reserve10,joint_immediate,physical,1,3,22,0.026504863731667074,0.9545454545454546,22
reserve10,joint_immediate,physical,1,4,22,0.029508702090595675,1.0,22
reserve10,joint_immediate,physical,1,5,20,0.03498837069286405,0.95,20
reserve10,joint_immediate,physical,1,6,17,0.03700792633099376,1.0,17
reserve10,joint_immediate,physical,1,7,19,0.03596665580927052,0.9473684210526315,19
reserve10,joint_immediate,physical,1,8,20,0.04413097244124266,0.95,20
reserve10,joint_immediate,physical,1,9,23,0.03981348826518914,0.9130434782608695,23
reserve10,joint_immediate,physical,1,10,21,0.035434497361269704,0.9523809523809523,21
reserve10,joint_immediate,physical,1,11,23,0.03745720924854864,0.8695652173913043,23
reserve10,joint_immediate,physical,1,12,23,0.03825961101050543,0.8695652173913043,23
reserve10,joint_immediate,physical,1,13,23,0.03476476593863163,0.7391304347826086,23
reserve10,joint_immediate,physical,1,14,23,0.0383788362428103,0.8695652173913043,23
reserve10,joint_immediate,physical,1,15,24,0.03020381295175027,0.875,24
reserve10,joint_immediate,physical,1,16,21,0.04025339599937318,0.8571428571428571,21
reserve10,joint_immediate,physical,1,17,24,0.027950417785496562,1.0,24
reserve10,joint_immediate,physical,1,18,25,0.0373952288888861,0.88,25
reserve10,joint_immediate,physical,1,19,24,0.04147823709689357,0.8333333333333334,24
reserve10,joint_immediate,physical,1,20,25,0.04395346573951783,0.84,25
reserve10,joint_immediate,physical,1,21,27,0.02653930954414738,0.9629629629629629,27
reserve10,joint_immediate,physical,1,22,27,0.03895005500242984,0.9259259259259259,27
reserve10,joint_immediate,physical,1,23,23,0.045848723106914464,0.8260869565217391,23
reserve10,joint_immediate,physical,2,0,24,0.04727997955942,1.0,24
reserve10,joint_immediate,physical,2,1,25,0.04588994434458305,1.0,25
reserve10,joint_immediate,physical,2,2,22,0.04540232097506043,0.9090909090909091,22
reserve10,joint_immediate,physical,2,3,22,0.040516802028049324,1.0,22
reserve10,joint_immediate,physical,2,4,20,0.03859290839874306,0.95,20
reserve10,joint_immediate,physical,2,5,17,0.06015365032749829,1.0,17
reserve10,joint_immediate,physical,2,6,19,0.04579336278661802,1.0,19
reserve10,joint_immediate,physical,2,7,20,0.05396351332596383,0.95,20
reserve10,joint_immediate,physical,2,8,23,0.05591707500423167,0.9130434782608695,23
reserve10,joint_immediate,physical,2,9,21,0.05349101387112204,0.9523809523809523,21
reserve10,joint_immediate,physical,2,10,23,0.05055633401025836,0.9565217391304348,23
reserve10,joint_immediate,physical,2,11,23,0.050041362244647315,0.9565217391304348,23
reserve10,joint_immediate,physical,2,12,23,0.048484096753097485,0.8260869565217391,23
reserve10,joint_immediate,physical,2,13,23,0.055200442335063556,0.782608695652174,23
reserve10,joint_immediate,physical,2,14,24,0.051868813383506344,0.875,24
reserve10,joint_immediate,physical,2,15,21,0.06360945143595924,0.8571428571428571,21
reserve10,joint_immediate,physical,2,16,24,0.05063164339784245,0.7916666666666666,24
reserve10,joint_immediate,physical,2,17,25,0.04959497244050867,0.92,25
reserve10,joint_immediate,physical,2,18,24,0.06202654895581374,0.7916666666666666,24
reserve10,joint_immediate,physical,2,19,25,0.05617030646584064,0.92,25
reserve10,joint_immediate,physical,2,20,27,0.04916568027730506,0.9259259259259259,27
reserve10,joint_immediate,physical,2,21,27,0.04302667595752488,0.9629629629629629,27
reserve10,joint_immediate,physical,2,22,23,0.06305567239946484,0.8260869565217391,23
reserve10,joint_immediate,physical,2,23,23,0.0658967848624135,0.8695652173913043,23
reserve10,joint_immediate,physical,3,0,25,0.04351291333564232,0.96,25
reserve10,joint_immediate,physical,3,1,22,0.04684135838612393,1.0,22
reserve10,joint_immediate,physical,3,2,22,0.045102903209229286,1.0,22
reserve10,joint_immediate,physical,3,3,20,0.04266476372331114,0.95,20
reserve10,joint_immediate,physical,3,4,17,0.05849430690386777,1.0,17
reserve10,joint_immediate,physical,3,5,19,0.05742393104462166,0.9473684210526315,19
reserve10,joint_immediate,physical,3,6,20,0.058339224663217726,0.9,20
reserve10,joint_immediate,physical,3,7,23,0.05855004687063005,0.9130434782608695,23
reserve10,joint_immediate,physical,3,8,21,0.06761659467717537,0.9523809523809523,21
reserve10,joint_immediate,physical,3,9,23,0.05440369021916131,0.8695652173913043,23
reserve10,joint_immediate,physical,3,10,23,0.05294989674496977,0.9130434782608695,23
reserve10,joint_immediate,physical,3,11,23,0.056431663926483466,0.8260869565217391,23
reserve10,joint_immediate,physical,3,12,23,0.06362353898416526,0.782608695652174,23
reserve10,joint_immediate,physical,3,13,24,0.05774861822044283,0.8333333333333334,24
reserve10,joint_immediate,physical,3,14,21,0.07279595926638766,0.8095238095238095,21
reserve10,joint_immediate,physical,3,15,24,0.05963045518994075,0.8333333333333334,24
reserve10,joint_immediate,physical,3,16,25,0.06120141787505525,0.8,25
reserve10,joint_immediate,physical,3,17,24,0.07148737049150253,0.8333333333333334,24
reserve10,joint_immediate,physical,3,18,25,0.06613467717211838,0.88,25
reserve10,joint_immediate,physical,3,19,27,0.05493963344625347,0.8518518518518519,27
reserve10,joint_immediate,physical,3,20,27,0.053094466725412466,0.8888888888888888,27
reserve10,joint_immediate,physical,3,21,23,0.06042673425544483,0.8695652173913043,23
reserve10,joint_immediate,physical,3,22,23,0.07082995883531386,0.9130434782608695,23
reserve10,joint_immediate,physical,3,23,25,0.053142524849903075,0.84,25
reserve10,joint_immediate,physical,4,0,22,0.043484236276473194,1.0,22
reserve10,joint_immediate,physical,4,1,22,0.046233045439306314,1.0,22
reserve10,joint_immediate,physical,4,2,20,0.04489621299482798,0.95,20
reserve10,joint_immediate,physical,4,3,17,0.05998492052779025,1.0,17
reserve10,joint_immediate,physical,4,4,19,0.06177866807998965,1.0,19
reserve10,joint_immediate,physical,4,5,20,0.06253341902668184,0.9,20
reserve10,joint_immediate,physical,4,6,23,0.058323667307444496,0.9130434782608695,23
reserve10,joint_immediate,physical,4,7,21,0.07027098020955569,0.8571428571428571,21
reserve10,joint_immediate,physical,4,8,23,0.0618088637606594,0.8695652173913043,23
reserve10,joint_immediate,physical,4,9,23,0.055949503640048436,0.9130434782608695,23
reserve10,joint_immediate,physical,4,10,23,0.05541020579611976,0.8260869565217391,23
reserve10,joint_immediate,physical,4,11,23,0.06557603554505602,0.8260869565217391,23
reserve10,joint_immediate,physical,4,12,24,0.060142287609730234,0.875,24
reserve10,joint_immediate,physical,4,13,21,0.08109319660668847,0.8095238095238095,21
reserve10,joint_immediate,physical,4,14,24,0.06388248198357321,0.8333333333333334,24
reserve10,joint_immediate,physical,4,15,25,0.06801697673744314,0.8,25
reserve10,joint_immediate,physical,4,16,24,0.0784108035668967,0.7916666666666666,24
reserve10,joint_immediate,physical,4,17,25,0.06951823089154031,0.88,25
reserve10,joint_immediate,physical,4,18,27,0.05705610970423093,0.8888888888888888,27
reserve10,joint_immediate,physical,4,19,27,0.05370235901273382,0.8888888888888888,27
reserve10,joint_immediate,physical,4,20,23,0.06276266662400264,0.9130434782608695,23
reserve10,joint_immediate,physical,4,21,23,0.07105317317462181,0.8260869565217391,23
reserve10,joint_immediate,physical,4,22,25,0.05548989942693264,0.88,25
reserve10,joint_immediate,physical,4,23,25,0.046507002181421876,0.96,25
reserve10,joint_immediate,physical_availability,1,0,22,0.044008664513954354,0.9090909090909091,22
reserve10,joint_immediate,physical_availability,1,1,24,0.03830986767831191,0.9166666666666666,24
reserve10,joint_immediate,physical_availability,1,2,25,0.039434450063047216,0.88,25
reserve10,joint_immediate,physical_availability,1,3,22,0.026563825099878657,0.9545454545454546,22
reserve10,joint_immediate,physical_availability,1,4,22,0.029549898781981176,1.0,22
reserve10,joint_immediate,physical_availability,1,5,20,0.03500039121743096,0.95,20
reserve10,joint_immediate,physical_availability,1,6,17,0.03703627679105213,1.0,17
reserve10,joint_immediate,physical_availability,1,7,19,0.03598556676673095,0.9473684210526315,19
reserve10,joint_immediate,physical_availability,1,8,20,0.04409690108176138,0.95,20
reserve10,joint_immediate,physical_availability,1,9,23,0.03977419970686814,0.9130434782608695,23
reserve10,joint_immediate,physical_availability,1,10,21,0.035496862091818404,0.9523809523809523,21
reserve10,joint_immediate,physical_availability,1,11,23,0.03737126421470092,0.8695652173913043,23
reserve10,joint_immediate,physical_availability,1,12,23,0.038239210249282125,0.8695652173913043,23
reserve10,joint_immediate,physical_availability,1,13,23,0.03482006864079799,0.7391304347826086,23
reserve10,joint_immediate,physical_availability,1,14,23,0.038382445603174255,0.8695652173913043,23
reserve10,joint_immediate,physical_availability,1,15,24,0.030254106221695942,0.875,24
reserve10,joint_immediate,physical_availability,1,16,21,0.04005244721630438,0.9047619047619048,21
reserve10,joint_immediate,physical_availability,1,17,24,0.027894113605157506,1.0,24
reserve10,joint_immediate,physical_availability,1,18,25,0.037314675640473395,0.92,25
reserve10,joint_immediate,physical_availability,1,19,24,0.04181547269539885,0.875,24
reserve10,joint_immediate,physical_availability,1,20,25,0.0441654096404588,0.88,25
reserve10,joint_immediate,physical_availability,1,21,27,0.026619055919458103,0.9629629629629629,27
reserve10,joint_immediate,physical_availability,1,22,27,0.03882826134237965,0.9259259259259259,27
reserve10,joint_immediate,physical_availability,1,23,23,0.04568336232878353,0.8260869565217391,23
reserve10,joint_immediate,physical_availability,2,0,24,0.04732559612123432,1.0,24
reserve10,joint_immediate,physical_availability,2,1,25,0.04579108611631159,1.0,25
reserve10,joint_immediate,physical_availability,2,2,22,0.045151502115045,0.9090909090909091,22
reserve10,joint_immediate,physical_availability,2,3,22,0.040549020497562295,1.0,22
reserve10,joint_immediate,physical_availability,2,4,20,0.0385315867619512,0.95,20
reserve10,joint_immediate,physical_availability,2,5,17,0.06007376920444476,1.0,17
reserve10,joint_immediate,physical_availability,2,6,19,0.04569396869363387,1.0,19
reserve10,joint_immediate,physical_availability,2,7,20,0.053841981170785445,0.95,20
reserve10,joint_immediate,physical_availability,2,8,23,0.05576386134264283,0.9130434782608695,23
reserve10,joint_immediate,physical_availability,2,9,21,0.05349674602859672,0.9523809523809523,21
reserve10,joint_immediate,physical_availability,2,10,23,0.05061733681519794,0.9565217391304348,23
reserve10,joint_immediate,physical_availability,2,11,23,0.05001160935262517,0.9565217391304348,23
reserve10,joint_immediate,physical_availability,2,12,23,0.048324895107464405,0.8260869565217391,23
reserve10,joint_immediate,physical_availability,2,13,23,0.05515032131987021,0.782608695652174,23
reserve10,joint_immediate,physical_availability,2,14,24,0.05172041326764363,0.875,24
reserve10,joint_immediate,physical_availability,2,15,21,0.0634442219631103,0.8571428571428571,21
reserve10,joint_immediate,physical_availability,2,16,24,0.05041811197045407,0.7916666666666666,24
reserve10,joint_immediate,physical_availability,2,17,25,0.049171498845326386,0.92,25
reserve10,joint_immediate,physical_availability,2,18,24,0.06172870980173722,0.7916666666666666,24
reserve10,joint_immediate,physical_availability,2,19,25,0.056469146774775346,0.92,25
reserve10,joint_immediate,physical_availability,2,20,27,0.0494735201595954,0.8888888888888888,27
reserve10,joint_immediate,physical_availability,2,21,27,0.04316359186188289,0.9259259259259259,27
reserve10,joint_immediate,physical_availability,2,22,23,0.06278937545203825,0.9130434782608695,23
reserve10,joint_immediate,physical_availability,2,23,23,0.06581750529050402,0.8695652173913043,23
reserve10,joint_immediate,physical_availability,3,0,25,0.04358973502821052,0.96,25
reserve10,joint_immediate,physical_availability,3,1,22,0.046789195860772154,1.0,22
reserve10,joint_immediate,physical_availability,3,2,22,0.04502523393813019,1.0,22
reserve10,joint_immediate,physical_availability,3,3,20,0.04261986794852721,0.95,20
reserve10,joint_immediate,physical_availability,3,4,17,0.058350352969805085,1.0,17
reserve10,joint_immediate,physical_availability,3,5,19,0.05738084897744805,0.9473684210526315,19
reserve10,joint_immediate,physical_availability,3,6,20,0.05844592167055952,0.9,20
reserve10,joint_immediate,physical_availability,3,7,23,0.0584435511321541,0.9130434782608695,23
reserve10,joint_immediate,physical_availability,3,8,21,0.0674941253340664,0.9523809523809523,21
reserve10,joint_immediate,physical_availability,3,9,23,0.05431531011796621,0.8695652173913043,23
reserve10,joint_immediate,physical_availability,3,10,23,0.052841343425445546,0.9130434782608695,23
reserve10,joint_immediate,physical_availability,3,11,23,0.05633733307846692,0.8260869565217391,23
reserve10,joint_immediate,physical_availability,3,12,23,0.06345711284350881,0.782608695652174,23
reserve10,joint_immediate,physical_availability,3,13,24,0.05784791498244841,0.8333333333333334,24
reserve10,joint_immediate,physical_availability,3,14,21,0.07272400706697442,0.8095238095238095,21
reserve10,joint_immediate,physical_availability,3,15,24,0.0597193424877533,0.8333333333333334,24
reserve10,joint_immediate,physical_availability,3,16,25,0.0608884353691961,0.8,25
reserve10,joint_immediate,physical_availability,3,17,24,0.07137854511691644,0.8333333333333334,24
reserve10,joint_immediate,physical_availability,3,18,25,0.06641174400617378,0.92,25
reserve10,joint_immediate,physical_availability,3,19,27,0.05536707146003149,0.8888888888888888,27
reserve10,joint_immediate,physical_availability,3,20,27,0.05303632233425012,0.8518518518518519,27
reserve10,joint_immediate,physical_availability,3,21,23,0.06027079883568063,0.8695652173913043,23
reserve10,joint_immediate,physical_availability,3,22,23,0.07098006972954131,0.8695652173913043,23
reserve10,joint_immediate,physical_availability,3,23,25,0.05305919808721459,0.84,25
reserve10,joint_immediate,physical_availability,4,0,22,0.04361064102826703,1.0,22
reserve10,joint_immediate,physical_availability,4,1,22,0.04616390128995844,1.0,22
reserve10,joint_immediate,physical_availability,4,2,20,0.04476921918926601,0.95,20
reserve10,joint_immediate,physical_availability,4,3,17,0.0598762923433352,1.0,17
reserve10,joint_immediate,physical_availability,4,4,19,0.061592528581949205,1.0,19
reserve10,joint_immediate,physical_availability,4,5,20,0.062338436758904735,0.9,20
reserve10,joint_immediate,physical_availability,4,6,23,0.058482005780749455,0.9130434782608695,23
reserve10,joint_immediate,physical_availability,4,7,21,0.07008914125523068,0.8571428571428571,21
reserve10,joint_immediate,physical_availability,4,8,23,0.06166597512380641,0.8695652173913043,23
reserve10,joint_immediate,physical_availability,4,9,23,0.055891637932791616,0.9130434782608695,23
reserve10,joint_immediate,physical_availability,4,10,23,0.05550243496569911,0.782608695652174,23
reserve10,joint_immediate,physical_availability,4,11,23,0.06563571135725359,0.8260869565217391,23
reserve10,joint_immediate,physical_availability,4,12,24,0.05996246513146339,0.875,24
reserve10,joint_immediate,physical_availability,4,13,21,0.08088332138618878,0.8095238095238095,21
reserve10,joint_immediate,physical_availability,4,14,24,0.06378285475900451,0.8333333333333334,24
reserve10,joint_immediate,physical_availability,4,15,25,0.06781039416381245,0.8,25
reserve10,joint_immediate,physical_availability,4,16,24,0.0783373597553061,0.7916666666666666,24
reserve10,joint_immediate,physical_availability,4,17,25,0.0697897656749459,0.88,25
reserve10,joint_immediate,physical_availability,4,18,27,0.05740193145980324,0.8518518518518519,27
reserve10,joint_immediate,physical_availability,4,19,27,0.053715874874944725,0.8888888888888888,27
reserve10,joint_immediate,physical_availability,4,20,23,0.06292425088775598,0.9130434782608695,23
reserve10,joint_immediate,physical_availability,4,21,23,0.07099327857132454,0.8260869565217391,23
reserve10,joint_immediate,physical_availability,4,22,25,0.05564432042242653,0.84,25
reserve10,joint_immediate,physical_availability,4,23,25,0.046539660592688575,0.96,25
reserve10,joint_immediate,physical_recovery,1,0,22,0.04394502328242389,0.9090909090909091,22
reserve10,joint_immediate,physical_recovery,1,1,24,0.038364230102351786,0.9166666666666666,24
reserve10,joint_immediate,physical_recovery,1,2,25,0.039658505673285355,0.88,25
reserve10,joint_immediate,physical_recovery,1,3,22,0.02640620219500164,0.9545454545454546,22
reserve10,joint_immediate,physical_recovery,1,4,22,0.029581996055470235,1.0,22
reserve10,joint_immediate,physical_recovery,1,5,20,0.0350191652178009,0.95,20
reserve10,joint_immediate,physical_recovery,1,6,17,0.03687901655583161,1.0,17
reserve10,joint_immediate,physical_recovery,1,7,19,0.03595671305466861,0.9473684210526315,19
reserve10,joint_immediate,physical_recovery,1,8,20,0.044169937849882115,0.95,20
reserve10,joint_immediate,physical_recovery,1,9,23,0.03988176812620764,0.9130434782608695,23
reserve10,joint_immediate,physical_recovery,1,10,21,0.035437265721343265,0.9523809523809523,21
reserve10,joint_immediate,physical_recovery,1,11,23,0.03738982953177896,0.8260869565217391,23
reserve10,joint_immediate,physical_recovery,1,12,23,0.038291153029576204,0.8695652173913043,23
reserve10,joint_immediate,physical_recovery,1,13,23,0.034867967534737705,0.7391304347826086,23
reserve10,joint_immediate,physical_recovery,1,14,23,0.03835054474552805,0.8695652173913043,23
reserve10,joint_immediate,physical_recovery,1,15,24,0.030194253307205415,0.875,24
reserve10,joint_immediate,physical_recovery,1,16,21,0.03998704419864955,0.9047619047619048,21
reserve10,joint_immediate,physical_recovery,1,17,24,0.02791109037093358,1.0,24
reserve10,joint_immediate,physical_recovery,1,18,25,0.03735967995001509,0.92,25
reserve10,joint_immediate,physical_recovery,1,19,24,0.042116658390696615,0.875,24
reserve10,joint_immediate,physical_recovery,1,20,25,0.04407411927897201,0.88,25
reserve10,joint_immediate,physical_recovery,1,21,27,0.0266425726440877,0.9629629629629629,27
reserve10,joint_immediate,physical_recovery,1,22,27,0.038885321942633694,0.9259259259259259,27
reserve10,joint_immediate,physical_recovery,1,23,23,0.04568976446085299,0.8695652173913043,23
reserve10,joint_immediate,physical_recovery,2,0,24,0.04723665165693958,0.9583333333333334,24
reserve10,joint_immediate,physical_recovery,2,1,25,0.04593031249892138,1.0,25
reserve10,joint_immediate,physical_recovery,2,2,22,0.04498122420662747,0.9090909090909091,22
reserve10,joint_immediate,physical_recovery,2,3,22,0.04022636121127366,1.0,22
reserve10,joint_immediate,physical_recovery,2,4,20,0.03815344169083466,0.95,20
reserve10,joint_immediate,physical_recovery,2,5,17,0.05996670913693421,1.0,17
reserve10,joint_immediate,physical_recovery,2,6,19,0.04564844088052626,1.0,19
reserve10,joint_immediate,physical_recovery,2,7,20,0.054158387883028916,0.95,20
reserve10,joint_immediate,physical_recovery,2,8,23,0.055977547851514896,0.9130434782608695,23
reserve10,joint_immediate,physical_recovery,2,9,21,0.053400680924318565,0.9523809523809523,21
reserve10,joint_immediate,physical_recovery,2,10,23,0.050649164795755576,0.9565217391304348,23
reserve10,joint_immediate,physical_recovery,2,11,23,0.05000549500386492,0.9565217391304348,23
reserve10,joint_immediate,physical_recovery,2,12,23,0.04823249241982581,0.9130434782608695,23
reserve10,joint_immediate,physical_recovery,2,13,23,0.055258410905509925,0.782608695652174,23
reserve10,joint_immediate,physical_recovery,2,14,24,0.05183408510537294,0.875,24
reserve10,joint_immediate,physical_recovery,2,15,21,0.06357423610403135,0.8571428571428571,21
reserve10,joint_immediate,physical_recovery,2,16,24,0.05045014217284,0.7916666666666666,24
reserve10,joint_immediate,physical_recovery,2,17,25,0.04929210774844452,0.96,25
reserve10,joint_immediate,physical_recovery,2,18,24,0.06183782016005541,0.7916666666666666,24
reserve10,joint_immediate,physical_recovery,2,19,25,0.05658418020945736,0.92,25
reserve10,joint_immediate,physical_recovery,2,20,27,0.04945028818601126,0.8888888888888888,27
reserve10,joint_immediate,physical_recovery,2,21,27,0.0431323919162529,0.9259259259259259,27
reserve10,joint_immediate,physical_recovery,2,22,23,0.06288638824013439,0.9130434782608695,23
reserve10,joint_immediate,physical_recovery,2,23,23,0.06584041454969138,0.8695652173913043,23
reserve10,joint_immediate,physical_recovery,3,0,25,0.043390115494337404,0.96,25
reserve10,joint_immediate,physical_recovery,3,1,22,0.04647512929709605,1.0,22
reserve10,joint_immediate,physical_recovery,3,2,22,0.044737905874543196,1.0,22
reserve10,joint_immediate,physical_recovery,3,3,20,0.04212506132633604,0.95,20
reserve10,joint_immediate,physical_recovery,3,4,17,0.05825749684661705,1.0,17
reserve10,joint_immediate,physical_recovery,3,5,19,0.05744518241341226,0.9473684210526315,19
reserve10,joint_immediate,physical_recovery,3,6,20,0.058736469507329005,0.9,20
reserve10,joint_immediate,physical_recovery,3,7,23,0.05890535877410414,0.9130434782608695,23
reserve10,joint_immediate,physical_recovery,3,8,21,0.06811539435777425,0.9523809523809523,21
reserve10,joint_immediate,physical_recovery,3,9,23,0.05480961161230402,0.8695652173913043,23
reserve10,joint_immediate,physical_recovery,3,10,23,0.05307234717042111,0.9130434782608695,23
reserve10,joint_immediate,physical_recovery,3,11,23,0.05614860654491241,0.8260869565217391,23
reserve10,joint_immediate,physical_recovery,3,12,23,0.06324656274392543,0.782608695652174,23
reserve10,joint_immediate,physical_recovery,3,13,24,0.057895290589776216,0.8333333333333334,24
reserve10,joint_immediate,physical_recovery,3,14,21,0.07281833942193597,0.8095238095238095,21
reserve10,joint_immediate,physical_recovery,3,15,24,0.05976089052294867,0.8333333333333334,24
reserve10,joint_immediate,physical_recovery,3,16,25,0.061043953980884795,0.8,25
reserve10,joint_immediate,physical_recovery,3,17,24,0.07158114561222494,0.8333333333333334,24
reserve10,joint_immediate,physical_recovery,3,18,25,0.0663411133411179,0.92,25
reserve10,joint_immediate,physical_recovery,3,19,27,0.0553857374605314,0.8888888888888888,27
reserve10,joint_immediate,physical_recovery,3,20,27,0.05292826825843836,0.8518518518518519,27
reserve10,joint_immediate,physical_recovery,3,21,23,0.060331103481749755,0.8695652173913043,23
reserve10,joint_immediate,physical_recovery,3,22,23,0.07099370286079737,0.8695652173913043,23
reserve10,joint_immediate,physical_recovery,3,23,25,0.05304813931980081,0.84,25
reserve10,joint_immediate,physical_recovery,4,0,22,0.043227081303037145,1.0,22
reserve10,joint_immediate,physical_recovery,4,1,22,0.045766011588196556,1.0,22
reserve10,joint_immediate,physical_recovery,4,2,20,0.04436700929634778,0.95,20
reserve10,joint_immediate,physical_recovery,4,3,17,0.059691590733270405,1.0,17
reserve10,joint_immediate,physical_recovery,4,4,19,0.061516957146313396,1.0,19
reserve10,joint_immediate,physical_recovery,4,5,20,0.06288016874881298,0.9,20
reserve10,joint_immediate,physical_recovery,4,6,23,0.05897515984632014,0.9130434782608695,23
reserve10,joint_immediate,physical_recovery,4,7,21,0.07083566826928578,0.8571428571428571,21
reserve10,joint_immediate,physical_recovery,4,8,23,0.06257416715720863,0.8695652173913043,23
reserve10,joint_immediate,physical_recovery,4,9,23,0.056393327387160144,0.9130434782608695,23
reserve10,joint_immediate,physical_recovery,4,10,23,0.05559128842659907,0.8260869565217391,23
reserve10,joint_immediate,physical_recovery,4,11,23,0.06552014182883859,0.8260869565217391,23
reserve10,joint_immediate,physical_recovery,4,12,24,0.05997716929774457,0.8333333333333334,24
reserve10,joint_immediate,physical_recovery,4,13,21,0.08107763289016927,0.8095238095238095,21
reserve10,joint_immediate,physical_recovery,4,14,24,0.06383040562108684,0.8333333333333334,24
reserve10,joint_immediate,physical_recovery,4,15,25,0.06813331647649966,0.8,25
reserve10,joint_immediate,physical_recovery,4,16,24,0.07852793493505428,0.7916666666666666,24
reserve10,joint_immediate,physical_recovery,4,17,25,0.06987587754366455,0.88,25
reserve10,joint_immediate,physical_recovery,4,18,27,0.0573885802919709,0.8518518518518519,27
reserve10,joint_immediate,physical_recovery,4,19,27,0.05365318343405595,0.8888888888888888,27
reserve10,joint_immediate,physical_recovery,4,20,23,0.06292979667916551,0.9130434782608695,23
reserve10,joint_immediate,physical_recovery,4,21,23,0.07088002025167381,0.8260869565217391,23
reserve10,joint_immediate,physical_recovery,4,22,25,0.0556324584016427,0.88,25
reserve10,joint_immediate,physical_recovery,4,23,25,0.04645046591166996,0.96,25
reserve10,joint_immediate,previous_day,1,0,22,0.11485004220079623,0.8636363636363636,22
reserve10,joint_immediate,previous_day,1,1,24,0.10164339782606113,0.8333333333333334,24
reserve10,joint_immediate,previous_day,1,2,25,0.06158620831652211,0.92,25
reserve10,joint_immediate,previous_day,1,3,22,0.060636821887576346,0.9545454545454546,22
reserve10,joint_immediate,previous_day,1,4,22,0.06765177776377937,0.9090909090909091,22
reserve10,joint_immediate,previous_day,1,5,20,0.08421418638556546,0.9,20
reserve10,joint_immediate,previous_day,1,6,17,0.07931045802746722,0.9411764705882353,17
reserve10,joint_immediate,previous_day,1,7,19,0.07275028114141939,1.0,19
reserve10,joint_immediate,previous_day,1,8,20,0.10859215836256378,0.85,20
reserve10,joint_immediate,previous_day,1,9,23,0.11933918342692622,0.782608695652174,23
reserve10,joint_immediate,previous_day,1,10,21,0.13354706831787538,0.8095238095238095,21
reserve10,joint_immediate,previous_day,1,11,23,0.1009652564531481,0.8695652173913043,23
reserve10,joint_immediate,previous_day,1,12,23,0.06789393215439218,0.9565217391304348,23
reserve10,joint_immediate,previous_day,1,13,23,0.09561715786281796,0.8260869565217391,23
reserve10,joint_immediate,previous_day,1,14,23,0.12437140596500203,0.782608695652174,23
reserve10,joint_immediate,previous_day,1,15,24,0.09982907211380827,0.8333333333333334,24
reserve10,joint_immediate,previous_day,1,16,21,0.12070648446022128,0.8571428571428571,21
reserve10,joint_immediate,previous_day,1,17,24,0.09843622837454384,0.8333333333333334,24
reserve10,joint_immediate,previous_day,1,18,25,0.10493727108651361,0.92,25
reserve10,joint_immediate,previous_day,1,19,24,0.1499379692073324,0.75,24
reserve10,joint_immediate,previous_day,1,20,25,0.11901883006394133,0.88,25
reserve10,joint_immediate,previous_day,1,21,27,0.09871788413128307,0.9259259259259259,27
reserve10,joint_immediate,previous_day,1,22,27,0.1086891351635015,0.8518518518518519,27
reserve10,joint_immediate,previous_day,1,23,23,0.1468973246919458,0.782608695652174,23
reserve10,joint_immediate,previous_day,2,0,24,0.10024816425409226,0.8333333333333334,24
reserve10,joint_immediate,previous_day,2,1,25,0.06116758583792517,0.92,25
reserve10,joint_immediate,previous_day,2,2,22,0.06120817800046865,1.0,22
reserve10,joint_immediate,previous_day,2,3,22,0.0678200677709976,0.9090909090909091,22
reserve10,joint_immediate,previous_day,2,4,20,0.08338120453018708,0.95,20
reserve10,joint_immediate,previous_day,2,5,17,0.0794813115566539,0.9411764705882353,17
reserve10,joint_immediate,previous_day,2,6,19,0.07344441257286631,1.0,19
reserve10,joint_immediate,previous_day,2,7,20,0.10790499815773809,0.85,20
reserve10,joint_immediate,previous_day,2,8,23,0.11829739311691254,0.782608695652174,23
reserve10,joint_immediate,previous_day,2,9,21,0.132541627562004,0.8095238095238095,21
reserve10,joint_immediate,previous_day,2,10,23,0.09991391571072722,0.9130434782608695,23
reserve10,joint_immediate,previous_day,2,11,23,0.06840602599970423,0.9565217391304348,23
reserve10,joint_immediate,previous_day,2,12,23,0.09545146112013826,0.8260869565217391,23
reserve10,joint_immediate,previous_day,2,13,23,0.12388319219408551,0.782608695652174,23
reserve10,joint_immediate,previous_day,2,14,24,0.09946609912439325,0.8333333333333334,24
reserve10,joint_immediate,previous_day,2,15,21,0.12030957744429764,0.8571428571428571,21
reserve10,joint_immediate,previous_day,2,16,24,0.09846197919051604,0.8333333333333334,24
reserve10,joint_immediate,previous_day,2,17,25,0.10437319056802721,0.92,25
reserve10,joint_immediate,previous_day,2,18,24,0.14718421792990893,0.7916666666666666,24
reserve10,joint_immediate,previous_day,2,19,25,0.11785176869364371,0.88,25
reserve10,joint_immediate,previous_day,2,20,27,0.09776534090620276,0.9259259259259259,27
reserve10,joint_immediate,previous_day,2,21,27,0.10771102376645565,0.8888888888888888,27
reserve10,joint_immediate,previous_day,2,22,23,0.14492694504270184,0.782608695652174,23
reserve10,joint_immediate,previous_day,2,23,23,0.14422516137378458,0.8260869565217391,23
reserve10,joint_immediate,previous_day,3,0,25,0.055541666992091836,0.96,25
reserve10,joint_immediate,previous_day,3,1,22,0.061769907127106526,1.0,22
reserve10,joint_immediate,previous_day,3,2,22,0.0676920599379638,0.9545454545454546,22
reserve10,joint_immediate,previous_day,3,3,20,0.08278392230782312,0.95,20
reserve10,joint_immediate,previous_day,3,4,17,0.07960190957920668,0.9411764705882353,17
reserve10,joint_immediate,previous_day,3,5,19,0.07448067850675796,1.0,19
reserve10,joint_immediate,previous_day,3,6,20,0.10682652893909439,0.9,20
reserve10,joint_immediate,previous_day,3,7,23,0.11691190301066623,0.782608695652174,23
reserve10,joint_immediate,previous_day,3,8,21,0.13123385745464855,0.8095238095238095,21
reserve10,joint_immediate,previous_day,3,9,23,0.09876766535714285,0.9130434782608695,23
reserve10,joint_immediate,previous_day,3,10,23,0.0690767488144225,0.9565217391304348,23
reserve10,joint_immediate,previous_day,3,11,23,0.09558520094665039,0.9130434782608695,23
reserve10,joint_immediate,previous_day,3,12,23,0.12366250744445059,0.782608695652174,23
reserve10,joint_immediate,previous_day,3,13,24,0.09905724386479592,0.8333333333333334,24
reserve10,joint_immediate,previous_day,3,14,21,0.12020484309908486,0.9047619047619048,21
reserve10,joint_immediate,previous_day,3,15,24,0.09848200081880669,0.8333333333333334,24
reserve10,joint_immediate,previous_day,3,16,25,0.10470380374226192,0.92,25
reserve10,joint_immediate,previous_day,3,17,24,0.1459663507212833,0.7916666666666666,24
reserve10,joint_immediate,previous_day,3,18,25,0.11753177390569727,0.88,25
reserve10,joint_immediate,previous_day,3,19,27,0.09738344377015622,0.9259259259259259,27
reserve10,joint_immediate,previous_day,3,20,27,0.10732353967576845,0.8888888888888888,27
reserve10,joint_immediate,previous_day,3,21,23,0.14343596269733436,0.8695652173913043,23
reserve10,joint_immediate,previous_day,3,22,23,0.1438386398636683,0.8260869565217391,23
reserve10,joint_immediate,previous_day,3,23,25,0.09481319127040816,0.88,25
reserve10,joint_immediate,previous_day,4,0,22,0.06206411436253479,1.0,22
reserve10,joint_immediate,previous_day,4,1,22,0.06780591458207715,0.9545454545454546,22
reserve10,joint_immediate,previous_day,4,2,20,0.0823161644870323,1.0,20
reserve10,joint_immediate,previous_day,4,3,17,0.07974886749699879,0.9411764705882353,17
reserve10,joint_immediate,previous_day,4,4,19,0.07509183449773989,1.0,19
reserve10,joint_immediate,previous_day,4,5,20,0.10618844213520409,0.9,20
reserve10,joint_immediate,previous_day,4,6,23,0.1162001280066918,0.782608695652174,23
reserve10,joint_immediate,previous_day,4,7,21,0.1307674619871639,0.8095238095238095,21
reserve10,joint_immediate,previous_day,4,8,23,0.09809231945522774,0.9130434782608695,23
reserve10,joint_immediate,previous_day,4,9,23,0.06954242765417037,0.9565217391304348,23
reserve10,joint_immediate,previous_day,4,10,23,0.09595218167396849,0.9130434782608695,23
reserve10,joint_immediate,previous_day,4,11,23,0.12384161814339321,0.782608695652174,23
reserve10,joint_immediate,previous_day,4,12,24,0.09892915942327452,0.8333333333333334,24
reserve10,joint_immediate,previous_day,4,13,21,0.12036109875253077,0.9047619047619048,21
reserve10,joint_immediate,previous_day,4,14,24,0.09868686699192177,0.8333333333333334,24
reserve10,joint_immediate,previous_day,4,15,25,0.10496448113265305,0.92,25
reserve10,joint_immediate,previous_day,4,16,24,0.1453863058550347,0.7916666666666666,24
reserve10,joint_immediate,previous_day,4,17,25,0.11749681972517007,0.88,25
reserve10,joint_immediate,previous_day,4,18,27,0.0973540059435626,0.9629629629629629,27
reserve10,joint_immediate,previous_day,4,19,27,0.10707656461388258,0.8888888888888888,27
reserve10,joint_immediate,previous_day,4,20,23,0.14286388311363132,0.8695652173913043,23
reserve10,joint_immediate,previous_day,4,21,23,0.14376529775981586,0.8260869565217391,23
reserve10,joint_immediate,previous_day,4,22,25,0.09173552932083333,0.88,25
reserve10,joint_immediate,previous_day,4,23,25,0.06477414860442175,0.96,25
reserve10,joint_immediate,raw,1,0,22,0.0440717711763579,0.9090909090909091,22
reserve10,joint_immediate,raw,1,1,24,0.03805728555342122,0.875,24
reserve10,joint_immediate,raw,1,2,25,0.039920839346856,0.88,25
reserve10,joint_immediate,raw,1,3,22,0.025987703499513938,0.9545454545454546,22
reserve10,joint_immediate,raw,1,4,22,0.029044664361979822,0.9545454545454546,22
reserve10,joint_immediate,raw,1,5,20,0.03504758880366088,0.95,20
reserve10,joint_immediate,raw,1,6,17,0.03726099470814462,0.9411764705882353,17
reserve10,joint_immediate,raw,1,7,19,0.035578479836152734,0.9473684210526315,19
reserve10,joint_immediate,raw,1,8,20,0.044583362932960516,0.95,20
reserve10,joint_immediate,raw,1,9,23,0.040131818605830726,0.9130434782608695,23
reserve10,joint_immediate,raw,1,10,21,0.03500872022508125,0.9523809523809523,21
reserve10,joint_immediate,raw,1,11,23,0.0383486463025318,0.8695652173913043,23
reserve10,joint_immediate,raw,1,12,23,0.03879191136411209,0.8260869565217391,23
reserve10,joint_immediate,raw,1,13,23,0.03551504321551406,0.7391304347826086,23
reserve10,joint_immediate,raw,1,14,23,0.03879599800783839,0.782608695652174,23
reserve10,joint_immediate,raw,1,15,24,0.03051588419437276,0.7916666666666666,24
reserve10,joint_immediate,raw,1,16,21,0.040963088336468514,0.8095238095238095,21
reserve10,joint_immediate,raw,1,17,24,0.028338635112972563,0.875,24
reserve10,joint_immediate,raw,1,18,25,0.03769055507983449,0.8,25
reserve10,joint_immediate,raw,1,19,24,0.04149650712672095,0.8333333333333334,24
reserve10,joint_immediate,raw,1,20,25,0.04449897689559559,0.76,25
reserve10,joint_immediate,raw,1,21,27,0.026325937498417253,0.9259259259259259,27
reserve10,joint_immediate,raw,1,22,27,0.03926774599146205,0.7777777777777778,27
reserve10,joint_immediate,raw,1,23,23,0.04616637170369358,0.782608695652174,23
reserve10,joint_immediate,raw,2,0,24,0.04715352290546803,0.9166666666666666,24
reserve10,joint_immediate,raw,2,1,25,0.04546602110210804,1.0,25
reserve10,joint_immediate,raw,2,2,22,0.044737080650711886,0.8636363636363636,22
reserve10,joint_immediate,raw,2,3,22,0.04004513552844793,0.9545454545454546,22
reserve10,joint_immediate,raw,2,4,20,0.03706173349930454,0.9,20
reserve10,joint_immediate,raw,2,5,17,0.06004512948999697,0.9411764705882353,17
reserve10,joint_immediate,raw,2,6,19,0.04575064319313549,0.9473684210526315,19
reserve10,joint_immediate,raw,2,7,20,0.05431730403062279,0.9,20
reserve10,joint_immediate,raw,2,8,23,0.05571489526797885,0.8260869565217391,23
reserve10,joint_immediate,raw,2,9,21,0.05335072045928352,0.9047619047619048,21
reserve10,joint_immediate,raw,2,10,23,0.051627019628921265,0.7391304347826086,23
reserve10,joint_immediate,raw,2,11,23,0.050341504133295786,0.782608695652174,23
reserve10,joint_immediate,raw,2,12,23,0.04942375579652625,0.7391304347826086,23
reserve10,joint_immediate,raw,2,13,23,0.05663633546411793,0.7391304347826086,23
reserve10,joint_immediate,raw,2,14,24,0.052324838076842746,0.7916666666666666,24
reserve10,joint_immediate,raw,2,15,21,0.06498732588939798,0.7142857142857143,21
reserve10,joint_immediate,raw,2,16,24,0.05149546203911956,0.75,24
reserve10,joint_immediate,raw,2,17,25,0.050804778416497234,0.72,25
reserve10,joint_immediate,raw,2,18,24,0.062321271530132005,0.75,24
reserve10,joint_immediate,raw,2,19,25,0.05605311696575459,0.84,25
reserve10,joint_immediate,raw,2,20,27,0.0498417089239483,0.8148148148148148,27
reserve10,joint_immediate,raw,2,21,27,0.043161733021374014,0.8888888888888888,27
reserve10,joint_immediate,raw,2,22,23,0.06373597166961163,0.782608695652174,23
reserve10,joint_immediate,raw,2,23,23,0.06704403824348469,0.7391304347826086,23
reserve10,joint_immediate,raw,3,0,25,0.04303437177634231,0.92,25
reserve10,joint_immediate,raw,3,1,22,0.046125680825796496,0.9545454545454546,22
reserve10,joint_immediate,raw,3,2,22,0.044130973863503335,0.9545454545454546,22
reserve10,joint_immediate,raw,3,3,20,0.04125367288222274,0.85,20
reserve10,joint_immediate,raw,3,4,17,0.057833298507385174,0.9411764705882353,17
reserve10,joint_immediate,raw,3,5,19,0.05755845374438389,0.8947368421052632,19
reserve10,joint_immediate,raw,3,6,20,0.0598255354815995,0.75,20
reserve10,joint_immediate,raw,3,7,23,0.058265898979341084,0.8695652173913043,23
reserve10,joint_immediate,raw,3,8,21,0.06761604202693706,0.8571428571428571,21
reserve10,joint_immediate,raw,3,9,23,0.05525832504253712,0.782608695652174,23
reserve10,joint_immediate,raw,3,10,23,0.053914122911432064,0.782608695652174,23
reserve10,joint_immediate,raw,3,11,23,0.05730322977420097,0.782608695652174,23
reserve10,joint_immediate,raw,3,12,23,0.06514442453213197,0.7391304347826086,23
reserve10,joint_immediate,raw,3,13,24,0.058694813286698226,0.7916666666666666,24
reserve10,joint_immediate,raw,3,14,21,0.07471458045537234,0.7142857142857143,21
reserve10,joint_immediate,raw,3,15,24,0.06152674207798222,0.7083333333333334,24
reserve10,joint_immediate,raw,3,16,25,0.06314981743884816,0.72,25
reserve10,joint_immediate,raw,3,17,24,0.07223212919475736,0.7916666666666666,24
reserve10,joint_immediate,raw,3,18,25,0.064991908278566,0.84,25
reserve10,joint_immediate,raw,3,19,27,0.05540909620894888,0.8518518518518519,27
reserve10,joint_immediate,raw,3,20,27,0.05340931343890292,0.7777777777777778,27
reserve10,joint_immediate,raw,3,21,23,0.06122722629440554,0.7391304347826086,23
reserve10,joint_immediate,raw,3,22,23,0.07327777212358651,0.7391304347826086,23
reserve10,joint_immediate,raw,3,23,25,0.054618544317914505,0.72,25
reserve10,joint_immediate,raw,4,0,22,0.04268877771210517,0.9545454545454546,22
reserve10,joint_immediate,raw,4,1,22,0.04437117450151787,0.9545454545454546,22
reserve10,joint_immediate,raw,4,2,20,0.04338294660620727,0.85,20
reserve10,joint_immediate,raw,4,3,17,0.0588687513175223,1.0,17
reserve10,joint_immediate,raw,4,4,19,0.0618483526914571,0.8947368421052632,19
reserve10,joint_immediate,raw,4,5,20,0.06438087964648517,0.7,20
reserve10,joint_immediate,raw,4,6,23,0.058225683229026305,0.8260869565217391,23
reserve10,joint_immediate,raw,4,7,21,0.06996390337570493,0.8095238095238095,21
reserve10,joint_immediate,raw,4,8,23,0.06229978753182363,0.782608695652174,23
reserve10,joint_immediate,raw,4,9,23,0.057939791247155537,0.782608695652174,23
reserve10,joint_immediate,raw,4,10,23,0.057226943238457235,0.7391304347826086,23
reserve10,joint_immediate,raw,4,11,23,0.06702996688856752,0.6956521739130435,23
reserve10,joint_immediate,raw,4,12,24,0.061043194560676146,0.75,24
reserve10,joint_immediate,raw,4,13,21,0.08284951152997692,0.7619047619047619,21
reserve10,joint_immediate,raw,4,14,24,0.06546956395641766,0.7083333333333334,24
reserve10,joint_immediate,raw,4,15,25,0.06965185508754707,0.76,25
reserve10,joint_immediate,raw,4,16,24,0.07911318003570506,0.75,24
reserve10,joint_immediate,raw,4,17,25,0.06849185858368984,0.8,25
reserve10,joint_immediate,raw,4,18,27,0.057598284806152165,0.8518518518518519,27
reserve10,joint_immediate,raw,4,19,27,0.053938955881156526,0.8148148148148148,27
reserve10,joint_immediate,raw,4,20,23,0.06254250019996929,0.8260869565217391,23
reserve10,joint_immediate,raw,4,21,23,0.0729074274659791,0.7391304347826086,23
reserve10,joint_immediate,raw,4,22,25,0.05739361088719803,0.76,25
reserve10,joint_immediate,raw,4,23,25,0.047057842890878394,0.84,25
reserve10,joint_immediate,recency,1,0,22,0.04409755174796138,0.9090909090909091,22
reserve10,joint_immediate,recency,1,1,24,0.038463585197165945,0.9166666666666666,24
reserve10,joint_immediate,recency,1,2,25,0.03978870864314961,0.88,25
reserve10,joint_immediate,recency,1,3,22,0.026371211808105356,0.9545454545454546,22
reserve10,joint_immediate,recency,1,4,22,0.02940503320602341,1.0,22
reserve10,joint_immediate,recency,1,5,20,0.034750683581692185,0.95,20
reserve10,joint_immediate,recency,1,6,17,0.037145085026159916,1.0,17
reserve10,joint_immediate,recency,1,7,19,0.035966983799018505,0.9473684210526315,19
reserve10,joint_immediate,recency,1,8,20,0.044464336300519255,0.95,20
reserve10,joint_immediate,recency,1,9,23,0.04031660673509698,0.9130434782608695,23
reserve10,joint_immediate,recency,1,10,21,0.03541845800715218,0.9523809523809523,21
reserve10,joint_immediate,recency,1,11,23,0.03760856795914405,0.8695652173913043,23
reserve10,joint_immediate,recency,1,12,23,0.03839633273271662,0.8695652173913043,23
reserve10,joint_immediate,recency,1,13,23,0.034929801970057385,0.7391304347826086,23
reserve10,joint_immediate,recency,1,14,23,0.038368908972537245,0.8695652173913043,23
reserve10,joint_immediate,recency,1,15,24,0.030424653059014,0.875,24
reserve10,joint_immediate,recency,1,16,21,0.04076453146906157,0.8095238095238095,21
reserve10,joint_immediate,recency,1,17,24,0.027926120318081046,0.9583333333333334,24
reserve10,joint_immediate,recency,1,18,25,0.03730051703218274,0.88,25
reserve10,joint_immediate,recency,1,19,24,0.04171709049801516,0.875,24
reserve10,joint_immediate,recency,1,20,25,0.044231843065977446,0.8,25
reserve10,joint_immediate,recency,1,21,27,0.026554521951309588,0.9259259259259259,27
reserve10,joint_immediate,recency,1,22,27,0.03882643939007311,0.8888888888888888,27
reserve10,joint_immediate,recency,1,23,23,0.04594964701582994,0.8260869565217391,23
reserve10,joint_immediate,recency,2,0,24,0.04729310577953691,0.9583333333333334,24
reserve10,joint_immediate,recency,2,1,25,0.04585177796261802,1.0,25
reserve10,joint_immediate,recency,2,2,22,0.045175715871885,0.9090909090909091,22
reserve10,joint_immediate,recency,2,3,22,0.04027239646435412,1.0,22
reserve10,joint_immediate,recency,2,4,20,0.037908614799085444,0.95,20
reserve10,joint_immediate,recency,2,5,17,0.06029319013170705,1.0,17
reserve10,joint_immediate,recency,2,6,19,0.0457992599652979,1.0,19
reserve10,joint_immediate,recency,2,7,20,0.054303240443797085,0.95,20
reserve10,joint_immediate,recency,2,8,23,0.05612855364482823,0.9130434782608695,23
reserve10,joint_immediate,recency,2,9,21,0.05375739021148318,0.9523809523809523,21
reserve10,joint_immediate,recency,2,10,23,0.050589032007105274,0.9565217391304348,23
reserve10,joint_immediate,recency,2,11,23,0.050102685919705396,0.9565217391304348,23
reserve10,joint_immediate,recency,2,12,23,0.048321891674455976,0.8260869565217391,23
reserve10,joint_immediate,recency,2,13,23,0.05512407867690582,0.782608695652174,23
reserve10,joint_immediate,recency,2,14,24,0.051685403098849496,0.875,24
reserve10,joint_immediate,recency,2,15,21,0.06378328043656689,0.8095238095238095,21
reserve10,joint_immediate,recency,2,16,24,0.05070354233367325,0.7916666666666666,24
reserve10,joint_immediate,recency,2,17,25,0.04986569762604606,0.92,25
reserve10,joint_immediate,recency,2,18,24,0.06204451356396446,0.7916666666666666,24
reserve10,joint_immediate,recency,2,19,25,0.056127212993633636,0.88,25
reserve10,joint_immediate,recency,2,20,27,0.04939855952610394,0.8888888888888888,27
reserve10,joint_immediate,recency,2,21,27,0.042897127776643174,0.9259259259259259,27
reserve10,joint_immediate,recency,2,22,23,0.06312544769440301,0.8260869565217391,23
reserve10,joint_immediate,recency,2,23,23,0.06606364609197524,0.8260869565217391,23
reserve10,joint_immediate,recency,3,0,25,0.04327457114677204,0.96,25
reserve10,joint_immediate,recency,3,1,22,0.046282162210975725,1.0,22
reserve10,joint_immediate,recency,3,2,22,0.04477209090596001,0.9545454545454546,22
reserve10,joint_immediate,recency,3,3,20,0.04184721038539605,0.95,20
reserve10,joint_immediate,recency,3,4,17,0.058366070854756744,1.0,17
reserve10,joint_immediate,recency,3,5,19,0.057383126463831285,0.9473684210526315,19
reserve10,joint_immediate,recency,3,6,20,0.05859810489580329,0.9,20
reserve10,joint_immediate,recency,3,7,23,0.05882935670978755,0.9130434782608695,23
reserve10,joint_immediate,recency,3,8,21,0.06798136923858762,0.9047619047619048,21
reserve10,joint_immediate,recency,3,9,23,0.05484537922908151,0.8695652173913043,23
reserve10,joint_immediate,recency,3,10,23,0.053162214253471785,0.9130434782608695,23
reserve10,joint_immediate,recency,3,11,23,0.05643062562882892,0.8260869565217391,23
reserve10,joint_immediate,recency,3,12,23,0.06332024933814936,0.782608695652174,23
reserve10,joint_immediate,recency,3,13,24,0.05800950997828321,0.8333333333333334,24
reserve10,joint_immediate,recency,3,14,21,0.07301429834009475,0.8095238095238095,21
reserve10,joint_immediate,recency,3,15,24,0.0598102716044109,0.8333333333333334,24
reserve10,joint_immediate,recency,3,16,25,0.06151468560770825,0.8,25
reserve10,joint_immediate,recency,3,17,24,0.07125650536920759,0.8333333333333334,24
reserve10,joint_immediate,recency,3,18,25,0.06548824584610359,0.88,25
reserve10,joint_immediate,recency,3,19,27,0.05507848910707048,0.8518518518518519,27
reserve10,joint_immediate,recency,3,20,27,0.05286870967914403,0.8518518518518519,27
reserve10,joint_immediate,recency,3,21,23,0.060201716218905466,0.8695652173913043,23
reserve10,joint_immediate,recency,3,22,23,0.07146271015987084,0.8260869565217391,23
reserve10,joint_immediate,recency,3,23,25,0.05347037618462976,0.84,25
reserve10,joint_immediate,recency,4,0,22,0.04313010120913369,1.0,22
reserve10,joint_immediate,recency,4,1,22,0.04557384648733234,1.0,22
reserve10,joint_immediate,recency,4,2,20,0.044158537985171824,0.95,20
reserve10,joint_immediate,recency,4,3,17,0.05987716956827785,1.0,17
reserve10,joint_immediate,recency,4,4,19,0.06149281390449848,1.0,19
reserve10,joint_immediate,recency,4,5,20,0.06283217607104423,0.85,20
reserve10,joint_immediate,recency,4,6,23,0.058581879458250836,0.9130434782608695,23
reserve10,joint_immediate,recency,4,7,21,0.07028178019472905,0.8571428571428571,21
reserve10,joint_immediate,recency,4,8,23,0.06202897350016477,0.8695652173913043,23
reserve10,joint_immediate,recency,4,9,23,0.05636211377049646,0.9130434782608695,23
reserve10,joint_immediate,recency,4,10,23,0.05531086865838404,0.782608695652174,23
reserve10,joint_immediate,recency,4,11,23,0.06532112592170831,0.8260869565217391,23
reserve10,joint_immediate,recency,4,12,24,0.060114170680236174,0.8333333333333334,24
reserve10,joint_immediate,recency,4,13,21,0.08122837084228818,0.8095238095238095,21
reserve10,joint_immediate,recency,4,14,24,0.06427311452443958,0.7916666666666666,24
reserve10,joint_immediate,recency,4,15,25,0.0683300934606511,0.8,25
reserve10,joint_immediate,recency,4,16,24,0.07840760553815292,0.7916666666666666,24
reserve10,joint_immediate,recency,4,17,25,0.06905064228859722,0.84,25
reserve10,joint_immediate,recency,4,18,27,0.05721273389806606,0.8518518518518519,27
reserve10,joint_immediate,recency,4,19,27,0.05340857322886725,0.8518518518518519,27
reserve10,joint_immediate,recency,4,20,23,0.06252228239943566,0.9130434782608695,23
reserve10,joint_immediate,recency,4,21,23,0.07160125112471374,0.8260869565217391,23
reserve10,joint_immediate,recency,4,22,25,0.05583434378863273,0.84,25
reserve10,joint_immediate,recency,4,23,25,0.046535051470976425,0.96,25
reserve10,joint_immediate,rolling,1,0,22,0.04407353881654187,0.9090909090909091,22
reserve10,joint_immediate,rolling,1,1,24,0.03843284272191425,0.9166666666666666,24
reserve10,joint_immediate,rolling,1,2,25,0.03992546599707185,0.88,25
reserve10,joint_immediate,rolling,1,3,22,0.0263781650094279,0.9545454545454546,22
reserve10,joint_immediate,rolling,1,4,22,0.029368263439567346,1.0,22
reserve10,joint_immediate,rolling,1,5,20,0.034892318251887426,0.95,20
reserve10,joint_immediate,rolling,1,6,17,0.037200851716721633,1.0,17
reserve10,joint_immediate,rolling,1,7,19,0.035931287771728465,0.9473684210526315,19
reserve10,joint_immediate,rolling,1,8,20,0.04424834244034418,0.95,20
reserve10,joint_immediate,rolling,1,9,23,0.040086074394947165,0.9130434782608695,23
reserve10,joint_immediate,rolling,1,10,21,0.035358684922661365,0.9523809523809523,21
reserve10,joint_immediate,rolling,1,11,23,0.03772783731085169,0.8695652173913043,23
reserve10,joint_immediate,rolling,1,12,23,0.03834941290562384,0.8695652173913043,23
reserve10,joint_immediate,rolling,1,13,23,0.03488318767854582,0.7391304347826086,23
reserve10,joint_immediate,rolling,1,14,23,0.0383239719698252,0.8695652173913043,23
reserve10,joint_immediate,rolling,1,15,24,0.030382798733245803,0.875,24
reserve10,joint_immediate,rolling,1,16,21,0.04073053902413254,0.8095238095238095,21
reserve10,joint_immediate,rolling,1,17,24,0.02808824232226899,0.9583333333333334,24
reserve10,joint_immediate,rolling,1,18,25,0.03742660552979903,0.88,25
reserve10,joint_immediate,rolling,1,19,24,0.04168115985919368,0.875,24
reserve10,joint_immediate,rolling,1,20,25,0.04430782751445516,0.8,25
reserve10,joint_immediate,rolling,1,21,27,0.026500415798604408,0.9259259259259259,27
reserve10,joint_immediate,rolling,1,22,27,0.038848600403041944,0.8888888888888888,27
reserve10,joint_immediate,rolling,1,23,23,0.04610811565587546,0.8695652173913043,23
reserve10,joint_immediate,rolling,2,0,24,0.04735058478645642,0.9583333333333334,24
reserve10,joint_immediate,rolling,2,1,25,0.04594459366496599,1.0,25
reserve10,joint_immediate,rolling,2,2,22,0.045300727306834626,0.9090909090909091,22
reserve10,joint_immediate,rolling,2,3,22,0.04034523261064695,1.0,22
reserve10,joint_immediate,rolling,2,4,20,0.03788352057271446,0.95,20
reserve10,joint_immediate,rolling,2,5,17,0.06040646472955985,1.0,17
reserve10,joint_immediate,rolling,2,6,19,0.045775669769434424,1.0,19
reserve10,joint_immediate,rolling,2,7,20,0.054127935787306104,0.95,20
reserve10,joint_immediate,rolling,2,8,23,0.05578948731823009,0.9130434782608695,23
reserve10,joint_immediate,rolling,2,9,21,0.053504973972853864,0.9523809523809523,21
reserve10,joint_immediate,rolling,2,10,23,0.05062788028905722,0.9565217391304348,23
reserve10,joint_immediate,rolling,2,11,23,0.04995579264018211,0.9565217391304348,23
reserve10,joint_immediate,rolling,2,12,23,0.048265470120807265,0.8260869565217391,23
reserve10,joint_immediate,rolling,2,13,23,0.05541450962984613,0.782608695652174,23
reserve10,joint_immediate,rolling,2,14,24,0.05155159611105018,0.875,24
reserve10,joint_immediate,rolling,2,15,21,0.06375908567760376,0.7619047619047619,21
reserve10,joint_immediate,rolling,2,16,24,0.05079364577532527,0.7916666666666666,24
reserve10,joint_immediate,rolling,2,17,25,0.04989551144475818,0.92,25
reserve10,joint_immediate,rolling,2,18,24,0.06204108309873007,0.7916666666666666,24
reserve10,joint_immediate,rolling,2,19,25,0.056276664951018913,0.88,25
reserve10,joint_immediate,rolling,2,20,27,0.04952578758709419,0.8518518518518519,27
reserve10,joint_immediate,rolling,2,21,27,0.04285207633906061,0.8888888888888888,27
reserve10,joint_immediate,rolling,2,22,23,0.0632573121607696,0.8695652173913043,23
reserve10,joint_immediate,rolling,2,23,23,0.06609971283920778,0.782608695652174,23
reserve10,joint_immediate,rolling,3,0,25,0.04341450964169558,0.96,25
reserve10,joint_immediate,rolling,3,1,22,0.04653894556446942,1.0,22
reserve10,joint_immediate,rolling,3,2,22,0.04500898735507848,0.9545454545454546,22
reserve10,joint_immediate,rolling,3,3,20,0.04196831096687123,0.95,20
reserve10,joint_immediate,rolling,3,4,17,0.058379109539479584,1.0,17
reserve10,joint_immediate,rolling,3,5,19,0.05731908768565772,0.9473684210526315,19
reserve10,joint_immediate,rolling,3,6,20,0.05816747445934115,0.9,20
reserve10,joint_immediate,rolling,3,7,23,0.05851473911372186,0.9130434782608695,23
reserve10,joint_immediate,rolling,3,8,21,0.06768868414985192,0.9523809523809523,21
reserve10,joint_immediate,rolling,3,9,23,0.0547636675419471,0.8695652173913043,23
reserve10,joint_immediate,rolling,3,10,23,0.052933143925351214,0.9130434782608695,23
reserve10,joint_immediate,rolling,3,11,23,0.05623241006219132,0.8260869565217391,23
reserve10,joint_immediate,rolling,3,12,23,0.06335690262491664,0.782608695652174,23
reserve10,joint_immediate,rolling,3,13,24,0.05794478012412951,0.8333333333333334,24
reserve10,joint_immediate,rolling,3,14,21,0.07287549057258833,0.7619047619047619,21
reserve10,joint_immediate,rolling,3,15,24,0.059808227303405716,0.7916666666666666,24
reserve10,joint_immediate,rolling,3,16,25,0.061454708645388594,0.8,25
reserve10,joint_immediate,rolling,3,17,24,0.07133015651598408,0.8333333333333334,24
reserve10,joint_immediate,rolling,3,18,25,0.06561427565995488,0.88,25
reserve10,joint_immediate,rolling,3,19,27,0.05516046074497608,0.8518518518518519,27
reserve10,joint_immediate,rolling,3,20,27,0.052842459286655666,0.9259259259259259,27
reserve10,joint_immediate,rolling,3,21,23,0.060322155075719565,0.8695652173913043,23
reserve10,joint_immediate,rolling,3,22,23,0.07131434428198019,0.8260869565217391,23
reserve10,joint_immediate,rolling,3,23,25,0.05331652702656119,0.84,25
reserve10,joint_immediate,rolling,4,0,22,0.04324364877578353,1.0,22
reserve10,joint_immediate,rolling,4,1,22,0.04577578215424336,1.0,22
reserve10,joint_immediate,rolling,4,2,20,0.04423850746386034,0.95,20
reserve10,joint_immediate,rolling,4,3,17,0.05982143686050123,1.0,17
reserve10,joint_immediate,rolling,4,4,19,0.06141938063639421,1.0,19
reserve10,joint_immediate,rolling,4,5,20,0.06260285062192554,0.9,20
reserve10,joint_immediate,rolling,4,6,23,0.05825292409592092,0.9130434782608695,23
reserve10,joint_immediate,rolling,4,7,21,0.06991076796237643,0.8571428571428571,21
reserve10,joint_immediate,rolling,4,8,23,0.06197111481072951,0.8695652173913043,23
reserve10,joint_immediate,rolling,4,9,23,0.05622231473723082,0.9130434782608695,23
reserve10,joint_immediate,rolling,4,10,23,0.055044933926749834,0.8695652173913043,23
reserve10,joint_immediate,rolling,4,11,23,0.06519753278898363,0.782608695652174,23
reserve10,joint_immediate,rolling,4,12,24,0.0599333692512752,0.875,24
reserve10,joint_immediate,rolling,4,13,21,0.08090958265073953,0.7619047619047619,21
reserve10,joint_immediate,rolling,4,14,24,0.0640584605984324,0.8333333333333334,24
reserve10,joint_immediate,rolling,4,15,25,0.06813709531927131,0.8,25
reserve10,joint_immediate,rolling,4,16,24,0.07820957521997562,0.8333333333333334,24
reserve10,joint_immediate,rolling,4,17,25,0.06929198857999724,0.84,25
reserve10,joint_immediate,rolling,4,18,27,0.057389428630188095,0.8888888888888888,27
reserve10,joint_immediate,rolling,4,19,27,0.05342012308978691,0.8518518518518519,27
reserve10,joint_immediate,rolling,4,20,23,0.06256485994732248,0.9130434782608695,23
reserve10,joint_immediate,rolling,4,21,23,0.07182292101604275,0.8260869565217391,23
reserve10,joint_immediate,rolling,4,22,25,0.05580605202221539,0.8,25
reserve10,joint_immediate,rolling,4,23,25,0.046776617429635355,0.92,25
reserve10,joint_immediate,single_imputation,1,0,22,0.05045224838652025,0.8636363636363636,22
reserve10,joint_immediate,single_imputation,1,1,24,0.046531908694450806,0.7916666666666666,24
reserve10,joint_immediate,single_imputation,1,2,25,0.049227889698978136,0.8,25
reserve10,joint_immediate,single_imputation,1,3,22,0.027440372880960184,1.0,22
reserve10,joint_immediate,single_imputation,1,4,22,0.041022987329483535,0.8636363636363636,22
reserve10,joint_immediate,single_imputation,1,5,20,0.04501070004681529,0.85,20
reserve10,joint_immediate,single_imputation,1,6,17,0.0386444778589242,0.8235294117647058,17
reserve10,joint_immediate,single_imputation,1,7,19,0.03710198334410345,0.9473684210526315,19
reserve10,joint_immediate,single_imputation,1,8,20,0.05221171608135482,0.8,20
reserve10,joint_immediate,single_imputation,1,9,23,0.040476469534592996,0.8260869565217391,23
reserve10,joint_immediate,single_imputation,1,10,21,0.04153823841251736,0.8571428571428571,21
reserve10,joint_immediate,single_imputation,1,11,23,0.04519034596325763,0.8695652173913043,23
reserve10,joint_immediate,single_imputation,1,12,23,0.04531042231528737,0.8695652173913043,23
reserve10,joint_immediate,single_imputation,1,13,23,0.033515647734500706,0.9130434782608695,23
reserve10,joint_immediate,single_imputation,1,14,23,0.04168324944088188,0.9565217391304348,23
reserve10,joint_immediate,single_imputation,1,15,24,0.030987327396346454,0.875,24
reserve10,joint_immediate,single_imputation,1,16,21,0.046864981317384584,0.8095238095238095,21
reserve10,joint_immediate,single_imputation,1,17,24,0.030355473344177968,0.9583333333333334,24
reserve10,joint_immediate,single_imputation,1,18,25,0.040130782943447046,0.88,25
reserve10,joint_immediate,single_imputation,1,19,24,0.04670931938865735,0.875,24
reserve10,joint_immediate,single_imputation,1,20,25,0.05019321134025998,0.8,25
reserve10,joint_immediate,single_imputation,1,21,27,0.03139008546082814,0.9259259259259259,27
reserve10,joint_immediate,single_imputation,1,22,27,0.04421900408013225,0.8518518518518519,27
reserve10,joint_immediate,single_imputation,1,23,23,0.05804016698614355,0.782608695652174,23
reserve10,joint_immediate,single_imputation,2,0,24,0.056707820334231135,0.8333333333333334,24
reserve10,joint_immediate,single_imputation,2,1,25,0.05926317539026678,0.76,25
reserve10,joint_immediate,single_imputation,2,2,22,0.04647141289470478,0.8181818181818182,22
reserve10,joint_immediate,single_imputation,2,3,22,0.04987619560035005,0.8636363636363636,22
reserve10,joint_immediate,single_imputation,2,4,20,0.03733575139663429,0.95,20
reserve10,joint_immediate,single_imputation,2,5,17,0.06901847680760742,0.7647058823529411,17
reserve10,joint_immediate,single_imputation,2,6,19,0.05825244169258393,0.7894736842105263,19
reserve10,joint_immediate,single_imputation,2,7,20,0.06522859058892035,0.8,20
reserve10,joint_immediate,single_imputation,2,8,23,0.0652752104538739,0.8260869565217391,23
reserve10,joint_immediate,single_imputation,2,9,21,0.059306479291763366,0.7142857142857143,21
reserve10,joint_immediate,single_imputation,2,10,23,0.06334649183186879,0.782608695652174,23
reserve10,joint_immediate,single_imputation,2,11,23,0.060682496662185066,0.8260869565217391,23
reserve10,joint_immediate,single_imputation,2,12,23,0.05760166299662001,0.782608695652174,23
reserve10,joint_immediate,single_imputation,2,13,23,0.059913974753004126,0.782608695652174,23
reserve10,joint_immediate,single_imputation,2,14,24,0.05475459742399972,0.9166666666666666,24
reserve10,joint_immediate,single_imputation,2,15,21,0.07006793278863553,0.8095238095238095,21
reserve10,joint_immediate,single_imputation,2,16,24,0.04454047121222016,0.875,24
reserve10,joint_immediate,single_imputation,2,17,25,0.05486878700838857,0.84,25
reserve10,joint_immediate,single_imputation,2,18,24,0.07462772239044681,0.75,24
reserve10,joint_immediate,single_imputation,2,19,25,0.06217118986368599,0.88,25
reserve10,joint_immediate,single_imputation,2,20,27,0.05702504216715613,0.8518518518518519,27
reserve10,joint_immediate,single_imputation,2,21,27,0.04671103611269637,0.8518518518518519,27
reserve10,joint_immediate,single_imputation,2,22,23,0.08015163227940159,0.8695652173913043,23
reserve10,joint_immediate,single_imputation,2,23,23,0.07554811760485194,0.7391304347826086,23
reserve10,joint_immediate,single_imputation,3,0,25,0.04732712520262408,0.88,25
reserve10,joint_immediate,single_imputation,3,1,22,0.05236721864694222,0.8636363636363636,22
reserve10,joint_immediate,single_imputation,3,2,22,0.05114937430017683,0.8636363636363636,22
reserve10,joint_immediate,single_imputation,3,3,20,0.04106202826514179,1.0,20
reserve10,joint_immediate,single_imputation,3,4,17,0.06519527035422609,0.7647058823529411,17
reserve10,joint_immediate,single_imputation,3,5,19,0.06771649028221458,0.7368421052631579,19
reserve10,joint_immediate,single_imputation,3,6,20,0.07164370916675541,0.7,20
reserve10,joint_immediate,single_imputation,3,7,23,0.07018526567167103,0.8260869565217391,23
reserve10,joint_immediate,single_imputation,3,8,21,0.07843570119516426,0.8571428571428571,21
reserve10,joint_immediate,single_imputation,3,9,23,0.0643606878086498,0.8695652173913043,23
reserve10,joint_immediate,single_imputation,3,10,23,0.05590884782843344,0.8695652173913043,23
reserve10,joint_immediate,single_imputation,3,11,23,0.05897090226483397,0.782608695652174,23
reserve10,joint_immediate,single_imputation,3,12,23,0.0728137238847144,0.7391304347826086,23
reserve10,joint_immediate,single_imputation,3,13,24,0.06974198634471646,0.8333333333333334,24
reserve10,joint_immediate,single_imputation,3,14,21,0.08206269242353138,0.8095238095238095,21
reserve10,joint_immediate,single_imputation,3,15,24,0.06189840365668697,0.7916666666666666,24
reserve10,joint_immediate,single_imputation,3,16,25,0.06402307490794049,0.76,25
reserve10,joint_immediate,single_imputation,3,17,24,0.07611980106012743,0.7916666666666666,24
reserve10,joint_immediate,single_imputation,3,18,25,0.07613381363787373,0.76,25
reserve10,joint_immediate,single_imputation,3,19,27,0.07498750044753112,0.7777777777777778,27
reserve10,joint_immediate,single_imputation,3,20,27,0.057790776055947395,0.8148148148148148,27
reserve10,joint_immediate,single_imputation,3,21,23,0.07119511395490791,0.8695652173913043,23
reserve10,joint_immediate,single_imputation,3,22,23,0.08592435749179607,0.782608695652174,23
reserve10,joint_immediate,single_imputation,3,23,25,0.05887745213141189,0.84,25
reserve10,joint_immediate,single_imputation,4,0,22,0.044881426955843025,0.9090909090909091,22
reserve10,joint_immediate,single_imputation,4,1,22,0.05237799074440981,0.8636363636363636,22
reserve10,joint_immediate,single_imputation,4,2,20,0.043774439325238404,1.0,20
reserve10,joint_immediate,single_imputation,4,3,17,0.07480780427296511,0.6470588235294118,17
reserve10,joint_immediate,single_imputation,4,4,19,0.06640314152529683,0.8421052631578947,19
reserve10,joint_immediate,single_imputation,4,5,20,0.07833941800894137,0.7,20
reserve10,joint_immediate,single_imputation,4,6,23,0.07423411715710404,0.8260869565217391,23
reserve10,joint_immediate,single_imputation,4,7,21,0.08244911916506059,0.8095238095238095,21
reserve10,joint_immediate,single_imputation,4,8,23,0.07652385462736642,0.8260869565217391,23
reserve10,joint_immediate,single_imputation,4,9,23,0.05770027924465798,0.9130434782608695,23
reserve10,joint_immediate,single_imputation,4,10,23,0.05925113186452384,0.8260869565217391,23
reserve10,joint_immediate,single_imputation,4,11,23,0.08907690695358488,0.6521739130434783,23
reserve10,joint_immediate,single_imputation,4,12,24,0.07789938789405314,0.8333333333333334,24
reserve10,joint_immediate,single_imputation,4,13,21,0.09586113699961277,0.8095238095238095,21
reserve10,joint_immediate,single_imputation,4,14,24,0.07351945181707727,0.8333333333333334,24
reserve10,joint_immediate,single_imputation,4,15,25,0.07801960376754152,0.76,25
reserve10,joint_immediate,single_imputation,4,16,24,0.08720361219034857,0.75,24
reserve10,joint_immediate,single_imputation,4,17,25,0.08330566983824714,0.84,25
reserve10,joint_immediate,single_imputation,4,18,27,0.07878198861008875,0.7777777777777778,27
reserve10,joint_immediate,single_imputation,4,19,27,0.06376169210809587,0.7777777777777778,27
reserve10,joint_immediate,single_imputation,4,20,23,0.07321499438891127,0.8260869565217391,23
reserve10,joint_immediate,single_imputation,4,21,23,0.07692391959499556,0.8260869565217391,23
reserve10,joint_immediate,single_imputation,4,22,25,0.07406919826288891,0.8,25
reserve10,joint_immediate,single_imputation,4,23,25,0.05169429875482809,0.92,25
reserve10,joint_gradual,aci_bounded,1,0,22,0.048329213819428035,0.9090909090909091,22
reserve10,joint_gradual,aci_bounded,1,1,24,0.03865042507423253,0.9166666666666666,24
reserve10,joint_gradual,aci_bounded,1,2,25,0.0417085131568497,0.88,25
reserve10,joint_gradual,aci_bounded,1,3,22,0.02637107758098789,0.9545454545454546,22
reserve10,joint_gradual,aci_bounded,1,4,22,0.02935538395659308,1.0,22
reserve10,joint_gradual,aci_bounded,1,5,20,0.03485737690069014,0.95,20
reserve10,joint_gradual,aci_bounded,1,6,17,0.03715746109778234,1.0,17
reserve10,joint_gradual,aci_bounded,1,7,19,0.03594048888121191,0.9473684210526315,19
reserve10,joint_gradual,aci_bounded,1,8,20,0.044269186097301,0.95,20
reserve10,joint_gradual,aci_bounded,1,9,23,0.04014970777735842,0.9130434782608695,23
reserve10,joint_gradual,aci_bounded,1,10,21,0.03541078845557772,0.9523809523809523,21
reserve10,joint_gradual,aci_bounded,1,11,23,0.03769322224994396,0.8695652173913043,23
reserve10,joint_gradual,aci_bounded,1,12,23,0.03834014741388203,0.8695652173913043,23
reserve10,joint_gradual,aci_bounded,1,13,23,0.03487439715159042,0.7391304347826086,23
reserve10,joint_gradual,aci_bounded,1,14,23,0.03826959700911566,0.8695652173913043,23
reserve10,joint_gradual,aci_bounded,1,15,24,0.03039574967167838,0.875,24
reserve10,joint_gradual,aci_bounded,1,16,21,0.04071742369035006,0.8095238095238095,21
reserve10,joint_gradual,aci_bounded,1,17,24,0.028025904852178953,0.9583333333333334,24
reserve10,joint_gradual,aci_bounded,1,18,25,0.037480314480440854,0.84,25
reserve10,joint_gradual,aci_bounded,1,19,24,0.04175802722484088,0.875,24
reserve10,joint_gradual,aci_bounded,1,20,25,0.04429743106969213,0.76,25
reserve10,joint_gradual,aci_bounded,1,21,27,0.026536783373965655,0.9259259259259259,27
reserve10,joint_gradual,aci_bounded,1,22,27,0.03887926781867553,0.8888888888888888,27
reserve10,joint_gradual,aci_bounded,1,23,23,0.04615763169830312,0.8260869565217391,23
reserve10,joint_gradual,aci_bounded,2,0,24,0.04822227077818939,0.9583333333333334,24
reserve10,joint_gradual,aci_bounded,2,1,25,0.04297945798654736,1.0,25
reserve10,joint_gradual,aci_bounded,2,2,22,0.04783165288000523,0.9090909090909091,22
reserve10,joint_gradual,aci_bounded,2,3,22,0.04023451630089923,1.0,22
reserve10,joint_gradual,aci_bounded,2,4,20,0.03794143227976719,0.95,20
reserve10,joint_gradual,aci_bounded,2,5,17,0.06038501689654317,1.0,17
reserve10,joint_gradual,aci_bounded,2,6,19,0.04574420601146809,1.0,19
reserve10,joint_gradual,aci_bounded,2,7,20,0.05422198395521212,0.95,20
reserve10,joint_gradual,aci_bounded,2,8,23,0.05585800825280206,0.9130434782608695,23
reserve10,joint_gradual,aci_bounded,2,9,21,0.053513876610448374,0.9523809523809523,21
reserve10,joint_gradual,aci_bounded,2,10,23,0.05056540052447144,0.9565217391304348,23
reserve10,joint_gradual,aci_bounded,2,11,23,0.05004603196872484,0.9565217391304348,23
reserve10,joint_gradual,aci_bounded,2,12,23,0.048255540137745925,0.8260869565217391,23
reserve10,joint_gradual,aci_bounded,2,13,23,0.05529721103125778,0.782608695652174,23
reserve10,joint_gradual,aci_bounded,2,14,24,0.05155624461049737,0.875,24
reserve10,joint_gradual,aci_bounded,2,15,21,0.06364231763794524,0.8095238095238095,21
reserve10,joint_gradual,aci_bounded,2,16,24,0.05074359138909094,0.7916666666666666,24
reserve10,joint_gradual,aci_bounded,2,17,25,0.04991244801741399,0.92,25
reserve10,joint_gradual,aci_bounded,2,18,24,0.06211367700580348,0.7916666666666666,24
reserve10,joint_gradual,aci_bounded,2,19,25,0.056221154950789255,0.88,25
reserve10,joint_gradual,aci_bounded,2,20,27,0.049550950942495973,0.8518518518518519,27
reserve10,joint_gradual,aci_bounded,2,21,27,0.04284824320962976,0.8888888888888888,27
reserve10,joint_gradual,aci_bounded,2,22,23,0.06334468666236533,0.8695652173913043,23
reserve10,joint_gradual,aci_bounded,2,23,23,0.06620837786236207,0.782608695652174,23
reserve10,joint_gradual,aci_bounded,3,0,25,0.04575851417654038,1.0,25
reserve10,joint_gradual,aci_bounded,3,1,22,0.04979834498637448,1.0,22
reserve10,joint_gradual,aci_bounded,3,2,22,0.0490667228828711,0.9545454545454546,22
reserve10,joint_gradual,aci_bounded,3,3,20,0.041978729900305004,0.95,20
reserve10,joint_gradual,aci_bounded,3,4,17,0.058451747875637824,1.0,17
reserve10,joint_gradual,aci_bounded,3,5,19,0.05738006627197033,0.9473684210526315,19
reserve10,joint_gradual,aci_bounded,3,6,20,0.05831524942792593,0.9,20
reserve10,joint_gradual,aci_bounded,3,7,23,0.058673482614430936,0.9130434782608695,23
reserve10,joint_gradual,aci_bounded,3,8,21,0.06773455999414006,0.9047619047619048,21
reserve10,joint_gradual,aci_bounded,3,9,23,0.05473006828110454,0.8695652173913043,23
reserve10,joint_gradual,aci_bounded,3,10,23,0.05305591870978353,0.9130434782608695,23
reserve10,joint_gradual,aci_bounded,3,11,23,0.0562493320319637,0.8260869565217391,23
reserve10,joint_gradual,aci_bounded,3,12,23,0.06332750581349539,0.782608695652174,23
reserve10,joint_gradual,aci_bounded,3,13,24,0.05796421018873443,0.8333333333333334,24
reserve10,joint_gradual,aci_bounded,3,14,21,0.07281500103781864,0.8095238095238095,21
reserve10,joint_gradual,aci_bounded,3,15,24,0.05979019820688967,0.8333333333333334,24
reserve10,joint_gradual,aci_bounded,3,16,25,0.06147004785242605,0.8,25
reserve10,joint_gradual,aci_bounded,3,17,24,0.07141210270434994,0.8333333333333334,24
reserve10,joint_gradual,aci_bounded,3,18,25,0.06565367070051828,0.88,25
reserve10,joint_gradual,aci_bounded,3,19,27,0.055099122966301116,0.8518518518518519,27
reserve10,joint_gradual,aci_bounded,3,20,27,0.052884513345513494,0.9259259259259259,27
reserve10,joint_gradual,aci_bounded,3,21,23,0.06032258144766635,0.8695652173913043,23
reserve10,joint_gradual,aci_bounded,3,22,23,0.07143019846842912,0.8695652173913043,23
reserve10,joint_gradual,aci_bounded,3,23,25,0.05347523894340455,0.84,25
reserve10,joint_gradual,aci_bounded,4,0,22,0.04607321141635737,1.0,22
reserve10,joint_gradual,aci_bounded,4,1,22,0.05082668531181602,0.9545454545454546,22
reserve10,joint_gradual,aci_bounded,4,2,20,0.0497909051013191,1.0,20
reserve10,joint_gradual,aci_bounded,4,3,17,0.05991712260725565,1.0,17
reserve10,joint_gradual,aci_bounded,4,4,19,0.06154997441667896,1.0,19
reserve10,joint_gradual,aci_bounded,4,5,20,0.06280711536619468,0.9,20
reserve10,joint_gradual,aci_bounded,4,6,23,0.05831039902100445,0.9130434782608695,23
reserve10,joint_gradual,aci_bounded,4,7,21,0.07001055302568375,0.8571428571428571,21
reserve10,joint_gradual,aci_bounded,4,8,23,0.06188678145435528,0.8695652173913043,23
reserve10,joint_gradual,aci_bounded,4,9,23,0.056176357059477156,0.9130434782608695,23
reserve10,joint_gradual,aci_bounded,4,10,23,0.05493035130544532,0.8695652173913043,23
reserve10,joint_gradual,aci_bounded,4,11,23,0.06501331586250582,0.8260869565217391,23
reserve10,joint_gradual,aci_bounded,4,12,24,0.05982673389513224,0.875,24
reserve10,joint_gradual,aci_bounded,4,13,21,0.08073001787296412,0.8095238095238095,21
reserve10,joint_gradual,aci_bounded,4,14,24,0.06398902254859336,0.875,24
reserve10,joint_gradual,aci_bounded,4,15,25,0.06807963302820373,0.8,25
reserve10,joint_gradual,aci_bounded,4,16,24,0.07823026670738863,0.8333333333333334,24
reserve10,joint_gradual,aci_bounded,4,17,25,0.06920949494681392,0.84,25
reserve10,joint_gradual,aci_bounded,4,18,27,0.05731409548265279,0.8888888888888888,27
reserve10,joint_gradual,aci_bounded,4,19,27,0.0533745794208741,0.8518518518518519,27
reserve10,joint_gradual,aci_bounded,4,20,23,0.06249735878302071,0.9130434782608695,23
reserve10,joint_gradual,aci_bounded,4,21,23,0.07173071956138885,0.8260869565217391,23
reserve10,joint_gradual,aci_bounded,4,22,25,0.055886974196229906,0.84,25
reserve10,joint_gradual,aci_bounded,4,23,25,0.04666808584530146,0.96,25
reserve10,joint_gradual,carry_forward,1,0,22,0.0643891521253986,0.7727272727272727,22
reserve10,joint_gradual,carry_forward,1,1,24,0.04643397219691864,0.875,24
reserve10,joint_gradual,carry_forward,1,2,25,0.04198082247541321,0.84,25
reserve10,joint_gradual,carry_forward,1,3,22,0.026197636736884546,0.9545454545454546,22
reserve10,joint_gradual,carry_forward,1,4,22,0.03183276609908016,0.9545454545454546,22
reserve10,joint_gradual,carry_forward,1,5,20,0.03667286928894695,0.9,20
reserve10,joint_gradual,carry_forward,1,6,17,0.03791876110618738,0.9411764705882353,17
reserve10,joint_gradual,carry_forward,1,7,19,0.03818189880737042,0.8421052631578947,19
reserve10,joint_gradual,carry_forward,1,8,20,0.0467067186174242,0.9,20
reserve10,joint_gradual,carry_forward,1,9,23,0.039954847349601065,0.782608695652174,23
reserve10,joint_gradual,carry_forward,1,10,21,0.03690091099726377,0.9047619047619048,21
reserve10,joint_gradual,carry_forward,1,11,23,0.03873685027469512,0.8260869565217391,23
reserve10,joint_gradual,carry_forward,1,12,23,0.04141557419278734,0.782608695652174,23
reserve10,joint_gradual,carry_forward,1,13,23,0.03989425666382083,0.6956521739130435,23
reserve10,joint_gradual,carry_forward,1,14,23,0.043076893790213,0.7391304347826086,23
reserve10,joint_gradual,carry_forward,1,15,24,0.03243778477835476,0.7916666666666666,24
reserve10,joint_gradual,carry_forward,1,16,21,0.043076150516488804,0.8095238095238095,21
reserve10,joint_gradual,carry_forward,1,17,24,0.03108514088434312,0.7916666666666666,24
reserve10,joint_gradual,carry_forward,1,18,25,0.04113859370433876,0.8,25
reserve10,joint_gradual,carry_forward,1,19,24,0.04373071867004746,0.8333333333333334,24
reserve10,joint_gradual,carry_forward,1,20,25,0.047506340675655415,0.84,25
reserve10,joint_gradual,carry_forward,1,21,27,0.030090818414854052,0.8888888888888888,27
reserve10,joint_gradual,carry_forward,1,22,27,0.039897340991436596,0.7037037037037037,27
reserve10,joint_gradual,carry_forward,1,23,23,0.045498179088140356,0.782608695652174,23
reserve10,joint_gradual,carry_forward,2,0,24,0.05693390147659123,0.9583333333333334,24
reserve10,joint_gradual,carry_forward,2,1,25,0.05188508296811836,0.84,25
reserve10,joint_gradual,carry_forward,2,2,22,0.051267705974493524,0.8181818181818182,22
reserve10,joint_gradual,carry_forward,2,3,22,0.03971247991136479,0.9545454545454546,22
reserve10,joint_gradual,carry_forward,2,4,20,0.03666485466787213,0.85,20
reserve10,joint_gradual,carry_forward,2,5,17,0.05880200792400491,0.9411764705882353,17
reserve10,joint_gradual,carry_forward,2,6,19,0.04762782172917047,0.8947368421052632,19
reserve10,joint_gradual,carry_forward,2,7,20,0.05550245554071563,0.85,20
reserve10,joint_gradual,carry_forward,2,8,23,0.059920233703854964,0.9130434782608695,23
reserve10,joint_gradual,carry_forward,2,9,21,0.05603340019927462,0.9047619047619048,21
reserve10,joint_gradual,carry_forward,2,10,23,0.05113914925421455,0.6956521739130435,23
reserve10,joint_gradual,carry_forward,2,11,23,0.054036009941955586,0.8695652173913043,23
reserve10,joint_gradual,carry_forward,2,12,23,0.050495199368242656,0.7391304347826086,23
reserve10,joint_gradual,carry_forward,2,13,23,0.05900039014247985,0.7391304347826086,23
reserve10,joint_gradual,carry_forward,2,14,24,0.05325076708879966,0.8333333333333334,24
reserve10,joint_gradual,carry_forward,2,15,21,0.06603297654996167,0.7142857142857143,21
reserve10,joint_gradual,carry_forward,2,16,24,0.05204573958686253,0.75,24
reserve10,joint_gradual,carry_forward,2,17,25,0.05067979588713954,0.76,25
reserve10,joint_gradual,carry_forward,2,18,24,0.06467274686679077,0.7916666666666666,24
reserve10,joint_gradual,carry_forward,2,19,25,0.059277164123230586,0.88,25
reserve10,joint_gradual,carry_forward,2,20,27,0.050299698064634496,0.8148148148148148,27
reserve10,joint_gradual,carry_forward,2,21,27,0.04330136832898651,0.8148148148148148,27
reserve10,joint_gradual,carry_forward,2,22,23,0.06321500024194118,0.7391304347826086,23
reserve10,joint_gradual,carry_forward,2,23,23,0.06583555171152801,0.782608695652174,23
reserve10,joint_gradual,carry_forward,3,0,25,0.055584399778389935,0.76,25
reserve10,joint_gradual,carry_forward,3,1,22,0.05311802298666308,0.9090909090909091,22
reserve10,joint_gradual,carry_forward,3,2,22,0.054403063942449134,0.9545454545454546,22
reserve10,joint_gradual,carry_forward,3,3,20,0.04182503252809265,0.9,20
reserve10,joint_gradual,carry_forward,3,4,17,0.058391402234022276,0.9411764705882353,17
reserve10,joint_gradual,carry_forward,3,5,19,0.05886115583214293,0.8947368421052632,19
reserve10,joint_gradual,carry_forward,3,6,20,0.060159534680874024,0.75,20
reserve10,joint_gradual,carry_forward,3,7,23,0.05997107929133981,0.8695652173913043,23
reserve10,joint_gradual,carry_forward,3,8,21,0.06902973956749445,0.9047619047619048,21
reserve10,joint_gradual,carry_forward,3,9,23,0.05605802578755941,0.782608695652174,23
reserve10,joint_gradual,carry_forward,3,10,23,0.05541674687380777,0.6956521739130435,23
reserve10,joint_gradual,carry_forward,3,11,23,0.058192911154607264,0.6956521739130435,23
reserve10,joint_gradual,carry_forward,3,12,23,0.06464974584683515,0.782608695652174,23
reserve10,joint_gradual,carry_forward,3,13,24,0.06189633870281103,0.75,24
reserve10,joint_gradual,carry_forward,3,14,21,0.07509731144455431,0.7142857142857143,21
reserve10,joint_gradual,carry_forward,3,15,24,0.06125512447990946,0.7083333333333334,24
reserve10,joint_gradual,carry_forward,3,16,25,0.06521475190525834,0.72,25
reserve10,joint_gradual,carry_forward,3,17,24,0.07571335341611635,0.7083333333333334,24
reserve10,joint_gradual,carry_forward,3,18,25,0.06755093207402382,0.8,25
reserve10,joint_gradual,carry_forward,3,19,27,0.0551032331509791,0.8518518518518519,27
reserve10,joint_gradual,carry_forward,3,20,27,0.055506941452282056,0.7777777777777778,27
reserve10,joint_gradual,carry_forward,3,21,23,0.05995706353254252,0.8260869565217391,23
reserve10,joint_gradual,carry_forward,3,22,23,0.07195336335253445,0.6956521739130435,23
reserve10,joint_gradual,carry_forward,3,23,25,0.052729690285253844,0.68,25
reserve10,joint_gradual,carry_forward,4,0,22,0.05620341869878993,0.9090909090909091,22
reserve10,joint_gradual,carry_forward,4,1,22,0.057124050425517055,0.9545454545454546,22
reserve10,joint_gradual,carry_forward,4,2,20,0.04560338645361639,0.95,20
reserve10,joint_gradual,carry_forward,4,3,17,0.058302109575343104,0.9411764705882353,17
reserve10,joint_gradual,carry_forward,4,4,19,0.060881716233321705,0.8421052631578947,19
reserve10,joint_gradual,carry_forward,4,5,20,0.06346481871505102,0.8,20
reserve10,joint_gradual,carry_forward,4,6,23,0.06452126681971164,0.8260869565217391,23
reserve10,joint_gradual,carry_forward,4,7,21,0.06968841185787913,0.9047619047619048,21
reserve10,joint_gradual,carry_forward,4,8,23,0.06269776073856188,0.782608695652174,23
reserve10,joint_gradual,carry_forward,4,9,23,0.05884022315757375,0.782608695652174,23
reserve10,joint_gradual,carry_forward,4,10,23,0.059063917342373456,0.6956521739130435,23
reserve10,joint_gradual,carry_forward,4,11,23,0.06541520356558927,0.6956521739130435,23
reserve10,joint_gradual,carry_forward,4,12,24,0.061485206545391156,0.7916666666666666,24
reserve10,joint_gradual,carry_forward,4,13,21,0.08076452162808548,0.7619047619047619,21
reserve10,joint_gradual,carry_forward,4,14,24,0.06609516345186052,0.6666666666666666,24
reserve10,joint_gradual,carry_forward,4,15,25,0.06897187857330221,0.72,25
reserve10,joint_gradual,carry_forward,4,16,24,0.07771905793690968,0.7083333333333334,24
reserve10,joint_gradual,carry_forward,4,17,25,0.07165575921183218,0.8,25
reserve10,joint_gradual,carry_forward,4,18,27,0.05838036144291769,0.8148148148148148,27
reserve10,joint_gradual,carry_forward,4,19,27,0.05499694387115938,0.8518518518518519,27
reserve10,joint_gradual,carry_forward,4,20,23,0.061571717319532523,0.8260869565217391,23
reserve10,joint_gradual,carry_forward,4,21,23,0.07172976955735734,0.7391304347826086,23
reserve10,joint_gradual,carry_forward,4,22,25,0.05890183890543115,0.76,25
reserve10,joint_gradual,carry_forward,4,23,25,0.045472149305630864,0.8,25
reserve10,joint_gradual,geometric_persistence,1,0,22,0.05364630743525982,0.9545454545454546,22
reserve10,joint_gradual,geometric_persistence,1,1,24,0.05796452023537955,0.9166666666666666,24
reserve10,joint_gradual,geometric_persistence,1,2,25,0.05453204376991968,0.96,25
reserve10,joint_gradual,geometric_persistence,1,3,22,0.03654581873057155,1.0,22
reserve10,joint_gradual,geometric_persistence,1,4,22,0.047626477559625346,0.9090909090909091,22
reserve10,joint_gradual,geometric_persistence,1,5,20,0.055268211954565064,0.9,20
reserve10,joint_gradual,geometric_persistence,1,6,17,0.04769357231498129,1.0,17
reserve10,joint_gradual,geometric_persistence,1,7,19,0.04718973712789298,1.0,19
reserve10,joint_gradual,geometric_persistence,1,8,20,0.05590616987012688,0.95,20
reserve10,joint_gradual,geometric_persistence,1,9,23,0.05118925982941448,0.9565217391304348,23
reserve10,joint_gradual,geometric_persistence,1,10,21,0.03723889485504012,1.0,21
reserve10,joint_gradual,geometric_persistence,1,11,23,0.05122884956823939,0.9130434782608695,23
reserve10,joint_gradual,geometric_persistence,1,12,23,0.056968974159102494,0.8695652173913043,23
reserve10,joint_gradual,geometric_persistence,1,13,23,0.049574646042932734,0.9565217391304348,23
reserve10,joint_gradual,geometric_persistence,1,14,23,0.0357743986012076,1.0,23
reserve10,joint_gradual,geometric_persistence,1,15,24,0.04053104806069658,0.9583333333333334,24
reserve10,joint_gradual,geometric_persistence,1,16,21,0.051168242553234586,0.9523809523809523,21
reserve10,joint_gradual,geometric_persistence,1,17,24,0.043544157052672894,0.9583333333333334,24
reserve10,joint_gradual,geometric_persistence,1,18,25,0.03970903553049656,1.0,25
reserve10,joint_gradual,geometric_persistence,1,19,24,0.04782387079115987,0.9583333333333334,24
reserve10,joint_gradual,geometric_persistence,1,20,25,0.05669162768188211,0.92,25
reserve10,joint_gradual,geometric_persistence,1,21,27,0.04299515626599887,0.9259259259259259,27
reserve10,joint_gradual,geometric_persistence,1,22,27,0.04764160820102559,0.9259259259259259,27
reserve10,joint_gradual,geometric_persistence,1,23,23,0.0601623392707459,0.9130434782608695,23
reserve10,joint_gradual,geometric_persistence,2,0,24,0.06598233727184967,1.0,24
reserve10,joint_gradual,geometric_persistence,2,1,25,0.08143359015130507,0.84,25
reserve10,joint_gradual,geometric_persistence,2,2,22,0.07190109106897823,0.9545454545454546,22
reserve10,joint_gradual,geometric_persistence,2,3,22,0.07185751197152028,0.9090909090909091,22
reserve10,joint_gradual,geometric_persistence,2,4,20,0.06292915091274048,0.9,20
reserve10,joint_gradual,geometric_persistence,2,5,17,0.08960266071644965,0.9411764705882353,17
reserve10,joint_gradual,geometric_persistence,2,6,19,0.07486292771625559,0.9473684210526315,19
reserve10,joint_gradual,geometric_persistence,2,7,20,0.06031025388741144,1.0,20
reserve10,joint_gradual,geometric_persistence,2,8,23,0.08452307025821834,0.9565217391304348,23
reserve10,joint_gradual,geometric_persistence,2,9,21,0.07434783404217271,0.9523809523809523,21
reserve10,joint_gradual,geometric_persistence,2,10,23,0.059364498707301226,0.9565217391304348,23
reserve10,joint_gradual,geometric_persistence,2,11,23,0.07681408206195901,0.9130434782608695,23
reserve10,joint_gradual,geometric_persistence,2,12,23,0.08716742603900726,0.9565217391304348,23
reserve10,joint_gradual,geometric_persistence,2,13,23,0.06486160001476837,0.9565217391304348,23
reserve10,joint_gradual,geometric_persistence,2,14,24,0.05764270163109095,0.9583333333333334,24
reserve10,joint_gradual,geometric_persistence,2,15,21,0.08764738928871091,0.9523809523809523,21
reserve10,joint_gradual,geometric_persistence,2,16,24,0.07675455816846664,1.0,24
reserve10,joint_gradual,geometric_persistence,2,17,25,0.06962102381988278,0.96,25
reserve10,joint_gradual,geometric_persistence,2,18,24,0.07373752399438581,0.9583333333333334,24
reserve10,joint_gradual,geometric_persistence,2,19,25,0.08555925267341925,0.96,25
reserve10,joint_gradual,geometric_persistence,2,20,27,0.07746886409433197,0.8888888888888888,27
reserve10,joint_gradual,geometric_persistence,2,21,27,0.06946911607215517,0.8888888888888888,27
reserve10,joint_gradual,geometric_persistence,2,22,23,0.09463310341348806,0.8695652173913043,23
reserve10,joint_gradual,geometric_persistence,2,23,23,0.07325220872335128,1.0,23
reserve10,joint_gradual,geometric_persistence,3,0,25,0.08127909676424934,0.84,25
reserve10,joint_gradual,geometric_persistence,3,1,22,0.09524832495069496,0.9545454545454546,22
reserve10,joint_gradual,geometric_persistence,3,2,22,0.08053495801440282,0.9545454545454546,22
reserve10,joint_gradual,geometric_persistence,3,3,20,0.09079985366077682,0.9,20
reserve10,joint_gradual,geometric_persistence,3,4,17,0.10930446270718915,0.9411764705882353,17
reserve10,joint_gradual,geometric_persistence,3,5,19,0.09714679018290934,0.9473684210526315,19
reserve10,joint_gradual,geometric_persistence,3,6,20,0.08029929721901838,1.0,20
reserve10,joint_gradual,geometric_persistence,3,7,23,0.08858808018910154,1.0,23
reserve10,joint_gradual,geometric_persistence,3,8,21,0.11146161906201854,0.9047619047619048,21
reserve10,joint_gradual,geometric_persistence,3,9,23,0.0854929551953653,0.8695652173913043,23
reserve10,joint_gradual,geometric_persistence,3,10,23,0.08765558402453964,1.0,23
reserve10,joint_gradual,geometric_persistence,3,11,23,0.10216353605640503,1.0,23
reserve10,joint_gradual,geometric_persistence,3,12,23,0.09899876749864164,0.9565217391304348,23
reserve10,joint_gradual,geometric_persistence,3,13,24,0.08270825285574933,0.9166666666666666,24
reserve10,joint_gradual,geometric_persistence,3,14,21,0.1037509310226787,0.9047619047619048,21
reserve10,joint_gradual,geometric_persistence,3,15,24,0.1125005257089821,0.875,24
reserve10,joint_gradual,geometric_persistence,3,16,25,0.09914219422869466,0.96,25
reserve10,joint_gradual,geometric_persistence,3,17,24,0.10568539520169151,0.9166666666666666,24
reserve10,joint_gradual,geometric_persistence,3,18,25,0.10232815612694257,0.96,25
reserve10,joint_gradual,geometric_persistence,3,19,27,0.10715909512984485,0.8518518518518519,27
reserve10,joint_gradual,geometric_persistence,3,20,27,0.09018545881377778,0.9259259259259259,27
reserve10,joint_gradual,geometric_persistence,3,21,23,0.10617293506615866,0.8695652173913043,23
reserve10,joint_gradual,geometric_persistence,3,22,23,0.09919219617639144,0.9565217391304348,23
reserve10,joint_gradual,geometric_persistence,3,23,25,0.07598979869311949,1.0,25
reserve10,joint_gradual,geometric_persistence,4,0,22,0.0953212842644601,0.9545454545454546,22
reserve10,joint_gradual,geometric_persistence,4,1,22,0.09057922100348217,0.9545454545454546,22
reserve10,joint_gradual,geometric_persistence,4,2,20,0.09823502502707963,0.95,20
reserve10,joint_gradual,geometric_persistence,4,3,17,0.1392386483458795,0.8823529411764706,17
reserve10,joint_gradual,geometric_persistence,4,4,19,0.1107238532126175,0.9473684210526315,19
reserve10,joint_gradual,geometric_persistence,4,5,20,0.09829520975997694,1.0,20
reserve10,joint_gradual,geometric_persistence,4,6,23,0.1024994940537304,0.9565217391304348,23
reserve10,joint_gradual,geometric_persistence,4,7,21,0.10957788619930313,0.9523809523809523,21
reserve10,joint_gradual,geometric_persistence,4,8,23,0.11258376430054076,0.9130434782608695,23
reserve10,joint_gradual,geometric_persistence,4,9,23,0.11343465655278331,0.9565217391304348,23
reserve10,joint_gradual,geometric_persistence,4,10,23,0.11022592771958953,0.9565217391304348,23
reserve10,joint_gradual,geometric_persistence,4,11,23,0.11117635134338538,1.0,23
reserve10,joint_gradual,geometric_persistence,4,12,24,0.10566784946273967,0.875,24
reserve10,joint_gradual,geometric_persistence,4,13,21,0.1296049076155294,0.9047619047619048,21
reserve10,joint_gradual,geometric_persistence,4,14,24,0.12307961566493952,0.9166666666666666,24
reserve10,joint_gradual,geometric_persistence,4,15,25,0.12636662022794154,0.92,25
reserve10,joint_gradual,geometric_persistence,4,16,24,0.12807819260159345,0.9583333333333334,24
reserve10,joint_gradual,geometric_persistence,4,17,25,0.12858946362726875,0.88,25
reserve10,joint_gradual,geometric_persistence,4,18,27,0.1215978978178211,0.8518518518518519,27
reserve10,joint_gradual,geometric_persistence,4,19,27,0.11371874830645251,0.8518518518518519,27
reserve10,joint_gradual,geometric_persistence,4,20,23,0.12644911682130336,0.9130434782608695,23
reserve10,joint_gradual,geometric_persistence,4,21,23,0.11209148177407222,0.9130434782608695,23
reserve10,joint_gradual,geometric_persistence,4,22,25,0.09668529118849573,0.96,25
reserve10,joint_gradual,geometric_persistence,4,23,25,0.08027486692283298,0.92,25
reserve10,joint_gradual,mask50,1,0,22,0.04835837637650364,0.9090909090909091,22
reserve10,joint_gradual,mask50,1,1,24,0.03865432413697482,0.9583333333333334,24
reserve10,joint_gradual,mask50,1,2,25,0.04164792801036306,0.88,25
reserve10,joint_gradual,mask50,1,3,22,0.026524799295145066,0.9545454545454546,22
reserve10,joint_gradual,mask50,1,4,22,0.02947909055118086,1.0,22
reserve10,joint_gradual,mask50,1,5,20,0.0348123098023817,0.95,20
reserve10,joint_gradual,mask50,1,6,17,0.037175229996530196,1.0,17
reserve10,joint_gradual,mask50,1,7,19,0.03601186074784737,0.9473684210526315,19
reserve10,joint_gradual,mask50,1,8,20,0.04438630118079116,0.95,20
reserve10,joint_gradual,mask50,1,9,23,0.04022502198118594,0.9130434782608695,23
reserve10,joint_gradual,mask50,1,10,21,0.035430384720628365,0.9523809523809523,21
reserve10,joint_gradual,mask50,1,11,23,0.03758990644774884,0.8695652173913043,23
reserve10,joint_gradual,mask50,1,12,23,0.03829429724950019,0.8695652173913043,23
reserve10,joint_gradual,mask50,1,13,23,0.0348060774613453,0.7391304347826086,23
reserve10,joint_gradual,mask50,1,14,23,0.03832695428144283,0.8695652173913043,23
reserve10,joint_gradual,mask50,1,15,24,0.030487214234298707,0.875,24
reserve10,joint_gradual,mask50,1,16,21,0.04077742767433817,0.8095238095238095,21
reserve10,joint_gradual,mask50,1,17,24,0.027906587084872578,1.0,24
reserve10,joint_gradual,mask50,1,18,25,0.03726547515129301,0.88,25
reserve10,joint_gradual,mask50,1,19,24,0.04185310637886223,0.875,24
reserve10,joint_gradual,mask50,1,20,25,0.04430750939953726,0.84,25
reserve10,joint_gradual,mask50,1,21,27,0.0266452922553536,0.9259259259259259,27
reserve10,joint_gradual,mask50,1,22,27,0.038845325504653666,0.8888888888888888,27
reserve10,joint_gradual,mask50,1,23,23,0.045925192869761634,0.8260869565217391,23
reserve10,joint_gradual,mask50,2,0,24,0.04816122625434027,0.9583333333333334,24
reserve10,joint_gradual,mask50,2,1,25,0.04301450074165911,1.0,25
reserve10,joint_gradual,mask50,2,2,22,0.047764132990849854,0.9090909090909091,22
reserve10,joint_gradual,mask50,2,3,22,0.04036926436886959,1.0,22
reserve10,joint_gradual,mask50,2,4,20,0.0379863814812305,0.95,20
reserve10,joint_gradual,mask50,2,5,17,0.06023868208376804,1.0,17
reserve10,joint_gradual,mask50,2,6,19,0.04583425373242514,1.0,19
reserve10,joint_gradual,mask50,2,7,20,0.05404549728014195,0.95,20
reserve10,joint_gradual,mask50,2,8,23,0.05608840878991933,0.9130434782608695,23
reserve10,joint_gradual,mask50,2,9,21,0.05374447053004262,0.9523809523809523,21
reserve10,joint_gradual,mask50,2,10,23,0.05069387572444303,0.9565217391304348,23
reserve10,joint_gradual,mask50,2,11,23,0.049994529756852375,0.9565217391304348,23
reserve10,joint_gradual,mask50,2,12,23,0.04803064871799379,0.8695652173913043,23
reserve10,joint_gradual,mask50,2,13,23,0.055002963313537025,0.782608695652174,23
reserve10,joint_gradual,mask50,2,14,24,0.051514748170706955,0.875,24
reserve10,joint_gradual,mask50,2,15,21,0.06366737814655486,0.8571428571428571,21
reserve10,joint_gradual,mask50,2,16,24,0.0505784611786696,0.7916666666666666,24
reserve10,joint_gradual,mask50,2,17,25,0.049724699044389774,0.92,25
reserve10,joint_gradual,mask50,2,18,24,0.062050915184082796,0.7916666666666666,24
reserve10,joint_gradual,mask50,2,19,25,0.056228518835662405,0.92,25
reserve10,joint_gradual,mask50,2,20,27,0.049423768776647455,0.9259259259259259,27
reserve10,joint_gradual,mask50,2,21,27,0.04293887391839535,0.9259259259259259,27
reserve10,joint_gradual,mask50,2,22,23,0.06305940375779331,0.8260869565217391,23
reserve10,joint_gradual,mask50,2,23,23,0.06609663135249416,0.8260869565217391,23
reserve10,joint_gradual,mask50,3,0,25,0.0456868956855021,1.0,25
reserve10,joint_gradual,mask50,3,1,22,0.049651699539971596,1.0,22
reserve10,joint_gradual,mask50,3,2,22,0.04888373990760613,0.9545454545454546,22
reserve10,joint_gradual,mask50,3,3,20,0.04200205274846943,0.95,20
reserve10,joint_gradual,mask50,3,4,17,0.05840603023974267,1.0,17
reserve10,joint_gradual,mask50,3,5,19,0.057445167763623795,0.9473684210526315,19
reserve10,joint_gradual,mask50,3,6,20,0.05843046151559968,0.9,20
reserve10,joint_gradual,mask50,3,7,23,0.05879175348829086,0.9130434782608695,23
reserve10,joint_gradual,mask50,3,8,21,0.06810546267687688,0.9047619047619048,21
reserve10,joint_gradual,mask50,3,9,23,0.054857395399830415,0.8695652173913043,23
reserve10,joint_gradual,mask50,3,10,23,0.053259229801336024,0.9130434782608695,23
reserve10,joint_gradual,mask50,3,11,23,0.056193914065126735,0.8260869565217391,23
reserve10,joint_gradual,mask50,3,12,23,0.06314565490569639,0.8260869565217391,23
reserve10,joint_gradual,mask50,3,13,24,0.05803058571244905,0.8333333333333334,24
reserve10,joint_gradual,mask50,3,14,21,0.0728552714301766,0.8095238095238095,21
reserve10,joint_gradual,mask50,3,15,24,0.059799817036549456,0.8333333333333334,24
reserve10,joint_gradual,mask50,3,16,25,0.061295596136888036,0.8,25
reserve10,joint_gradual,mask50,3,17,24,0.0711861715284937,0.8333333333333334,24
reserve10,joint_gradual,mask50,3,18,25,0.0655191466623024,0.88,25
reserve10,joint_gradual,mask50,3,19,27,0.05522653927120861,0.8518518518518519,27
reserve10,joint_gradual,mask50,3,20,27,0.05299197125691958,0.8518518518518519,27
reserve10,joint_gradual,mask50,3,21,23,0.060066281388284966,0.8695652173913043,23
reserve10,joint_gradual,mask50,3,22,23,0.07154120394807303,0.8695652173913043,23
reserve10,joint_gradual,mask50,3,23,25,0.05358096088999712,0.84,25
reserve10,joint_gradual,mask50,4,0,22,0.045868780740267255,1.0,22
reserve10,joint_gradual,mask50,4,1,22,0.050554969247643106,1.0,22
reserve10,joint_gradual,mask50,4,2,20,0.04974316469135548,1.0,20
reserve10,joint_gradual,mask50,4,3,17,0.05988110032743118,1.0,17
reserve10,joint_gradual,mask50,4,4,19,0.061535794944302384,1.0,19
reserve10,joint_gradual,mask50,4,5,20,0.06258730128959625,0.9,20
reserve10,joint_gradual,mask50,4,6,23,0.05855465001080353,0.9130434782608695,23
reserve10,joint_gradual,mask50,4,7,21,0.0702466454386078,0.8571428571428571,21
reserve10,joint_gradual,mask50,4,8,23,0.062009155242834166,0.8695652173913043,23
reserve10,joint_gradual,mask50,4,9,23,0.05620289156832082,0.9130434782608695,23
reserve10,joint_gradual,mask50,4,10,23,0.055071080155942226,0.8260869565217391,23
reserve10,joint_gradual,mask50,4,11,23,0.06513877808329363,0.8260869565217391,23
reserve10,joint_gradual,mask50,4,12,24,0.05996628962129683,0.8333333333333334,24
reserve10,joint_gradual,mask50,4,13,21,0.08100182167771272,0.8095238095238095,21
reserve10,joint_gradual,mask50,4,14,24,0.0639337253447106,0.7916666666666666,24
reserve10,joint_gradual,mask50,4,15,25,0.0682121744063312,0.8,25
reserve10,joint_gradual,mask50,4,16,24,0.07838029333912121,0.7916666666666666,24
reserve10,joint_gradual,mask50,4,17,25,0.06908970540122614,0.88,25
reserve10,joint_gradual,mask50,4,18,27,0.05722880871843228,0.8518518518518519,27
reserve10,joint_gradual,mask50,4,19,27,0.05333787896220105,0.8888888888888888,27
reserve10,joint_gradual,mask50,4,20,23,0.06255530992925848,0.9130434782608695,23
reserve10,joint_gradual,mask50,4,21,23,0.07155564852446265,0.8260869565217391,23
reserve10,joint_gradual,mask50,4,22,25,0.05606488392719504,0.84,25
reserve10,joint_gradual,mask50,4,23,25,0.04656158264082356,0.96,25
reserve10,joint_gradual,mi_recency,1,0,22,0.05221787522051748,0.9090909090909091,22
reserve10,joint_gradual,mi_recency,1,1,24,0.045602803409783677,0.875,24
reserve10,joint_gradual,mi_recency,1,2,25,0.044779749518575114,0.84,25
reserve10,joint_gradual,mi_recency,1,3,22,0.027970266944260705,1.0,22
reserve10,joint_gradual,mi_recency,1,4,22,0.040823913121728145,0.8636363636363636,22
reserve10,joint_gradual,mi_recency,1,5,20,0.04507302842247978,0.85,20
reserve10,joint_gradual,mi_recency,1,6,17,0.0394435236188912,0.9411764705882353,17
reserve10,joint_gradual,mi_recency,1,7,19,0.03797505949519255,0.9473684210526315,19
reserve10,joint_gradual,mi_recency,1,8,20,0.052233025265020015,0.9,20
reserve10,joint_gradual,mi_recency,1,9,23,0.04006409910437914,0.8260869565217391,23
reserve10,joint_gradual,mi_recency,1,10,21,0.04142978370354154,0.8571428571428571,21
reserve10,joint_gradual,mi_recency,1,11,23,0.045230420778714246,0.9565217391304348,23
reserve10,joint_gradual,mi_recency,1,12,23,0.045723219392816344,0.8695652173913043,23
reserve10,joint_gradual,mi_recency,1,13,23,0.03389155935547917,0.9565217391304348,23
reserve10,joint_gradual,mi_recency,1,14,23,0.0417411398076948,0.9565217391304348,23
reserve10,joint_gradual,mi_recency,1,15,24,0.03095803887184625,0.9583333333333334,24
reserve10,joint_gradual,mi_recency,1,16,21,0.04544472570842642,0.9047619047619048,21
reserve10,joint_gradual,mi_recency,1,17,24,0.03077336110786921,0.9583333333333334,24
reserve10,joint_gradual,mi_recency,1,18,25,0.04038670443316365,0.92,25
reserve10,joint_gradual,mi_recency,1,19,24,0.04621004009963059,0.9583333333333334,24
reserve10,joint_gradual,mi_recency,1,20,25,0.049305647016533456,0.84,25
reserve10,joint_gradual,mi_recency,1,21,27,0.03215746298302312,0.9259259259259259,27
reserve10,joint_gradual,mi_recency,1,22,27,0.043727774553083784,0.9259259259259259,27
reserve10,joint_gradual,mi_recency,1,23,23,0.05715189295161625,0.8695652173913043,23
reserve10,joint_gradual,mi_recency,2,0,24,0.05640551125132153,0.9166666666666666,24
reserve10,joint_gradual,mi_recency,2,1,25,0.05611079592034043,0.96,25
reserve10,joint_gradual,mi_recency,2,2,22,0.04861330632387296,1.0,22
reserve10,joint_gradual,mi_recency,2,3,22,0.048090698579056214,0.9545454545454546,22
reserve10,joint_gradual,mi_recency,2,4,20,0.03916810366256064,1.0,20
reserve10,joint_gradual,mi_recency,2,5,17,0.06690677790357254,0.7647058823529411,17
reserve10,joint_gradual,mi_recency,2,6,19,0.057878341646760256,0.8947368421052632,19
reserve10,joint_gradual,mi_recency,2,7,20,0.06414170580425742,0.85,20
reserve10,joint_gradual,mi_recency,2,8,23,0.06427155189425791,0.8695652173913043,23
reserve10,joint_gradual,mi_recency,2,9,21,0.05803030896811167,0.8571428571428571,21
reserve10,joint_gradual,mi_recency,2,10,23,0.060705414727083344,0.8260869565217391,23
reserve10,joint_gradual,mi_recency,2,11,23,0.0592179767773553,0.8695652173913043,23
reserve10,joint_gradual,mi_recency,2,12,23,0.055674040448929936,0.8260869565217391,23
reserve10,joint_gradual,mi_recency,2,13,23,0.058586385587418154,0.8695652173913043,23
reserve10,joint_gradual,mi_recency,2,14,24,0.054753980186954904,0.9166666666666666,24
reserve10,joint_gradual,mi_recency,2,15,21,0.06788166541525194,0.8571428571428571,21
reserve10,joint_gradual,mi_recency,2,16,24,0.04467656090385596,1.0,24
reserve10,joint_gradual,mi_recency,2,17,25,0.05445918593976158,0.96,25
reserve10,joint_gradual,mi_recency,2,18,24,0.07206263531153075,0.875,24
reserve10,joint_gradual,mi_recency,2,19,25,0.06357330272303316,0.92,25
reserve10,joint_gradual,mi_recency,2,20,27,0.05708056887204777,0.9259259259259259,27
reserve10,joint_gradual,mi_recency,2,21,27,0.04649329209190928,0.9259259259259259,27
reserve10,joint_gradual,mi_recency,2,22,23,0.07872502876144082,0.8695652173913043,23
reserve10,joint_gradual,mi_recency,2,23,23,0.07356174900746737,0.8695652173913043,23
reserve10,joint_gradual,mi_recency,3,0,25,0.04877381613622858,0.96,25
reserve10,joint_gradual,mi_recency,3,1,22,0.05563417527366931,0.9545454545454546,22
reserve10,joint_gradual,mi_recency,3,2,22,0.05123838649306338,1.0,22
reserve10,joint_gradual,mi_recency,3,3,20,0.04391030485532666,1.0,20
reserve10,joint_gradual,mi_recency,3,4,17,0.06312921639993625,0.9411764705882353,17
reserve10,joint_gradual,mi_recency,3,5,19,0.06591691929061012,0.8947368421052632,19
reserve10,joint_gradual,mi_recency,3,6,20,0.06708322110177295,0.9,20
reserve10,joint_gradual,mi_recency,3,7,23,0.0689636553618348,0.8695652173913043,23
reserve10,joint_gradual,mi_recency,3,8,21,0.0770700361678769,0.8571428571428571,21
reserve10,joint_gradual,mi_recency,3,9,23,0.06306597724026775,0.9565217391304348,23
reserve10,joint_gradual,mi_recency,3,10,23,0.055234203123890054,0.9565217391304348,23
reserve10,joint_gradual,mi_recency,3,11,23,0.05620887853814113,0.8695652173913043,23
reserve10,joint_gradual,mi_recency,3,12,23,0.06946837371217929,0.9130434782608695,23
reserve10,joint_gradual,mi_recency,3,13,24,0.06677300491475162,0.875,24
reserve10,joint_gradual,mi_recency,3,14,21,0.08021698706891008,0.8571428571428571,21
reserve10,joint_gradual,mi_recency,3,15,24,0.0606078203373871,0.875,24
reserve10,joint_gradual,mi_recency,3,16,25,0.06196927654896464,0.92,25
reserve10,joint_gradual,mi_recency,3,17,24,0.07436732995658622,0.9166666666666666,24
reserve10,joint_gradual,mi_recency,3,18,25,0.07398403877232049,0.92,25
reserve10,joint_gradual,mi_recency,3,19,27,0.07328690984868344,0.8518518518518519,27
reserve10,joint_gradual,mi_recency,3,20,27,0.056686691099216154,0.8888888888888888,27
reserve10,joint_gradual,mi_recency,3,21,23,0.07113768549905528,0.9130434782608695,23
reserve10,joint_gradual,mi_recency,3,22,23,0.08253235896455577,0.8260869565217391,23
reserve10,joint_gradual,mi_recency,3,23,25,0.05753179446551407,0.96,25
reserve10,joint_gradual,mi_recency,4,0,22,0.051286335858933225,1.0,22
reserve10,joint_gradual,mi_recency,4,1,22,0.05548672444077522,1.0,22
reserve10,joint_gradual,mi_recency,4,2,20,0.05127978678981336,1.0,20
reserve10,joint_gradual,mi_recency,4,3,17,0.07048889840851424,0.9411764705882353,17
reserve10,joint_gradual,mi_recency,4,4,19,0.06429156601608443,0.9473684210526315,19
reserve10,joint_gradual,mi_recency,4,5,20,0.07107739580711525,0.9,20
reserve10,joint_gradual,mi_recency,4,6,23,0.07099922433979362,0.8260869565217391,23
reserve10,joint_gradual,mi_recency,4,7,21,0.07961289733537572,0.8571428571428571,21
reserve10,joint_gradual,mi_recency,4,8,23,0.07375646663356812,0.8695652173913043,23
reserve10,joint_gradual,mi_recency,4,9,23,0.05793723997960214,0.9565217391304348,23
reserve10,joint_gradual,mi_recency,4,10,23,0.056362699638288015,1.0,23
reserve10,joint_gradual,mi_recency,4,11,23,0.08320042364444812,0.9130434782608695,23
reserve10,joint_gradual,mi_recency,4,12,24,0.0749763876436988,0.875,24
reserve10,joint_gradual,mi_recency,4,13,21,0.09306280635180361,0.8095238095238095,21
reserve10,joint_gradual,mi_recency,4,14,24,0.07278033888301431,0.8333333333333334,24
reserve10,joint_gradual,mi_recency,4,15,25,0.07429338825865404,0.84,25
reserve10,joint_gradual,mi_recency,4,16,24,0.0847260122102753,0.8333333333333334,24
reserve10,joint_gradual,mi_recency,4,17,25,0.08253515737671473,0.88,25
reserve10,joint_gradual,mi_recency,4,18,27,0.07516055302640148,0.8518518518518519,27
reserve10,joint_gradual,mi_recency,4,19,27,0.06192120915353486,0.9259259259259259,27
reserve10,joint_gradual,mi_recency,4,20,23,0.07055327670131925,0.9130434782608695,23
reserve10,joint_gradual,mi_recency,4,21,23,0.0736402360973002,0.8695652173913043,23
reserve10,joint_gradual,mi_recency,4,22,25,0.06913671394455088,0.88,25
reserve10,joint_gradual,mi_recency,4,23,25,0.05314670012146733,0.96,25
reserve10,joint_gradual,multiple_imputation,1,0,22,0.05265882589477702,0.8636363636363636,22
reserve10,joint_gradual,multiple_imputation,1,1,24,0.046904070325671864,0.7916666666666666,24
reserve10,joint_gradual,multiple_imputation,1,2,25,0.04695163783329342,0.8,25
reserve10,joint_gradual,multiple_imputation,1,3,22,0.027440372880960184,1.0,22
reserve10,joint_gradual,multiple_imputation,1,4,22,0.041022987329483535,0.8636363636363636,22
reserve10,joint_gradual,multiple_imputation,1,5,20,0.04501070004681528,0.85,20
reserve10,joint_gradual,multiple_imputation,1,6,17,0.0386444778589242,0.8235294117647058,17
reserve10,joint_gradual,multiple_imputation,1,7,19,0.03710198334410346,0.9473684210526315,19
reserve10,joint_gradual,multiple_imputation,1,8,20,0.05221171608135482,0.8,20
reserve10,joint_gradual,multiple_imputation,1,9,23,0.040476469534593,0.8260869565217391,23
reserve10,joint_gradual,multiple_imputation,1,10,21,0.04153823841251737,0.8571428571428571,21
reserve10,joint_gradual,multiple_imputation,1,11,23,0.04535548223942297,0.8695652173913043,23
reserve10,joint_gradual,multiple_imputation,1,12,23,0.04531351866165694,0.8695652173913043,23
reserve10,joint_gradual,multiple_imputation,1,13,23,0.03351564773450071,0.9130434782608695,23
reserve10,joint_gradual,multiple_imputation,1,14,23,0.04168324944088187,0.9565217391304348,23
reserve10,joint_gradual,multiple_imputation,1,15,24,0.03098732739634646,0.875,24
reserve10,joint_gradual,multiple_imputation,1,16,21,0.046864981317384584,0.8095238095238095,21
reserve10,joint_gradual,multiple_imputation,1,17,24,0.030360946480287195,0.9583333333333334,24
reserve10,joint_gradual,multiple_imputation,1,18,25,0.04016481536279416,0.88,25
reserve10,joint_gradual,multiple_imputation,1,19,24,0.046649178223698656,0.875,24
reserve10,joint_gradual,multiple_imputation,1,20,25,0.049904409334114073,0.8,25
reserve10,joint_gradual,multiple_imputation,1,21,27,0.03139008546082814,0.9259259259259259,27
reserve10,joint_gradual,multiple_imputation,1,22,27,0.04421900408013227,0.8518518518518519,27
reserve10,joint_gradual,multiple_imputation,1,23,23,0.05804979454058725,0.782608695652174,23
reserve10,joint_gradual,multiple_imputation,2,0,24,0.057707436005024225,0.875,24
reserve10,joint_gradual,multiple_imputation,2,1,25,0.05801409615588643,0.84,25
reserve10,joint_gradual,multiple_imputation,2,2,22,0.04876294524728417,0.8636363636363636,22
reserve10,joint_gradual,multiple_imputation,2,3,22,0.04987619560035005,0.8636363636363636,22
reserve10,joint_gradual,multiple_imputation,2,4,20,0.03733575139663428,0.95,20
reserve10,joint_gradual,multiple_imputation,2,5,17,0.06901847680760742,0.7647058823529411,17
reserve10,joint_gradual,multiple_imputation,2,6,19,0.058252441692583944,0.7894736842105263,19
reserve10,joint_gradual,multiple_imputation,2,7,20,0.06522859058892035,0.8,20
reserve10,joint_gradual,multiple_imputation,2,8,23,0.06527521045387388,0.8260869565217391,23
reserve10,joint_gradual,multiple_imputation,2,9,21,0.05930647929176335,0.7142857142857143,21
reserve10,joint_gradual,multiple_imputation,2,10,23,0.06334649183186879,0.782608695652174,23
reserve10,joint_gradual,multiple_imputation,2,11,23,0.060730111969580766,0.8260869565217391,23
reserve10,joint_gradual,multiple_imputation,2,12,23,0.05760166299662001,0.782608695652174,23
reserve10,joint_gradual,multiple_imputation,2,13,23,0.05991397475300414,0.782608695652174,23
reserve10,joint_gradual,multiple_imputation,2,14,24,0.05475459742399973,0.9166666666666666,24
reserve10,joint_gradual,multiple_imputation,2,15,21,0.07006793278863555,0.8095238095238095,21
reserve10,joint_gradual,multiple_imputation,2,16,24,0.04454047121222016,0.875,24
reserve10,joint_gradual,multiple_imputation,2,17,25,0.05486878700838856,0.84,25
reserve10,joint_gradual,multiple_imputation,2,18,24,0.07452850935996799,0.75,24
reserve10,joint_gradual,multiple_imputation,2,19,25,0.06223728130893487,0.88,25
reserve10,joint_gradual,multiple_imputation,2,20,27,0.05705091355067817,0.8518518518518519,27
reserve10,joint_gradual,multiple_imputation,2,21,27,0.04669678006603272,0.8518518518518519,27
reserve10,joint_gradual,multiple_imputation,2,22,23,0.08015124287621199,0.8695652173913043,23
reserve10,joint_gradual,multiple_imputation,2,23,23,0.075548652556634,0.7391304347826086,23
reserve10,joint_gradual,multiple_imputation,3,0,25,0.048379720339361866,0.88,25
reserve10,joint_gradual,multiple_imputation,3,1,22,0.05662346856261842,0.8636363636363636,22
reserve10,joint_gradual,multiple_imputation,3,2,22,0.051927865255137144,0.8636363636363636,22
reserve10,joint_gradual,multiple_imputation,3,3,20,0.041062028265141784,1.0,20
reserve10,joint_gradual,multiple_imputation,3,4,17,0.06519527035422608,0.7647058823529411,17
reserve10,joint_gradual,multiple_imputation,3,5,19,0.06771649028221459,0.7368421052631579,19
reserve10,joint_gradual,multiple_imputation,3,6,20,0.07164370916675541,0.7,20
reserve10,joint_gradual,multiple_imputation,3,7,23,0.07018526567167103,0.8260869565217391,23
reserve10,joint_gradual,multiple_imputation,3,8,21,0.07843570119516426,0.8571428571428571,21
reserve10,joint_gradual,multiple_imputation,3,9,23,0.06436068780864977,0.8695652173913043,23
reserve10,joint_gradual,multiple_imputation,3,10,23,0.05590884782843344,0.8695652173913043,23
reserve10,joint_gradual,multiple_imputation,3,11,23,0.05897090226483397,0.782608695652174,23
reserve10,joint_gradual,multiple_imputation,3,12,23,0.07281290227676726,0.7391304347826086,23
reserve10,joint_gradual,multiple_imputation,3,13,24,0.06974198634471646,0.8333333333333334,24
reserve10,joint_gradual,multiple_imputation,3,14,21,0.08205068144146453,0.8095238095238095,21
reserve10,joint_gradual,multiple_imputation,3,15,24,0.061898403656686966,0.7916666666666666,24
reserve10,joint_gradual,multiple_imputation,3,16,25,0.0639769588694516,0.76,25
reserve10,joint_gradual,multiple_imputation,3,17,24,0.07613110303790338,0.7916666666666666,24
reserve10,joint_gradual,multiple_imputation,3,18,25,0.07605894416379998,0.76,25
reserve10,joint_gradual,multiple_imputation,3,19,27,0.0751965934477689,0.7777777777777778,27
reserve10,joint_gradual,multiple_imputation,3,20,27,0.057802307306766214,0.8148148148148148,27
reserve10,joint_gradual,multiple_imputation,3,21,23,0.07122274574734011,0.8695652173913043,23
reserve10,joint_gradual,multiple_imputation,3,22,23,0.08591908614045496,0.782608695652174,23
reserve10,joint_gradual,multiple_imputation,3,23,25,0.058899363165870036,0.84,25
reserve10,joint_gradual,multiple_imputation,4,0,22,0.05072961481127664,0.8636363636363636,22
reserve10,joint_gradual,multiple_imputation,4,1,22,0.0559100411267029,0.8636363636363636,22
reserve10,joint_gradual,multiple_imputation,4,2,20,0.04884758515792163,0.95,20
reserve10,joint_gradual,multiple_imputation,4,3,17,0.07480780427296511,0.6470588235294118,17
reserve10,joint_gradual,multiple_imputation,4,4,19,0.06640314152529683,0.8421052631578947,19
reserve10,joint_gradual,multiple_imputation,4,5,20,0.07833941800894137,0.7,20
reserve10,joint_gradual,multiple_imputation,4,6,23,0.07408281773804243,0.8260869565217391,23
reserve10,joint_gradual,multiple_imputation,4,7,21,0.08244911916506059,0.8095238095238095,21
reserve10,joint_gradual,multiple_imputation,4,8,23,0.07652385462736644,0.8260869565217391,23
reserve10,joint_gradual,multiple_imputation,4,9,23,0.05770027924465798,0.9130434782608695,23
reserve10,joint_gradual,multiple_imputation,4,10,23,0.05925113186452384,0.8260869565217391,23
reserve10,joint_gradual,multiple_imputation,4,11,23,0.08907491379019232,0.6521739130434783,23
reserve10,joint_gradual,multiple_imputation,4,12,24,0.0779024516662342,0.8333333333333334,24
reserve10,joint_gradual,multiple_imputation,4,13,21,0.09586113699961277,0.8095238095238095,21
reserve10,joint_gradual,multiple_imputation,4,14,24,0.07351945181707727,0.8333333333333334,24
reserve10,joint_gradual,multiple_imputation,4,15,25,0.0781241250909404,0.76,25
reserve10,joint_gradual,multiple_imputation,4,16,24,0.08720905350005846,0.75,24
reserve10,joint_gradual,multiple_imputation,4,17,25,0.08329340764342014,0.84,25
reserve10,joint_gradual,multiple_imputation,4,18,27,0.07888606158956589,0.7777777777777778,27
reserve10,joint_gradual,multiple_imputation,4,19,27,0.06385643248126908,0.7777777777777778,27
reserve10,joint_gradual,multiple_imputation,4,20,23,0.07321499438891126,0.8260869565217391,23
reserve10,joint_gradual,multiple_imputation,4,21,23,0.07692391959499556,0.8260869565217391,23
reserve10,joint_gradual,multiple_imputation,4,22,25,0.07407536454958166,0.8,25
reserve10,joint_gradual,multiple_imputation,4,23,25,0.05174193098493341,0.92,25
reserve10,joint_gradual,persistence,1,0,22,0.06597451341150663,0.9545454545454546,22
reserve10,joint_gradual,persistence,1,1,24,0.06521940179900083,0.9583333333333334,24
reserve10,joint_gradual,persistence,1,2,25,0.07434984028044217,0.96,25
reserve10,joint_gradual,persistence,1,3,22,0.06356772655037299,1.0,22
reserve10,joint_gradual,persistence,1,4,22,0.0712074788447936,0.9545454545454546,22
reserve10,joint_gradual,persistence,1,5,20,0.06663373009491921,0.95,20
reserve10,joint_gradual,persistence,1,6,17,0.0677762805160189,1.0,17
reserve10,joint_gradual,persistence,1,7,19,0.058792977395665504,0.9473684210526315,19
reserve10,joint_gradual,persistence,1,8,20,0.06285872854634353,1.0,20
reserve10,joint_gradual,persistence,1,9,23,0.07292638141526175,0.9130434782608695,23
reserve10,joint_gradual,persistence,1,10,21,0.05585332606039439,1.0,21
reserve10,joint_gradual,persistence,1,11,23,0.06944739845182638,0.9565217391304348,23
reserve10,joint_gradual,persistence,1,12,23,0.08077230918533718,0.8695652173913043,23
reserve10,joint_gradual,persistence,1,13,23,0.07050322555983807,0.9565217391304348,23
reserve10,joint_gradual,persistence,1,14,23,0.05337569284785381,1.0,23
reserve10,joint_gradual,persistence,1,15,24,0.053878118170041456,0.9583333333333334,24
reserve10,joint_gradual,persistence,1,16,21,0.0699883054089225,0.9523809523809523,21
reserve10,joint_gradual,persistence,1,17,24,0.06470168353170173,0.9583333333333334,24
reserve10,joint_gradual,persistence,1,18,25,0.06194420379889455,1.0,25
reserve10,joint_gradual,persistence,1,19,24,0.06907802229281816,0.9583333333333334,24
reserve10,joint_gradual,persistence,1,20,25,0.08054192497563775,0.92,25
reserve10,joint_gradual,persistence,1,21,27,0.06395326135723733,0.9259259259259259,27
reserve10,joint_gradual,persistence,1,22,27,0.06138140957900289,0.9629629629629629,27
reserve10,joint_gradual,persistence,1,23,23,0.0710652650382653,0.9565217391304348,23
reserve10,joint_gradual,persistence,2,0,24,0.089687769781591,1.0,24
reserve10,joint_gradual,persistence,2,1,25,0.10018972502172618,0.92,25
reserve10,joint_gradual,persistence,2,2,22,0.12020889793418076,0.9090909090909091,22
reserve10,joint_gradual,persistence,2,3,22,0.10099899028711058,0.9545454545454546,22
reserve10,joint_gradual,persistence,2,4,20,0.09607359535496386,0.95,20
reserve10,joint_gradual,persistence,2,5,17,0.11990538867040566,0.8823529411764706,17
reserve10,joint_gradual,persistence,2,6,19,0.09157017375604189,0.9473684210526315,19
reserve10,joint_gradual,persistence,2,7,20,0.08330555424016793,1.0,20
reserve10,joint_gradual,persistence,2,8,23,0.10545485294481106,1.0,23
reserve10,joint_gradual,persistence,2,9,21,0.11021421372995627,0.9047619047619048,21
reserve10,joint_gradual,persistence,2,10,23,0.09096919133117512,1.0,23
reserve10,joint_gradual,persistence,2,11,23,0.12388716444533791,0.9130434782608695,23
reserve10,joint_gradual,persistence,2,12,23,0.12682528693627995,0.9130434782608695,23
reserve10,joint_gradual,persistence,2,13,23,0.09942013031529597,0.8695652173913043,23
reserve10,joint_gradual,persistence,2,14,24,0.0817559748633034,0.9583333333333334,24
reserve10,joint_gradual,persistence,2,15,21,0.11878055868711025,0.9523809523809523,21
reserve10,joint_gradual,persistence,2,16,24,0.10622182401112529,0.9166666666666666,24
reserve10,joint_gradual,persistence,2,17,25,0.10139525698994473,1.0,25
reserve10,joint_gradual,persistence,2,18,24,0.10131528471695188,0.9583333333333334,24
reserve10,joint_gradual,persistence,2,19,25,0.12416258933046344,0.92,25
reserve10,joint_gradual,persistence,2,20,27,0.1176337904691043,0.8518518518518519,27
reserve10,joint_gradual,persistence,2,21,27,0.08600369255129597,0.9629629629629629,27
reserve10,joint_gradual,persistence,2,22,23,0.1145177859930494,0.9130434782608695,23
reserve10,joint_gradual,persistence,2,23,23,0.09863729034762274,0.9565217391304348,23
reserve10,joint_gradual,persistence,3,0,25,0.10390710597903911,0.96,25
reserve10,joint_gradual,persistence,3,1,22,0.1355396780159777,0.9090909090909091,22
reserve10,joint_gradual,persistence,3,2,22,0.12406021735657756,0.9545454545454546,22
reserve10,joint_gradual,persistence,3,3,20,0.11561396134579613,1.0,20
reserve10,joint_gradual,persistence,3,4,17,0.15350425255589736,0.8823529411764706,17
reserve10,joint_gradual,persistence,3,5,19,0.12095092881232097,0.9473684210526315,19
reserve10,joint_gradual,persistence,3,6,20,0.11136550530824829,1.0,20
reserve10,joint_gradual,persistence,3,7,23,0.12201496122601485,0.9565217391304348,23
reserve10,joint_gradual,persistence,3,8,21,0.13415262133057984,0.9047619047619048,21
reserve10,joint_gradual,persistence,3,9,23,0.1268270137921704,0.9565217391304348,23
reserve10,joint_gradual,persistence,3,10,23,0.14448290297138422,0.9565217391304348,23
reserve10,joint_gradual,persistence,3,11,23,0.14950855879138475,0.9130434782608695,23
reserve10,joint_gradual,persistence,3,12,23,0.14611859236766583,0.8695652173913043,23
reserve10,joint_gradual,persistence,3,13,24,0.11239106152485473,0.875,24
reserve10,joint_gradual,persistence,3,14,21,0.13688822204489087,0.9047619047619048,21
reserve10,joint_gradual,persistence,3,15,24,0.13810541426638231,0.875,24
reserve10,joint_gradual,persistence,3,16,25,0.1326614686332058,0.92,25
reserve10,joint_gradual,persistence,3,17,24,0.1296060528741275,0.9583333333333334,24
reserve10,joint_gradual,persistence,3,18,25,0.13425141357874149,0.88,25
reserve10,joint_gradual,persistence,3,19,27,0.15390999026203075,0.8518518518518519,27
reserve10,joint_gradual,persistence,3,20,27,0.11554394023049729,0.9629629629629629,27
reserve10,joint_gradual,persistence,3,21,23,0.1306535504818286,0.8695652173913043,23
reserve10,joint_gradual,persistence,3,22,23,0.13110843564272312,0.9565217391304348,23
reserve10,joint_gradual,persistence,3,23,25,0.12165824225093537,1.0,25
reserve10,joint_gradual,persistence,4,0,22,0.13042079643852425,0.9090909090909091,22
reserve10,joint_gradual,persistence,4,1,22,0.13242577828593652,0.9090909090909091,22
reserve10,joint_gradual,persistence,4,2,20,0.120544239540338,0.95,20
reserve10,joint_gradual,persistence,4,3,17,0.1610902399296281,0.8823529411764706,17
reserve10,joint_gradual,persistence,4,4,19,0.1401220863981382,0.9473684210526315,19
reserve10,joint_gradual,persistence,4,5,20,0.13362807765263604,0.95,20
reserve10,joint_gradual,persistence,4,6,23,0.1392156129939598,0.9565217391304348,23
reserve10,joint_gradual,persistence,4,7,21,0.14344238071603194,0.9523809523809523,21
reserve10,joint_gradual,persistence,4,8,23,0.1437613369089674,0.9565217391304348,23
reserve10,joint_gradual,persistence,4,9,23,0.18252375202404056,0.8695652173913043,23
reserve10,joint_gradual,persistence,4,10,23,0.1580076109146933,0.9565217391304348,23
reserve10,joint_gradual,persistence,4,11,23,0.15722340273728647,0.9130434782608695,23
reserve10,joint_gradual,persistence,4,12,24,0.13530718439798575,0.875,24
reserve10,joint_gradual,persistence,4,13,21,0.1627637422219438,0.9047619047619048,21
reserve10,joint_gradual,persistence,4,14,24,0.14081812748901643,0.9166666666666666,24
reserve10,joint_gradual,persistence,4,15,25,0.1492360593426233,0.92,25
reserve10,joint_gradual,persistence,4,16,24,0.15054708028070082,0.9166666666666666,24
reserve10,joint_gradual,persistence,4,17,25,0.14637612232706207,0.88,25
reserve10,joint_gradual,persistence,4,18,27,0.15800837377326624,0.8518518518518519,27
reserve10,joint_gradual,persistence,4,19,27,0.13714293727706128,0.9259259259259259,27
reserve10,joint_gradual,persistence,4,20,23,0.16386822605712528,0.8260869565217391,23
reserve10,joint_gradual,persistence,4,21,23,0.13723325354665777,0.9130434782608695,23
reserve10,joint_gradual,persistence,4,22,25,0.15269059625410286,0.96,25
reserve10,joint_gradual,persistence,4,23,25,0.13298453419234693,1.0,25
reserve10,joint_gradual,physical,1,0,22,0.04817178416486703,0.9090909090909091,22
reserve10,joint_gradual,physical,1,1,24,0.0386580823849304,0.9583333333333334,24
reserve10,joint_gradual,physical,1,2,25,0.04118262396199301,0.88,25
reserve10,joint_gradual,physical,1,3,22,0.026522701382149752,0.9545454545454546,22
reserve10,joint_gradual,physical,1,4,22,0.02952018213702678,1.0,22
reserve10,joint_gradual,physical,1,5,20,0.03500088997775906,0.95,20
reserve10,joint_gradual,physical,1,6,17,0.037012521879615845,1.0,17
reserve10,joint_gradual,physical,1,7,19,0.03597164878299712,0.9473684210526315,19
reserve10,joint_gradual,physical,1,8,20,0.044130594106068344,0.95,20
reserve10,joint_gradual,physical,1,9,23,0.03981511726333459,0.9130434782608695,23
reserve10,joint_gradual,physical,1,10,21,0.035434330898916865,0.9523809523809523,21
reserve10,joint_gradual,physical,1,11,23,0.03744608245308712,0.8695652173913043,23
reserve10,joint_gradual,physical,1,12,23,0.0382526376852778,0.8695652173913043,23
reserve10,joint_gradual,physical,1,13,23,0.03475437815022604,0.7391304347826086,23
reserve10,joint_gradual,physical,1,14,23,0.0383770810263412,0.8695652173913043,23
reserve10,joint_gradual,physical,1,15,24,0.03021033009961195,0.875,24
reserve10,joint_gradual,physical,1,16,21,0.040247850059291046,0.8571428571428571,21
reserve10,joint_gradual,physical,1,17,24,0.02796262783993701,1.0,24
reserve10,joint_gradual,physical,1,18,25,0.03738702637279503,0.88,25
reserve10,joint_gradual,physical,1,19,24,0.04146377951086521,0.8333333333333334,24
reserve10,joint_gradual,physical,1,20,25,0.04395138696364678,0.84,25
reserve10,joint_gradual,physical,1,21,27,0.02654669172845429,0.9629629629629629,27
reserve10,joint_gradual,physical,1,22,27,0.038959164397198834,0.9259259259259259,27
reserve10,joint_gradual,physical,1,23,23,0.0458310258905533,0.8260869565217391,23
reserve10,joint_gradual,physical,2,0,24,0.048452584553060264,1.0,24
reserve10,joint_gradual,physical,2,1,25,0.043051450265981624,1.0,25
reserve10,joint_gradual,physical,2,2,22,0.04789017654139666,0.9090909090909091,22
reserve10,joint_gradual,physical,2,3,22,0.040529577434324865,1.0,22
reserve10,joint_gradual,physical,2,4,20,0.038615158849665564,0.95,20
reserve10,joint_gradual,physical,2,5,17,0.06016391464365786,1.0,17
reserve10,joint_gradual,physical,2,6,19,0.045806851822155006,1.0,19
reserve10,joint_gradual,physical,2,7,20,0.053981015689371546,0.95,20
reserve10,joint_gradual,physical,2,8,23,0.05590087416237309,0.9130434782608695,23
reserve10,joint_gradual,physical,2,9,21,0.05348828230641781,0.9523809523809523,21
reserve10,joint_gradual,physical,2,10,23,0.05056570522400219,0.9565217391304348,23
reserve10,joint_gradual,physical,2,11,23,0.050033924971933826,0.9565217391304348,23
reserve10,joint_gradual,physical,2,12,23,0.048507420683010415,0.8260869565217391,23
reserve10,joint_gradual,physical,2,13,23,0.055221407207325116,0.782608695652174,23
reserve10,joint_gradual,physical,2,14,24,0.05188480829077699,0.875,24
reserve10,joint_gradual,physical,2,15,21,0.06363374519965241,0.8571428571428571,21
reserve10,joint_gradual,physical,2,16,24,0.05064046540848582,0.7916666666666666,24
reserve10,joint_gradual,physical,2,17,25,0.049595770609303085,0.92,25
reserve10,joint_gradual,physical,2,18,24,0.0620285505530099,0.7916666666666666,24
reserve10,joint_gradual,physical,2,19,25,0.05617714782278099,0.92,25
reserve10,joint_gradual,physical,2,20,27,0.049181639857040126,0.9259259259259259,27
reserve10,joint_gradual,physical,2,21,27,0.043021103191098545,0.9629629629629629,27
reserve10,joint_gradual,physical,2,22,23,0.06309087124501345,0.8260869565217391,23
reserve10,joint_gradual,physical,2,23,23,0.06587502775568212,0.8695652173913043,23
reserve10,joint_gradual,physical,3,0,25,0.045984334157462906,1.0,25
reserve10,joint_gradual,physical,3,1,22,0.05001144294277207,1.0,22
reserve10,joint_gradual,physical,3,2,22,0.0490156392091563,0.9545454545454546,22
reserve10,joint_gradual,physical,3,3,20,0.04270171961810358,0.95,20
reserve10,joint_gradual,physical,3,4,17,0.05855345450375784,1.0,17
reserve10,joint_gradual,physical,3,5,19,0.05743969033109514,0.9473684210526315,19
reserve10,joint_gradual,physical,3,6,20,0.05835786649401783,0.9,20
reserve10,joint_gradual,physical,3,7,23,0.0585482142329987,0.9130434782608695,23
reserve10,joint_gradual,physical,3,8,21,0.06765051992777275,0.9523809523809523,21
reserve10,joint_gradual,physical,3,9,23,0.05436133415799649,0.8695652173913043,23
reserve10,joint_gradual,physical,3,10,23,0.05302638476464712,0.9130434782608695,23
reserve10,joint_gradual,physical,3,11,23,0.056488526240259455,0.8260869565217391,23
reserve10,joint_gradual,physical,3,12,23,0.06364212253612958,0.782608695652174,23
reserve10,joint_gradual,physical,3,13,24,0.05776977515459233,0.8333333333333334,24
reserve10,joint_gradual,physical,3,14,21,0.07281675151531423,0.8095238095238095,21
reserve10,joint_gradual,physical,3,15,24,0.05963753834710548,0.8333333333333334,24
reserve10,joint_gradual,physical,3,16,25,0.06119112571572512,0.8,25
reserve10,joint_gradual,physical,3,17,24,0.07144744162616258,0.8333333333333334,24
reserve10,joint_gradual,physical,3,18,25,0.06612207064609066,0.88,25
reserve10,joint_gradual,physical,3,19,27,0.054865962400089965,0.8518518518518519,27
reserve10,joint_gradual,physical,3,20,27,0.05309676089886533,0.8888888888888888,27
reserve10,joint_gradual,physical,3,21,23,0.060407752246058995,0.8695652173913043,23
reserve10,joint_gradual,physical,3,22,23,0.07087486140886338,0.9130434782608695,23
reserve10,joint_gradual,physical,3,23,25,0.05315518547694199,0.84,25
reserve10,joint_gradual,physical,4,0,22,0.046031167224672334,1.0,22
reserve10,joint_gradual,physical,4,1,22,0.051164449280656374,1.0,22
reserve10,joint_gradual,physical,4,2,20,0.05033208225056779,1.0,20
reserve10,joint_gradual,physical,4,3,17,0.05997519235721747,1.0,17
reserve10,joint_gradual,physical,4,4,19,0.061799860900880126,1.0,19
reserve10,joint_gradual,physical,4,5,20,0.06255345706278345,0.9,20
reserve10,joint_gradual,physical,4,6,23,0.058294710471507784,0.9130434782608695,23
reserve10,joint_gradual,physical,4,7,21,0.07031251534535117,0.8571428571428571,21
reserve10,joint_gradual,physical,4,8,23,0.061822622770722216,0.8695652173913043,23
reserve10,joint_gradual,physical,4,9,23,0.05600581272343718,0.9130434782608695,23
reserve10,joint_gradual,physical,4,10,23,0.055437234327572665,0.8260869565217391,23
reserve10,joint_gradual,physical,4,11,23,0.06560533707100387,0.8260869565217391,23
reserve10,joint_gradual,physical,4,12,24,0.060147525047658586,0.875,24
reserve10,joint_gradual,physical,4,13,21,0.08111672361005873,0.8095238095238095,21
reserve10,joint_gradual,physical,4,14,24,0.06388751012731798,0.8333333333333334,24
reserve10,joint_gradual,physical,4,15,25,0.06801315612536266,0.8,25
reserve10,joint_gradual,physical,4,16,24,0.0784060492242481,0.7916666666666666,24
reserve10,joint_gradual,physical,4,17,25,0.06948377570345776,0.88,25
reserve10,joint_gradual,physical,4,18,27,0.05705943226753286,0.8888888888888888,27
reserve10,joint_gradual,physical,4,19,27,0.05369548416423222,0.8888888888888888,27
reserve10,joint_gradual,physical,4,20,23,0.06273321308603251,0.9130434782608695,23
reserve10,joint_gradual,physical,4,21,23,0.07100541127502798,0.8260869565217391,23
reserve10,joint_gradual,physical,4,22,25,0.0554748660157017,0.88,25
reserve10,joint_gradual,physical,4,23,25,0.04649519648587633,0.96,25
reserve10,joint_gradual,physical_availability,1,0,22,0.04817677398955278,0.9545454545454546,22
reserve10,joint_gradual,physical_availability,1,1,24,0.03875528040150549,0.9583333333333334,24
reserve10,joint_gradual,physical_availability,1,2,25,0.041509977197421666,0.92,25
reserve10,joint_gradual,physical_availability,1,3,22,0.026620052499164607,0.9545454545454546,22
reserve10,joint_gradual,physical_availability,1,4,22,0.029604723428401057,1.0,22
reserve10,joint_gradual,physical_availability,1,5,20,0.03502729588254232,0.95,20
reserve10,joint_gradual,physical_availability,1,6,17,0.037059600491934075,1.0,17
reserve10,joint_gradual,physical_availability,1,7,19,0.03602717575235137,0.9473684210526315,19
reserve10,joint_gradual,physical_availability,1,8,20,0.04408150673497274,0.95,20
reserve10,joint_gradual,physical_availability,1,9,23,0.039775109650052716,0.9130434782608695,23
reserve10,joint_gradual,physical_availability,1,10,21,0.035483538840874844,0.9523809523809523,21
reserve10,joint_gradual,physical_availability,1,11,23,0.03734450675847808,0.8695652173913043,23
reserve10,joint_gradual,physical_availability,1,12,23,0.038197949877573814,0.8695652173913043,23
reserve10,joint_gradual,physical_availability,1,13,23,0.03483118758496091,0.7391304347826086,23
reserve10,joint_gradual,physical_availability,1,14,23,0.03842462466922354,0.8695652173913043,23
reserve10,joint_gradual,physical_availability,1,15,24,0.030264553992111597,0.875,24
reserve10,joint_gradual,physical_availability,1,16,21,0.04004541801841111,0.9047619047619048,21
reserve10,joint_gradual,physical_availability,1,17,24,0.027912334624137992,1.0,24
reserve10,joint_gradual,physical_availability,1,18,25,0.03731757230087319,0.92,25
reserve10,joint_gradual,physical_availability,1,19,24,0.04186735097821748,0.875,24
reserve10,joint_gradual,physical_availability,1,20,25,0.044133194792814585,0.88,25
reserve10,joint_gradual,physical_availability,1,21,27,0.02662162869919392,0.9629629629629629,27
reserve10,joint_gradual,physical_availability,1,22,27,0.03884825713971602,0.9259259259259259,27
reserve10,joint_gradual,physical_availability,1,23,23,0.04566781002670176,0.8260869565217391,23
reserve10,joint_gradual,physical_availability,2,0,24,0.0482045611075678,1.0,24
reserve10,joint_gradual,physical_availability,2,1,25,0.04317440031447143,1.0,25
reserve10,joint_gradual,physical_availability,2,2,22,0.048047093831494664,0.9090909090909091,22
reserve10,joint_gradual,physical_availability,2,3,22,0.04060072495182181,1.0,22
reserve10,joint_gradual,physical_availability,2,4,20,0.03860906219380143,0.95,20
reserve10,joint_gradual,physical_availability,2,5,17,0.06017078966415566,1.0,17
reserve10,joint_gradual,physical_availability,2,6,19,0.04574289641197605,1.0,19
reserve10,joint_gradual,physical_availability,2,7,20,0.053845633785845504,0.95,20
reserve10,joint_gradual,physical_availability,2,8,23,0.05578823609071295,0.9130434782608695,23
reserve10,joint_gradual,physical_availability,2,9,21,0.05349243920992798,0.9523809523809523,21
reserve10,joint_gradual,physical_availability,2,10,23,0.050589102561914026,0.9565217391304348,23
reserve10,joint_gradual,physical_availability,2,11,23,0.05002434955714164,0.9565217391304348,23
reserve10,joint_gradual,physical_availability,2,12,23,0.04825618994723458,0.8260869565217391,23
reserve10,joint_gradual,physical_availability,2,13,23,0.055142833903030014,0.782608695652174,23
reserve10,joint_gradual,physical_availability,2,14,24,0.05173113834602187,0.875,24
reserve10,joint_gradual,physical_availability,2,15,21,0.06347435796091119,0.8571428571428571,21
reserve10,joint_gradual,physical_availability,2,16,24,0.05042795279680511,0.7916666666666666,24
reserve10,joint_gradual,physical_availability,2,17,25,0.04922962567172234,0.92,25
reserve10,joint_gradual,physical_availability,2,18,24,0.06177538527114607,0.7916666666666666,24
reserve10,joint_gradual,physical_availability,2,19,25,0.056546316712561086,0.92,25
reserve10,joint_gradual,physical_availability,2,20,27,0.049475688601461794,0.8888888888888888,27
reserve10,joint_gradual,physical_availability,2,21,27,0.043118581210971965,0.9259259259259259,27
reserve10,joint_gradual,physical_availability,2,22,23,0.06287242027250338,0.9130434782608695,23
reserve10,joint_gradual,physical_availability,2,23,23,0.06582636844617946,0.8695652173913043,23
reserve10,joint_gradual,physical_availability,3,0,25,0.046070930573761604,1.0,25
reserve10,joint_gradual,physical_availability,3,1,22,0.049892927620863704,1.0,22
reserve10,joint_gradual,physical_availability,3,2,22,0.049366746703706825,0.9545454545454546,22
reserve10,joint_gradual,physical_availability,3,3,20,0.04276943819374109,0.95,20
reserve10,joint_gradual,physical_availability,3,4,17,0.05845651441365855,1.0,17
reserve10,joint_gradual,physical_availability,3,5,19,0.057489072569402645,0.9473684210526315,19
reserve10,joint_gradual,physical_availability,3,6,20,0.05855772394141347,0.9,20
reserve10,joint_gradual,physical_availability,3,7,23,0.058420027669308594,0.9130434782608695,23
reserve10,joint_gradual,physical_availability,3,8,21,0.06760164857786378,0.9523809523809523,21
reserve10,joint_gradual,physical_availability,3,9,23,0.05436150363528439,0.8695652173913043,23
reserve10,joint_gradual,physical_availability,3,10,23,0.052882730887420196,0.9130434782608695,23
reserve10,joint_gradual,physical_availability,3,11,23,0.05634273456758774,0.8260869565217391,23
reserve10,joint_gradual,physical_availability,3,12,23,0.0634921979908535,0.782608695652174,23
reserve10,joint_gradual,physical_availability,3,13,24,0.05789274399916256,0.8333333333333334,24
reserve10,joint_gradual,physical_availability,3,14,21,0.07273142281593531,0.8095238095238095,21
reserve10,joint_gradual,physical_availability,3,15,24,0.05973971802579694,0.8333333333333334,24
reserve10,joint_gradual,physical_availability,3,16,25,0.06088056489200225,0.8,25
reserve10,joint_gradual,physical_availability,3,17,24,0.07137582619129927,0.8333333333333334,24
reserve10,joint_gradual,physical_availability,3,18,25,0.06642329982297253,0.92,25
reserve10,joint_gradual,physical_availability,3,19,27,0.05537401713731792,0.8888888888888888,27
reserve10,joint_gradual,physical_availability,3,20,27,0.05306862599911483,0.8518518518518519,27
reserve10,joint_gradual,physical_availability,3,21,23,0.060324340651562246,0.8695652173913043,23
reserve10,joint_gradual,physical_availability,3,22,23,0.07105546061668662,0.8695652173913043,23
reserve10,joint_gradual,physical_availability,3,23,25,0.053107386360606024,0.84,25
reserve10,joint_gradual,physical_availability,4,0,22,0.04604388027412807,1.0,22
reserve10,joint_gradual,physical_availability,4,1,22,0.05131836513129246,1.0,22
reserve10,joint_gradual,physical_availability,4,2,20,0.05054002185257791,1.0,20
reserve10,joint_gradual,physical_availability,4,3,17,0.05993151303106286,1.0,17
reserve10,joint_gradual,physical_availability,4,4,19,0.061647323942134444,1.0,19
reserve10,joint_gradual,physical_availability,4,5,20,0.06236810206629133,0.9,20
reserve10,joint_gradual,physical_availability,4,6,23,0.05845018671017751,0.9130434782608695,23
reserve10,joint_gradual,physical_availability,4,7,21,0.07014311707797531,0.8571428571428571,21
reserve10,joint_gradual,physical_availability,4,8,23,0.061747587939645306,0.8695652173913043,23
reserve10,joint_gradual,physical_availability,4,9,23,0.055951360129921024,0.9130434782608695,23
reserve10,joint_gradual,physical_availability,4,10,23,0.055468475135906276,0.8695652173913043,23
reserve10,joint_gradual,physical_availability,4,11,23,0.06563978528821371,0.8260869565217391,23
reserve10,joint_gradual,physical_availability,4,12,24,0.060018990600064936,0.875,24
reserve10,joint_gradual,physical_availability,4,13,21,0.08091264611647776,0.8095238095238095,21
reserve10,joint_gradual,physical_availability,4,14,24,0.06381209764629002,0.8333333333333334,24
reserve10,joint_gradual,physical_availability,4,15,25,0.06784768004614747,0.8,25
reserve10,joint_gradual,physical_availability,4,16,24,0.07832665117998135,0.7916666666666666,24
reserve10,joint_gradual,physical_availability,4,17,25,0.06981464552748355,0.88,25
reserve10,joint_gradual,physical_availability,4,18,27,0.05747994896084454,0.8518518518518519,27
reserve10,joint_gradual,physical_availability,4,19,27,0.05376566905427954,0.8888888888888888,27
reserve10,joint_gradual,physical_availability,4,20,23,0.06294116334631945,0.9130434782608695,23
reserve10,joint_gradual,physical_availability,4,21,23,0.07090747160537678,0.8260869565217391,23
reserve10,joint_gradual,physical_availability,4,22,25,0.055580106561927266,0.88,25
reserve10,joint_gradual,physical_availability,4,23,25,0.04641897632874155,0.96,25
reserve10,joint_gradual,physical_recovery,1,0,22,0.0482601040214874,0.9090909090909091,22
reserve10,joint_gradual,physical_recovery,1,1,24,0.03862255612545522,0.9583333333333334,24
reserve10,joint_gradual,physical_recovery,1,2,25,0.0413110918562764,0.88,25
reserve10,joint_gradual,physical_recovery,1,3,22,0.026425984374326347,0.9545454545454546,22
reserve10,joint_gradual,physical_recovery,1,4,22,0.029585956554287255,1.0,22
reserve10,joint_gradual,physical_recovery,1,5,20,0.035032237992756905,0.95,20
reserve10,joint_gradual,physical_recovery,1,6,17,0.03687722801352584,1.0,17
reserve10,joint_gradual,physical_recovery,1,7,19,0.0359579657881418,0.9473684210526315,19
reserve10,joint_gradual,physical_recovery,1,8,20,0.04416929855993879,0.95,20
reserve10,joint_gradual,physical_recovery,1,9,23,0.039886003083943015,0.9130434782608695,23
reserve10,joint_gradual,physical_recovery,1,10,21,0.03542180789638576,0.9523809523809523,21
reserve10,joint_gradual,physical_recovery,1,11,23,0.0374040638486457,0.8260869565217391,23
reserve10,joint_gradual,physical_recovery,1,12,23,0.03828534779211192,0.8695652173913043,23
reserve10,joint_gradual,physical_recovery,1,13,23,0.03485897329763335,0.7391304347826086,23
reserve10,joint_gradual,physical_recovery,1,14,23,0.03834621025932923,0.8695652173913043,23
reserve10,joint_gradual,physical_recovery,1,15,24,0.030193392418194284,0.875,24
reserve10,joint_gradual,physical_recovery,1,16,21,0.03998706994801877,0.9047619047619048,21
reserve10,joint_gradual,physical_recovery,1,17,24,0.027911377410202106,1.0,24
reserve10,joint_gradual,physical_recovery,1,18,25,0.03736431166571791,0.92,25
reserve10,joint_gradual,physical_recovery,1,19,24,0.04210904177245839,0.875,24
reserve10,joint_gradual,physical_recovery,1,20,25,0.04407434310629682,0.88,25
reserve10,joint_gradual,physical_recovery,1,21,27,0.026647427045973886,0.9629629629629629,27
reserve10,joint_gradual,physical_recovery,1,22,27,0.038880331048079246,0.9259259259259259,27
reserve10,joint_gradual,physical_recovery,1,23,23,0.045689664862439756,0.8695652173913043,23
reserve10,joint_gradual,physical_recovery,2,0,24,0.04831990734256633,1.0,24
reserve10,joint_gradual,physical_recovery,2,1,25,0.043043924297320686,1.0,25
reserve10,joint_gradual,physical_recovery,2,2,22,0.04785454020534873,0.9090909090909091,22
reserve10,joint_gradual,physical_recovery,2,3,22,0.040466338191347845,1.0,22
reserve10,joint_gradual,physical_recovery,2,4,20,0.038190358283252235,0.95,20
reserve10,joint_gradual,physical_recovery,2,5,17,0.05999735973073329,1.0,17
reserve10,joint_gradual,physical_recovery,2,6,19,0.04566514149739674,1.0,19
reserve10,joint_gradual,physical_recovery,2,7,20,0.054157614221079745,0.95,20
reserve10,joint_gradual,physical_recovery,2,8,23,0.05595991165212413,0.9130434782608695,23
reserve10,joint_gradual,physical_recovery,2,9,21,0.05339593898085212,0.9523809523809523,21
reserve10,joint_gradual,physical_recovery,2,10,23,0.05062046949630099,0.9565217391304348,23
reserve10,joint_gradual,physical_recovery,2,11,23,0.04997053795052136,0.9565217391304348,23
reserve10,joint_gradual,physical_recovery,2,12,23,0.04824447870781869,0.9130434782608695,23
reserve10,joint_gradual,physical_recovery,2,13,23,0.05525963320683652,0.782608695652174,23
reserve10,joint_gradual,physical_recovery,2,14,24,0.05182888389493484,0.875,24
reserve10,joint_gradual,physical_recovery,2,15,21,0.06356951677870387,0.8571428571428571,21
reserve10,joint_gradual,physical_recovery,2,16,24,0.05043299064652313,0.7916666666666666,24
reserve10,joint_gradual,physical_recovery,2,17,25,0.04928559402261751,0.96,25
reserve10,joint_gradual,physical_recovery,2,18,24,0.06181205281525287,0.7916666666666666,24
reserve10,joint_gradual,physical_recovery,2,19,25,0.05660029120919562,0.92,25
reserve10,joint_gradual,physical_recovery,2,20,27,0.04946483413389302,0.8888888888888888,27
reserve10,joint_gradual,physical_recovery,2,21,27,0.043135453715781744,0.9259259259259259,27
reserve10,joint_gradual,physical_recovery,2,22,23,0.0628906507611804,0.9130434782608695,23
reserve10,joint_gradual,physical_recovery,2,23,23,0.06584680650821251,0.8695652173913043,23
reserve10,joint_gradual,physical_recovery,3,0,25,0.04582329638190893,1.0,25
reserve10,joint_gradual,physical_recovery,3,1,22,0.04987181876430286,1.0,22
reserve10,joint_gradual,physical_recovery,3,2,22,0.048974266133795956,0.9545454545454546,22
reserve10,joint_gradual,physical_recovery,3,3,20,0.0425379538556688,0.95,20
reserve10,joint_gradual,physical_recovery,3,4,17,0.058254404249613256,1.0,17
reserve10,joint_gradual,physical_recovery,3,5,19,0.05752276472818741,0.9473684210526315,19
reserve10,joint_gradual,physical_recovery,3,6,20,0.05876433924268104,0.9,20
reserve10,joint_gradual,physical_recovery,3,7,23,0.05889369401667181,0.9130434782608695,23
reserve10,joint_gradual,physical_recovery,3,8,21,0.06811570474851465,0.9523809523809523,21
reserve10,joint_gradual,physical_recovery,3,9,23,0.054815111126091005,0.8695652173913043,23
reserve10,joint_gradual,physical_recovery,3,10,23,0.05315261072071317,0.9130434782608695,23
reserve10,joint_gradual,physical_recovery,3,11,23,0.056126341443238824,0.8260869565217391,23
reserve10,joint_gradual,physical_recovery,3,12,23,0.06325773156219662,0.782608695652174,23
reserve10,joint_gradual,physical_recovery,3,13,24,0.057905842998652556,0.8333333333333334,24
reserve10,joint_gradual,physical_recovery,3,14,21,0.07282158977884268,0.8095238095238095,21
reserve10,joint_gradual,physical_recovery,3,15,24,0.059749270305892714,0.8333333333333334,24
reserve10,joint_gradual,physical_recovery,3,16,25,0.06103607726511866,0.8,25
reserve10,joint_gradual,physical_recovery,3,17,24,0.07157924521423,0.8333333333333334,24
reserve10,joint_gradual,physical_recovery,3,18,25,0.06632709770812137,0.92,25
reserve10,joint_gradual,physical_recovery,3,19,27,0.05538136420694798,0.8888888888888888,27
reserve10,joint_gradual,physical_recovery,3,20,27,0.05293270973632417,0.8518518518518519,27
reserve10,joint_gradual,physical_recovery,3,21,23,0.0603247563405675,0.8695652173913043,23
reserve10,joint_gradual,physical_recovery,3,22,23,0.0710257719636529,0.8695652173913043,23
reserve10,joint_gradual,physical_recovery,3,23,25,0.05305261580218794,0.84,25
reserve10,joint_gradual,physical_recovery,4,0,22,0.04578862301322173,1.0,22
reserve10,joint_gradual,physical_recovery,4,1,22,0.05089170918984762,1.0,22
reserve10,joint_gradual,physical_recovery,4,2,20,0.050061087037961936,1.0,20
reserve10,joint_gradual,physical_recovery,4,3,17,0.05990953647165103,1.0,17
reserve10,joint_gradual,physical_recovery,4,4,19,0.061534312969295006,1.0,19
reserve10,joint_gradual,physical_recovery,4,5,20,0.06289358291556618,0.9,20
reserve10,joint_gradual,physical_recovery,4,6,23,0.05894870209706922,0.9130434782608695,23
reserve10,joint_gradual,physical_recovery,4,7,21,0.07084204654580048,0.8571428571428571,21
reserve10,joint_gradual,physical_recovery,4,8,23,0.0625558726775407,0.8695652173913043,23
reserve10,joint_gradual,physical_recovery,4,9,23,0.05643624227740753,0.9130434782608695,23
reserve10,joint_gradual,physical_recovery,4,10,23,0.055590336704398065,0.8260869565217391,23
reserve10,joint_gradual,physical_recovery,4,11,23,0.06555011332742644,0.782608695652174,23
reserve10,joint_gradual,physical_recovery,4,12,24,0.05997666956408459,0.8333333333333334,24
reserve10,joint_gradual,physical_recovery,4,13,21,0.08107992640221846,0.8095238095238095,21
reserve10,joint_gradual,physical_recovery,4,14,24,0.06383417745302414,0.8333333333333334,24
reserve10,joint_gradual,physical_recovery,4,15,25,0.06813666892137778,0.8,25
reserve10,joint_gradual,physical_recovery,4,16,24,0.07852966423306043,0.7916666666666666,24
reserve10,joint_gradual,physical_recovery,4,17,25,0.06987834245914121,0.88,25
reserve10,joint_gradual,physical_recovery,4,18,27,0.05737630971571989,0.8518518518518519,27
reserve10,joint_gradual,physical_recovery,4,19,27,0.05365445202917406,0.8888888888888888,27
reserve10,joint_gradual,physical_recovery,4,20,23,0.06293514818144996,0.9130434782608695,23
reserve10,joint_gradual,physical_recovery,4,21,23,0.07087181140857571,0.8260869565217391,23
reserve10,joint_gradual,physical_recovery,4,22,25,0.05563318588986903,0.88,25
reserve10,joint_gradual,physical_recovery,4,23,25,0.04645229855803779,0.96,25
reserve10,joint_gradual,previous_day,1,0,22,0.11485004220079623,0.8636363636363636,22
reserve10,joint_gradual,previous_day,1,1,24,0.10164339782606113,0.8333333333333334,24
reserve10,joint_gradual,previous_day,1,2,25,0.06158620831652211,0.92,25
reserve10,joint_gradual,previous_day,1,3,22,0.060636821887576346,0.9545454545454546,22
reserve10,joint_gradual,previous_day,1,4,22,0.06765177776377937,0.9090909090909091,22
reserve10,joint_gradual,previous_day,1,5,20,0.08421418638556546,0.9,20
reserve10,joint_gradual,previous_day,1,6,17,0.07931045802746722,0.9411764705882353,17
reserve10,joint_gradual,previous_day,1,7,19,0.07275028114141939,1.0,19
reserve10,joint_gradual,previous_day,1,8,20,0.10859215836256378,0.85,20
reserve10,joint_gradual,previous_day,1,9,23,0.11933918342692622,0.782608695652174,23
reserve10,joint_gradual,previous_day,1,10,21,0.13354706831787538,0.8095238095238095,21
reserve10,joint_gradual,previous_day,1,11,23,0.1009652564531481,0.8695652173913043,23
reserve10,joint_gradual,previous_day,1,12,23,0.06789393215439218,0.9565217391304348,23
reserve10,joint_gradual,previous_day,1,13,23,0.09561715786281796,0.8260869565217391,23
reserve10,joint_gradual,previous_day,1,14,23,0.12437140596500203,0.782608695652174,23
reserve10,joint_gradual,previous_day,1,15,24,0.09982907211380827,0.8333333333333334,24
reserve10,joint_gradual,previous_day,1,16,21,0.12070648446022128,0.8571428571428571,21
reserve10,joint_gradual,previous_day,1,17,24,0.09843622837454384,0.8333333333333334,24
reserve10,joint_gradual,previous_day,1,18,25,0.10493727108651361,0.92,25
reserve10,joint_gradual,previous_day,1,19,24,0.1499379692073324,0.75,24
reserve10,joint_gradual,previous_day,1,20,25,0.11901883006394133,0.88,25
reserve10,joint_gradual,previous_day,1,21,27,0.09871788413128307,0.9259259259259259,27
reserve10,joint_gradual,previous_day,1,22,27,0.1086891351635015,0.8518518518518519,27
reserve10,joint_gradual,previous_day,1,23,23,0.1468973246919458,0.782608695652174,23
reserve10,joint_gradual,previous_day,2,0,24,0.10024816425409226,0.8333333333333334,24
reserve10,joint_gradual,previous_day,2,1,25,0.06116758583792517,0.92,25
reserve10,joint_gradual,previous_day,2,2,22,0.06120817800046865,1.0,22
reserve10,joint_gradual,previous_day,2,3,22,0.0678200677709976,0.9090909090909091,22
reserve10,joint_gradual,previous_day,2,4,20,0.08338120453018708,0.95,20
reserve10,joint_gradual,previous_day,2,5,17,0.0794813115566539,0.9411764705882353,17
reserve10,joint_gradual,previous_day,2,6,19,0.07344441257286631,1.0,19
reserve10,joint_gradual,previous_day,2,7,20,0.10790499815773809,0.85,20
reserve10,joint_gradual,previous_day,2,8,23,0.11829739311691254,0.782608695652174,23
reserve10,joint_gradual,previous_day,2,9,21,0.132541627562004,0.8095238095238095,21
reserve10,joint_gradual,previous_day,2,10,23,0.09991391571072722,0.9130434782608695,23
reserve10,joint_gradual,previous_day,2,11,23,0.06840602599970423,0.9565217391304348,23
reserve10,joint_gradual,previous_day,2,12,23,0.09545146112013826,0.8260869565217391,23
reserve10,joint_gradual,previous_day,2,13,23,0.12388319219408551,0.782608695652174,23
reserve10,joint_gradual,previous_day,2,14,24,0.09946609912439325,0.8333333333333334,24
reserve10,joint_gradual,previous_day,2,15,21,0.12030957744429764,0.8571428571428571,21
reserve10,joint_gradual,previous_day,2,16,24,0.09846197919051604,0.8333333333333334,24
reserve10,joint_gradual,previous_day,2,17,25,0.10437319056802721,0.92,25
reserve10,joint_gradual,previous_day,2,18,24,0.14718421792990893,0.7916666666666666,24
reserve10,joint_gradual,previous_day,2,19,25,0.11785176869364371,0.88,25
reserve10,joint_gradual,previous_day,2,20,27,0.09776534090620276,0.9259259259259259,27
reserve10,joint_gradual,previous_day,2,21,27,0.10771102376645565,0.8888888888888888,27
reserve10,joint_gradual,previous_day,2,22,23,0.14492694504270184,0.782608695652174,23
reserve10,joint_gradual,previous_day,2,23,23,0.14422516137378458,0.8260869565217391,23
reserve10,joint_gradual,previous_day,3,0,25,0.055541666992091836,0.96,25
reserve10,joint_gradual,previous_day,3,1,22,0.061769907127106526,1.0,22
reserve10,joint_gradual,previous_day,3,2,22,0.0676920599379638,0.9545454545454546,22
reserve10,joint_gradual,previous_day,3,3,20,0.08278392230782312,0.95,20
reserve10,joint_gradual,previous_day,3,4,17,0.07960190957920668,0.9411764705882353,17
reserve10,joint_gradual,previous_day,3,5,19,0.07448067850675796,1.0,19
reserve10,joint_gradual,previous_day,3,6,20,0.10682652893909439,0.9,20
reserve10,joint_gradual,previous_day,3,7,23,0.11691190301066623,0.782608695652174,23
reserve10,joint_gradual,previous_day,3,8,21,0.13123385745464855,0.8095238095238095,21
reserve10,joint_gradual,previous_day,3,9,23,0.09876766535714285,0.9130434782608695,23
reserve10,joint_gradual,previous_day,3,10,23,0.0690767488144225,0.9565217391304348,23
reserve10,joint_gradual,previous_day,3,11,23,0.09558520094665039,0.9130434782608695,23
reserve10,joint_gradual,previous_day,3,12,23,0.12366250744445059,0.782608695652174,23
reserve10,joint_gradual,previous_day,3,13,24,0.09905724386479592,0.8333333333333334,24
reserve10,joint_gradual,previous_day,3,14,21,0.12020484309908486,0.9047619047619048,21
reserve10,joint_gradual,previous_day,3,15,24,0.09848200081880669,0.8333333333333334,24
reserve10,joint_gradual,previous_day,3,16,25,0.10470380374226192,0.92,25
reserve10,joint_gradual,previous_day,3,17,24,0.1459663507212833,0.7916666666666666,24
reserve10,joint_gradual,previous_day,3,18,25,0.11753177390569727,0.88,25
reserve10,joint_gradual,previous_day,3,19,27,0.09738344377015622,0.9259259259259259,27
reserve10,joint_gradual,previous_day,3,20,27,0.10732353967576845,0.8888888888888888,27
reserve10,joint_gradual,previous_day,3,21,23,0.14343596269733436,0.8695652173913043,23
reserve10,joint_gradual,previous_day,3,22,23,0.1438386398636683,0.8260869565217391,23
reserve10,joint_gradual,previous_day,3,23,25,0.09481319127040816,0.88,25
reserve10,joint_gradual,previous_day,4,0,22,0.06206411436253479,1.0,22
reserve10,joint_gradual,previous_day,4,1,22,0.06780591458207715,0.9545454545454546,22
reserve10,joint_gradual,previous_day,4,2,20,0.0823161644870323,1.0,20
reserve10,joint_gradual,previous_day,4,3,17,0.07974886749699879,0.9411764705882353,17
reserve10,joint_gradual,previous_day,4,4,19,0.07509183449773989,1.0,19
reserve10,joint_gradual,previous_day,4,5,20,0.10618844213520409,0.9,20
reserve10,joint_gradual,previous_day,4,6,23,0.1162001280066918,0.782608695652174,23
reserve10,joint_gradual,previous_day,4,7,21,0.1307674619871639,0.8095238095238095,21
reserve10,joint_gradual,previous_day,4,8,23,0.09809231945522774,0.9130434782608695,23
reserve10,joint_gradual,previous_day,4,9,23,0.06954242765417037,0.9565217391304348,23
reserve10,joint_gradual,previous_day,4,10,23,0.09595218167396849,0.9130434782608695,23
reserve10,joint_gradual,previous_day,4,11,23,0.12384161814339321,0.782608695652174,23
reserve10,joint_gradual,previous_day,4,12,24,0.09892915942327452,0.8333333333333334,24
reserve10,joint_gradual,previous_day,4,13,21,0.12036109875253077,0.9047619047619048,21
reserve10,joint_gradual,previous_day,4,14,24,0.09868686699192177,0.8333333333333334,24
reserve10,joint_gradual,previous_day,4,15,25,0.10496448113265305,0.92,25
reserve10,joint_gradual,previous_day,4,16,24,0.1453863058550347,0.7916666666666666,24
reserve10,joint_gradual,previous_day,4,17,25,0.11749681972517007,0.88,25
reserve10,joint_gradual,previous_day,4,18,27,0.0973540059435626,0.9629629629629629,27
reserve10,joint_gradual,previous_day,4,19,27,0.10707656461388258,0.8888888888888888,27
reserve10,joint_gradual,previous_day,4,20,23,0.14286388311363132,0.8695652173913043,23
reserve10,joint_gradual,previous_day,4,21,23,0.14376529775981586,0.8260869565217391,23
reserve10,joint_gradual,previous_day,4,22,25,0.09173552932083333,0.88,25
reserve10,joint_gradual,previous_day,4,23,25,0.06477414860442175,0.96,25
reserve10,joint_gradual,raw,1,0,22,0.04804239176330676,0.9090909090909091,22
reserve10,joint_gradual,raw,1,1,24,0.03836905961363087,0.875,24
reserve10,joint_gradual,raw,1,2,25,0.041599420473120576,0.88,25
reserve10,joint_gradual,raw,1,3,22,0.025987703499513938,0.9545454545454546,22
reserve10,joint_gradual,raw,1,4,22,0.029044664361979822,0.9545454545454546,22
reserve10,joint_gradual,raw,1,5,20,0.03504758880366088,0.95,20
reserve10,joint_gradual,raw,1,6,17,0.03726099470814462,0.9411764705882353,17
reserve10,joint_gradual,raw,1,7,19,0.035578479836152734,0.9473684210526315,19
reserve10,joint_gradual,raw,1,8,20,0.044583362932960516,0.95,20
reserve10,joint_gradual,raw,1,9,23,0.040131818605830726,0.9130434782608695,23
reserve10,joint_gradual,raw,1,10,21,0.03500872022508125,0.9523809523809523,21
reserve10,joint_gradual,raw,1,11,23,0.0383486463025318,0.8695652173913043,23
reserve10,joint_gradual,raw,1,12,23,0.03879191136411209,0.8260869565217391,23
reserve10,joint_gradual,raw,1,13,23,0.03551504321551406,0.7391304347826086,23
reserve10,joint_gradual,raw,1,14,23,0.03879599800783839,0.782608695652174,23
reserve10,joint_gradual,raw,1,15,24,0.03051588419437276,0.7916666666666666,24
reserve10,joint_gradual,raw,1,16,21,0.040963088336468514,0.8095238095238095,21
reserve10,joint_gradual,raw,1,17,24,0.028338635112972563,0.875,24
reserve10,joint_gradual,raw,1,18,25,0.03769055507983449,0.8,25
reserve10,joint_gradual,raw,1,19,24,0.04149650712672095,0.8333333333333334,24
reserve10,joint_gradual,raw,1,20,25,0.04449897689559559,0.76,25
reserve10,joint_gradual,raw,1,21,27,0.026325937498417253,0.9259259259259259,27
reserve10,joint_gradual,raw,1,22,27,0.03926774599146205,0.7777777777777778,27
reserve10,joint_gradual,raw,1,23,23,0.04616637170369358,0.782608695652174,23
reserve10,joint_gradual,raw,2,0,24,0.047803704712378305,0.9166666666666666,24
reserve10,joint_gradual,raw,2,1,25,0.04279243501032833,0.96,25
reserve10,joint_gradual,raw,2,2,22,0.04727460322032588,0.9090909090909091,22
reserve10,joint_gradual,raw,2,3,22,0.04004513552844793,0.9545454545454546,22
reserve10,joint_gradual,raw,2,4,20,0.03706173349930454,0.9,20
reserve10,joint_gradual,raw,2,5,17,0.06004512948999697,0.9411764705882353,17
reserve10,joint_gradual,raw,2,6,19,0.04575064319313549,0.9473684210526315,19
reserve10,joint_gradual,raw,2,7,20,0.05431730403062279,0.9,20
reserve10,joint_gradual,raw,2,8,23,0.05571489526797885,0.8260869565217391,23
reserve10,joint_gradual,raw,2,9,21,0.05335072045928352,0.9047619047619048,21
reserve10,joint_gradual,raw,2,10,23,0.051627019628921265,0.7391304347826086,23
reserve10,joint_gradual,raw,2,11,23,0.050341504133295786,0.782608695652174,23
reserve10,joint_gradual,raw,2,12,23,0.04942375579652625,0.7391304347826086,23
reserve10,joint_gradual,raw,2,13,23,0.05663633546411793,0.7391304347826086,23
reserve10,joint_gradual,raw,2,14,24,0.052324838076842746,0.7916666666666666,24
reserve10,joint_gradual,raw,2,15,21,0.06498732588939798,0.7142857142857143,21
reserve10,joint_gradual,raw,2,16,24,0.05149546203911956,0.75,24
reserve10,joint_gradual,raw,2,17,25,0.050804778416497234,0.72,25
reserve10,joint_gradual,raw,2,18,24,0.062321271530132005,0.75,24
reserve10,joint_gradual,raw,2,19,25,0.05605311696575459,0.84,25
reserve10,joint_gradual,raw,2,20,27,0.0498417089239483,0.8148148148148148,27
reserve10,joint_gradual,raw,2,21,27,0.043161733021374014,0.8888888888888888,27
reserve10,joint_gradual,raw,2,22,23,0.06373597166961163,0.782608695652174,23
reserve10,joint_gradual,raw,2,23,23,0.06704403824348469,0.7391304347826086,23
reserve10,joint_gradual,raw,3,0,25,0.04465457410293574,1.0,25
reserve10,joint_gradual,raw,3,1,22,0.04878363065817419,1.0,22
reserve10,joint_gradual,raw,3,2,22,0.04855316497376492,0.9090909090909091,22
reserve10,joint_gradual,raw,3,3,20,0.04125367288222274,0.85,20
reserve10,joint_gradual,raw,3,4,17,0.057833298507385174,0.9411764705882353,17
reserve10,joint_gradual,raw,3,5,19,0.05755845374438389,0.8947368421052632,19
reserve10,joint_gradual,raw,3,6,20,0.0598255354815995,0.75,20
reserve10,joint_gradual,raw,3,7,23,0.058265898979341084,0.8695652173913043,23
reserve10,joint_gradual,raw,3,8,21,0.06761604202693706,0.8571428571428571,21
reserve10,joint_gradual,raw,3,9,23,0.05525832504253712,0.782608695652174,23
reserve10,joint_gradual,raw,3,10,23,0.053914122911432064,0.782608695652174,23
reserve10,joint_gradual,raw,3,11,23,0.05730322977420097,0.782608695652174,23
reserve10,joint_gradual,raw,3,12,23,0.06514442453213197,0.7391304347826086,23
reserve10,joint_gradual,raw,3,13,24,0.058694813286698226,0.7916666666666666,24
reserve10,joint_gradual,raw,3,14,21,0.07471458045537234,0.7142857142857143,21
reserve10,joint_gradual,raw,3,15,24,0.06152674207798222,0.7083333333333334,24
reserve10,joint_gradual,raw,3,16,25,0.06314981743884816,0.72,25
reserve10,joint_gradual,raw,3,17,24,0.07223212919475736,0.7916666666666666,24
reserve10,joint_gradual,raw,3,18,25,0.064991908278566,0.84,25
reserve10,joint_gradual,raw,3,19,27,0.05540909620894888,0.8518518518518519,27
reserve10,joint_gradual,raw,3,20,27,0.05340931343890292,0.7777777777777778,27
reserve10,joint_gradual,raw,3,21,23,0.06122722629440554,0.7391304347826086,23
reserve10,joint_gradual,raw,3,22,23,0.07327777212358651,0.7391304347826086,23
reserve10,joint_gradual,raw,3,23,25,0.054618544317914505,0.72,25
reserve10,joint_gradual,raw,4,0,22,0.044845063332907394,1.0,22
reserve10,joint_gradual,raw,4,1,22,0.04909906488319515,0.9545454545454546,22
reserve10,joint_gradual,raw,4,2,20,0.048543261006759195,1.0,20
reserve10,joint_gradual,raw,4,3,17,0.0588687513175223,1.0,17
reserve10,joint_gradual,raw,4,4,19,0.0618483526914571,0.8947368421052632,19
reserve10,joint_gradual,raw,4,5,20,0.06438087964648517,0.7,20
reserve10,joint_gradual,raw,4,6,23,0.058225683229026305,0.8260869565217391,23
reserve10,joint_gradual,raw,4,7,21,0.06996390337570493,0.8095238095238095,21
reserve10,joint_gradual,raw,4,8,23,0.06229978753182363,0.782608695652174,23
reserve10,joint_gradual,raw,4,9,23,0.057939791247155537,0.782608695652174,23
reserve10,joint_gradual,raw,4,10,23,0.057226943238457235,0.7391304347826086,23
reserve10,joint_gradual,raw,4,11,23,0.06702996688856752,0.6956521739130435,23
reserve10,joint_gradual,raw,4,12,24,0.061043194560676146,0.75,24
reserve10,joint_gradual,raw,4,13,21,0.08284951152997692,0.7619047619047619,21
reserve10,joint_gradual,raw,4,14,24,0.06546956395641766,0.7083333333333334,24
reserve10,joint_gradual,raw,4,15,25,0.06965185508754707,0.76,25
reserve10,joint_gradual,raw,4,16,24,0.07911318003570506,0.75,24
reserve10,joint_gradual,raw,4,17,25,0.06849185858368984,0.8,25
reserve10,joint_gradual,raw,4,18,27,0.057598284806152165,0.8518518518518519,27
reserve10,joint_gradual,raw,4,19,27,0.053938955881156526,0.8148148148148148,27
reserve10,joint_gradual,raw,4,20,23,0.06254250019996929,0.8260869565217391,23
reserve10,joint_gradual,raw,4,21,23,0.0729074274659791,0.7391304347826086,23
reserve10,joint_gradual,raw,4,22,25,0.05739361088719803,0.76,25
reserve10,joint_gradual,raw,4,23,25,0.047057842890878394,0.84,25
reserve10,joint_gradual,recency,1,0,22,0.048315282064068876,0.9090909090909091,22
reserve10,joint_gradual,recency,1,1,24,0.03869365611867003,0.9583333333333334,24
reserve10,joint_gradual,recency,1,2,25,0.04162534522718803,0.88,25
reserve10,joint_gradual,recency,1,3,22,0.026367141729020695,0.9545454545454546,22
reserve10,joint_gradual,recency,1,4,22,0.0293983708616684,1.0,22
reserve10,joint_gradual,recency,1,5,20,0.03475927291654835,0.95,20
reserve10,joint_gradual,recency,1,6,17,0.037148669349780866,1.0,17
reserve10,joint_gradual,recency,1,7,19,0.03597863126863505,0.9473684210526315,19
reserve10,joint_gradual,recency,1,8,20,0.04446004500645377,0.95,20
reserve10,joint_gradual,recency,1,9,23,0.04030982343576337,0.9130434782608695,23
reserve10,joint_gradual,recency,1,10,21,0.035414115166219805,0.9523809523809523,21
reserve10,joint_gradual,recency,1,11,23,0.037621637192883674,0.8695652173913043,23
reserve10,joint_gradual,recency,1,12,23,0.038396525399881816,0.8695652173913043,23
reserve10,joint_gradual,recency,1,13,23,0.03492504770033696,0.7391304347826086,23
reserve10,joint_gradual,recency,1,14,23,0.03836172641483754,0.8695652173913043,23
reserve10,joint_gradual,recency,1,15,24,0.030411769152406964,0.875,24
reserve10,joint_gradual,recency,1,16,21,0.04077440668453552,0.8095238095238095,21
reserve10,joint_gradual,recency,1,17,24,0.02793902089509503,0.9583333333333334,24
reserve10,joint_gradual,recency,1,18,25,0.037369144593418516,0.88,25
reserve10,joint_gradual,recency,1,19,24,0.041711738782016596,0.875,24
reserve10,joint_gradual,recency,1,20,25,0.044236945927481425,0.8,25
reserve10,joint_gradual,recency,1,21,27,0.02655724633433801,0.9259259259259259,27
reserve10,joint_gradual,recency,1,22,27,0.03882697140506859,0.8888888888888888,27
reserve10,joint_gradual,recency,1,23,23,0.045942975976021753,0.8260869565217391,23
reserve10,joint_gradual,recency,2,0,24,0.04814462094451507,1.0,24
reserve10,joint_gradual,recency,2,1,25,0.04298920893945222,1.0,25
reserve10,joint_gradual,recency,2,2,22,0.04781008337000401,0.9090909090909091,22
reserve10,joint_gradual,recency,2,3,22,0.0402845741521168,1.0,22
reserve10,joint_gradual,recency,2,4,20,0.03796374067153992,0.95,20
reserve10,joint_gradual,recency,2,5,17,0.060311576041871644,1.0,17
reserve10,joint_gradual,recency,2,6,19,0.04582199240070396,1.0,19
reserve10,joint_gradual,recency,2,7,20,0.054319430420723444,0.95,20
reserve10,joint_gradual,recency,2,8,23,0.05614417721740116,0.9130434782608695,23
reserve10,joint_gradual,recency,2,9,21,0.05377419595819136,0.9523809523809523,21
reserve10,joint_gradual,recency,2,10,23,0.0505806745737225,0.9565217391304348,23
reserve10,joint_gradual,recency,2,11,23,0.050068138556655935,0.9565217391304348,23
reserve10,joint_gradual,recency,2,12,23,0.04835315380122473,0.8260869565217391,23
reserve10,joint_gradual,recency,2,13,23,0.055118458875615825,0.782608695652174,23
reserve10,joint_gradual,recency,2,14,24,0.051685817356112655,0.875,24
reserve10,joint_gradual,recency,2,15,21,0.06380259749923603,0.8095238095238095,21
reserve10,joint_gradual,recency,2,16,24,0.05075998162368257,0.7916666666666666,24
reserve10,joint_gradual,recency,2,17,25,0.049920710789353034,0.92,25
reserve10,joint_gradual,recency,2,18,24,0.062103728958301,0.7916666666666666,24
reserve10,joint_gradual,recency,2,19,25,0.05610335515508146,0.88,25
reserve10,joint_gradual,recency,2,20,27,0.049379268566014364,0.8888888888888888,27
reserve10,joint_gradual,recency,2,21,27,0.04288234696909505,0.9259259259259259,27
reserve10,joint_gradual,recency,2,22,23,0.06311705065789527,0.8260869565217391,23
reserve10,joint_gradual,recency,2,23,23,0.06600839045483058,0.8260869565217391,23
reserve10,joint_gradual,recency,3,0,25,0.045765317500502424,1.0,25
reserve10,joint_gradual,recency,3,1,22,0.049761370435436374,1.0,22
reserve10,joint_gradual,recency,3,2,22,0.04893523699254675,0.9545454545454546,22
reserve10,joint_gradual,recency,3,3,20,0.04185842456336516,0.95,20
reserve10,joint_gradual,recency,3,4,17,0.05838174168168577,1.0,17
reserve10,joint_gradual,recency,3,5,19,0.05739181872622649,0.9473684210526315,19
reserve10,joint_gradual,recency,3,6,20,0.05858908236821725,0.9,20
reserve10,joint_gradual,recency,3,7,23,0.05882914829716381,0.9130434782608695,23
reserve10,joint_gradual,recency,3,8,21,0.06797090326084401,0.9047619047619048,21
reserve10,joint_gradual,recency,3,9,23,0.05482839869907756,0.8695652173913043,23
reserve10,joint_gradual,recency,3,10,23,0.053198113361196286,0.9130434782608695,23
reserve10,joint_gradual,recency,3,11,23,0.05644339188860285,0.8260869565217391,23
reserve10,joint_gradual,recency,3,12,23,0.06332924356418689,0.782608695652174,23
reserve10,joint_gradual,recency,3,13,24,0.05801976923533398,0.8333333333333334,24
reserve10,joint_gradual,recency,3,14,21,0.07301068813221291,0.8095238095238095,21
reserve10,joint_gradual,recency,3,15,24,0.05979537823459163,0.8333333333333334,24
reserve10,joint_gradual,recency,3,16,25,0.061517924208856135,0.8,25
reserve10,joint_gradual,recency,3,17,24,0.0712394901759736,0.8333333333333334,24
reserve10,joint_gradual,recency,3,18,25,0.06547927809891563,0.88,25
reserve10,joint_gradual,recency,3,19,27,0.05506050239484663,0.8518518518518519,27
reserve10,joint_gradual,recency,3,20,27,0.05287882748304071,0.8518518518518519,27
reserve10,joint_gradual,recency,3,21,23,0.06019447324491267,0.8695652173913043,23
reserve10,joint_gradual,recency,3,22,23,0.07150933940973117,0.8260869565217391,23
reserve10,joint_gradual,recency,3,23,25,0.05350523825723821,0.84,25
reserve10,joint_gradual,recency,4,0,22,0.04594870958401576,1.0,22
reserve10,joint_gradual,recency,4,1,22,0.05074793491534198,1.0,22
reserve10,joint_gradual,recency,4,2,20,0.049800534037146495,1.0,20
reserve10,joint_gradual,recency,4,3,17,0.05986954438598199,1.0,17
reserve10,joint_gradual,recency,4,4,19,0.06149706889140649,1.0,19
reserve10,joint_gradual,recency,4,5,20,0.06284673798962144,0.85,20
reserve10,joint_gradual,recency,4,6,23,0.05852827661256593,0.9130434782608695,23
reserve10,joint_gradual,recency,4,7,21,0.07028036995359326,0.8571428571428571,21
reserve10,joint_gradual,recency,4,8,23,0.061979472777141734,0.8695652173913043,23
reserve10,joint_gradual,recency,4,9,23,0.05637404069024586,0.9130434782608695,23
reserve10,joint_gradual,recency,4,10,23,0.05530296461823478,0.782608695652174,23
reserve10,joint_gradual,recency,4,11,23,0.06534859270609468,0.8260869565217391,23
reserve10,joint_gradual,recency,4,12,24,0.06014489608201379,0.8333333333333334,24
reserve10,joint_gradual,recency,4,13,21,0.08126581582245472,0.8095238095238095,21
reserve10,joint_gradual,recency,4,14,24,0.06430262425439053,0.7916666666666666,24
reserve10,joint_gradual,recency,4,15,25,0.0683394935501484,0.8,25
reserve10,joint_gradual,recency,4,16,24,0.07838624797878752,0.7916666666666666,24
reserve10,joint_gradual,recency,4,17,25,0.0690107086438404,0.84,25
reserve10,joint_gradual,recency,4,18,27,0.05718141347888257,0.8518518518518519,27
reserve10,joint_gradual,recency,4,19,27,0.053391922787116165,0.8518518518518519,27
reserve10,joint_gradual,recency,4,20,23,0.06252572152950434,0.9130434782608695,23
reserve10,joint_gradual,recency,4,21,23,0.07158717599927597,0.8260869565217391,23
reserve10,joint_gradual,recency,4,22,25,0.05587564105045598,0.84,25
reserve10,joint_gradual,recency,4,23,25,0.046534522685606074,0.96,25
reserve10,joint_gradual,rolling,1,0,22,0.048270248422745604,0.9090909090909091,22
reserve10,joint_gradual,rolling,1,1,24,0.03863157818484548,0.9583333333333334,24
reserve10,joint_gradual,rolling,1,2,25,0.04171853957491889,0.88,25
reserve10,joint_gradual,rolling,1,3,22,0.0263803859802534,0.9545454545454546,22
reserve10,joint_gradual,rolling,1,4,22,0.029371456176563202,1.0,22
reserve10,joint_gradual,rolling,1,5,20,0.03488907881304423,0.95,20
reserve10,joint_gradual,rolling,1,6,17,0.037205360948570715,1.0,17
reserve10,joint_gradual,rolling,1,7,19,0.03593739668636176,0.9473684210526315,19
reserve10,joint_gradual,rolling,1,8,20,0.04424216045833964,0.95,20
reserve10,joint_gradual,rolling,1,9,23,0.04009346204793917,0.9130434782608695,23
reserve10,joint_gradual,rolling,1,10,21,0.035359231327257545,0.9523809523809523,21
reserve10,joint_gradual,rolling,1,11,23,0.037731592184003813,0.8695652173913043,23
reserve10,joint_gradual,rolling,1,12,23,0.03835193224263829,0.8695652173913043,23
reserve10,joint_gradual,rolling,1,13,23,0.034887292837812355,0.7391304347826086,23
reserve10,joint_gradual,rolling,1,14,23,0.03831039966019395,0.8695652173913043,23
reserve10,joint_gradual,rolling,1,15,24,0.03037325331209578,0.875,24
reserve10,joint_gradual,rolling,1,16,21,0.04073589628875718,0.8095238095238095,21
reserve10,joint_gradual,rolling,1,17,24,0.02809589010449971,0.9583333333333334,24
reserve10,joint_gradual,rolling,1,18,25,0.037450844952155025,0.84,25
reserve10,joint_gradual,rolling,1,19,24,0.041688945439579024,0.875,24
reserve10,joint_gradual,rolling,1,20,25,0.044323000740499864,0.8,25
reserve10,joint_gradual,rolling,1,21,27,0.026506215636819007,0.9259259259259259,27
reserve10,joint_gradual,rolling,1,22,27,0.03884995718077385,0.8888888888888888,27
reserve10,joint_gradual,rolling,1,23,23,0.04610325927282838,0.8695652173913043,23
reserve10,joint_gradual,rolling,2,0,24,0.048158686442928415,0.9583333333333334,24
reserve10,joint_gradual,rolling,2,1,25,0.04302269606714712,1.0,25
reserve10,joint_gradual,rolling,2,2,22,0.04788901470570451,0.9090909090909091,22
reserve10,joint_gradual,rolling,2,3,22,0.040361350327031593,1.0,22
reserve10,joint_gradual,rolling,2,4,20,0.037930779678990355,0.95,20
reserve10,joint_gradual,rolling,2,5,17,0.06039927338967788,1.0,17
reserve10,joint_gradual,rolling,2,6,19,0.0457665475027171,1.0,19
reserve10,joint_gradual,rolling,2,7,20,0.05413094267672909,0.95,20
reserve10,joint_gradual,rolling,2,8,23,0.05579766273757118,0.9130434782608695,23
reserve10,joint_gradual,rolling,2,9,21,0.053505378993018354,0.9523809523809523,21
reserve10,joint_gradual,rolling,2,10,23,0.05061862564463512,0.9565217391304348,23
reserve10,joint_gradual,rolling,2,11,23,0.04992632676507749,0.9565217391304348,23
reserve10,joint_gradual,rolling,2,12,23,0.048267765907390466,0.8260869565217391,23
reserve10,joint_gradual,rolling,2,13,23,0.05544303748802575,0.782608695652174,23
reserve10,joint_gradual,rolling,2,14,24,0.051561542691132216,0.875,24
reserve10,joint_gradual,rolling,2,15,21,0.06378346803713371,0.7619047619047619,21
reserve10,joint_gradual,rolling,2,16,24,0.050794438193513126,0.7916666666666666,24
reserve10,joint_gradual,rolling,2,17,25,0.0499058512082139,0.92,25
reserve10,joint_gradual,rolling,2,18,24,0.06206405115429597,0.7916666666666666,24
reserve10,joint_gradual,rolling,2,19,25,0.056276908780464915,0.88,25
reserve10,joint_gradual,rolling,2,20,27,0.04955217220524396,0.8518518518518519,27
reserve10,joint_gradual,rolling,2,21,27,0.04285883664397519,0.8888888888888888,27
reserve10,joint_gradual,rolling,2,22,23,0.06328658102876122,0.8695652173913043,23
reserve10,joint_gradual,rolling,2,23,23,0.06607729884289161,0.782608695652174,23
reserve10,joint_gradual,rolling,3,0,25,0.045756304448112496,1.0,25
reserve10,joint_gradual,rolling,3,1,22,0.04983968877826332,1.0,22
reserve10,joint_gradual,rolling,3,2,22,0.049092922560747244,0.9545454545454546,22
reserve10,joint_gradual,rolling,3,3,20,0.04196440481223014,0.95,20
reserve10,joint_gradual,rolling,3,4,17,0.0583864823523774,1.0,17
reserve10,joint_gradual,rolling,3,5,19,0.057338092475642984,0.9473684210526315,19
reserve10,joint_gradual,rolling,3,6,20,0.05814124964794278,0.9,20
reserve10,joint_gradual,rolling,3,7,23,0.0585353311409949,0.9130434782608695,23
reserve10,joint_gradual,rolling,3,8,21,0.06768827919119416,0.9523809523809523,21
reserve10,joint_gradual,rolling,3,9,23,0.05475618676097918,0.8695652173913043,23
reserve10,joint_gradual,rolling,3,10,23,0.05294134584681897,0.9130434782608695,23
reserve10,joint_gradual,rolling,3,11,23,0.056215510511576056,0.8260869565217391,23
reserve10,joint_gradual,rolling,3,12,23,0.06335853347150422,0.782608695652174,23
reserve10,joint_gradual,rolling,3,13,24,0.05796950444252205,0.8333333333333334,24
reserve10,joint_gradual,rolling,3,14,21,0.07288079726353623,0.7619047619047619,21
reserve10,joint_gradual,rolling,3,15,24,0.05981885091657938,0.7916666666666666,24
reserve10,joint_gradual,rolling,3,16,25,0.06143653930251302,0.8,25
reserve10,joint_gradual,rolling,3,17,24,0.07131757808219237,0.8333333333333334,24
reserve10,joint_gradual,rolling,3,18,25,0.06560813908135203,0.88,25
reserve10,joint_gradual,rolling,3,19,27,0.05513551441809698,0.8518518518518519,27
reserve10,joint_gradual,rolling,3,20,27,0.05283858798648903,0.9259259259259259,27
reserve10,joint_gradual,rolling,3,21,23,0.060334251585571076,0.8695652173913043,23
reserve10,joint_gradual,rolling,3,22,23,0.07135330480837586,0.8260869565217391,23
reserve10,joint_gradual,rolling,3,23,25,0.05333349071103582,0.84,25
reserve10,joint_gradual,rolling,4,0,22,0.046107015266346106,1.0,22
reserve10,joint_gradual,rolling,4,1,22,0.05083230229488464,0.9545454545454546,22
reserve10,joint_gradual,rolling,4,2,20,0.04972935037386788,1.0,20
reserve10,joint_gradual,rolling,4,3,17,0.05982113737169478,1.0,17
reserve10,joint_gradual,rolling,4,4,19,0.061413710775644434,1.0,19
reserve10,joint_gradual,rolling,4,5,20,0.06261888831246246,0.9,20
reserve10,joint_gradual,rolling,4,6,23,0.05822028152392555,0.9130434782608695,23
reserve10,joint_gradual,rolling,4,7,21,0.0698787342557399,0.8571428571428571,21
reserve10,joint_gradual,rolling,4,8,23,0.06195206058628199,0.8695652173913043,23
reserve10,joint_gradual,rolling,4,9,23,0.056230600443441664,0.9130434782608695,23
reserve10,joint_gradual,rolling,4,10,23,0.05501563925358392,0.8695652173913043,23
reserve10,joint_gradual,rolling,4,11,23,0.06518703241635297,0.782608695652174,23
reserve10,joint_gradual,rolling,4,12,24,0.05994478976841846,0.875,24
reserve10,joint_gradual,rolling,4,13,21,0.08092547340708212,0.7619047619047619,21
reserve10,joint_gradual,rolling,4,14,24,0.06406388251042928,0.8333333333333334,24
reserve10,joint_gradual,rolling,4,15,25,0.06814110940145998,0.8,25
reserve10,joint_gradual,rolling,4,16,24,0.07820549403361049,0.8333333333333334,24
reserve10,joint_gradual,rolling,4,17,25,0.0692635061632334,0.84,25
reserve10,joint_gradual,rolling,4,18,27,0.05738555454263727,0.8888888888888888,27
reserve10,joint_gradual,rolling,4,19,27,0.053391314687433196,0.8518518518518519,27
reserve10,joint_gradual,rolling,4,20,23,0.0625607372153867,0.9130434782608695,23
reserve10,joint_gradual,rolling,4,21,23,0.07183405213305653,0.8260869565217391,23
reserve10,joint_gradual,rolling,4,22,25,0.05581944014871742,0.8,25
reserve10,joint_gradual,rolling,4,23,25,0.04677279367165871,0.92,25
reserve10,joint_gradual,single_imputation,1,0,22,0.057533211409559984,0.8181818181818182,22
reserve10,joint_gradual,single_imputation,1,1,24,0.04651210806831838,0.8333333333333334,24
reserve10,joint_gradual,single_imputation,1,2,25,0.04839219926457689,0.8,25
reserve10,joint_gradual,single_imputation,1,3,22,0.027440372880960184,1.0,22
reserve10,joint_gradual,single_imputation,1,4,22,0.041022987329483535,0.8636363636363636,22
reserve10,joint_gradual,single_imputation,1,5,20,0.04501070004681529,0.85,20
reserve10,joint_gradual,single_imputation,1,6,17,0.0386444778589242,0.8235294117647058,17
reserve10,joint_gradual,single_imputation,1,7,19,0.03710198334410345,0.9473684210526315,19
reserve10,joint_gradual,single_imputation,1,8,20,0.05221171608135482,0.8,20
reserve10,joint_gradual,single_imputation,1,9,23,0.040476469534592996,0.8260869565217391,23
reserve10,joint_gradual,single_imputation,1,10,21,0.04153823841251736,0.8571428571428571,21
reserve10,joint_gradual,single_imputation,1,11,23,0.04519034596325763,0.8695652173913043,23
reserve10,joint_gradual,single_imputation,1,12,23,0.04531042231528737,0.8695652173913043,23
reserve10,joint_gradual,single_imputation,1,13,23,0.033515647734500706,0.9130434782608695,23
reserve10,joint_gradual,single_imputation,1,14,23,0.04168324944088188,0.9565217391304348,23
reserve10,joint_gradual,single_imputation,1,15,24,0.030987327396346454,0.875,24
reserve10,joint_gradual,single_imputation,1,16,21,0.046864981317384584,0.8095238095238095,21
reserve10,joint_gradual,single_imputation,1,17,24,0.030355473344177968,0.9583333333333334,24
reserve10,joint_gradual,single_imputation,1,18,25,0.040130782943447046,0.88,25
reserve10,joint_gradual,single_imputation,1,19,24,0.04670931938865735,0.875,24
reserve10,joint_gradual,single_imputation,1,20,25,0.05019321134025998,0.8,25
reserve10,joint_gradual,single_imputation,1,21,27,0.03139008546082814,0.9259259259259259,27
reserve10,joint_gradual,single_imputation,1,22,27,0.04421900408013225,0.8518518518518519,27
reserve10,joint_gradual,single_imputation,1,23,23,0.05804016698614355,0.782608695652174,23
reserve10,joint_gradual,single_imputation,2,0,24,0.06028727023679118,0.7916666666666666,24
reserve10,joint_gradual,single_imputation,2,1,25,0.059495471879881856,0.76,25
reserve10,joint_gradual,single_imputation,2,2,22,0.052398798801366775,0.8181818181818182,22
reserve10,joint_gradual,single_imputation,2,3,22,0.04987619560035005,0.8636363636363636,22
reserve10,joint_gradual,single_imputation,2,4,20,0.03733575139663429,0.95,20
reserve10,joint_gradual,single_imputation,2,5,17,0.06901847680760742,0.7647058823529411,17
reserve10,joint_gradual,single_imputation,2,6,19,0.05825244169258393,0.7894736842105263,19
reserve10,joint_gradual,single_imputation,2,7,20,0.06522859058892035,0.8,20
reserve10,joint_gradual,single_imputation,2,8,23,0.0652752104538739,0.8260869565217391,23
reserve10,joint_gradual,single_imputation,2,9,21,0.059306479291763366,0.7142857142857143,21
reserve10,joint_gradual,single_imputation,2,10,23,0.06334649183186879,0.782608695652174,23
reserve10,joint_gradual,single_imputation,2,11,23,0.060682496662185066,0.8260869565217391,23
reserve10,joint_gradual,single_imputation,2,12,23,0.05760166299662001,0.782608695652174,23
reserve10,joint_gradual,single_imputation,2,13,23,0.059913974753004126,0.782608695652174,23
reserve10,joint_gradual,single_imputation,2,14,24,0.05475459742399972,0.9166666666666666,24
reserve10,joint_gradual,single_imputation,2,15,21,0.07006793278863553,0.8095238095238095,21
reserve10,joint_gradual,single_imputation,2,16,24,0.04454047121222016,0.875,24
reserve10,joint_gradual,single_imputation,2,17,25,0.05486878700838857,0.84,25
reserve10,joint_gradual,single_imputation,2,18,24,0.07462772239044681,0.75,24
reserve10,joint_gradual,single_imputation,2,19,25,0.06217118986368599,0.88,25
reserve10,joint_gradual,single_imputation,2,20,27,0.05702504216715613,0.8518518518518519,27
reserve10,joint_gradual,single_imputation,2,21,27,0.04671103611269637,0.8518518518518519,27
reserve10,joint_gradual,single_imputation,2,22,23,0.08015163227940159,0.8695652173913043,23
reserve10,joint_gradual,single_imputation,2,23,23,0.07554811760485194,0.7391304347826086,23
reserve10,joint_gradual,single_imputation,3,0,25,0.04549312947991242,0.92,25
reserve10,joint_gradual,single_imputation,3,1,22,0.0618932800882199,0.8181818181818182,22
reserve10,joint_gradual,single_imputation,3,2,22,0.05132284835426486,0.8636363636363636,22
reserve10,joint_gradual,single_imputation,3,3,20,0.04106202826514179,1.0,20
reserve10,joint_gradual,single_imputation,3,4,17,0.06519527035422609,0.7647058823529411,17
reserve10,joint_gradual,single_imputation,3,5,19,0.06771649028221458,0.7368421052631579,19
reserve10,joint_gradual,single_imputation,3,6,20,0.07164370916675541,0.7,20
reserve10,joint_gradual,single_imputation,3,7,23,0.07018526567167103,0.8260869565217391,23
reserve10,joint_gradual,single_imputation,3,8,21,0.07843570119516426,0.8571428571428571,21
reserve10,joint_gradual,single_imputation,3,9,23,0.0643606878086498,0.8695652173913043,23
reserve10,joint_gradual,single_imputation,3,10,23,0.05590884782843344,0.8695652173913043,23
reserve10,joint_gradual,single_imputation,3,11,23,0.05897090226483397,0.782608695652174,23
reserve10,joint_gradual,single_imputation,3,12,23,0.0728137238847144,0.7391304347826086,23
reserve10,joint_gradual,single_imputation,3,13,24,0.06974198634471646,0.8333333333333334,24
reserve10,joint_gradual,single_imputation,3,14,21,0.08206269242353138,0.8095238095238095,21
reserve10,joint_gradual,single_imputation,3,15,24,0.06189840365668697,0.7916666666666666,24
reserve10,joint_gradual,single_imputation,3,16,25,0.06402307490794049,0.76,25
reserve10,joint_gradual,single_imputation,3,17,24,0.07611980106012743,0.7916666666666666,24
reserve10,joint_gradual,single_imputation,3,18,25,0.07613381363787373,0.76,25
reserve10,joint_gradual,single_imputation,3,19,27,0.07498750044753112,0.7777777777777778,27
reserve10,joint_gradual,single_imputation,3,20,27,0.057790776055947395,0.8148148148148148,27
reserve10,joint_gradual,single_imputation,3,21,23,0.07119511395490791,0.8695652173913043,23
reserve10,joint_gradual,single_imputation,3,22,23,0.08592435749179607,0.782608695652174,23
reserve10,joint_gradual,single_imputation,3,23,25,0.05887745213141189,0.84,25
reserve10,joint_gradual,single_imputation,4,0,22,0.050690154095895806,0.8636363636363636,22
reserve10,joint_gradual,single_imputation,4,1,22,0.055679063609435524,0.8636363636363636,22
reserve10,joint_gradual,single_imputation,4,2,20,0.04894472342870548,0.9,20
reserve10,joint_gradual,single_imputation,4,3,17,0.07480780427296511,0.6470588235294118,17
reserve10,joint_gradual,single_imputation,4,4,19,0.06640314152529683,0.8421052631578947,19
reserve10,joint_gradual,single_imputation,4,5,20,0.07833941800894137,0.7,20
reserve10,joint_gradual,single_imputation,4,6,23,0.07423411715710404,0.8260869565217391,23
reserve10,joint_gradual,single_imputation,4,7,21,0.08244911916506059,0.8095238095238095,21
reserve10,joint_gradual,single_imputation,4,8,23,0.07652385462736642,0.8260869565217391,23
reserve10,joint_gradual,single_imputation,4,9,23,0.05770027924465798,0.9130434782608695,23
reserve10,joint_gradual,single_imputation,4,10,23,0.05925113186452384,0.8260869565217391,23
reserve10,joint_gradual,single_imputation,4,11,23,0.08907690695358488,0.6521739130434783,23
reserve10,joint_gradual,single_imputation,4,12,24,0.07789938789405314,0.8333333333333334,24
reserve10,joint_gradual,single_imputation,4,13,21,0.09586113699961277,0.8095238095238095,21
reserve10,joint_gradual,single_imputation,4,14,24,0.07351945181707727,0.8333333333333334,24
reserve10,joint_gradual,single_imputation,4,15,25,0.07801960376754152,0.76,25
reserve10,joint_gradual,single_imputation,4,16,24,0.08720361219034857,0.75,24
reserve10,joint_gradual,single_imputation,4,17,25,0.08330566983824714,0.84,25
reserve10,joint_gradual,single_imputation,4,18,27,0.07878198861008875,0.7777777777777778,27
reserve10,joint_gradual,single_imputation,4,19,27,0.06376169210809587,0.7777777777777778,27
reserve10,joint_gradual,single_imputation,4,20,23,0.07321499438891127,0.8260869565217391,23
reserve10,joint_gradual,single_imputation,4,21,23,0.07692391959499556,0.8260869565217391,23
reserve10,joint_gradual,single_imputation,4,22,25,0.07406919826288891,0.8,25
reserve10,joint_gradual,single_imputation,4,23,25,0.05169429875482809,0.92,25
reserve10,joint_none,aci_bounded,1,0,22,0.04823639386968606,0.9090909090909091,22
reserve10,joint_none,aci_bounded,1,1,24,0.03893451722208534,0.9583333333333334,24
reserve10,joint_none,aci_bounded,1,2,25,0.04221565297969371,0.92,25
reserve10,joint_none,aci_bounded,1,3,22,0.029775749476755316,0.9545454545454546,22
reserve10,joint_none,aci_bounded,1,4,22,0.03467986412759456,1.0,22
reserve10,joint_none,aci_bounded,1,5,20,0.03682971220177543,0.95,20
reserve10,joint_none,aci_bounded,1,6,17,0.04046796680834556,1.0,17
reserve10,joint_none,aci_bounded,1,7,19,0.038437276719544514,0.8947368421052632,19
reserve10,joint_none,aci_bounded,1,8,20,0.04209611473352892,0.95,20
reserve10,joint_none,aci_bounded,1,9,23,0.04061362891516561,0.9565217391304348,23
reserve10,joint_none,aci_bounded,1,10,21,0.03727885695658412,0.9523809523809523,21
reserve10,joint_none,aci_bounded,1,11,23,0.04090903392015794,0.9130434782608695,23
reserve10,joint_none,aci_bounded,1,12,23,0.04166843487447676,0.8695652173913043,23
reserve10,joint_none,aci_bounded,1,13,23,0.038178709761165025,0.8260869565217391,23
reserve10,joint_none,aci_bounded,1,14,23,0.03728498725586981,0.8695652173913043,23
reserve10,joint_none,aci_bounded,1,15,24,0.032438680842682116,0.875,24
reserve10,joint_none,aci_bounded,1,16,21,0.04203721415193161,0.8095238095238095,21
reserve10,joint_none,aci_bounded,1,17,24,0.031320840834431644,0.9166666666666666,24
reserve10,joint_none,aci_bounded,1,18,25,0.03946591836856753,0.84,25
reserve10,joint_none,aci_bounded,1,19,24,0.03919081405453411,0.875,24
reserve10,joint_none,aci_bounded,1,20,25,0.04514392256566315,0.8,25
reserve10,joint_none,aci_bounded,1,21,27,0.030026597787640736,0.9259259259259259,27
reserve10,joint_none,aci_bounded,1,22,27,0.03919980003621596,0.8518518518518519,27
reserve10,joint_none,aci_bounded,1,23,23,0.04614039669756687,0.8695652173913043,23
reserve10,joint_none,aci_bounded,2,0,24,0.04825159372234145,0.9583333333333334,24
reserve10,joint_none,aci_bounded,2,1,25,0.04338958927056374,1.0,25
reserve10,joint_none,aci_bounded,2,2,22,0.047656548520267634,0.9090909090909091,22
reserve10,joint_none,aci_bounded,2,3,22,0.04752150069140833,1.0,22
reserve10,joint_none,aci_bounded,2,4,20,0.04527042825116497,1.0,20
reserve10,joint_none,aci_bounded,2,5,17,0.06272074952415237,0.9411764705882353,17
reserve10,joint_none,aci_bounded,2,6,19,0.049773446243414406,1.0,19
reserve10,joint_none,aci_bounded,2,7,20,0.053919890188285316,1.0,20
reserve10,joint_none,aci_bounded,2,8,23,0.05244788639083718,0.9130434782608695,23
reserve10,joint_none,aci_bounded,2,9,21,0.052773680759563735,0.9523809523809523,21
reserve10,joint_none,aci_bounded,2,10,23,0.0522441138008243,0.9130434782608695,23
reserve10,joint_none,aci_bounded,2,11,23,0.05342122257711281,0.9130434782608695,23
reserve10,joint_none,aci_bounded,2,12,23,0.04944690443068995,0.8695652173913043,23
reserve10,joint_none,aci_bounded,2,13,23,0.055494642135573355,0.8260869565217391,23
reserve10,joint_none,aci_bounded,2,14,24,0.05231087697690633,0.8333333333333334,24
reserve10,joint_none,aci_bounded,2,15,21,0.06362037411028641,0.8095238095238095,21
reserve10,joint_none,aci_bounded,2,16,24,0.0489102619039147,0.8333333333333334,24
reserve10,joint_none,aci_bounded,2,17,25,0.05141288747936892,0.92,25
reserve10,joint_none,aci_bounded,2,18,24,0.060290957198866894,0.875,24
reserve10,joint_none,aci_bounded,2,19,25,0.05860741748298856,0.92,25
reserve10,joint_none,aci_bounded,2,20,27,0.05202225219233753,0.8888888888888888,27
reserve10,joint_none,aci_bounded,2,21,27,0.04476735431084404,0.9259259259259259,27
reserve10,joint_none,aci_bounded,2,22,23,0.06335634017190712,0.8260869565217391,23
reserve10,joint_none,aci_bounded,2,23,23,0.06628691757492164,0.782608695652174,23
reserve10,joint_none,aci_bounded,3,0,25,0.04586873674622982,1.0,25
reserve10,joint_none,aci_bounded,3,1,22,0.05081025273816664,1.0,22
reserve10,joint_none,aci_bounded,3,2,22,0.05015680059089475,0.9545454545454546,22
reserve10,joint_none,aci_bounded,3,3,20,0.05044478225218665,1.0,20
reserve10,joint_none,aci_bounded,3,4,17,0.06448001322842978,0.9411764705882353,17
reserve10,joint_none,aci_bounded,3,5,19,0.0603587275156509,0.8947368421052632,19
reserve10,joint_none,aci_bounded,3,6,20,0.057819186379047906,1.0,20
reserve10,joint_none,aci_bounded,3,7,23,0.05605873600418315,0.9565217391304348,23
reserve10,joint_none,aci_bounded,3,8,21,0.06501210554081133,0.9523809523809523,21
reserve10,joint_none,aci_bounded,3,9,23,0.05597859090639651,0.9130434782608695,23
reserve10,joint_none,aci_bounded,3,10,23,0.0538404601347062,0.9565217391304348,23
reserve10,joint_none,aci_bounded,3,11,23,0.057514297619045786,0.9130434782608695,23
reserve10,joint_none,aci_bounded,3,12,23,0.06025134310654906,0.8695652173913043,23
reserve10,joint_none,aci_bounded,3,13,24,0.058082133011854616,0.8333333333333334,24
reserve10,joint_none,aci_bounded,3,14,21,0.07292530488814747,0.8095238095238095,21
reserve10,joint_none,aci_bounded,3,15,24,0.05831420767677497,0.875,24
reserve10,joint_none,aci_bounded,3,16,25,0.06264487020070876,0.84,25
reserve10,joint_none,aci_bounded,3,17,24,0.07023311091633185,0.9166666666666666,24
reserve10,joint_none,aci_bounded,3,18,25,0.06410654535948951,0.88,25
reserve10,joint_none,aci_bounded,3,19,27,0.05861203392884119,0.8518518518518519,27
reserve10,joint_none,aci_bounded,3,20,27,0.054837673461701375,0.9259259259259259,27
reserve10,joint_none,aci_bounded,3,21,23,0.060881336899353,0.8695652173913043,23
reserve10,joint_none,aci_bounded,3,22,23,0.07230632660675035,0.8260869565217391,23
reserve10,joint_none,aci_bounded,3,23,25,0.05363325210359442,0.84,25
reserve10,joint_none,aci_bounded,4,0,22,0.0461083233978421,1.0,22
reserve10,joint_none,aci_bounded,4,1,22,0.05140639272426879,0.9545454545454546,22
reserve10,joint_none,aci_bounded,4,2,20,0.05505465463698798,1.0,20
reserve10,joint_none,aci_bounded,4,3,17,0.06786577422785443,1.0,17
reserve10,joint_none,aci_bounded,4,4,19,0.06293051860358885,0.9473684210526315,19
reserve10,joint_none,aci_bounded,4,5,20,0.06268351681663678,1.0,20
reserve10,joint_none,aci_bounded,4,6,23,0.05810547775815038,0.9565217391304348,23
reserve10,joint_none,aci_bounded,4,7,21,0.06826693610949881,0.9523809523809523,21
reserve10,joint_none,aci_bounded,4,8,23,0.0612370001336854,0.9130434782608695,23
reserve10,joint_none,aci_bounded,4,9,23,0.057506014190490104,0.9565217391304348,23
reserve10,joint_none,aci_bounded,4,10,23,0.05916332636259183,0.9130434782608695,23
reserve10,joint_none,aci_bounded,4,11,23,0.06313342659931202,0.782608695652174,23
reserve10,joint_none,aci_bounded,4,12,24,0.0611557830204632,0.8333333333333334,24
reserve10,joint_none,aci_bounded,4,13,21,0.07643135261063946,0.8571428571428571,21
reserve10,joint_none,aci_bounded,4,14,24,0.06377320000612577,0.875,24
reserve10,joint_none,aci_bounded,4,15,25,0.06769791866539482,0.88,25
reserve10,joint_none,aci_bounded,4,16,24,0.07669650807831134,0.8333333333333334,24
reserve10,joint_none,aci_bounded,4,17,25,0.07101699250782258,0.92,25
reserve10,joint_none,aci_bounded,4,18,27,0.06245485196623273,0.8888888888888888,27
reserve10,joint_none,aci_bounded,4,19,27,0.05698875643518907,0.9259259259259259,27
reserve10,joint_none,aci_bounded,4,20,23,0.0641094426990305,0.8695652173913043,23
reserve10,joint_none,aci_bounded,4,21,23,0.07350010379080915,0.8695652173913043,23
reserve10,joint_none,aci_bounded,4,22,25,0.05595136948243847,0.88,25
reserve10,joint_none,aci_bounded,4,23,25,0.04678985273609012,0.96,25
reserve10,joint_none,carry_forward,1,0,22,0.0643891521253986,0.7727272727272727,22
reserve10,joint_none,carry_forward,1,1,24,0.051758558641939095,0.75,24
reserve10,joint_none,carry_forward,1,2,25,0.05297825155411723,0.68,25
reserve10,joint_none,carry_forward,1,3,22,0.034886222103102084,0.9545454545454546,22
reserve10,joint_none,carry_forward,1,4,22,0.044472992941303593,0.9090909090909091,22
reserve10,joint_none,carry_forward,1,5,20,0.04795550513610157,0.95,20
reserve10,joint_none,carry_forward,1,6,17,0.054308026898231915,0.9411764705882353,17
reserve10,joint_none,carry_forward,1,7,19,0.05066256324328588,0.8947368421052632,19
reserve10,joint_none,carry_forward,1,8,20,0.049161839766456286,0.9,20
reserve10,joint_none,carry_forward,1,9,23,0.04088847022092848,0.8695652173913043,23
reserve10,joint_none,carry_forward,1,10,21,0.0405095985424695,0.9523809523809523,21
reserve10,joint_none,carry_forward,1,11,23,0.03970775780536475,0.782608695652174,23
reserve10,joint_none,carry_forward,1,12,23,0.04466760614188583,0.8260869565217391,23
reserve10,joint_none,carry_forward,1,13,23,0.04225409613784136,0.7391304347826086,23
reserve10,joint_none,carry_forward,1,14,23,0.046017541162748705,0.7391304347826086,23
reserve10,joint_none,carry_forward,1,15,24,0.03845064270214344,0.7916666666666666,24
reserve10,joint_none,carry_forward,1,16,21,0.04433883556385941,0.7619047619047619,21
reserve10,joint_none,carry_forward,1,17,24,0.036844014673716084,0.7916666666666666,24
reserve10,joint_none,carry_forward,1,18,25,0.04520168533372329,0.8,25
reserve10,joint_none,carry_forward,1,19,24,0.04492515359011184,0.8333333333333334,24
reserve10,joint_none,carry_forward,1,20,25,0.049786728131960806,0.8,25
reserve10,joint_none,carry_forward,1,21,27,0.033007898482313176,0.8518518518518519,27
reserve10,joint_none,carry_forward,1,22,27,0.04078109002810879,0.7407407407407407,27
reserve10,joint_none,carry_forward,1,23,23,0.045498179088140356,0.782608695652174,23
reserve10,joint_none,carry_forward,2,0,24,0.05693390147659123,0.9583333333333334,24
reserve10,joint_none,carry_forward,2,1,25,0.054766197361700894,0.8,25
reserve10,joint_none,carry_forward,2,2,22,0.05559333804968254,0.8636363636363636,22
reserve10,joint_none,carry_forward,2,3,22,0.05229897322725741,0.9090909090909091,22
reserve10,joint_none,carry_forward,2,4,20,0.05130570062712016,1.0,20
reserve10,joint_none,carry_forward,2,5,17,0.07171154840363374,0.9411764705882353,17
reserve10,joint_none,carry_forward,2,6,19,0.05532222433885333,0.8947368421052632,19
reserve10,joint_none,carry_forward,2,7,20,0.055819607043915156,0.9,20
reserve10,joint_none,carry_forward,2,8,23,0.056699960352819725,0.9130434782608695,23
reserve10,joint_none,carry_forward,2,9,21,0.05878338102208817,0.9523809523809523,21
reserve10,joint_none,carry_forward,2,10,23,0.051551969987426706,0.782608695652174,23
reserve10,joint_none,carry_forward,2,11,23,0.055081704466365344,0.8260869565217391,23
reserve10,joint_none,carry_forward,2,12,23,0.059088669081880124,0.782608695652174,23
reserve10,joint_none,carry_forward,2,13,23,0.06384550738717926,0.7391304347826086,23
reserve10,joint_none,carry_forward,2,14,24,0.060979585778307914,0.7916666666666666,24
reserve10,joint_none,carry_forward,2,15,21,0.07995239399422338,0.6666666666666666,21
reserve10,joint_none,carry_forward,2,16,24,0.06446358339927531,0.6666666666666666,24
reserve10,joint_none,carry_forward,2,17,25,0.06156053777373431,0.72,25
reserve10,joint_none,carry_forward,2,18,24,0.07130375112273317,0.7916666666666666,24
reserve10,joint_none,carry_forward,2,19,25,0.06456495842865274,0.84,25
reserve10,joint_none,carry_forward,2,20,27,0.05758721352116732,0.7407407407407407,27
reserve10,joint_none,carry_forward,2,21,27,0.04537361422607996,0.8888888888888888,27
reserve10,joint_none,carry_forward,2,22,23,0.0632622963093542,0.7391304347826086,23
reserve10,joint_none,carry_forward,2,23,23,0.06583555171152801,0.782608695652174,23
reserve10,joint_none,carry_forward,3,0,25,0.055584399778389935,0.76,25
reserve10,joint_none,carry_forward,3,1,22,0.05733680261601259,0.9090909090909091,22
reserve10,joint_none,carry_forward,3,2,22,0.062010471781859096,0.9090909090909091,22
reserve10,joint_none,carry_forward,3,3,20,0.05845021498628421,0.95,20
reserve10,joint_none,carry_forward,3,4,17,0.07767617262868336,0.9411764705882353,17
reserve10,joint_none,carry_forward,3,5,19,0.06894829921616918,0.8421052631578947,19
reserve10,joint_none,carry_forward,3,6,20,0.061952003332835494,0.9,20
reserve10,joint_none,carry_forward,3,7,23,0.05499794293069475,0.9130434782608695,23
reserve10,joint_none,carry_forward,3,8,21,0.06435393398865057,0.9523809523809523,21
reserve10,joint_none,carry_forward,3,9,23,0.05756255950975883,0.8695652173913043,23
reserve10,joint_none,carry_forward,3,10,23,0.06495301461589091,0.6521739130434783,23
reserve10,joint_none,carry_forward,3,11,23,0.06707623924434687,0.7391304347826086,23
reserve10,joint_none,carry_forward,3,12,23,0.07307419372658087,0.7391304347826086,23
reserve10,joint_none,carry_forward,3,13,24,0.06918614695531393,0.75,24
reserve10,joint_none,carry_forward,3,14,21,0.08544971348137355,0.6666666666666666,21
reserve10,joint_none,carry_forward,3,15,24,0.0738230521625574,0.6666666666666666,24
reserve10,joint_none,carry_forward,3,16,25,0.07165452481711278,0.64,25
reserve10,joint_none,carry_forward,3,17,24,0.08050770914525728,0.6666666666666666,24
reserve10,joint_none,carry_forward,3,18,25,0.0735965883842867,0.84,25
reserve10,joint_none,carry_forward,3,19,27,0.0657579899063208,0.7777777777777778,27
reserve10,joint_none,carry_forward,3,20,27,0.05895505384606247,0.7777777777777778,27
reserve10,joint_none,carry_forward,3,21,23,0.06042250267181592,0.8260869565217391,23
reserve10,joint_none,carry_forward,3,22,23,0.07209542190369435,0.7391304347826086,23
reserve10,joint_none,carry_forward,3,23,25,0.052729690285253844,0.68,25
reserve10,joint_none,carry_forward,4,0,22,0.05620341869878993,0.9090909090909091,22
reserve10,joint_none,carry_forward,4,1,22,0.0659791205076496,0.8636363636363636,22
reserve10,joint_none,carry_forward,4,2,20,0.06271695094118349,1.0,20
reserve10,joint_none,carry_forward,4,3,17,0.08154146899275412,0.9411764705882353,17
reserve10,joint_none,carry_forward,4,4,19,0.0734605363784178,0.8421052631578947,19
reserve10,joint_none,carry_forward,4,5,20,0.06736714814443845,0.85,20
reserve10,joint_none,carry_forward,4,6,23,0.05938090110811928,0.8695652173913043,23
reserve10,joint_none,carry_forward,4,7,21,0.06507383708071403,0.9047619047619048,21
reserve10,joint_none,carry_forward,4,8,23,0.06036149605483483,0.6956521739130435,23
reserve10,joint_none,carry_forward,4,9,23,0.06999454707395754,0.6956521739130435,23
reserve10,joint_none,carry_forward,4,10,23,0.07238468367045735,0.7391304347826086,23
reserve10,joint_none,carry_forward,4,11,23,0.07481530665278925,0.6956521739130435,23
reserve10,joint_none,carry_forward,4,12,24,0.06813463182844431,0.7916666666666666,24
reserve10,joint_none,carry_forward,4,13,21,0.09145283375682489,0.6666666666666666,21
reserve10,joint_none,carry_forward,4,14,24,0.08302231130964612,0.6666666666666666,24
reserve10,joint_none,carry_forward,4,15,25,0.08220982284280247,0.6,25
reserve10,joint_none,carry_forward,4,16,24,0.09091683228703629,0.7083333333333334,24
reserve10,joint_none,carry_forward,4,17,25,0.08359544886925993,0.76,25
reserve10,joint_none,carry_forward,4,18,27,0.06912468029090849,0.7407407407407407,27
reserve10,joint_none,carry_forward,4,19,27,0.05962822403239338,0.8148148148148148,27
reserve10,joint_none,carry_forward,4,20,23,0.06282242107423049,0.8695652173913043,23
reserve10,joint_none,carry_forward,4,21,23,0.07122358263081488,0.7391304347826086,23
reserve10,joint_none,carry_forward,4,22,25,0.05897692393280527,0.76,25
reserve10,joint_none,carry_forward,4,23,25,0.045472149305630864,0.8,25
reserve10,joint_none,geometric_persistence,1,0,22,0.05364630743525982,0.9545454545454546,22
reserve10,joint_none,geometric_persistence,1,1,24,0.05796452023537955,0.9166666666666666,24
reserve10,joint_none,geometric_persistence,1,2,25,0.05453204376991968,0.96,25
reserve10,joint_none,geometric_persistence,1,3,22,0.03654581873057155,1.0,22
reserve10,joint_none,geometric_persistence,1,4,22,0.047626477559625346,0.9090909090909091,22
reserve10,joint_none,geometric_persistence,1,5,20,0.055268211954565064,0.9,20
reserve10,joint_none,geometric_persistence,1,6,17,0.04769357231498129,1.0,17
reserve10,joint_none,geometric_persistence,1,7,19,0.04718973712789298,1.0,19
reserve10,joint_none,geometric_persistence,1,8,20,0.05590616987012688,0.95,20
reserve10,joint_none,geometric_persistence,1,9,23,0.05118925982941448,0.9565217391304348,23
reserve10,joint_none,geometric_persistence,1,10,21,0.03723889485504012,1.0,21
reserve10,joint_none,geometric_persistence,1,11,23,0.05122884956823939,0.9130434782608695,23
reserve10,joint_none,geometric_persistence,1,12,23,0.056968974159102494,0.8695652173913043,23
reserve10,joint_none,geometric_persistence,1,13,23,0.049574646042932734,0.9565217391304348,23
reserve10,joint_none,geometric_persistence,1,14,23,0.0357743986012076,1.0,23
reserve10,joint_none,geometric_persistence,1,15,24,0.04053104806069658,0.9583333333333334,24
reserve10,joint_none,geometric_persistence,1,16,21,0.051168242553234586,0.9523809523809523,21
reserve10,joint_none,geometric_persistence,1,17,24,0.043544157052672894,0.9583333333333334,24
reserve10,joint_none,geometric_persistence,1,18,25,0.03970903553049656,1.0,25
reserve10,joint_none,geometric_persistence,1,19,24,0.04782387079115987,0.9583333333333334,24
reserve10,joint_none,geometric_persistence,1,20,25,0.05669162768188211,0.92,25
reserve10,joint_none,geometric_persistence,1,21,27,0.04299515626599887,0.9259259259259259,27
reserve10,joint_none,geometric_persistence,1,22,27,0.04764160820102559,0.9259259259259259,27
reserve10,joint_none,geometric_persistence,1,23,23,0.0601623392707459,0.9130434782608695,23
reserve10,joint_none,geometric_persistence,2,0,24,0.06598233727184967,1.0,24
reserve10,joint_none,geometric_persistence,2,1,25,0.08143359015130507,0.84,25
reserve10,joint_none,geometric_persistence,2,2,22,0.07190109106897823,0.9545454545454546,22
reserve10,joint_none,geometric_persistence,2,3,22,0.07185751197152028,0.9090909090909091,22
reserve10,joint_none,geometric_persistence,2,4,20,0.06292915091274048,0.9,20
reserve10,joint_none,geometric_persistence,2,5,17,0.08960266071644965,0.9411764705882353,17
reserve10,joint_none,geometric_persistence,2,6,19,0.07486292771625559,0.9473684210526315,19
reserve10,joint_none,geometric_persistence,2,7,20,0.06031025388741144,1.0,20
reserve10,joint_none,geometric_persistence,2,8,23,0.08452307025821834,0.9565217391304348,23
reserve10,joint_none,geometric_persistence,2,9,21,0.07434783404217271,0.9523809523809523,21
reserve10,joint_none,geometric_persistence,2,10,23,0.059364498707301226,0.9565217391304348,23
reserve10,joint_none,geometric_persistence,2,11,23,0.07681408206195901,0.9130434782608695,23
reserve10,joint_none,geometric_persistence,2,12,23,0.08716742603900726,0.9565217391304348,23
reserve10,joint_none,geometric_persistence,2,13,23,0.06486160001476837,0.9565217391304348,23
reserve10,joint_none,geometric_persistence,2,14,24,0.05764270163109095,0.9583333333333334,24
reserve10,joint_none,geometric_persistence,2,15,21,0.08764738928871091,0.9523809523809523,21
reserve10,joint_none,geometric_persistence,2,16,24,0.07675455816846664,1.0,24
reserve10,joint_none,geometric_persistence,2,17,25,0.06962102381988278,0.96,25
reserve10,joint_none,geometric_persistence,2,18,24,0.07373752399438581,0.9583333333333334,24
reserve10,joint_none,geometric_persistence,2,19,25,0.08555925267341925,0.96,25
reserve10,joint_none,geometric_persistence,2,20,27,0.07746886409433197,0.8888888888888888,27
reserve10,joint_none,geometric_persistence,2,21,27,0.06946911607215517,0.8888888888888888,27
reserve10,joint_none,geometric_persistence,2,22,23,0.09463310341348806,0.8695652173913043,23
reserve10,joint_none,geometric_persistence,2,23,23,0.07325220872335128,1.0,23
reserve10,joint_none,geometric_persistence,3,0,25,0.08127909676424934,0.84,25
reserve10,joint_none,geometric_persistence,3,1,22,0.09524832495069496,0.9545454545454546,22
reserve10,joint_none,geometric_persistence,3,2,22,0.08053495801440282,0.9545454545454546,22
reserve10,joint_none,geometric_persistence,3,3,20,0.09079985366077682,0.9,20
reserve10,joint_none,geometric_persistence,3,4,17,0.10930446270718915,0.9411764705882353,17
reserve10,joint_none,geometric_persistence,3,5,19,0.09714679018290934,0.9473684210526315,19
reserve10,joint_none,geometric_persistence,3,6,20,0.08029929721901838,1.0,20
reserve10,joint_none,geometric_persistence,3,7,23,0.08858808018910154,1.0,23
reserve10,joint_none,geometric_persistence,3,8,21,0.11146161906201854,0.9047619047619048,21
reserve10,joint_none,geometric_persistence,3,9,23,0.0854929551953653,0.8695652173913043,23
reserve10,joint_none,geometric_persistence,3,10,23,0.08765558402453964,1.0,23
reserve10,joint_none,geometric_persistence,3,11,23,0.10216353605640503,1.0,23
reserve10,joint_none,geometric_persistence,3,12,23,0.09899876749864164,0.9565217391304348,23
reserve10,joint_none,geometric_persistence,3,13,24,0.08270825285574933,0.9166666666666666,24
reserve10,joint_none,geometric_persistence,3,14,21,0.1037509310226787,0.9047619047619048,21
reserve10,joint_none,geometric_persistence,3,15,24,0.1125005257089821,0.875,24
reserve10,joint_none,geometric_persistence,3,16,25,0.09914219422869466,0.96,25
reserve10,joint_none,geometric_persistence,3,17,24,0.10568539520169151,0.9166666666666666,24
reserve10,joint_none,geometric_persistence,3,18,25,0.10232815612694257,0.96,25
reserve10,joint_none,geometric_persistence,3,19,27,0.10715909512984485,0.8518518518518519,27
reserve10,joint_none,geometric_persistence,3,20,27,0.09018545881377778,0.9259259259259259,27
reserve10,joint_none,geometric_persistence,3,21,23,0.10617293506615866,0.8695652173913043,23
reserve10,joint_none,geometric_persistence,3,22,23,0.09919219617639144,0.9565217391304348,23
reserve10,joint_none,geometric_persistence,3,23,25,0.07598979869311949,1.0,25
reserve10,joint_none,geometric_persistence,4,0,22,0.0953212842644601,0.9545454545454546,22
reserve10,joint_none,geometric_persistence,4,1,22,0.09057922100348217,0.9545454545454546,22
reserve10,joint_none,geometric_persistence,4,2,20,0.09823502502707963,0.95,20
reserve10,joint_none,geometric_persistence,4,3,17,0.1392386483458795,0.8823529411764706,17
reserve10,joint_none,geometric_persistence,4,4,19,0.1107238532126175,0.9473684210526315,19
reserve10,joint_none,geometric_persistence,4,5,20,0.09829520975997694,1.0,20
reserve10,joint_none,geometric_persistence,4,6,23,0.1024994940537304,0.9565217391304348,23
reserve10,joint_none,geometric_persistence,4,7,21,0.10957788619930313,0.9523809523809523,21
reserve10,joint_none,geometric_persistence,4,8,23,0.11258376430054076,0.9130434782608695,23
reserve10,joint_none,geometric_persistence,4,9,23,0.11343465655278331,0.9565217391304348,23
reserve10,joint_none,geometric_persistence,4,10,23,0.11022592771958953,0.9565217391304348,23
reserve10,joint_none,geometric_persistence,4,11,23,0.11117635134338538,1.0,23
reserve10,joint_none,geometric_persistence,4,12,24,0.10566784946273967,0.875,24
reserve10,joint_none,geometric_persistence,4,13,21,0.1296049076155294,0.9047619047619048,21
reserve10,joint_none,geometric_persistence,4,14,24,0.12307961566493952,0.9166666666666666,24
reserve10,joint_none,geometric_persistence,4,15,25,0.12636662022794154,0.92,25
reserve10,joint_none,geometric_persistence,4,16,24,0.12807819260159345,0.9583333333333334,24
reserve10,joint_none,geometric_persistence,4,17,25,0.12858946362726875,0.88,25
reserve10,joint_none,geometric_persistence,4,18,27,0.1215978978178211,0.8518518518518519,27
reserve10,joint_none,geometric_persistence,4,19,27,0.11371874830645251,0.8518518518518519,27
reserve10,joint_none,geometric_persistence,4,20,23,0.12644911682130336,0.9130434782608695,23
reserve10,joint_none,geometric_persistence,4,21,23,0.11209148177407222,0.9130434782608695,23
reserve10,joint_none,geometric_persistence,4,22,25,0.09668529118849573,0.96,25
reserve10,joint_none,geometric_persistence,4,23,25,0.08027486692283298,0.92,25
reserve10,joint_none,mask50,1,0,22,0.04820411954428598,0.9090909090909091,22
reserve10,joint_none,mask50,1,1,24,0.038974823097836515,0.9583333333333334,24
reserve10,joint_none,mask50,1,2,25,0.04211738938077914,0.92,25
reserve10,joint_none,mask50,1,3,22,0.029792477924464197,0.9545454545454546,22
reserve10,joint_none,mask50,1,4,22,0.03468288227923795,1.0,22
reserve10,joint_none,mask50,1,5,20,0.036809293969582726,0.95,20
reserve10,joint_none,mask50,1,6,17,0.04048454747808744,1.0,17
reserve10,joint_none,mask50,1,7,19,0.038465557829310576,0.8947368421052632,19
reserve10,joint_none,mask50,1,8,20,0.04220967538253702,0.95,20
reserve10,joint_none,mask50,1,9,23,0.04062589281935287,0.9565217391304348,23
reserve10,joint_none,mask50,1,10,21,0.03726924561165527,0.9523809523809523,21
reserve10,joint_none,mask50,1,11,23,0.040905394127225804,0.8695652173913043,23
reserve10,joint_none,mask50,1,12,23,0.041768447343651906,0.8695652173913043,23
reserve10,joint_none,mask50,1,13,23,0.038248031938269,0.8260869565217391,23
reserve10,joint_none,mask50,1,14,23,0.03722744054953901,0.8695652173913043,23
reserve10,joint_none,mask50,1,15,24,0.03247408763834195,0.875,24
reserve10,joint_none,mask50,1,16,21,0.042045114565409415,0.8095238095238095,21
reserve10,joint_none,mask50,1,17,24,0.03133110453734499,0.9166666666666666,24
reserve10,joint_none,mask50,1,18,25,0.039533840281183626,0.84,25
reserve10,joint_none,mask50,1,19,24,0.03922597355791556,0.875,24
reserve10,joint_none,mask50,1,20,25,0.04505624114323036,0.8,25
reserve10,joint_none,mask50,1,21,27,0.030066999698275688,0.9259259259259259,27
reserve10,joint_none,mask50,1,22,27,0.0392342589832232,0.8888888888888888,27
reserve10,joint_none,mask50,1,23,23,0.045945788935733804,0.8695652173913043,23
reserve10,joint_none,mask50,2,0,24,0.04823185403147265,0.9583333333333334,24
reserve10,joint_none,mask50,2,1,25,0.043338297605645656,1.0,25
reserve10,joint_none,mask50,2,2,22,0.04754718412622294,0.9090909090909091,22
reserve10,joint_none,mask50,2,3,22,0.04743392865303635,1.0,22
reserve10,joint_none,mask50,2,4,20,0.0453519268757432,1.0,20
reserve10,joint_none,mask50,2,5,17,0.06254902775000523,1.0,17
reserve10,joint_none,mask50,2,6,19,0.049624438988096105,1.0,19
reserve10,joint_none,mask50,2,7,20,0.05396573717562927,1.0,20
reserve10,joint_none,mask50,2,8,23,0.05262106764671049,0.9130434782608695,23
reserve10,joint_none,mask50,2,9,21,0.05298298402006766,0.9523809523809523,21
reserve10,joint_none,mask50,2,10,23,0.05235566321272792,0.9130434782608695,23
reserve10,joint_none,mask50,2,11,23,0.05339940570647073,0.9130434782608695,23
reserve10,joint_none,mask50,2,12,23,0.04957159845722462,0.8695652173913043,23
reserve10,joint_none,mask50,2,13,23,0.055490339983940075,0.8695652173913043,23
reserve10,joint_none,mask50,2,14,24,0.0525479024044501,0.8333333333333334,24
reserve10,joint_none,mask50,2,15,21,0.06398966730369816,0.8095238095238095,21
reserve10,joint_none,mask50,2,16,24,0.048426207129520414,0.875,24
reserve10,joint_none,mask50,2,17,25,0.05092602037849088,0.92,25
reserve10,joint_none,mask50,2,18,24,0.06013834452869237,0.875,24
reserve10,joint_none,mask50,2,19,25,0.05836563644663651,0.92,25
reserve10,joint_none,mask50,2,20,27,0.051965571047817564,0.9629629629629629,27
reserve10,joint_none,mask50,2,21,27,0.045104021004443315,0.9259259259259259,27
reserve10,joint_none,mask50,2,22,23,0.0631694540355458,0.8260869565217391,23
reserve10,joint_none,mask50,2,23,23,0.06600044901325539,0.8695652173913043,23
reserve10,joint_none,mask50,3,0,25,0.04580408106487363,1.0,25
reserve10,joint_none,mask50,3,1,22,0.05065472380286878,1.0,22
reserve10,joint_none,mask50,3,2,22,0.050064525877515975,0.9545454545454546,22
reserve10,joint_none,mask50,3,3,20,0.050284833432916766,1.0,20
reserve10,joint_none,mask50,3,4,17,0.06432935911470514,0.9411764705882353,17
reserve10,joint_none,mask50,3,5,19,0.06037430313776994,0.8947368421052632,19
reserve10,joint_none,mask50,3,6,20,0.05789494829209194,1.0,20
reserve10,joint_none,mask50,3,7,23,0.05615835003049137,0.9565217391304348,23
reserve10,joint_none,mask50,3,8,21,0.06522004534935012,0.9523809523809523,21
reserve10,joint_none,mask50,3,9,23,0.055949468483988615,0.9130434782608695,23
reserve10,joint_none,mask50,3,10,23,0.053873234354491706,0.9565217391304348,23
reserve10,joint_none,mask50,3,11,23,0.05772040185100357,0.8695652173913043,23
reserve10,joint_none,mask50,3,12,23,0.06026414886519385,0.8260869565217391,23
reserve10,joint_none,mask50,3,13,24,0.05825707532638236,0.875,24
reserve10,joint_none,mask50,3,14,21,0.07312664106159336,0.8095238095238095,21
reserve10,joint_none,mask50,3,15,24,0.05823798977850591,0.875,24
reserve10,joint_none,mask50,3,16,25,0.06245596138967243,0.84,25
reserve10,joint_none,mask50,3,17,24,0.07006206378620393,0.9166666666666666,24
reserve10,joint_none,mask50,3,18,25,0.06387295750096755,0.92,25
reserve10,joint_none,mask50,3,19,27,0.0587365251625836,0.8888888888888888,27
reserve10,joint_none,mask50,3,20,27,0.05503921871186956,0.8888888888888888,27
reserve10,joint_none,mask50,3,21,23,0.06071882163687225,0.9130434782608695,23
reserve10,joint_none,mask50,3,22,23,0.07249199326891625,0.8695652173913043,23
reserve10,joint_none,mask50,3,23,25,0.053455704189046924,0.8,25
reserve10,joint_none,mask50,4,0,22,0.0460073685275014,1.0,22
reserve10,joint_none,mask50,4,1,22,0.05122886824691928,0.9545454545454546,22
reserve10,joint_none,mask50,4,2,20,0.05487867378895513,1.0,20
reserve10,joint_none,mask50,4,3,17,0.06766654050106148,1.0,17
reserve10,joint_none,mask50,4,4,19,0.06297224248815254,1.0,19
reserve10,joint_none,mask50,4,5,20,0.0627011301161359,0.95,20
reserve10,joint_none,mask50,4,6,23,0.058172433128495724,0.9565217391304348,23
reserve10,joint_none,mask50,4,7,21,0.06855558996641102,0.9523809523809523,21
reserve10,joint_none,mask50,4,8,23,0.06141103142225004,0.9130434782608695,23
reserve10,joint_none,mask50,4,9,23,0.05761543792574487,0.9565217391304348,23
reserve10,joint_none,mask50,4,10,23,0.05929434852432054,0.8695652173913043,23
reserve10,joint_none,mask50,4,11,23,0.06322002409772338,0.8260869565217391,23
reserve10,joint_none,mask50,4,12,24,0.061298296185472785,0.8333333333333334,24
reserve10,joint_none,mask50,4,13,21,0.0766439046926312,0.8571428571428571,21
reserve10,joint_none,mask50,4,14,24,0.06371668677981777,0.875,24
reserve10,joint_none,mask50,4,15,25,0.06778585964435216,0.84,25
reserve10,joint_none,mask50,4,16,24,0.07662061162040004,0.7916666666666666,24
reserve10,joint_none,mask50,4,17,25,0.07087293589938891,0.92,25
reserve10,joint_none,mask50,4,18,27,0.06244167197829965,0.8518518518518519,27
reserve10,joint_none,mask50,4,19,27,0.05725195190000745,0.9259259259259259,27
reserve10,joint_none,mask50,4,20,23,0.06419018613013269,0.8695652173913043,23
reserve10,joint_none,mask50,4,21,23,0.07348900646780518,0.8695652173913043,23
reserve10,joint_none,mask50,4,22,25,0.056112627087026024,0.84,25
reserve10,joint_none,mask50,4,23,25,0.046756171808491814,0.96,25
reserve10,joint_none,mi_recency,1,0,22,0.051940037173767446,0.9090909090909091,22
reserve10,joint_none,mi_recency,1,1,24,0.04451446670829921,0.9166666666666666,24
reserve10,joint_none,mi_recency,1,2,25,0.04662129949619061,0.84,25
reserve10,joint_none,mi_recency,1,3,22,0.02908730767381472,1.0,22
reserve10,joint_none,mi_recency,1,4,22,0.04091593207464885,0.8636363636363636,22
reserve10,joint_none,mi_recency,1,5,20,0.04536210610445842,0.85,20
reserve10,joint_none,mi_recency,1,6,17,0.04259303710576149,0.8823529411764706,17
reserve10,joint_none,mi_recency,1,7,19,0.03898702086934386,0.9473684210526315,19
reserve10,joint_none,mi_recency,1,8,20,0.04943094865413085,0.85,20
reserve10,joint_none,mi_recency,1,9,23,0.041935103754645875,0.8260869565217391,23
reserve10,joint_none,mi_recency,1,10,21,0.0369392451490275,0.9047619047619048,21
reserve10,joint_none,mi_recency,1,11,23,0.045179000455511174,0.9130434782608695,23
reserve10,joint_none,mi_recency,1,12,23,0.04445461516672444,0.8695652173913043,23
reserve10,joint_none,mi_recency,1,13,23,0.034514473266997345,0.9565217391304348,23
reserve10,joint_none,mi_recency,1,14,23,0.04120834652918576,0.9565217391304348,23
reserve10,joint_none,mi_recency,1,15,24,0.02970177683599025,1.0,24
reserve10,joint_none,mi_recency,1,16,21,0.045119342960021125,0.9047619047619048,21
reserve10,joint_none,mi_recency,1,17,24,0.0327552361875481,0.9583333333333334,24
reserve10,joint_none,mi_recency,1,18,25,0.03880719390889265,0.92,25
reserve10,joint_none,mi_recency,1,19,24,0.045549489022537665,0.9583333333333334,24
reserve10,joint_none,mi_recency,1,20,25,0.051314472535441906,0.8,25
reserve10,joint_none,mi_recency,1,21,27,0.03346862693823228,0.9259259259259259,27
reserve10,joint_none,mi_recency,1,22,27,0.044177242121807264,0.9259259259259259,27
reserve10,joint_none,mi_recency,1,23,23,0.05741546599946082,0.8260869565217391,23
reserve10,joint_none,mi_recency,2,0,24,0.05610491433307979,0.9166666666666666,24
reserve10,joint_none,mi_recency,2,1,25,0.05573803687294393,1.0,25
reserve10,joint_none,mi_recency,2,2,22,0.04949977168435076,0.9545454545454546,22
reserve10,joint_none,mi_recency,2,3,22,0.050529251043785785,0.9545454545454546,22
reserve10,joint_none,mi_recency,2,4,20,0.04088493514888202,1.0,20
reserve10,joint_none,mi_recency,2,5,17,0.06724746987031409,0.8235294117647058,17
reserve10,joint_none,mi_recency,2,6,19,0.05795170076345455,0.8947368421052632,19
reserve10,joint_none,mi_recency,2,7,20,0.057009509531151484,0.9,20
reserve10,joint_none,mi_recency,2,8,23,0.0585744232821181,0.8695652173913043,23
reserve10,joint_none,mi_recency,2,9,21,0.051539188797512354,0.9047619047619048,21
reserve10,joint_none,mi_recency,2,10,23,0.057797119313356134,0.8695652173913043,23
reserve10,joint_none,mi_recency,2,11,23,0.059228438619063614,0.8695652173913043,23
reserve10,joint_none,mi_recency,2,12,23,0.060816858425125415,0.8695652173913043,23
reserve10,joint_none,mi_recency,2,13,23,0.05676639824759568,0.9130434782608695,23
reserve10,joint_none,mi_recency,2,14,24,0.05155182909492554,0.9583333333333334,24
reserve10,joint_none,mi_recency,2,15,21,0.06235390167764817,0.9047619047619048,21
reserve10,joint_none,mi_recency,2,16,24,0.0436657226234152,0.9583333333333334,24
reserve10,joint_none,mi_recency,2,17,25,0.0548521450223999,0.92,25
reserve10,joint_none,mi_recency,2,18,24,0.068193952170947,0.875,24
reserve10,joint_none,mi_recency,2,19,25,0.06637576382861504,0.92,25
reserve10,joint_none,mi_recency,2,20,27,0.06185005657302965,0.8888888888888888,27
reserve10,joint_none,mi_recency,2,21,27,0.04818145444382719,0.9259259259259259,27
reserve10,joint_none,mi_recency,2,22,23,0.07829675503984032,0.8695652173913043,23
reserve10,joint_none,mi_recency,2,23,23,0.07363618398842461,0.8695652173913043,23
reserve10,joint_none,mi_recency,3,0,25,0.048742065398863554,0.96,25
reserve10,joint_none,mi_recency,3,1,22,0.05527447757740525,0.9545454545454546,22
reserve10,joint_none,mi_recency,3,2,22,0.05328622356679447,1.0,22
reserve10,joint_none,mi_recency,3,3,20,0.04845547268392569,1.0,20
reserve10,joint_none,mi_recency,3,4,17,0.06358235810428864,0.8823529411764706,17
reserve10,joint_none,mi_recency,3,5,19,0.06678221477467222,0.8947368421052632,19
reserve10,joint_none,mi_recency,3,6,20,0.07107171368460193,0.85,20
reserve10,joint_none,mi_recency,3,7,23,0.06736754338968806,0.9130434782608695,23
reserve10,joint_none,mi_recency,3,8,21,0.07287899702666707,0.8571428571428571,21
reserve10,joint_none,mi_recency,3,9,23,0.05841812539698912,0.9565217391304348,23
reserve10,joint_none,mi_recency,3,10,23,0.05636895041681991,0.9130434782608695,23
reserve10,joint_none,mi_recency,3,11,23,0.06043216434201792,0.8695652173913043,23
reserve10,joint_none,mi_recency,3,12,23,0.0708347079719697,0.9130434782608695,23
reserve10,joint_none,mi_recency,3,13,24,0.060488253115358985,0.9166666666666666,24
reserve10,joint_none,mi_recency,3,14,21,0.07590311553308433,0.9047619047619048,21
reserve10,joint_none,mi_recency,3,15,24,0.06016298064048354,0.875,24
reserve10,joint_none,mi_recency,3,16,25,0.05710746599627508,1.0,25
reserve10,joint_none,mi_recency,3,17,24,0.07036988481235198,0.9583333333333334,24
reserve10,joint_none,mi_recency,3,18,25,0.07520211390794912,0.92,25
reserve10,joint_none,mi_recency,3,19,27,0.07465307402461124,0.8518518518518519,27
reserve10,joint_none,mi_recency,3,20,27,0.06010417539915598,0.8888888888888888,27
reserve10,joint_none,mi_recency,3,21,23,0.07325741466646853,0.9130434782608695,23
reserve10,joint_none,mi_recency,3,22,23,0.08403102967657641,0.8260869565217391,23
reserve10,joint_none,mi_recency,3,23,25,0.05733480266932795,0.96,25
reserve10,joint_none,mi_recency,4,0,22,0.0513202509915172,1.0,22
reserve10,joint_none,mi_recency,4,1,22,0.05462807431436542,1.0,22
reserve10,joint_none,mi_recency,4,2,20,0.05227691289084916,1.0,20
reserve10,joint_none,mi_recency,4,3,17,0.06879883433955776,0.9411764705882353,17
reserve10,joint_none,mi_recency,4,4,19,0.06332452826249634,0.8947368421052632,19
reserve10,joint_none,mi_recency,4,5,20,0.07001356605765195,0.95,20
reserve10,joint_none,mi_recency,4,6,23,0.06794340225387517,0.8695652173913043,23
reserve10,joint_none,mi_recency,4,7,21,0.07731525356943816,0.8571428571428571,21
reserve10,joint_none,mi_recency,4,8,23,0.06508947824646602,0.9565217391304348,23
reserve10,joint_none,mi_recency,4,9,23,0.058786527299394924,0.9565217391304348,23
reserve10,joint_none,mi_recency,4,10,23,0.060459687203655944,0.9565217391304348,23
reserve10,joint_none,mi_recency,4,11,23,0.08055209491609597,0.9130434782608695,23
reserve10,joint_none,mi_recency,4,12,24,0.06854943890737909,0.9166666666666666,24
reserve10,joint_none,mi_recency,4,13,21,0.09110966605532769,0.8571428571428571,21
reserve10,joint_none,mi_recency,4,14,24,0.07341309202033465,0.875,24
reserve10,joint_none,mi_recency,4,15,25,0.06937292182990781,0.92,25
reserve10,joint_none,mi_recency,4,16,24,0.08059856371833517,0.875,24
reserve10,joint_none,mi_recency,4,17,25,0.08173492358368534,0.84,25
reserve10,joint_none,mi_recency,4,18,27,0.07437891796342884,0.8518518518518519,27
reserve10,joint_none,mi_recency,4,19,27,0.06471790282894466,0.9259259259259259,27
reserve10,joint_none,mi_recency,4,20,23,0.07103542133766484,0.9130434782608695,23
reserve10,joint_none,mi_recency,4,21,23,0.07456318306910732,0.8695652173913043,23
reserve10,joint_none,mi_recency,4,22,25,0.06962130433275383,0.92,25
reserve10,joint_none,mi_recency,4,23,25,0.05321019480491309,0.96,25
reserve10,joint_none,multiple_imputation,1,0,22,0.05265882589477702,0.8636363636363636,22
reserve10,joint_none,multiple_imputation,1,1,24,0.04583650687609111,0.8333333333333334,24
reserve10,joint_none,multiple_imputation,1,2,25,0.04865826784196723,0.8,25
reserve10,joint_none,multiple_imputation,1,3,22,0.028355114685752334,1.0,22
reserve10,joint_none,multiple_imputation,1,4,22,0.04128417536857554,0.8636363636363636,22
reserve10,joint_none,multiple_imputation,1,5,20,0.045273735279324,0.85,20
reserve10,joint_none,multiple_imputation,1,6,17,0.04215885065173828,0.8235294117647058,17
reserve10,joint_none,multiple_imputation,1,7,19,0.038310180558562626,0.9473684210526315,19
reserve10,joint_none,multiple_imputation,1,8,20,0.04995990834105083,0.85,20
reserve10,joint_none,multiple_imputation,1,9,23,0.042478049078590305,0.8260869565217391,23
reserve10,joint_none,multiple_imputation,1,10,21,0.03687784203889598,0.9047619047619048,21
reserve10,joint_none,multiple_imputation,1,11,23,0.04511690271365636,0.8260869565217391,23
reserve10,joint_none,multiple_imputation,1,12,23,0.044500965851687876,0.8260869565217391,23
reserve10,joint_none,multiple_imputation,1,13,23,0.03399168993806212,0.9565217391304348,23
reserve10,joint_none,multiple_imputation,1,14,23,0.04103479827367016,0.9565217391304348,23
reserve10,joint_none,multiple_imputation,1,15,24,0.029309216367256575,0.9583333333333334,24
reserve10,joint_none,multiple_imputation,1,16,21,0.04572889551151765,0.8571428571428571,21
reserve10,joint_none,multiple_imputation,1,17,24,0.03245068417080907,0.9583333333333334,24
reserve10,joint_none,multiple_imputation,1,18,25,0.03807270283763558,0.88,25
reserve10,joint_none,multiple_imputation,1,19,24,0.045339629519029805,0.9166666666666666,24
reserve10,joint_none,multiple_imputation,1,20,25,0.05111794397339538,0.8,25
reserve10,joint_none,multiple_imputation,1,21,27,0.03273348108295963,0.8888888888888888,27
reserve10,joint_none,multiple_imputation,1,22,27,0.04449911885250927,0.8518518518518519,27
reserve10,joint_none,multiple_imputation,1,23,23,0.05804979454058725,0.782608695652174,23
reserve10,joint_none,multiple_imputation,2,0,24,0.057707436005024225,0.875,24
reserve10,joint_none,multiple_imputation,2,1,25,0.057935706406881324,0.84,25
reserve10,joint_none,multiple_imputation,2,2,22,0.04992717266165578,0.8636363636363636,22
reserve10,joint_none,multiple_imputation,2,3,22,0.05257322880739821,0.8181818181818182,22
reserve10,joint_none,multiple_imputation,2,4,20,0.03924492017003867,0.9,20
reserve10,joint_none,multiple_imputation,2,5,17,0.06885617912328436,0.8235294117647058,17
reserve10,joint_none,multiple_imputation,2,6,19,0.05859067458560779,0.7368421052631579,19
reserve10,joint_none,multiple_imputation,2,7,20,0.058034225690991294,0.85,20
reserve10,joint_none,multiple_imputation,2,8,23,0.05941496255613112,0.8695652173913043,23
reserve10,joint_none,multiple_imputation,2,9,21,0.05241797346868657,0.7619047619047619,21
reserve10,joint_none,multiple_imputation,2,10,23,0.059985483126493676,0.8260869565217391,23
reserve10,joint_none,multiple_imputation,2,11,23,0.06101083952974126,0.8260869565217391,23
reserve10,joint_none,multiple_imputation,2,12,23,0.06261838083066773,0.782608695652174,23
reserve10,joint_none,multiple_imputation,2,13,23,0.05700667108837732,0.8695652173913043,23
reserve10,joint_none,multiple_imputation,2,14,24,0.050771253986019775,0.9166666666666666,24
reserve10,joint_none,multiple_imputation,2,15,21,0.06309803899177371,0.7619047619047619,21
reserve10,joint_none,multiple_imputation,2,16,24,0.04256023150850926,0.9166666666666666,24
reserve10,joint_none,multiple_imputation,2,17,25,0.05504214383530998,0.84,25
reserve10,joint_none,multiple_imputation,2,18,24,0.06880786369140283,0.7083333333333334,24
reserve10,joint_none,multiple_imputation,2,19,25,0.06476347125112798,0.88,25
reserve10,joint_none,multiple_imputation,2,20,27,0.062254303372812105,0.8148148148148148,27
reserve10,joint_none,multiple_imputation,2,21,27,0.0492547021357811,0.8148148148148148,27
reserve10,joint_none,multiple_imputation,2,22,23,0.07991622844382132,0.8695652173913043,23
reserve10,joint_none,multiple_imputation,2,23,23,0.075548652556634,0.7391304347826086,23
reserve10,joint_none,multiple_imputation,3,0,25,0.048379720339361866,0.88,25
reserve10,joint_none,multiple_imputation,3,1,22,0.05662967967826544,0.8636363636363636,22
reserve10,joint_none,multiple_imputation,3,2,22,0.054061364838986,0.8181818181818182,22
reserve10,joint_none,multiple_imputation,3,3,20,0.046499528391433044,0.9,20
reserve10,joint_none,multiple_imputation,3,4,17,0.06450950063386263,0.7647058823529411,17
reserve10,joint_none,multiple_imputation,3,5,19,0.06779925152179715,0.7368421052631579,19
reserve10,joint_none,multiple_imputation,3,6,20,0.07481408506488355,0.7,20
reserve10,joint_none,multiple_imputation,3,7,23,0.06891601963732326,0.8695652173913043,23
reserve10,joint_none,multiple_imputation,3,8,21,0.07470569902123378,0.8571428571428571,21
reserve10,joint_none,multiple_imputation,3,9,23,0.05971295611653356,0.8695652173913043,23
reserve10,joint_none,multiple_imputation,3,10,23,0.05860746911153426,0.782608695652174,23
reserve10,joint_none,multiple_imputation,3,11,23,0.0634671653114016,0.782608695652174,23
reserve10,joint_none,multiple_imputation,3,12,23,0.07344826358272566,0.782608695652174,23
reserve10,joint_none,multiple_imputation,3,13,24,0.0618282159472155,0.875,24
reserve10,joint_none,multiple_imputation,3,14,21,0.07632198660063165,0.8095238095238095,21
reserve10,joint_none,multiple_imputation,3,15,24,0.060283957185283815,0.8333333333333334,24
reserve10,joint_none,multiple_imputation,3,16,25,0.057641830588924525,0.88,25
reserve10,joint_none,multiple_imputation,3,17,24,0.07124429355941767,0.8333333333333334,24
reserve10,joint_none,multiple_imputation,3,18,25,0.07625576539560772,0.8,25
reserve10,joint_none,multiple_imputation,3,19,27,0.07591879443069302,0.7777777777777778,27
reserve10,joint_none,multiple_imputation,3,20,27,0.062170496188546136,0.7777777777777778,27
reserve10,joint_none,multiple_imputation,3,21,23,0.07397160665561606,0.8695652173913043,23
reserve10,joint_none,multiple_imputation,3,22,23,0.08779004479171684,0.782608695652174,23
reserve10,joint_none,multiple_imputation,3,23,25,0.058899363165870036,0.84,25
reserve10,joint_none,multiple_imputation,4,0,22,0.05072961481127664,0.8636363636363636,22
reserve10,joint_none,multiple_imputation,4,1,22,0.05484252664500451,0.8636363636363636,22
reserve10,joint_none,multiple_imputation,4,2,20,0.05043342711076894,0.85,20
reserve10,joint_none,multiple_imputation,4,3,17,0.071991374816714,0.7058823529411765,17
reserve10,joint_none,multiple_imputation,4,4,19,0.06487052686485563,0.7894736842105263,19
reserve10,joint_none,multiple_imputation,4,5,20,0.07670167807495366,0.65,20
reserve10,joint_none,multiple_imputation,4,6,23,0.07205626125345545,0.782608695652174,23
reserve10,joint_none,multiple_imputation,4,7,21,0.08059863692846807,0.8571428571428571,21
reserve10,joint_none,multiple_imputation,4,8,23,0.06712098577323002,0.8695652173913043,23
reserve10,joint_none,multiple_imputation,4,9,23,0.06012457160065117,0.8260869565217391,23
reserve10,joint_none,multiple_imputation,4,10,23,0.06399044252699194,0.8260869565217391,23
reserve10,joint_none,multiple_imputation,4,11,23,0.08409800834325117,0.7391304347826086,23
reserve10,joint_none,multiple_imputation,4,12,24,0.06879219534025979,0.9166666666666666,24
reserve10,joint_none,multiple_imputation,4,13,21,0.09181186769283758,0.8571428571428571,21
reserve10,joint_none,multiple_imputation,4,14,24,0.0730648362269656,0.8333333333333334,24
reserve10,joint_none,multiple_imputation,4,15,25,0.0719857719096375,0.8,25
reserve10,joint_none,multiple_imputation,4,16,24,0.08140302613245878,0.7916666666666666,24
reserve10,joint_none,multiple_imputation,4,17,25,0.0823322506687457,0.84,25
reserve10,joint_none,multiple_imputation,4,18,27,0.07643923101696304,0.8148148148148148,27
reserve10,joint_none,multiple_imputation,4,19,27,0.0669396620971627,0.7407407407407407,27
reserve10,joint_none,multiple_imputation,4,20,23,0.07410175847816522,0.8260869565217391,23
reserve10,joint_none,multiple_imputation,4,21,23,0.07808257817870003,0.8260869565217391,23
reserve10,joint_none,multiple_imputation,4,22,25,0.07475571721597239,0.8,25
reserve10,joint_none,multiple_imputation,4,23,25,0.05174193098493341,0.92,25
reserve10,joint_none,persistence,1,0,22,0.06597451341150663,0.9545454545454546,22
reserve10,joint_none,persistence,1,1,24,0.06521940179900083,0.9583333333333334,24
reserve10,joint_none,persistence,1,2,25,0.07434984028044217,0.96,25
reserve10,joint_none,persistence,1,3,22,0.06356772655037299,1.0,22
reserve10,joint_none,persistence,1,4,22,0.0712074788447936,0.9545454545454546,22
reserve10,joint_none,persistence,1,5,20,0.06663373009491921,0.95,20
reserve10,joint_none,persistence,1,6,17,0.0677762805160189,1.0,17
reserve10,joint_none,persistence,1,7,19,0.058792977395665504,0.9473684210526315,19
reserve10,joint_none,persistence,1,8,20,0.06285872854634353,1.0,20
reserve10,joint_none,persistence,1,9,23,0.07292638141526175,0.9130434782608695,23
reserve10,joint_none,persistence,1,10,21,0.05585332606039439,1.0,21
reserve10,joint_none,persistence,1,11,23,0.06944739845182638,0.9565217391304348,23
reserve10,joint_none,persistence,1,12,23,0.08077230918533718,0.8695652173913043,23
reserve10,joint_none,persistence,1,13,23,0.07050322555983807,0.9565217391304348,23
reserve10,joint_none,persistence,1,14,23,0.05337569284785381,1.0,23
reserve10,joint_none,persistence,1,15,24,0.053878118170041456,0.9583333333333334,24
reserve10,joint_none,persistence,1,16,21,0.0699883054089225,0.9523809523809523,21
reserve10,joint_none,persistence,1,17,24,0.06470168353170173,0.9583333333333334,24
reserve10,joint_none,persistence,1,18,25,0.06194420379889455,1.0,25
reserve10,joint_none,persistence,1,19,24,0.06907802229281816,0.9583333333333334,24
reserve10,joint_none,persistence,1,20,25,0.08054192497563775,0.92,25
reserve10,joint_none,persistence,1,21,27,0.06395326135723733,0.9259259259259259,27
reserve10,joint_none,persistence,1,22,27,0.06138140957900289,0.9629629629629629,27
reserve10,joint_none,persistence,1,23,23,0.0710652650382653,0.9565217391304348,23
reserve10,joint_none,persistence,2,0,24,0.089687769781591,1.0,24
reserve10,joint_none,persistence,2,1,25,0.10018972502172618,0.92,25
reserve10,joint_none,persistence,2,2,22,0.12020889793418076,0.9090909090909091,22
reserve10,joint_none,persistence,2,3,22,0.10099899028711058,0.9545454545454546,22
reserve10,joint_none,persistence,2,4,20,0.09607359535496386,0.95,20
reserve10,joint_none,persistence,2,5,17,0.11990538867040566,0.8823529411764706,17
reserve10,joint_none,persistence,2,6,19,0.09157017375604189,0.9473684210526315,19
reserve10,joint_none,persistence,2,7,20,0.08330555424016793,1.0,20
reserve10,joint_none,persistence,2,8,23,0.10545485294481106,1.0,23
reserve10,joint_none,persistence,2,9,21,0.11021421372995627,0.9047619047619048,21
reserve10,joint_none,persistence,2,10,23,0.09096919133117512,1.0,23
reserve10,joint_none,persistence,2,11,23,0.12388716444533791,0.9130434782608695,23
reserve10,joint_none,persistence,2,12,23,0.12682528693627995,0.9130434782608695,23
reserve10,joint_none,persistence,2,13,23,0.09942013031529597,0.8695652173913043,23
reserve10,joint_none,persistence,2,14,24,0.0817559748633034,0.9583333333333334,24
reserve10,joint_none,persistence,2,15,21,0.11878055868711025,0.9523809523809523,21
reserve10,joint_none,persistence,2,16,24,0.10622182401112529,0.9166666666666666,24
reserve10,joint_none,persistence,2,17,25,0.10139525698994473,1.0,25
reserve10,joint_none,persistence,2,18,24,0.10131528471695188,0.9583333333333334,24
reserve10,joint_none,persistence,2,19,25,0.12416258933046344,0.92,25
reserve10,joint_none,persistence,2,20,27,0.1176337904691043,0.8518518518518519,27
reserve10,joint_none,persistence,2,21,27,0.08600369255129597,0.9629629629629629,27
reserve10,joint_none,persistence,2,22,23,0.1145177859930494,0.9130434782608695,23
reserve10,joint_none,persistence,2,23,23,0.09863729034762274,0.9565217391304348,23
reserve10,joint_none,persistence,3,0,25,0.10390710597903911,0.96,25
reserve10,joint_none,persistence,3,1,22,0.1355396780159777,0.9090909090909091,22
reserve10,joint_none,persistence,3,2,22,0.12406021735657756,0.9545454545454546,22
reserve10,joint_none,persistence,3,3,20,0.11561396134579613,1.0,20
reserve10,joint_none,persistence,3,4,17,0.15350425255589736,0.8823529411764706,17
reserve10,joint_none,persistence,3,5,19,0.12095092881232097,0.9473684210526315,19
reserve10,joint_none,persistence,3,6,20,0.11136550530824829,1.0,20
reserve10,joint_none,persistence,3,7,23,0.12201496122601485,0.9565217391304348,23
reserve10,joint_none,persistence,3,8,21,0.13415262133057984,0.9047619047619048,21
reserve10,joint_none,persistence,3,9,23,0.1268270137921704,0.9565217391304348,23
reserve10,joint_none,persistence,3,10,23,0.14448290297138422,0.9565217391304348,23
reserve10,joint_none,persistence,3,11,23,0.14950855879138475,0.9130434782608695,23
reserve10,joint_none,persistence,3,12,23,0.14611859236766583,0.8695652173913043,23
reserve10,joint_none,persistence,3,13,24,0.11239106152485473,0.875,24
reserve10,joint_none,persistence,3,14,21,0.13688822204489087,0.9047619047619048,21
reserve10,joint_none,persistence,3,15,24,0.13810541426638231,0.875,24
reserve10,joint_none,persistence,3,16,25,0.1326614686332058,0.92,25
reserve10,joint_none,persistence,3,17,24,0.1296060528741275,0.9583333333333334,24
reserve10,joint_none,persistence,3,18,25,0.13425141357874149,0.88,25
reserve10,joint_none,persistence,3,19,27,0.15390999026203075,0.8518518518518519,27
reserve10,joint_none,persistence,3,20,27,0.11554394023049729,0.9629629629629629,27
reserve10,joint_none,persistence,3,21,23,0.1306535504818286,0.8695652173913043,23
reserve10,joint_none,persistence,3,22,23,0.13110843564272312,0.9565217391304348,23
reserve10,joint_none,persistence,3,23,25,0.12165824225093537,1.0,25
reserve10,joint_none,persistence,4,0,22,0.13042079643852425,0.9090909090909091,22
reserve10,joint_none,persistence,4,1,22,0.13242577828593652,0.9090909090909091,22
reserve10,joint_none,persistence,4,2,20,0.120544239540338,0.95,20
reserve10,joint_none,persistence,4,3,17,0.1610902399296281,0.8823529411764706,17
reserve10,joint_none,persistence,4,4,19,0.1401220863981382,0.9473684210526315,19
reserve10,joint_none,persistence,4,5,20,0.13362807765263604,0.95,20
reserve10,joint_none,persistence,4,6,23,0.1392156129939598,0.9565217391304348,23
reserve10,joint_none,persistence,4,7,21,0.14344238071603194,0.9523809523809523,21
reserve10,joint_none,persistence,4,8,23,0.1437613369089674,0.9565217391304348,23
reserve10,joint_none,persistence,4,9,23,0.18252375202404056,0.8695652173913043,23
reserve10,joint_none,persistence,4,10,23,0.1580076109146933,0.9565217391304348,23
reserve10,joint_none,persistence,4,11,23,0.15722340273728647,0.9130434782608695,23
reserve10,joint_none,persistence,4,12,24,0.13530718439798575,0.875,24
reserve10,joint_none,persistence,4,13,21,0.1627637422219438,0.9047619047619048,21
reserve10,joint_none,persistence,4,14,24,0.14081812748901643,0.9166666666666666,24
reserve10,joint_none,persistence,4,15,25,0.1492360593426233,0.92,25
reserve10,joint_none,persistence,4,16,24,0.15054708028070082,0.9166666666666666,24
reserve10,joint_none,persistence,4,17,25,0.14637612232706207,0.88,25
reserve10,joint_none,persistence,4,18,27,0.15800837377326624,0.8518518518518519,27
reserve10,joint_none,persistence,4,19,27,0.13714293727706128,0.9259259259259259,27
reserve10,joint_none,persistence,4,20,23,0.16386822605712528,0.8260869565217391,23
reserve10,joint_none,persistence,4,21,23,0.13723325354665777,0.9130434782608695,23
reserve10,joint_none,persistence,4,22,25,0.15269059625410286,0.96,25
reserve10,joint_none,persistence,4,23,25,0.13298453419234693,1.0,25
reserve10,joint_none,physical,1,0,22,0.04811063549280826,0.9090909090909091,22
reserve10,joint_none,physical,1,1,24,0.03899970171953544,0.9583333333333334,24
reserve10,joint_none,physical,1,2,25,0.04190082372941434,0.92,25
reserve10,joint_none,physical,1,3,22,0.029813922034677365,0.9545454545454546,22
reserve10,joint_none,physical,1,4,22,0.03487755295626457,0.9545454545454546,22
reserve10,joint_none,physical,1,5,20,0.036960260900188224,0.95,20
reserve10,joint_none,physical,1,6,17,0.040329408557230564,1.0,17
reserve10,joint_none,physical,1,7,19,0.03849132295455666,0.8947368421052632,19
reserve10,joint_none,physical,1,8,20,0.04195403847844596,0.95,20
reserve10,joint_none,physical,1,9,23,0.04027679375939606,1.0,23
reserve10,joint_none,physical,1,10,21,0.03732893872841644,0.9523809523809523,21
reserve10,joint_none,physical,1,11,23,0.04089187365062069,0.9130434782608695,23
reserve10,joint_none,physical,1,12,23,0.04145669464297991,0.8695652173913043,23
reserve10,joint_none,physical,1,13,23,0.038236088760974354,0.8260869565217391,23
reserve10,joint_none,physical,1,14,23,0.03732589058284676,0.9130434782608695,23
reserve10,joint_none,physical,1,15,24,0.03222889846172761,0.9166666666666666,24
reserve10,joint_none,physical,1,16,21,0.041716660584719976,0.8095238095238095,21
reserve10,joint_none,physical,1,17,24,0.03129213732936025,0.9583333333333334,24
reserve10,joint_none,physical,1,18,25,0.03954739091251798,0.8,25
reserve10,joint_none,physical,1,19,24,0.03899576275791294,0.9166666666666666,24
reserve10,joint_none,physical,1,20,25,0.04490844020022621,0.84,25
reserve10,joint_none,physical,1,21,27,0.030033221530449645,0.8888888888888888,27
reserve10,joint_none,physical,1,22,27,0.03916601529138628,0.8888888888888888,27
reserve10,joint_none,physical,1,23,23,0.04580847465682607,0.8260869565217391,23
reserve10,joint_none,physical,2,0,24,0.04845339772328577,1.0,24
reserve10,joint_none,physical,2,1,25,0.043225391080267565,1.0,25
reserve10,joint_none,physical,2,2,22,0.047516954178039444,0.9090909090909091,22
reserve10,joint_none,physical,2,3,22,0.047525560801045176,1.0,22
reserve10,joint_none,physical,2,4,20,0.04544898845959095,1.0,20
reserve10,joint_none,physical,2,5,17,0.062407991578200615,1.0,17
reserve10,joint_none,physical,2,6,19,0.04993583498754807,1.0,19
reserve10,joint_none,physical,2,7,20,0.05389980889256546,1.0,20
reserve10,joint_none,physical,2,8,23,0.0524640920387388,0.9130434782608695,23
reserve10,joint_none,physical,2,9,21,0.0530888069164085,0.9523809523809523,21
reserve10,joint_none,physical,2,10,23,0.05244101233200098,0.9130434782608695,23
reserve10,joint_none,physical,2,11,23,0.05364167761858497,0.9130434782608695,23
reserve10,joint_none,physical,2,12,23,0.04956845431613383,0.8695652173913043,23
reserve10,joint_none,physical,2,13,23,0.055488273081022436,0.782608695652174,23
reserve10,joint_none,physical,2,14,24,0.052744899892548346,0.7916666666666666,24
reserve10,joint_none,physical,2,15,21,0.06390294879140067,0.8095238095238095,21
reserve10,joint_none,physical,2,16,24,0.04835675687179678,0.8333333333333334,24
reserve10,joint_none,physical,2,17,25,0.05080211715562535,0.88,25
reserve10,joint_none,physical,2,18,24,0.060080362256398005,0.875,24
reserve10,joint_none,physical,2,19,25,0.058605437083766636,0.88,25
reserve10,joint_none,physical,2,20,27,0.05188235828576874,0.9629629629629629,27
reserve10,joint_none,physical,2,21,27,0.04508915449586458,0.9629629629629629,27
reserve10,joint_none,physical,2,22,23,0.06316253950248911,0.8260869565217391,23
reserve10,joint_none,physical,2,23,23,0.06588497287917937,0.8695652173913043,23
reserve10,joint_none,physical,3,0,25,0.04608232299203226,1.0,25
reserve10,joint_none,physical,3,1,22,0.05100311087600906,1.0,22
reserve10,joint_none,physical,3,2,22,0.050052382403279035,0.9545454545454546,22
reserve10,joint_none,physical,3,3,20,0.05035479088868742,1.0,20
reserve10,joint_none,physical,3,4,17,0.06398102594753505,0.9411764705882353,17
reserve10,joint_none,physical,3,5,19,0.0605422327122058,0.8947368421052632,19
reserve10,joint_none,physical,3,6,20,0.05771814237787039,1.0,20
reserve10,joint_none,physical,3,7,23,0.0557967955203309,0.9565217391304348,23
reserve10,joint_none,physical,3,8,21,0.06489436715736689,0.9523809523809523,21
reserve10,joint_none,physical,3,9,23,0.055647958203885566,0.9130434782608695,23
reserve10,joint_none,physical,3,10,23,0.054136295004113454,1.0,23
reserve10,joint_none,physical,3,11,23,0.05775833104813719,0.9130434782608695,23
reserve10,joint_none,physical,3,12,23,0.06026944145316422,0.8695652173913043,23
reserve10,joint_none,physical,3,13,24,0.05834895636765011,0.75,24
reserve10,joint_none,physical,3,14,21,0.07305054891633021,0.7619047619047619,21
reserve10,joint_none,physical,3,15,24,0.05802249613849916,0.875,24
reserve10,joint_none,physical,3,16,25,0.06253527501622928,0.84,25
reserve10,joint_none,physical,3,17,24,0.0701146252526736,0.9166666666666666,24
reserve10,joint_none,physical,3,18,25,0.06466275155773793,0.92,25
reserve10,joint_none,physical,3,19,27,0.058521286975863784,0.8888888888888888,27
reserve10,joint_none,physical,3,20,27,0.055016911776258566,0.9259259259259259,27
reserve10,joint_none,physical,3,21,23,0.060526597681784686,0.9130434782608695,23
reserve10,joint_none,physical,3,22,23,0.07172960414283117,0.9130434782608695,23
reserve10,joint_none,physical,3,23,25,0.05321102586094034,0.84,25
reserve10,joint_none,physical,4,0,22,0.04600590073835342,1.0,22
reserve10,joint_none,physical,4,1,22,0.05138209112430095,1.0,22
reserve10,joint_none,physical,4,2,20,0.055017164209064794,1.0,20
reserve10,joint_none,physical,4,3,17,0.0674547887261204,1.0,17
reserve10,joint_none,physical,4,4,19,0.06299008685623733,1.0,19
reserve10,joint_none,physical,4,5,20,0.062361130819863345,1.0,20
reserve10,joint_none,physical,4,6,23,0.05811699048229722,0.9565217391304348,23
reserve10,joint_none,physical,4,7,21,0.068508946715893,0.9523809523809523,21
reserve10,joint_none,physical,4,8,23,0.06113253121900573,1.0,23
reserve10,joint_none,physical,4,9,23,0.057779649027802325,1.0,23
reserve10,joint_none,physical,4,10,23,0.059649115171977976,0.8260869565217391,23
reserve10,joint_none,physical,4,11,23,0.06321205446305232,0.8260869565217391,23
reserve10,joint_none,physical,4,12,24,0.061393333935033274,0.8333333333333334,24
reserve10,joint_none,physical,4,13,21,0.07690221552889882,0.8571428571428571,21
reserve10,joint_none,physical,4,14,24,0.0635648748398636,0.875,24
reserve10,joint_none,physical,4,15,25,0.06743572528584071,0.84,25
reserve10,joint_none,physical,4,16,24,0.07692702538215922,0.7916666666666666,24
reserve10,joint_none,physical,4,17,25,0.071536383950545,0.92,25
reserve10,joint_none,physical,4,18,27,0.06243484590157341,0.8518518518518519,27
reserve10,joint_none,physical,4,19,27,0.05713147003984257,0.8888888888888888,27
reserve10,joint_none,physical,4,20,23,0.06427428869214995,0.8695652173913043,23
reserve10,joint_none,physical,4,21,23,0.07270329061893994,0.8695652173913043,23
reserve10,joint_none,physical,4,22,25,0.05548323321202013,0.92,25
reserve10,joint_none,physical,4,23,25,0.04662984161028017,0.96,25
reserve10,joint_none,physical_availability,1,0,22,0.047810496226481376,0.9545454545454546,22
reserve10,joint_none,physical_availability,1,1,24,0.03880078309972119,0.9583333333333334,24
reserve10,joint_none,physical_availability,1,2,25,0.04216014212867212,0.92,25
reserve10,joint_none,physical_availability,1,3,22,0.029422908427474612,1.0,22
reserve10,joint_none,physical_availability,1,4,22,0.03462358279554474,1.0,22
reserve10,joint_none,physical_availability,1,5,20,0.03696087305474563,0.95,20
reserve10,joint_none,physical_availability,1,6,17,0.040093166163188386,1.0,17
reserve10,joint_none,physical_availability,1,7,19,0.03845538174156887,0.8947368421052632,19
reserve10,joint_none,physical_availability,1,8,20,0.04186010721119631,1.0,20
reserve10,joint_none,physical_availability,1,9,23,0.04045824863979295,0.9565217391304348,23
reserve10,joint_none,physical_availability,1,10,21,0.03716944879619927,0.9523809523809523,21
reserve10,joint_none,physical_availability,1,11,23,0.04122019394855153,0.9130434782608695,23
reserve10,joint_none,physical_availability,1,12,23,0.041582746682686904,0.8695652173913043,23
reserve10,joint_none,physical_availability,1,13,23,0.03842292563046965,0.8260869565217391,23
reserve10,joint_none,physical_availability,1,14,23,0.037540994016856406,0.8695652173913043,23
reserve10,joint_none,physical_availability,1,15,24,0.032131519881419844,0.875,24
reserve10,joint_none,physical_availability,1,16,21,0.04149346742525854,0.8095238095238095,21
reserve10,joint_none,physical_availability,1,17,24,0.03136792765551825,0.9583333333333334,24
reserve10,joint_none,physical_availability,1,18,25,0.039500441310068954,0.8,25
reserve10,joint_none,physical_availability,1,19,24,0.03925715508224919,0.875,24
reserve10,joint_none,physical_availability,1,20,25,0.04499280178136126,0.84,25
reserve10,joint_none,physical_availability,1,21,27,0.029955619113171038,0.8888888888888888,27
reserve10,joint_none,physical_availability,1,22,27,0.03902569405490864,0.9259259259259259,27
reserve10,joint_none,physical_availability,1,23,23,0.04540455583528917,0.8695652173913043,23
reserve10,joint_none,physical_availability,2,0,24,0.04821618229432445,0.9583333333333334,24
reserve10,joint_none,physical_availability,2,1,25,0.04334718617869257,1.0,25
reserve10,joint_none,physical_availability,2,2,22,0.047451595947303395,0.9090909090909091,22
reserve10,joint_none,physical_availability,2,3,22,0.04744842384988335,1.0,22
reserve10,joint_none,physical_availability,2,4,20,0.04538638381293357,1.0,20
reserve10,joint_none,physical_availability,2,5,17,0.062267794800200234,1.0,17
reserve10,joint_none,physical_availability,2,6,19,0.04967994105878268,1.0,19
reserve10,joint_none,physical_availability,2,7,20,0.05397731120440456,1.0,20
reserve10,joint_none,physical_availability,2,8,23,0.05280827564015772,0.9130434782608695,23
reserve10,joint_none,physical_availability,2,9,21,0.05314024166148313,0.9523809523809523,21
reserve10,joint_none,physical_availability,2,10,23,0.05262924722360509,0.8260869565217391,23
reserve10,joint_none,physical_availability,2,11,23,0.053754923135938014,0.9130434782608695,23
reserve10,joint_none,physical_availability,2,12,23,0.049563617281246815,0.8695652173913043,23
reserve10,joint_none,physical_availability,2,13,23,0.05509373301379057,0.8260869565217391,23
reserve10,joint_none,physical_availability,2,14,24,0.05260572620597722,0.7916666666666666,24
reserve10,joint_none,physical_availability,2,15,21,0.06392193529213934,0.7619047619047619,21
reserve10,joint_none,physical_availability,2,16,24,0.047989295876570776,0.8333333333333334,24
reserve10,joint_none,physical_availability,2,17,25,0.051112256170320725,0.88,25
reserve10,joint_none,physical_availability,2,18,24,0.06045760438783418,0.9166666666666666,24
reserve10,joint_none,physical_availability,2,19,25,0.0589787945782714,0.88,25
reserve10,joint_none,physical_availability,2,20,27,0.052391731801093716,0.9259259259259259,27
reserve10,joint_none,physical_availability,2,21,27,0.0451114696654104,0.9629629629629629,27
reserve10,joint_none,physical_availability,2,22,23,0.06316461791340292,0.8260869565217391,23
reserve10,joint_none,physical_availability,2,23,23,0.06585931612851312,0.8695652173913043,23
reserve10,joint_none,physical_availability,3,0,25,0.04610990715216067,1.0,25
reserve10,joint_none,physical_availability,3,1,22,0.05096955791425139,1.0,22
reserve10,joint_none,physical_availability,3,2,22,0.05003396674711305,0.9545454545454546,22
reserve10,joint_none,physical_availability,3,3,20,0.050305500098024744,1.0,20
reserve10,joint_none,physical_availability,3,4,17,0.06428691205775972,0.9411764705882353,17
reserve10,joint_none,physical_availability,3,5,19,0.06030402899646461,0.8947368421052632,19
reserve10,joint_none,physical_availability,3,6,20,0.057580502949430346,0.95,20
reserve10,joint_none,physical_availability,3,7,23,0.05620721003492424,0.9565217391304348,23
reserve10,joint_none,physical_availability,3,8,21,0.06521538372452208,0.9523809523809523,21
reserve10,joint_none,physical_availability,3,9,23,0.05570301389055698,0.9565217391304348,23
reserve10,joint_none,physical_availability,3,10,23,0.0543823318262828,1.0,23
reserve10,joint_none,physical_availability,3,11,23,0.05795706588384344,0.8695652173913043,23
reserve10,joint_none,physical_availability,3,12,23,0.060232950933757974,0.8695652173913043,23
reserve10,joint_none,physical_availability,3,13,24,0.05792417674086534,0.7916666666666666,24
reserve10,joint_none,physical_availability,3,14,21,0.07281776803715703,0.7619047619047619,21
reserve10,joint_none,physical_availability,3,15,24,0.05779930562982657,0.875,24
reserve10,joint_none,physical_availability,3,16,25,0.06256827710617413,0.84,25
reserve10,joint_none,physical_availability,3,17,24,0.07015229285928452,0.9166666666666666,24
reserve10,joint_none,physical_availability,3,18,25,0.06491291911379786,0.88,25
reserve10,joint_none,physical_availability,3,19,27,0.058945510203164894,0.8518518518518519,27
reserve10,joint_none,physical_availability,3,20,27,0.05537735978400044,0.9259259259259259,27
reserve10,joint_none,physical_availability,3,21,23,0.061202126742840056,0.8695652173913043,23
reserve10,joint_none,physical_availability,3,22,23,0.07220129454014595,0.8695652173913043,23
reserve10,joint_none,physical_availability,3,23,25,0.05269353234722146,0.88,25
reserve10,joint_none,physical_availability,4,0,22,0.046097906570165985,1.0,22
reserve10,joint_none,physical_availability,4,1,22,0.05161582692573636,1.0,22
reserve10,joint_none,physical_availability,4,2,20,0.05531452637177566,1.0,20
reserve10,joint_none,physical_availability,4,3,17,0.06781383129154742,1.0,17
reserve10,joint_none,physical_availability,4,4,19,0.0630571468379254,1.0,19
reserve10,joint_none,physical_availability,4,5,20,0.06257445998847364,0.95,20
reserve10,joint_none,physical_availability,4,6,23,0.05837523575281444,0.9565217391304348,23
reserve10,joint_none,physical_availability,4,7,21,0.06871202583221994,0.9523809523809523,21
reserve10,joint_none,physical_availability,4,8,23,0.0613154993881844,1.0,23
reserve10,joint_none,physical_availability,4,9,23,0.058036564573688054,1.0,23
reserve10,joint_none,physical_availability,4,10,23,0.05995055869158992,0.8695652173913043,23
reserve10,joint_none,physical_availability,4,11,23,0.06326909456254746,0.782608695652174,23
reserve10,joint_none,physical_availability,4,12,24,0.06126534515597113,0.8333333333333334,24
reserve10,joint_none,physical_availability,4,13,21,0.07678643584848108,0.8571428571428571,21
reserve10,joint_none,physical_availability,4,14,24,0.06352553328966737,0.875,24
reserve10,joint_none,physical_availability,4,15,25,0.06762024971519724,0.84,25
reserve10,joint_none,physical_availability,4,16,24,0.0770817436383383,0.75,24
reserve10,joint_none,physical_availability,4,17,25,0.07171483875574867,0.88,25
reserve10,joint_none,physical_availability,4,18,27,0.062994622320117,0.9259259259259259,27
reserve10,joint_none,physical_availability,4,19,27,0.05754121374237945,0.9259259259259259,27
reserve10,joint_none,physical_availability,4,20,23,0.06484128895009332,0.8695652173913043,23
reserve10,joint_none,physical_availability,4,21,23,0.07397164755038922,0.8695652173913043,23
reserve10,joint_none,physical_availability,4,22,25,0.05607408774098051,0.84,25
reserve10,joint_none,physical_availability,4,23,25,0.04657935153909196,0.96,25
reserve10,joint_none,physical_recovery,1,0,22,0.048120320518277165,0.9090909090909091,22
reserve10,joint_none,physical_recovery,1,1,24,0.0389118542077054,0.9583333333333334,24
reserve10,joint_none,physical_recovery,1,2,25,0.041941562105274874,0.92,25
reserve10,joint_none,physical_recovery,1,3,22,0.02964519081978543,0.9545454545454546,22
reserve10,joint_none,physical_recovery,1,4,22,0.03477347734173671,1.0,22
reserve10,joint_none,physical_recovery,1,5,20,0.036946494799341804,0.95,20
reserve10,joint_none,physical_recovery,1,6,17,0.04013208454216672,1.0,17
reserve10,joint_none,physical_recovery,1,7,19,0.038517674613378815,0.8947368421052632,19
reserve10,joint_none,physical_recovery,1,8,20,0.04198768619574223,0.95,20
reserve10,joint_none,physical_recovery,1,9,23,0.04036858979467268,1.0,23
reserve10,joint_none,physical_recovery,1,10,21,0.03729584575824184,0.9523809523809523,21
reserve10,joint_none,physical_recovery,1,11,23,0.04114805039051262,0.8695652173913043,23
reserve10,joint_none,physical_recovery,1,12,23,0.04122049442258124,0.8695652173913043,23
reserve10,joint_none,physical_recovery,1,13,23,0.03828921202791644,0.8260869565217391,23
reserve10,joint_none,physical_recovery,1,14,23,0.037650996414684126,0.8260869565217391,23
reserve10,joint_none,physical_recovery,1,15,24,0.03212427642419624,0.9166666666666666,24
reserve10,joint_none,physical_recovery,1,16,21,0.041473359213234355,0.8095238095238095,21
reserve10,joint_none,physical_recovery,1,17,24,0.03138923842576272,0.9583333333333334,24
reserve10,joint_none,physical_recovery,1,18,25,0.039478778622260055,0.8,25
reserve10,joint_none,physical_recovery,1,19,24,0.039342722864230094,0.9166666666666666,24
reserve10,joint_none,physical_recovery,1,20,25,0.044965082749824165,0.84,25
reserve10,joint_none,physical_recovery,1,21,27,0.02991075614710912,0.8888888888888888,27
reserve10,joint_none,physical_recovery,1,22,27,0.03912115631631332,0.9259259259259259,27
reserve10,joint_none,physical_recovery,1,23,23,0.04542009615473485,0.8695652173913043,23
reserve10,joint_none,physical_recovery,2,0,24,0.04826455939221411,1.0,24
reserve10,joint_none,physical_recovery,2,1,25,0.04320537330331426,1.0,25
reserve10,joint_none,physical_recovery,2,2,22,0.04747013752875458,0.9090909090909091,22
reserve10,joint_none,physical_recovery,2,3,22,0.0473153168017369,1.0,22
reserve10,joint_none,physical_recovery,2,4,20,0.045418643944151946,1.0,20
reserve10,joint_none,physical_recovery,2,5,17,0.06241852321900804,1.0,17
reserve10,joint_none,physical_recovery,2,6,19,0.04974232695004735,1.0,19
reserve10,joint_none,physical_recovery,2,7,20,0.0540477220831924,0.95,20
reserve10,joint_none,physical_recovery,2,8,23,0.05283603285650406,0.9130434782608695,23
reserve10,joint_none,physical_recovery,2,9,21,0.053200077479958766,0.9523809523809523,21
reserve10,joint_none,physical_recovery,2,10,23,0.052728309880225636,0.9130434782608695,23
reserve10,joint_none,physical_recovery,2,11,23,0.053534696882684155,0.9130434782608695,23
reserve10,joint_none,physical_recovery,2,12,23,0.049418550884509325,0.8695652173913043,23
reserve10,joint_none,physical_recovery,2,13,23,0.05548675100796727,0.782608695652174,23
reserve10,joint_none,physical_recovery,2,14,24,0.05293789797838359,0.8333333333333334,24
reserve10,joint_none,physical_recovery,2,15,21,0.06385337014085903,0.7619047619047619,21
reserve10,joint_none,physical_recovery,2,16,24,0.047931321448882215,0.875,24
reserve10,joint_none,physical_recovery,2,17,25,0.051203700574669025,0.88,25
reserve10,joint_none,physical_recovery,2,18,24,0.06034389206424457,0.9166666666666666,24
reserve10,joint_none,physical_recovery,2,19,25,0.05880440774087477,0.88,25
reserve10,joint_none,physical_recovery,2,20,27,0.05244756992652843,0.8888888888888888,27
reserve10,joint_none,physical_recovery,2,21,27,0.04533411619966991,0.9259259259259259,27
reserve10,joint_none,physical_recovery,2,22,23,0.06297903580062693,0.8260869565217391,23
reserve10,joint_none,physical_recovery,2,23,23,0.06583815567914272,0.8695652173913043,23
reserve10,joint_none,physical_recovery,3,0,25,0.045960441971380564,1.0,25
reserve10,joint_none,physical_recovery,3,1,22,0.0508056251734611,1.0,22
reserve10,joint_none,physical_recovery,3,2,22,0.049835759907955676,0.9545454545454546,22
reserve10,joint_none,physical_recovery,3,3,20,0.05000614120266424,0.95,20
reserve10,joint_none,physical_recovery,3,4,17,0.06416179944194653,0.9411764705882353,17
reserve10,joint_none,physical_recovery,3,5,19,0.060359866754596744,0.9473684210526315,19
reserve10,joint_none,physical_recovery,3,6,20,0.05812127972047922,0.95,20
reserve10,joint_none,physical_recovery,3,7,23,0.05623489576136328,0.9565217391304348,23
reserve10,joint_none,physical_recovery,3,8,21,0.0656212502541037,0.9523809523809523,21
reserve10,joint_none,physical_recovery,3,9,23,0.05618275982525672,0.9130434782608695,23
reserve10,joint_none,physical_recovery,3,10,23,0.05420801194723889,1.0,23
reserve10,joint_none,physical_recovery,3,11,23,0.05746508914047335,0.9130434782608695,23
reserve10,joint_none,physical_recovery,3,12,23,0.05979552749640889,0.9130434782608695,23
reserve10,joint_none,physical_recovery,3,13,24,0.05831724343053649,0.75,24
reserve10,joint_none,physical_recovery,3,14,21,0.07320346019270255,0.7619047619047619,21
reserve10,joint_none,physical_recovery,3,15,24,0.05817933618235538,0.875,24
reserve10,joint_none,physical_recovery,3,16,25,0.06282176611173548,0.84,25
reserve10,joint_none,physical_recovery,3,17,24,0.07001386529218874,0.9166666666666666,24
reserve10,joint_none,physical_recovery,3,18,25,0.06449563556770853,0.92,25
reserve10,joint_none,physical_recovery,3,19,27,0.05918372878683984,0.8888888888888888,27
reserve10,joint_none,physical_recovery,3,20,27,0.05553746287155682,0.8888888888888888,27
reserve10,joint_none,physical_recovery,3,21,23,0.061086180442422165,0.9130434782608695,23
reserve10,joint_none,physical_recovery,3,22,23,0.07238752837267373,0.8260869565217391,23
reserve10,joint_none,physical_recovery,3,23,25,0.05269193375148563,0.88,25
reserve10,joint_none,physical_recovery,4,0,22,0.04580212732390441,1.0,22
reserve10,joint_none,physical_recovery,4,1,22,0.05116668124820784,1.0,22
reserve10,joint_none,physical_recovery,4,2,20,0.05488912268312181,1.0,20
reserve10,joint_none,physical_recovery,4,3,17,0.06724718070578438,1.0,17
reserve10,joint_none,physical_recovery,4,4,19,0.06310696159682698,1.0,19
reserve10,joint_none,physical_recovery,4,5,20,0.06287377075974217,0.95,20
reserve10,joint_none,physical_recovery,4,6,23,0.05854884558526269,0.9565217391304348,23
reserve10,joint_none,physical_recovery,4,7,21,0.0695669559299738,0.9523809523809523,21
reserve10,joint_none,physical_recovery,4,8,23,0.06185550996131036,0.9565217391304348,23
reserve10,joint_none,physical_recovery,4,9,23,0.057757910114658764,1.0,23
reserve10,joint_none,physical_recovery,4,10,23,0.0597842564334254,0.9130434782608695,23
reserve10,joint_none,physical_recovery,4,11,23,0.06283682397382229,0.9130434782608695,23
reserve10,joint_none,physical_recovery,4,12,24,0.06108213533868625,0.875,24
reserve10,joint_none,physical_recovery,4,13,21,0.0770225135732103,0.8571428571428571,21
reserve10,joint_none,physical_recovery,4,14,24,0.06391109435588636,0.875,24
reserve10,joint_none,physical_recovery,4,15,25,0.06796829329440801,0.84,25
reserve10,joint_none,physical_recovery,4,16,24,0.07724565557873529,0.75,24
reserve10,joint_none,physical_recovery,4,17,25,0.07162386774299112,0.92,25
reserve10,joint_none,physical_recovery,4,18,27,0.06279397144457038,0.8888888888888888,27
reserve10,joint_none,physical_recovery,4,19,27,0.05752539757911581,0.8888888888888888,27
reserve10,joint_none,physical_recovery,4,20,23,0.0645023730400853,0.8695652173913043,23
reserve10,joint_none,physical_recovery,4,21,23,0.07406454342877956,0.8260869565217391,23
reserve10,joint_none,physical_recovery,4,22,25,0.05600959376280001,0.84,25
reserve10,joint_none,physical_recovery,4,23,25,0.04665226471311432,0.96,25
reserve10,joint_none,previous_day,1,0,22,0.11485004220079623,0.8636363636363636,22
reserve10,joint_none,previous_day,1,1,24,0.10164339782606113,0.8333333333333334,24
reserve10,joint_none,previous_day,1,2,25,0.06158620831652211,0.92,25
reserve10,joint_none,previous_day,1,3,22,0.060636821887576346,0.9545454545454546,22
reserve10,joint_none,previous_day,1,4,22,0.06765177776377937,0.9090909090909091,22
reserve10,joint_none,previous_day,1,5,20,0.08421418638556546,0.9,20
reserve10,joint_none,previous_day,1,6,17,0.07931045802746722,0.9411764705882353,17
reserve10,joint_none,previous_day,1,7,19,0.07275028114141939,1.0,19
reserve10,joint_none,previous_day,1,8,20,0.10859215836256378,0.85,20
reserve10,joint_none,previous_day,1,9,23,0.11933918342692622,0.782608695652174,23
reserve10,joint_none,previous_day,1,10,21,0.13354706831787538,0.8095238095238095,21
reserve10,joint_none,previous_day,1,11,23,0.08034757622036749,0.9565217391304348,23
reserve10,joint_none,previous_day,1,12,23,0.08137278870894336,1.0,23
reserve10,joint_none,previous_day,1,13,23,0.07749627605256397,0.9565217391304348,23
reserve10,joint_none,previous_day,1,14,23,0.058656466347239165,1.0,23
reserve10,joint_none,previous_day,1,15,24,0.0653789597421122,0.9166666666666666,24
reserve10,joint_none,previous_day,1,16,21,0.078045856887993,0.9523809523809523,21
reserve10,joint_none,previous_day,1,17,24,0.07321058558914842,0.9166666666666666,24
reserve10,joint_none,previous_day,1,18,25,0.07490176847796769,0.92,25
reserve10,joint_none,previous_day,1,19,24,0.07367123955907207,1.0,24
reserve10,joint_none,previous_day,1,20,25,0.08462902418026787,0.92,25
reserve10,joint_none,previous_day,1,21,27,0.07499737991221812,0.8888888888888888,27
reserve10,joint_none,previous_day,1,22,27,0.07035350506649975,0.8888888888888888,27
reserve10,joint_none,previous_day,1,23,23,0.1468973246919458,0.782608695652174,23
reserve10,joint_none,previous_day,2,0,24,0.10024816425409226,0.8333333333333334,24
reserve10,joint_none,previous_day,2,1,25,0.06116758583792517,0.92,25
reserve10,joint_none,previous_day,2,2,22,0.06120817800046865,1.0,22
reserve10,joint_none,previous_day,2,3,22,0.0678200677709976,0.9090909090909091,22
reserve10,joint_none,previous_day,2,4,20,0.08338120453018708,0.95,20
reserve10,joint_none,previous_day,2,5,17,0.0794813115566539,0.9411764705882353,17
reserve10,joint_none,previous_day,2,6,19,0.07344441257286631,1.0,19
reserve10,joint_none,previous_day,2,7,20,0.10790499815773809,0.85,20
reserve10,joint_none,previous_day,2,8,23,0.11829739311691254,0.782608695652174,23
reserve10,joint_none,previous_day,2,9,21,0.132541627562004,0.8095238095238095,21
reserve10,joint_none,previous_day,2,10,23,0.11622002899317879,0.8695652173913043,23
reserve10,joint_none,previous_day,2,11,23,0.1478392389840284,0.7391304347826086,23
reserve10,joint_none,previous_day,2,12,23,0.1574985035286343,0.7391304347826086,23
reserve10,joint_none,previous_day,2,13,23,0.1205030342331919,0.782608695652174,23
reserve10,joint_none,previous_day,2,14,24,0.11231553598039345,0.7916666666666666,24
reserve10,joint_none,previous_day,2,15,21,0.13854511742931547,0.9047619047619048,21
reserve10,joint_none,previous_day,2,16,24,0.12270776197440564,0.8333333333333334,24
reserve10,joint_none,previous_day,2,17,25,0.1351876158125,0.84,25
reserve10,joint_none,previous_day,2,18,24,0.11742762963010202,0.875,24
reserve10,joint_none,previous_day,2,19,25,0.14413222886422195,0.8,25
reserve10,joint_none,previous_day,2,20,27,0.14411482224769306,0.8148148148148148,27
reserve10,joint_none,previous_day,2,21,27,0.1145563751992394,0.8148148148148148,27
reserve10,joint_none,previous_day,2,22,23,0.14492694504270184,0.782608695652174,23
reserve10,joint_none,previous_day,2,23,23,0.14422516137378458,0.8260869565217391,23
reserve10,joint_none,previous_day,3,0,25,0.055541666992091836,0.96,25
reserve10,joint_none,previous_day,3,1,22,0.061769907127106526,1.0,22
reserve10,joint_none,previous_day,3,2,22,0.0676920599379638,0.9545454545454546,22
reserve10,joint_none,previous_day,3,3,20,0.08278392230782312,0.95,20
reserve10,joint_none,previous_day,3,4,17,0.07960190957920668,0.9411764705882353,17
reserve10,joint_none,previous_day,3,5,19,0.07448067850675796,1.0,19
reserve10,joint_none,previous_day,3,6,20,0.10682652893909439,0.9,20
reserve10,joint_none,previous_day,3,7,23,0.11691190301066623,0.782608695652174,23
reserve10,joint_none,previous_day,3,8,21,0.13123385745464855,0.8095238095238095,21
reserve10,joint_none,previous_day,3,9,23,0.1788970305243456,0.782608695652174,23
reserve10,joint_none,previous_day,3,10,23,0.18152907778523367,0.782608695652174,23
reserve10,joint_none,previous_day,3,11,23,0.19624596942472639,0.6086956521739131,23
reserve10,joint_none,previous_day,3,12,23,0.1931902657105886,0.6086956521739131,23
reserve10,joint_none,previous_day,3,13,24,0.163773386926109,0.6666666666666666,24
reserve10,joint_none,previous_day,3,14,21,0.17068157295887995,0.8571428571428571,21
reserve10,joint_none,previous_day,3,15,24,0.1680430063345911,0.6666666666666666,24
reserve10,joint_none,previous_day,3,16,25,0.19086048251496596,0.72,25
reserve10,joint_none,previous_day,3,17,24,0.16626508106584817,0.8333333333333334,24
reserve10,joint_none,previous_day,3,18,25,0.17673948827763603,0.76,25
reserve10,joint_none,previous_day,3,19,27,0.20462050613362934,0.6666666666666666,27
reserve10,joint_none,previous_day,3,20,27,0.15520053362662195,0.8148148148148148,27
reserve10,joint_none,previous_day,3,21,23,0.14343596269733436,0.8695652173913043,23
reserve10,joint_none,previous_day,3,22,23,0.1438386398636683,0.8260869565217391,23
reserve10,joint_none,previous_day,3,23,25,0.09481319127040816,0.88,25
reserve10,joint_none,previous_day,4,0,22,0.06206411436253479,1.0,22
reserve10,joint_none,previous_day,4,1,22,0.06780591458207715,0.9545454545454546,22
reserve10,joint_none,previous_day,4,2,20,0.0823161644870323,1.0,20
reserve10,joint_none,previous_day,4,3,17,0.07974886749699879,0.9411764705882353,17
reserve10,joint_none,previous_day,4,4,19,0.07509183449773989,1.0,19
reserve10,joint_none,previous_day,4,5,20,0.10618844213520409,0.9,20
reserve10,joint_none,previous_day,4,6,23,0.1162001280066918,0.782608695652174,23
reserve10,joint_none,previous_day,4,7,21,0.1307674619871639,0.8095238095238095,21
reserve10,joint_none,previous_day,4,8,23,0.2100068587203305,0.6956521739130435,23
reserve10,joint_none,previous_day,4,9,23,0.23895691523920437,0.6521739130434783,23
reserve10,joint_none,previous_day,4,10,23,0.22170074933793624,0.6521739130434783,23
reserve10,joint_none,previous_day,4,11,23,0.22266167083638344,0.5217391304347826,23
reserve10,joint_none,previous_day,4,12,24,0.21114652115194513,0.625,24
reserve10,joint_none,previous_day,4,13,21,0.21688630491466226,0.7142857142857143,21
reserve10,joint_none,previous_day,4,14,24,0.18385309317008572,0.5833333333333334,24
reserve10,joint_none,previous_day,4,15,25,0.23239662711845238,0.56,25
reserve10,joint_none,previous_day,4,16,24,0.21913108924824612,0.5833333333333334,24
reserve10,joint_none,previous_day,4,17,25,0.21434697401811223,0.72,25
reserve10,joint_none,previous_day,4,18,27,0.2341425643296485,0.6666666666666666,27
reserve10,joint_none,previous_day,4,19,27,0.20006510652943119,0.7037037037037037,27
reserve10,joint_none,previous_day,4,20,23,0.14286388311363132,0.8695652173913043,23
reserve10,joint_none,previous_day,4,21,23,0.14376529775981586,0.8260869565217391,23
reserve10,joint_none,previous_day,4,22,25,0.09173552932083333,0.88,25
reserve10,joint_none,previous_day,4,23,25,0.06477414860442175,0.96,25
reserve10,joint_none,raw,1,0,22,0.04804239176330676,0.9090909090909091,22
reserve10,joint_none,raw,1,1,24,0.03855038453069735,0.875,24
reserve10,joint_none,raw,1,2,25,0.04203577804081342,0.92,25
reserve10,joint_none,raw,1,3,22,0.029364527236332705,0.9545454545454546,22
reserve10,joint_none,raw,1,4,22,0.0344509185701734,0.9090909090909091,22
reserve10,joint_none,raw,1,5,20,0.036550275061497536,0.95,20
reserve10,joint_none,raw,1,6,17,0.040543176367639266,0.9411764705882353,17
reserve10,joint_none,raw,1,7,19,0.038409442855296246,0.8421052631578947,19
reserve10,joint_none,raw,1,8,20,0.04215293473950636,0.95,20
reserve10,joint_none,raw,1,9,23,0.04048194204571892,0.9565217391304348,23
reserve10,joint_none,raw,1,10,21,0.03677746243725258,0.9523809523809523,21
reserve10,joint_none,raw,1,11,23,0.04189917610910495,0.8260869565217391,23
reserve10,joint_none,raw,1,12,23,0.042291000616359924,0.8695652173913043,23
reserve10,joint_none,raw,1,13,23,0.03853575551970011,0.782608695652174,23
reserve10,joint_none,raw,1,14,23,0.03722938874152162,0.8260869565217391,23
reserve10,joint_none,raw,1,15,24,0.03265025563880975,0.8333333333333334,24
reserve10,joint_none,raw,1,16,21,0.042048238878471325,0.8095238095238095,21
reserve10,joint_none,raw,1,17,24,0.03161452132327414,0.875,24
reserve10,joint_none,raw,1,18,25,0.040005833530403975,0.8,25
reserve10,joint_none,raw,1,19,24,0.03871129357943887,0.8333333333333334,24
reserve10,joint_none,raw,1,20,25,0.04507281042315094,0.8,25
reserve10,joint_none,raw,1,21,27,0.030047847856452495,0.8518518518518519,27
reserve10,joint_none,raw,1,22,27,0.03931233719908184,0.8518518518518519,27
reserve10,joint_none,raw,1,23,23,0.04616637170369358,0.782608695652174,23
reserve10,joint_none,raw,2,0,24,0.047803704712378305,0.9166666666666666,24
reserve10,joint_none,raw,2,1,25,0.043210841825213696,0.92,25
reserve10,joint_none,raw,2,2,22,0.04711353534906906,0.9090909090909091,22
reserve10,joint_none,raw,2,3,22,0.046602496551124584,1.0,22
reserve10,joint_none,raw,2,4,20,0.04445908890894051,1.0,20
reserve10,joint_none,raw,2,5,17,0.0630267496023424,0.9411764705882353,17
reserve10,joint_none,raw,2,6,19,0.049541563928796356,0.9473684210526315,19
reserve10,joint_none,raw,2,7,20,0.0536156972989425,0.95,20
reserve10,joint_none,raw,2,8,23,0.052369602585849793,0.9130434782608695,23
reserve10,joint_none,raw,2,9,21,0.05265761311717819,0.9523809523809523,21
reserve10,joint_none,raw,2,10,23,0.05356926001406756,0.8260869565217391,23
reserve10,joint_none,raw,2,11,23,0.05437973493871673,0.8260869565217391,23
reserve10,joint_none,raw,2,12,23,0.05024524282807317,0.782608695652174,23
reserve10,joint_none,raw,2,13,23,0.05662296501399946,0.6521739130434783,23
reserve10,joint_none,raw,2,14,24,0.05357879593215842,0.7083333333333334,24
reserve10,joint_none,raw,2,15,21,0.06528709863295201,0.6666666666666666,21
reserve10,joint_none,raw,2,16,24,0.049612562428951394,0.75,24
reserve10,joint_none,raw,2,17,25,0.053127129529119736,0.68,25
reserve10,joint_none,raw,2,18,24,0.0602071988538088,0.8333333333333334,24
reserve10,joint_none,raw,2,19,25,0.05817714456992154,0.8,25
reserve10,joint_none,raw,2,20,27,0.053195507284839634,0.7407407407407407,27
reserve10,joint_none,raw,2,21,27,0.04527438242819997,0.8518518518518519,27
reserve10,joint_none,raw,2,22,23,0.06353372127853556,0.8260869565217391,23
reserve10,joint_none,raw,2,23,23,0.06704403824348469,0.7391304347826086,23
reserve10,joint_none,raw,3,0,25,0.04465457410293574,1.0,25
reserve10,joint_none,raw,3,1,22,0.04996163741860668,1.0,22
reserve10,joint_none,raw,3,2,22,0.04888944801188024,0.9545454545454546,22
reserve10,joint_none,raw,3,3,20,0.048945190843853306,1.0,20
reserve10,joint_none,raw,3,4,17,0.06497633907040748,0.9411764705882353,17
reserve10,joint_none,raw,3,5,19,0.06066384538433419,0.8421052631578947,19
reserve10,joint_none,raw,3,6,20,0.058202801100646774,0.8,20
reserve10,joint_none,raw,3,7,23,0.0557696695435126,0.8695652173913043,23
reserve10,joint_none,raw,3,8,21,0.0643759706674396,0.9047619047619048,21
reserve10,joint_none,raw,3,9,23,0.05678086293768454,0.8260869565217391,23
reserve10,joint_none,raw,3,10,23,0.055039568096015186,0.8260869565217391,23
reserve10,joint_none,raw,3,11,23,0.05885611064090905,0.7391304347826086,23
reserve10,joint_none,raw,3,12,23,0.06209111654272369,0.6956521739130435,23
reserve10,joint_none,raw,3,13,24,0.059183612879492226,0.7083333333333334,24
reserve10,joint_none,raw,3,14,21,0.07484285264616417,0.6666666666666666,21
reserve10,joint_none,raw,3,15,24,0.05881845751592523,0.7916666666666666,24
reserve10,joint_none,raw,3,16,25,0.06351124704895442,0.72,25
reserve10,joint_none,raw,3,17,24,0.07032043454320791,0.875,24
reserve10,joint_none,raw,3,18,25,0.06286854048661895,0.88,25
reserve10,joint_none,raw,3,19,27,0.05927010297999694,0.7777777777777778,27
reserve10,joint_none,raw,3,20,27,0.05512972778431573,0.8888888888888888,27
reserve10,joint_none,raw,3,21,23,0.06151894100018671,0.8260869565217391,23
reserve10,joint_none,raw,3,22,23,0.07413378892574683,0.7391304347826086,23
reserve10,joint_none,raw,3,23,25,0.054618544317914505,0.72,25
reserve10,joint_none,raw,4,0,22,0.044845063332907394,1.0,22
reserve10,joint_none,raw,4,1,22,0.049403963308409064,0.9545454545454546,22
reserve10,joint_none,raw,4,2,20,0.054023016528426504,0.95,20
reserve10,joint_none,raw,4,3,17,0.06806111212865455,0.9411764705882353,17
reserve10,joint_none,raw,4,4,19,0.0641002758425293,0.8947368421052632,19
reserve10,joint_none,raw,4,5,20,0.06377402782587963,0.8,20
reserve10,joint_none,raw,4,6,23,0.057556751147967426,0.9130434782608695,23
reserve10,joint_none,raw,4,7,21,0.06774563333377392,0.9523809523809523,21
reserve10,joint_none,raw,4,8,23,0.06247120911129434,0.8260869565217391,23
reserve10,joint_none,raw,4,9,23,0.059573859054456973,0.782608695652174,23
reserve10,joint_none,raw,4,10,23,0.06082096473917962,0.7391304347826086,23
reserve10,joint_none,raw,4,11,23,0.06479037168106577,0.6956521739130435,23
reserve10,joint_none,raw,4,12,24,0.06196466798060355,0.7916666666666666,24
reserve10,joint_none,raw,4,13,21,0.07792928523186392,0.7619047619047619,21
reserve10,joint_none,raw,4,14,24,0.0642926960402374,0.7916666666666666,24
reserve10,joint_none,raw,4,15,25,0.06920477927560634,0.8,25
reserve10,joint_none,raw,4,16,24,0.07704728912409622,0.7083333333333334,24
reserve10,joint_none,raw,4,17,25,0.07032818420359538,0.88,25
reserve10,joint_none,raw,4,18,27,0.06317856497962729,0.8148148148148148,27
reserve10,joint_none,raw,4,19,27,0.057163199338518274,0.8518518518518519,27
reserve10,joint_none,raw,4,20,23,0.06392901128663517,0.8695652173913043,23
reserve10,joint_none,raw,4,21,23,0.07482872038457586,0.8260869565217391,23
reserve10,joint_none,raw,4,22,25,0.05730800835325892,0.8,25
reserve10,joint_none,raw,4,23,25,0.047057842890878394,0.84,25
reserve10,joint_none,recency,1,0,22,0.048200390939858534,0.9090909090909091,22
reserve10,joint_none,recency,1,1,24,0.039038825351822265,0.9583333333333334,24
reserve10,joint_none,recency,1,2,25,0.04212061883326499,0.92,25
reserve10,joint_none,recency,1,3,22,0.02982106131050839,0.9545454545454546,22
reserve10,joint_none,recency,1,4,22,0.0347450009599877,1.0,22
reserve10,joint_none,recency,1,5,20,0.036795626421977326,0.95,20
reserve10,joint_none,recency,1,6,17,0.04049373193030412,1.0,17
reserve10,joint_none,recency,1,7,19,0.03849136630159027,0.8947368421052632,19
reserve10,joint_none,recency,1,8,20,0.04216019636784153,0.95,20
reserve10,joint_none,recency,1,9,23,0.040628085482462606,0.9565217391304348,23
reserve10,joint_none,recency,1,10,21,0.03727976913367522,0.9523809523809523,21
reserve10,joint_none,recency,1,11,23,0.04090502340363308,0.9130434782608695,23
reserve10,joint_none,recency,1,12,23,0.041649790257777305,0.8695652173913043,23
reserve10,joint_none,recency,1,13,23,0.038175826229944476,0.8260869565217391,23
reserve10,joint_none,recency,1,14,23,0.03734620637833602,0.8695652173913043,23
reserve10,joint_none,recency,1,15,24,0.03240299996338181,0.875,24
reserve10,joint_none,recency,1,16,21,0.04206171963130266,0.8095238095238095,21
reserve10,joint_none,recency,1,17,24,0.03128898956959719,0.9583333333333334,24
reserve10,joint_none,recency,1,18,25,0.039352637493841616,0.84,25
reserve10,joint_none,recency,1,19,24,0.03920301657367762,0.875,24
reserve10,joint_none,recency,1,20,25,0.04508321868326762,0.8,25
reserve10,joint_none,recency,1,21,27,0.030076002213498307,0.9259259259259259,27
reserve10,joint_none,recency,1,22,27,0.039182029631280445,0.8888888888888888,27
reserve10,joint_none,recency,1,23,23,0.04593223137210423,0.8260869565217391,23
reserve10,joint_none,recency,2,0,24,0.04821807062845496,1.0,24
reserve10,joint_none,recency,2,1,25,0.04331063062681091,1.0,25
reserve10,joint_none,recency,2,2,22,0.0475228175896345,0.9090909090909091,22
reserve10,joint_none,recency,2,3,22,0.04747486474267429,1.0,22
reserve10,joint_none,recency,2,4,20,0.045373717458964416,1.0,20
reserve10,joint_none,recency,2,5,17,0.06258044230535335,1.0,17
reserve10,joint_none,recency,2,6,19,0.04966776564373109,1.0,19
reserve10,joint_none,recency,2,7,20,0.05397571583595331,1.0,20
reserve10,joint_none,recency,2,8,23,0.052593069656192704,0.9130434782608695,23
reserve10,joint_none,recency,2,9,21,0.053010186036810146,0.9523809523809523,21
reserve10,joint_none,recency,2,10,23,0.052339229459405584,0.9130434782608695,23
reserve10,joint_none,recency,2,11,23,0.05328179766395709,0.9130434782608695,23
reserve10,joint_none,recency,2,12,23,0.049435976120200335,0.8695652173913043,23
reserve10,joint_none,recency,2,13,23,0.05548174499215516,0.8260869565217391,23
reserve10,joint_none,recency,2,14,24,0.052462360252441886,0.8333333333333334,24
reserve10,joint_none,recency,2,15,21,0.06395315677088265,0.8095238095238095,21
reserve10,joint_none,recency,2,16,24,0.04858503602697429,0.8333333333333334,24
reserve10,joint_none,recency,2,17,25,0.051122758729225094,0.92,25
reserve10,joint_none,recency,2,18,24,0.060150611884536,0.875,24
reserve10,joint_none,recency,2,19,25,0.05847051476620531,0.92,25
reserve10,joint_none,recency,2,20,27,0.05201875233743622,0.9629629629629629,27
reserve10,joint_none,recency,2,21,27,0.04500439212408631,0.9259259259259259,27
reserve10,joint_none,recency,2,22,23,0.06308549601885312,0.8260869565217391,23
reserve10,joint_none,recency,2,23,23,0.06607990943971001,0.8695652173913043,23
reserve10,joint_none,recency,3,0,25,0.045866128492662715,1.0,25
reserve10,joint_none,recency,3,1,22,0.05081533712528063,1.0,22
reserve10,joint_none,recency,3,2,22,0.050083182859403046,0.9545454545454546,22
reserve10,joint_none,recency,3,3,20,0.05032763374804007,1.0,20
reserve10,joint_none,recency,3,4,17,0.06436099543292902,0.9411764705882353,17
reserve10,joint_none,recency,3,5,19,0.06036303045347495,0.8947368421052632,19
reserve10,joint_none,recency,3,6,20,0.057876662072824936,1.0,20
reserve10,joint_none,recency,3,7,23,0.05610614225325946,0.9565217391304348,23
reserve10,joint_none,recency,3,8,21,0.0652262816431924,0.9523809523809523,21
reserve10,joint_none,recency,3,9,23,0.05592728032429362,0.9130434782608695,23
reserve10,joint_none,recency,3,10,23,0.053855854002526994,0.9565217391304348,23
reserve10,joint_none,recency,3,11,23,0.05765152132064932,0.8695652173913043,23
reserve10,joint_none,recency,3,12,23,0.06026135411871321,0.8695652173913043,23
reserve10,joint_none,recency,3,13,24,0.058237669630875614,0.875,24
reserve10,joint_none,recency,3,14,21,0.0731581791266948,0.8095238095238095,21
reserve10,joint_none,recency,3,15,24,0.05819178763611869,0.875,24
reserve10,joint_none,recency,3,16,25,0.0625078364366262,0.84,25
reserve10,joint_none,recency,3,17,24,0.07008520582302306,0.9166666666666666,24
reserve10,joint_none,recency,3,18,25,0.06394532414437618,0.92,25
reserve10,joint_none,recency,3,19,27,0.058741615667453166,0.8888888888888888,27
reserve10,joint_none,recency,3,20,27,0.05495000561469813,0.8888888888888888,27
reserve10,joint_none,recency,3,21,23,0.060696337812531455,0.9130434782608695,23
reserve10,joint_none,recency,3,22,23,0.07233220037130034,0.8695652173913043,23
reserve10,joint_none,recency,3,23,25,0.053606750110126174,0.84,25
reserve10,joint_none,recency,4,0,22,0.046064062206467304,1.0,22
reserve10,joint_none,recency,4,1,22,0.05135762018778622,0.9545454545454546,22
reserve10,joint_none,recency,4,2,20,0.05489463543970424,1.0,20
reserve10,joint_none,recency,4,3,17,0.06778967198932424,1.0,17
reserve10,joint_none,recency,4,4,19,0.06291347613412325,1.0,19
reserve10,joint_none,recency,4,5,20,0.06259402128452181,0.95,20
reserve10,joint_none,recency,4,6,23,0.058159290947818486,0.9565217391304348,23
reserve10,joint_none,recency,4,7,21,0.06844201747223047,0.9523809523809523,21
reserve10,joint_none,recency,4,8,23,0.061318476877697516,0.9130434782608695,23
reserve10,joint_none,recency,4,9,23,0.057603847349243724,0.9565217391304348,23
reserve10,joint_none,recency,4,10,23,0.05919967242781889,0.9130434782608695,23
reserve10,joint_none,recency,4,11,23,0.06320067511982669,0.8260869565217391,23
reserve10,joint_none,recency,4,12,24,0.06121312486401891,0.8333333333333334,24
reserve10,joint_none,recency,4,13,21,0.07651258471833497,0.8571428571428571,21
reserve10,joint_none,recency,4,14,24,0.06383033548512443,0.875,24
reserve10,joint_none,recency,4,15,25,0.06771012406783287,0.84,25
reserve10,joint_none,recency,4,16,24,0.07679208166169336,0.7916666666666666,24
reserve10,joint_none,recency,4,17,25,0.0708483386481594,0.92,25
reserve10,joint_none,recency,4,18,27,0.06235663237006888,0.8518518518518519,27
reserve10,joint_none,recency,4,19,27,0.05713294312959693,0.9259259259259259,27
reserve10,joint_none,recency,4,20,23,0.06400096632024854,0.8695652173913043,23
reserve10,joint_none,recency,4,21,23,0.07338832905958474,0.8695652173913043,23
reserve10,joint_none,recency,4,22,25,0.05591264140611543,0.84,25
reserve10,joint_none,recency,4,23,25,0.04657813486675672,0.96,25
reserve10,joint_none,rolling,1,0,22,0.048196783501568426,0.9090909090909091,22
reserve10,joint_none,rolling,1,1,24,0.038931963653558076,0.9583333333333334,24
reserve10,joint_none,rolling,1,2,25,0.04222542478469899,0.92,25
reserve10,joint_none,rolling,1,3,22,0.029789842894088633,0.9545454545454546,22
reserve10,joint_none,rolling,1,4,22,0.03471100434495233,1.0,22
reserve10,joint_none,rolling,1,5,20,0.036837240268555234,0.95,20
reserve10,joint_none,rolling,1,6,17,0.040502222288202744,1.0,17
reserve10,joint_none,rolling,1,7,19,0.03840820530113573,0.8947368421052632,19
reserve10,joint_none,rolling,1,8,20,0.042086002031111826,0.95,20
reserve10,joint_none,rolling,1,9,23,0.04057716011672215,0.9565217391304348,23
reserve10,joint_none,rolling,1,10,21,0.03727539514223569,0.9523809523809523,21
reserve10,joint_none,rolling,1,11,23,0.04096792070545445,0.9130434782608695,23
reserve10,joint_none,rolling,1,12,23,0.04172655752294659,0.8695652173913043,23
reserve10,joint_none,rolling,1,13,23,0.03815373027373902,0.8260869565217391,23
reserve10,joint_none,rolling,1,14,23,0.0372045697863213,0.8695652173913043,23
reserve10,joint_none,rolling,1,15,24,0.0323903634938682,0.8333333333333334,24
reserve10,joint_none,rolling,1,16,21,0.04202180892968471,0.8095238095238095,21
reserve10,joint_none,rolling,1,17,24,0.03133616811602468,0.9166666666666666,24
reserve10,joint_none,rolling,1,18,25,0.039490616868425824,0.84,25
reserve10,joint_none,rolling,1,19,24,0.03910267931544085,0.875,24
reserve10,joint_none,rolling,1,20,25,0.045101528770051906,0.8,25
reserve10,joint_none,rolling,1,21,27,0.029975837040684693,0.9259259259259259,27
reserve10,joint_none,rolling,1,22,27,0.03917867284101453,0.8518518518518519,27
reserve10,joint_none,rolling,1,23,23,0.04610566869544222,0.8695652173913043,23
reserve10,joint_none,rolling,2,0,24,0.04821990122445499,0.9583333333333334,24
reserve10,joint_none,rolling,2,1,25,0.04337642136541333,1.0,25
reserve10,joint_none,rolling,2,2,22,0.04764514488577684,0.9090909090909091,22
reserve10,joint_none,rolling,2,3,22,0.047547982476362834,1.0,22
reserve10,joint_none,rolling,2,4,20,0.04525824643110014,1.0,20
reserve10,joint_none,rolling,2,5,17,0.06284986933242506,0.9411764705882353,17
reserve10,joint_none,rolling,2,6,19,0.04988879510877212,0.9473684210526315,19
reserve10,joint_none,rolling,2,7,20,0.05386487539277327,1.0,20
reserve10,joint_none,rolling,2,8,23,0.05234351211056578,0.9565217391304348,23
reserve10,joint_none,rolling,2,9,21,0.052674801704198713,0.9523809523809523,21
reserve10,joint_none,rolling,2,10,23,0.0522510117899967,0.9130434782608695,23
reserve10,joint_none,rolling,2,11,23,0.053422556060475704,0.9130434782608695,23
reserve10,joint_none,rolling,2,12,23,0.04945956734213214,0.8695652173913043,23
reserve10,joint_none,rolling,2,13,23,0.05540703696281494,0.8260869565217391,23
reserve10,joint_none,rolling,2,14,24,0.05231605022508037,0.8333333333333334,24
reserve10,joint_none,rolling,2,15,21,0.06371338291384672,0.7619047619047619,21
reserve10,joint_none,rolling,2,16,24,0.04897280173906734,0.7916666666666666,24
reserve10,joint_none,rolling,2,17,25,0.05141671407664378,0.88,25
reserve10,joint_none,rolling,2,18,24,0.06019351714952633,0.875,24
reserve10,joint_none,rolling,2,19,25,0.058599791751545637,0.88,25
reserve10,joint_none,rolling,2,20,27,0.05207075654821036,0.8888888888888888,27
reserve10,joint_none,rolling,2,21,27,0.044826580578214044,0.8888888888888888,27
reserve10,joint_none,rolling,2,22,23,0.06334486105297744,0.8260869565217391,23
reserve10,joint_none,rolling,2,23,23,0.066244941222575,0.782608695652174,23
reserve10,joint_none,rolling,3,0,25,0.045862808245698626,1.0,25
reserve10,joint_none,rolling,3,1,22,0.050835393682963526,1.0,22
reserve10,joint_none,rolling,3,2,22,0.050200785477204586,0.9545454545454546,22
reserve10,joint_none,rolling,3,3,20,0.05039251502813501,1.0,20
reserve10,joint_none,rolling,3,4,17,0.06459122255429203,0.9411764705882353,17
reserve10,joint_none,rolling,3,5,19,0.06038123204221095,0.8947368421052632,19
reserve10,joint_none,rolling,3,6,20,0.05773569400815091,1.0,20
reserve10,joint_none,rolling,3,7,23,0.05597787469625855,0.9565217391304348,23
reserve10,joint_none,rolling,3,8,21,0.0649060540490278,0.9523809523809523,21
reserve10,joint_none,rolling,3,9,23,0.05591295172740033,0.9130434782608695,23
reserve10,joint_none,rolling,3,10,23,0.05370076176526379,0.9565217391304348,23
reserve10,joint_none,rolling,3,11,23,0.05756571323705271,0.9130434782608695,23
reserve10,joint_none,rolling,3,12,23,0.06029985728124315,0.8260869565217391,23
reserve10,joint_none,rolling,3,13,24,0.058041021453865776,0.875,24
reserve10,joint_none,rolling,3,14,21,0.07298985408962488,0.8095238095238095,21
reserve10,joint_none,rolling,3,15,24,0.05825996494234232,0.875,24
reserve10,joint_none,rolling,3,16,25,0.06265411866923293,0.88,25
reserve10,joint_none,rolling,3,17,24,0.07013168655444252,0.875,24
reserve10,joint_none,rolling,3,18,25,0.06406315040572866,0.88,25
reserve10,joint_none,rolling,3,19,27,0.05858636164523771,0.8888888888888888,27
reserve10,joint_none,rolling,3,20,27,0.054805750041987795,0.9259259259259259,27
reserve10,joint_none,rolling,3,21,23,0.06079245819246592,0.8695652173913043,23
reserve10,joint_none,rolling,3,22,23,0.07237624217526972,0.8695652173913043,23
reserve10,joint_none,rolling,3,23,25,0.053547689929460934,0.84,25
reserve10,joint_none,rolling,4,0,22,0.046114120581046754,1.0,22
reserve10,joint_none,rolling,4,1,22,0.05137472270292425,0.9545454545454546,22
reserve10,joint_none,rolling,4,2,20,0.054929511578538016,1.0,20
reserve10,joint_none,rolling,4,3,17,0.06787314177839236,1.0,17
reserve10,joint_none,rolling,4,4,19,0.06308626931140124,0.9473684210526315,19
reserve10,joint_none,rolling,4,5,20,0.06275206179205925,1.0,20
reserve10,joint_none,rolling,4,6,23,0.058002516751250656,0.9565217391304348,23
reserve10,joint_none,rolling,4,7,21,0.06818436352241397,0.9523809523809523,21
reserve10,joint_none,rolling,4,8,23,0.06114521438551683,0.9130434782608695,23
reserve10,joint_none,rolling,4,9,23,0.05746783235013974,0.9565217391304348,23
reserve10,joint_none,rolling,4,10,23,0.0591238710380987,0.8695652173913043,23
reserve10,joint_none,rolling,4,11,23,0.06299069182350499,0.7391304347826086,23
reserve10,joint_none,rolling,4,12,24,0.061164409498331164,0.8333333333333334,24
reserve10,joint_none,rolling,4,13,21,0.0763770179803646,0.8571428571428571,21
reserve10,joint_none,rolling,4,14,24,0.06376846282665584,0.875,24
reserve10,joint_none,rolling,4,15,25,0.06784907651458177,0.88,25
reserve10,joint_none,rolling,4,16,24,0.07668322892434412,0.8333333333333334,24
reserve10,joint_none,rolling,4,17,25,0.0709590321334543,0.88,25
reserve10,joint_none,rolling,4,18,27,0.06248811444512455,0.8888888888888888,27
reserve10,joint_none,rolling,4,19,27,0.05701978954412336,0.9259259259259259,27
reserve10,joint_none,rolling,4,20,23,0.06415957480671433,0.8695652173913043,23
reserve10,joint_none,rolling,4,21,23,0.07364263246287658,0.8695652173913043,23
reserve10,joint_none,rolling,4,22,25,0.05599006542674998,0.84,25
reserve10,joint_none,rolling,4,23,25,0.04690663673383428,0.92,25
reserve10,joint_none,single_imputation,1,0,22,0.057533211409559984,0.8181818181818182,22
reserve10,joint_none,single_imputation,1,1,24,0.046311583384237576,0.8333333333333334,24
reserve10,joint_none,single_imputation,1,2,25,0.05079716099884445,0.8,25
reserve10,joint_none,single_imputation,1,3,22,0.02958084600324232,0.9545454545454546,22
reserve10,joint_none,single_imputation,1,4,22,0.04061190300686043,0.8636363636363636,22
reserve10,joint_none,single_imputation,1,5,20,0.044499917821208816,0.85,20
reserve10,joint_none,single_imputation,1,6,17,0.04347101087027694,0.8235294117647058,17
reserve10,joint_none,single_imputation,1,7,19,0.038084966435772104,0.9473684210526315,19
reserve10,joint_none,single_imputation,1,8,20,0.05009292640076864,0.85,20
reserve10,joint_none,single_imputation,1,9,23,0.04222032963075045,0.782608695652174,23
reserve10,joint_none,single_imputation,1,10,21,0.03732529643970281,0.9047619047619048,21
reserve10,joint_none,single_imputation,1,11,23,0.045357230853919406,0.8695652173913043,23
reserve10,joint_none,single_imputation,1,12,23,0.04481338475157669,0.8260869565217391,23
reserve10,joint_none,single_imputation,1,13,23,0.03359279914638126,0.9565217391304348,23
reserve10,joint_none,single_imputation,1,14,23,0.04084104537137541,0.9565217391304348,23
reserve10,joint_none,single_imputation,1,15,24,0.029582951237199822,0.9583333333333334,24
reserve10,joint_none,single_imputation,1,16,21,0.04773037645500065,0.8571428571428571,21
reserve10,joint_none,single_imputation,1,17,24,0.03244789976860425,0.9166666666666666,24
reserve10,joint_none,single_imputation,1,18,25,0.03871139904354004,0.88,25
reserve10,joint_none,single_imputation,1,19,24,0.04494912691286861,0.9166666666666666,24
reserve10,joint_none,single_imputation,1,20,25,0.04991528585337804,0.8,25
reserve10,joint_none,single_imputation,1,21,27,0.031196295889912552,0.9259259259259259,27
reserve10,joint_none,single_imputation,1,22,27,0.04419048674356987,0.8518518518518519,27
reserve10,joint_none,single_imputation,1,23,23,0.05804016698614355,0.782608695652174,23
reserve10,joint_none,single_imputation,2,0,24,0.06028727023679118,0.7916666666666666,24
reserve10,joint_none,single_imputation,2,1,25,0.06253326606852541,0.76,25
reserve10,joint_none,single_imputation,2,2,22,0.05340875078169369,0.8181818181818182,22
reserve10,joint_none,single_imputation,2,3,22,0.05264080522783155,0.8181818181818182,22
reserve10,joint_none,single_imputation,2,4,20,0.03898572257236375,0.95,20
reserve10,joint_none,single_imputation,2,5,17,0.06991905932780862,0.8235294117647058,17
reserve10,joint_none,single_imputation,2,6,19,0.06051592345850105,0.7368421052631579,19
reserve10,joint_none,single_imputation,2,7,20,0.05782732075250174,0.85,20
reserve10,joint_none,single_imputation,2,8,23,0.05850474971365719,0.8695652173913043,23
reserve10,joint_none,single_imputation,2,9,21,0.050975845719673826,0.7619047619047619,21
reserve10,joint_none,single_imputation,2,10,23,0.06110031244274218,0.782608695652174,23
reserve10,joint_none,single_imputation,2,11,23,0.05979821070505411,0.8260869565217391,23
reserve10,joint_none,single_imputation,2,12,23,0.06119659584953605,0.782608695652174,23
reserve10,joint_none,single_imputation,2,13,23,0.055522784716035056,0.8695652173913043,23
reserve10,joint_none,single_imputation,2,14,24,0.05133576203050886,0.9166666666666666,24
reserve10,joint_none,single_imputation,2,15,21,0.06259490564030504,0.8571428571428571,21
reserve10,joint_none,single_imputation,2,16,24,0.04198940574203225,0.9166666666666666,24
reserve10,joint_none,single_imputation,2,17,25,0.05365884752448033,0.8,25
reserve10,joint_none,single_imputation,2,18,24,0.06876859527273642,0.75,24
reserve10,joint_none,single_imputation,2,19,25,0.06325427165330537,0.88,25
reserve10,joint_none,single_imputation,2,20,27,0.05964160500636274,0.8148148148148148,27
reserve10,joint_none,single_imputation,2,21,27,0.04903088870682048,0.8518518518518519,27
reserve10,joint_none,single_imputation,2,22,23,0.07939458406653013,0.8695652173913043,23
reserve10,joint_none,single_imputation,2,23,23,0.07554811760485194,0.7391304347826086,23
reserve10,joint_none,single_imputation,3,0,25,0.04549312947991242,0.92,25
reserve10,joint_none,single_imputation,3,1,22,0.06323204934657996,0.8181818181818182,22
reserve10,joint_none,single_imputation,3,2,22,0.05304138789677557,0.8636363636363636,22
reserve10,joint_none,single_imputation,3,3,20,0.045555211857999656,0.9,20
reserve10,joint_none,single_imputation,3,4,17,0.06477235281689885,0.7647058823529411,17
reserve10,joint_none,single_imputation,3,5,19,0.06797688977724514,0.7368421052631579,19
reserve10,joint_none,single_imputation,3,6,20,0.0743326279803356,0.7,20
reserve10,joint_none,single_imputation,3,7,23,0.06887227392134684,0.8695652173913043,23
reserve10,joint_none,single_imputation,3,8,21,0.07153606290681976,0.8571428571428571,21
reserve10,joint_none,single_imputation,3,9,23,0.05955017939281862,0.8695652173913043,23
reserve10,joint_none,single_imputation,3,10,23,0.06008617263894025,0.8260869565217391,23
reserve10,joint_none,single_imputation,3,11,23,0.06553200881238512,0.782608695652174,23
reserve10,joint_none,single_imputation,3,12,23,0.06972274706904527,0.8260869565217391,23
reserve10,joint_none,single_imputation,3,13,24,0.061648315156742885,0.875,24
reserve10,joint_none,single_imputation,3,14,21,0.07806558294010608,0.8095238095238095,21
reserve10,joint_none,single_imputation,3,15,24,0.05975571248080283,0.8333333333333334,24
reserve10,joint_none,single_imputation,3,16,25,0.05998345275720994,0.76,25
reserve10,joint_none,single_imputation,3,17,24,0.06957598819616573,0.7916666666666666,24
reserve10,joint_none,single_imputation,3,18,25,0.07461638804735336,0.76,25
reserve10,joint_none,single_imputation,3,19,27,0.07498574833332275,0.7777777777777778,27
reserve10,joint_none,single_imputation,3,20,27,0.05720755465407078,0.8148148148148148,27
reserve10,joint_none,single_imputation,3,21,23,0.07405161768606215,0.8260869565217391,23
reserve10,joint_none,single_imputation,3,22,23,0.08903601013396263,0.782608695652174,23
reserve10,joint_none,single_imputation,3,23,25,0.05887745213141189,0.84,25
reserve10,joint_none,single_imputation,4,0,22,0.050690154095895806,0.8636363636363636,22
reserve10,joint_none,single_imputation,4,1,22,0.05588604437838831,0.8636363636363636,22
reserve10,joint_none,single_imputation,4,2,20,0.05112533651950683,0.85,20
reserve10,joint_none,single_imputation,4,3,17,0.07959486241809699,0.6470588235294118,17
reserve10,joint_none,single_imputation,4,4,19,0.06474275448649885,0.7368421052631579,19
reserve10,joint_none,single_imputation,4,5,20,0.07453454386289363,0.7,20
reserve10,joint_none,single_imputation,4,6,23,0.0739025349324031,0.782608695652174,23
reserve10,joint_none,single_imputation,4,7,21,0.07712864801556335,0.8571428571428571,21
reserve10,joint_none,single_imputation,4,8,23,0.07052437554346025,0.8260869565217391,23
reserve10,joint_none,single_imputation,4,9,23,0.0609953081010205,0.8695652173913043,23
reserve10,joint_none,single_imputation,4,10,23,0.06697874723831478,0.8260869565217391,23
reserve10,joint_none,single_imputation,4,11,23,0.08089377319422417,0.7391304347826086,23
reserve10,joint_none,single_imputation,4,12,24,0.06707951946509327,0.8333333333333334,24
reserve10,joint_none,single_imputation,4,13,21,0.09258281237924924,0.8095238095238095,21
reserve10,joint_none,single_imputation,4,14,24,0.07250085463889895,0.875,24
reserve10,joint_none,single_imputation,4,15,25,0.0694597422766377,0.8,25
reserve10,joint_none,single_imputation,4,16,24,0.08102869441307758,0.75,24
reserve10,joint_none,single_imputation,4,17,25,0.08066431354020878,0.84,25
reserve10,joint_none,single_imputation,4,18,27,0.0773000771503499,0.7777777777777778,27
reserve10,joint_none,single_imputation,4,19,27,0.06311822945545921,0.7777777777777778,27
reserve10,joint_none,single_imputation,4,20,23,0.07103902997498046,0.8260869565217391,23
reserve10,joint_none,single_imputation,4,21,23,0.07822068219776435,0.8260869565217391,23
reserve10,joint_none,single_imputation,4,22,25,0.07537551476859945,0.8,25
reserve10,joint_none,single_imputation,4,23,25,0.05169429875482809,0.92,25
reserve10,irradiance_first,aci_bounded,1,0,22,0.027352470241685977,0.9545454545454546,22
reserve10,irradiance_first,aci_bounded,1,1,22,0.03002549824236159,0.9545454545454546,22
reserve10,irradiance_first,aci_bounded,1,2,20,0.034869069477771575,0.95,20
reserve10,irradiance_first,aci_bounded,1,3,17,0.037161147422784695,1.0,17
reserve10,irradiance_first,aci_bounded,1,4,19,0.03595475816126382,0.9473684210526315,19
reserve10,irradiance_first,aci_bounded,1,5,20,0.04424843265079424,0.95,20
reserve10,irradiance_first,aci_bounded,1,6,23,0.040121716862362114,0.9130434782608695,23
reserve10,irradiance_first,aci_bounded,1,7,21,0.03539893881310779,0.9523809523809523,21
reserve10,irradiance_first,aci_bounded,1,8,23,0.037659038004120966,0.8695652173913043,23
reserve10,irradiance_first,aci_bounded,1,9,23,0.0383250443147738,0.8695652173913043,23
reserve10,irradiance_first,aci_bounded,1,10,23,0.03486442773610058,0.7391304347826086,23
reserve10,irradiance_first,aci_bounded,1,11,23,0.03828165586196749,0.8695652173913043,23
reserve10,irradiance_first,aci_bounded,1,12,24,0.03040740000842034,0.875,24
reserve10,irradiance_first,aci_bounded,1,13,21,0.040732579445780244,0.8095238095238095,21
reserve10,irradiance_first,aci_bounded,1,14,24,0.02803285539409468,0.9583333333333334,24
reserve10,irradiance_first,aci_bounded,1,15,25,0.037478225664729636,0.84,25
reserve10,irradiance_first,aci_bounded,1,16,24,0.041765937446800516,0.875,24
reserve10,irradiance_first,aci_bounded,1,17,25,0.04429710051922008,0.76,25
reserve10,irradiance_first,aci_bounded,1,18,27,0.02651628502766595,0.9259259259259259,27
reserve10,irradiance_first,aci_bounded,1,19,27,0.03885443709414537,0.8888888888888888,27
reserve10,irradiance_first,aci_bounded,1,20,23,0.046154742263191564,0.8260869565217391,23
reserve10,irradiance_first,aci_bounded,1,21,23,0.03957308575672324,0.9130434782608695,23
reserve10,irradiance_first,aci_bounded,1,22,25,0.03271637425491958,0.92,25
reserve10,irradiance_first,aci_bounded,1,23,25,0.025619100597611123,0.88,25
reserve10,irradiance_first,aci_bounded,2,0,22,0.04008867978360283,1.0,22
reserve10,irradiance_first,aci_bounded,2,1,20,0.03773965549935192,0.95,20
reserve10,irradiance_first,aci_bounded,2,2,17,0.06108832998052628,1.0,17
reserve10,irradiance_first,aci_bounded,2,3,19,0.045830834553647865,1.0,19
reserve10,irradiance_first,aci_bounded,2,4,20,0.054217685628001264,0.95,20
reserve10,irradiance_first,aci_bounded,2,5,23,0.05583651135308809,0.9130434782608695,23
reserve10,irradiance_first,aci_bounded,2,6,21,0.053518825577341556,0.9523809523809523,21
reserve10,irradiance_first,aci_bounded,2,7,23,0.050541165115495425,0.9565217391304348,23
reserve10,irradiance_first,aci_bounded,2,8,23,0.05007525353547313,0.9565217391304348,23
reserve10,irradiance_first,aci_bounded,2,9,23,0.04825526089135424,0.8260869565217391,23
reserve10,irradiance_first,aci_bounded,2,10,23,0.05523044271268963,0.782608695652174,23
reserve10,irradiance_first,aci_bounded,2,11,24,0.05152042794516711,0.875,24
reserve10,irradiance_first,aci_bounded,2,12,21,0.06362006910458647,0.8095238095238095,21
reserve10,irradiance_first,aci_bounded,2,13,24,0.05074326948107058,0.7916666666666666,24
reserve10,irradiance_first,aci_bounded,2,14,25,0.04990778384128051,0.92,25
reserve10,irradiance_first,aci_bounded,2,15,24,0.062110165543084676,0.7916666666666666,24
reserve10,irradiance_first,aci_bounded,2,16,25,0.05620710716930562,0.88,25
reserve10,irradiance_first,aci_bounded,2,17,27,0.049557879128040744,0.8518518518518519,27
reserve10,irradiance_first,aci_bounded,2,18,27,0.042802347354881656,0.8888888888888888,27
reserve10,irradiance_first,aci_bounded,2,19,23,0.06337018777928895,0.8695652173913043,23
reserve10,irradiance_first,aci_bounded,2,20,23,0.06624853229124571,0.782608695652174,23
reserve10,irradiance_first,aci_bounded,2,21,25,0.04147413189059842,0.84,25
reserve10,irradiance_first,aci_bounded,2,22,25,0.03404258672424063,0.96,25
reserve10,irradiance_first,aci_bounded,2,23,22,0.03587424886996233,0.9545454545454546,22
reserve10,irradiance_first,aci_bounded,3,0,20,0.04228322450850088,0.95,20
reserve10,irradiance_first,aci_bounded,3,1,17,0.05788286349905078,1.0,17
reserve10,irradiance_first,aci_bounded,3,2,19,0.05644878743533135,0.9473684210526315,19
reserve10,irradiance_first,aci_bounded,3,3,20,0.05803395207889567,0.95,20
reserve10,irradiance_first,aci_bounded,3,4,23,0.058625902754215184,0.9130434782608695,23
reserve10,irradiance_first,aci_bounded,3,5,21,0.06772548799459133,0.9047619047619048,21
reserve10,irradiance_first,aci_bounded,3,6,23,0.05473044869981772,0.8695652173913043,23
reserve10,irradiance_first,aci_bounded,3,7,23,0.05300674595032304,0.9130434782608695,23
reserve10,irradiance_first,aci_bounded,3,8,23,0.05623466260533583,0.8260869565217391,23
reserve10,irradiance_first,aci_bounded,3,9,23,0.06331976727945597,0.782608695652174,23
reserve10,irradiance_first,aci_bounded,3,10,24,0.05793755866089039,0.8333333333333334,24
reserve10,irradiance_first,aci_bounded,3,11,21,0.07281377008375554,0.8095238095238095,21
reserve10,irradiance_first,aci_bounded,3,12,24,0.05978382890683409,0.8333333333333334,24
reserve10,irradiance_first,aci_bounded,3,13,25,0.06144448136627251,0.8,25
reserve10,irradiance_first,aci_bounded,3,14,24,0.0714379517850714,0.8333333333333334,24
reserve10,irradiance_first,aci_bounded,3,15,25,0.06567144893036696,0.88,25
reserve10,irradiance_first,aci_bounded,3,16,27,0.055099003074877514,0.8518518518518519,27
reserve10,irradiance_first,aci_bounded,3,17,27,0.052868720123373875,0.8888888888888888,27
reserve10,irradiance_first,aci_bounded,3,18,23,0.060348879456735595,0.8695652173913043,23
reserve10,irradiance_first,aci_bounded,3,19,23,0.07139749502475615,0.8695652173913043,23
reserve10,irradiance_first,aci_bounded,3,20,25,0.05346563252351313,0.84,25
reserve10,irradiance_first,aci_bounded,3,21,25,0.0408394888703433,0.96,25
reserve10,irradiance_first,aci_bounded,3,22,22,0.04033547868134212,0.9545454545454546,22
reserve10,irradiance_first,aci_bounded,3,23,22,0.07645860998190741,0.8636363636363636,22
reserve10,irradiance_first,aci_bounded,4,0,17,0.06042641411261066,1.0,17
reserve10,irradiance_first,aci_bounded,4,1,19,0.06070765062314567,1.0,19
reserve10,irradiance_first,aci_bounded,4,2,20,0.06252386093265047,0.95,20
reserve10,irradiance_first,aci_bounded,4,3,23,0.05810661128259551,0.9130434782608695,23
reserve10,irradiance_first,aci_bounded,4,4,21,0.07000075111439615,0.8571428571428571,21
reserve10,irradiance_first,aci_bounded,4,5,23,0.061882654988161354,0.8695652173913043,23
reserve10,irradiance_first,aci_bounded,4,6,23,0.056196936012178886,0.9130434782608695,23
reserve10,irradiance_first,aci_bounded,4,7,23,0.054938691429106346,0.8695652173913043,23
reserve10,irradiance_first,aci_bounded,4,8,23,0.06501491023984939,0.8260869565217391,23
reserve10,irradiance_first,aci_bounded,4,9,24,0.05982141553324769,0.875,24
reserve10,irradiance_first,aci_bounded,4,10,21,0.08072406080795601,0.8095238095238095,21
reserve10,irradiance_first,aci_bounded,4,11,24,0.06397870273966326,0.875,24
reserve10,irradiance_first,aci_bounded,4,12,25,0.0681012245740901,0.8,25
reserve10,irradiance_first,aci_bounded,4,13,24,0.0782376143237685,0.7916666666666666,24
reserve10,irradiance_first,aci_bounded,4,14,25,0.06920621628409038,0.84,25
reserve10,irradiance_first,aci_bounded,4,15,27,0.057301483243299076,0.8888888888888888,27
reserve10,irradiance_first,aci_bounded,4,16,27,0.05338561088763637,0.8518518518518519,27
reserve10,irradiance_first,aci_bounded,4,17,23,0.06247649220117851,0.9130434782608695,23
reserve10,irradiance_first,aci_bounded,4,18,23,0.07171040592435672,0.8260869565217391,23
reserve10,irradiance_first,aci_bounded,4,19,25,0.05589581265570453,0.84,25
reserve10,irradiance_first,aci_bounded,4,20,25,0.046656775927397635,0.96,25
reserve10,irradiance_first,aci_bounded,4,21,22,0.040087203778486964,0.9545454545454546,22
reserve10,irradiance_first,aci_bounded,4,22,22,0.07954269733312241,0.8181818181818182,22
reserve10,irradiance_first,aci_bounded,4,23,20,0.09012090619683258,0.8,20
reserve10,irradiance_first,carry_forward,1,0,22,0.029936167243935066,0.9545454545454546,22
reserve10,irradiance_first,carry_forward,1,1,22,0.033730757700540744,0.9090909090909091,22
reserve10,irradiance_first,carry_forward,1,2,20,0.03582359067547434,0.85,20
reserve10,irradiance_first,carry_forward,1,3,17,0.037091242789613406,0.9411764705882353,17
reserve10,irradiance_first,carry_forward,1,4,19,0.03818189880737042,0.8421052631578947,19
reserve10,irradiance_first,carry_forward,1,5,20,0.0467067186174242,0.9,20
reserve10,irradiance_first,carry_forward,1,6,23,0.039954847349601065,0.782608695652174,23
reserve10,irradiance_first,carry_forward,1,7,21,0.03690091099726377,0.9047619047619048,21
reserve10,irradiance_first,carry_forward,1,8,23,0.03873685027469512,0.8260869565217391,23
reserve10,irradiance_first,carry_forward,1,9,23,0.04141557419278734,0.782608695652174,23
reserve10,irradiance_first,carry_forward,1,10,23,0.03989425666382083,0.6956521739130435,23
reserve10,irradiance_first,carry_forward,1,11,23,0.043076893790213,0.7391304347826086,23
reserve10,irradiance_first,carry_forward,1,12,24,0.03243778477835476,0.7916666666666666,24
reserve10,irradiance_first,carry_forward,1,13,21,0.043076150516488804,0.8095238095238095,21
reserve10,irradiance_first,carry_forward,1,14,24,0.03108514088434312,0.7916666666666666,24
reserve10,irradiance_first,carry_forward,1,15,25,0.04113859370433876,0.8,25
reserve10,irradiance_first,carry_forward,1,16,24,0.04373071867004746,0.8333333333333334,24
reserve10,irradiance_first,carry_forward,1,17,25,0.047506340675655415,0.84,25
reserve10,irradiance_first,carry_forward,1,18,27,0.030090818414854052,0.8888888888888888,27
reserve10,irradiance_first,carry_forward,1,19,27,0.039897340991436596,0.7037037037037037,27
reserve10,irradiance_first,carry_forward,1,20,23,0.045498179088140356,0.782608695652174,23
reserve10,irradiance_first,carry_forward,1,21,23,0.045271461675395155,0.782608695652174,23
reserve10,irradiance_first,carry_forward,1,22,25,0.04255532774219564,0.8,25
reserve10,irradiance_first,carry_forward,1,23,25,0.03328780733914155,0.92,25
reserve10,irradiance_first,carry_forward,2,0,22,0.04044230222357156,0.9090909090909091,22
reserve10,irradiance_first,carry_forward,2,1,20,0.03639277619510533,0.8,20
reserve10,irradiance_first,carry_forward,2,2,17,0.05950711970744472,0.9411764705882353,17
reserve10,irradiance_first,carry_forward,2,3,19,0.04658436756371804,0.8947368421052632,19
reserve10,irradiance_first,carry_forward,2,4,20,0.05550245554071563,0.85,20
reserve10,irradiance_first,carry_forward,2,5,23,0.059920233703854964,0.9130434782608695,23
reserve10,irradiance_first,carry_forward,2,6,21,0.05603340019927462,0.9047619047619048,21
reserve10,irradiance_first,carry_forward,2,7,23,0.05113914925421455,0.6956521739130435,23
reserve10,irradiance_first,carry_forward,2,8,23,0.054036009941955586,0.8695652173913043,23
reserve10,irradiance_first,carry_forward,2,9,23,0.050495199368242656,0.7391304347826086,23
reserve10,irradiance_first,carry_forward,2,10,23,0.05900039014247985,0.7391304347826086,23
reserve10,irradiance_first,carry_forward,2,11,24,0.05325076708879966,0.8333333333333334,24
reserve10,irradiance_first,carry_forward,2,12,21,0.06603297654996167,0.7142857142857143,21
reserve10,irradiance_first,carry_forward,2,13,24,0.05204573958686253,0.75,24
reserve10,irradiance_first,carry_forward,2,14,25,0.05067979588713954,0.76,25
reserve10,irradiance_first,carry_forward,2,15,24,0.06467274686679077,0.7916666666666666,24
reserve10,irradiance_first,carry_forward,2,16,25,0.059277164123230586,0.88,25
reserve10,irradiance_first,carry_forward,2,17,27,0.050299698064634496,0.8148148148148148,27
reserve10,irradiance_first,carry_forward,2,18,27,0.04330136832898651,0.8148148148148148,27
reserve10,irradiance_first,carry_forward,2,19,23,0.06321500024194118,0.7391304347826086,23
reserve10,irradiance_first,carry_forward,2,20,23,0.06583555171152801,0.782608695652174,23
reserve10,irradiance_first,carry_forward,2,21,25,0.04598417817857183,0.8,25
reserve10,irradiance_first,carry_forward,2,22,25,0.036629373911662114,0.96,25
reserve10,irradiance_first,carry_forward,2,23,22,0.031167318292149113,0.9090909090909091,22
reserve10,irradiance_first,carry_forward,3,0,20,0.04191545255056635,0.95,20
reserve10,irradiance_first,carry_forward,3,1,17,0.05846107006853397,0.9411764705882353,17
reserve10,irradiance_first,carry_forward,3,2,19,0.0578725337259615,0.8947368421052632,19
reserve10,irradiance_first,carry_forward,3,3,20,0.05936545247464592,0.75,20
reserve10,irradiance_first,carry_forward,3,4,23,0.05997107929133981,0.8695652173913043,23
reserve10,irradiance_first,carry_forward,3,5,21,0.06902973956749445,0.9047619047619048,21
reserve10,irradiance_first,carry_forward,3,6,23,0.05605802578755941,0.782608695652174,23
reserve10,irradiance_first,carry_forward,3,7,23,0.05541674687380777,0.6956521739130435,23
reserve10,irradiance_first,carry_forward,3,8,23,0.058192911154607264,0.6956521739130435,23
reserve10,irradiance_first,carry_forward,3,9,23,0.06464974584683515,0.782608695652174,23
reserve10,irradiance_first,carry_forward,3,10,24,0.06189633870281103,0.75,24
reserve10,irradiance_first,carry_forward,3,11,21,0.07509731144455431,0.7142857142857143,21
reserve10,irradiance_first,carry_forward,3,12,24,0.06125512447990946,0.7083333333333334,24
reserve10,irradiance_first,carry_forward,3,13,25,0.06521475190525834,0.72,25
reserve10,irradiance_first,carry_forward,3,14,24,0.07571335341611635,0.7083333333333334,24
reserve10,irradiance_first,carry_forward,3,15,25,0.06755093207402382,0.8,25
reserve10,irradiance_first,carry_forward,3,16,27,0.0551032331509791,0.8518518518518519,27
reserve10,irradiance_first,carry_forward,3,17,27,0.055506941452282056,0.7777777777777778,27
reserve10,irradiance_first,carry_forward,3,18,23,0.05995706353254252,0.8260869565217391,23
reserve10,irradiance_first,carry_forward,3,19,23,0.07195336335253445,0.6956521739130435,23
reserve10,irradiance_first,carry_forward,3,20,25,0.052729690285253844,0.68,25
reserve10,irradiance_first,carry_forward,3,21,25,0.04126775866597552,0.88,25
reserve10,irradiance_first,carry_forward,3,22,22,0.0400951082714533,0.8636363636363636,22
reserve10,irradiance_first,carry_forward,3,23,22,0.07465128101357364,0.8181818181818182,22
reserve10,irradiance_first,carry_forward,4,0,17,0.05839236376104792,0.9411764705882353,17
reserve10,irradiance_first,carry_forward,4,1,19,0.059059331053060736,0.8947368421052632,19
reserve10,irradiance_first,carry_forward,4,2,20,0.0622924437649572,0.8,20
reserve10,irradiance_first,carry_forward,4,3,23,0.06440072667936118,0.8260869565217391,23
reserve10,irradiance_first,carry_forward,4,4,21,0.06968841185787913,0.9047619047619048,21
reserve10,irradiance_first,carry_forward,4,5,23,0.06269776073856188,0.782608695652174,23
reserve10,irradiance_first,carry_forward,4,6,23,0.05884022315757375,0.782608695652174,23
reserve10,irradiance_first,carry_forward,4,7,23,0.059063917342373456,0.6956521739130435,23
reserve10,irradiance_first,carry_forward,4,8,23,0.06541520356558927,0.6956521739130435,23
reserve10,irradiance_first,carry_forward,4,9,24,0.061485206545391156,0.7916666666666666,24
reserve10,irradiance_first,carry_forward,4,10,21,0.08076452162808548,0.7619047619047619,21
reserve10,irradiance_first,carry_forward,4,11,24,0.06609516345186052,0.6666666666666666,24
reserve10,irradiance_first,carry_forward,4,12,25,0.06897187857330221,0.72,25
reserve10,irradiance_first,carry_forward,4,13,24,0.07771905793690968,0.7083333333333334,24
reserve10,irradiance_first,carry_forward,4,14,25,0.07165575921183218,0.8,25
reserve10,irradiance_first,carry_forward,4,15,27,0.05838036144291769,0.8148148148148148,27
reserve10,irradiance_first,carry_forward,4,16,27,0.05499694387115938,0.8518518518518519,27
reserve10,irradiance_first,carry_forward,4,17,23,0.061571717319532523,0.8260869565217391,23
reserve10,irradiance_first,carry_forward,4,18,23,0.07172976955735734,0.7391304347826086,23
reserve10,irradiance_first,carry_forward,4,19,25,0.05890183890543115,0.76,25
reserve10,irradiance_first,carry_forward,4,20,25,0.045472149305630864,0.8,25
reserve10,irradiance_first,carry_forward,4,21,22,0.040461904595745196,0.8636363636363636,22
reserve10,irradiance_first,carry_forward,4,22,22,0.07906173773659542,0.8181818181818182,22
reserve10,irradiance_first,carry_forward,4,23,20,0.0935547393681128,0.7,20
reserve10,irradiance_first,geometric_persistence,1,0,22,0.03654581873057155,1.0,22
reserve10,irradiance_first,geometric_persistence,1,1,22,0.047626477559625346,0.9090909090909091,22
reserve10,irradiance_first,geometric_persistence,1,2,20,0.055268211954565064,0.9,20
reserve10,irradiance_first,geometric_persistence,1,3,17,0.04769357231498129,1.0,17
reserve10,irradiance_first,geometric_persistence,1,4,19,0.04718973712789298,1.0,19
reserve10,irradiance_first,geometric_persistence,1,5,20,0.05590616987012688,0.95,20
reserve10,irradiance_first,geometric_persistence,1,6,23,0.05118925982941448,0.9565217391304348,23
reserve10,irradiance_first,geometric_persistence,1,7,21,0.03723889485504012,1.0,21
reserve10,irradiance_first,geometric_persistence,1,8,23,0.05122884956823939,0.9130434782608695,23
reserve10,irradiance_first,geometric_persistence,1,9,23,0.056968974159102494,0.8695652173913043,23
reserve10,irradiance_first,geometric_persistence,1,10,23,0.049574646042932734,0.9565217391304348,23
reserve10,irradiance_first,geometric_persistence,1,11,23,0.0357743986012076,1.0,23
reserve10,irradiance_first,geometric_persistence,1,12,24,0.04053104806069658,0.9583333333333334,24
reserve10,irradiance_first,geometric_persistence,1,13,21,0.051168242553234586,0.9523809523809523,21
reserve10,irradiance_first,geometric_persistence,1,14,24,0.043544157052672894,0.9583333333333334,24
reserve10,irradiance_first,geometric_persistence,1,15,25,0.03970903553049656,1.0,25
reserve10,irradiance_first,geometric_persistence,1,16,24,0.04782387079115987,0.9583333333333334,24
reserve10,irradiance_first,geometric_persistence,1,17,25,0.05669162768188211,0.92,25
reserve10,irradiance_first,geometric_persistence,1,18,27,0.04299515626599887,0.9259259259259259,27
reserve10,irradiance_first,geometric_persistence,1,19,27,0.04764160820102559,0.9259259259259259,27
reserve10,irradiance_first,geometric_persistence,1,20,23,0.0601623392707459,0.9130434782608695,23
reserve10,irradiance_first,geometric_persistence,1,21,23,0.046535072004820696,0.9565217391304348,23
reserve10,irradiance_first,geometric_persistence,1,22,25,0.04228662364245019,1.0,25
reserve10,irradiance_first,geometric_persistence,1,23,25,0.04293433021878431,0.92,25
reserve10,irradiance_first,geometric_persistence,2,0,22,0.07185751197152028,0.9090909090909091,22
reserve10,irradiance_first,geometric_persistence,2,1,20,0.06292915091274048,0.9,20
reserve10,irradiance_first,geometric_persistence,2,2,17,0.08960266071644965,0.9411764705882353,17
reserve10,irradiance_first,geometric_persistence,2,3,19,0.07486292771625559,0.9473684210526315,19
reserve10,irradiance_first,geometric_persistence,2,4,20,0.06031025388741144,1.0,20
reserve10,irradiance_first,geometric_persistence,2,5,23,0.08452307025821834,0.9565217391304348,23
reserve10,irradiance_first,geometric_persistence,2,6,21,0.07434783404217271,0.9523809523809523,21
reserve10,irradiance_first,geometric_persistence,2,7,23,0.059364498707301226,0.9565217391304348,23
reserve10,irradiance_first,geometric_persistence,2,8,23,0.07681408206195901,0.9130434782608695,23
reserve10,irradiance_first,geometric_persistence,2,9,23,0.08716742603900726,0.9565217391304348,23
reserve10,irradiance_first,geometric_persistence,2,10,23,0.06486160001476837,0.9565217391304348,23
reserve10,irradiance_first,geometric_persistence,2,11,24,0.05764270163109095,0.9583333333333334,24
reserve10,irradiance_first,geometric_persistence,2,12,21,0.08764738928871091,0.9523809523809523,21
reserve10,irradiance_first,geometric_persistence,2,13,24,0.07675455816846664,1.0,24
reserve10,irradiance_first,geometric_persistence,2,14,25,0.06962102381988278,0.96,25
reserve10,irradiance_first,geometric_persistence,2,15,24,0.07373752399438581,0.9583333333333334,24
reserve10,irradiance_first,geometric_persistence,2,16,25,0.08555925267341925,0.96,25
reserve10,irradiance_first,geometric_persistence,2,17,27,0.07746886409433197,0.8888888888888888,27
reserve10,irradiance_first,geometric_persistence,2,18,27,0.06946911607215517,0.8888888888888888,27
reserve10,irradiance_first,geometric_persistence,2,19,23,0.09463310341348806,0.8695652173913043,23
reserve10,irradiance_first,geometric_persistence,2,20,23,0.07325220872335128,1.0,23
reserve10,irradiance_first,geometric_persistence,2,21,25,0.05467610827520992,1.0,25
reserve10,irradiance_first,geometric_persistence,2,22,25,0.060807927067617486,0.92,25
reserve10,irradiance_first,geometric_persistence,2,23,22,0.07291559234933302,0.9545454545454546,22
reserve10,irradiance_first,geometric_persistence,3,0,20,0.09079985366077682,0.9,20
reserve10,irradiance_first,geometric_persistence,3,1,17,0.10930446270718915,0.9411764705882353,17
reserve10,irradiance_first,geometric_persistence,3,2,19,0.09714679018290934,0.9473684210526315,19
reserve10,irradiance_first,geometric_persistence,3,3,20,0.08029929721901838,1.0,20
reserve10,irradiance_first,geometric_persistence,3,4,23,0.08858808018910154,1.0,23
reserve10,irradiance_first,geometric_persistence,3,5,21,0.11146161906201854,0.9047619047619048,21
reserve10,irradiance_first,geometric_persistence,3,6,23,0.0854929551953653,0.8695652173913043,23
reserve10,irradiance_first,geometric_persistence,3,7,23,0.08765558402453964,1.0,23
reserve10,irradiance_first,geometric_persistence,3,8,23,0.10216353605640503,1.0,23
reserve10,irradiance_first,geometric_persistence,3,9,23,0.09899876749864164,0.9565217391304348,23
reserve10,irradiance_first,geometric_persistence,3,10,24,0.08270825285574933,0.9166666666666666,24
reserve10,irradiance_first,geometric_persistence,3,11,21,0.1037509310226787,0.9047619047619048,21
reserve10,irradiance_first,geometric_persistence,3,12,24,0.1125005257089821,0.875,24
reserve10,irradiance_first,geometric_persistence,3,13,25,0.09914219422869466,0.96,25
reserve10,irradiance_first,geometric_persistence,3,14,24,0.10568539520169151,0.9166666666666666,24
reserve10,irradiance_first,geometric_persistence,3,15,25,0.10232815612694257,0.96,25
reserve10,irradiance_first,geometric_persistence,3,16,27,0.10715909512984485,0.8518518518518519,27
reserve10,irradiance_first,geometric_persistence,3,17,27,0.09018545881377778,0.9259259259259259,27
reserve10,irradiance_first,geometric_persistence,3,18,23,0.10617293506615866,0.8695652173913043,23
reserve10,irradiance_first,geometric_persistence,3,19,23,0.09919219617639144,0.9565217391304348,23
reserve10,irradiance_first,geometric_persistence,3,20,25,0.07598979869311949,1.0,25
reserve10,irradiance_first,geometric_persistence,3,21,25,0.06807896085711737,0.92,25
reserve10,irradiance_first,geometric_persistence,3,22,22,0.0872208020079658,0.9545454545454546,22
reserve10,irradiance_first,geometric_persistence,3,23,22,0.11131609885084942,0.8636363636363636,22
reserve10,irradiance_first,geometric_persistence,4,0,17,0.1392386483458795,0.8823529411764706,17
reserve10,irradiance_first,geometric_persistence,4,1,19,0.1107238532126175,0.9473684210526315,19
reserve10,irradiance_first,geometric_persistence,4,2,20,0.09829520975997694,1.0,20
reserve10,irradiance_first,geometric_persistence,4,3,23,0.1024994940537304,0.9565217391304348,23
reserve10,irradiance_first,geometric_persistence,4,4,21,0.10957788619930313,0.9523809523809523,21
reserve10,irradiance_first,geometric_persistence,4,5,23,0.11258376430054076,0.9130434782608695,23
reserve10,irradiance_first,geometric_persistence,4,6,23,0.11343465655278331,0.9565217391304348,23
reserve10,irradiance_first,geometric_persistence,4,7,23,0.11022592771958953,0.9565217391304348,23
reserve10,irradiance_first,geometric_persistence,4,8,23,0.11117635134338538,1.0,23
reserve10,irradiance_first,geometric_persistence,4,9,24,0.10566784946273967,0.875,24
reserve10,irradiance_first,geometric_persistence,4,10,21,0.1296049076155294,0.9047619047619048,21
reserve10,irradiance_first,geometric_persistence,4,11,24,0.12307961566493952,0.9166666666666666,24
reserve10,irradiance_first,geometric_persistence,4,12,25,0.12636662022794154,0.92,25
reserve10,irradiance_first,geometric_persistence,4,13,24,0.12807819260159345,0.9583333333333334,24
reserve10,irradiance_first,geometric_persistence,4,14,25,0.12858946362726875,0.88,25
reserve10,irradiance_first,geometric_persistence,4,15,27,0.1215978978178211,0.8518518518518519,27
reserve10,irradiance_first,geometric_persistence,4,16,27,0.11371874830645251,0.8518518518518519,27
reserve10,irradiance_first,geometric_persistence,4,17,23,0.12644911682130336,0.9130434782608695,23
reserve10,irradiance_first,geometric_persistence,4,18,23,0.11209148177407222,0.9130434782608695,23
reserve10,irradiance_first,geometric_persistence,4,19,25,0.09668529118849573,0.96,25
reserve10,irradiance_first,geometric_persistence,4,20,25,0.08027486692283298,0.92,25
reserve10,irradiance_first,geometric_persistence,4,21,22,0.08854481090679721,0.9545454545454546,22
reserve10,irradiance_first,geometric_persistence,4,22,22,0.12523898477187054,0.8181818181818182,22
reserve10,irradiance_first,geometric_persistence,4,23,20,0.13435064351957268,0.85,20
reserve10,irradiance_first,mask50,1,0,22,0.027365252293526654,0.9545454545454546,22
reserve10,irradiance_first,mask50,1,1,22,0.0301008204915449,0.9545454545454546,22
reserve10,irradiance_first,mask50,1,2,20,0.034809803958721755,0.95,20
reserve10,irradiance_first,mask50,1,3,17,0.03715742902636611,1.0,17
reserve10,irradiance_first,mask50,1,4,19,0.03606707243293205,0.9473684210526315,19
reserve10,irradiance_first,mask50,1,5,20,0.044346523797181445,0.95,20
reserve10,irradiance_first,mask50,1,6,23,0.04023053306183968,0.9130434782608695,23
reserve10,irradiance_first,mask50,1,7,21,0.03544038315239648,0.9523809523809523,21
reserve10,irradiance_first,mask50,1,8,23,0.037571501433241956,0.8695652173913043,23
reserve10,irradiance_first,mask50,1,9,23,0.03832715575981595,0.8695652173913043,23
reserve10,irradiance_first,mask50,1,10,23,0.03478968076866814,0.7391304347826086,23
reserve10,irradiance_first,mask50,1,11,23,0.03832399719881053,0.8695652173913043,23
reserve10,irradiance_first,mask50,1,12,24,0.030481549945509875,0.875,24
reserve10,irradiance_first,mask50,1,13,21,0.04077614331234538,0.8095238095238095,21
reserve10,irradiance_first,mask50,1,14,24,0.027907999277330887,1.0,24
reserve10,irradiance_first,mask50,1,15,25,0.03722686014564071,0.88,25
reserve10,irradiance_first,mask50,1,16,24,0.04184998923930653,0.875,24
reserve10,irradiance_first,mask50,1,17,25,0.04431387342390755,0.84,25
reserve10,irradiance_first,mask50,1,18,27,0.02663630906292935,0.9259259259259259,27
reserve10,irradiance_first,mask50,1,19,27,0.03881615998394658,0.8888888888888888,27
reserve10,irradiance_first,mask50,1,20,23,0.04586849398366197,0.8695652173913043,23
reserve10,irradiance_first,mask50,1,21,23,0.039748770023033446,0.9130434782608695,23
reserve10,irradiance_first,mask50,1,22,25,0.03279858811573004,0.92,25
reserve10,irradiance_first,mask50,1,23,25,0.02560854503110245,0.88,25
reserve10,irradiance_first,mask50,2,0,22,0.04004929373763619,1.0,22
reserve10,irradiance_first,mask50,2,1,20,0.03755512839045101,0.95,20
reserve10,irradiance_first,mask50,2,2,17,0.06095175621406006,1.0,17
reserve10,irradiance_first,mask50,2,3,19,0.04580086499454435,1.0,19
reserve10,irradiance_first,mask50,2,4,20,0.05404635812826891,0.95,20
reserve10,irradiance_first,mask50,2,5,23,0.05606927790667686,0.9130434782608695,23
reserve10,irradiance_first,mask50,2,6,21,0.05373445085321727,0.9523809523809523,21
reserve10,irradiance_first,mask50,2,7,23,0.05067409122687994,0.9565217391304348,23
reserve10,irradiance_first,mask50,2,8,23,0.050002614728563134,0.9565217391304348,23
reserve10,irradiance_first,mask50,2,9,23,0.047991962843501296,0.8695652173913043,23
reserve10,irradiance_first,mask50,2,10,23,0.05497361647264489,0.782608695652174,23
reserve10,irradiance_first,mask50,2,11,24,0.051535431936620725,0.875,24
reserve10,irradiance_first,mask50,2,12,21,0.06367138338696374,0.8571428571428571,21
reserve10,irradiance_first,mask50,2,13,24,0.05060348377225418,0.7916666666666666,24
reserve10,irradiance_first,mask50,2,14,25,0.04970351892418722,0.92,25
reserve10,irradiance_first,mask50,2,15,24,0.06207216076876237,0.7916666666666666,24
reserve10,irradiance_first,mask50,2,16,25,0.05621856363267423,0.92,25
reserve10,irradiance_first,mask50,2,17,27,0.049415687385642,0.9259259259259259,27
reserve10,irradiance_first,mask50,2,18,27,0.042934889031333474,0.9259259259259259,27
reserve10,irradiance_first,mask50,2,19,23,0.06301309468600343,0.8695652173913043,23
reserve10,irradiance_first,mask50,2,20,23,0.06600883677708358,0.8260869565217391,23
reserve10,irradiance_first,mask50,2,21,25,0.041604758173317456,0.84,25
reserve10,irradiance_first,mask50,2,22,25,0.0341012759698546,0.96,25
reserve10,irradiance_first,mask50,2,23,22,0.036163911063948964,0.9545454545454546,22
reserve10,irradiance_first,mask50,3,0,20,0.04208016644162502,0.95,20
reserve10,irradiance_first,mask50,3,1,17,0.05775059560959249,1.0,17
reserve10,irradiance_first,mask50,3,2,19,0.05650261320815837,0.9473684210526315,19
reserve10,irradiance_first,mask50,3,3,20,0.05833322326622149,0.9,20
reserve10,irradiance_first,mask50,3,4,23,0.05880625881905073,0.9130434782608695,23
reserve10,irradiance_first,mask50,3,5,21,0.06812603645253217,0.9047619047619048,21
reserve10,irradiance_first,mask50,3,6,23,0.05484603976843463,0.8695652173913043,23
reserve10,irradiance_first,mask50,3,7,23,0.053315002867068015,0.9130434782608695,23
reserve10,irradiance_first,mask50,3,8,23,0.05623182627373617,0.8260869565217391,23
reserve10,irradiance_first,mask50,3,9,23,0.06317772717941979,0.8260869565217391,23
reserve10,irradiance_first,mask50,3,10,24,0.05805430579638641,0.8333333333333334,24
reserve10,irradiance_first,mask50,3,11,21,0.07285808729319429,0.8095238095238095,21
reserve10,irradiance_first,mask50,3,12,24,0.05981305109267505,0.8333333333333334,24
reserve10,irradiance_first,mask50,3,13,25,0.061267820551082056,0.8,25
reserve10,irradiance_first,mask50,3,14,24,0.07117894799908898,0.8333333333333334,24
reserve10,irradiance_first,mask50,3,15,25,0.0655275050564768,0.88,25
reserve10,irradiance_first,mask50,3,16,27,0.05518044113333391,0.8518518518518519,27
reserve10,irradiance_first,mask50,3,17,27,0.05297733057344073,0.8518518518518519,27
reserve10,irradiance_first,mask50,3,18,23,0.06005978659001752,0.8695652173913043,23
reserve10,irradiance_first,mask50,3,19,23,0.07154863865209873,0.8695652173913043,23
reserve10,irradiance_first,mask50,3,20,25,0.053537832621908484,0.84,25
reserve10,irradiance_first,mask50,3,21,25,0.04097309832917102,0.96,25
reserve10,irradiance_first,mask50,3,22,22,0.040433256031964813,0.9545454545454546,22
reserve10,irradiance_first,mask50,3,23,22,0.07649896173919765,0.8636363636363636,22
reserve10,irradiance_first,mask50,4,0,17,0.0602535626007738,1.0,17
reserve10,irradiance_first,mask50,4,1,19,0.06065608033836528,1.0,19
reserve10,irradiance_first,mask50,4,2,20,0.06251641110019879,0.9,20
reserve10,irradiance_first,mask50,4,3,23,0.05838785641193514,0.9130434782608695,23
reserve10,irradiance_first,mask50,4,4,21,0.07024042537532389,0.8571428571428571,21
reserve10,irradiance_first,mask50,4,5,23,0.06194684191067679,0.8695652173913043,23
reserve10,irradiance_first,mask50,4,6,23,0.056199325803260855,0.9130434782608695,23
reserve10,irradiance_first,mask50,4,7,23,0.05515480075094202,0.8260869565217391,23
reserve10,irradiance_first,mask50,4,8,23,0.0651657963181427,0.8260869565217391,23
reserve10,irradiance_first,mask50,4,9,24,0.05998961129820138,0.8333333333333334,24
reserve10,irradiance_first,mask50,4,10,21,0.081006744858524,0.8095238095238095,21
reserve10,irradiance_first,mask50,4,11,24,0.06393963130574581,0.8333333333333334,24
reserve10,irradiance_first,mask50,4,12,25,0.06816460076275925,0.8,25
reserve10,irradiance_first,mask50,4,13,24,0.07831727065551271,0.7916666666666666,24
reserve10,irradiance_first,mask50,4,14,25,0.06907811234357797,0.88,25
reserve10,irradiance_first,mask50,4,15,27,0.05720980831973489,0.8518518518518519,27
reserve10,irradiance_first,mask50,4,16,27,0.053411183785496814,0.8518518518518519,27
reserve10,irradiance_first,mask50,4,17,23,0.06258848692820428,0.9130434782608695,23
reserve10,irradiance_first,mask50,4,18,23,0.07159158911113828,0.8260869565217391,23
reserve10,irradiance_first,mask50,4,19,25,0.056051294113344884,0.84,25
reserve10,irradiance_first,mask50,4,20,25,0.04659701328850941,0.96,25
reserve10,irradiance_first,mask50,4,21,22,0.04014413685259115,0.9545454545454546,22
reserve10,irradiance_first,mask50,4,22,22,0.0795073641515576,0.8181818181818182,22
reserve10,irradiance_first,mask50,4,23,20,0.09009127673705791,0.8,20
reserve10,irradiance_first,mi_recency,1,0,22,0.027662134419187953,1.0,22
reserve10,irradiance_first,mi_recency,1,1,22,0.04031915877632802,0.8636363636363636,22
reserve10,irradiance_first,mi_recency,1,2,20,0.045030490657582065,0.85,20
reserve10,irradiance_first,mi_recency,1,3,17,0.03948702882871035,0.9411764705882353,17
reserve10,irradiance_first,mi_recency,1,4,19,0.038003541275375766,0.9473684210526315,19
reserve10,irradiance_first,mi_recency,1,5,20,0.05215339616197749,0.9,20
reserve10,irradiance_first,mi_recency,1,6,23,0.04001554491578492,0.8260869565217391,23
reserve10,irradiance_first,mi_recency,1,7,21,0.04139788055786183,0.8571428571428571,21
reserve10,irradiance_first,mi_recency,1,8,23,0.04518784150434203,0.9565217391304348,23
reserve10,irradiance_first,mi_recency,1,9,23,0.04575686558330445,0.8695652173913043,23
reserve10,irradiance_first,mi_recency,1,10,23,0.033899061072034005,0.9565217391304348,23
reserve10,irradiance_first,mi_recency,1,11,23,0.041691552623234436,0.9565217391304348,23
reserve10,irradiance_first,mi_recency,1,12,24,0.03095790506741911,0.9583333333333334,24
reserve10,irradiance_first,mi_recency,1,13,21,0.04545970980597528,0.9047619047619048,21
reserve10,irradiance_first,mi_recency,1,14,24,0.030768434923423155,0.9583333333333334,24
reserve10,irradiance_first,mi_recency,1,15,25,0.04035995980691112,0.92,25
reserve10,irradiance_first,mi_recency,1,16,24,0.04617185331734572,0.9583333333333334,24
reserve10,irradiance_first,mi_recency,1,17,25,0.0492783515225574,0.84,25
reserve10,irradiance_first,mi_recency,1,18,27,0.03216796587686918,0.9259259259259259,27
reserve10,irradiance_first,mi_recency,1,19,27,0.04393488895127858,0.9259259259259259,27
reserve10,irradiance_first,mi_recency,1,20,23,0.057177081812796245,0.8695652173913043,23
reserve10,irradiance_first,mi_recency,1,21,23,0.049298951742646084,0.8695652173913043,23
reserve10,irradiance_first,mi_recency,1,22,25,0.03792129829746524,0.96,25
reserve10,irradiance_first,mi_recency,1,23,25,0.03305760136832302,0.96,25
reserve10,irradiance_first,mi_recency,2,0,22,0.04803455993705763,0.9545454545454546,22
reserve10,irradiance_first,mi_recency,2,1,20,0.038741978241261486,1.0,20
reserve10,irradiance_first,mi_recency,2,2,17,0.06610005573472731,0.7647058823529411,17
reserve10,irradiance_first,mi_recency,2,3,19,0.05741133492093544,0.8947368421052632,19
reserve10,irradiance_first,mi_recency,2,4,20,0.06412172468635173,0.85,20
reserve10,irradiance_first,mi_recency,2,5,23,0.0642774717401789,0.8695652173913043,23
reserve10,irradiance_first,mi_recency,2,6,21,0.058008699281071475,0.8571428571428571,21
reserve10,irradiance_first,mi_recency,2,7,23,0.06071414148418559,0.8260869565217391,23
reserve10,irradiance_first,mi_recency,2,8,23,0.05922336659474553,0.8695652173913043,23
reserve10,irradiance_first,mi_recency,2,9,23,0.05568035817261716,0.8260869565217391,23
reserve10,irradiance_first,mi_recency,2,10,23,0.05855917406387125,0.8695652173913043,23
reserve10,irradiance_first,mi_recency,2,11,24,0.05472285307528671,0.9166666666666666,24
reserve10,irradiance_first,mi_recency,2,12,21,0.06784212088486223,0.8571428571428571,21
reserve10,irradiance_first,mi_recency,2,13,24,0.04472864588793695,0.9583333333333334,24
reserve10,irradiance_first,mi_recency,2,14,25,0.054454432533108055,0.96,25
reserve10,irradiance_first,mi_recency,2,15,24,0.07204600428638244,0.875,24
reserve10,irradiance_first,mi_recency,2,16,25,0.06348638115088831,0.92,25
reserve10,irradiance_first,mi_recency,2,17,27,0.05698759169704889,0.9259259259259259,27
reserve10,irradiance_first,mi_recency,2,18,27,0.046475875992476615,0.9259259259259259,27
reserve10,irradiance_first,mi_recency,2,19,23,0.07891079940647949,0.8695652173913043,23
reserve10,irradiance_first,mi_recency,2,20,23,0.07393239197554863,0.8695652173913043,23
reserve10,irradiance_first,mi_recency,2,21,25,0.043005785205039955,0.96,25
reserve10,irradiance_first,mi_recency,2,22,25,0.04516092320606632,0.92,25
reserve10,irradiance_first,mi_recency,2,23,22,0.048471320095459694,0.9545454545454546,22
reserve10,irradiance_first,mi_recency,3,0,20,0.043783612707561904,1.0,20
reserve10,irradiance_first,mi_recency,3,1,17,0.06318679365678183,0.9411764705882353,17
reserve10,irradiance_first,mi_recency,3,2,19,0.06588657737566682,0.8947368421052632,19
reserve10,irradiance_first,mi_recency,3,3,20,0.06707655571748582,0.9,20
reserve10,irradiance_first,mi_recency,3,4,23,0.06899274306214093,0.8695652173913043,23
reserve10,irradiance_first,mi_recency,3,5,21,0.07706438564914092,0.8571428571428571,21
reserve10,irradiance_first,mi_recency,3,6,23,0.06304303941240724,0.9565217391304348,23
reserve10,irradiance_first,mi_recency,3,7,23,0.055255139614168725,0.9565217391304348,23
reserve10,irradiance_first,mi_recency,3,8,23,0.056194193388951395,0.8695652173913043,23
reserve10,irradiance_first,mi_recency,3,9,23,0.06946266336724499,0.9130434782608695,23
reserve10,irradiance_first,mi_recency,3,10,24,0.06673034130702529,0.875,24
reserve10,irradiance_first,mi_recency,3,11,21,0.08022860354118785,0.8571428571428571,21
reserve10,irradiance_first,mi_recency,3,12,24,0.060602101605998854,0.875,24
reserve10,irradiance_first,mi_recency,3,13,25,0.06197988981282463,0.92,25
reserve10,irradiance_first,mi_recency,3,14,24,0.07438031737262367,0.9166666666666666,24
reserve10,irradiance_first,mi_recency,3,15,25,0.07397933700769632,0.92,25
reserve10,irradiance_first,mi_recency,3,16,27,0.07333216840169136,0.8518518518518519,27
reserve10,irradiance_first,mi_recency,3,17,27,0.056708478075551974,0.8888888888888888,27
reserve10,irradiance_first,mi_recency,3,18,23,0.07111288959168467,0.9130434782608695,23
reserve10,irradiance_first,mi_recency,3,19,23,0.08295545615495403,0.8260869565217391,23
reserve10,irradiance_first,mi_recency,3,20,25,0.057537269196577645,0.96,25
reserve10,irradiance_first,mi_recency,3,21,25,0.04718168544136501,0.96,25
reserve10,irradiance_first,mi_recency,3,22,22,0.04815220969060463,0.9545454545454546,22
reserve10,irradiance_first,mi_recency,3,23,22,0.09783775869295433,0.7727272727272727,22
reserve10,irradiance_first,mi_recency,4,0,17,0.07003892522927607,0.9411764705882353,17
reserve10,irradiance_first,mi_recency,4,1,19,0.06442444169875572,0.8947368421052632,19
reserve10,irradiance_first,mi_recency,4,2,20,0.07055232775352063,0.9,20
reserve10,irradiance_first,mi_recency,4,3,23,0.0710410317736544,0.8260869565217391,23
reserve10,irradiance_first,mi_recency,4,4,21,0.0796071785081051,0.8571428571428571,21
reserve10,irradiance_first,mi_recency,4,5,23,0.07376975638780245,0.8695652173913043,23
reserve10,irradiance_first,mi_recency,4,6,23,0.05793375017105682,0.9565217391304348,23
reserve10,irradiance_first,mi_recency,4,7,23,0.05634732702402605,1.0,23
reserve10,irradiance_first,mi_recency,4,8,23,0.08319667115951025,0.9130434782608695,23
reserve10,irradiance_first,mi_recency,4,9,24,0.07497906559663713,0.875,24
reserve10,irradiance_first,mi_recency,4,10,21,0.09306443768909112,0.8095238095238095,21
reserve10,irradiance_first,mi_recency,4,11,24,0.07276589641425268,0.8333333333333334,24
reserve10,irradiance_first,mi_recency,4,12,25,0.0742808024261073,0.84,25
reserve10,irradiance_first,mi_recency,4,13,24,0.08473527305442459,0.8333333333333334,24
reserve10,irradiance_first,mi_recency,4,14,25,0.08253378310210575,0.88,25
reserve10,irradiance_first,mi_recency,4,15,27,0.07517637242026434,0.8518518518518519,27
reserve10,irradiance_first,mi_recency,4,16,27,0.06188568077776255,0.9259259259259259,27
reserve10,irradiance_first,mi_recency,4,17,23,0.07054236081241658,0.9130434782608695,23
reserve10,irradiance_first,mi_recency,4,18,23,0.07357129396789004,0.8695652173913043,23
reserve10,irradiance_first,mi_recency,4,19,25,0.0691443389961858,0.88,25
reserve10,irradiance_first,mi_recency,4,20,25,0.05315394828459045,0.96,25
reserve10,irradiance_first,mi_recency,4,21,22,0.04774294217794995,1.0,22
reserve10,irradiance_first,mi_recency,4,22,22,0.10217832602616496,0.7727272727272727,22
reserve10,irradiance_first,mi_recency,4,23,20,0.10867959482350113,0.75,20
reserve10,irradiance_first,multiple_imputation,1,0,22,0.027179741646848384,1.0,22
reserve10,irradiance_first,multiple_imputation,1,1,22,0.040684507016142485,0.8636363636363636,22
reserve10,irradiance_first,multiple_imputation,1,2,20,0.045066024563194036,0.85,20
reserve10,irradiance_first,multiple_imputation,1,3,17,0.0386943174235184,0.8823529411764706,17
reserve10,irradiance_first,multiple_imputation,1,4,19,0.03710198334410346,0.9473684210526315,19
reserve10,irradiance_first,multiple_imputation,1,5,20,0.05221171608135482,0.8,20
reserve10,irradiance_first,multiple_imputation,1,6,23,0.040476469534593,0.8260869565217391,23
reserve10,irradiance_first,multiple_imputation,1,7,21,0.04153823841251737,0.8571428571428571,21
reserve10,irradiance_first,multiple_imputation,1,8,23,0.04535548223942297,0.8695652173913043,23
reserve10,irradiance_first,multiple_imputation,1,9,23,0.04531351866165694,0.8695652173913043,23
reserve10,irradiance_first,multiple_imputation,1,10,23,0.03351564773450071,0.9130434782608695,23
reserve10,irradiance_first,multiple_imputation,1,11,23,0.04168324944088187,0.9565217391304348,23
reserve10,irradiance_first,multiple_imputation,1,12,24,0.03098732739634646,0.875,24
reserve10,irradiance_first,multiple_imputation,1,13,21,0.046864981317384584,0.8095238095238095,21
reserve10,irradiance_first,multiple_imputation,1,14,24,0.030360946480287195,0.9583333333333334,24
reserve10,irradiance_first,multiple_imputation,1,15,25,0.04016481536279416,0.88,25
reserve10,irradiance_first,multiple_imputation,1,16,24,0.046649178223698656,0.875,24
reserve10,irradiance_first,multiple_imputation,1,17,25,0.049904409334114073,0.8,25
reserve10,irradiance_first,multiple_imputation,1,18,27,0.03139008546082814,0.9259259259259259,27
reserve10,irradiance_first,multiple_imputation,1,19,27,0.04421900408013227,0.8518518518518519,27
reserve10,irradiance_first,multiple_imputation,1,20,23,0.05804979454058725,0.782608695652174,23
reserve10,irradiance_first,multiple_imputation,1,21,23,0.04863421804520311,0.8695652173913043,23
reserve10,irradiance_first,multiple_imputation,1,22,25,0.03781873923944552,0.96,25
reserve10,irradiance_first,multiple_imputation,1,23,25,0.03344802972363468,0.92,25
reserve10,irradiance_first,multiple_imputation,2,0,22,0.049838784709188746,0.8636363636363636,22
reserve10,irradiance_first,multiple_imputation,2,1,20,0.03695902798165804,1.0,20
reserve10,irradiance_first,multiple_imputation,2,2,17,0.06831568657906652,0.7647058823529411,17
reserve10,irradiance_first,multiple_imputation,2,3,19,0.05778368627688611,0.7894736842105263,19
reserve10,irradiance_first,multiple_imputation,2,4,20,0.06522859058892035,0.8,20
reserve10,irradiance_first,multiple_imputation,2,5,23,0.06527521045387388,0.8260869565217391,23
reserve10,irradiance_first,multiple_imputation,2,6,21,0.05930647929176335,0.7142857142857143,21
reserve10,irradiance_first,multiple_imputation,2,7,23,0.06334649183186879,0.782608695652174,23
reserve10,irradiance_first,multiple_imputation,2,8,23,0.060730111969580766,0.8260869565217391,23
reserve10,irradiance_first,multiple_imputation,2,9,23,0.05760166299662001,0.782608695652174,23
reserve10,irradiance_first,multiple_imputation,2,10,23,0.05991397475300414,0.782608695652174,23
reserve10,irradiance_first,multiple_imputation,2,11,24,0.05475459742399973,0.9166666666666666,24
reserve10,irradiance_first,multiple_imputation,2,12,21,0.07006793278863555,0.8095238095238095,21
reserve10,irradiance_first,multiple_imputation,2,13,24,0.04454047121222016,0.875,24
reserve10,irradiance_first,multiple_imputation,2,14,25,0.05486878700838856,0.84,25
reserve10,irradiance_first,multiple_imputation,2,15,24,0.07452850935996799,0.75,24
reserve10,irradiance_first,multiple_imputation,2,16,25,0.06223728130893487,0.88,25
reserve10,irradiance_first,multiple_imputation,2,17,27,0.05705091355067817,0.8518518518518519,27
reserve10,irradiance_first,multiple_imputation,2,18,27,0.04669678006603272,0.8518518518518519,27
reserve10,irradiance_first,multiple_imputation,2,19,23,0.08015124287621199,0.8695652173913043,23
reserve10,irradiance_first,multiple_imputation,2,20,23,0.075548652556634,0.7391304347826086,23
reserve10,irradiance_first,multiple_imputation,2,21,25,0.04234045462082633,0.92,25
reserve10,irradiance_first,multiple_imputation,2,22,25,0.04598016283629422,0.88,25
reserve10,irradiance_first,multiple_imputation,2,23,22,0.04734622276451516,0.9545454545454546,22
reserve10,irradiance_first,multiple_imputation,3,0,20,0.0410497220494998,1.0,20
reserve10,irradiance_first,multiple_imputation,3,1,17,0.06521151891009291,0.7647058823529411,17
reserve10,irradiance_first,multiple_imputation,3,2,19,0.06769159540394083,0.7368421052631579,19
reserve10,irradiance_first,multiple_imputation,3,3,20,0.071639206510138,0.7,20
reserve10,irradiance_first,multiple_imputation,3,4,23,0.07018526567167103,0.8260869565217391,23
reserve10,irradiance_first,multiple_imputation,3,5,21,0.07843570119516426,0.8571428571428571,21
reserve10,irradiance_first,multiple_imputation,3,6,23,0.06436068780864977,0.8695652173913043,23
reserve10,irradiance_first,multiple_imputation,3,7,23,0.05590884782843344,0.8695652173913043,23
reserve10,irradiance_first,multiple_imputation,3,8,23,0.05897090226483397,0.782608695652174,23
reserve10,irradiance_first,multiple_imputation,3,9,23,0.07281290227676726,0.7391304347826086,23
reserve10,irradiance_first,multiple_imputation,3,10,24,0.06974198634471646,0.8333333333333334,24
reserve10,irradiance_first,multiple_imputation,3,11,21,0.08205068144146453,0.8095238095238095,21
reserve10,irradiance_first,multiple_imputation,3,12,24,0.061898403656686966,0.7916666666666666,24
reserve10,irradiance_first,multiple_imputation,3,13,25,0.0639769588694516,0.76,25
reserve10,irradiance_first,multiple_imputation,3,14,24,0.07613110303790338,0.7916666666666666,24
reserve10,irradiance_first,multiple_imputation,3,15,25,0.07605894416379998,0.76,25
reserve10,irradiance_first,multiple_imputation,3,16,27,0.0751965934477689,0.7777777777777778,27
reserve10,irradiance_first,multiple_imputation,3,17,27,0.057802307306766214,0.8148148148148148,27
reserve10,irradiance_first,multiple_imputation,3,18,23,0.07122274574734011,0.8695652173913043,23
reserve10,irradiance_first,multiple_imputation,3,19,23,0.08591908614045496,0.782608695652174,23
reserve10,irradiance_first,multiple_imputation,3,20,25,0.058899363165870036,0.84,25
reserve10,irradiance_first,multiple_imputation,3,21,25,0.04711720014082065,0.92,25
reserve10,irradiance_first,multiple_imputation,3,22,22,0.04763717056779516,0.9090909090909091,22
reserve10,irradiance_first,multiple_imputation,3,23,22,0.10492157237064646,0.5909090909090909,22
reserve10,irradiance_first,multiple_imputation,4,0,17,0.07494295188138389,0.6470588235294118,17
reserve10,irradiance_first,multiple_imputation,4,1,19,0.06664947422196914,0.7894736842105263,19
reserve10,irradiance_first,multiple_imputation,4,2,20,0.07772867254410473,0.7,20
reserve10,irradiance_first,multiple_imputation,4,3,23,0.0740183402136981,0.8260869565217391,23
reserve10,irradiance_first,multiple_imputation,4,4,21,0.08244911916506059,0.8095238095238095,21
reserve10,irradiance_first,multiple_imputation,4,5,23,0.07652385462736644,0.8260869565217391,23
reserve10,irradiance_first,multiple_imputation,4,6,23,0.05770027924465798,0.9130434782608695,23
reserve10,irradiance_first,multiple_imputation,4,7,23,0.05925113186452384,0.8260869565217391,23
reserve10,irradiance_first,multiple_imputation,4,8,23,0.08907491379019232,0.6521739130434783,23
reserve10,irradiance_first,multiple_imputation,4,9,24,0.0779024516662342,0.8333333333333334,24
reserve10,irradiance_first,multiple_imputation,4,10,21,0.09586113699961277,0.8095238095238095,21
reserve10,irradiance_first,multiple_imputation,4,11,24,0.07351945181707727,0.8333333333333334,24
reserve10,irradiance_first,multiple_imputation,4,12,25,0.0781241250909404,0.76,25
reserve10,irradiance_first,multiple_imputation,4,13,24,0.08720905350005846,0.75,24
reserve10,irradiance_first,multiple_imputation,4,14,25,0.08329340764342014,0.84,25
reserve10,irradiance_first,multiple_imputation,4,15,27,0.07888606158956589,0.7777777777777778,27
reserve10,irradiance_first,multiple_imputation,4,16,27,0.06385643248126908,0.7777777777777778,27
reserve10,irradiance_first,multiple_imputation,4,17,23,0.07321499438891126,0.8260869565217391,23
reserve10,irradiance_first,multiple_imputation,4,18,23,0.07692391959499556,0.8260869565217391,23
reserve10,irradiance_first,multiple_imputation,4,19,25,0.07407536454958166,0.8,25
reserve10,irradiance_first,multiple_imputation,4,20,25,0.05174193098493341,0.92,25
reserve10,irradiance_first,multiple_imputation,4,21,22,0.047105912701003956,0.9090909090909091,22
reserve10,irradiance_first,multiple_imputation,4,22,22,0.10892507129859669,0.5909090909090909,22
reserve10,irradiance_first,multiple_imputation,4,23,20,0.1132670117491921,0.7,20
reserve10,irradiance_first,persistence,1,0,22,0.06356772655037299,1.0,22
reserve10,irradiance_first,persistence,1,1,22,0.0712074788447936,0.9545454545454546,22
reserve10,irradiance_first,persistence,1,2,20,0.06663373009491921,0.95,20
reserve10,irradiance_first,persistence,1,3,17,0.0677762805160189,1.0,17
reserve10,irradiance_first,persistence,1,4,19,0.058792977395665504,0.9473684210526315,19
reserve10,irradiance_first,persistence,1,5,20,0.06285872854634353,1.0,20
reserve10,irradiance_first,persistence,1,6,23,0.07292638141526175,0.9130434782608695,23
reserve10,irradiance_first,persistence,1,7,21,0.05585332606039439,1.0,21
reserve10,irradiance_first,persistence,1,8,23,0.06944739845182638,0.9565217391304348,23
reserve10,irradiance_first,persistence,1,9,23,0.08077230918533718,0.8695652173913043,23
reserve10,irradiance_first,persistence,1,10,23,0.07050322555983807,0.9565217391304348,23
reserve10,irradiance_first,persistence,1,11,23,0.05337569284785381,1.0,23
reserve10,irradiance_first,persistence,1,12,24,0.053878118170041456,0.9583333333333334,24
reserve10,irradiance_first,persistence,1,13,21,0.0699883054089225,0.9523809523809523,21
reserve10,irradiance_first,persistence,1,14,24,0.06470168353170173,0.9583333333333334,24
reserve10,irradiance_first,persistence,1,15,25,0.06194420379889455,1.0,25
reserve10,irradiance_first,persistence,1,16,24,0.06907802229281816,0.9583333333333334,24
reserve10,irradiance_first,persistence,1,17,25,0.08054192497563775,0.92,25
reserve10,irradiance_first,persistence,1,18,27,0.06395326135723733,0.9259259259259259,27
reserve10,irradiance_first,persistence,1,19,27,0.06138140957900289,0.9629629629629629,27
reserve10,irradiance_first,persistence,1,20,23,0.0710652650382653,0.9565217391304348,23
reserve10,irradiance_first,persistence,1,21,23,0.059180783937860464,1.0,23
reserve10,irradiance_first,persistence,1,22,25,0.06704145027823127,0.96,25
reserve10,irradiance_first,persistence,1,23,25,0.0691596879940476,1.0,25
reserve10,irradiance_first,persistence,2,0,22,0.10099899028711058,0.9545454545454546,22
reserve10,irradiance_first,persistence,2,1,20,0.09607359535496386,0.95,20
reserve10,irradiance_first,persistence,2,2,17,0.11990538867040566,0.8823529411764706,17
reserve10,irradiance_first,persistence,2,3,19,0.09157017375604189,0.9473684210526315,19
reserve10,irradiance_first,persistence,2,4,20,0.08330555424016793,1.0,20
reserve10,irradiance_first,persistence,2,5,23,0.10545485294481106,1.0,23
reserve10,irradiance_first,persistence,2,6,21,0.11021421372995627,0.9047619047619048,21
reserve10,irradiance_first,persistence,2,7,23,0.09096919133117512,1.0,23
reserve10,irradiance_first,persistence,2,8,23,0.12388716444533791,0.9130434782608695,23
reserve10,irradiance_first,persistence,2,9,23,0.12682528693627995,0.9130434782608695,23
reserve10,irradiance_first,persistence,2,10,23,0.09942013031529597,0.8695652173913043,23
reserve10,irradiance_first,persistence,2,11,24,0.0817559748633034,0.9583333333333334,24
reserve10,irradiance_first,persistence,2,12,21,0.11878055868711025,0.9523809523809523,21
reserve10,irradiance_first,persistence,2,13,24,0.10622182401112529,0.9166666666666666,24
reserve10,irradiance_first,persistence,2,14,25,0.10139525698994473,1.0,25
reserve10,irradiance_first,persistence,2,15,24,0.10131528471695188,0.9583333333333334,24
reserve10,irradiance_first,persistence,2,16,25,0.12416258933046344,0.92,25
reserve10,irradiance_first,persistence,2,17,27,0.1176337904691043,0.8518518518518519,27
reserve10,irradiance_first,persistence,2,18,27,0.08600369255129597,0.9629629629629629,27
reserve10,irradiance_first,persistence,2,19,23,0.1145177859930494,0.9130434782608695,23
reserve10,irradiance_first,persistence,2,20,23,0.09863729034762274,0.9565217391304348,23
reserve10,irradiance_first,persistence,2,21,25,0.09039186445021258,1.0,25
reserve10,irradiance_first,persistence,2,22,25,0.1035183100633078,1.0,25
reserve10,irradiance_first,persistence,2,23,22,0.11457169584579853,0.9090909090909091,22
reserve10,irradiance_first,persistence,3,0,20,0.11561396134579613,1.0,20
reserve10,irradiance_first,persistence,3,1,17,0.15350425255589736,0.8823529411764706,17
reserve10,irradiance_first,persistence,3,2,19,0.12095092881232097,0.9473684210526315,19
reserve10,irradiance_first,persistence,3,3,20,0.11136550530824829,1.0,20
reserve10,irradiance_first,persistence,3,4,23,0.12201496122601485,0.9565217391304348,23
reserve10,irradiance_first,persistence,3,5,21,0.13415262133057984,0.9047619047619048,21
reserve10,irradiance_first,persistence,3,6,23,0.1268270137921704,0.9565217391304348,23
reserve10,irradiance_first,persistence,3,7,23,0.14448290297138422,0.9565217391304348,23
reserve10,irradiance_first,persistence,3,8,23,0.14950855879138475,0.9130434782608695,23
reserve10,irradiance_first,persistence,3,9,23,0.14611859236766583,0.8695652173913043,23
reserve10,irradiance_first,persistence,3,10,24,0.11239106152485473,0.875,24
reserve10,irradiance_first,persistence,3,11,21,0.13688822204489087,0.9047619047619048,21
reserve10,irradiance_first,persistence,3,12,24,0.13810541426638231,0.875,24
reserve10,irradiance_first,persistence,3,13,25,0.1326614686332058,0.92,25
reserve10,irradiance_first,persistence,3,14,24,0.1296060528741275,0.9583333333333334,24
reserve10,irradiance_first,persistence,3,15,25,0.13425141357874149,0.88,25
reserve10,irradiance_first,persistence,3,16,27,0.15390999026203075,0.8518518518518519,27
reserve10,irradiance_first,persistence,3,17,27,0.11554394023049729,0.9629629629629629,27
reserve10,irradiance_first,persistence,3,18,23,0.1306535504818286,0.8695652173913043,23
reserve10,irradiance_first,persistence,3,19,23,0.13110843564272312,0.9565217391304348,23
reserve10,irradiance_first,persistence,3,20,25,0.12165824225093537,1.0,25
reserve10,irradiance_first,persistence,3,21,25,0.1174207349080357,0.96,25
reserve10,irradiance_first,persistence,3,22,22,0.127354792794237,0.9090909090909091,22
reserve10,irradiance_first,persistence,3,23,22,0.14831598257679635,0.8636363636363636,22
reserve10,irradiance_first,persistence,4,0,17,0.1610902399296281,0.8823529411764706,17
reserve10,irradiance_first,persistence,4,1,19,0.1401220863981382,0.9473684210526315,19
reserve10,irradiance_first,persistence,4,2,20,0.13362807765263604,0.95,20
reserve10,irradiance_first,persistence,4,3,23,0.1392156129939598,0.9565217391304348,23
reserve10,irradiance_first,persistence,4,4,21,0.14344238071603194,0.9523809523809523,21
reserve10,irradiance_first,persistence,4,5,23,0.1437613369089674,0.9565217391304348,23
reserve10,irradiance_first,persistence,4,6,23,0.18252375202404056,0.8695652173913043,23
reserve10,irradiance_first,persistence,4,7,23,0.1580076109146933,0.9565217391304348,23
reserve10,irradiance_first,persistence,4,8,23,0.15722340273728647,0.9130434782608695,23
reserve10,irradiance_first,persistence,4,9,24,0.13530718439798575,0.875,24
reserve10,irradiance_first,persistence,4,10,21,0.1627637422219438,0.9047619047619048,21
reserve10,irradiance_first,persistence,4,11,24,0.14081812748901643,0.9166666666666666,24
reserve10,irradiance_first,persistence,4,12,25,0.1492360593426233,0.92,25
reserve10,irradiance_first,persistence,4,13,24,0.15054708028070082,0.9166666666666666,24
reserve10,irradiance_first,persistence,4,14,25,0.14637612232706207,0.88,25
reserve10,irradiance_first,persistence,4,15,27,0.15800837377326624,0.8518518518518519,27
reserve10,irradiance_first,persistence,4,16,27,0.13714293727706128,0.9259259259259259,27
reserve10,irradiance_first,persistence,4,17,23,0.16386822605712528,0.8260869565217391,23
reserve10,irradiance_first,persistence,4,18,23,0.13723325354665777,0.9130434782608695,23
reserve10,irradiance_first,persistence,4,19,25,0.15269059625410286,0.96,25
reserve10,irradiance_first,persistence,4,20,25,0.13298453419234693,1.0,25
reserve10,irradiance_first,persistence,4,21,22,0.1352346698414792,1.0,22
reserve10,irradiance_first,persistence,4,22,22,0.15324684076953365,0.9090909090909091,22
reserve10,irradiance_first,persistence,4,23,20,0.1697634821877923,0.8,20
reserve10,irradiance_first,physical,1,0,22,0.027539457796026855,0.9545454545454546,22
reserve10,irradiance_first,physical,1,1,22,0.03039988899957705,0.9545454545454546,22
reserve10,irradiance_first,physical,1,2,20,0.0350697540655004,0.95,20
reserve10,irradiance_first,physical,1,3,17,0.03707184337323206,1.0,17
reserve10,irradiance_first,physical,1,4,19,0.03598905598225333,0.9473684210526315,19
reserve10,irradiance_first,physical,1,5,20,0.044131313621787585,0.95,20
reserve10,irradiance_first,physical,1,6,23,0.03980436399006043,0.9130434782608695,23
reserve10,irradiance_first,physical,1,7,21,0.03544326792943139,0.9523809523809523,21
reserve10,irradiance_first,physical,1,8,23,0.03742168208609855,0.8695652173913043,23
reserve10,irradiance_first,physical,1,9,23,0.03826112025732724,0.8695652173913043,23
reserve10,irradiance_first,physical,1,10,23,0.03478107208820524,0.7391304347826086,23
reserve10,irradiance_first,physical,1,11,23,0.03840844638379198,0.8695652173913043,23
reserve10,irradiance_first,physical,1,12,24,0.0302374135972005,0.875,24
reserve10,irradiance_first,physical,1,13,21,0.04025849290579467,0.8571428571428571,21
reserve10,irradiance_first,physical,1,14,24,0.027944970192993746,1.0,24
reserve10,irradiance_first,physical,1,15,25,0.03737194037053019,0.88,25
reserve10,irradiance_first,physical,1,16,24,0.04146871154728148,0.8333333333333334,24
reserve10,irradiance_first,physical,1,17,25,0.04392049124716161,0.84,25
reserve10,irradiance_first,physical,1,18,27,0.02656922341613313,0.9629629629629629,27
reserve10,irradiance_first,physical,1,19,27,0.038957477248081934,0.9259259259259259,27
reserve10,irradiance_first,physical,1,20,23,0.04582414941860817,0.8260869565217391,23
reserve10,irradiance_first,physical,1,21,23,0.039582932670797,0.9130434782608695,23
reserve10,irradiance_first,physical,1,22,25,0.032808831895553156,0.96,25
reserve10,irradiance_first,physical,1,23,25,0.025535722026747018,0.88,25
reserve10,irradiance_first,physical,2,0,22,0.04037807382832952,1.0,22
reserve10,irradiance_first,physical,2,1,20,0.0384610233748814,0.95,20
reserve10,irradiance_first,physical,2,2,17,0.06079124321713961,1.0,17
reserve10,irradiance_first,physical,2,3,19,0.04596854701534869,1.0,19
reserve10,irradiance_first,physical,2,4,20,0.054009187602692785,0.95,20
reserve10,irradiance_first,physical,2,5,23,0.055893207407220744,0.9130434782608695,23
reserve10,irradiance_first,physical,2,6,21,0.05350682874401186,0.9523809523809523,21
reserve10,irradiance_first,physical,2,7,23,0.050534113098142514,0.9565217391304348,23
reserve10,irradiance_first,physical,2,8,23,0.05006685196495173,0.9565217391304348,23
reserve10,irradiance_first,physical,2,9,23,0.04851761216041094,0.8260869565217391,23
reserve10,irradiance_first,physical,2,10,23,0.055216462200880806,0.782608695652174,23
reserve10,irradiance_first,physical,2,11,24,0.051912980179946965,0.875,24
reserve10,irradiance_first,physical,2,12,21,0.06365222180954597,0.8571428571428571,21
reserve10,irradiance_first,physical,2,13,24,0.05062677998777836,0.7916666666666666,24
reserve10,irradiance_first,physical,2,14,25,0.04966693108885895,0.92,25
reserve10,irradiance_first,physical,2,15,24,0.06208521453462054,0.7916666666666666,24
reserve10,irradiance_first,physical,2,16,25,0.05642837415985822,0.92,25
reserve10,irradiance_first,physical,2,17,27,0.04917307183435593,0.9259259259259259,27
reserve10,irradiance_first,physical,2,18,27,0.043053189064710874,0.9629629629629629,27
reserve10,irradiance_first,physical,2,19,23,0.06311158949568331,0.8260869565217391,23
reserve10,irradiance_first,physical,2,20,23,0.06590149119881959,0.8695652173913043,23
reserve10,irradiance_first,physical,2,21,25,0.041401839183233945,0.84,25
reserve10,irradiance_first,physical,2,22,25,0.03413079885025691,0.88,25
reserve10,irradiance_first,physical,2,23,22,0.03640910405945577,0.9545454545454546,22
reserve10,irradiance_first,physical,3,0,20,0.042990617372303475,0.95,20
reserve10,irradiance_first,physical,3,1,17,0.05811153516436374,1.0,17
reserve10,irradiance_first,physical,3,2,19,0.05657875916017487,0.9473684210526315,19
reserve10,irradiance_first,physical,3,3,20,0.05806495714161667,0.9,20
reserve10,irradiance_first,physical,3,4,23,0.058529960234182846,0.9130434782608695,23
reserve10,irradiance_first,physical,3,5,21,0.06765701351982407,0.9523809523809523,21
reserve10,irradiance_first,physical,3,6,23,0.054346895742767576,0.8695652173913043,23
reserve10,irradiance_first,physical,3,7,23,0.053036200734859706,0.9130434782608695,23
reserve10,irradiance_first,physical,3,8,23,0.05648124930047337,0.8260869565217391,23
reserve10,irradiance_first,physical,3,9,23,0.06361310677310641,0.782608695652174,23
reserve10,irradiance_first,physical,3,10,24,0.05776702068765246,0.8333333333333334,24
reserve10,irradiance_first,physical,3,11,21,0.07282603831613217,0.8095238095238095,21
reserve10,irradiance_first,physical,3,12,24,0.05966321103449668,0.8333333333333334,24
reserve10,irradiance_first,physical,3,13,25,0.061199599429773294,0.8,25
reserve10,irradiance_first,physical,3,14,24,0.07144160526868733,0.8333333333333334,24
reserve10,irradiance_first,physical,3,15,25,0.06616275638888518,0.88,25
reserve10,irradiance_first,physical,3,16,27,0.05488818077805767,0.8518518518518519,27
reserve10,irradiance_first,physical,3,17,27,0.053041653142866046,0.8888888888888888,27
reserve10,irradiance_first,physical,3,18,23,0.06042044882678519,0.8695652173913043,23
reserve10,irradiance_first,physical,3,19,23,0.0708717125388222,0.9130434782608695,23
reserve10,irradiance_first,physical,3,20,25,0.05314175273410479,0.84,25
reserve10,irradiance_first,physical,3,21,25,0.041046432113385316,0.92,25
reserve10,irradiance_first,physical,3,22,22,0.040503090797400665,0.9545454545454546,22
reserve10,irradiance_first,physical,3,23,22,0.07594348609434955,0.8636363636363636,22
reserve10,irradiance_first,physical,4,0,17,0.06026298523108564,1.0,17
reserve10,irradiance_first,physical,4,1,19,0.0609736525583472,1.0,19
reserve10,irradiance_first,physical,4,2,20,0.0621737956886642,0.95,20
reserve10,irradiance_first,physical,4,3,23,0.058092153390602974,0.9130434782608695,23
reserve10,irradiance_first,physical,4,4,21,0.07031162155066624,0.8571428571428571,21
reserve10,irradiance_first,physical,4,5,23,0.06180573501755305,0.8695652173913043,23
reserve10,irradiance_first,physical,4,6,23,0.0560245071013147,0.9130434782608695,23
reserve10,irradiance_first,physical,4,7,23,0.055418733559973475,0.8260869565217391,23
reserve10,irradiance_first,physical,4,8,23,0.06559793313105905,0.8260869565217391,23
reserve10,irradiance_first,physical,4,9,24,0.06016239640283114,0.875,24
reserve10,irradiance_first,physical,4,10,21,0.08111980024536974,0.8095238095238095,21
reserve10,irradiance_first,physical,4,11,24,0.06388835147374806,0.8333333333333334,24
reserve10,irradiance_first,physical,4,12,25,0.06802657166713814,0.8,25
reserve10,irradiance_first,physical,4,13,24,0.0783974200573206,0.7916666666666666,24
reserve10,irradiance_first,physical,4,14,25,0.06950234086083391,0.88,25
reserve10,irradiance_first,physical,4,15,27,0.05706527712327188,0.8888888888888888,27
reserve10,irradiance_first,physical,4,16,27,0.053700112985648925,0.8888888888888888,27
reserve10,irradiance_first,physical,4,17,23,0.06274588788226994,0.9130434782608695,23
reserve10,irradiance_first,physical,4,18,23,0.07097312926019766,0.8260869565217391,23
reserve10,irradiance_first,physical,4,19,25,0.05548352994350508,0.88,25
reserve10,irradiance_first,physical,4,20,25,0.04648107325450521,0.96,25
reserve10,irradiance_first,physical,4,21,22,0.040281804312192575,0.9545454545454546,22
reserve10,irradiance_first,physical,4,22,22,0.07859503808071751,0.8181818181818182,22
reserve10,irradiance_first,physical,4,23,20,0.0891848560373906,0.75,20
reserve10,irradiance_first,physical_availability,1,0,22,0.02743338178663611,0.9545454545454546,22
reserve10,irradiance_first,physical_availability,1,1,22,0.03029558908081119,0.9545454545454546,22
reserve10,irradiance_first,physical_availability,1,2,20,0.035025211669839795,0.95,20
reserve10,irradiance_first,physical_availability,1,3,17,0.03694814218393929,1.0,17
reserve10,irradiance_first,physical_availability,1,4,19,0.03608693153016946,0.9473684210526315,19
reserve10,irradiance_first,physical_availability,1,5,20,0.04405783861887827,0.95,20
reserve10,irradiance_first,physical_availability,1,6,23,0.03971844031690916,0.9130434782608695,23
reserve10,irradiance_first,physical_availability,1,7,21,0.035508098176063076,0.9523809523809523,21
reserve10,irradiance_first,physical_availability,1,8,23,0.037337178712391464,0.8695652173913043,23
reserve10,irradiance_first,physical_availability,1,9,23,0.03826379823941835,0.8695652173913043,23
reserve10,irradiance_first,physical_availability,1,10,23,0.034839934358137994,0.7391304347826086,23
reserve10,irradiance_first,physical_availability,1,11,23,0.038406985921354365,0.8695652173913043,23
reserve10,irradiance_first,physical_availability,1,12,24,0.03026391681595239,0.875,24
reserve10,irradiance_first,physical_availability,1,13,21,0.04005208214189736,0.9047619047619048,21
reserve10,irradiance_first,physical_availability,1,14,24,0.027926509533302547,1.0,24
reserve10,irradiance_first,physical_availability,1,15,25,0.03733880453719045,0.92,25
reserve10,irradiance_first,physical_availability,1,16,24,0.04181176823596106,0.875,24
reserve10,irradiance_first,physical_availability,1,17,25,0.04415204608718226,0.88,25
reserve10,irradiance_first,physical_availability,1,18,27,0.026644642845746885,0.9629629629629629,27
reserve10,irradiance_first,physical_availability,1,19,27,0.038867998298107824,0.9259259259259259,27
reserve10,irradiance_first,physical_availability,1,20,23,0.04566810678343865,0.8695652173913043,23
reserve10,irradiance_first,physical_availability,1,21,23,0.03965855892830457,0.9130434782608695,23
reserve10,irradiance_first,physical_availability,1,22,25,0.03291023722589403,0.96,25
reserve10,irradiance_first,physical_availability,1,23,25,0.025478315362437262,0.88,25
reserve10,irradiance_first,physical_availability,2,0,22,0.04035199789419692,1.0,22
reserve10,irradiance_first,physical_availability,2,1,20,0.03819568103901695,0.95,20
reserve10,irradiance_first,physical_availability,2,2,17,0.06077032988457335,1.0,17
reserve10,irradiance_first,physical_availability,2,3,19,0.04584779336660092,1.0,19
reserve10,irradiance_first,physical_availability,2,4,20,0.05389668073167662,0.95,20
reserve10,irradiance_first,physical_availability,2,5,23,0.055789718893851675,0.9130434782608695,23
reserve10,irradiance_first,physical_availability,2,6,21,0.05347464048814482,0.9523809523809523,21
reserve10,irradiance_first,physical_availability,2,7,23,0.05053894613631872,0.9565217391304348,23
reserve10,irradiance_first,physical_availability,2,8,23,0.05000717612443036,0.9565217391304348,23
reserve10,irradiance_first,physical_availability,2,9,23,0.04830057873626909,0.8260869565217391,23
reserve10,irradiance_first,physical_availability,2,10,23,0.0551858875731977,0.782608695652174,23
reserve10,irradiance_first,physical_availability,2,11,24,0.051769800280461915,0.875,24
reserve10,irradiance_first,physical_availability,2,12,21,0.06354151872071079,0.8571428571428571,21
reserve10,irradiance_first,physical_availability,2,13,24,0.05044628109701113,0.7916666666666666,24
reserve10,irradiance_first,physical_availability,2,14,25,0.04924452607015711,0.92,25
reserve10,irradiance_first,physical_availability,2,15,24,0.06178756643568129,0.7916666666666666,24
reserve10,irradiance_first,physical_availability,2,16,25,0.05655334209939053,0.92,25
reserve10,irradiance_first,physical_availability,2,17,27,0.04945154647567138,0.8888888888888888,27
reserve10,irradiance_first,physical_availability,2,18,27,0.0431207091599404,0.9259259259259259,27
reserve10,irradiance_first,physical_availability,2,19,23,0.0628620952006292,0.9130434782608695,23
reserve10,irradiance_first,physical_availability,2,20,23,0.06587906045707555,0.8695652173913043,23
reserve10,irradiance_first,physical_availability,2,21,25,0.041450612417810916,0.84,25
reserve10,irradiance_first,physical_availability,2,22,25,0.034043510342056445,0.88,25
reserve10,irradiance_first,physical_availability,2,23,22,0.03663994607921871,0.9545454545454546,22
reserve10,irradiance_first,physical_availability,3,0,20,0.04279547679102384,0.95,20
reserve10,irradiance_first,physical_availability,3,1,17,0.05772936694903513,1.0,17
reserve10,irradiance_first,physical_availability,3,2,19,0.056503558207197935,0.9473684210526315,19
reserve10,irradiance_first,physical_availability,3,3,20,0.058235130405994096,0.9,20
reserve10,irradiance_first,physical_availability,3,4,23,0.05847858120962517,0.9130434782608695,23
reserve10,irradiance_first,physical_availability,3,5,21,0.06760611291516563,0.9523809523809523,21
reserve10,irradiance_first,physical_availability,3,6,23,0.054245866165726755,0.8695652173913043,23
reserve10,irradiance_first,physical_availability,3,7,23,0.052864551124633605,0.9130434782608695,23
reserve10,irradiance_first,physical_availability,3,8,23,0.05639331891725987,0.8260869565217391,23
reserve10,irradiance_first,physical_availability,3,9,23,0.06351928877091563,0.782608695652174,23
reserve10,irradiance_first,physical_availability,3,10,24,0.057979411878976074,0.8333333333333334,24
reserve10,irradiance_first,physical_availability,3,11,21,0.07281594201826584,0.8095238095238095,21
reserve10,irradiance_first,physical_availability,3,12,24,0.0597690154107649,0.8333333333333334,24
reserve10,irradiance_first,physical_availability,3,13,25,0.060892669747395434,0.8,25
reserve10,irradiance_first,physical_availability,3,14,24,0.07140875349294863,0.8333333333333334,24
reserve10,irradiance_first,physical_availability,3,15,25,0.06643215709891659,0.92,25
reserve10,irradiance_first,physical_availability,3,16,27,0.05536399741470071,0.8888888888888888,27
reserve10,irradiance_first,physical_availability,3,17,27,0.053028794705969585,0.8518518518518519,27
reserve10,irradiance_first,physical_availability,3,18,23,0.06032795487910132,0.8695652173913043,23
reserve10,irradiance_first,physical_availability,3,19,23,0.07102621280888947,0.8695652173913043,23
reserve10,irradiance_first,physical_availability,3,20,25,0.053063455884114076,0.84,25
reserve10,irradiance_first,physical_availability,3,21,25,0.041064409281752395,0.92,25
reserve10,irradiance_first,physical_availability,3,22,22,0.0406437426215211,0.9545454545454546,22
reserve10,irradiance_first,physical_availability,3,23,22,0.07554965175590828,0.8181818181818182,22
reserve10,irradiance_first,physical_availability,4,0,17,0.06023927096427308,1.0,17
reserve10,irradiance_first,physical_availability,4,1,19,0.06063619367699874,1.0,19
reserve10,irradiance_first,physical_availability,4,2,20,0.062374837396412565,0.9,20
reserve10,irradiance_first,physical_availability,4,3,23,0.05831278537697838,0.9130434782608695,23
reserve10,irradiance_first,physical_availability,4,4,21,0.07012026141989194,0.8571428571428571,21
reserve10,irradiance_first,physical_availability,4,5,23,0.06171021790826906,0.8695652173913043,23
reserve10,irradiance_first,physical_availability,4,6,23,0.05578782438450735,0.9130434782608695,23
reserve10,irradiance_first,physical_availability,4,7,23,0.05549671707879803,0.8695652173913043,23
reserve10,irradiance_first,physical_availability,4,8,23,0.06560933530020441,0.8260869565217391,23
reserve10,irradiance_first,physical_availability,4,9,24,0.06009737870815638,0.875,24
reserve10,irradiance_first,physical_availability,4,10,21,0.08098152077382836,0.8095238095238095,21
reserve10,irradiance_first,physical_availability,4,11,24,0.06386661233869514,0.8333333333333334,24
reserve10,irradiance_first,physical_availability,4,12,25,0.06785472840955267,0.8,25
reserve10,irradiance_first,physical_availability,4,13,24,0.07827723913235905,0.7916666666666666,24
reserve10,irradiance_first,physical_availability,4,14,25,0.06983105984145313,0.88,25
reserve10,irradiance_first,physical_availability,4,15,27,0.05743386839706773,0.8518518518518519,27
reserve10,irradiance_first,physical_availability,4,16,27,0.05373831941171125,0.8888888888888888,27
reserve10,irradiance_first,physical_availability,4,17,23,0.06297602377876876,0.9130434782608695,23
reserve10,irradiance_first,physical_availability,4,18,23,0.07089697167803326,0.8260869565217391,23
reserve10,irradiance_first,physical_availability,4,19,25,0.055620079255693185,0.88,25
reserve10,irradiance_first,physical_availability,4,20,25,0.0463954102252804,0.96,25
reserve10,irradiance_first,physical_availability,4,21,22,0.04051574153359794,0.9545454545454546,22
reserve10,irradiance_first,physical_availability,4,22,22,0.07814378632818464,0.8181818181818182,22
reserve10,irradiance_first,physical_availability,4,23,20,0.08916019847770472,0.75,20
reserve10,irradiance_first,physical_recovery,1,0,22,0.02743338178663611,0.9545454545454546,22
reserve10,irradiance_first,physical_recovery,1,1,22,0.03029558908081119,0.9545454545454546,22
reserve10,irradiance_first,physical_recovery,1,2,20,0.035025211669839795,0.95,20
reserve10,irradiance_first,physical_recovery,1,3,17,0.03694814218393929,1.0,17
reserve10,irradiance_first,physical_recovery,1,4,19,0.03605085241353638,0.9473684210526315,19
reserve10,irradiance_first,physical_recovery,1,5,20,0.04414475262556916,0.95,20
reserve10,irradiance_first,physical_recovery,1,6,23,0.039724193337595096,0.9130434782608695,23
reserve10,irradiance_first,physical_recovery,1,7,21,0.03544750009025981,0.9523809523809523,21
reserve10,irradiance_first,physical_recovery,1,8,23,0.03728216229446505,0.8260869565217391,23
reserve10,irradiance_first,physical_recovery,1,9,23,0.03840715316325034,0.8695652173913043,23
reserve10,irradiance_first,physical_recovery,1,10,23,0.03508800266878866,0.7391304347826086,23
reserve10,irradiance_first,physical_recovery,1,11,23,0.03844202144130032,0.9130434782608695,23
reserve10,irradiance_first,physical_recovery,1,12,24,0.029915342549334544,0.875,24
reserve10,irradiance_first,physical_recovery,1,13,21,0.04037324323211034,0.8571428571428571,21
reserve10,irradiance_first,physical_recovery,1,14,24,0.02795858483802363,1.0,24
reserve10,irradiance_first,physical_recovery,1,15,25,0.03743791151282704,0.88,25
reserve10,irradiance_first,physical_recovery,1,16,24,0.04212826836009088,0.8333333333333334,24
reserve10,irradiance_first,physical_recovery,1,17,25,0.04412312568127749,0.88,25
reserve10,irradiance_first,physical_recovery,1,18,27,0.0266232167160522,0.9629629629629629,27
reserve10,irradiance_first,physical_recovery,1,19,27,0.038875482134640815,0.9259259259259259,27
reserve10,irradiance_first,physical_recovery,1,20,23,0.04570315992997839,0.8695652173913043,23
reserve10,irradiance_first,physical_recovery,1,21,23,0.03964611814350953,0.9130434782608695,23
reserve10,irradiance_first,physical_recovery,1,22,25,0.03288507074793284,0.96,25
reserve10,irradiance_first,physical_recovery,1,23,25,0.025497715912295202,0.88,25
reserve10,irradiance_first,physical_recovery,2,0,22,0.04035199789419692,1.0,22
reserve10,irradiance_first,physical_recovery,2,1,20,0.03819568103901695,0.95,20
reserve10,irradiance_first,physical_recovery,2,2,17,0.06077032988457335,1.0,17
reserve10,irradiance_first,physical_recovery,2,3,19,0.045864147923059984,1.0,19
reserve10,irradiance_first,physical_recovery,2,4,20,0.05431443679777752,0.95,20
reserve10,irradiance_first,physical_recovery,2,5,23,0.055898370902586654,0.9130434782608695,23
reserve10,irradiance_first,physical_recovery,2,6,21,0.05340171999521304,0.9523809523809523,21
reserve10,irradiance_first,physical_recovery,2,7,23,0.05046477440473701,0.9565217391304348,23
reserve10,irradiance_first,physical_recovery,2,8,23,0.04997197190360072,0.9565217391304348,23
reserve10,irradiance_first,physical_recovery,2,9,23,0.048350123920574195,0.9130434782608695,23
reserve10,irradiance_first,physical_recovery,2,10,23,0.055391441795666435,0.782608695652174,23
reserve10,irradiance_first,physical_recovery,2,11,24,0.05199435112920498,0.875,24
reserve10,irradiance_first,physical_recovery,2,12,21,0.06307687227959821,0.8571428571428571,21
reserve10,irradiance_first,physical_recovery,2,13,24,0.05068554633365058,0.7916666666666666,24
reserve10,irradiance_first,physical_recovery,2,14,25,0.04961673116705214,0.92,25
reserve10,irradiance_first,physical_recovery,2,15,24,0.062198418423732964,0.7916666666666666,24
reserve10,irradiance_first,physical_recovery,2,16,25,0.056591249257235604,0.92,25
reserve10,irradiance_first,physical_recovery,2,17,27,0.04941620425316119,0.8888888888888888,27
reserve10,irradiance_first,physical_recovery,2,18,27,0.04311701806045775,0.9259259259259259,27
reserve10,irradiance_first,physical_recovery,2,19,23,0.0629435853357754,0.8695652173913043,23
reserve10,irradiance_first,physical_recovery,2,20,23,0.06582059616196964,0.8695652173913043,23
reserve10,irradiance_first,physical_recovery,2,21,25,0.04136385740696378,0.84,25
reserve10,irradiance_first,physical_recovery,2,22,25,0.034025766166500784,0.88,25
reserve10,irradiance_first,physical_recovery,2,23,22,0.03667833741216186,0.9545454545454546,22
reserve10,irradiance_first,physical_recovery,3,0,20,0.04279547679102384,0.95,20
reserve10,irradiance_first,physical_recovery,3,1,17,0.05772936694903513,1.0,17
reserve10,irradiance_first,physical_recovery,3,2,19,0.056503558207197935,0.9473684210526315,19
reserve10,irradiance_first,physical_recovery,3,3,20,0.05803571453416634,0.9,20
reserve10,irradiance_first,physical_recovery,3,4,23,0.058940334233827725,0.9130434782608695,23
reserve10,irradiance_first,physical_recovery,3,5,21,0.06805636863601065,0.9523809523809523,21
reserve10,irradiance_first,physical_recovery,3,6,23,0.05494433887934183,0.8695652173913043,23
reserve10,irradiance_first,physical_recovery,3,7,23,0.05316841949057829,0.9130434782608695,23
reserve10,irradiance_first,physical_recovery,3,8,23,0.05632610354136612,0.8260869565217391,23
reserve10,irradiance_first,physical_recovery,3,9,23,0.06343535637947681,0.782608695652174,23
reserve10,irradiance_first,physical_recovery,3,10,24,0.05758175551462775,0.875,24
reserve10,irradiance_first,physical_recovery,3,11,21,0.07290309440756677,0.8095238095238095,21
reserve10,irradiance_first,physical_recovery,3,12,24,0.05980788034284023,0.8333333333333334,24
reserve10,irradiance_first,physical_recovery,3,13,25,0.06108862206214635,0.8,25
reserve10,irradiance_first,physical_recovery,3,14,24,0.07168699223046994,0.8333333333333334,24
reserve10,irradiance_first,physical_recovery,3,15,25,0.06637476034347084,0.92,25
reserve10,irradiance_first,physical_recovery,3,16,27,0.055384815826382626,0.8888888888888888,27
reserve10,irradiance_first,physical_recovery,3,17,27,0.05294994473440381,0.8518518518518519,27
reserve10,irradiance_first,physical_recovery,3,18,23,0.06038123479326647,0.8695652173913043,23
reserve10,irradiance_first,physical_recovery,3,19,23,0.07103631603752669,0.8695652173913043,23
reserve10,irradiance_first,physical_recovery,3,20,25,0.05301017269454933,0.84,25
reserve10,irradiance_first,physical_recovery,3,21,25,0.04108871067961993,0.92,25
reserve10,irradiance_first,physical_recovery,3,22,22,0.04064500905667265,0.9545454545454546,22
reserve10,irradiance_first,physical_recovery,3,23,22,0.07553930159682233,0.8181818181818182,22
reserve10,irradiance_first,physical_recovery,4,0,17,0.06023927096427308,1.0,17
reserve10,irradiance_first,physical_recovery,4,1,19,0.06063619367699874,1.0,19
reserve10,irradiance_first,physical_recovery,4,2,20,0.062374837396412565,0.9,20
reserve10,irradiance_first,physical_recovery,4,3,23,0.05812919625589173,0.9130434782608695,23
reserve10,irradiance_first,physical_recovery,4,4,21,0.07062477744944284,0.8571428571428571,21
reserve10,irradiance_first,physical_recovery,4,5,23,0.062449042981482815,0.8695652173913043,23
reserve10,irradiance_first,physical_recovery,4,6,23,0.05650047876893119,0.9130434782608695,23
reserve10,irradiance_first,physical_recovery,4,7,23,0.0559254970030426,0.782608695652174,23
reserve10,irradiance_first,physical_recovery,4,8,23,0.06571375694914046,0.8260869565217391,23
reserve10,irradiance_first,physical_recovery,4,9,24,0.06012265747903875,0.8333333333333334,24
reserve10,irradiance_first,physical_recovery,4,10,21,0.08090741576580791,0.8095238095238095,21
reserve10,irradiance_first,physical_recovery,4,11,24,0.06372135889078305,0.8333333333333334,24
reserve10,irradiance_first,physical_recovery,4,12,25,0.06788722700426277,0.8,25
reserve10,irradiance_first,physical_recovery,4,13,24,0.07851575513129616,0.7916666666666666,24
reserve10,irradiance_first,physical_recovery,4,14,25,0.06983521465759993,0.88,25
reserve10,irradiance_first,physical_recovery,4,15,27,0.05742540317164804,0.8518518518518519,27
reserve10,irradiance_first,physical_recovery,4,16,27,0.05368554958424125,0.8518518518518519,27
reserve10,irradiance_first,physical_recovery,4,17,23,0.06294397871255789,0.9130434782608695,23
reserve10,irradiance_first,physical_recovery,4,18,23,0.07083067626370161,0.8260869565217391,23
reserve10,irradiance_first,physical_recovery,4,19,25,0.05556196697752239,0.88,25
reserve10,irradiance_first,physical_recovery,4,20,25,0.046443177965978105,0.96,25
reserve10,irradiance_first,physical_recovery,4,21,22,0.04045740989430935,0.9545454545454546,22
reserve10,irradiance_first,physical_recovery,4,22,22,0.0782058592900111,0.8181818181818182,22
reserve10,irradiance_first,physical_recovery,4,23,20,0.08896099110850461,0.75,20
reserve10,irradiance_first,previous_day,1,0,22,0.060636821887576346,0.9545454545454546,22
reserve10,irradiance_first,previous_day,1,1,22,0.06765177776377937,0.9090909090909091,22
reserve10,irradiance_first,previous_day,1,2,20,0.08421418638556546,0.9,20
reserve10,irradiance_first,previous_day,1,3,17,0.07931045802746722,0.9411764705882353,17
reserve10,irradiance_first,previous_day,1,4,19,0.07275028114141939,1.0,19
reserve10,irradiance_first,previous_day,1,5,20,0.10859215836256378,0.85,20
reserve10,irradiance_first,previous_day,1,6,23,0.11933918342692622,0.782608695652174,23
reserve10,irradiance_first,previous_day,1,7,21,0.13354706831787538,0.8095238095238095,21
reserve10,irradiance_first,previous_day,1,8,23,0.1009652564531481,0.8695652173913043,23
reserve10,irradiance_first,previous_day,1,9,23,0.06789393215439218,0.9565217391304348,23
reserve10,irradiance_first,previous_day,1,10,23,0.09561715786281796,0.8260869565217391,23
reserve10,irradiance_first,previous_day,1,11,23,0.12437140596500203,0.782608695652174,23
reserve10,irradiance_first,previous_day,1,12,24,0.09982907211380827,0.8333333333333334,24
reserve10,irradiance_first,previous_day,1,13,21,0.12070648446022128,0.8571428571428571,21
reserve10,irradiance_first,previous_day,1,14,24,0.09843622837454384,0.8333333333333334,24
reserve10,irradiance_first,previous_day,1,15,25,0.10493727108651361,0.92,25
reserve10,irradiance_first,previous_day,1,16,24,0.1499379692073324,0.75,24
reserve10,irradiance_first,previous_day,1,17,25,0.11901883006394133,0.88,25
reserve10,irradiance_first,previous_day,1,18,27,0.09871788413128307,0.9259259259259259,27
reserve10,irradiance_first,previous_day,1,19,27,0.1086891351635015,0.8518518518518519,27
reserve10,irradiance_first,previous_day,1,20,23,0.1468973246919458,0.782608695652174,23
reserve10,irradiance_first,previous_day,1,21,23,0.14547880270434504,0.8260869565217391,23
reserve10,irradiance_first,previous_day,1,22,25,0.08894766060842686,0.92,25
reserve10,irradiance_first,previous_day,1,23,25,0.0638560536765136,0.96,25
reserve10,irradiance_first,previous_day,2,0,22,0.0678200677709976,0.9090909090909091,22
reserve10,irradiance_first,previous_day,2,1,20,0.08338120453018708,0.95,20
reserve10,irradiance_first,previous_day,2,2,17,0.0794813115566539,0.9411764705882353,17
reserve10,irradiance_first,previous_day,2,3,19,0.07344441257286631,1.0,19
reserve10,irradiance_first,previous_day,2,4,20,0.10790499815773809,0.85,20
reserve10,irradiance_first,previous_day,2,5,23,0.11829739311691254,0.782608695652174,23
reserve10,irradiance_first,previous_day,2,6,21,0.132541627562004,0.8095238095238095,21
reserve10,irradiance_first,previous_day,2,7,23,0.09991391571072722,0.9130434782608695,23
reserve10,irradiance_first,previous_day,2,8,23,0.06840602599970423,0.9565217391304348,23
reserve10,irradiance_first,previous_day,2,9,23,0.09545146112013826,0.8260869565217391,23
reserve10,irradiance_first,previous_day,2,10,23,0.12388319219408551,0.782608695652174,23
reserve10,irradiance_first,previous_day,2,11,24,0.09946609912439325,0.8333333333333334,24
reserve10,irradiance_first,previous_day,2,12,21,0.12030957744429764,0.8571428571428571,21
reserve10,irradiance_first,previous_day,2,13,24,0.09846197919051604,0.8333333333333334,24
reserve10,irradiance_first,previous_day,2,14,25,0.10437319056802721,0.92,25
reserve10,irradiance_first,previous_day,2,15,24,0.14718421792990893,0.7916666666666666,24
reserve10,irradiance_first,previous_day,2,16,25,0.11785176869364371,0.88,25
reserve10,irradiance_first,previous_day,2,17,27,0.09776534090620276,0.9259259259259259,27
reserve10,irradiance_first,previous_day,2,18,27,0.10771102376645565,0.8888888888888888,27
reserve10,irradiance_first,previous_day,2,19,23,0.14492694504270184,0.782608695652174,23
reserve10,irradiance_first,previous_day,2,20,23,0.14422516137378458,0.8260869565217391,23
reserve10,irradiance_first,previous_day,2,21,25,0.09078548859574828,0.88,25
reserve10,irradiance_first,previous_day,2,22,25,0.06404401148503401,0.96,25
reserve10,irradiance_first,previous_day,2,23,22,0.06688596826834994,0.9545454545454546,22
reserve10,irradiance_first,previous_day,3,0,20,0.08278392230782312,0.95,20
reserve10,irradiance_first,previous_day,3,1,17,0.07960190957920668,0.9411764705882353,17
reserve10,irradiance_first,previous_day,3,2,19,0.07448067850675796,1.0,19
reserve10,irradiance_first,previous_day,3,3,20,0.10682652893909439,0.9,20
reserve10,irradiance_first,previous_day,3,4,23,0.11691190301066623,0.782608695652174,23
reserve10,irradiance_first,previous_day,3,5,21,0.13123385745464855,0.8095238095238095,21
reserve10,irradiance_first,previous_day,3,6,23,0.09876766535714285,0.9130434782608695,23
reserve10,irradiance_first,previous_day,3,7,23,0.0690767488144225,0.9565217391304348,23
reserve10,irradiance_first,previous_day,3,8,23,0.09558520094665039,0.9130434782608695,23
reserve10,irradiance_first,previous_day,3,9,23,0.12366250744445059,0.782608695652174,23
reserve10,irradiance_first,previous_day,3,10,24,0.09905724386479592,0.8333333333333334,24
reserve10,irradiance_first,previous_day,3,11,21,0.12020484309908486,0.9047619047619048,21
reserve10,irradiance_first,previous_day,3,12,24,0.09848200081880669,0.8333333333333334,24
reserve10,irradiance_first,previous_day,3,13,25,0.10470380374226192,0.92,25
reserve10,irradiance_first,previous_day,3,14,24,0.1459663507212833,0.7916666666666666,24
reserve10,irradiance_first,previous_day,3,15,25,0.11753177390569727,0.88,25
reserve10,irradiance_first,previous_day,3,16,27,0.09738344377015622,0.9259259259259259,27
reserve10,irradiance_first,previous_day,3,17,27,0.10732353967576845,0.8888888888888888,27
reserve10,irradiance_first,previous_day,3,18,23,0.14343596269733436,0.8695652173913043,23
reserve10,irradiance_first,previous_day,3,19,23,0.1438386398636683,0.8260869565217391,23
reserve10,irradiance_first,previous_day,3,20,25,0.09481319127040816,0.88,25
reserve10,irradiance_first,previous_day,3,21,25,0.06448453411598638,0.96,25
reserve10,irradiance_first,previous_day,3,22,22,0.0672250917236781,0.9545454545454546,22
reserve10,irradiance_first,previous_day,3,23,22,0.10470778589478971,0.9090909090909091,22
reserve10,irradiance_first,previous_day,4,0,17,0.07974886749699879,0.9411764705882353,17
reserve10,irradiance_first,previous_day,4,1,19,0.07509183449773989,1.0,19
reserve10,irradiance_first,previous_day,4,2,20,0.10618844213520409,0.9,20
reserve10,irradiance_first,previous_day,4,3,23,0.1162001280066918,0.782608695652174,23
reserve10,irradiance_first,previous_day,4,4,21,0.1307674619871639,0.8095238095238095,21
reserve10,irradiance_first,previous_day,4,5,23,0.09809231945522774,0.9130434782608695,23
reserve10,irradiance_first,previous_day,4,6,23,0.06954242765417037,0.9565217391304348,23
reserve10,irradiance_first,previous_day,4,7,23,0.09595218167396849,0.9130434782608695,23
reserve10,irradiance_first,previous_day,4,8,23,0.12384161814339321,0.782608695652174,23
reserve10,irradiance_first,previous_day,4,9,24,0.09892915942327452,0.8333333333333334,24
reserve10,irradiance_first,previous_day,4,10,21,0.12036109875253077,0.9047619047619048,21
reserve10,irradiance_first,previous_day,4,11,24,0.09868686699192177,0.8333333333333334,24
reserve10,irradiance_first,previous_day,4,12,25,0.10496448113265305,0.92,25
reserve10,irradiance_first,previous_day,4,13,24,0.1453863058550347,0.7916666666666666,24
reserve10,irradiance_first,previous_day,4,14,25,0.11749681972517007,0.88,25
reserve10,irradiance_first,previous_day,4,15,27,0.0973540059435626,0.9629629629629629,27
reserve10,irradiance_first,previous_day,4,16,27,0.10707656461388258,0.8888888888888888,27
reserve10,irradiance_first,previous_day,4,17,23,0.14286388311363132,0.8695652173913043,23
reserve10,irradiance_first,previous_day,4,18,23,0.14376529775981586,0.8260869565217391,23
reserve10,irradiance_first,previous_day,4,19,25,0.09173552932083333,0.88,25
reserve10,irradiance_first,previous_day,4,20,25,0.06477414860442175,0.96,25
reserve10,irradiance_first,previous_day,4,21,22,0.06735373526051329,0.9545454545454546,22
reserve10,irradiance_first,previous_day,4,22,22,0.10479897851026206,0.9090909090909091,22
reserve10,irradiance_first,previous_day,4,23,20,0.1240025211277636,0.7,20
reserve10,irradiance_first,raw,1,0,22,0.026861904996532585,0.9090909090909091,22
reserve10,irradiance_first,raw,1,1,22,0.029765446638299595,0.9090909090909091,22
reserve10,irradiance_first,raw,1,2,20,0.03489754791532687,0.9,20
reserve10,irradiance_first,raw,1,3,17,0.03727886561114914,0.9411764705882353,17
reserve10,irradiance_first,raw,1,4,19,0.035578479836152734,0.9473684210526315,19
reserve10,irradiance_first,raw,1,5,20,0.044583362932960516,0.95,20
reserve10,irradiance_first,raw,1,6,23,0.040131818605830726,0.9130434782608695,23
reserve10,irradiance_first,raw,1,7,21,0.03500872022508125,0.9523809523809523,21
reserve10,irradiance_first,raw,1,8,23,0.0383486463025318,0.8695652173913043,23
reserve10,irradiance_first,raw,1,9,23,0.03879191136411209,0.8260869565217391,23
reserve10,irradiance_first,raw,1,10,23,0.03551504321551406,0.7391304347826086,23
reserve10,irradiance_first,raw,1,11,23,0.03879599800783839,0.782608695652174,23
reserve10,irradiance_first,raw,1,12,24,0.03051588419437276,0.7916666666666666,24
reserve10,irradiance_first,raw,1,13,21,0.040963088336468514,0.8095238095238095,21
reserve10,irradiance_first,raw,1,14,24,0.028338635112972563,0.875,24
reserve10,irradiance_first,raw,1,15,25,0.03769055507983449,0.8,25
reserve10,irradiance_first,raw,1,16,24,0.04149650712672095,0.8333333333333334,24
reserve10,irradiance_first,raw,1,17,25,0.04449897689559559,0.76,25
reserve10,irradiance_first,raw,1,18,27,0.026325937498417253,0.9259259259259259,27
reserve10,irradiance_first,raw,1,19,27,0.03926774599146205,0.7777777777777778,27
reserve10,irradiance_first,raw,1,20,23,0.04616637170369358,0.782608695652174,23
reserve10,irradiance_first,raw,1,21,23,0.03951495290776153,0.9130434782608695,23
reserve10,irradiance_first,raw,1,22,25,0.03256640503919662,0.88,25
reserve10,irradiance_first,raw,1,23,25,0.02552474715823339,0.88,25
reserve10,irradiance_first,raw,2,0,22,0.040185288944326734,0.9545454545454546,22
reserve10,irradiance_first,raw,2,1,20,0.036679949892533474,0.9,20
reserve10,irradiance_first,raw,2,2,17,0.06086003711607345,0.9411764705882353,17
reserve10,irradiance_first,raw,2,3,19,0.04592320609502521,0.9473684210526315,19
reserve10,irradiance_first,raw,2,4,20,0.05431730403062279,0.9,20
reserve10,irradiance_first,raw,2,5,23,0.05571489526797885,0.8260869565217391,23
reserve10,irradiance_first,raw,2,6,21,0.05335072045928352,0.9047619047619048,21
reserve10,irradiance_first,raw,2,7,23,0.051627019628921265,0.7391304347826086,23
reserve10,irradiance_first,raw,2,8,23,0.050341504133295786,0.782608695652174,23
reserve10,irradiance_first,raw,2,9,23,0.04942375579652625,0.7391304347826086,23
reserve10,irradiance_first,raw,2,10,23,0.05663633546411793,0.7391304347826086,23
reserve10,irradiance_first,raw,2,11,24,0.052324838076842746,0.7916666666666666,24
reserve10,irradiance_first,raw,2,12,21,0.06498732588939798,0.7142857142857143,21
reserve10,irradiance_first,raw,2,13,24,0.05149546203911956,0.75,24
reserve10,irradiance_first,raw,2,14,25,0.050804778416497234,0.72,25
reserve10,irradiance_first,raw,2,15,24,0.062321271530132005,0.75,24
reserve10,irradiance_first,raw,2,16,25,0.05605311696575459,0.84,25
reserve10,irradiance_first,raw,2,17,27,0.0498417089239483,0.8148148148148148,27
reserve10,irradiance_first,raw,2,18,27,0.043161733021374014,0.8888888888888888,27
reserve10,irradiance_first,raw,2,19,23,0.06373597166961163,0.782608695652174,23
reserve10,irradiance_first,raw,2,20,23,0.06704403824348469,0.7391304347826086,23
reserve10,irradiance_first,raw,2,21,25,0.04210767799443493,0.76,25
reserve10,irradiance_first,raw,2,22,25,0.033767491853537786,0.88,25
reserve10,irradiance_first,raw,2,23,22,0.035511909353482515,0.8636363636363636,22
reserve10,irradiance_first,raw,3,0,20,0.0415366993349114,0.9,20
reserve10,irradiance_first,raw,3,1,17,0.05727153361622077,0.9411764705882353,17
reserve10,irradiance_first,raw,3,2,19,0.056533746492994544,0.8947368421052632,19
reserve10,irradiance_first,raw,3,3,20,0.05943754937458071,0.75,20
reserve10,irradiance_first,raw,3,4,23,0.058265898979341084,0.8695652173913043,23
reserve10,irradiance_first,raw,3,5,21,0.06761604202693706,0.8571428571428571,21
reserve10,irradiance_first,raw,3,6,23,0.05525832504253712,0.782608695652174,23
reserve10,irradiance_first,raw,3,7,23,0.053914122911432064,0.782608695652174,23
reserve10,irradiance_first,raw,3,8,23,0.05730322977420097,0.782608695652174,23
reserve10,irradiance_first,raw,3,9,23,0.06514442453213197,0.7391304347826086,23
reserve10,irradiance_first,raw,3,10,24,0.058694813286698226,0.7916666666666666,24
reserve10,irradiance_first,raw,3,11,21,0.07471458045537234,0.7142857142857143,21
reserve10,irradiance_first,raw,3,12,24,0.06152674207798222,0.7083333333333334,24
reserve10,irradiance_first,raw,3,13,25,0.06314981743884816,0.72,25
reserve10,irradiance_first,raw,3,14,24,0.07223212919475736,0.7916666666666666,24
reserve10,irradiance_first,raw,3,15,25,0.064991908278566,0.84,25
reserve10,irradiance_first,raw,3,16,27,0.05540909620894888,0.8518518518518519,27
reserve10,irradiance_first,raw,3,17,27,0.05340931343890292,0.7777777777777778,27
reserve10,irradiance_first,raw,3,18,23,0.06122722629440554,0.7391304347826086,23
reserve10,irradiance_first,raw,3,19,23,0.07327777212358651,0.7391304347826086,23
reserve10,irradiance_first,raw,3,20,25,0.054618544317914505,0.72,25
reserve10,irradiance_first,raw,3,21,25,0.04042810888166597,0.92,25
reserve10,irradiance_first,raw,3,22,22,0.04041521328734204,0.8636363636363636,22
reserve10,irradiance_first,raw,3,23,22,0.07770106023032948,0.7727272727272727,22
reserve10,irradiance_first,raw,4,0,17,0.05979908062507106,0.9411764705882353,17
reserve10,irradiance_first,raw,4,1,19,0.06095739794664908,0.8947368421052632,19
reserve10,irradiance_first,raw,4,2,20,0.06407391629153418,0.75,20
reserve10,irradiance_first,raw,4,3,23,0.057978807716945926,0.8695652173913043,23
reserve10,irradiance_first,raw,4,4,21,0.06996390337570493,0.8095238095238095,21
reserve10,irradiance_first,raw,4,5,23,0.06229978753182363,0.782608695652174,23
reserve10,irradiance_first,raw,4,6,23,0.057939791247155537,0.782608695652174,23
reserve10,irradiance_first,raw,4,7,23,0.057226943238457235,0.7391304347826086,23
reserve10,irradiance_first,raw,4,8,23,0.06702996688856752,0.6956521739130435,23
reserve10,irradiance_first,raw,4,9,24,0.061043194560676146,0.75,24
reserve10,irradiance_first,raw,4,10,21,0.08284951152997692,0.7619047619047619,21
reserve10,irradiance_first,raw,4,11,24,0.06546956395641766,0.7083333333333334,24
reserve10,irradiance_first,raw,4,12,25,0.06965185508754707,0.76,25
reserve10,irradiance_first,raw,4,13,24,0.07911318003570506,0.75,24
reserve10,irradiance_first,raw,4,14,25,0.06849185858368984,0.8,25
reserve10,irradiance_first,raw,4,15,27,0.057598284806152165,0.8518518518518519,27
reserve10,irradiance_first,raw,4,16,27,0.053938955881156526,0.8148148148148148,27
reserve10,irradiance_first,raw,4,17,23,0.06254250019996929,0.8260869565217391,23
reserve10,irradiance_first,raw,4,18,23,0.0729074274659791,0.7391304347826086,23
reserve10,irradiance_first,raw,4,19,25,0.05739361088719803,0.76,25
reserve10,irradiance_first,raw,4,20,25,0.047057842890878394,0.84,25
reserve10,irradiance_first,raw,4,21,22,0.04048005897057882,0.8636363636363636,22
reserve10,irradiance_first,raw,4,22,22,0.08055923162507876,0.8181818181818182,22
reserve10,irradiance_first,raw,4,23,20,0.09216766318341951,0.65,20
reserve10,irradiance_first,recency,1,0,22,0.027416901731343833,0.9545454545454546,22
reserve10,irradiance_first,recency,1,1,22,0.03014341847322827,0.9545454545454546,22
reserve10,irradiance_first,recency,1,2,20,0.034794706111641024,0.95,20
reserve10,irradiance_first,recency,1,3,17,0.037159364918064985,1.0,17
reserve10,irradiance_first,recency,1,4,19,0.035967933036302614,0.9473684210526315,19
reserve10,irradiance_first,recency,1,5,20,0.044456247159788784,0.95,20
reserve10,irradiance_first,recency,1,6,23,0.0402856405071403,0.9130434782608695,23
reserve10,irradiance_first,recency,1,7,21,0.035404616838144574,0.9523809523809523,21
reserve10,irradiance_first,recency,1,8,23,0.037595135976150884,0.8695652173913043,23
reserve10,irradiance_first,recency,1,9,23,0.03840959050032666,0.8695652173913043,23
reserve10,irradiance_first,recency,1,10,23,0.03491947528902653,0.7391304347826086,23
reserve10,irradiance_first,recency,1,11,23,0.0383636339528973,0.8695652173913043,23
reserve10,irradiance_first,recency,1,12,24,0.03044730879049129,0.875,24
reserve10,irradiance_first,recency,1,13,21,0.040787283245659875,0.8095238095238095,21
reserve10,irradiance_first,recency,1,14,24,0.027936789111491143,0.9583333333333334,24
reserve10,irradiance_first,recency,1,15,25,0.03742483762538474,0.84,25
reserve10,irradiance_first,recency,1,16,24,0.04171887917627674,0.875,24
reserve10,irradiance_first,recency,1,17,25,0.04422697067056494,0.8,25
reserve10,irradiance_first,recency,1,18,27,0.026534071251944586,0.9259259259259259,27
reserve10,irradiance_first,recency,1,19,27,0.03882865843189113,0.8888888888888888,27
reserve10,irradiance_first,recency,1,20,23,0.045946402432676205,0.8260869565217391,23
reserve10,irradiance_first,recency,1,21,23,0.03959565899777498,0.9130434782608695,23
reserve10,irradiance_first,recency,1,22,25,0.03268276961316169,0.96,25
reserve10,irradiance_first,recency,1,23,25,0.025592009366113447,0.88,25
reserve10,irradiance_first,recency,2,0,22,0.04011175302175104,1.0,22
reserve10,irradiance_first,recency,2,1,20,0.037677336874630984,0.95,20
reserve10,irradiance_first,recency,2,2,17,0.06098365023819419,1.0,17
reserve10,irradiance_first,recency,2,3,19,0.045909197789246826,1.0,19
reserve10,irradiance_first,recency,2,4,20,0.05434094233872081,0.95,20
reserve10,irradiance_first,recency,2,5,23,0.05613429961812718,0.9130434782608695,23
reserve10,irradiance_first,recency,2,6,21,0.053736105599494564,0.9523809523809523,21
reserve10,irradiance_first,recency,2,7,23,0.05058016993386845,0.9565217391304348,23
reserve10,irradiance_first,recency,2,8,23,0.05009126991359376,0.9565217391304348,23
reserve10,irradiance_first,recency,2,9,23,0.048356189351641564,0.8260869565217391,23
reserve10,irradiance_first,recency,2,10,23,0.055157169484032306,0.782608695652174,23
reserve10,irradiance_first,recency,2,11,24,0.05171072703414643,0.875,24
reserve10,irradiance_first,recency,2,12,21,0.06380500362633805,0.8095238095238095,21
reserve10,irradiance_first,recency,2,13,24,0.05077592025884114,0.7916666666666666,24
reserve10,irradiance_first,recency,2,14,25,0.04994906884119743,0.92,25
reserve10,irradiance_first,recency,2,15,24,0.062093006816255125,0.7916666666666666,24
reserve10,irradiance_first,recency,2,16,25,0.05607279365770774,0.92,25
reserve10,irradiance_first,recency,2,17,27,0.049325477977992443,0.9259259259259259,27
reserve10,irradiance_first,recency,2,18,27,0.04284848719939432,0.9259259259259259,27
reserve10,irradiance_first,recency,2,19,23,0.06324709294298345,0.8260869565217391,23
reserve10,irradiance_first,recency,2,20,23,0.06610849684745762,0.8260869565217391,23
reserve10,irradiance_first,recency,2,21,25,0.041443937002857,0.84,25
reserve10,irradiance_first,recency,2,22,25,0.034072233058354724,0.96,25
reserve10,irradiance_first,recency,2,23,22,0.03595014510726075,0.9545454545454546,22
reserve10,irradiance_first,recency,3,0,20,0.04218860036065385,0.95,20
reserve10,irradiance_first,recency,3,1,17,0.05783444950924333,1.0,17
reserve10,irradiance_first,recency,3,2,19,0.05647641674387741,0.9473684210526315,19
reserve10,irradiance_first,recency,3,3,20,0.05824917896204903,0.9,20
reserve10,irradiance_first,recency,3,4,23,0.0588145063532193,0.9130434782608695,23
reserve10,irradiance_first,recency,3,5,21,0.06796942608352742,0.9047619047619048,21
reserve10,irradiance_first,recency,3,6,23,0.05484842038703491,0.8695652173913043,23
reserve10,irradiance_first,recency,3,7,23,0.053168573432992805,0.9130434782608695,23
reserve10,irradiance_first,recency,3,8,23,0.056450745030663295,0.8260869565217391,23
reserve10,irradiance_first,recency,3,9,23,0.06332683090645477,0.782608695652174,23
reserve10,irradiance_first,recency,3,10,24,0.05800754662300314,0.8333333333333334,24
reserve10,irradiance_first,recency,3,11,21,0.0730060998767356,0.8095238095238095,21
reserve10,irradiance_first,recency,3,12,24,0.059801397976116256,0.8333333333333334,24
reserve10,irradiance_first,recency,3,13,25,0.06152795685092448,0.8,25
reserve10,irradiance_first,recency,3,14,24,0.07126136990102479,0.8333333333333334,24
reserve10,irradiance_first,recency,3,15,25,0.06547434151972574,0.88,25
reserve10,irradiance_first,recency,3,16,27,0.05505952054003962,0.8518518518518519,27
reserve10,irradiance_first,recency,3,17,27,0.05287452265527809,0.8518518518518519,27
reserve10,irradiance_first,recency,3,18,23,0.06018520376087649,0.8695652173913043,23
reserve10,irradiance_first,recency,3,19,23,0.07149016016617489,0.8260869565217391,23
reserve10,irradiance_first,recency,3,20,25,0.05348950111279833,0.84,25
reserve10,irradiance_first,recency,3,21,25,0.04087487118281694,0.96,25
reserve10,irradiance_first,recency,3,22,22,0.04036009294996746,0.9545454545454546,22
reserve10,irradiance_first,recency,3,23,22,0.0767550628814549,0.8636363636363636,22
reserve10,irradiance_first,recency,4,0,17,0.06031486772672828,1.0,17
reserve10,irradiance_first,recency,4,1,19,0.0606665738982421,1.0,19
reserve10,irradiance_first,recency,4,2,20,0.06254955751427564,0.9,20
reserve10,irradiance_first,recency,4,3,23,0.058332679391290165,0.9130434782608695,23
reserve10,irradiance_first,recency,4,4,21,0.07029061628008823,0.8571428571428571,21
reserve10,irradiance_first,recency,4,5,23,0.06202609820827113,0.8695652173913043,23
reserve10,irradiance_first,recency,4,6,23,0.056414243931293545,0.9130434782608695,23
reserve10,irradiance_first,recency,4,7,23,0.05529614522616612,0.782608695652174,23
reserve10,irradiance_first,recency,4,8,23,0.06531499640725034,0.8260869565217391,23
reserve10,irradiance_first,recency,4,9,24,0.06012815006594799,0.8333333333333334,24
reserve10,irradiance_first,recency,4,10,21,0.08123997729112967,0.8095238095238095,21
reserve10,irradiance_first,recency,4,11,24,0.06428742819462777,0.7916666666666666,24
reserve10,irradiance_first,recency,4,12,25,0.06832381684185734,0.8,25
reserve10,irradiance_first,recency,4,13,24,0.07839685538231363,0.7916666666666666,24
reserve10,irradiance_first,recency,4,14,25,0.06900339695486567,0.84,25
reserve10,irradiance_first,recency,4,15,27,0.05717582072445938,0.8518518518518519,27
reserve10,irradiance_first,recency,4,16,27,0.05340363976211099,0.8518518518518519,27
reserve10,irradiance_first,recency,4,17,23,0.0625171095616079,0.9130434782608695,23
reserve10,irradiance_first,recency,4,18,23,0.07158236228803083,0.8260869565217391,23
reserve10,irradiance_first,recency,4,19,25,0.05587033721380036,0.84,25
reserve10,irradiance_first,recency,4,20,25,0.04655174884794251,0.96,25
reserve10,irradiance_first,recency,4,21,22,0.040046349739059975,0.9545454545454546,22
reserve10,irradiance_first,recency,4,22,22,0.07976478508588726,0.8181818181818182,22
reserve10,irradiance_first,recency,4,23,20,0.09022406884748596,0.8,20
reserve10,irradiance_first,rolling,1,0,22,0.02732970134617045,0.9545454545454546,22
reserve10,irradiance_first,rolling,1,1,22,0.029996248075023105,0.9545454545454546,22
reserve10,irradiance_first,rolling,1,2,20,0.0348647473154096,0.95,20
reserve10,irradiance_first,rolling,1,3,17,0.037212767041820485,1.0,17
reserve10,irradiance_first,rolling,1,4,19,0.03595010939146457,0.9473684210526315,19
reserve10,irradiance_first,rolling,1,5,20,0.04421488103372083,1.0,20
reserve10,irradiance_first,rolling,1,6,23,0.04005861991660202,0.9130434782608695,23
reserve10,irradiance_first,rolling,1,7,21,0.03535664762726836,0.9523809523809523,21
reserve10,irradiance_first,rolling,1,8,23,0.03770687975610663,0.8695652173913043,23
reserve10,irradiance_first,rolling,1,9,23,0.03834846408814438,0.8695652173913043,23
reserve10,irradiance_first,rolling,1,10,23,0.03486351883153975,0.7391304347826086,23
reserve10,irradiance_first,rolling,1,11,23,0.038342268365617646,0.8695652173913043,23
reserve10,irradiance_first,rolling,1,12,24,0.030389728769153787,0.875,24
reserve10,irradiance_first,rolling,1,13,21,0.04074695862556441,0.8095238095238095,21
reserve10,irradiance_first,rolling,1,14,24,0.028107084732272525,0.9583333333333334,24
reserve10,irradiance_first,rolling,1,15,25,0.03742705984749092,0.84,25
reserve10,irradiance_first,rolling,1,16,24,0.04170307351885575,0.875,24
reserve10,irradiance_first,rolling,1,17,25,0.04427732230325693,0.8,25
reserve10,irradiance_first,rolling,1,18,27,0.026483383353178222,0.9259259259259259,27
reserve10,irradiance_first,rolling,1,19,27,0.03884664443438908,0.8888888888888888,27
reserve10,irradiance_first,rolling,1,20,23,0.04611208906155691,0.8695652173913043,23
reserve10,irradiance_first,rolling,1,21,23,0.039559095849552466,0.9130434782608695,23
reserve10,irradiance_first,rolling,1,22,25,0.03266162924287436,0.92,25
reserve10,irradiance_first,rolling,1,23,25,0.02560414038669737,0.92,25
reserve10,irradiance_first,rolling,2,0,22,0.04019645544265361,1.0,22
reserve10,irradiance_first,rolling,2,1,20,0.03771214282673123,0.95,20
reserve10,irradiance_first,rolling,2,2,17,0.061096152584061265,1.0,17
reserve10,irradiance_first,rolling,2,3,19,0.045866603245016,1.0,19
reserve10,irradiance_first,rolling,2,4,20,0.054129711920295906,0.95,20
reserve10,irradiance_first,rolling,2,5,23,0.05577350647720215,0.9130434782608695,23
reserve10,irradiance_first,rolling,2,6,21,0.05346608971773609,0.9523809523809523,21
reserve10,irradiance_first,rolling,2,7,23,0.05059109238346503,0.9565217391304348,23
reserve10,irradiance_first,rolling,2,8,23,0.049947031709229005,0.9565217391304348,23
reserve10,irradiance_first,rolling,2,9,23,0.04823356376716501,0.8260869565217391,23
reserve10,irradiance_first,rolling,2,10,23,0.05543507314893634,0.782608695652174,23
reserve10,irradiance_first,rolling,2,11,24,0.05155267932834497,0.875,24
reserve10,irradiance_first,rolling,2,12,21,0.0637771007454554,0.7619047619047619,21
reserve10,irradiance_first,rolling,2,13,24,0.05077657903439451,0.7916666666666666,24
reserve10,irradiance_first,rolling,2,14,25,0.04989853116760635,0.92,25
reserve10,irradiance_first,rolling,2,15,24,0.062085649069898254,0.7916666666666666,24
reserve10,irradiance_first,rolling,2,16,25,0.05624280627104048,0.88,25
reserve10,irradiance_first,rolling,2,17,27,0.04953970884042037,0.8518518518518519,27
reserve10,irradiance_first,rolling,2,18,27,0.04287271801116874,0.8888888888888888,27
reserve10,irradiance_first,rolling,2,19,23,0.0633163962755264,0.8695652173913043,23
reserve10,irradiance_first,rolling,2,20,23,0.0661224559013223,0.782608695652174,23
reserve10,irradiance_first,rolling,2,21,25,0.04132755025040618,0.84,25
reserve10,irradiance_first,rolling,2,22,25,0.03396443482098979,0.96,25
reserve10,irradiance_first,rolling,2,23,22,0.035854991251358354,0.9545454545454546,22
reserve10,irradiance_first,rolling,3,0,20,0.04226422574171555,0.95,20
reserve10,irradiance_first,rolling,3,1,17,0.05781156175942653,1.0,17
reserve10,irradiance_first,rolling,3,2,19,0.056474531950306654,0.9473684210526315,19
reserve10,irradiance_first,rolling,3,3,20,0.05792551912173274,0.95,20
reserve10,irradiance_first,rolling,3,4,23,0.05851601821375597,0.9130434782608695,23
reserve10,irradiance_first,rolling,3,5,21,0.06766869582126807,0.9523809523809523,21
reserve10,irradiance_first,rolling,3,6,23,0.05475135547700217,0.8695652173913043,23
reserve10,irradiance_first,rolling,3,7,23,0.05294382541530666,0.9130434782608695,23
reserve10,irradiance_first,rolling,3,8,23,0.05620682725294206,0.8260869565217391,23
reserve10,irradiance_first,rolling,3,9,23,0.06335586991355026,0.782608695652174,23
reserve10,irradiance_first,rolling,3,10,24,0.057958449051902505,0.8333333333333334,24
reserve10,irradiance_first,rolling,3,11,21,0.07288980823852793,0.7619047619047619,21
reserve10,irradiance_first,rolling,3,12,24,0.05982781652594474,0.7916666666666666,24
reserve10,irradiance_first,rolling,3,13,25,0.06145025316538613,0.8,25
reserve10,irradiance_first,rolling,3,14,24,0.07133850922246181,0.8333333333333334,24
reserve10,irradiance_first,rolling,3,15,25,0.06559359639058955,0.88,25
reserve10,irradiance_first,rolling,3,16,27,0.05513678654371472,0.8518518518518519,27
reserve10,irradiance_first,rolling,3,17,27,0.05283989055997056,0.9259259259259259,27
reserve10,irradiance_first,rolling,3,18,23,0.060340092529373134,0.8695652173913043,23
reserve10,irradiance_first,rolling,3,19,23,0.07134067634348552,0.8260869565217391,23
reserve10,irradiance_first,rolling,3,20,25,0.05332709355775758,0.84,25
reserve10,irradiance_first,rolling,3,21,25,0.04080031580357802,0.96,25
reserve10,irradiance_first,rolling,3,22,22,0.04027694261882837,0.9545454545454546,22
reserve10,irradiance_first,rolling,3,23,22,0.07623984949136882,0.8636363636363636,22
reserve10,irradiance_first,rolling,4,0,17,0.060308842058180843,1.0,17
reserve10,irradiance_first,rolling,4,1,19,0.06057938613601148,1.0,19
reserve10,irradiance_first,rolling,4,2,20,0.06234438970365488,0.95,20
reserve10,irradiance_first,rolling,4,3,23,0.058002869937708916,0.9130434782608695,23
reserve10,irradiance_first,rolling,4,4,21,0.06989413635104322,0.8571428571428571,21
reserve10,irradiance_first,rolling,4,5,23,0.061960252605861174,0.8695652173913043,23
reserve10,irradiance_first,rolling,4,6,23,0.05625479276755629,0.9130434782608695,23
reserve10,irradiance_first,rolling,4,7,23,0.055024175239849205,0.8695652173913043,23
reserve10,irradiance_first,rolling,4,8,23,0.0651794768014347,0.782608695652174,23
reserve10,irradiance_first,rolling,4,9,24,0.059929084458035735,0.875,24
reserve10,irradiance_first,rolling,4,10,21,0.08090631723052148,0.7619047619047619,21
reserve10,irradiance_first,rolling,4,11,24,0.06404110610367232,0.8333333333333334,24
reserve10,irradiance_first,rolling,4,12,25,0.068122499300593,0.8,25
reserve10,irradiance_first,rolling,4,13,24,0.07821649660712604,0.8333333333333334,24
reserve10,irradiance_first,rolling,4,14,25,0.06925985465305297,0.84,25
reserve10,irradiance_first,rolling,4,15,27,0.05739185146287818,0.8888888888888888,27
reserve10,irradiance_first,rolling,4,16,27,0.05340368632324411,0.8518518518518519,27
reserve10,irradiance_first,rolling,4,17,23,0.06255977381916435,0.9130434782608695,23
reserve10,irradiance_first,rolling,4,18,23,0.07181350963513496,0.8260869565217391,23
reserve10,irradiance_first,rolling,4,19,25,0.05582408137643403,0.8,25
reserve10,irradiance_first,rolling,4,20,25,0.046755699028871625,0.92,25
reserve10,irradiance_first,rolling,4,21,22,0.04005850126626519,0.9545454545454546,22
reserve10,irradiance_first,rolling,4,22,22,0.07939346464453866,0.8636363636363636,22
reserve10,irradiance_first,rolling,4,23,20,0.08997616666259914,0.8,20
reserve10,irradiance_first,single_imputation,1,0,22,0.027231045695675846,1.0,22
reserve10,irradiance_first,single_imputation,1,1,22,0.04088301876933416,0.8636363636363636,22
reserve10,irradiance_first,single_imputation,1,2,20,0.04495232344328966,0.85,20
reserve10,irradiance_first,single_imputation,1,3,17,0.039411306717020575,0.8235294117647058,17
reserve10,irradiance_first,single_imputation,1,4,19,0.03710198334410345,0.9473684210526315,19
reserve10,irradiance_first,single_imputation,1,5,20,0.05221171608135482,0.8,20
reserve10,irradiance_first,single_imputation,1,6,23,0.040476469534592996,0.8260869565217391,23
reserve10,irradiance_first,single_imputation,1,7,21,0.04153823841251736,0.8571428571428571,21
reserve10,irradiance_first,single_imputation,1,8,23,0.04519034596325763,0.8695652173913043,23
reserve10,irradiance_first,single_imputation,1,9,23,0.04531042231528737,0.8695652173913043,23
reserve10,irradiance_first,single_imputation,1,10,23,0.033515647734500706,0.9130434782608695,23
reserve10,irradiance_first,single_imputation,1,11,23,0.04168324944088188,0.9565217391304348,23
reserve10,irradiance_first,single_imputation,1,12,24,0.030987327396346454,0.875,24
reserve10,irradiance_first,single_imputation,1,13,21,0.046864981317384584,0.8095238095238095,21
reserve10,irradiance_first,single_imputation,1,14,24,0.030355473344177968,0.9583333333333334,24
reserve10,irradiance_first,single_imputation,1,15,25,0.040130782943447046,0.88,25
reserve10,irradiance_first,single_imputation,1,16,24,0.04670931938865735,0.875,24
reserve10,irradiance_first,single_imputation,1,17,25,0.05019321134025998,0.8,25
reserve10,irradiance_first,single_imputation,1,18,27,0.03139008546082814,0.9259259259259259,27
reserve10,irradiance_first,single_imputation,1,19,27,0.04421900408013225,0.8518518518518519,27
reserve10,irradiance_first,single_imputation,1,20,23,0.05804016698614355,0.782608695652174,23
reserve10,irradiance_first,single_imputation,1,21,23,0.04862439659008416,0.8695652173913043,23
reserve10,irradiance_first,single_imputation,1,22,25,0.03775009109457004,0.96,25
reserve10,irradiance_first,single_imputation,1,23,25,0.03342303155760062,0.92,25
reserve10,irradiance_first,single_imputation,2,0,22,0.049684367860522764,0.8636363636363636,22
reserve10,irradiance_first,single_imputation,2,1,20,0.0368480609048345,1.0,20
reserve10,irradiance_first,single_imputation,2,2,17,0.06874395926930853,0.7647058823529411,17
reserve10,irradiance_first,single_imputation,2,3,19,0.05741467557580327,0.7894736842105263,19
reserve10,irradiance_first,single_imputation,2,4,20,0.06522859058892035,0.8,20
reserve10,irradiance_first,single_imputation,2,5,23,0.0652752104538739,0.8260869565217391,23
reserve10,irradiance_first,single_imputation,2,6,21,0.059306479291763366,0.7142857142857143,21
reserve10,irradiance_first,single_imputation,2,7,23,0.06334649183186879,0.782608695652174,23
reserve10,irradiance_first,single_imputation,2,8,23,0.060682496662185066,0.8260869565217391,23
reserve10,irradiance_first,single_imputation,2,9,23,0.05760166299662001,0.782608695652174,23
reserve10,irradiance_first,single_imputation,2,10,23,0.059913974753004126,0.782608695652174,23
reserve10,irradiance_first,single_imputation,2,11,24,0.05475459742399972,0.9166666666666666,24
reserve10,irradiance_first,single_imputation,2,12,21,0.07006793278863553,0.8095238095238095,21
reserve10,irradiance_first,single_imputation,2,13,24,0.04454047121222016,0.875,24
reserve10,irradiance_first,single_imputation,2,14,25,0.05486878700838857,0.84,25
reserve10,irradiance_first,single_imputation,2,15,24,0.07462772239044681,0.75,24
reserve10,irradiance_first,single_imputation,2,16,25,0.06217118986368599,0.88,25
reserve10,irradiance_first,single_imputation,2,17,27,0.05702504216715613,0.8518518518518519,27
reserve10,irradiance_first,single_imputation,2,18,27,0.04671103611269637,0.8518518518518519,27
reserve10,irradiance_first,single_imputation,2,19,23,0.08015163227940159,0.8695652173913043,23
reserve10,irradiance_first,single_imputation,2,20,23,0.07554811760485194,0.7391304347826086,23
reserve10,irradiance_first,single_imputation,2,21,25,0.042179096582742825,0.92,25
reserve10,irradiance_first,single_imputation,2,22,25,0.04598016283629422,0.88,25
reserve10,irradiance_first,single_imputation,2,23,22,0.04736649093204029,0.9545454545454546,22
reserve10,irradiance_first,single_imputation,3,0,20,0.04103445992303021,1.0,20
reserve10,irradiance_first,single_imputation,3,1,17,0.06519527035422609,0.7647058823529411,17
reserve10,irradiance_first,single_imputation,3,2,19,0.06771649028221458,0.7368421052631579,19
reserve10,irradiance_first,single_imputation,3,3,20,0.07164370916675541,0.7,20
reserve10,irradiance_first,single_imputation,3,4,23,0.07018526567167103,0.8260869565217391,23
reserve10,irradiance_first,single_imputation,3,5,21,0.07843570119516426,0.8571428571428571,21
reserve10,irradiance_first,single_imputation,3,6,23,0.0643606878086498,0.8695652173913043,23
reserve10,irradiance_first,single_imputation,3,7,23,0.05590884782843344,0.8695652173913043,23
reserve10,irradiance_first,single_imputation,3,8,23,0.05897090226483397,0.782608695652174,23
reserve10,irradiance_first,single_imputation,3,9,23,0.0728137238847144,0.7391304347826086,23
reserve10,irradiance_first,single_imputation,3,10,24,0.06974198634471646,0.8333333333333334,24
reserve10,irradiance_first,single_imputation,3,11,21,0.08206269242353138,0.8095238095238095,21
reserve10,irradiance_first,single_imputation,3,12,24,0.06189840365668697,0.7916666666666666,24
reserve10,irradiance_first,single_imputation,3,13,25,0.06402307490794049,0.76,25
reserve10,irradiance_first,single_imputation,3,14,24,0.07611980106012743,0.7916666666666666,24
reserve10,irradiance_first,single_imputation,3,15,25,0.07613381363787373,0.76,25
reserve10,irradiance_first,single_imputation,3,16,27,0.07498750044753112,0.7777777777777778,27
reserve10,irradiance_first,single_imputation,3,17,27,0.057790776055947395,0.8148148148148148,27
reserve10,irradiance_first,single_imputation,3,18,23,0.07119511395490791,0.8695652173913043,23
reserve10,irradiance_first,single_imputation,3,19,23,0.08592435749179607,0.782608695652174,23
reserve10,irradiance_first,single_imputation,3,20,25,0.05887745213141189,0.84,25
reserve10,irradiance_first,single_imputation,3,21,25,0.04711720014082065,0.92,25
reserve10,irradiance_first,single_imputation,3,22,22,0.04763717056779516,0.9090909090909091,22
reserve10,irradiance_first,single_imputation,3,23,22,0.10491086860751063,0.5909090909090909,22
reserve10,irradiance_first,single_imputation,4,0,17,0.0746107257481755,0.6470588235294118,17
reserve10,irradiance_first,single_imputation,4,1,19,0.06750368675917827,0.7894736842105263,19
reserve10,irradiance_first,single_imputation,4,2,20,0.07802374138727115,0.7,20
reserve10,irradiance_first,single_imputation,4,3,23,0.07407418714211364,0.8260869565217391,23
reserve10,irradiance_first,single_imputation,4,4,21,0.08244911916506059,0.8095238095238095,21
reserve10,irradiance_first,single_imputation,4,5,23,0.07652385462736642,0.8260869565217391,23
reserve10,irradiance_first,single_imputation,4,6,23,0.05770027924465798,0.9130434782608695,23
reserve10,irradiance_first,single_imputation,4,7,23,0.05925113186452384,0.8260869565217391,23
reserve10,irradiance_first,single_imputation,4,8,23,0.08907690695358488,0.6521739130434783,23
reserve10,irradiance_first,single_imputation,4,9,24,0.07789938789405314,0.8333333333333334,24
reserve10,irradiance_first,single_imputation,4,10,21,0.09586113699961277,0.8095238095238095,21
reserve10,irradiance_first,single_imputation,4,11,24,0.07351945181707727,0.8333333333333334,24
reserve10,irradiance_first,single_imputation,4,12,25,0.07801960376754152,0.76,25
reserve10,irradiance_first,single_imputation,4,13,24,0.08720361219034857,0.75,24
reserve10,irradiance_first,single_imputation,4,14,25,0.08330566983824714,0.84,25
reserve10,irradiance_first,single_imputation,4,15,27,0.07878198861008875,0.7777777777777778,27
reserve10,irradiance_first,single_imputation,4,16,27,0.06376169210809587,0.7777777777777778,27
reserve10,irradiance_first,single_imputation,4,17,23,0.07321499438891127,0.8260869565217391,23
reserve10,irradiance_first,single_imputation,4,18,23,0.07692391959499556,0.8260869565217391,23
reserve10,irradiance_first,single_imputation,4,19,25,0.07406919826288891,0.8,25
reserve10,irradiance_first,single_imputation,4,20,25,0.05169429875482809,0.92,25
reserve10,irradiance_first,single_imputation,4,21,22,0.047056709174508056,0.9090909090909091,22
reserve10,irradiance_first,single_imputation,4,22,22,0.10891776249196679,0.5909090909090909,22
reserve10,irradiance_first,single_imputation,4,23,20,0.11320694623139112,0.7,20
reserve10,pv_first,aci_bounded,1,0,22,0.031774071172188174,0.9545454545454546,22
reserve10,pv_first,aci_bounded,1,1,22,0.035468988373286284,1.0,22
reserve10,pv_first,aci_bounded,1,2,20,0.03761282282148771,1.0,20
reserve10,pv_first,aci_bounded,1,3,17,0.03819220958953494,0.9411764705882353,17
reserve10,pv_first,aci_bounded,1,4,19,0.03592583981383765,0.9473684210526315,19
reserve10,pv_first,aci_bounded,1,5,20,0.044281068551880444,0.95,20
reserve10,pv_first,aci_bounded,1,6,23,0.04013963264714715,0.9130434782608695,23
reserve10,pv_first,aci_bounded,1,7,21,0.03538596016493092,0.9523809523809523,21
reserve10,pv_first,aci_bounded,1,8,23,0.03768475546991135,0.8695652173913043,23
reserve10,pv_first,aci_bounded,1,9,23,0.03836050324094768,0.8695652173913043,23
reserve10,pv_first,aci_bounded,1,10,23,0.034891327471506965,0.7391304347826086,23
reserve10,pv_first,aci_bounded,1,11,23,0.03830773362870493,0.8695652173913043,23
reserve10,pv_first,aci_bounded,1,12,24,0.030424409479832822,0.875,24
reserve10,pv_first,aci_bounded,1,13,21,0.040742194246493266,0.8095238095238095,21
reserve10,pv_first,aci_bounded,1,14,24,0.0280316785999272,0.9583333333333334,24
reserve10,pv_first,aci_bounded,1,15,25,0.0374894412369665,0.84,25
reserve10,pv_first,aci_bounded,1,16,24,0.04178446463326063,0.875,24
reserve10,pv_first,aci_bounded,1,17,25,0.04432305888993584,0.76,25
reserve10,pv_first,aci_bounded,1,18,27,0.02654041464992447,0.9259259259259259,27
reserve10,pv_first,aci_bounded,1,19,27,0.038869152138094734,0.8888888888888888,27
reserve10,pv_first,aci_bounded,1,20,23,0.04613640182481019,0.8695652173913043,23
reserve10,pv_first,aci_bounded,1,21,23,0.03955851919464566,0.9130434782608695,23
reserve10,pv_first,aci_bounded,1,22,25,0.03270986889110714,0.92,25
reserve10,pv_first,aci_bounded,1,23,25,0.025610802270398983,0.88,25
reserve10,pv_first,aci_bounded,2,0,22,0.04856854762023497,0.9545454545454546,22
reserve10,pv_first,aci_bounded,2,1,20,0.049529188343543494,1.0,20
reserve10,pv_first,aci_bounded,2,2,17,0.06241601071501771,1.0,17
reserve10,pv_first,aci_bounded,2,3,19,0.04843445432527605,0.9473684210526315,19
reserve10,pv_first,aci_bounded,2,4,20,0.05420307870191029,0.95,20
reserve10,pv_first,aci_bounded,2,5,23,0.055848785442779776,0.9130434782608695,23
reserve10,pv_first,aci_bounded,2,6,21,0.05352197549820731,0.9523809523809523,21
reserve10,pv_first,aci_bounded,2,7,23,0.05058095701149962,0.9565217391304348,23
reserve10,pv_first,aci_bounded,2,8,23,0.05005630664966425,0.9565217391304348,23
reserve10,pv_first,aci_bounded,2,9,23,0.04822756029892649,0.8260869565217391,23
reserve10,pv_first,aci_bounded,2,10,23,0.05526231519826685,0.782608695652174,23
reserve10,pv_first,aci_bounded,2,11,24,0.05153812577822128,0.875,24
reserve10,pv_first,aci_bounded,2,12,21,0.06364059876555468,0.8095238095238095,21
reserve10,pv_first,aci_bounded,2,13,24,0.05075646260714501,0.7916666666666666,24
reserve10,pv_first,aci_bounded,2,14,25,0.04990842415452455,0.92,25
reserve10,pv_first,aci_bounded,2,15,24,0.06208795259178929,0.7916666666666666,24
reserve10,pv_first,aci_bounded,2,16,25,0.05621935074607237,0.88,25
reserve10,pv_first,aci_bounded,2,17,27,0.04954439462203429,0.8518518518518519,27
reserve10,pv_first,aci_bounded,2,18,27,0.04284072684676529,0.8888888888888888,27
reserve10,pv_first,aci_bounded,2,19,23,0.06335789938577718,0.8695652173913043,23
reserve10,pv_first,aci_bounded,2,20,23,0.06621274425051972,0.782608695652174,23
reserve10,pv_first,aci_bounded,2,21,25,0.041443298950133795,0.84,25
reserve10,pv_first,aci_bounded,2,22,25,0.03401115720316974,0.96,25
reserve10,pv_first,aci_bounded,2,23,22,0.03587079444033983,0.9545454545454546,22
reserve10,pv_first,aci_bounded,3,0,20,0.05316648242668909,1.0,20
reserve10,pv_first,aci_bounded,3,1,17,0.06711213614427504,1.0,17
reserve10,pv_first,aci_bounded,3,2,19,0.059966279777317825,0.9473684210526315,19
reserve10,pv_first,aci_bounded,3,3,20,0.05682319039304984,1.0,20
reserve10,pv_first,aci_bounded,3,4,23,0.05865237532877875,0.9130434782608695,23
reserve10,pv_first,aci_bounded,3,5,21,0.06774152065373377,0.9047619047619048,21
reserve10,pv_first,aci_bounded,3,6,23,0.054759223318713475,0.8695652173913043,23
reserve10,pv_first,aci_bounded,3,7,23,0.05306205420175841,0.9130434782608695,23
reserve10,pv_first,aci_bounded,3,8,23,0.056251180325912996,0.8260869565217391,23
reserve10,pv_first,aci_bounded,3,9,23,0.06334652910427026,0.782608695652174,23
reserve10,pv_first,aci_bounded,3,10,24,0.0579706869280854,0.8333333333333334,24
reserve10,pv_first,aci_bounded,3,11,21,0.07282964982152393,0.8095238095238095,21
reserve10,pv_first,aci_bounded,3,12,24,0.05983022301569002,0.7916666666666666,24
reserve10,pv_first,aci_bounded,3,13,25,0.06149489098260373,0.8,25
reserve10,pv_first,aci_bounded,3,14,24,0.07142162498100989,0.8333333333333334,24
reserve10,pv_first,aci_bounded,3,15,25,0.0656148817926036,0.88,25
reserve10,pv_first,aci_bounded,3,16,27,0.05511112980654542,0.8518518518518519,27
reserve10,pv_first,aci_bounded,3,17,27,0.05284738276363608,0.8888888888888888,27
reserve10,pv_first,aci_bounded,3,18,23,0.060322734397841415,0.8695652173913043,23
reserve10,pv_first,aci_bounded,3,19,23,0.0714092386729321,0.8695652173913043,23
reserve10,pv_first,aci_bounded,3,20,25,0.053491882086220716,0.84,25
reserve10,pv_first,aci_bounded,3,21,25,0.04082391733005607,0.96,25
reserve10,pv_first,aci_bounded,3,22,22,0.04036541402845601,0.9545454545454546,22
reserve10,pv_first,aci_bounded,3,23,22,0.07648157630955317,0.8636363636363636,22
reserve10,pv_first,aci_bounded,4,0,17,0.07426876772737362,1.0,17
reserve10,pv_first,aci_bounded,4,1,19,0.06890919051318786,1.0,19
reserve10,pv_first,aci_bounded,4,2,20,0.061568505083292126,1.0,20
reserve10,pv_first,aci_bounded,4,3,23,0.056548167104414376,0.9565217391304348,23
reserve10,pv_first,aci_bounded,4,4,21,0.07002535613250717,0.8571428571428571,21
reserve10,pv_first,aci_bounded,4,5,23,0.06187988717649174,0.8695652173913043,23
reserve10,pv_first,aci_bounded,4,6,23,0.056207602209230025,0.9130434782608695,23
reserve10,pv_first,aci_bounded,4,7,23,0.05497225239648068,0.8695652173913043,23
reserve10,pv_first,aci_bounded,4,8,23,0.06510695639973589,0.8260869565217391,23
reserve10,pv_first,aci_bounded,4,9,24,0.05987606952853774,0.875,24
reserve10,pv_first,aci_bounded,4,10,21,0.08076984771531827,0.8095238095238095,21
reserve10,pv_first,aci_bounded,4,11,24,0.06404827640440168,0.875,24
reserve10,pv_first,aci_bounded,4,12,25,0.06818032995636082,0.8,25
reserve10,pv_first,aci_bounded,4,13,24,0.07832870754068276,0.7916666666666666,24
reserve10,pv_first,aci_bounded,4,14,25,0.06918307472654765,0.84,25
reserve10,pv_first,aci_bounded,4,15,27,0.05729909819948437,0.8888888888888888,27
reserve10,pv_first,aci_bounded,4,16,27,0.05340482450049948,0.8518518518518519,27
reserve10,pv_first,aci_bounded,4,17,23,0.062497716602264226,0.9130434782608695,23
reserve10,pv_first,aci_bounded,4,18,23,0.07173620562095465,0.8260869565217391,23
reserve10,pv_first,aci_bounded,4,19,25,0.0559043597039501,0.84,25
reserve10,pv_first,aci_bounded,4,20,25,0.046665535863406174,0.96,25
reserve10,pv_first,aci_bounded,4,21,22,0.04009536781973992,0.9545454545454546,22
reserve10,pv_first,aci_bounded,4,22,22,0.07960764272209371,0.8181818181818182,22
reserve10,pv_first,aci_bounded,4,23,20,0.0901968975449198,0.8,20
reserve10,pv_first,carry_forward,1,0,22,0.03824098163339415,0.9090909090909091,22
reserve10,pv_first,carry_forward,1,1,22,0.040433796702313826,0.9090909090909091,22
reserve10,pv_first,carry_forward,1,2,20,0.037675217186723606,0.95,20
reserve10,pv_first,carry_forward,1,3,17,0.037609233428739335,0.9411764705882353,17
reserve10,pv_first,carry_forward,1,4,19,0.03818189880737042,0.8421052631578947,19
reserve10,pv_first,carry_forward,1,5,20,0.0467067186174242,0.9,20
reserve10,pv_first,carry_forward,1,6,23,0.039954847349601065,0.782608695652174,23
reserve10,pv_first,carry_forward,1,7,21,0.03690091099726377,0.9047619047619048,21
reserve10,pv_first,carry_forward,1,8,23,0.03873685027469512,0.8260869565217391,23
reserve10,pv_first,carry_forward,1,9,23,0.04141557419278734,0.782608695652174,23
reserve10,pv_first,carry_forward,1,10,23,0.03989425666382083,0.6956521739130435,23
reserve10,pv_first,carry_forward,1,11,23,0.043076893790213,0.7391304347826086,23
reserve10,pv_first,carry_forward,1,12,24,0.03243778477835476,0.7916666666666666,24
reserve10,pv_first,carry_forward,1,13,21,0.043076150516488804,0.8095238095238095,21
reserve10,pv_first,carry_forward,1,14,24,0.03108514088434312,0.7916666666666666,24
reserve10,pv_first,carry_forward,1,15,25,0.04113859370433876,0.8,25
reserve10,pv_first,carry_forward,1,16,24,0.04373071867004746,0.8333333333333334,24
reserve10,pv_first,carry_forward,1,17,25,0.047506340675655415,0.84,25
reserve10,pv_first,carry_forward,1,18,27,0.030090818414854052,0.8888888888888888,27
reserve10,pv_first,carry_forward,1,19,27,0.039897340991436596,0.7037037037037037,27
reserve10,pv_first,carry_forward,1,20,23,0.045498179088140356,0.782608695652174,23
reserve10,pv_first,carry_forward,1,21,23,0.045271461675395155,0.782608695652174,23
reserve10,pv_first,carry_forward,1,22,25,0.04255532774219564,0.8,25
reserve10,pv_first,carry_forward,1,23,25,0.03328780733914155,0.92,25
reserve10,pv_first,carry_forward,2,0,22,0.05768880480968322,0.9090909090909091,22
reserve10,pv_first,carry_forward,2,1,20,0.04465024283678422,0.95,20
reserve10,pv_first,carry_forward,2,2,17,0.060870836294544886,0.9411764705882353,17
reserve10,pv_first,carry_forward,2,3,19,0.04772786282854671,0.8947368421052632,19
reserve10,pv_first,carry_forward,2,4,20,0.05550245554071563,0.85,20
reserve10,pv_first,carry_forward,2,5,23,0.059920233703854964,0.9130434782608695,23
reserve10,pv_first,carry_forward,2,6,21,0.05603340019927462,0.9047619047619048,21
reserve10,pv_first,carry_forward,2,7,23,0.05113914925421455,0.6956521739130435,23
reserve10,pv_first,carry_forward,2,8,23,0.054036009941955586,0.8695652173913043,23
reserve10,pv_first,carry_forward,2,9,23,0.050495199368242656,0.7391304347826086,23
reserve10,pv_first,carry_forward,2,10,23,0.05900039014247985,0.7391304347826086,23
reserve10,pv_first,carry_forward,2,11,24,0.05325076708879966,0.8333333333333334,24
reserve10,pv_first,carry_forward,2,12,21,0.06603297654996167,0.7142857142857143,21
reserve10,pv_first,carry_forward,2,13,24,0.05204573958686253,0.75,24
reserve10,pv_first,carry_forward,2,14,25,0.05067979588713954,0.76,25
reserve10,pv_first,carry_forward,2,15,24,0.06467274686679077,0.7916666666666666,24
reserve10,pv_first,carry_forward,2,16,25,0.059277164123230586,0.88,25
reserve10,pv_first,carry_forward,2,17,27,0.050299698064634496,0.8148148148148148,27
reserve10,pv_first,carry_forward,2,18,27,0.04330136832898651,0.8148148148148148,27
reserve10,pv_first,carry_forward,2,19,23,0.06321500024194118,0.7391304347826086,23
reserve10,pv_first,carry_forward,2,20,23,0.06583555171152801,0.782608695652174,23
reserve10,pv_first,carry_forward,2,21,25,0.04598417817857183,0.8,25
reserve10,pv_first,carry_forward,2,22,25,0.036629373911662114,0.96,25
reserve10,pv_first,carry_forward,2,23,22,0.031167318292149113,0.9090909090909091,22
reserve10,pv_first,carry_forward,3,0,20,0.06439921723523787,1.0,20
reserve10,pv_first,carry_forward,3,1,17,0.06540619080629154,1.0,17
reserve10,pv_first,carry_forward,3,2,19,0.054539163536205686,0.8421052631578947,19
reserve10,pv_first,carry_forward,3,3,20,0.06054845419253126,0.75,20
reserve10,pv_first,carry_forward,3,4,23,0.05997107929133981,0.8695652173913043,23
reserve10,pv_first,carry_forward,3,5,21,0.06902973956749445,0.9047619047619048,21
reserve10,pv_first,carry_forward,3,6,23,0.05605802578755941,0.782608695652174,23
reserve10,pv_first,carry_forward,3,7,23,0.05541674687380777,0.6956521739130435,23
reserve10,pv_first,carry_forward,3,8,23,0.058192911154607264,0.6956521739130435,23
reserve10,pv_first,carry_forward,3,9,23,0.06464974584683515,0.782608695652174,23
reserve10,pv_first,carry_forward,3,10,24,0.06189633870281103,0.75,24
reserve10,pv_first,carry_forward,3,11,21,0.07509731144455431,0.7142857142857143,21
reserve10,pv_first,carry_forward,3,12,24,0.06125512447990946,0.7083333333333334,24
reserve10,pv_first,carry_forward,3,13,25,0.06521475190525834,0.72,25
reserve10,pv_first,carry_forward,3,14,24,0.07571335341611635,0.7083333333333334,24
reserve10,pv_first,carry_forward,3,15,25,0.06755093207402382,0.8,25
reserve10,pv_first,carry_forward,3,16,27,0.0551032331509791,0.8518518518518519,27
reserve10,pv_first,carry_forward,3,17,27,0.055506941452282056,0.7777777777777778,27
reserve10,pv_first,carry_forward,3,18,23,0.05995706353254252,0.8260869565217391,23
reserve10,pv_first,carry_forward,3,19,23,0.07195336335253445,0.6956521739130435,23
reserve10,pv_first,carry_forward,3,20,25,0.052729690285253844,0.68,25
reserve10,pv_first,carry_forward,3,21,25,0.04126775866597552,0.88,25
reserve10,pv_first,carry_forward,3,22,22,0.0400951082714533,0.8636363636363636,22
reserve10,pv_first,carry_forward,3,23,22,0.07465128101357364,0.8181818181818182,22
reserve10,pv_first,carry_forward,4,0,17,0.09412637445585002,0.9411764705882353,17
reserve10,pv_first,carry_forward,4,1,19,0.06023464412397459,0.8947368421052632,19
reserve10,pv_first,carry_forward,4,2,20,0.06612753902093046,0.85,20
reserve10,pv_first,carry_forward,4,3,23,0.0648948671773046,0.8695652173913043,23
reserve10,pv_first,carry_forward,4,4,21,0.06968841185787913,0.9047619047619048,21
reserve10,pv_first,carry_forward,4,5,23,0.06269776073856188,0.782608695652174,23
reserve10,pv_first,carry_forward,4,6,23,0.05884022315757375,0.782608695652174,23
reserve10,pv_first,carry_forward,4,7,23,0.059063917342373456,0.6956521739130435,23
reserve10,pv_first,carry_forward,4,8,23,0.06541520356558927,0.6956521739130435,23
reserve10,pv_first,carry_forward,4,9,24,0.061485206545391156,0.7916666666666666,24
reserve10,pv_first,carry_forward,4,10,21,0.08076452162808548,0.7619047619047619,21
reserve10,pv_first,carry_forward,4,11,24,0.06609516345186052,0.6666666666666666,24
reserve10,pv_first,carry_forward,4,12,25,0.06897187857330221,0.72,25
reserve10,pv_first,carry_forward,4,13,24,0.07771905793690968,0.7083333333333334,24
reserve10,pv_first,carry_forward,4,14,25,0.07165575921183218,0.8,25
reserve10,pv_first,carry_forward,4,15,27,0.05838036144291769,0.8148148148148148,27
reserve10,pv_first,carry_forward,4,16,27,0.05499694387115938,0.8518518518518519,27
reserve10,pv_first,carry_forward,4,17,23,0.061571717319532523,0.8260869565217391,23
reserve10,pv_first,carry_forward,4,18,23,0.07172976955735734,0.7391304347826086,23
reserve10,pv_first,carry_forward,4,19,25,0.05890183890543115,0.76,25
reserve10,pv_first,carry_forward,4,20,25,0.045472149305630864,0.8,25
reserve10,pv_first,carry_forward,4,21,22,0.040461904595745196,0.8636363636363636,22
reserve10,pv_first,carry_forward,4,22,22,0.07906173773659542,0.8181818181818182,22
reserve10,pv_first,carry_forward,4,23,20,0.0935547393681128,0.7,20
reserve10,pv_first,geometric_persistence,1,0,22,0.03654581873057155,1.0,22
reserve10,pv_first,geometric_persistence,1,1,22,0.047626477559625346,0.9090909090909091,22
reserve10,pv_first,geometric_persistence,1,2,20,0.055268211954565064,0.9,20
reserve10,pv_first,geometric_persistence,1,3,17,0.04769357231498129,1.0,17
reserve10,pv_first,geometric_persistence,1,4,19,0.04718973712789298,1.0,19
reserve10,pv_first,geometric_persistence,1,5,20,0.05590616987012688,0.95,20
reserve10,pv_first,geometric_persistence,1,6,23,0.05118925982941448,0.9565217391304348,23
reserve10,pv_first,geometric_persistence,1,7,21,0.03723889485504012,1.0,21
reserve10,pv_first,geometric_persistence,1,8,23,0.05122884956823939,0.9130434782608695,23
reserve10,pv_first,geometric_persistence,1,9,23,0.056968974159102494,0.8695652173913043,23
reserve10,pv_first,geometric_persistence,1,10,23,0.049574646042932734,0.9565217391304348,23
reserve10,pv_first,geometric_persistence,1,11,23,0.0357743986012076,1.0,23
reserve10,pv_first,geometric_persistence,1,12,24,0.04053104806069658,0.9583333333333334,24
reserve10,pv_first,geometric_persistence,1,13,21,0.051168242553234586,0.9523809523809523,21
reserve10,pv_first,geometric_persistence,1,14,24,0.043544157052672894,0.9583333333333334,24
reserve10,pv_first,geometric_persistence,1,15,25,0.03970903553049656,1.0,25
reserve10,pv_first,geometric_persistence,1,16,24,0.04782387079115987,0.9583333333333334,24
reserve10,pv_first,geometric_persistence,1,17,25,0.05669162768188211,0.92,25
reserve10,pv_first,geometric_persistence,1,18,27,0.04299515626599887,0.9259259259259259,27
reserve10,pv_first,geometric_persistence,1,19,27,0.04764160820102559,0.9259259259259259,27
reserve10,pv_first,geometric_persistence,1,20,23,0.0601623392707459,0.9130434782608695,23
reserve10,pv_first,geometric_persistence,1,21,23,0.046535072004820696,0.9565217391304348,23
reserve10,pv_first,geometric_persistence,1,22,25,0.04228662364245019,1.0,25
reserve10,pv_first,geometric_persistence,1,23,25,0.04293433021878431,0.92,25
reserve10,pv_first,geometric_persistence,2,0,22,0.07185751197152028,0.9090909090909091,22
reserve10,pv_first,geometric_persistence,2,1,20,0.06292915091274048,0.9,20
reserve10,pv_first,geometric_persistence,2,2,17,0.08960266071644965,0.9411764705882353,17
reserve10,pv_first,geometric_persistence,2,3,19,0.07486292771625559,0.9473684210526315,19
reserve10,pv_first,geometric_persistence,2,4,20,0.06031025388741144,1.0,20
reserve10,pv_first,geometric_persistence,2,5,23,0.08452307025821834,0.9565217391304348,23
reserve10,pv_first,geometric_persistence,2,6,21,0.07434783404217271,0.9523809523809523,21
reserve10,pv_first,geometric_persistence,2,7,23,0.059364498707301226,0.9565217391304348,23
reserve10,pv_first,geometric_persistence,2,8,23,0.07681408206195901,0.9130434782608695,23
reserve10,pv_first,geometric_persistence,2,9,23,0.08716742603900726,0.9565217391304348,23
reserve10,pv_first,geometric_persistence,2,10,23,0.06486160001476837,0.9565217391304348,23
reserve10,pv_first,geometric_persistence,2,11,24,0.05764270163109095,0.9583333333333334,24
reserve10,pv_first,geometric_persistence,2,12,21,0.08764738928871091,0.9523809523809523,21
reserve10,pv_first,geometric_persistence,2,13,24,0.07675455816846664,1.0,24
reserve10,pv_first,geometric_persistence,2,14,25,0.06962102381988278,0.96,25
reserve10,pv_first,geometric_persistence,2,15,24,0.07373752399438581,0.9583333333333334,24
reserve10,pv_first,geometric_persistence,2,16,25,0.08555925267341925,0.96,25
reserve10,pv_first,geometric_persistence,2,17,27,0.07746886409433197,0.8888888888888888,27
reserve10,pv_first,geometric_persistence,2,18,27,0.06946911607215517,0.8888888888888888,27
reserve10,pv_first,geometric_persistence,2,19,23,0.09463310341348806,0.8695652173913043,23
reserve10,pv_first,geometric_persistence,2,20,23,0.07325220872335128,1.0,23
reserve10,pv_first,geometric_persistence,2,21,25,0.05467610827520992,1.0,25
reserve10,pv_first,geometric_persistence,2,22,25,0.060807927067617486,0.92,25
reserve10,pv_first,geometric_persistence,2,23,22,0.07291559234933302,0.9545454545454546,22
reserve10,pv_first,geometric_persistence,3,0,20,0.09079985366077682,0.9,20
reserve10,pv_first,geometric_persistence,3,1,17,0.10930446270718915,0.9411764705882353,17
reserve10,pv_first,geometric_persistence,3,2,19,0.09714679018290934,0.9473684210526315,19
reserve10,pv_first,geometric_persistence,3,3,20,0.08029929721901838,1.0,20
reserve10,pv_first,geometric_persistence,3,4,23,0.08858808018910154,1.0,23
reserve10,pv_first,geometric_persistence,3,5,21,0.11146161906201854,0.9047619047619048,21
reserve10,pv_first,geometric_persistence,3,6,23,0.0854929551953653,0.8695652173913043,23
reserve10,pv_first,geometric_persistence,3,7,23,0.08765558402453964,1.0,23
reserve10,pv_first,geometric_persistence,3,8,23,0.10216353605640503,1.0,23
reserve10,pv_first,geometric_persistence,3,9,23,0.09899876749864164,0.9565217391304348,23
reserve10,pv_first,geometric_persistence,3,10,24,0.08270825285574933,0.9166666666666666,24
reserve10,pv_first,geometric_persistence,3,11,21,0.1037509310226787,0.9047619047619048,21
reserve10,pv_first,geometric_persistence,3,12,24,0.1125005257089821,0.875,24
reserve10,pv_first,geometric_persistence,3,13,25,0.09914219422869466,0.96,25
reserve10,pv_first,geometric_persistence,3,14,24,0.10568539520169151,0.9166666666666666,24
reserve10,pv_first,geometric_persistence,3,15,25,0.10232815612694257,0.96,25
reserve10,pv_first,geometric_persistence,3,16,27,0.10715909512984485,0.8518518518518519,27
reserve10,pv_first,geometric_persistence,3,17,27,0.09018545881377778,0.9259259259259259,27
reserve10,pv_first,geometric_persistence,3,18,23,0.10617293506615866,0.8695652173913043,23
reserve10,pv_first,geometric_persistence,3,19,23,0.09919219617639144,0.9565217391304348,23
reserve10,pv_first,geometric_persistence,3,20,25,0.07598979869311949,1.0,25
reserve10,pv_first,geometric_persistence,3,21,25,0.06807896085711737,0.92,25
reserve10,pv_first,geometric_persistence,3,22,22,0.0872208020079658,0.9545454545454546,22
reserve10,pv_first,geometric_persistence,3,23,22,0.11131609885084942,0.8636363636363636,22
reserve10,pv_first,geometric_persistence,4,0,17,0.1392386483458795,0.8823529411764706,17
reserve10,pv_first,geometric_persistence,4,1,19,0.1107238532126175,0.9473684210526315,19
reserve10,pv_first,geometric_persistence,4,2,20,0.09829520975997694,1.0,20
reserve10,pv_first,geometric_persistence,4,3,23,0.1024994940537304,0.9565217391304348,23
reserve10,pv_first,geometric_persistence,4,4,21,0.10957788619930313,0.9523809523809523,21
reserve10,pv_first,geometric_persistence,4,5,23,0.11258376430054076,0.9130434782608695,23
reserve10,pv_first,geometric_persistence,4,6,23,0.11343465655278331,0.9565217391304348,23
reserve10,pv_first,geometric_persistence,4,7,23,0.11022592771958953,0.9565217391304348,23
reserve10,pv_first,geometric_persistence,4,8,23,0.11117635134338538,1.0,23
reserve10,pv_first,geometric_persistence,4,9,24,0.10566784946273967,0.875,24
reserve10,pv_first,geometric_persistence,4,10,21,0.1296049076155294,0.9047619047619048,21
reserve10,pv_first,geometric_persistence,4,11,24,0.12307961566493952,0.9166666666666666,24
reserve10,pv_first,geometric_persistence,4,12,25,0.12636662022794154,0.92,25
reserve10,pv_first,geometric_persistence,4,13,24,0.12807819260159345,0.9583333333333334,24
reserve10,pv_first,geometric_persistence,4,14,25,0.12858946362726875,0.88,25
reserve10,pv_first,geometric_persistence,4,15,27,0.1215978978178211,0.8518518518518519,27
reserve10,pv_first,geometric_persistence,4,16,27,0.11371874830645251,0.8518518518518519,27
reserve10,pv_first,geometric_persistence,4,17,23,0.12644911682130336,0.9130434782608695,23
reserve10,pv_first,geometric_persistence,4,18,23,0.11209148177407222,0.9130434782608695,23
reserve10,pv_first,geometric_persistence,4,19,25,0.09668529118849573,0.96,25
reserve10,pv_first,geometric_persistence,4,20,25,0.08027486692283298,0.92,25
reserve10,pv_first,geometric_persistence,4,21,22,0.08854481090679721,0.9545454545454546,22
reserve10,pv_first,geometric_persistence,4,22,22,0.12523898477187054,0.8181818181818182,22
reserve10,pv_first,geometric_persistence,4,23,20,0.13435064351957268,0.85,20
reserve10,pv_first,mask50,1,0,22,0.0317156621718013,0.9545454545454546,22
reserve10,pv_first,mask50,1,1,22,0.035370097146243534,1.0,22
reserve10,pv_first,mask50,1,2,20,0.03757860816074059,1.0,20
reserve10,pv_first,mask50,1,3,17,0.038193935955530944,0.9411764705882353,17
reserve10,pv_first,mask50,1,4,19,0.036068576834905254,0.9473684210526315,19
reserve10,pv_first,mask50,1,5,20,0.044366467449994854,0.95,20
reserve10,pv_first,mask50,1,6,23,0.040221796015280226,0.9130434782608695,23
reserve10,pv_first,mask50,1,7,21,0.03543627981625072,0.9523809523809523,21
reserve10,pv_first,mask50,1,8,23,0.03756711286322623,0.8695652173913043,23
reserve10,pv_first,mask50,1,9,23,0.03834234311202082,0.8695652173913043,23
reserve10,pv_first,mask50,1,10,23,0.03479985198288902,0.7391304347826086,23
reserve10,pv_first,mask50,1,11,23,0.03833321304734869,0.8695652173913043,23
reserve10,pv_first,mask50,1,12,24,0.030486055442596912,0.875,24
reserve10,pv_first,mask50,1,13,21,0.040772702235788896,0.8095238095238095,21
reserve10,pv_first,mask50,1,14,24,0.027917019264644318,1.0,24
reserve10,pv_first,mask50,1,15,25,0.0372233716395968,0.88,25
reserve10,pv_first,mask50,1,16,24,0.041844774012726405,0.875,24
reserve10,pv_first,mask50,1,17,25,0.04431830797237935,0.84,25
reserve10,pv_first,mask50,1,18,27,0.02669065131271322,0.9259259259259259,27
reserve10,pv_first,mask50,1,19,27,0.03881784839358166,0.8888888888888888,27
reserve10,pv_first,mask50,1,20,23,0.045870432668916765,0.8695652173913043,23
reserve10,pv_first,mask50,1,21,23,0.03974257870440336,0.9130434782608695,23
reserve10,pv_first,mask50,1,22,25,0.03278693037060066,0.92,25
reserve10,pv_first,mask50,1,23,25,0.025607342518399002,0.88,25
reserve10,pv_first,mask50,2,0,22,0.04845869986528903,0.9545454545454546,22
reserve10,pv_first,mask50,2,1,20,0.049593055333428074,1.0,20
reserve10,pv_first,mask50,2,2,17,0.06234615873390831,1.0,17
reserve10,pv_first,mask50,2,3,19,0.04853589570699207,0.9473684210526315,19
reserve10,pv_first,mask50,2,4,20,0.05402682874576272,0.95,20
reserve10,pv_first,mask50,2,5,23,0.056064502087788355,0.9130434782608695,23
reserve10,pv_first,mask50,2,6,21,0.053727843287557336,0.9523809523809523,21
reserve10,pv_first,mask50,2,7,23,0.05067615651166775,0.9565217391304348,23
reserve10,pv_first,mask50,2,8,23,0.05002517819032288,0.9565217391304348,23
reserve10,pv_first,mask50,2,9,23,0.04798238185535363,0.8695652173913043,23
reserve10,pv_first,mask50,2,10,23,0.05496904618365542,0.782608695652174,23
reserve10,pv_first,mask50,2,11,24,0.05153542112490902,0.875,24
reserve10,pv_first,mask50,2,12,21,0.06366885200949456,0.8571428571428571,21
reserve10,pv_first,mask50,2,13,24,0.05060004935974443,0.7916666666666666,24
reserve10,pv_first,mask50,2,14,25,0.04970074361029208,0.92,25
reserve10,pv_first,mask50,2,15,24,0.06203793623027801,0.7916666666666666,24
reserve10,pv_first,mask50,2,16,25,0.056206490353456484,0.92,25
reserve10,pv_first,mask50,2,17,27,0.0494235580673577,0.9259259259259259,27
reserve10,pv_first,mask50,2,18,27,0.04294478727567342,0.9259259259259259,27
reserve10,pv_first,mask50,2,19,23,0.06304326714831592,0.8695652173913043,23
reserve10,pv_first,mask50,2,20,23,0.06602647103402547,0.8260869565217391,23
reserve10,pv_first,mask50,2,21,25,0.041611266656905954,0.84,25
reserve10,pv_first,mask50,2,22,25,0.03411475567351383,0.96,25
reserve10,pv_first,mask50,2,23,22,0.03616244872967938,0.9545454545454546,22
reserve10,pv_first,mask50,3,0,20,0.05304483138481929,1.0,20
reserve10,pv_first,mask50,3,1,17,0.06706086357260305,1.0,17
reserve10,pv_first,mask50,3,2,19,0.059908231935438996,0.9473684210526315,19
reserve10,pv_first,mask50,3,3,20,0.056949402532578595,0.95,20
reserve10,pv_first,mask50,3,4,23,0.05880830266702309,0.9130434782608695,23
reserve10,pv_first,mask50,3,5,21,0.06815110473912214,0.9047619047619048,21
reserve10,pv_first,mask50,3,6,23,0.054832256755787706,0.8695652173913043,23
reserve10,pv_first,mask50,3,7,23,0.05331830836931107,0.9130434782608695,23
reserve10,pv_first,mask50,3,8,23,0.05623740919053974,0.8260869565217391,23
reserve10,pv_first,mask50,3,9,23,0.06319540203846268,0.8260869565217391,23
reserve10,pv_first,mask50,3,10,24,0.05806280811948819,0.8333333333333334,24
reserve10,pv_first,mask50,3,11,21,0.07285947078926129,0.8095238095238095,21
reserve10,pv_first,mask50,3,12,24,0.05983157644357632,0.8333333333333334,24
reserve10,pv_first,mask50,3,13,25,0.06125961630004207,0.8,25
reserve10,pv_first,mask50,3,14,24,0.07117475599869162,0.8333333333333334,24
reserve10,pv_first,mask50,3,15,25,0.06551737178620401,0.88,25
reserve10,pv_first,mask50,3,16,27,0.055176136042084406,0.8518518518518519,27
reserve10,pv_first,mask50,3,17,27,0.05298703458454317,0.8518518518518519,27
reserve10,pv_first,mask50,3,18,23,0.06006777943201231,0.8695652173913043,23
reserve10,pv_first,mask50,3,19,23,0.07156355208687422,0.8695652173913043,23
reserve10,pv_first,mask50,3,20,25,0.0535555385223319,0.84,25
reserve10,pv_first,mask50,3,21,25,0.040980961118135165,0.96,25
reserve10,pv_first,mask50,3,22,22,0.04041290842918849,0.9545454545454546,22
reserve10,pv_first,mask50,3,23,22,0.07648833121978392,0.8636363636363636,22
reserve10,pv_first,mask50,4,0,17,0.07410619937437378,1.0,17
reserve10,pv_first,mask50,4,1,19,0.06888319671579597,1.0,19
reserve10,pv_first,mask50,4,2,20,0.06149755634976613,1.0,20
reserve10,pv_first,mask50,4,3,23,0.056678383376829844,0.9565217391304348,23
reserve10,pv_first,mask50,4,4,21,0.07023468955229273,0.8571428571428571,21
reserve10,pv_first,mask50,4,5,23,0.061947868508956755,0.8695652173913043,23
reserve10,pv_first,mask50,4,6,23,0.056183874559618034,0.9130434782608695,23
reserve10,pv_first,mask50,4,7,23,0.05517449428424228,0.8260869565217391,23
reserve10,pv_first,mask50,4,8,23,0.06515789075455701,0.8260869565217391,23
reserve10,pv_first,mask50,4,9,24,0.059998378061825286,0.8333333333333334,24
reserve10,pv_first,mask50,4,10,21,0.08101150312246365,0.8095238095238095,21
reserve10,pv_first,mask50,4,11,24,0.06398551548225084,0.8333333333333334,24
reserve10,pv_first,mask50,4,12,25,0.06816954401572614,0.8,25
reserve10,pv_first,mask50,4,13,24,0.07833305080460078,0.7916666666666666,24
reserve10,pv_first,mask50,4,14,25,0.06907330139133167,0.88,25
reserve10,pv_first,mask50,4,15,27,0.05719047987991439,0.8518518518518519,27
reserve10,pv_first,mask50,4,16,27,0.053398038353338444,0.8518518518518519,27
reserve10,pv_first,mask50,4,17,23,0.06256314644447632,0.9130434782608695,23
reserve10,pv_first,mask50,4,18,23,0.07156982159706449,0.8260869565217391,23
reserve10,pv_first,mask50,4,19,25,0.05604421816374943,0.84,25
reserve10,pv_first,mask50,4,20,25,0.04659824945419148,0.96,25
reserve10,pv_first,mask50,4,21,22,0.040147216937236406,0.9545454545454546,22
reserve10,pv_first,mask50,4,22,22,0.0795118849743117,0.8181818181818182,22
reserve10,pv_first,mask50,4,23,20,0.090094662182806,0.8,20
reserve10,pv_first,mi_recency,1,0,22,0.0300881198465805,1.0,22
reserve10,pv_first,mi_recency,1,1,22,0.04104518678395816,0.8636363636363636,22
reserve10,pv_first,mi_recency,1,2,20,0.04637907742837051,0.85,20
reserve10,pv_first,mi_recency,1,3,17,0.038936744074174016,0.9411764705882353,17
reserve10,pv_first,mi_recency,1,4,19,0.038016598009630066,0.9473684210526315,19
reserve10,pv_first,mi_recency,1,5,20,0.052242755100937156,0.9,20
reserve10,pv_first,mi_recency,1,6,23,0.04008401736958503,0.8260869565217391,23
reserve10,pv_first,mi_recency,1,7,21,0.04134570409268579,0.8571428571428571,21
reserve10,pv_first,mi_recency,1,8,23,0.045237428363140444,0.9565217391304348,23
reserve10,pv_first,mi_recency,1,9,23,0.0456793777013652,0.8695652173913043,23
reserve10,pv_first,mi_recency,1,10,23,0.03387292782281994,0.9565217391304348,23
reserve10,pv_first,mi_recency,1,11,23,0.04174085546859239,0.9565217391304348,23
reserve10,pv_first,mi_recency,1,12,24,0.03096738430123944,0.9583333333333334,24
reserve10,pv_first,mi_recency,1,13,21,0.04548989557761064,0.9047619047619048,21
reserve10,pv_first,mi_recency,1,14,24,0.03073075138611972,0.9583333333333334,24
reserve10,pv_first,mi_recency,1,15,25,0.04033277157888365,0.92,25
reserve10,pv_first,mi_recency,1,16,24,0.046206909544554454,0.9583333333333334,24
reserve10,pv_first,mi_recency,1,17,25,0.049247571721248724,0.84,25
reserve10,pv_first,mi_recency,1,18,27,0.03210972868374611,0.9259259259259259,27
reserve10,pv_first,mi_recency,1,19,27,0.04370762353386621,0.9259259259259259,27
reserve10,pv_first,mi_recency,1,20,23,0.057122655140468825,0.8695652173913043,23
reserve10,pv_first,mi_recency,1,21,23,0.049273454599030125,0.8695652173913043,23
reserve10,pv_first,mi_recency,1,22,25,0.03787011908637227,0.96,25
reserve10,pv_first,mi_recency,1,23,25,0.03303105315664367,0.96,25
reserve10,pv_first,mi_recency,2,0,22,0.04818848709880635,0.9545454545454546,22
reserve10,pv_first,mi_recency,2,1,20,0.04209985122666674,1.0,20
reserve10,pv_first,mi_recency,2,2,17,0.06770435643662759,0.7647058823529411,17
reserve10,pv_first,mi_recency,2,3,19,0.05760587221065571,0.8947368421052632,19
reserve10,pv_first,mi_recency,2,4,20,0.06415311328618127,0.85,20
reserve10,pv_first,mi_recency,2,5,23,0.06433163009904282,0.8695652173913043,23
reserve10,pv_first,mi_recency,2,6,21,0.05800748417762834,0.8571428571428571,21
reserve10,pv_first,mi_recency,2,7,23,0.06071841249992089,0.8260869565217391,23
reserve10,pv_first,mi_recency,2,8,23,0.05920612515478697,0.8695652173913043,23
reserve10,pv_first,mi_recency,2,9,23,0.05572154533996932,0.8260869565217391,23
reserve10,pv_first,mi_recency,2,10,23,0.058695392149004835,0.8695652173913043,23
reserve10,pv_first,mi_recency,2,11,24,0.05473752393427062,0.9166666666666666,24
reserve10,pv_first,mi_recency,2,12,21,0.0679567262489338,0.8571428571428571,21
reserve10,pv_first,mi_recency,2,13,24,0.04471932374814195,1.0,24
reserve10,pv_first,mi_recency,2,14,25,0.054367018879100094,0.96,25
reserve10,pv_first,mi_recency,2,15,24,0.07195732434814166,0.875,24
reserve10,pv_first,mi_recency,2,16,25,0.06357319681430734,0.92,25
reserve10,pv_first,mi_recency,2,17,27,0.057075333257633434,0.9259259259259259,27
reserve10,pv_first,mi_recency,2,18,27,0.0464777944257889,0.9259259259259259,27
reserve10,pv_first,mi_recency,2,19,23,0.07881416118470871,0.8695652173913043,23
reserve10,pv_first,mi_recency,2,20,23,0.07376272157259983,0.8695652173913043,23
reserve10,pv_first,mi_recency,2,21,25,0.04301059209557497,0.96,25
reserve10,pv_first,mi_recency,2,22,25,0.045137153555948745,0.92,25
reserve10,pv_first,mi_recency,2,23,22,0.04849756981280285,0.9545454545454546,22
reserve10,pv_first,mi_recency,3,0,20,0.051312679885128706,1.0,20
reserve10,pv_first,mi_recency,3,1,17,0.06377816665040065,0.8235294117647058,17
reserve10,pv_first,mi_recency,3,2,19,0.06771635867025148,0.8947368421052632,19
reserve10,pv_first,mi_recency,3,3,20,0.06246264273002221,0.95,20
reserve10,pv_first,mi_recency,3,4,23,0.06898845676528323,0.8695652173913043,23
reserve10,pv_first,mi_recency,3,5,21,0.07709305835616209,0.8571428571428571,21
reserve10,pv_first,mi_recency,3,6,23,0.06304916869020906,0.9565217391304348,23
reserve10,pv_first,mi_recency,3,7,23,0.05530345786806653,0.9565217391304348,23
reserve10,pv_first,mi_recency,3,8,23,0.05624468604189979,0.8695652173913043,23
reserve10,pv_first,mi_recency,3,9,23,0.06947539207706274,0.9130434782608695,23
reserve10,pv_first,mi_recency,3,10,24,0.06677984601163788,0.875,24
reserve10,pv_first,mi_recency,3,11,21,0.08034763143405932,0.8571428571428571,21
reserve10,pv_first,mi_recency,3,12,24,0.060716782245556905,0.875,24
reserve10,pv_first,mi_recency,3,13,25,0.062027763755547506,0.92,25
reserve10,pv_first,mi_recency,3,14,24,0.07446445294492808,0.9166666666666666,24
reserve10,pv_first,mi_recency,3,15,25,0.07403840764219838,0.92,25
reserve10,pv_first,mi_recency,3,16,27,0.07327480035745057,0.8518518518518519,27
reserve10,pv_first,mi_recency,3,17,27,0.05676248892352213,0.8888888888888888,27
reserve10,pv_first,mi_recency,3,18,23,0.07118451089981714,0.9130434782608695,23
reserve10,pv_first,mi_recency,3,19,23,0.08252242854477622,0.8260869565217391,23
reserve10,pv_first,mi_recency,3,20,25,0.05752146919610577,0.96,25
reserve10,pv_first,mi_recency,3,21,25,0.04705499377771151,0.96,25
reserve10,pv_first,mi_recency,3,22,22,0.04800646549527528,0.9545454545454546,22
reserve10,pv_first,mi_recency,3,23,22,0.0977196108244239,0.7727272727272727,22
reserve10,pv_first,mi_recency,4,0,17,0.07489651487994768,0.8823529411764706,17
reserve10,pv_first,mi_recency,4,1,19,0.06428060683516064,0.8947368421052632,19
reserve10,pv_first,mi_recency,4,2,20,0.064092420173094,0.95,20
reserve10,pv_first,mi_recency,4,3,23,0.0658519268574624,0.8695652173913043,23
reserve10,pv_first,mi_recency,4,4,21,0.07962166834208147,0.8571428571428571,21
reserve10,pv_first,mi_recency,4,5,23,0.07375652034762395,0.8695652173913043,23
reserve10,pv_first,mi_recency,4,6,23,0.05792060666850686,0.9565217391304348,23
reserve10,pv_first,mi_recency,4,7,23,0.05639304018884362,1.0,23
reserve10,pv_first,mi_recency,4,8,23,0.08304288157308534,0.9130434782608695,23
reserve10,pv_first,mi_recency,4,9,24,0.07487007153312074,0.875,24
reserve10,pv_first,mi_recency,4,10,21,0.09293901713178356,0.8095238095238095,21
reserve10,pv_first,mi_recency,4,11,24,0.07270144622398082,0.8333333333333334,24
reserve10,pv_first,mi_recency,4,12,25,0.07423762948799405,0.84,25
reserve10,pv_first,mi_recency,4,13,24,0.0846704439052325,0.8333333333333334,24
reserve10,pv_first,mi_recency,4,14,25,0.08257533715809308,0.88,25
reserve10,pv_first,mi_recency,4,15,27,0.07519321685073585,0.8518518518518519,27
reserve10,pv_first,mi_recency,4,16,27,0.06189686803474978,0.9259259259259259,27
reserve10,pv_first,mi_recency,4,17,23,0.07057442872122896,0.9130434782608695,23
reserve10,pv_first,mi_recency,4,18,23,0.07365370551519218,0.8695652173913043,23
reserve10,pv_first,mi_recency,4,19,25,0.0693215718884058,0.88,25
reserve10,pv_first,mi_recency,4,20,25,0.05310117263202091,0.96,25
reserve10,pv_first,mi_recency,4,21,22,0.04786063017109417,1.0,22
reserve10,pv_first,mi_recency,4,22,22,0.10246268962822228,0.7727272727272727,22
reserve10,pv_first,mi_recency,4,23,20,0.1086719688256887,0.75,20
reserve10,pv_first,multiple_imputation,1,0,22,0.029618815185459592,0.9545454545454546,22
reserve10,pv_first,multiple_imputation,1,1,22,0.04132980733671867,0.8636363636363636,22
reserve10,pv_first,multiple_imputation,1,2,20,0.04634368115985277,0.85,20
reserve10,pv_first,multiple_imputation,1,3,17,0.03820123975304701,0.8235294117647058,17
reserve10,pv_first,multiple_imputation,1,4,19,0.03710198334410346,0.9473684210526315,19
reserve10,pv_first,multiple_imputation,1,5,20,0.05221171608135482,0.8,20
reserve10,pv_first,multiple_imputation,1,6,23,0.040476469534593,0.8260869565217391,23
reserve10,pv_first,multiple_imputation,1,7,21,0.04153823841251737,0.8571428571428571,21
reserve10,pv_first,multiple_imputation,1,8,23,0.04535548223942297,0.8695652173913043,23
reserve10,pv_first,multiple_imputation,1,9,23,0.04531351866165694,0.8695652173913043,23
reserve10,pv_first,multiple_imputation,1,10,23,0.03351564773450071,0.9130434782608695,23
reserve10,pv_first,multiple_imputation,1,11,23,0.04168324944088187,0.9565217391304348,23
reserve10,pv_first,multiple_imputation,1,12,24,0.03098732739634646,0.875,24
reserve10,pv_first,multiple_imputation,1,13,21,0.046864981317384584,0.8095238095238095,21
reserve10,pv_first,multiple_imputation,1,14,24,0.030360946480287195,0.9583333333333334,24
reserve10,pv_first,multiple_imputation,1,15,25,0.04016481536279416,0.88,25
reserve10,pv_first,multiple_imputation,1,16,24,0.046649178223698656,0.875,24
reserve10,pv_first,multiple_imputation,1,17,25,0.049904409334114073,0.8,25
reserve10,pv_first,multiple_imputation,1,18,27,0.03139008546082814,0.9259259259259259,27
reserve10,pv_first,multiple_imputation,1,19,27,0.04421900408013227,0.8518518518518519,27
reserve10,pv_first,multiple_imputation,1,20,23,0.05804979454058725,0.782608695652174,23
reserve10,pv_first,multiple_imputation,1,21,23,0.04863421804520311,0.8695652173913043,23
reserve10,pv_first,multiple_imputation,1,22,25,0.03781873923944552,0.96,25
reserve10,pv_first,multiple_imputation,1,23,25,0.03344802972363468,0.92,25
reserve10,pv_first,multiple_imputation,2,0,22,0.050141269676742865,0.8181818181818182,22
reserve10,pv_first,multiple_imputation,2,1,20,0.04107254994771785,0.9,20
reserve10,pv_first,multiple_imputation,2,2,17,0.06940464196662105,0.7647058823529411,17
reserve10,pv_first,multiple_imputation,2,3,19,0.05759866622778428,0.7894736842105263,19
reserve10,pv_first,multiple_imputation,2,4,20,0.06522859058892035,0.8,20
reserve10,pv_first,multiple_imputation,2,5,23,0.06527521045387388,0.8260869565217391,23
reserve10,pv_first,multiple_imputation,2,6,21,0.05930647929176335,0.7142857142857143,21
reserve10,pv_first,multiple_imputation,2,7,23,0.06334649183186879,0.782608695652174,23
reserve10,pv_first,multiple_imputation,2,8,23,0.060730111969580766,0.8260869565217391,23
reserve10,pv_first,multiple_imputation,2,9,23,0.05760166299662001,0.782608695652174,23
reserve10,pv_first,multiple_imputation,2,10,23,0.05991397475300414,0.782608695652174,23
reserve10,pv_first,multiple_imputation,2,11,24,0.05475459742399973,0.9166666666666666,24
reserve10,pv_first,multiple_imputation,2,12,21,0.07006793278863555,0.8095238095238095,21
reserve10,pv_first,multiple_imputation,2,13,24,0.04454047121222016,0.875,24
reserve10,pv_first,multiple_imputation,2,14,25,0.05486878700838856,0.84,25
reserve10,pv_first,multiple_imputation,2,15,24,0.07452850935996799,0.75,24
reserve10,pv_first,multiple_imputation,2,16,25,0.06223728130893487,0.88,25
reserve10,pv_first,multiple_imputation,2,17,27,0.05705091355067817,0.8518518518518519,27
reserve10,pv_first,multiple_imputation,2,18,27,0.04669678006603272,0.8518518518518519,27
reserve10,pv_first,multiple_imputation,2,19,23,0.08015124287621199,0.8695652173913043,23
reserve10,pv_first,multiple_imputation,2,20,23,0.075548652556634,0.7391304347826086,23
reserve10,pv_first,multiple_imputation,2,21,25,0.04234045462082633,0.92,25
reserve10,pv_first,multiple_imputation,2,22,25,0.04598016283629422,0.88,25
reserve10,pv_first,multiple_imputation,2,23,22,0.04734622276451516,0.9545454545454546,22
reserve10,pv_first,multiple_imputation,3,0,20,0.0514503672249332,0.85,20
reserve10,pv_first,multiple_imputation,3,1,17,0.0651809024257461,0.7647058823529411,17
reserve10,pv_first,multiple_imputation,3,2,19,0.06908935354897129,0.7368421052631579,19
reserve10,pv_first,multiple_imputation,3,3,20,0.0659149430351635,0.8,20
reserve10,pv_first,multiple_imputation,3,4,23,0.07018526567167103,0.8260869565217391,23
reserve10,pv_first,multiple_imputation,3,5,21,0.07843570119516426,0.8571428571428571,21
reserve10,pv_first,multiple_imputation,3,6,23,0.06436068780864977,0.8695652173913043,23
reserve10,pv_first,multiple_imputation,3,7,23,0.05590884782843344,0.8695652173913043,23
reserve10,pv_first,multiple_imputation,3,8,23,0.05897090226483397,0.782608695652174,23
reserve10,pv_first,multiple_imputation,3,9,23,0.07281290227676726,0.7391304347826086,23
reserve10,pv_first,multiple_imputation,3,10,24,0.06974198634471646,0.8333333333333334,24
reserve10,pv_first,multiple_imputation,3,11,21,0.08205068144146453,0.8095238095238095,21
reserve10,pv_first,multiple_imputation,3,12,24,0.061898403656686966,0.7916666666666666,24
reserve10,pv_first,multiple_imputation,3,13,25,0.0639769588694516,0.76,25
reserve10,pv_first,multiple_imputation,3,14,24,0.07613110303790338,0.7916666666666666,24
reserve10,pv_first,multiple_imputation,3,15,25,0.07605894416379998,0.76,25
reserve10,pv_first,multiple_imputation,3,16,27,0.0751965934477689,0.7777777777777778,27
reserve10,pv_first,multiple_imputation,3,17,27,0.057802307306766214,0.8148148148148148,27
reserve10,pv_first,multiple_imputation,3,18,23,0.07122274574734011,0.8695652173913043,23
reserve10,pv_first,multiple_imputation,3,19,23,0.08591908614045496,0.782608695652174,23
reserve10,pv_first,multiple_imputation,3,20,25,0.058899363165870036,0.84,25
reserve10,pv_first,multiple_imputation,3,21,25,0.04711720014082065,0.92,25
reserve10,pv_first,multiple_imputation,3,22,22,0.04763717056779516,0.9090909090909091,22
reserve10,pv_first,multiple_imputation,3,23,22,0.10492157237064646,0.5909090909090909,22
reserve10,pv_first,multiple_imputation,4,0,17,0.07969672488681263,0.7058823529411765,17
reserve10,pv_first,multiple_imputation,4,1,19,0.06651826210727316,0.7368421052631579,19
reserve10,pv_first,multiple_imputation,4,2,20,0.07012347383697486,0.75,20
reserve10,pv_first,multiple_imputation,4,3,23,0.06780694760756202,0.8695652173913043,23
reserve10,pv_first,multiple_imputation,4,4,21,0.08244911916506059,0.8095238095238095,21
reserve10,pv_first,multiple_imputation,4,5,23,0.07652385462736644,0.8260869565217391,23
reserve10,pv_first,multiple_imputation,4,6,23,0.05770027924465798,0.9130434782608695,23
reserve10,pv_first,multiple_imputation,4,7,23,0.05925113186452384,0.8260869565217391,23
reserve10,pv_first,multiple_imputation,4,8,23,0.08907491379019232,0.6521739130434783,23
reserve10,pv_first,multiple_imputation,4,9,24,0.0779024516662342,0.8333333333333334,24
reserve10,pv_first,multiple_imputation,4,10,21,0.09586113699961277,0.8095238095238095,21
reserve10,pv_first,multiple_imputation,4,11,24,0.07351945181707727,0.8333333333333334,24
reserve10,pv_first,multiple_imputation,4,12,25,0.0781241250909404,0.76,25
reserve10,pv_first,multiple_imputation,4,13,24,0.08720905350005846,0.75,24
reserve10,pv_first,multiple_imputation,4,14,25,0.08329340764342014,0.84,25
reserve10,pv_first,multiple_imputation,4,15,27,0.07888606158956589,0.7777777777777778,27
reserve10,pv_first,multiple_imputation,4,16,27,0.06385643248126908,0.7777777777777778,27
reserve10,pv_first,multiple_imputation,4,17,23,0.07321499438891126,0.8260869565217391,23
reserve10,pv_first,multiple_imputation,4,18,23,0.07692391959499556,0.8260869565217391,23
reserve10,pv_first,multiple_imputation,4,19,25,0.07407536454958166,0.8,25
reserve10,pv_first,multiple_imputation,4,20,25,0.05174193098493341,0.92,25
reserve10,pv_first,multiple_imputation,4,21,22,0.047105912701003956,0.9090909090909091,22
reserve10,pv_first,multiple_imputation,4,22,22,0.10892507129859669,0.5909090909090909,22
reserve10,pv_first,multiple_imputation,4,23,20,0.1132670117491921,0.7,20
reserve10,pv_first,persistence,1,0,22,0.06356772655037299,1.0,22
reserve10,pv_first,persistence,1,1,22,0.0712074788447936,0.9545454545454546,22
reserve10,pv_first,persistence,1,2,20,0.06663373009491921,0.95,20
reserve10,pv_first,persistence,1,3,17,0.0677762805160189,1.0,17
reserve10,pv_first,persistence,1,4,19,0.058792977395665504,0.9473684210526315,19
reserve10,pv_first,persistence,1,5,20,0.06285872854634353,1.0,20
reserve10,pv_first,persistence,1,6,23,0.07292638141526175,0.9130434782608695,23
reserve10,pv_first,persistence,1,7,21,0.05585332606039439,1.0,21
reserve10,pv_first,persistence,1,8,23,0.06944739845182638,0.9565217391304348,23
reserve10,pv_first,persistence,1,9,23,0.08077230918533718,0.8695652173913043,23
reserve10,pv_first,persistence,1,10,23,0.07050322555983807,0.9565217391304348,23
reserve10,pv_first,persistence,1,11,23,0.05337569284785381,1.0,23
reserve10,pv_first,persistence,1,12,24,0.053878118170041456,0.9583333333333334,24
reserve10,pv_first,persistence,1,13,21,0.0699883054089225,0.9523809523809523,21
reserve10,pv_first,persistence,1,14,24,0.06470168353170173,0.9583333333333334,24
reserve10,pv_first,persistence,1,15,25,0.06194420379889455,1.0,25
reserve10,pv_first,persistence,1,16,24,0.06907802229281816,0.9583333333333334,24
reserve10,pv_first,persistence,1,17,25,0.08054192497563775,0.92,25
reserve10,pv_first,persistence,1,18,27,0.06395326135723733,0.9259259259259259,27
reserve10,pv_first,persistence,1,19,27,0.06138140957900289,0.9629629629629629,27
reserve10,pv_first,persistence,1,20,23,0.0710652650382653,0.9565217391304348,23
reserve10,pv_first,persistence,1,21,23,0.059180783937860464,1.0,23
reserve10,pv_first,persistence,1,22,25,0.06704145027823127,0.96,25
reserve10,pv_first,persistence,1,23,25,0.0691596879940476,1.0,25
reserve10,pv_first,persistence,2,0,22,0.10099899028711058,0.9545454545454546,22
reserve10,pv_first,persistence,2,1,20,0.09607359535496386,0.95,20
reserve10,pv_first,persistence,2,2,17,0.11990538867040566,0.8823529411764706,17
reserve10,pv_first,persistence,2,3,19,0.09157017375604189,0.9473684210526315,19
reserve10,pv_first,persistence,2,4,20,0.08330555424016793,1.0,20
reserve10,pv_first,persistence,2,5,23,0.10545485294481106,1.0,23
reserve10,pv_first,persistence,2,6,21,0.11021421372995627,0.9047619047619048,21
reserve10,pv_first,persistence,2,7,23,0.09096919133117512,1.0,23
reserve10,pv_first,persistence,2,8,23,0.12388716444533791,0.9130434782608695,23
reserve10,pv_first,persistence,2,9,23,0.12682528693627995,0.9130434782608695,23
reserve10,pv_first,persistence,2,10,23,0.09942013031529597,0.8695652173913043,23
reserve10,pv_first,persistence,2,11,24,0.0817559748633034,0.9583333333333334,24
reserve10,pv_first,persistence,2,12,21,0.11878055868711025,0.9523809523809523,21
reserve10,pv_first,persistence,2,13,24,0.10622182401112529,0.9166666666666666,24
reserve10,pv_first,persistence,2,14,25,0.10139525698994473,1.0,25
reserve10,pv_first,persistence,2,15,24,0.10131528471695188,0.9583333333333334,24
reserve10,pv_first,persistence,2,16,25,0.12416258933046344,0.92,25
reserve10,pv_first,persistence,2,17,27,0.1176337904691043,0.8518518518518519,27
reserve10,pv_first,persistence,2,18,27,0.08600369255129597,0.9629629629629629,27
reserve10,pv_first,persistence,2,19,23,0.1145177859930494,0.9130434782608695,23
reserve10,pv_first,persistence,2,20,23,0.09863729034762274,0.9565217391304348,23
reserve10,pv_first,persistence,2,21,25,0.09039186445021258,1.0,25
reserve10,pv_first,persistence,2,22,25,0.1035183100633078,1.0,25
reserve10,pv_first,persistence,2,23,22,0.11457169584579853,0.9090909090909091,22
reserve10,pv_first,persistence,3,0,20,0.11561396134579613,1.0,20
reserve10,pv_first,persistence,3,1,17,0.15350425255589736,0.8823529411764706,17
reserve10,pv_first,persistence,3,2,19,0.12095092881232097,0.9473684210526315,19
reserve10,pv_first,persistence,3,3,20,0.11136550530824829,1.0,20
reserve10,pv_first,persistence,3,4,23,0.12201496122601485,0.9565217391304348,23
reserve10,pv_first,persistence,3,5,21,0.13415262133057984,0.9047619047619048,21
reserve10,pv_first,persistence,3,6,23,0.1268270137921704,0.9565217391304348,23
reserve10,pv_first,persistence,3,7,23,0.14448290297138422,0.9565217391304348,23
reserve10,pv_first,persistence,3,8,23,0.14950855879138475,0.9130434782608695,23
reserve10,pv_first,persistence,3,9,23,0.14611859236766583,0.8695652173913043,23
reserve10,pv_first,persistence,3,10,24,0.11239106152485473,0.875,24
reserve10,pv_first,persistence,3,11,21,0.13688822204489087,0.9047619047619048,21
reserve10,pv_first,persistence,3,12,24,0.13810541426638231,0.875,24
reserve10,pv_first,persistence,3,13,25,0.1326614686332058,0.92,25
reserve10,pv_first,persistence,3,14,24,0.1296060528741275,0.9583333333333334,24
reserve10,pv_first,persistence,3,15,25,0.13425141357874149,0.88,25
reserve10,pv_first,persistence,3,16,27,0.15390999026203075,0.8518518518518519,27
reserve10,pv_first,persistence,3,17,27,0.11554394023049729,0.9629629629629629,27
reserve10,pv_first,persistence,3,18,23,0.1306535504818286,0.8695652173913043,23
reserve10,pv_first,persistence,3,19,23,0.13110843564272312,0.9565217391304348,23
reserve10,pv_first,persistence,3,20,25,0.12165824225093537,1.0,25
reserve10,pv_first,persistence,3,21,25,0.1174207349080357,0.96,25
reserve10,pv_first,persistence,3,22,22,0.127354792794237,0.9090909090909091,22
reserve10,pv_first,persistence,3,23,22,0.14831598257679635,0.8636363636363636,22
reserve10,pv_first,persistence,4,0,17,0.1610902399296281,0.8823529411764706,17
reserve10,pv_first,persistence,4,1,19,0.1401220863981382,0.9473684210526315,19
reserve10,pv_first,persistence,4,2,20,0.13362807765263604,0.95,20
reserve10,pv_first,persistence,4,3,23,0.1392156129939598,0.9565217391304348,23
reserve10,pv_first,persistence,4,4,21,0.14344238071603194,0.9523809523809523,21
reserve10,pv_first,persistence,4,5,23,0.1437613369089674,0.9565217391304348,23
reserve10,pv_first,persistence,4,6,23,0.18252375202404056,0.8695652173913043,23
reserve10,pv_first,persistence,4,7,23,0.1580076109146933,0.9565217391304348,23
reserve10,pv_first,persistence,4,8,23,0.15722340273728647,0.9130434782608695,23
reserve10,pv_first,persistence,4,9,24,0.13530718439798575,0.875,24
reserve10,pv_first,persistence,4,10,21,0.1627637422219438,0.9047619047619048,21
reserve10,pv_first,persistence,4,11,24,0.14081812748901643,0.9166666666666666,24
reserve10,pv_first,persistence,4,12,25,0.1492360593426233,0.92,25
reserve10,pv_first,persistence,4,13,24,0.15054708028070082,0.9166666666666666,24
reserve10,pv_first,persistence,4,14,25,0.14637612232706207,0.88,25
reserve10,pv_first,persistence,4,15,27,0.15800837377326624,0.8518518518518519,27
reserve10,pv_first,persistence,4,16,27,0.13714293727706128,0.9259259259259259,27
reserve10,pv_first,persistence,4,17,23,0.16386822605712528,0.8260869565217391,23
reserve10,pv_first,persistence,4,18,23,0.13723325354665777,0.9130434782608695,23
reserve10,pv_first,persistence,4,19,25,0.15269059625410286,0.96,25
reserve10,pv_first,persistence,4,20,25,0.13298453419234693,1.0,25
reserve10,pv_first,persistence,4,21,22,0.1352346698414792,1.0,22
reserve10,pv_first,persistence,4,22,22,0.15324684076953365,0.9090909090909091,22
reserve10,pv_first,persistence,4,23,20,0.1697634821877923,0.8,20
reserve10,pv_first,physical,1,0,22,0.03192978193195161,0.9545454545454546,22
reserve10,pv_first,physical,1,1,22,0.035569502736115255,1.0,22
reserve10,pv_first,physical,1,2,20,0.03788433856366133,1.0,20
reserve10,pv_first,physical,1,3,17,0.03818849414918972,0.9411764705882353,17
reserve10,pv_first,physical,1,4,19,0.03601005058516426,0.9473684210526315,19
reserve10,pv_first,physical,1,5,20,0.044138479814024606,0.95,20
reserve10,pv_first,physical,1,6,23,0.03980063088273834,0.9130434782608695,23
reserve10,pv_first,physical,1,7,21,0.03544124261137988,0.9523809523809523,21
reserve10,pv_first,physical,1,8,23,0.037429011528291624,0.8695652173913043,23
reserve10,pv_first,physical,1,9,23,0.038288793190770526,0.8695652173913043,23
reserve10,pv_first,physical,1,10,23,0.034812126078247185,0.7391304347826086,23
reserve10,pv_first,physical,1,11,23,0.03839299423503104,0.8695652173913043,23
reserve10,pv_first,physical,1,12,24,0.03022991824321671,0.875,24
reserve10,pv_first,physical,1,13,21,0.04026576737053585,0.8571428571428571,21
reserve10,pv_first,physical,1,14,24,0.027967310767808992,1.0,24
reserve10,pv_first,physical,1,15,25,0.0373867081892719,0.88,25
reserve10,pv_first,physical,1,16,24,0.041476517502253125,0.8333333333333334,24
reserve10,pv_first,physical,1,17,25,0.043963239020625045,0.84,25
reserve10,pv_first,physical,1,18,27,0.026546865239903853,0.9629629629629629,27
reserve10,pv_first,physical,1,19,27,0.038983762666619265,0.9259259259259259,27
reserve10,pv_first,physical,1,20,23,0.045867180836561695,0.8260869565217391,23
reserve10,pv_first,physical,1,21,23,0.03954996449142802,0.9130434782608695,23
reserve10,pv_first,physical,1,22,25,0.03279019778598416,0.96,25
reserve10,pv_first,physical,1,23,25,0.025576401041639066,0.88,25
reserve10,pv_first,physical,2,0,22,0.04873965435513876,0.9545454545454546,22
reserve10,pv_first,physical,2,1,20,0.049909268358010815,1.0,20
reserve10,pv_first,physical,2,2,17,0.06239648054485851,1.0,17
reserve10,pv_first,physical,2,3,19,0.04849097351873753,1.0,19
reserve10,pv_first,physical,2,4,20,0.05397588677529776,0.95,20
reserve10,pv_first,physical,2,5,23,0.05589247376759511,0.9130434782608695,23
reserve10,pv_first,physical,2,6,21,0.05351235912713156,0.9523809523809523,21
reserve10,pv_first,physical,2,7,23,0.05052473230068657,0.9565217391304348,23
reserve10,pv_first,physical,2,8,23,0.05006839721672031,0.9565217391304348,23
reserve10,pv_first,physical,2,9,23,0.04855239374890978,0.8260869565217391,23
reserve10,pv_first,physical,2,10,23,0.05518267693789116,0.782608695652174,23
reserve10,pv_first,physical,2,11,24,0.05191885494331951,0.875,24
reserve10,pv_first,physical,2,12,21,0.06364918775720456,0.8571428571428571,21
reserve10,pv_first,physical,2,13,24,0.05066545576605341,0.7916666666666666,24
reserve10,pv_first,physical,2,14,25,0.049583967964691465,0.92,25
reserve10,pv_first,physical,2,15,24,0.062071023554042516,0.7916666666666666,24
reserve10,pv_first,physical,2,16,25,0.05639540423745365,0.92,25
reserve10,pv_first,physical,2,17,27,0.04916512100631504,0.9259259259259259,27
reserve10,pv_first,physical,2,18,27,0.04302191098863198,0.9629629629629629,27
reserve10,pv_first,physical,2,19,23,0.06309571450575167,0.8260869565217391,23
reserve10,pv_first,physical,2,20,23,0.06590749522904567,0.8695652173913043,23
reserve10,pv_first,physical,2,21,25,0.04136654085080413,0.84,25
reserve10,pv_first,physical,2,22,25,0.03409165564598458,0.92,25
reserve10,pv_first,physical,2,23,22,0.03643827447737783,0.9545454545454546,22
reserve10,pv_first,physical,3,0,20,0.05340210136968464,1.0,20
reserve10,pv_first,physical,3,1,17,0.06712234160952693,1.0,17
reserve10,pv_first,physical,3,2,19,0.06012809343662822,1.0,19
reserve10,pv_first,physical,3,3,20,0.05689475311240988,1.0,20
reserve10,pv_first,physical,3,4,23,0.05856223005846981,0.9130434782608695,23
reserve10,pv_first,physical,3,5,21,0.06770609525021429,0.9523809523809523,21
reserve10,pv_first,physical,3,6,23,0.05436169172430698,0.8695652173913043,23
reserve10,pv_first,physical,3,7,23,0.05305538682971079,0.9130434782608695,23
reserve10,pv_first,physical,3,8,23,0.05647563455759665,0.8260869565217391,23
reserve10,pv_first,physical,3,9,23,0.06368988795188356,0.782608695652174,23
reserve10,pv_first,physical,3,10,24,0.05777115443791745,0.8333333333333334,24
reserve10,pv_first,physical,3,11,21,0.07285112219484871,0.8095238095238095,21
reserve10,pv_first,physical,3,12,24,0.059695791513390765,0.8333333333333334,24
reserve10,pv_first,physical,3,13,25,0.06117367269544683,0.8,25
reserve10,pv_first,physical,3,14,24,0.07145206298051827,0.8333333333333334,24
reserve10,pv_first,physical,3,15,25,0.06616241410732612,0.88,25
reserve10,pv_first,physical,3,16,27,0.054916022237469254,0.8518518518518519,27
reserve10,pv_first,physical,3,17,27,0.05304258376224772,0.8888888888888888,27
reserve10,pv_first,physical,3,18,23,0.060439696493149286,0.8695652173913043,23
reserve10,pv_first,physical,3,19,23,0.07084771445450268,0.9130434782608695,23
reserve10,pv_first,physical,3,20,25,0.05311741798704169,0.84,25
reserve10,pv_first,physical,3,21,25,0.041050729946883156,0.92,25
reserve10,pv_first,physical,3,22,22,0.040566414434392906,0.9545454545454546,22
reserve10,pv_first,physical,3,23,22,0.07588424996770536,0.8181818181818182,22
reserve10,pv_first,physical,4,0,17,0.07393005325547257,1.0,17
reserve10,pv_first,physical,4,1,19,0.06895226255967705,1.0,19
reserve10,pv_first,physical,4,2,20,0.06157981121646435,1.0,20
reserve10,pv_first,physical,4,3,23,0.05654948661043604,0.9565217391304348,23
reserve10,pv_first,physical,4,4,21,0.07035825357639401,0.8571428571428571,21
reserve10,pv_first,physical,4,5,23,0.06181458750594097,0.8695652173913043,23
reserve10,pv_first,physical,4,6,23,0.05598766426549388,0.9130434782608695,23
reserve10,pv_first,physical,4,7,23,0.05544455078011243,0.782608695652174,23
reserve10,pv_first,physical,4,8,23,0.06558250516804551,0.8260869565217391,23
reserve10,pv_first,physical,4,9,24,0.060243706074041614,0.875,24
reserve10,pv_first,physical,4,10,21,0.08111253402652889,0.8095238095238095,21
reserve10,pv_first,physical,4,11,24,0.06395224211218921,0.8333333333333334,24
reserve10,pv_first,physical,4,12,25,0.06806050247342871,0.8,25
reserve10,pv_first,physical,4,13,24,0.07846547341839294,0.7916666666666666,24
reserve10,pv_first,physical,4,14,25,0.06946367033752106,0.88,25
reserve10,pv_first,physical,4,15,27,0.05704601363771982,0.8888888888888888,27
reserve10,pv_first,physical,4,16,27,0.05372729439565766,0.8888888888888888,27
reserve10,pv_first,physical,4,17,23,0.06273087680178248,0.9130434782608695,23
reserve10,pv_first,physical,4,18,23,0.07099664358219716,0.8260869565217391,23
reserve10,pv_first,physical,4,19,25,0.05545933769067376,0.88,25
reserve10,pv_first,physical,4,20,25,0.046533385004865396,0.96,25
reserve10,pv_first,physical,4,21,22,0.04033994818701417,0.9545454545454546,22
reserve10,pv_first,physical,4,22,22,0.07853513941327611,0.8181818181818182,22
reserve10,pv_first,physical,4,23,20,0.08913116857313981,0.75,20
reserve10,pv_first,physical_availability,1,0,22,0.03186429233843901,0.9545454545454546,22
reserve10,pv_first,physical_availability,1,1,22,0.03537137514788045,1.0,22
reserve10,pv_first,physical_availability,1,2,20,0.037829015920484085,0.95,20
reserve10,pv_first,physical_availability,1,3,17,0.03801295683567202,1.0,17
reserve10,pv_first,physical_availability,1,4,19,0.03609192446608566,0.9473684210526315,19
reserve10,pv_first,physical_availability,1,5,20,0.04407073617980621,0.95,20
reserve10,pv_first,physical_availability,1,6,23,0.039736061043723174,0.9130434782608695,23
reserve10,pv_first,physical_availability,1,7,21,0.0355044417127729,0.9523809523809523,21
reserve10,pv_first,physical_availability,1,8,23,0.03733776425530169,0.8695652173913043,23
reserve10,pv_first,physical_availability,1,9,23,0.0382584514320326,0.8695652173913043,23
reserve10,pv_first,physical_availability,1,10,23,0.03489770340902209,0.7391304347826086,23
reserve10,pv_first,physical_availability,1,11,23,0.038400137681248385,0.8695652173913043,23
reserve10,pv_first,physical_availability,1,12,24,0.03026593929326542,0.875,24
reserve10,pv_first,physical_availability,1,13,21,0.04000674278805592,0.9047619047619048,21
reserve10,pv_first,physical_availability,1,14,24,0.027925302099330047,1.0,24
reserve10,pv_first,physical_availability,1,15,25,0.037330973842415,0.92,25
reserve10,pv_first,physical_availability,1,16,24,0.041808449502226876,0.875,24
reserve10,pv_first,physical_availability,1,17,25,0.04417217036503092,0.88,25
reserve10,pv_first,physical_availability,1,18,27,0.026624739401089514,0.9629629629629629,27
reserve10,pv_first,physical_availability,1,19,27,0.03887328714293469,0.9259259259259259,27
reserve10,pv_first,physical_availability,1,20,23,0.04566427830736158,0.8695652173913043,23
reserve10,pv_first,physical_availability,1,21,23,0.03965465864363544,0.9130434782608695,23
reserve10,pv_first,physical_availability,1,22,25,0.03288538948757144,0.96,25
reserve10,pv_first,physical_availability,1,23,25,0.025482398427480794,0.88,25
reserve10,pv_first,physical_availability,2,0,22,0.048680931045979176,0.9545454545454546,22
reserve10,pv_first,physical_availability,2,1,20,0.049773802860727724,1.0,20
reserve10,pv_first,physical_availability,2,2,17,0.06225687470157021,1.0,17
reserve10,pv_first,physical_availability,2,3,19,0.04820132800978687,0.9473684210526315,19
reserve10,pv_first,physical_availability,2,4,20,0.05388722977750569,0.95,20
reserve10,pv_first,physical_availability,2,5,23,0.05578286874035956,0.9130434782608695,23
reserve10,pv_first,physical_availability,2,6,21,0.05348139614718093,0.9523809523809523,21
reserve10,pv_first,physical_availability,2,7,23,0.050521349960326464,0.9565217391304348,23
reserve10,pv_first,physical_availability,2,8,23,0.050014297762880355,0.9565217391304348,23
reserve10,pv_first,physical_availability,2,9,23,0.04832021212109607,0.8260869565217391,23
reserve10,pv_first,physical_availability,2,10,23,0.055161469408917946,0.782608695652174,23
reserve10,pv_first,physical_availability,2,11,24,0.05176156092472876,0.875,24
reserve10,pv_first,physical_availability,2,12,21,0.06355744675891414,0.8571428571428571,21
reserve10,pv_first,physical_availability,2,13,24,0.050439381334021566,0.7916666666666666,24
reserve10,pv_first,physical_availability,2,14,25,0.04924429738647031,0.92,25
reserve10,pv_first,physical_availability,2,15,24,0.06180175170654873,0.7916666666666666,24
reserve10,pv_first,physical_availability,2,16,25,0.05655277131434423,0.92,25
reserve10,pv_first,physical_availability,2,17,27,0.04945399159603257,0.8888888888888888,27
reserve10,pv_first,physical_availability,2,18,27,0.04310372740575788,0.9259259259259259,27
reserve10,pv_first,physical_availability,2,19,23,0.06285511149730817,0.9130434782608695,23
reserve10,pv_first,physical_availability,2,20,23,0.06584321644249207,0.8695652173913043,23
reserve10,pv_first,physical_availability,2,21,25,0.04143580239975776,0.84,25
reserve10,pv_first,physical_availability,2,22,25,0.034022919463818524,0.88,25
reserve10,pv_first,physical_availability,2,23,22,0.036637205570383725,0.9545454545454546,22
reserve10,pv_first,physical_availability,3,0,20,0.05330244559947037,1.0,20
reserve10,pv_first,physical_availability,3,1,17,0.06682258140924038,1.0,17
reserve10,pv_first,physical_availability,3,2,19,0.06003402979131624,0.9473684210526315,19
reserve10,pv_first,physical_availability,3,3,20,0.05700349450207569,0.9,20
reserve10,pv_first,physical_availability,3,4,23,0.05848678905058679,0.9130434782608695,23
reserve10,pv_first,physical_availability,3,5,21,0.06764634491205627,0.9523809523809523,21
reserve10,pv_first,physical_availability,3,6,23,0.05423078734122913,0.8695652173913043,23
reserve10,pv_first,physical_availability,3,7,23,0.052889319431742396,0.9130434782608695,23
reserve10,pv_first,physical_availability,3,8,23,0.0563966225234514,0.8260869565217391,23
reserve10,pv_first,physical_availability,3,9,23,0.06356345877801187,0.782608695652174,23
reserve10,pv_first,physical_availability,3,10,24,0.05798817852607816,0.8333333333333334,24
reserve10,pv_first,physical_availability,3,11,21,0.07283185048011237,0.8095238095238095,21
reserve10,pv_first,physical_availability,3,12,24,0.05977956483674568,0.8333333333333334,24
reserve10,pv_first,physical_availability,3,13,25,0.06090133257684675,0.8,25
reserve10,pv_first,physical_availability,3,14,24,0.07142078205941381,0.8333333333333334,24
reserve10,pv_first,physical_availability,3,15,25,0.06643433464256264,0.92,25
reserve10,pv_first,physical_availability,3,16,27,0.055366664941743436,0.8888888888888888,27
reserve10,pv_first,physical_availability,3,17,27,0.05303763056233709,0.8518518518518519,27
reserve10,pv_first,physical_availability,3,18,23,0.06033847750384487,0.8695652173913043,23
reserve10,pv_first,physical_availability,3,19,23,0.07102442983815467,0.8695652173913043,23
reserve10,pv_first,physical_availability,3,20,25,0.05306230116968317,0.84,25
reserve10,pv_first,physical_availability,3,21,25,0.0410534205626425,0.92,25
reserve10,pv_first,physical_availability,3,22,22,0.040667549852457144,0.9545454545454546,22
reserve10,pv_first,physical_availability,3,23,22,0.07554508531406735,0.8181818181818182,22
reserve10,pv_first,physical_availability,4,0,17,0.07387807339342671,1.0,17
reserve10,pv_first,physical_availability,4,1,19,0.0687955845141066,1.0,19
reserve10,pv_first,physical_availability,4,2,20,0.061449465221500445,1.0,20
reserve10,pv_first,physical_availability,4,3,23,0.056637281572187885,0.9130434782608695,23
reserve10,pv_first,physical_availability,4,4,21,0.07014958409799846,0.8571428571428571,21
reserve10,pv_first,physical_availability,4,5,23,0.06171761026452063,0.8695652173913043,23
reserve10,pv_first,physical_availability,4,6,23,0.05579495864730803,0.9130434782608695,23
reserve10,pv_first,physical_availability,4,7,23,0.055516281312789205,0.8695652173913043,23
reserve10,pv_first,physical_availability,4,8,23,0.06558256260649997,0.8260869565217391,23
reserve10,pv_first,physical_availability,4,9,24,0.06012154243087931,0.875,24
reserve10,pv_first,physical_availability,4,10,21,0.08101169889142427,0.8095238095238095,21
reserve10,pv_first,physical_availability,4,11,24,0.06387109955356915,0.8333333333333334,24
reserve10,pv_first,physical_availability,4,12,25,0.06785637989705108,0.8,25
reserve10,pv_first,physical_availability,4,13,24,0.07828608262765509,0.7916666666666666,24
reserve10,pv_first,physical_availability,4,14,25,0.06983615996868835,0.88,25
reserve10,pv_first,physical_availability,4,15,27,0.05743237886420264,0.8518518518518519,27
reserve10,pv_first,physical_availability,4,16,27,0.05373256032732267,0.8888888888888888,27
reserve10,pv_first,physical_availability,4,17,23,0.06296724011816832,0.9130434782608695,23
reserve10,pv_first,physical_availability,4,18,23,0.07092029513021363,0.8260869565217391,23
reserve10,pv_first,physical_availability,4,19,25,0.05561660380924113,0.88,25
reserve10,pv_first,physical_availability,4,20,25,0.04642612723567957,0.96,25
reserve10,pv_first,physical_availability,4,21,22,0.04051797148778101,0.9545454545454546,22
reserve10,pv_first,physical_availability,4,22,22,0.0781146801927637,0.8181818181818182,22
reserve10,pv_first,physical_availability,4,23,20,0.08913805171911234,0.75,20
reserve10,pv_first,physical_recovery,1,0,22,0.03186429233843901,0.9545454545454546,22
reserve10,pv_first,physical_recovery,1,1,22,0.03538250359852939,1.0,22
reserve10,pv_first,physical_recovery,1,2,20,0.03789724802810336,0.95,20
reserve10,pv_first,physical_recovery,1,3,17,0.03802356723656317,1.0,17
reserve10,pv_first,physical_recovery,1,4,19,0.036087024861995526,0.9473684210526315,19
reserve10,pv_first,physical_recovery,1,5,20,0.04414665588869106,0.95,20
reserve10,pv_first,physical_recovery,1,6,23,0.03972812968185838,0.9130434782608695,23
reserve10,pv_first,physical_recovery,1,7,21,0.03544436964050313,0.9523809523809523,21
reserve10,pv_first,physical_recovery,1,8,23,0.03726685353303501,0.8260869565217391,23
reserve10,pv_first,physical_recovery,1,9,23,0.03841778698852881,0.8695652173913043,23
reserve10,pv_first,physical_recovery,1,10,23,0.03509948254339219,0.7391304347826086,23
reserve10,pv_first,physical_recovery,1,11,23,0.03844451388028824,0.9130434782608695,23
reserve10,pv_first,physical_recovery,1,12,24,0.029917341136452474,0.875,24
reserve10,pv_first,physical_recovery,1,13,21,0.04036834633761418,0.8571428571428571,21
reserve10,pv_first,physical_recovery,1,14,24,0.027955779626699966,1.0,24
reserve10,pv_first,physical_recovery,1,15,25,0.037418862414171465,0.88,25
reserve10,pv_first,physical_recovery,1,16,24,0.042112779183316136,0.875,24
reserve10,pv_first,physical_recovery,1,17,25,0.044111344327761745,0.88,25
reserve10,pv_first,physical_recovery,1,18,27,0.02661415808798204,0.9629629629629629,27
reserve10,pv_first,physical_recovery,1,19,27,0.03889156217676977,0.9259259259259259,27
reserve10,pv_first,physical_recovery,1,20,23,0.04569872734784385,0.8695652173913043,23
reserve10,pv_first,physical_recovery,1,21,23,0.03965748795409002,0.9130434782608695,23
reserve10,pv_first,physical_recovery,1,22,25,0.03287297193233038,0.96,25
reserve10,pv_first,physical_recovery,1,23,25,0.02548895256306908,0.88,25
reserve10,pv_first,physical_recovery,2,0,22,0.048680931045979176,0.9545454545454546,22
reserve10,pv_first,physical_recovery,2,1,20,0.04983279111345498,1.0,20
reserve10,pv_first,physical_recovery,2,2,17,0.062276757999199184,1.0,17
reserve10,pv_first,physical_recovery,2,3,19,0.048207665969132604,0.9473684210526315,19
reserve10,pv_first,physical_recovery,2,4,20,0.05428865922447157,0.95,20
reserve10,pv_first,physical_recovery,2,5,23,0.05585452265288899,0.9130434782608695,23
reserve10,pv_first,physical_recovery,2,6,21,0.05341030486237232,0.9523809523809523,21
reserve10,pv_first,physical_recovery,2,7,23,0.05046663194958905,0.9565217391304348,23
reserve10,pv_first,physical_recovery,2,8,23,0.04999428145765491,0.9565217391304348,23
reserve10,pv_first,physical_recovery,2,9,23,0.04833291186419357,0.9130434782608695,23
reserve10,pv_first,physical_recovery,2,10,23,0.055353688947563075,0.782608695652174,23
reserve10,pv_first,physical_recovery,2,11,24,0.05200793339186477,0.875,24
reserve10,pv_first,physical_recovery,2,12,21,0.06308266092963985,0.8571428571428571,21
reserve10,pv_first,physical_recovery,2,13,24,0.05067898421808519,0.7916666666666666,24
reserve10,pv_first,physical_recovery,2,14,25,0.04961741715113118,0.92,25
reserve10,pv_first,physical_recovery,2,15,24,0.06219581534604066,0.7916666666666666,24
reserve10,pv_first,physical_recovery,2,16,25,0.05660922097905297,0.92,25
reserve10,pv_first,physical_recovery,2,17,27,0.049403431322994476,0.8888888888888888,27
reserve10,pv_first,physical_recovery,2,18,27,0.04311897588119544,0.9259259259259259,27
reserve10,pv_first,physical_recovery,2,19,23,0.06295089308145708,0.8695652173913043,23
reserve10,pv_first,physical_recovery,2,20,23,0.0658291699673534,0.8695652173913043,23
reserve10,pv_first,physical_recovery,2,21,25,0.04134077627834255,0.84,25
reserve10,pv_first,physical_recovery,2,22,25,0.03403781113590514,0.88,25
reserve10,pv_first,physical_recovery,2,23,22,0.03669960634866107,0.9545454545454546,22
reserve10,pv_first,physical_recovery,3,0,20,0.05330244559947037,1.0,20
reserve10,pv_first,physical_recovery,3,1,17,0.06673515939872841,1.0,17
reserve10,pv_first,physical_recovery,3,2,19,0.06002758410738641,0.9473684210526315,19
reserve10,pv_first,physical_recovery,3,3,20,0.05683874876228377,0.95,20
reserve10,pv_first,physical_recovery,3,4,23,0.05894408550529339,0.9130434782608695,23
reserve10,pv_first,physical_recovery,3,5,21,0.06811442949464083,0.9523809523809523,21
reserve10,pv_first,physical_recovery,3,6,23,0.05494113881177602,0.8695652173913043,23
reserve10,pv_first,physical_recovery,3,7,23,0.05323944303501166,0.9130434782608695,23
reserve10,pv_first,physical_recovery,3,8,23,0.056316793104619796,0.8260869565217391,23
reserve10,pv_first,physical_recovery,3,9,23,0.06349252193579125,0.782608695652174,23
reserve10,pv_first,physical_recovery,3,10,24,0.05762626459669403,0.875,24
reserve10,pv_first,physical_recovery,3,11,21,0.07299726700065454,0.8095238095238095,21
reserve10,pv_first,physical_recovery,3,12,24,0.05983359331624136,0.8333333333333334,24
reserve10,pv_first,physical_recovery,3,13,25,0.061081737956254836,0.8,25
reserve10,pv_first,physical_recovery,3,14,24,0.07169437287684134,0.8333333333333334,24
reserve10,pv_first,physical_recovery,3,15,25,0.06636371713952545,0.92,25
reserve10,pv_first,physical_recovery,3,16,27,0.055379525971662596,0.8888888888888888,27
reserve10,pv_first,physical_recovery,3,17,27,0.05295843733457816,0.8518518518518519,27
reserve10,pv_first,physical_recovery,3,18,23,0.06038093835001937,0.8695652173913043,23
reserve10,pv_first,physical_recovery,3,19,23,0.07103607102087393,0.8695652173913043,23
reserve10,pv_first,physical_recovery,3,20,25,0.05298450536719141,0.88,25
reserve10,pv_first,physical_recovery,3,21,25,0.04110448392979767,0.92,25
reserve10,pv_first,physical_recovery,3,22,22,0.04068947787528381,0.9545454545454546,22
reserve10,pv_first,physical_recovery,3,23,22,0.07552512596077088,0.8181818181818182,22
reserve10,pv_first,physical_recovery,4,0,17,0.07387807339342671,1.0,17
reserve10,pv_first,physical_recovery,4,1,19,0.06879143805123347,1.0,19
reserve10,pv_first,physical_recovery,4,2,20,0.061402651129463914,1.0,20
reserve10,pv_first,physical_recovery,4,3,23,0.05648700992132944,0.9130434782608695,23
reserve10,pv_first,physical_recovery,4,4,21,0.0706440121379543,0.8571428571428571,21
reserve10,pv_first,physical_recovery,4,5,23,0.06246705652656099,0.8695652173913043,23
reserve10,pv_first,physical_recovery,4,6,23,0.05641778112463464,0.9130434782608695,23
reserve10,pv_first,physical_recovery,4,7,23,0.055928408869368756,0.782608695652174,23
reserve10,pv_first,physical_recovery,4,8,23,0.06571042134059261,0.8260869565217391,23
reserve10,pv_first,physical_recovery,4,9,24,0.06021933426586889,0.8333333333333334,24
reserve10,pv_first,physical_recovery,4,10,21,0.08092961475073429,0.8095238095238095,21
reserve10,pv_first,physical_recovery,4,11,24,0.06377499738169191,0.8333333333333334,24
reserve10,pv_first,physical_recovery,4,12,25,0.06792139382786709,0.8,25
reserve10,pv_first,physical_recovery,4,13,24,0.0785318055541827,0.7916666666666666,24
reserve10,pv_first,physical_recovery,4,14,25,0.0698260833797693,0.88,25
reserve10,pv_first,physical_recovery,4,15,27,0.05742003575088099,0.8518518518518519,27
reserve10,pv_first,physical_recovery,4,16,27,0.053684558705000364,0.8518518518518519,27
reserve10,pv_first,physical_recovery,4,17,23,0.06293562188929587,0.9130434782608695,23
reserve10,pv_first,physical_recovery,4,18,23,0.07082377666726108,0.8260869565217391,23
reserve10,pv_first,physical_recovery,4,19,25,0.05557610523391629,0.88,25
reserve10,pv_first,physical_recovery,4,20,25,0.04648150296917755,0.96,25
reserve10,pv_first,physical_recovery,4,21,22,0.04049966818610667,0.9545454545454546,22
reserve10,pv_first,physical_recovery,4,22,22,0.07816246015485419,0.8181818181818182,22
reserve10,pv_first,physical_recovery,4,23,20,0.08902209449646463,0.75,20
reserve10,pv_first,previous_day,1,0,22,0.060636821887576346,0.9545454545454546,22
reserve10,pv_first,previous_day,1,1,22,0.06765177776377937,0.9090909090909091,22
reserve10,pv_first,previous_day,1,2,20,0.08421418638556546,0.9,20
reserve10,pv_first,previous_day,1,3,17,0.07931045802746722,0.9411764705882353,17
reserve10,pv_first,previous_day,1,4,19,0.07275028114141939,1.0,19
reserve10,pv_first,previous_day,1,5,20,0.10859215836256378,0.85,20
reserve10,pv_first,previous_day,1,6,23,0.11933918342692622,0.782608695652174,23
reserve10,pv_first,previous_day,1,7,21,0.13354706831787538,0.8095238095238095,21
reserve10,pv_first,previous_day,1,8,23,0.1009652564531481,0.8695652173913043,23
reserve10,pv_first,previous_day,1,9,23,0.06789393215439218,0.9565217391304348,23
reserve10,pv_first,previous_day,1,10,23,0.09561715786281796,0.8260869565217391,23
reserve10,pv_first,previous_day,1,11,23,0.12437140596500203,0.782608695652174,23
reserve10,pv_first,previous_day,1,12,24,0.09982907211380827,0.8333333333333334,24
reserve10,pv_first,previous_day,1,13,21,0.12070648446022128,0.8571428571428571,21
reserve10,pv_first,previous_day,1,14,24,0.09843622837454384,0.8333333333333334,24
reserve10,pv_first,previous_day,1,15,25,0.10493727108651361,0.92,25
reserve10,pv_first,previous_day,1,16,24,0.1499379692073324,0.75,24
reserve10,pv_first,previous_day,1,17,25,0.11901883006394133,0.88,25
reserve10,pv_first,previous_day,1,18,27,0.09871788413128307,0.9259259259259259,27
reserve10,pv_first,previous_day,1,19,27,0.1086891351635015,0.8518518518518519,27
reserve10,pv_first,previous_day,1,20,23,0.1468973246919458,0.782608695652174,23
reserve10,pv_first,previous_day,1,21,23,0.14547880270434504,0.8260869565217391,23
reserve10,pv_first,previous_day,1,22,25,0.08894766060842686,0.92,25
reserve10,pv_first,previous_day,1,23,25,0.0638560536765136,0.96,25
reserve10,pv_first,previous_day,2,0,22,0.0678200677709976,0.9090909090909091,22
reserve10,pv_first,previous_day,2,1,20,0.08338120453018708,0.95,20
reserve10,pv_first,previous_day,2,2,17,0.0794813115566539,0.9411764705882353,17
reserve10,pv_first,previous_day,2,3,19,0.07344441257286631,1.0,19
reserve10,pv_first,previous_day,2,4,20,0.10790499815773809,0.85,20
reserve10,pv_first,previous_day,2,5,23,0.11829739311691254,0.782608695652174,23
reserve10,pv_first,previous_day,2,6,21,0.132541627562004,0.8095238095238095,21
reserve10,pv_first,previous_day,2,7,23,0.09991391571072722,0.9130434782608695,23
reserve10,pv_first,previous_day,2,8,23,0.06840602599970423,0.9565217391304348,23
reserve10,pv_first,previous_day,2,9,23,0.09545146112013826,0.8260869565217391,23
reserve10,pv_first,previous_day,2,10,23,0.12388319219408551,0.782608695652174,23
reserve10,pv_first,previous_day,2,11,24,0.09946609912439325,0.8333333333333334,24
reserve10,pv_first,previous_day,2,12,21,0.12030957744429764,0.8571428571428571,21
reserve10,pv_first,previous_day,2,13,24,0.09846197919051604,0.8333333333333334,24
reserve10,pv_first,previous_day,2,14,25,0.10437319056802721,0.92,25
reserve10,pv_first,previous_day,2,15,24,0.14718421792990893,0.7916666666666666,24
reserve10,pv_first,previous_day,2,16,25,0.11785176869364371,0.88,25
reserve10,pv_first,previous_day,2,17,27,0.09776534090620276,0.9259259259259259,27
reserve10,pv_first,previous_day,2,18,27,0.10771102376645565,0.8888888888888888,27
reserve10,pv_first,previous_day,2,19,23,0.14492694504270184,0.782608695652174,23
reserve10,pv_first,previous_day,2,20,23,0.14422516137378458,0.8260869565217391,23
reserve10,pv_first,previous_day,2,21,25,0.09078548859574828,0.88,25
reserve10,pv_first,previous_day,2,22,25,0.06404401148503401,0.96,25
reserve10,pv_first,previous_day,2,23,22,0.06688596826834994,0.9545454545454546,22
reserve10,pv_first,previous_day,3,0,20,0.08278392230782312,0.95,20
reserve10,pv_first,previous_day,3,1,17,0.07960190957920668,0.9411764705882353,17
reserve10,pv_first,previous_day,3,2,19,0.07448067850675796,1.0,19
reserve10,pv_first,previous_day,3,3,20,0.10682652893909439,0.9,20
reserve10,pv_first,previous_day,3,4,23,0.11691190301066623,0.782608695652174,23
reserve10,pv_first,previous_day,3,5,21,0.13123385745464855,0.8095238095238095,21
reserve10,pv_first,previous_day,3,6,23,0.09876766535714285,0.9130434782608695,23
reserve10,pv_first,previous_day,3,7,23,0.0690767488144225,0.9565217391304348,23
reserve10,pv_first,previous_day,3,8,23,0.09558520094665039,0.9130434782608695,23
reserve10,pv_first,previous_day,3,9,23,0.12366250744445059,0.782608695652174,23
reserve10,pv_first,previous_day,3,10,24,0.09905724386479592,0.8333333333333334,24
reserve10,pv_first,previous_day,3,11,21,0.12020484309908486,0.9047619047619048,21
reserve10,pv_first,previous_day,3,12,24,0.09848200081880669,0.8333333333333334,24
reserve10,pv_first,previous_day,3,13,25,0.10470380374226192,0.92,25
reserve10,pv_first,previous_day,3,14,24,0.1459663507212833,0.7916666666666666,24
reserve10,pv_first,previous_day,3,15,25,0.11753177390569727,0.88,25
reserve10,pv_first,previous_day,3,16,27,0.09738344377015622,0.9259259259259259,27
reserve10,pv_first,previous_day,3,17,27,0.10732353967576845,0.8888888888888888,27
reserve10,pv_first,previous_day,3,18,23,0.14343596269733436,0.8695652173913043,23
reserve10,pv_first,previous_day,3,19,23,0.1438386398636683,0.8260869565217391,23
reserve10,pv_first,previous_day,3,20,25,0.09481319127040816,0.88,25
reserve10,pv_first,previous_day,3,21,25,0.06448453411598638,0.96,25
reserve10,pv_first,previous_day,3,22,22,0.0672250917236781,0.9545454545454546,22
reserve10,pv_first,previous_day,3,23,22,0.10470778589478971,0.9090909090909091,22
reserve10,pv_first,previous_day,4,0,17,0.07974886749699879,0.9411764705882353,17
reserve10,pv_first,previous_day,4,1,19,0.07509183449773989,1.0,19
reserve10,pv_first,previous_day,4,2,20,0.10618844213520409,0.9,20
reserve10,pv_first,previous_day,4,3,23,0.1162001280066918,0.782608695652174,23
reserve10,pv_first,previous_day,4,4,21,0.1307674619871639,0.8095238095238095,21
reserve10,pv_first,previous_day,4,5,23,0.09809231945522774,0.9130434782608695,23
reserve10,pv_first,previous_day,4,6,23,0.06954242765417037,0.9565217391304348,23
reserve10,pv_first,previous_day,4,7,23,0.09595218167396849,0.9130434782608695,23
reserve10,pv_first,previous_day,4,8,23,0.12384161814339321,0.782608695652174,23
reserve10,pv_first,previous_day,4,9,24,0.09892915942327452,0.8333333333333334,24
reserve10,pv_first,previous_day,4,10,21,0.12036109875253077,0.9047619047619048,21
reserve10,pv_first,previous_day,4,11,24,0.09868686699192177,0.8333333333333334,24
reserve10,pv_first,previous_day,4,12,25,0.10496448113265305,0.92,25
reserve10,pv_first,previous_day,4,13,24,0.1453863058550347,0.7916666666666666,24
reserve10,pv_first,previous_day,4,14,25,0.11749681972517007,0.88,25
reserve10,pv_first,previous_day,4,15,27,0.0973540059435626,0.9629629629629629,27
reserve10,pv_first,previous_day,4,16,27,0.10707656461388258,0.8888888888888888,27
reserve10,pv_first,previous_day,4,17,23,0.14286388311363132,0.8695652173913043,23
reserve10,pv_first,previous_day,4,18,23,0.14376529775981586,0.8260869565217391,23
reserve10,pv_first,previous_day,4,19,25,0.09173552932083333,0.88,25
reserve10,pv_first,previous_day,4,20,25,0.06477414860442175,0.96,25
reserve10,pv_first,previous_day,4,21,22,0.06735373526051329,0.9545454545454546,22
reserve10,pv_first,previous_day,4,22,22,0.10479897851026206,0.9090909090909091,22
reserve10,pv_first,previous_day,4,23,20,0.1240025211277636,0.7,20
reserve10,pv_first,raw,1,0,22,0.03136873649598031,0.9545454545454546,22
reserve10,pv_first,raw,1,1,22,0.03504724774273981,0.9090909090909091,22
reserve10,pv_first,raw,1,2,20,0.038011684942499,0.95,20
reserve10,pv_first,raw,1,3,17,0.038549694549325664,0.8823529411764706,17
reserve10,pv_first,raw,1,4,19,0.035578479836152734,0.9473684210526315,19
reserve10,pv_first,raw,1,5,20,0.044583362932960516,0.95,20
reserve10,pv_first,raw,1,6,23,0.040131818605830726,0.9130434782608695,23
reserve10,pv_first,raw,1,7,21,0.03500872022508125,0.9523809523809523,21
reserve10,pv_first,raw,1,8,23,0.0383486463025318,0.8695652173913043,23
reserve10,pv_first,raw,1,9,23,0.03879191136411209,0.8260869565217391,23
reserve10,pv_first,raw,1,10,23,0.03551504321551406,0.7391304347826086,23
reserve10,pv_first,raw,1,11,23,0.03879599800783839,0.782608695652174,23
reserve10,pv_first,raw,1,12,24,0.03051588419437276,0.7916666666666666,24
reserve10,pv_first,raw,1,13,21,0.040963088336468514,0.8095238095238095,21
reserve10,pv_first,raw,1,14,24,0.028338635112972563,0.875,24
reserve10,pv_first,raw,1,15,25,0.03769055507983449,0.8,25
reserve10,pv_first,raw,1,16,24,0.04149650712672095,0.8333333333333334,24
reserve10,pv_first,raw,1,17,25,0.04449897689559559,0.76,25
reserve10,pv_first,raw,1,18,27,0.026325937498417253,0.9259259259259259,27
reserve10,pv_first,raw,1,19,27,0.03926774599146205,0.7777777777777778,27
reserve10,pv_first,raw,1,20,23,0.04616637170369358,0.782608695652174,23
reserve10,pv_first,raw,1,21,23,0.03951495290776153,0.9130434782608695,23
reserve10,pv_first,raw,1,22,25,0.03256640503919662,0.88,25
reserve10,pv_first,raw,1,23,25,0.02552474715823339,0.88,25
reserve10,pv_first,raw,2,0,22,0.04782952788813482,0.9545454545454546,22
reserve10,pv_first,raw,2,1,20,0.04860180543213165,1.0,20
reserve10,pv_first,raw,2,2,17,0.06206287033457851,1.0,17
reserve10,pv_first,raw,2,3,19,0.04876024421876985,0.9473684210526315,19
reserve10,pv_first,raw,2,4,20,0.05431730403062279,0.9,20
reserve10,pv_first,raw,2,5,23,0.05571489526797885,0.8260869565217391,23
reserve10,pv_first,raw,2,6,21,0.05335072045928352,0.9047619047619048,21
reserve10,pv_first,raw,2,7,23,0.051627019628921265,0.7391304347826086,23
reserve10,pv_first,raw,2,8,23,0.050341504133295786,0.782608695652174,23
reserve10,pv_first,raw,2,9,23,0.04942375579652625,0.7391304347826086,23
reserve10,pv_first,raw,2,10,23,0.05663633546411793,0.7391304347826086,23
reserve10,pv_first,raw,2,11,24,0.052324838076842746,0.7916666666666666,24
reserve10,pv_first,raw,2,12,21,0.06498732588939798,0.7142857142857143,21
reserve10,pv_first,raw,2,13,24,0.05149546203911956,0.75,24
reserve10,pv_first,raw,2,14,25,0.050804778416497234,0.72,25
reserve10,pv_first,raw,2,15,24,0.062321271530132005,0.75,24
reserve10,pv_first,raw,2,16,25,0.05605311696575459,0.84,25
reserve10,pv_first,raw,2,17,27,0.0498417089239483,0.8148148148148148,27
reserve10,pv_first,raw,2,18,27,0.043161733021374014,0.8888888888888888,27
reserve10,pv_first,raw,2,19,23,0.06373597166961163,0.782608695652174,23
reserve10,pv_first,raw,2,20,23,0.06704403824348469,0.7391304347826086,23
reserve10,pv_first,raw,2,21,25,0.04210767799443493,0.76,25
reserve10,pv_first,raw,2,22,25,0.033767491853537786,0.88,25
reserve10,pv_first,raw,2,23,22,0.035511909353482515,0.8636363636363636,22
reserve10,pv_first,raw,3,0,20,0.05231121779946822,0.95,20
reserve10,pv_first,raw,3,1,17,0.06648902047175685,1.0,17
reserve10,pv_first,raw,3,2,19,0.06031981475524064,0.9473684210526315,19
reserve10,pv_first,raw,3,3,20,0.05726616946626265,0.75,20
reserve10,pv_first,raw,3,4,23,0.058265898979341084,0.8695652173913043,23
reserve10,pv_first,raw,3,5,21,0.06761604202693706,0.8571428571428571,21
reserve10,pv_first,raw,3,6,23,0.05525832504253712,0.782608695652174,23
reserve10,pv_first,raw,3,7,23,0.053914122911432064,0.782608695652174,23
reserve10,pv_first,raw,3,8,23,0.05730322977420097,0.782608695652174,23
reserve10,pv_first,raw,3,9,23,0.06514442453213197,0.7391304347826086,23
reserve10,pv_first,raw,3,10,24,0.058694813286698226,0.7916666666666666,24
reserve10,pv_first,raw,3,11,21,0.07471458045537234,0.7142857142857143,21
reserve10,pv_first,raw,3,12,24,0.06152674207798222,0.7083333333333334,24
reserve10,pv_first,raw,3,13,25,0.06314981743884816,0.72,25
reserve10,pv_first,raw,3,14,24,0.07223212919475736,0.7916666666666666,24
reserve10,pv_first,raw,3,15,25,0.064991908278566,0.84,25
reserve10,pv_first,raw,3,16,27,0.05540909620894888,0.8518518518518519,27
reserve10,pv_first,raw,3,17,27,0.05340931343890292,0.7777777777777778,27
reserve10,pv_first,raw,3,18,23,0.06122722629440554,0.7391304347826086,23
reserve10,pv_first,raw,3,19,23,0.07327777212358651,0.7391304347826086,23
reserve10,pv_first,raw,3,20,25,0.054618544317914505,0.72,25
reserve10,pv_first,raw,3,21,25,0.04042810888166597,0.92,25
reserve10,pv_first,raw,3,22,22,0.04041521328734204,0.8636363636363636,22
reserve10,pv_first,raw,3,23,22,0.07770106023032948,0.7727272727272727,22
reserve10,pv_first,raw,4,0,17,0.07409480899651397,0.9411764705882353,17
reserve10,pv_first,raw,4,1,19,0.06919328072268909,0.9473684210526315,19
reserve10,pv_first,raw,4,2,20,0.06159703826351567,0.9,20
reserve10,pv_first,raw,4,3,23,0.0560222503137964,0.9130434782608695,23
reserve10,pv_first,raw,4,4,21,0.06996390337570493,0.8095238095238095,21
reserve10,pv_first,raw,4,5,23,0.06229978753182363,0.782608695652174,23
reserve10,pv_first,raw,4,6,23,0.057939791247155537,0.782608695652174,23
reserve10,pv_first,raw,4,7,23,0.057226943238457235,0.7391304347826086,23
reserve10,pv_first,raw,4,8,23,0.06702996688856752,0.6956521739130435,23
reserve10,pv_first,raw,4,9,24,0.061043194560676146,0.75,24
reserve10,pv_first,raw,4,10,21,0.08284951152997692,0.7619047619047619,21
reserve10,pv_first,raw,4,11,24,0.06546956395641766,0.7083333333333334,24
reserve10,pv_first,raw,4,12,25,0.06965185508754707,0.76,25
reserve10,pv_first,raw,4,13,24,0.07911318003570506,0.75,24
reserve10,pv_first,raw,4,14,25,0.06849185858368984,0.8,25
reserve10,pv_first,raw,4,15,27,0.057598284806152165,0.8518518518518519,27
reserve10,pv_first,raw,4,16,27,0.053938955881156526,0.8148148148148148,27
reserve10,pv_first,raw,4,17,23,0.06254250019996929,0.8260869565217391,23
reserve10,pv_first,raw,4,18,23,0.0729074274659791,0.7391304347826086,23
reserve10,pv_first,raw,4,19,25,0.05739361088719803,0.76,25
reserve10,pv_first,raw,4,20,25,0.047057842890878394,0.84,25
reserve10,pv_first,raw,4,21,22,0.04048005897057882,0.8636363636363636,22
reserve10,pv_first,raw,4,22,22,0.08055923162507876,0.8181818181818182,22
reserve10,pv_first,raw,4,23,20,0.09216766318341951,0.65,20
reserve10,pv_first,recency,1,0,22,0.03175051155047365,0.9545454545454546,22
reserve10,pv_first,recency,1,1,22,0.03543754499262635,1.0,22
reserve10,pv_first,recency,1,2,20,0.03756267235524927,1.0,20
reserve10,pv_first,recency,1,3,17,0.038188237833352616,0.9411764705882353,17
reserve10,pv_first,recency,1,4,19,0.035979117970787976,0.9473684210526315,19
reserve10,pv_first,recency,1,5,20,0.04446712481793589,0.95,20
reserve10,pv_first,recency,1,6,23,0.04031800385459306,0.9130434782608695,23
reserve10,pv_first,recency,1,7,21,0.03540285762821145,0.9523809523809523,21
reserve10,pv_first,recency,1,8,23,0.03762883429992941,0.8695652173913043,23
reserve10,pv_first,recency,1,9,23,0.038430015576468184,0.8695652173913043,23
reserve10,pv_first,recency,1,10,23,0.03493219994256873,0.7391304347826086,23
reserve10,pv_first,recency,1,11,23,0.03837043287575452,0.8695652173913043,23
reserve10,pv_first,recency,1,12,24,0.03044033703509637,0.875,24
reserve10,pv_first,recency,1,13,21,0.040767242089141786,0.8095238095238095,21
reserve10,pv_first,recency,1,14,24,0.02795582776467104,0.9583333333333334,24
reserve10,pv_first,recency,1,15,25,0.03734842895911048,0.88,25
reserve10,pv_first,recency,1,16,24,0.04170025688090443,0.875,24
reserve10,pv_first,recency,1,17,25,0.044233267409702924,0.8,25
reserve10,pv_first,recency,1,18,27,0.026558210692167752,0.9259259259259259,27
reserve10,pv_first,recency,1,19,27,0.03887315701096116,0.8888888888888888,27
reserve10,pv_first,recency,1,20,23,0.045930542246294705,0.8260869565217391,23
reserve10,pv_first,recency,1,21,23,0.039589615309109226,0.9130434782608695,23
reserve10,pv_first,recency,1,22,25,0.03267080847882207,0.96,25
reserve10,pv_first,recency,1,23,25,0.025582811303121584,0.88,25
reserve10,pv_first,recency,2,0,22,0.04855542161062596,0.9545454545454546,22
reserve10,pv_first,recency,2,1,20,0.04963317815702622,1.0,20
reserve10,pv_first,recency,2,2,17,0.062400628984987175,1.0,17
reserve10,pv_first,recency,2,3,19,0.048556320505971744,0.9473684210526315,19
reserve10,pv_first,recency,2,4,20,0.05429336144988822,0.95,20
reserve10,pv_first,recency,2,5,23,0.05613559757309712,0.9130434782608695,23
reserve10,pv_first,recency,2,6,21,0.05375720920552317,0.9523809523809523,21
reserve10,pv_first,recency,2,7,23,0.050592217937508385,0.9565217391304348,23
reserve10,pv_first,recency,2,8,23,0.050119172466580084,0.9565217391304348,23
reserve10,pv_first,recency,2,9,23,0.04830755927423172,0.8260869565217391,23
reserve10,pv_first,recency,2,10,23,0.05509740334082893,0.782608695652174,23
reserve10,pv_first,recency,2,11,24,0.05172142165375551,0.875,24
reserve10,pv_first,recency,2,12,21,0.06379121128594656,0.8095238095238095,21
reserve10,pv_first,recency,2,13,24,0.05074390489171148,0.7916666666666666,24
reserve10,pv_first,recency,2,14,25,0.04991528318363944,0.92,25
reserve10,pv_first,recency,2,15,24,0.0620425195614773,0.7916666666666666,24
reserve10,pv_first,recency,2,16,25,0.056094084893926234,0.88,25
reserve10,pv_first,recency,2,17,27,0.04937330040689784,0.8888888888888888,27
reserve10,pv_first,recency,2,18,27,0.04287735314749414,0.9259259259259259,27
reserve10,pv_first,recency,2,19,23,0.06322119113286719,0.8260869565217391,23
reserve10,pv_first,recency,2,20,23,0.06608010825274854,0.8260869565217391,23
reserve10,pv_first,recency,2,21,25,0.04145372336521688,0.84,25
reserve10,pv_first,recency,2,22,25,0.034046911534326235,0.96,25
reserve10,pv_first,recency,2,23,22,0.03595457046529899,0.9545454545454546,22
reserve10,pv_first,recency,3,0,20,0.05302019262952172,1.0,20
reserve10,pv_first,recency,3,1,17,0.06709723452556413,1.0,17
reserve10,pv_first,recency,3,2,19,0.05995050546843564,0.9473684210526315,19
reserve10,pv_first,recency,3,3,20,0.056931876076135535,0.95,20
reserve10,pv_first,recency,3,4,23,0.058806363608986806,0.9130434782608695,23
reserve10,pv_first,recency,3,5,21,0.06800609102244293,0.9047619047619048,21
reserve10,pv_first,recency,3,6,23,0.05487212346795233,0.8695652173913043,23
reserve10,pv_first,recency,3,7,23,0.053226426413817626,0.9130434782608695,23
reserve10,pv_first,recency,3,8,23,0.056384697961256156,0.8260869565217391,23
reserve10,pv_first,recency,3,9,23,0.06335674414657164,0.782608695652174,23
reserve10,pv_first,recency,3,10,24,0.05800590276386471,0.8333333333333334,24
reserve10,pv_first,recency,3,11,21,0.07297065728527012,0.8095238095238095,21
reserve10,pv_first,recency,3,12,24,0.05984253973489568,0.7916666666666666,24
reserve10,pv_first,recency,3,13,25,0.061525060732090575,0.8,25
reserve10,pv_first,recency,3,14,24,0.07126449582389198,0.8333333333333334,24
reserve10,pv_first,recency,3,15,25,0.06545684446966135,0.88,25
reserve10,pv_first,recency,3,16,27,0.05506270601825851,0.8518518518518519,27
reserve10,pv_first,recency,3,17,27,0.05290669588130821,0.8518518518518519,27
reserve10,pv_first,recency,3,18,23,0.06019997049818121,0.8695652173913043,23
reserve10,pv_first,recency,3,19,23,0.07154433091698753,0.8260869565217391,23
reserve10,pv_first,recency,3,20,25,0.05353898702267846,0.84,25
reserve10,pv_first,recency,3,21,25,0.040864768086099235,0.96,25
reserve10,pv_first,recency,3,22,22,0.04034207042213156,0.9545454545454546,22
reserve10,pv_first,recency,3,23,22,0.07676090818839681,0.8636363636363636,22
reserve10,pv_first,recency,4,0,17,0.07417845601080213,1.0,17
reserve10,pv_first,recency,4,1,19,0.06894407556648599,1.0,19
reserve10,pv_first,recency,4,2,20,0.06154808208577445,1.0,20
reserve10,pv_first,recency,4,3,23,0.05666110671371377,0.9565217391304348,23
reserve10,pv_first,recency,4,4,21,0.07032894743754675,0.8571428571428571,21
reserve10,pv_first,recency,4,5,23,0.062053085811078115,0.8695652173913043,23
reserve10,pv_first,recency,4,6,23,0.056376756471477385,0.9130434782608695,23
reserve10,pv_first,recency,4,7,23,0.05532075882343985,0.782608695652174,23
reserve10,pv_first,recency,4,8,23,0.06537535193994723,0.8260869565217391,23
reserve10,pv_first,recency,4,9,24,0.060125171947795285,0.8333333333333334,24
reserve10,pv_first,recency,4,10,21,0.08127420794583846,0.8095238095238095,21
reserve10,pv_first,recency,4,11,24,0.06430741641073529,0.7916666666666666,24
reserve10,pv_first,recency,4,12,25,0.0683846554924871,0.8,25
reserve10,pv_first,recency,4,13,24,0.07843878684004471,0.7916666666666666,24
reserve10,pv_first,recency,4,14,25,0.06897281400181038,0.84,25
reserve10,pv_first,recency,4,15,27,0.05717215643943328,0.8518518518518519,27
reserve10,pv_first,recency,4,16,27,0.05343361717252172,0.8518518518518519,27
reserve10,pv_first,recency,4,17,23,0.06252469216105036,0.9130434782608695,23
reserve10,pv_first,recency,4,18,23,0.07159919233899716,0.8260869565217391,23
reserve10,pv_first,recency,4,19,25,0.055894058376076666,0.84,25
reserve10,pv_first,recency,4,20,25,0.04652383202448725,0.96,25
reserve10,pv_first,recency,4,21,22,0.040018859147804946,0.9545454545454546,22
reserve10,pv_first,recency,4,22,22,0.07980900190330263,0.8181818181818182,22
reserve10,pv_first,recency,4,23,20,0.0903020235538403,0.8,20
reserve10,pv_first,rolling,1,0,22,0.03180068068603965,0.9545454545454546,22
reserve10,pv_first,rolling,1,1,22,0.03548406983251635,1.0,22
reserve10,pv_first,rolling,1,2,20,0.037667018176574925,1.0,20
reserve10,pv_first,rolling,1,3,17,0.03825386953039335,0.9411764705882353,17
reserve10,pv_first,rolling,1,4,19,0.03591436163504897,0.9473684210526315,19
reserve10,pv_first,rolling,1,5,20,0.04422841272004759,0.95,20
reserve10,pv_first,rolling,1,6,23,0.04007689586614891,0.9130434782608695,23
reserve10,pv_first,rolling,1,7,21,0.03533906726555863,0.9523809523809523,21
reserve10,pv_first,rolling,1,8,23,0.037724638706245546,0.8695652173913043,23
reserve10,pv_first,rolling,1,9,23,0.03836240410265379,0.8695652173913043,23
reserve10,pv_first,rolling,1,10,23,0.03488187312261143,0.7391304347826086,23
reserve10,pv_first,rolling,1,11,23,0.03833909121390959,0.8695652173913043,23
reserve10,pv_first,rolling,1,12,24,0.030403377512695572,0.875,24
reserve10,pv_first,rolling,1,13,21,0.04075992148126296,0.8095238095238095,21
reserve10,pv_first,rolling,1,14,24,0.0280844998981756,0.9583333333333334,24
reserve10,pv_first,rolling,1,15,25,0.037439882564662255,0.84,25
reserve10,pv_first,rolling,1,16,24,0.04170363415094652,0.875,24
reserve10,pv_first,rolling,1,17,25,0.044307087736691744,0.8,25
reserve10,pv_first,rolling,1,18,27,0.026490761966664174,0.9259259259259259,27
reserve10,pv_first,rolling,1,19,27,0.038835939537771966,0.8888888888888888,27
reserve10,pv_first,rolling,1,20,23,0.04609819163018848,0.8695652173913043,23
reserve10,pv_first,rolling,1,21,23,0.03955441425859429,0.9130434782608695,23
reserve10,pv_first,rolling,1,22,25,0.032659277980028115,0.92,25
reserve10,pv_first,rolling,1,23,25,0.025593109011812335,0.88,25
reserve10,pv_first,rolling,2,0,22,0.04856746005780918,0.9545454545454546,22
reserve10,pv_first,rolling,2,1,20,0.04952793237305026,1.0,20
reserve10,pv_first,rolling,2,2,17,0.06245410789867403,1.0,17
reserve10,pv_first,rolling,2,3,19,0.048509791744140586,0.9473684210526315,19
reserve10,pv_first,rolling,2,4,20,0.05410280837730701,0.95,20
reserve10,pv_first,rolling,2,5,23,0.05579158952200882,0.9130434782608695,23
reserve10,pv_first,rolling,2,6,21,0.05349101408664697,0.9523809523809523,21
reserve10,pv_first,rolling,2,7,23,0.0506263242605109,0.9565217391304348,23
reserve10,pv_first,rolling,2,8,23,0.049935845428761276,0.9565217391304348,23
reserve10,pv_first,rolling,2,9,23,0.048265772821949285,0.8260869565217391,23
reserve10,pv_first,rolling,2,10,23,0.05542312845823834,0.782608695652174,23
reserve10,pv_first,rolling,2,11,24,0.05155759717357733,0.875,24
reserve10,pv_first,rolling,2,12,21,0.06380144904291549,0.7619047619047619,21
reserve10,pv_first,rolling,2,13,24,0.05078987989683536,0.7916666666666666,24
reserve10,pv_first,rolling,2,14,25,0.04988422037487965,0.92,25
reserve10,pv_first,rolling,2,15,24,0.062044377977364,0.7916666666666666,24
reserve10,pv_first,rolling,2,16,25,0.05624771180366494,0.88,25
reserve10,pv_first,rolling,2,17,27,0.049526359889793044,0.8518518518518519,27
reserve10,pv_first,rolling,2,18,27,0.042852866207082625,0.8888888888888888,27
reserve10,pv_first,rolling,2,19,23,0.06330014655013237,0.8695652173913043,23
reserve10,pv_first,rolling,2,20,23,0.0661027237697664,0.782608695652174,23
reserve10,pv_first,rolling,2,21,25,0.041309357066897465,0.84,25
reserve10,pv_first,rolling,2,22,25,0.033925128549987305,0.96,25
reserve10,pv_first,rolling,2,23,22,0.035826359773785635,0.9545454545454546,22
reserve10,pv_first,rolling,3,0,20,0.05316970940679707,1.0,20
reserve10,pv_first,rolling,3,1,17,0.06708214419056091,1.0,17
reserve10,pv_first,rolling,3,2,19,0.06006021012669856,0.9473684210526315,19
reserve10,pv_first,rolling,3,3,20,0.05673353308997007,1.0,20
reserve10,pv_first,rolling,3,4,23,0.05851626477351702,0.9130434782608695,23
reserve10,pv_first,rolling,3,5,21,0.06770730666373226,0.9523809523809523,21
reserve10,pv_first,rolling,3,6,23,0.054783598510509506,0.8695652173913043,23
reserve10,pv_first,rolling,3,7,23,0.05296961818378025,0.9130434782608695,23
reserve10,pv_first,rolling,3,8,23,0.05620985898759856,0.8260869565217391,23
reserve10,pv_first,rolling,3,9,23,0.06340952807964714,0.782608695652174,23
reserve10,pv_first,rolling,3,10,24,0.05795640936009014,0.8333333333333334,24
reserve10,pv_first,rolling,3,11,21,0.07287463110862281,0.7619047619047619,21
reserve10,pv_first,rolling,3,12,24,0.05984454602440061,0.7916666666666666,24
reserve10,pv_first,rolling,3,13,25,0.06143659166438299,0.8,25
reserve10,pv_first,rolling,3,14,24,0.07135931266202318,0.8333333333333334,24
reserve10,pv_first,rolling,3,15,25,0.06559159324580104,0.88,25
reserve10,pv_first,rolling,3,16,27,0.05512536442096055,0.8518518518518519,27
reserve10,pv_first,rolling,3,17,27,0.052831753974802255,0.9259259259259259,27
reserve10,pv_first,rolling,3,18,23,0.06034673050873337,0.8695652173913043,23
reserve10,pv_first,rolling,3,19,23,0.07136984756568845,0.8260869565217391,23
reserve10,pv_first,rolling,3,20,25,0.053359877058036326,0.84,25
reserve10,pv_first,rolling,3,21,25,0.040788066075053024,0.96,25
reserve10,pv_first,rolling,3,22,22,0.04027275327957641,0.9545454545454546,22
reserve10,pv_first,rolling,3,23,22,0.07624679683249797,0.8636363636363636,22
reserve10,pv_first,rolling,4,0,17,0.0741976285070748,1.0,17
reserve10,pv_first,rolling,4,1,19,0.06894318605203996,1.0,19
reserve10,pv_first,rolling,4,2,20,0.061464359227347366,1.0,20
reserve10,pv_first,rolling,4,3,23,0.056395239027552065,0.9565217391304348,23
reserve10,pv_first,rolling,4,4,21,0.06990388998235843,0.8571428571428571,21
reserve10,pv_first,rolling,4,5,23,0.061917434539167086,0.8695652173913043,23
reserve10,pv_first,rolling,4,6,23,0.0562369883369246,0.9130434782608695,23
reserve10,pv_first,rolling,4,7,23,0.05507575519839637,0.8695652173913043,23
reserve10,pv_first,rolling,4,8,23,0.06529515272427987,0.782608695652174,23
reserve10,pv_first,rolling,4,9,24,0.06000477722085887,0.875,24
reserve10,pv_first,rolling,4,10,21,0.08104113623903728,0.7619047619047619,21
reserve10,pv_first,rolling,4,11,24,0.06414202660137766,0.8333333333333334,24
reserve10,pv_first,rolling,4,12,25,0.06819618804576179,0.8,25
reserve10,pv_first,rolling,4,13,24,0.07825044442588648,0.8333333333333334,24
reserve10,pv_first,rolling,4,14,25,0.06922032942848616,0.84,25
reserve10,pv_first,rolling,4,15,27,0.057361973667702536,0.8888888888888888,27
reserve10,pv_first,rolling,4,16,27,0.053387934255615194,0.8518518518518519,27
reserve10,pv_first,rolling,4,17,23,0.06254994778499488,0.9130434782608695,23
reserve10,pv_first,rolling,4,18,23,0.07180416367195681,0.8260869565217391,23
reserve10,pv_first,rolling,4,19,25,0.05584070648280544,0.8,25
reserve10,pv_first,rolling,4,20,25,0.04677173958737458,0.92,25
reserve10,pv_first,rolling,4,21,22,0.04006679488489385,0.9545454545454546,22
reserve10,pv_first,rolling,4,22,22,0.07940282487989557,0.8636363636363636,22
reserve10,pv_first,rolling,4,23,20,0.0900180837238665,0.8,20
reserve10,pv_first,single_imputation,1,0,22,0.03035491274096154,0.9090909090909091,22
reserve10,pv_first,single_imputation,1,1,22,0.04177443584696375,0.8636363636363636,22
reserve10,pv_first,single_imputation,1,2,20,0.04556516471818596,0.85,20
reserve10,pv_first,single_imputation,1,3,17,0.03800668204943049,0.8235294117647058,17
reserve10,pv_first,single_imputation,1,4,19,0.03710198334410345,0.9473684210526315,19
reserve10,pv_first,single_imputation,1,5,20,0.05221171608135482,0.8,20
reserve10,pv_first,single_imputation,1,6,23,0.040476469534592996,0.8260869565217391,23
reserve10,pv_first,single_imputation,1,7,21,0.04153823841251736,0.8571428571428571,21
reserve10,pv_first,single_imputation,1,8,23,0.04519034596325763,0.8695652173913043,23
reserve10,pv_first,single_imputation,1,9,23,0.04531042231528737,0.8695652173913043,23
reserve10,pv_first,single_imputation,1,10,23,0.033515647734500706,0.9130434782608695,23
reserve10,pv_first,single_imputation,1,11,23,0.04168324944088188,0.9565217391304348,23
reserve10,pv_first,single_imputation,1,12,24,0.030987327396346454,0.875,24
reserve10,pv_first,single_imputation,1,13,21,0.046864981317384584,0.8095238095238095,21
reserve10,pv_first,single_imputation,1,14,24,0.030355473344177968,0.9583333333333334,24
reserve10,pv_first,single_imputation,1,15,25,0.040130782943447046,0.88,25
reserve10,pv_first,single_imputation,1,16,24,0.04670931938865735,0.875,24
reserve10,pv_first,single_imputation,1,17,25,0.05019321134025998,0.8,25
reserve10,pv_first,single_imputation,1,18,27,0.03139008546082814,0.9259259259259259,27
reserve10,pv_first,single_imputation,1,19,27,0.04421900408013225,0.8518518518518519,27
reserve10,pv_first,single_imputation,1,20,23,0.05804016698614355,0.782608695652174,23
reserve10,pv_first,single_imputation,1,21,23,0.04862439659008416,0.8695652173913043,23
reserve10,pv_first,single_imputation,1,22,25,0.03775009109457004,0.96,25
reserve10,pv_first,single_imputation,1,23,25,0.03342303155760062,0.92,25
reserve10,pv_first,single_imputation,2,0,22,0.049287342069213945,0.8181818181818182,22
reserve10,pv_first,single_imputation,2,1,20,0.04054541726422091,0.85,20
reserve10,pv_first,single_imputation,2,2,17,0.06975862632600928,0.7647058823529411,17
reserve10,pv_first,single_imputation,2,3,19,0.057782327847104145,0.7894736842105263,19
reserve10,pv_first,single_imputation,2,4,20,0.06522859058892035,0.8,20
reserve10,pv_first,single_imputation,2,5,23,0.0652752104538739,0.8260869565217391,23
reserve10,pv_first,single_imputation,2,6,21,0.059306479291763366,0.7142857142857143,21
reserve10,pv_first,single_imputation,2,7,23,0.06334649183186879,0.782608695652174,23
reserve10,pv_first,single_imputation,2,8,23,0.060682496662185066,0.8260869565217391,23
reserve10,pv_first,single_imputation,2,9,23,0.05760166299662001,0.782608695652174,23
reserve10,pv_first,single_imputation,2,10,23,0.059913974753004126,0.782608695652174,23
reserve10,pv_first,single_imputation,2,11,24,0.05475459742399972,0.9166666666666666,24
reserve10,pv_first,single_imputation,2,12,21,0.07006793278863553,0.8095238095238095,21
reserve10,pv_first,single_imputation,2,13,24,0.04454047121222016,0.875,24
reserve10,pv_first,single_imputation,2,14,25,0.05486878700838857,0.84,25
reserve10,pv_first,single_imputation,2,15,24,0.07462772239044681,0.75,24
reserve10,pv_first,single_imputation,2,16,25,0.06217118986368599,0.88,25
reserve10,pv_first,single_imputation,2,17,27,0.05702504216715613,0.8518518518518519,27
reserve10,pv_first,single_imputation,2,18,27,0.04671103611269637,0.8518518518518519,27
reserve10,pv_first,single_imputation,2,19,23,0.08015163227940159,0.8695652173913043,23
reserve10,pv_first,single_imputation,2,20,23,0.07554811760485194,0.7391304347826086,23
reserve10,pv_first,single_imputation,2,21,25,0.042179096582742825,0.92,25
reserve10,pv_first,single_imputation,2,22,25,0.04598016283629422,0.88,25
reserve10,pv_first,single_imputation,2,23,22,0.04736649093204029,0.9545454545454546,22
reserve10,pv_first,single_imputation,3,0,20,0.052168905443928416,0.85,20
reserve10,pv_first,single_imputation,3,1,17,0.06638010451379865,0.7647058823529411,17
reserve10,pv_first,single_imputation,3,2,19,0.06813468021945093,0.7368421052631579,19
reserve10,pv_first,single_imputation,3,3,20,0.06625903026415988,0.8,20
reserve10,pv_first,single_imputation,3,4,23,0.07018526567167103,0.8260869565217391,23
reserve10,pv_first,single_imputation,3,5,21,0.07843570119516426,0.8571428571428571,21
reserve10,pv_first,single_imputation,3,6,23,0.0643606878086498,0.8695652173913043,23
reserve10,pv_first,single_imputation,3,7,23,0.05590884782843344,0.8695652173913043,23
reserve10,pv_first,single_imputation,3,8,23,0.05897090226483397,0.782608695652174,23
reserve10,pv_first,single_imputation,3,9,23,0.0728137238847144,0.7391304347826086,23
reserve10,pv_first,single_imputation,3,10,24,0.06974198634471646,0.8333333333333334,24
reserve10,pv_first,single_imputation,3,11,21,0.08206269242353138,0.8095238095238095,21
reserve10,pv_first,single_imputation,3,12,24,0.06189840365668697,0.7916666666666666,24
reserve10,pv_first,single_imputation,3,13,25,0.06402307490794049,0.76,25
reserve10,pv_first,single_imputation,3,14,24,0.07611980106012743,0.7916666666666666,24
reserve10,pv_first,single_imputation,3,15,25,0.07613381363787373,0.76,25
reserve10,pv_first,single_imputation,3,16,27,0.07498750044753112,0.7777777777777778,27
reserve10,pv_first,single_imputation,3,17,27,0.057790776055947395,0.8148148148148148,27
reserve10,pv_first,single_imputation,3,18,23,0.07119511395490791,0.8695652173913043,23
reserve10,pv_first,single_imputation,3,19,23,0.08592435749179607,0.782608695652174,23
reserve10,pv_first,single_imputation,3,20,25,0.05887745213141189,0.84,25
reserve10,pv_first,single_imputation,3,21,25,0.04711720014082065,0.92,25
reserve10,pv_first,single_imputation,3,22,22,0.04763717056779516,0.9090909090909091,22
reserve10,pv_first,single_imputation,3,23,22,0.10491086860751063,0.5909090909090909,22
reserve10,pv_first,single_imputation,4,0,17,0.079317402078426,0.7058823529411765,17
reserve10,pv_first,single_imputation,4,1,19,0.06757695220684583,0.6842105263157895,19
reserve10,pv_first,single_imputation,4,2,20,0.07152916017629354,0.75,20
reserve10,pv_first,single_imputation,4,3,23,0.06979576455941502,0.8695652173913043,23
reserve10,pv_first,single_imputation,4,4,21,0.08244911916506059,0.8095238095238095,21
reserve10,pv_first,single_imputation,4,5,23,0.07652385462736642,0.8260869565217391,23
reserve10,pv_first,single_imputation,4,6,23,0.05770027924465798,0.9130434782608695,23
reserve10,pv_first,single_imputation,4,7,23,0.05925113186452384,0.8260869565217391,23
reserve10,pv_first,single_imputation,4,8,23,0.08907690695358488,0.6521739130434783,23
reserve10,pv_first,single_imputation,4,9,24,0.07789938789405314,0.8333333333333334,24
reserve10,pv_first,single_imputation,4,10,21,0.09586113699961277,0.8095238095238095,21
reserve10,pv_first,single_imputation,4,11,24,0.07351945181707727,0.8333333333333334,24
reserve10,pv_first,single_imputation,4,12,25,0.07801960376754152,0.76,25
reserve10,pv_first,single_imputation,4,13,24,0.08720361219034857,0.75,24
reserve10,pv_first,single_imputation,4,14,25,0.08330566983824714,0.84,25
reserve10,pv_first,single_imputation,4,15,27,0.07878198861008875,0.7777777777777778,27
reserve10,pv_first,single_imputation,4,16,27,0.06376169210809587,0.7777777777777778,27
reserve10,pv_first,single_imputation,4,17,23,0.07321499438891127,0.8260869565217391,23
reserve10,pv_first,single_imputation,4,18,23,0.07692391959499556,0.8260869565217391,23
reserve10,pv_first,single_imputation,4,19,25,0.07406919826288891,0.8,25
reserve10,pv_first,single_imputation,4,20,25,0.05169429875482809,0.92,25
reserve10,pv_first,single_imputation,4,21,22,0.047056709174508056,0.9090909090909091,22
reserve10,pv_first,single_imputation,4,22,22,0.10891776249196679,0.5909090909090909,22
reserve10,pv_first,single_imputation,4,23,20,0.11320694623139112,0.7,20
