split,scenario,phase,method,horizon,n,nwis,wis_kw,mae_kw,coverage50,coverage80,coverage90,width90_kw,events
calibration,clean,background,context,1,630,0.08855635835808202,23.972206207532803,69.26326524967207,0.6063492063492063,0.8365079365079365,0.9380952380952381,134.76574251769767,0
calibration,clean,background,context,2,630,0.09411666142175569,25.477380246869263,61.97308732539983,0.526984126984127,0.8063492063492064,0.9603174603174603,147.77537388513957,0
calibration,clean,background,context,3,630,0.11117536358898868,30.095170923539232,89.47246143662053,0.5301587301587302,0.7888888888888889,0.9444444444444444,151.80463072117195,0
calibration,clean,background,context,4,630,0.11899292625491305,32.211385137204964,102.18036177248676,0.5095238095238095,0.765079365079365,0.9015873015873016,142.86687534709014,0
calibration,clean,background,persistence,1,630,0.06616295565289286,17.910312095238094,30.748868148148148,0.19682539682539682,0.6301587301587301,0.8111111111111111,90.67210743386242,0
calibration,clean,background,persistence,2,630,0.1067622593324158,28.900543601284962,51.38375722222222,0.22380952380952382,0.6206349206349207,0.8015873015873016,143.2125089153439,0
calibration,clean,background,persistence,3,630,0.1382379184240293,37.42100451738473,67.59195544973545,0.24444444444444444,0.638095238095238,0.7761904761904762,179.5402977777778,0
calibration,clean,background,persistence,4,630,0.15907322981542493,43.06112331103552,80.12243455026454,0.29365079365079366,0.6428571428571429,0.7857142857142857,203.2405601058201,0
calibration,clean,background,quantile_raw,1,630,0.08855288177465163,23.971265096398195,69.26326524967207,0.6063492063492063,0.8365079365079365,0.9380952380952381,134.76574251769767,0
calibration,clean,background,quantile_raw,2,630,0.09419872883029036,25.499595894359597,61.97308732539983,0.526984126984127,0.8031746031746032,0.9603174603174603,147.75199277462238,0
calibration,clean,background,quantile_raw,3,630,0.11128664901392667,30.12529588806995,89.47246143662053,0.5301587301587302,0.780952380952381,0.9444444444444444,151.76837480208377,0
calibration,clean,background,quantile_raw,4,630,0.12197875600433868,33.01964925037448,102.18036177248676,0.5079365079365079,0.6793650793650794,0.8047619047619048,137.14277624829506,0
calibration,clean,background,recovery,1,630,0.08855605609220735,23.972124384160526,69.26326524967207,0.6063492063492063,0.8365079365079365,0.9380952380952381,134.76574251769767,0
calibration,clean,background,recovery,2,630,0.09421400270342012,25.503730531815826,61.97308732539983,0.526984126984127,0.8031746031746032,0.9603174603174603,147.75199277462238,0
calibration,clean,background,recovery,3,630,0.11128738917601376,30.125496249946924,89.47246143662053,0.5301587301587302,0.780952380952381,0.9444444444444444,151.76837480208377,0
calibration,clean,background,recovery,4,630,0.12150883253301446,32.89244096668701,102.18036177248676,0.5079365079365079,0.7015873015873015,0.8269841269841269,138.99896992676625,0
calibration,clean,background,rolling,1,630,0.08855605609220735,23.972124384160526,69.26326524967207,0.6063492063492063,0.8365079365079365,0.9380952380952381,134.76574251769767,0
calibration,clean,background,rolling,2,630,0.09421400270342012,25.503730531815826,61.97308732539983,0.526984126984127,0.8031746031746032,0.9603174603174603,147.75199277462238,0
calibration,clean,background,rolling,3,630,0.11128738917601376,30.125496249946924,89.47246143662053,0.5301587301587302,0.780952380952381,0.9444444444444444,151.76837480208377,0
calibration,clean,background,rolling,4,630,0.12148319278802386,32.88550028771806,102.18036177248676,0.5079365079365079,0.6984126984126984,0.8317460317460318,139.3048722085147,0
calibration,irradiance_first,background,context,1,493,0.08855702861724368,23.972387646687864,69.49663880630236,0.6206896551724138,0.8356997971602435,0.9310344827586207,134.0297830811844,0
calibration,irradiance_first,background,context,2,499,0.0944434030092465,25.56582919460303,62.70427590530975,0.5270541082164328,0.8156312625250501,0.9539078156312625,147.84948409651295,0
calibration,irradiance_first,background,context,3,505,0.1119256547305946,30.298274735571955,90.55094844956314,0.5326732673267327,0.7920792079207921,0.9386138613861386,152.3340886553619,0
calibration,irradiance_first,background,context,4,511,0.11988648046128803,32.45327026087067,103.40070841487281,0.5185909980430529,0.7671232876712328,0.9080234833659491,144.45343402007958,0
calibration,irradiance_first,background,persistence,1,493,0.06513191968863008,17.63121065971216,30.96695848546315,0.2150101419878296,0.665314401622718,0.8600405679513184,96.22644983096687,0
calibration,irradiance_first,background,persistence,2,499,0.10549432062006048,28.557312591850366,51.66570297261189,0.23446893787575152,0.6432865731462926,0.8196392785571143,149.67367434869738,0
calibration,irradiance_first,background,persistence,3,505,0.13631058210095642,36.8992745747289,68.08352442244225,0.25544554455445545,0.6574257425742575,0.7960396039603961,184.3975572937294,0
calibration,irradiance_first,background,persistence,4,511,0.15705924954534295,42.51593885192433,80.46060991519896,0.2974559686888454,0.6594911937377691,0.8003913894324853,206.11645273972601,0
calibration,irradiance_first,background,quantile_raw,1,493,0.0885528230680762,23.971249204528227,69.49663880630236,0.6206896551724138,0.8356997971602435,0.9310344827586207,134.0297830811844,0
calibration,irradiance_first,background,quantile_raw,2,499,0.09451570364279953,25.58540097610583,62.70427590530975,0.5270541082164328,0.8136272545090181,0.9539078156312625,147.81787080185015,0
calibration,irradiance_first,background,quantile_raw,3,505,0.11201217615001959,30.321696083810302,90.55094844956314,0.5326732673267327,0.7861386138613862,0.9386138613861386,152.30681715171852,0
calibration,irradiance_first,background,quantile_raw,4,511,0.12256739280235339,33.17899323159706,103.40070841487281,0.5166340508806262,0.684931506849315,0.8101761252446184,139.38842588313705,0
calibration,irradiance_first,background,recovery,1,493,0.08855687949821839,23.972347280167718,69.49663880630236,0.6206896551724138,0.8356997971602435,0.9310344827586207,134.0297830811844,0
calibration,irradiance_first,background,recovery,2,499,0.0945349872902379,25.590621059467402,62.70427590530975,0.5270541082164328,0.8136272545090181,0.9539078156312625,147.81787080185015,0
calibration,irradiance_first,background,recovery,3,505,0.11201309952054407,30.32194604021128,90.55094844956314,0.5326732673267327,0.7861386138613862,0.9386138613861386,152.30681715171852,0
calibration,irradiance_first,background,recovery,4,511,0.12199358408694065,33.02366321233483,103.40070841487281,0.5166340508806262,0.7084148727984344,0.8414872798434442,141.63995850605338,0
calibration,irradiance_first,background,rolling,1,493,0.08855687949821839,23.972347280167718,69.49663880630236,0.6206896551724138,0.8356997971602435,0.9310344827586207,134.0297830811844,0
calibration,irradiance_first,background,rolling,2,499,0.0945349872902379,25.590621059467402,62.70427590530975,0.5270541082164328,0.8136272545090181,0.9539078156312625,147.81787080185015,0
calibration,irradiance_first,background,rolling,3,505,0.11201309952054407,30.32194604021128,90.55094844956314,0.5326732673267327,0.7861386138613862,0.9386138613861386,152.30681715171852,0
calibration,irradiance_first,background,rolling,4,511,0.12209149329913929,33.05016723607701,103.40070841487281,0.5166340508806262,0.7064579256360078,0.8414872798434442,141.50519464533582,0
calibration,irradiance_first,outage,context,1,49,0.07161072069247827,19.38502209145387,33.0651565261377,0.6326530612244898,0.8979591836734694,0.9795918367346939,184.79530613808433,6
calibration,irradiance_first,outage,context,2,44,0.07520537747983012,20.35809568379001,32.395799258359666,0.7272727272727273,0.8636363636363636,0.9090909090909091,157.73051866167762,6
calibration,irradiance_first,outage,context,3,39,0.0780368191663339,21.12456694832659,40.58353356481725,0.5897435897435898,0.8205128205128205,0.9487179487179487,137.66570618328157,6
calibration,irradiance_first,outage,context,4,33,0.09404715011647659,25.458563536530214,74.17516464646465,0.3939393939393939,0.696969696969697,0.9090909090909091,114.7973613434232,6
calibration,irradiance_first,outage,persistence,1,49,0.15077903362516573,40.81588440233236,57.02774931972789,0.14285714285714285,0.46938775510204084,0.5510204081632653,99.63294557823127,6
calibration,irradiance_first,outage,persistence,2,44,0.12896599034969464,34.911093587662336,55.3240731060606,0.29545454545454547,0.6590909090909091,0.7045454545454546,152.13871325757577,6
calibration,irradiance_first,outage,persistence,3,39,0.11606049803949695,31.417576819291817,53.34374957264957,0.358974358974359,0.7435897435897436,0.8717948717948718,192.32115512820513,6
calibration,irradiance_first,outage,persistence,4,33,0.11711374140369338,31.702689797979797,54.7783,0.48484848484848486,0.8484848484848485,0.8787878787878788,223.75852323232323,6
calibration,irradiance_first,outage,quantile_raw,1,49,0.07161072069247827,19.38502209145387,33.0651565261377,0.6326530612244898,0.8979591836734694,0.9795918367346939,184.79530613808433,6
calibration,irradiance_first,outage,quantile_raw,2,44,0.07519852296006767,20.356240165290316,32.395799258359666,0.7272727272727273,0.8636363636363636,0.9090909090909091,157.60063236669885,6
calibration,irradiance_first,outage,quantile_raw,3,39,0.07849102318658614,21.247519976608867,40.58353356481725,0.5897435897435898,0.7435897435897436,0.9487179487179487,136.97969934180873,6
calibration,irradiance_first,outage,quantile_raw,4,33,0.10120505368569122,27.39620803271661,74.17516464646465,0.3939393939393939,0.45454545454545453,0.6363636363636364,103.8030976155765,6
calibration,irradiance_first,outage,recovery,1,49,0.07161072069247827,19.38502209145387,33.0651565261377,0.6326530612244898,0.8979591836734694,0.9795918367346939,184.79530613808433,6
calibration,irradiance_first,outage,recovery,2,44,0.07519852296006767,20.356240165290316,32.395799258359666,0.7272727272727273,0.8636363636363636,0.9090909090909091,157.60063236669885,6
calibration,irradiance_first,outage,recovery,3,39,0.07849102318658614,21.247519976608867,40.58353356481725,0.5897435897435898,0.7435897435897436,0.9487179487179487,136.97969934180873,6
calibration,irradiance_first,outage,recovery,4,33,0.09744966303071989,26.379623782415877,74.17516464646465,0.3939393939393939,0.5757575757575758,0.7575757575757576,109.06420100867128,6
calibration,irradiance_first,outage,rolling,1,49,0.07161072069247827,19.38502209145387,33.0651565261377,0.6326530612244898,0.8979591836734694,0.9795918367346939,184.79530613808433,6
calibration,irradiance_first,outage,rolling,2,44,0.07519852296006767,20.356240165290316,32.395799258359666,0.7272727272727273,0.8636363636363636,0.9090909090909091,157.60063236669885,6
calibration,irradiance_first,outage,rolling,3,39,0.07849102318658614,21.247519976608867,40.58353356481725,0.5897435897435898,0.7435897435897436,0.9487179487179487,136.97969934180873,6
calibration,irradiance_first,outage,rolling,4,33,0.09922366035448416,26.859844857958862,74.17516464646465,0.3939393939393939,0.45454545454545453,0.6666666666666666,105.58247048251434,6
calibration,irradiance_first,partial_restoration,context,1,2,0.02043520695670823,5.531810523180917,4.390924585304894,1.0,1.0,1.0,97.70882191656867,1
calibration,irradiance_first,partial_restoration,context,2,1,0.01584255680931461,4.288580128281464,2.7832417522219077,1.0,1.0,1.0,73.7416691032438,1
calibration,irradiance_first,partial_restoration,persistence,1,2,0.05251015444966313,14.21449880952381,26.51334166666667,0.0,0.5,1.0,82.25216666666667,1
calibration,irradiance_first,partial_restoration,persistence,2,1,0.06238976814959453,16.88891023809524,34.046350000000004,0.0,1.0,1.0,104.54471666666666,1
calibration,irradiance_first,partial_restoration,quantile_raw,1,2,0.02043520695670823,5.531810523180917,4.390924585304894,1.0,1.0,1.0,97.70882191656867,1
calibration,irradiance_first,partial_restoration,quantile_raw,2,1,0.01584255680931461,4.288580128281464,2.7832417522219077,1.0,1.0,1.0,73.7416691032438,1
calibration,irradiance_first,partial_restoration,recovery,1,2,0.02043520695670823,5.531810523180917,4.390924585304894,1.0,1.0,1.0,97.70882191656867,1
calibration,irradiance_first,partial_restoration,recovery,2,1,0.01584255680931461,4.288580128281464,2.7832417522219077,1.0,1.0,1.0,73.7416691032438,1
calibration,irradiance_first,partial_restoration,rolling,1,2,0.02043520695670823,5.531810523180917,4.390924585304894,1.0,1.0,1.0,97.70882191656867,1
calibration,irradiance_first,partial_restoration,rolling,2,1,0.01584255680931461,4.288580128281464,2.7832417522219077,1.0,1.0,1.0,73.7416691032438,1
calibration,irradiance_first,recovery,context,1,86,0.08842110636646243,23.935593493401377,70.55278090140939,0.5697674418604651,0.8604651162790697,0.9883720930232558,137.40804312296194,6
calibration,irradiance_first,recovery,context,2,86,0.09562067113299597,25.884515675702005,64.43176956928762,0.5348837209302325,0.7674418604651163,1.0,149.6293248783206,6
calibration,irradiance_first,recovery,context,3,86,0.11503627681278299,31.140320133220357,94.28633264710481,0.5348837209302325,0.7790697674418605,0.9767441860465116,154.80989805781317,6
calibration,irradiance_first,recovery,context,4,86,0.12401038309977498,33.569610705109085,105.6754125968992,0.5232558139534884,0.7674418604651163,0.8488372093023255,143.79517294650685,6
calibration,irradiance_first,recovery,persistence,1,86,0.06267625243360289,16.9664615337763,30.74363798449612,0.23255813953488372,0.6976744186046512,0.9069767441860465,102.79126220930232,6
calibration,irradiance_first,recovery,persistence,2,86,0.10778488079590219,29.17736723145072,53.08414767441861,0.23255813953488372,0.6511627906976745,0.8372093023255814,157.28394011627907,6
calibration,irradiance_first,recovery,persistence,3,86,0.1440110707607241,38.983796854928016,70.97588410852713,0.3023255813953488,0.6395348837209303,0.8023255813953488,194.504232751938,6
calibration,irradiance_first,recovery,persistence,4,86,0.16676324344292576,45.142810000000004,83.44705077519379,0.32558139534883723,0.6744186046511628,0.7674418604651163,218.17511841085272,6
calibration,irradiance_first,recovery,quantile_raw,1,86,0.08842110636646243,23.935593493401377,70.55278090140939,0.5697674418604651,0.8604651162790697,0.9883720930232558,137.40804312296194,6
calibration,irradiance_first,recovery,quantile_raw,2,86,0.09559619842401182,25.87789091338,64.43176956928762,0.5348837209302325,0.7674418604651163,1.0,149.6293248783206,6
calibration,irradiance_first,recovery,quantile_raw,3,86,0.1151040360545167,31.158662559957673,94.28633264710481,0.5348837209302325,0.7674418604651163,0.9767441860465116,154.79139925507087,6
calibration,irradiance_first,recovery,quantile_raw,4,86,0.1263882335078794,34.21329481058296,105.6754125968992,0.5232558139534884,0.7209302325581395,0.8255813953488372,138.08388474537048,6
calibration,irradiance_first,recovery,recovery,1,86,0.08842110636646243,23.935593493401377,70.55278090140939,0.5697674418604651,0.8604651162790697,0.9883720930232558,137.40804312296194,6
calibration,irradiance_first,recovery,recovery,2,86,0.09559619842401182,25.87789091338,64.43176956928762,0.5348837209302325,0.7674418604651163,1.0,149.6293248783206,6
calibration,irradiance_first,recovery,recovery,3,86,0.1151040360545167,31.158662559957673,94.28633264710481,0.5348837209302325,0.7674418604651163,0.9767441860465116,154.79139925507087,6
calibration,irradiance_first,recovery,recovery,4,86,0.12604951422243751,34.12160350001383,105.6754125968992,0.5232558139534884,0.7441860465116279,0.8255813953488372,139.32298372017186,6
calibration,irradiance_first,recovery,rolling,1,86,0.08842110636646243,23.935593493401377,70.55278090140939,0.5697674418604651,0.8604651162790697,0.9883720930232558,137.40804312296194,6
calibration,irradiance_first,recovery,rolling,2,86,0.09559619842401182,25.87789091338,64.43176956928762,0.5348837209302325,0.7674418604651163,1.0,149.6293248783206,6
calibration,irradiance_first,recovery,rolling,3,86,0.1151040360545167,31.158662559957673,94.28633264710481,0.5348837209302325,0.7674418604651163,0.9767441860465116,154.79139925507087,6
calibration,irradiance_first,recovery,rolling,4,86,0.12625650530191165,34.177635985227475,105.6754125968992,0.5232558139534884,0.7325581395348837,0.8372093023255814,140.7912656966249,6
calibration,irradiance_only,background,context,1,493,0.08855727903087414,23.97245543365763,69.49663880630236,0.6206896551724138,0.8356997971602435,0.9310344827586207,134.0297830811844,0
calibration,irradiance_only,background,context,2,499,0.0944333110345605,25.563097297055528,62.70427590530975,0.5270541082164328,0.8156312625250501,0.9539078156312625,147.84948409651295,0
calibration,irradiance_only,background,context,3,505,0.11192456934202473,30.297980920886097,90.55094844956314,0.5326732673267327,0.7881188118811882,0.9386138613861386,152.3357583903071,0
calibration,irradiance_only,background,context,4,511,0.1198764327403214,32.450550342805,103.40070841487281,0.5185909980430529,0.7710371819960861,0.9080234833659491,144.4787535634415,0
calibration,irradiance_only,background,persistence,1,493,0.06669086894964603,18.05321822466918,30.96695848546315,0.20081135902636918,0.6227180527383367,0.8073022312373225,89.84971784989857,0
calibration,irradiance_only,background,persistence,2,499,0.10708193624394108,28.987080141234852,51.66570297261189,0.2124248496993988,0.6192384769539078,0.8016032064128257,141.53666649966598,0
calibration,irradiance_only,background,persistence,3,505,0.13866769881009422,37.5373460678925,68.08352442244225,0.23366336633663368,0.6336633663366337,0.7762376237623763,177.10681729372936,0
calibration,irradiance_only,background,persistence,4,511,0.15894701359611307,43.026956580467804,80.46060991519896,0.2837573385518591,0.639921722113503,0.7827788649706457,199.8731775277234,0
calibration,irradiance_only,background,quantile_raw,1,493,0.0885528230680762,23.971249204528227,69.49663880630236,0.6206896551724138,0.8356997971602435,0.9310344827586207,134.0297830811844,0
calibration,irradiance_only,background,quantile_raw,2,499,0.09451570364279953,25.58540097610583,62.70427590530975,0.5270541082164328,0.8136272545090181,0.9539078156312625,147.81787080185015,0
calibration,irradiance_only,background,quantile_raw,3,505,0.11201217615001959,30.321696083810302,90.55094844956314,0.5326732673267327,0.7861386138613862,0.9386138613861386,152.30681715171852,0
calibration,irradiance_only,background,quantile_raw,4,511,0.12256739280235339,33.17899323159706,103.40070841487281,0.5166340508806262,0.684931506849315,0.8101761252446184,139.38842588313705,0
calibration,irradiance_only,background,recovery,1,493,0.08855687949821839,23.972347280167718,69.49663880630236,0.6206896551724138,0.8356997971602435,0.9310344827586207,134.0297830811844,0
calibration,irradiance_only,background,recovery,2,499,0.0945349872902379,25.590621059467402,62.70427590530975,0.5270541082164328,0.8136272545090181,0.9539078156312625,147.81787080185015,0
calibration,irradiance_only,background,recovery,3,505,0.11201309952054407,30.32194604021128,90.55094844956314,0.5326732673267327,0.7861386138613862,0.9386138613861386,152.30681715171852,0
calibration,irradiance_only,background,recovery,4,511,0.12198881637265802,33.022372592078526,103.40070841487281,0.5166340508806262,0.7084148727984344,0.8414872798434442,141.62896716411157,0
calibration,irradiance_only,background,rolling,1,493,0.08855687949821839,23.972347280167718,69.49663880630236,0.6206896551724138,0.8356997971602435,0.9310344827586207,134.0297830811844,0
calibration,irradiance_only,background,rolling,2,499,0.0945349872902379,25.590621059467402,62.70427590530975,0.5270541082164328,0.8136272545090181,0.9539078156312625,147.81787080185015,0
calibration,irradiance_only,background,rolling,3,505,0.11201309952054407,30.32194604021128,90.55094844956314,0.5326732673267327,0.7861386138613862,0.9386138613861386,152.30681715171852,0
calibration,irradiance_only,background,rolling,4,511,0.12210108826122053,33.0527645923124,103.40070841487281,0.5166340508806262,0.7064579256360078,0.837573385518591,141.40657836711014,0
calibration,irradiance_only,outage,context,1,51,0.08259560812794206,22.358631120233916,54.604128928484535,0.5294117647058824,0.8431372549019608,0.9215686274509803,144.9586063817824,6
calibration,irradiance_only,outage,context,2,45,0.08636319273371881,23.378516273017684,47.471336108490654,0.5777777777777777,0.8222222222222222,0.9555555555555556,146.76874344645842,6
calibration,irradiance_only,outage,context,3,39,0.0960868173304606,26.010701451355683,66.76526781500463,0.46153846153846156,0.8461538461538461,0.9743589743589743,144.4153627474645,6
calibration,irradiance_only,outage,context,4,33,0.09396860493024012,25.437301354615997,74.17516464646465,0.36363636363636365,0.6363636363636364,0.8787878787878788,112.36561401179638,6
calibration,irradiance_only,outage,persistence,1,51,0.06320531381620496,17.109678450046687,28.649481045751635,0.1568627450980392,0.7450980392156863,0.8431372549019608,96.8366137254902,6
calibration,irradiance_only,outage,persistence,2,45,0.09734484743649131,26.3512502010582,45.007657037037035,0.35555555555555557,0.6222222222222222,0.8222222222222222,157.2571162962963,6
calibration,irradiance_only,outage,persistence,3,39,0.11314241984670503,30.627653052503053,53.76477094017093,0.3333333333333333,0.7692307692307693,0.8717948717948718,202.53516752136753,6
calibration,irradiance_only,outage,persistence,4,33,0.1353252601480529,36.63254792207792,66.22168888888889,0.36363636363636365,0.7575757575757576,0.9090909090909091,238.87174545454545,6
calibration,irradiance_only,outage,quantile_raw,1,51,0.08255188869086721,22.346796268617755,54.604128928484535,0.5294117647058824,0.8235294117647058,0.9215686274509803,144.13773204516582,6
calibration,irradiance_only,outage,quantile_raw,2,45,0.08628841616057628,23.358274254667993,47.471336108490654,0.5777777777777777,0.8222222222222222,0.9555555555555556,145.33764457640197,6
calibration,irradiance_only,outage,quantile_raw,3,39,0.09612957969967449,26.02227722470188,66.76526781500463,0.46153846153846156,0.8461538461538461,0.9743589743589743,144.4153627474645,6
calibration,irradiance_only,outage,quantile_raw,4,33,0.09969184509547002,26.986582467343734,74.17516464646465,0.36363636363636365,0.48484848484848486,0.696969696969697,102.20730860944953,6
calibration,irradiance_only,outage,recovery,1,51,0.08255188869086721,22.346796268617755,54.604128928484535,0.5294117647058824,0.8235294117647058,0.9215686274509803,144.13773204516582,6
calibration,irradiance_only,outage,recovery,2,45,0.08628841616057628,23.358274254667993,47.471336108490654,0.5777777777777777,0.8222222222222222,0.9555555555555556,145.33764457640197,6
calibration,irradiance_only,outage,recovery,3,39,0.09612957969967449,26.02227722470188,66.76526781500463,0.46153846153846156,0.8461538461538461,0.9743589743589743,144.4153627474645,6
calibration,irradiance_only,outage,recovery,4,33,0.0975694948229021,26.4120622485596,74.17516464646465,0.36363636363636365,0.5151515151515151,0.7575757575757576,106.00285970303486,6
calibration,irradiance_only,outage,rolling,1,51,0.08255188869086721,22.346796268617755,54.604128928484535,0.5294117647058824,0.8235294117647058,0.9215686274509803,144.13773204516582,6
calibration,irradiance_only,outage,rolling,2,45,0.08628841616057628,23.358274254667993,47.471336108490654,0.5777777777777777,0.8222222222222222,0.9555555555555556,145.33764457640197,6
calibration,irradiance_only,outage,rolling,3,39,0.09612957969967449,26.02227722470188,66.76526781500463,0.46153846153846156,0.8461538461538461,0.9743589743589743,144.4153627474645,6
calibration,irradiance_only,outage,rolling,4,33,0.09808283912603014,26.551024551416354,74.17516464646465,0.36363636363636365,0.48484848484848486,0.696969696969697,103.89048448698846,6
calibration,irradiance_only,recovery,context,1,86,0.08842110636646243,23.935593493401377,70.55278090140939,0.5697674418604651,0.8604651162790697,0.9883720930232558,137.40804312296194,6
calibration,irradiance_only,recovery,context,2,86,0.09562030592545914,25.884416814021787,64.43176956928762,0.5348837209302325,0.7674418604651163,1.0,149.6293248783206,6
calibration,irradiance_only,recovery,context,3,86,0.11505492375779393,31.145367861234817,94.28633264710481,0.5348837209302325,0.7790697674418605,0.9767441860465116,154.8095142249715,6
calibration,irradiance_only,recovery,context,4,86,0.12381426619489581,33.5165218589583,105.6754125968992,0.5232558139534884,0.7674418604651163,0.8488372093023255,143.86978064950074,6
calibration,irradiance_only,recovery,persistence,1,86,0.06489061237814599,17.56588877076412,30.74363798449612,0.19767441860465115,0.6046511627906976,0.813953488372093,91.73080794573643,6
calibration,irradiance_only,recovery,persistence,2,86,0.10983510533782849,29.732363014950167,53.08414767441861,0.22093023255813954,0.627906976744186,0.7906976744186046,145.58736976744186,6
calibration,irradiance_only,recovery,persistence,3,86,0.1470947248141789,39.818542007198225,70.97588410852713,0.26744186046511625,0.6046511627906976,0.7325581395348837,183.402015503876,6
calibration,irradiance_only,recovery,persistence,4,86,0.1689357819909091,45.73091618493909,83.44705077519379,0.32558139534883723,0.6162790697674418,0.7558139534883721,209.57664593023256,6
calibration,irradiance_only,recovery,quantile_raw,1,86,0.08842110636646243,23.935593493401377,70.55278090140939,0.5697674418604651,0.8604651162790697,0.9883720930232558,137.40804312296194,6
calibration,irradiance_only,recovery,quantile_raw,2,86,0.09559619842401182,25.87789091338,64.43176956928762,0.5348837209302325,0.7674418604651163,1.0,149.6293248783206,6
calibration,irradiance_only,recovery,quantile_raw,3,86,0.1151040360545167,31.158662559957673,94.28633264710481,0.5348837209302325,0.7674418604651163,0.9767441860465116,154.79139925507087,6
calibration,irradiance_only,recovery,quantile_raw,4,86,0.1263882335078794,34.21329481058296,105.6754125968992,0.5232558139534884,0.7209302325581395,0.8255813953488372,138.08388474537048,6
calibration,irradiance_only,recovery,recovery,1,86,0.08842110636646243,23.935593493401377,70.55278090140939,0.5697674418604651,0.8604651162790697,0.9883720930232558,137.40804312296194,6
calibration,irradiance_only,recovery,recovery,2,86,0.09559619842401182,25.87789091338,64.43176956928762,0.5348837209302325,0.7674418604651163,1.0,149.6293248783206,6
calibration,irradiance_only,recovery,recovery,3,86,0.1151040360545167,31.158662559957673,94.28633264710481,0.5348837209302325,0.7674418604651163,0.9767441860465116,154.79139925507087,6
calibration,irradiance_only,recovery,recovery,4,86,0.12606823647168353,34.12667161288473,105.6754125968992,0.5232558139534884,0.7325581395348837,0.8255813953488372,138.87978001324416,6
calibration,irradiance_only,recovery,rolling,1,86,0.08842110636646243,23.935593493401377,70.55278090140939,0.5697674418604651,0.8604651162790697,0.9883720930232558,137.40804312296194,6
calibration,irradiance_only,recovery,rolling,2,86,0.09559619842401182,25.87789091338,64.43176956928762,0.5348837209302325,0.7674418604651163,1.0,149.6293248783206,6
calibration,irradiance_only,recovery,rolling,3,86,0.1151040360545167,31.158662559957673,94.28633264710481,0.5348837209302325,0.7674418604651163,0.9767441860465116,154.79139925507087,6
calibration,irradiance_only,recovery,rolling,4,86,0.12624685429727872,34.17502345827335,105.6754125968992,0.5232558139534884,0.7325581395348837,0.8372093023255814,140.65331703833937,6
calibration,joint,background,context,1,493,0.08855666549110089,23.97228934844101,69.49663880630236,0.6206896551724138,0.8356997971602435,0.9310344827586207,134.0297830811844,0
calibration,joint,background,context,2,499,0.09444801354622333,25.567077266962656,62.70427590530975,0.5270541082164328,0.8176352705410822,0.9539078156312625,147.8471710317335,0
calibration,joint,background,context,3,505,0.11193150648164045,30.29985880458007,90.55094844956314,0.5326732673267327,0.7920792079207921,0.9386138613861386,152.33250813843756,0
calibration,joint,background,context,4,511,0.11989289868419363,32.45500767381122,103.40070841487281,0.5166340508806262,0.7651663405088063,0.9060665362035225,144.403165195815,0
calibration,joint,background,persistence,1,493,0.06513191968863008,17.63121065971216,30.96695848546315,0.2150101419878296,0.665314401622718,0.8600405679513184,96.22644983096687,0
calibration,joint,background,persistence,2,499,0.10549432062006048,28.557312591850366,51.66570297261189,0.23446893787575152,0.6432865731462926,0.8196392785571143,149.67367434869738,0
calibration,joint,background,persistence,3,505,0.13631058210095642,36.8992745747289,68.08352442244225,0.25544554455445545,0.6574257425742575,0.7960396039603961,184.3975572937294,0
calibration,joint,background,persistence,4,511,0.15705924954534295,42.51593885192433,80.46060991519896,0.2974559686888454,0.6594911937377691,0.8003913894324853,206.11645273972601,0
calibration,joint,background,quantile_raw,1,493,0.0885528230680762,23.971249204528227,69.49663880630236,0.6206896551724138,0.8356997971602435,0.9310344827586207,134.0297830811844,0
calibration,joint,background,quantile_raw,2,499,0.09451570364279953,25.58540097610583,62.70427590530975,0.5270541082164328,0.8136272545090181,0.9539078156312625,147.81787080185015,0
calibration,joint,background,quantile_raw,3,505,0.11201217615001959,30.321696083810302,90.55094844956314,0.5326732673267327,0.7861386138613862,0.9386138613861386,152.30681715171852,0
calibration,joint,background,quantile_raw,4,511,0.12256739280235339,33.17899323159706,103.40070841487281,0.5166340508806262,0.684931506849315,0.8101761252446184,139.38842588313705,0
calibration,joint,background,recovery,1,493,0.08855687949821839,23.972347280167718,69.49663880630236,0.6206896551724138,0.8356997971602435,0.9310344827586207,134.0297830811844,0
calibration,joint,background,recovery,2,499,0.0945349872902379,25.590621059467402,62.70427590530975,0.5270541082164328,0.8136272545090181,0.9539078156312625,147.81787080185015,0
calibration,joint,background,recovery,3,505,0.11201309952054407,30.32194604021128,90.55094844956314,0.5326732673267327,0.7861386138613862,0.9386138613861386,152.30681715171852,0
calibration,joint,background,recovery,4,511,0.12199358408694065,33.02366321233483,103.40070841487281,0.5166340508806262,0.7084148727984344,0.8414872798434442,141.63995850605338,0
calibration,joint,background,rolling,1,493,0.08855687949821839,23.972347280167718,69.49663880630236,0.6206896551724138,0.8356997971602435,0.9310344827586207,134.0297830811844,0
calibration,joint,background,rolling,2,499,0.0945349872902379,25.590621059467402,62.70427590530975,0.5270541082164328,0.8136272545090181,0.9539078156312625,147.81787080185015,0
calibration,joint,background,rolling,3,505,0.11201309952054407,30.32194604021128,90.55094844956314,0.5326732673267327,0.7861386138613862,0.9386138613861386,152.30681715171852,0
calibration,joint,background,rolling,4,511,0.12209149329913929,33.05016723607701,103.40070841487281,0.5166340508806262,0.7064579256360078,0.8414872798434442,141.50519464533582,0
calibration,joint,outage,context,1,51,0.06990284706312964,18.922700699989196,32.01135397633008,0.6470588235294118,0.9019607843137255,0.9803921568627451,181.83093691034847,6
calibration,joint,outage,context,2,45,0.07396299352269983,20.021782346594843,31.72956869771144,0.7333333333333333,0.8666666666666667,0.9111111111111111,155.78730462821352,6
calibration,joint,outage,context,3,39,0.07808112473952208,21.136560466988627,40.58353356481725,0.5897435897435898,0.8205128205128205,0.9487179487179487,137.77985728793618,6
calibration,joint,outage,context,4,33,0.09391887702736353,25.423840011307306,74.17516464646465,0.3939393939393939,0.696969696969697,0.9090909090909091,114.83873755157408,6
calibration,joint,outage,persistence,1,51,0.1469253520888715,39.772692810457514,55.83110588235294,0.13725490196078433,0.47058823529411764,0.5686274509803921,98.95134640522875,6
calibration,joint,outage,persistence,2,45,0.12748651874524797,34.51060062433862,54.85123481481481,0.28888888888888886,0.6666666666666666,0.7111111111111111,151.0810688888889,6
calibration,joint,outage,persistence,3,39,0.11606049803949695,31.417576819291817,53.34374957264957,0.358974358974359,0.7435897435897436,0.8717948717948718,192.32115512820513,6
calibration,joint,outage,persistence,4,33,0.11711374140369338,31.702689797979797,54.7783,0.48484848484848486,0.8484848484848485,0.8787878787878788,223.75852323232323,6
calibration,joint,outage,quantile_raw,1,51,0.06990284706312964,18.922700699989196,32.01135397633008,0.6470588235294118,0.9019607843137255,0.9803921568627451,181.83093691034847,6
calibration,joint,outage,quantile_raw,2,45,0.07395712611936558,20.020194040512266,31.72956869771144,0.7333333333333333,0.8666666666666667,0.9111111111111111,155.6761232024329,6
calibration,joint,outage,quantile_raw,3,39,0.07849102318658614,21.247519976608867,40.58353356481725,0.5897435897435898,0.7435897435897436,0.9487179487179487,136.97969934180873,6
calibration,joint,outage,quantile_raw,4,33,0.10120505368569122,27.39620803271661,74.17516464646465,0.3939393939393939,0.45454545454545453,0.6363636363636364,103.8030976155765,6
calibration,joint,outage,recovery,1,51,0.06990284706312964,18.922700699989196,32.01135397633008,0.6470588235294118,0.9019607843137255,0.9803921568627451,181.83093691034847,6
calibration,joint,outage,recovery,2,45,0.07395712611936558,20.020194040512266,31.72956869771144,0.7333333333333333,0.8666666666666667,0.9111111111111111,155.6761232024329,6
calibration,joint,outage,recovery,3,39,0.07849102318658614,21.247519976608867,40.58353356481725,0.5897435897435898,0.7435897435897436,0.9487179487179487,136.97969934180873,6
calibration,joint,outage,recovery,4,33,0.0974764164990725,26.386865946298926,74.17516464646465,0.3939393939393939,0.5757575757575758,0.7575757575757576,108.90108342660047,6
calibration,joint,outage,rolling,1,51,0.06990284706312964,18.922700699989196,32.01135397633008,0.6470588235294118,0.9019607843137255,0.9803921568627451,181.83093691034847,6
calibration,joint,outage,rolling,2,45,0.07395712611936558,20.020194040512266,31.72956869771144,0.7333333333333333,0.8666666666666667,0.9111111111111111,155.6761232024329,6
calibration,joint,outage,rolling,3,39,0.07849102318658614,21.247519976608867,40.58353356481725,0.5897435897435898,0.7435897435897436,0.9487179487179487,136.97969934180873,6
calibration,joint,outage,rolling,4,33,0.09922366035448416,26.859844857958862,74.17516464646465,0.3939393939393939,0.45454545454545453,0.6666666666666666,105.58247048251434,6
calibration,joint,recovery,context,1,86,0.08842110636646243,23.935593493401377,70.55278090140939,0.5697674418604651,0.8604651162790697,0.9883720930232558,137.40804312296194,6
calibration,joint,recovery,context,2,86,0.09561022005091767,25.88168656778341,64.43176956928762,0.5348837209302325,0.7674418604651163,1.0,149.6293248783206,6
calibration,joint,recovery,context,3,86,0.11502802037240656,31.138085114810455,94.28633264710481,0.5348837209302325,0.7790697674418605,0.9767441860465116,154.81830726282737,6
calibration,joint,recovery,context,4,86,0.12404063644202899,33.57780028485725,105.6754125968992,0.5232558139534884,0.7674418604651163,0.8488372093023255,144.203289113185,6
calibration,joint,recovery,persistence,1,86,0.06267625243360289,16.9664615337763,30.74363798449612,0.23255813953488372,0.6976744186046512,0.9069767441860465,102.79126220930232,6
calibration,joint,recovery,persistence,2,86,0.10778488079590219,29.17736723145072,53.08414767441861,0.23255813953488372,0.6511627906976745,0.8372093023255814,157.28394011627907,6
calibration,joint,recovery,persistence,3,86,0.1440110707607241,38.983796854928016,70.97588410852713,0.3023255813953488,0.6395348837209303,0.8023255813953488,194.504232751938,6
calibration,joint,recovery,persistence,4,86,0.16676324344292576,45.142810000000004,83.44705077519379,0.32558139534883723,0.6744186046511628,0.7674418604651163,218.17511841085272,6
calibration,joint,recovery,quantile_raw,1,86,0.08842110636646243,23.935593493401377,70.55278090140939,0.5697674418604651,0.8604651162790697,0.9883720930232558,137.40804312296194,6
calibration,joint,recovery,quantile_raw,2,86,0.09559619842401182,25.87789091338,64.43176956928762,0.5348837209302325,0.7674418604651163,1.0,149.6293248783206,6
calibration,joint,recovery,quantile_raw,3,86,0.1151040360545167,31.158662559957673,94.28633264710481,0.5348837209302325,0.7674418604651163,0.9767441860465116,154.79139925507087,6
calibration,joint,recovery,quantile_raw,4,86,0.1263882335078794,34.21329481058296,105.6754125968992,0.5232558139534884,0.7209302325581395,0.8255813953488372,138.08388474537048,6
calibration,joint,recovery,recovery,1,86,0.08842110636646243,23.935593493401377,70.55278090140939,0.5697674418604651,0.8604651162790697,0.9883720930232558,137.40804312296194,6
calibration,joint,recovery,recovery,2,86,0.09559619842401182,25.87789091338,64.43176956928762,0.5348837209302325,0.7674418604651163,1.0,149.6293248783206,6
calibration,joint,recovery,recovery,3,86,0.1151040360545167,31.158662559957673,94.28633264710481,0.5348837209302325,0.7674418604651163,0.9767441860465116,154.79139925507087,6
calibration,joint,recovery,recovery,4,86,0.12605134558422193,34.122099249648876,105.6754125968992,0.5232558139534884,0.7325581395348837,0.8255813953488372,138.72226393684653,6
calibration,joint,recovery,rolling,1,86,0.08842110636646243,23.935593493401377,70.55278090140939,0.5697674418604651,0.8604651162790697,0.9883720930232558,137.40804312296194,6
calibration,joint,recovery,rolling,2,86,0.09559619842401182,25.87789091338,64.43176956928762,0.5348837209302325,0.7674418604651163,1.0,149.6293248783206,6
calibration,joint,recovery,rolling,3,86,0.1151040360545167,31.158662559957673,94.28633264710481,0.5348837209302325,0.7674418604651163,0.9767441860465116,154.79139925507087,6
calibration,joint,recovery,rolling,4,86,0.12625650530191165,34.177635985227475,105.6754125968992,0.5232558139534884,0.7325581395348837,0.8372093023255814,140.7912656966249,6
calibration,no_backfill,background,context,1,493,0.08898255906357047,24.08757873850853,69.49496515807398,0.6125760649087221,0.8296146044624746,0.920892494929006,133.2204670469764,0
calibration,no_backfill,background,context,2,499,0.09506605848134617,25.734382030900406,63.38442816753013,0.5290581162324649,0.811623246492986,0.9478957915831663,147.15906966832267,0
calibration,no_backfill,background,context,3,505,0.11233744646306809,30.409746757552533,91.05370818004252,0.5326732673267327,0.7920792079207921,0.9346534653465347,151.8389519036966,0
calibration,no_backfill,background,context,4,511,0.11999413734128872,32.48241297828685,103.40070841487281,0.5166340508806262,0.7808219178082192,0.9080234833659491,144.53895174201367,0
calibration,no_backfill,background,persistence,1,493,0.0670150800745505,18.140982176180817,30.96695848546315,0.18255578093306288,0.6166328600405679,0.8073022312373225,89.0160428668019,0
calibration,no_backfill,background,persistence,2,499,0.10719594747219562,29.01794298072335,51.66570297261189,0.20240480961923848,0.6232464929859719,0.8076152304609219,144.10877281229125,0
calibration,no_backfill,background,persistence,3,505,0.13816871490558205,37.402271124941066,68.08352442244225,0.23366336633663368,0.6475247524752475,0.7841584158415842,181.1256510891089,0
calibration,no_backfill,background,persistence,4,511,0.15807123589748942,42.78988355745037,80.46060991519896,0.2857142857142857,0.649706457925636,0.8023483365949119,204.31052628832353,0
calibration,no_backfill,background,quantile_raw,1,493,0.0889834613906376,24.0878229984456,69.49496515807398,0.6125760649087221,0.8296146044624746,0.920892494929006,133.2203473902631,0
calibration,no_backfill,background,quantile_raw,2,499,0.09520605334729283,25.772278641112166,63.38442816753013,0.5290581162324649,0.8036072144288577,0.9478957915831663,147.11231361656283,0
calibration,no_backfill,background,quantile_raw,3,505,0.11246042573285643,30.44303724588423,91.05370818004252,0.5326732673267327,0.7801980198019802,0.9346534653465347,151.7878599088401,0
calibration,no_backfill,background,quantile_raw,4,511,0.12294284924412303,33.280629290384105,103.40070841487281,0.5146771037181996,0.6829745596868885,0.8062622309197651,138.9552204360301,0
calibration,no_backfill,background,recovery,1,493,0.08898065765512801,24.08706402724315,69.49496515807398,0.6125760649087221,0.8296146044624746,0.920892494929006,133.23012357281874,0
calibration,no_backfill,background,recovery,2,499,0.0951222598209373,25.74959573352773,63.38442816753013,0.5290581162324649,0.811623246492986,0.9478957915831663,147.15351864321676,0
calibration,no_backfill,background,recovery,3,505,0.11238274920580747,30.42201021001208,91.05370818004252,0.5326732673267327,0.7841584158415842,0.9346534653465347,151.82337654731344,0
calibration,no_backfill,background,recovery,4,511,0.12192619165179513,33.005420080140944,103.40070841487281,0.5146771037181996,0.7064579256360078,0.8277886497064579,140.93543850979495,0
calibration,no_backfill,background,rolling,1,493,0.0889877698554665,24.088989299874783,69.49496515807398,0.6125760649087221,0.8296146044624746,0.920892494929006,133.2203473902631,0
calibration,no_backfill,background,rolling,2,499,0.09523712738878377,25.780690384143764,63.38442816753013,0.5290581162324649,0.8036072144288577,0.9478957915831663,147.11231361656283,0
calibration,no_backfill,background,rolling,3,505,0.11246241243943951,30.443575047356273,91.05370818004252,0.5326732673267327,0.7801980198019802,0.9346534653465347,151.7878599088401,0
calibration,no_backfill,background,rolling,4,511,0.12254112961462568,33.171883786679174,103.40070841487281,0.5146771037181996,0.700587084148728,0.8317025440313112,140.52992699199729,0
calibration,no_backfill,outage,context,1,49,0.07161072081228452,19.38502212388542,33.0651565261377,0.6326530612244898,0.8979591836734694,0.9795918367346939,184.79530613808433,6
calibration,no_backfill,outage,context,2,44,0.07516665209756164,20.347612722809934,32.395799258359666,0.7272727272727273,0.8636363636363636,0.9090909090909091,157.711765403473,6
calibration,no_backfill,outage,context,3,39,0.07799622020133595,21.11357680850164,40.58353356481725,0.5897435897435898,0.8974358974358975,0.9487179487179487,138.25945440792543,6
calibration,no_backfill,outage,context,4,33,0.09349920522749497,25.31023485508289,74.17516464646465,0.3939393939393939,0.6666666666666666,0.9090909090909091,113.4500810623712,6
calibration,no_backfill,outage,persistence,1,49,0.15279619677307835,41.3619304664723,57.02774931972789,0.10204081632653061,0.46938775510204084,0.5306122448979592,95.08355102040817,6
calibration,no_backfill,outage,persistence,2,44,0.12964014413889277,35.09358701839827,55.3240731060606,0.29545454545454547,0.6136363636363636,0.6818181818181818,148.33146856060606,6
calibration,no_backfill,outage,persistence,3,39,0.11610704745937477,31.430177747252745,53.34374957264957,0.3333333333333333,0.7435897435897436,0.8717948717948718,189.75812777777776,6
calibration,no_backfill,outage,persistence,4,33,0.1169795090063653,31.66635308802309,54.7783,0.48484848484848486,0.8484848484848485,0.8787878787878788,220.73609191919192,6
calibration,no_backfill,outage,quantile_raw,1,49,0.07161072069247827,19.38502209145387,33.0651565261377,0.6326530612244898,0.8979591836734694,0.9795918367346939,184.79530613808433,6
calibration,no_backfill,outage,quantile_raw,2,44,0.07519852296006767,20.356240165290316,32.395799258359666,0.7272727272727273,0.8636363636363636,0.9090909090909091,157.60063236669885,6
calibration,no_backfill,outage,quantile_raw,3,39,0.07849102318658614,21.247519976608867,40.58353356481725,0.5897435897435898,0.7435897435897436,0.9487179487179487,136.97969934180873,6
calibration,no_backfill,outage,quantile_raw,4,33,0.10120505368569122,27.39620803271661,74.17516464646465,0.3939393939393939,0.45454545454545453,0.6363636363636364,103.8030976155765,6
calibration,no_backfill,outage,recovery,1,49,0.07161072069247827,19.38502209145387,33.0651565261377,0.6326530612244898,0.8979591836734694,0.9795918367346939,184.79530613808433,6
calibration,no_backfill,outage,recovery,2,44,0.07519852296006767,20.356240165290316,32.395799258359666,0.7272727272727273,0.8636363636363636,0.9090909090909091,157.60063236669885,6
calibration,no_backfill,outage,recovery,3,39,0.07849102318658614,21.247519976608867,40.58353356481725,0.5897435897435898,0.7435897435897436,0.9487179487179487,136.97969934180873,6
calibration,no_backfill,outage,recovery,4,33,0.09809099866979437,26.553233339913334,74.17516464646465,0.3939393939393939,0.48484848484848486,0.7575757575757576,107.36755393850326,6
calibration,no_backfill,outage,rolling,1,49,0.07161072069247827,19.38502209145387,33.0651565261377,0.6326530612244898,0.8979591836734694,0.9795918367346939,184.79530613808433,6
calibration,no_backfill,outage,rolling,2,44,0.07519852296006767,20.356240165290316,32.395799258359666,0.7272727272727273,0.8636363636363636,0.9090909090909091,157.60063236669885,6
calibration,no_backfill,outage,rolling,3,39,0.07849102318658614,21.247519976608867,40.58353356481725,0.5897435897435898,0.7435897435897436,0.9487179487179487,136.97969934180873,6
calibration,no_backfill,outage,rolling,4,33,0.09936848561897833,26.899049057057432,74.17516464646465,0.3939393939393939,0.45454545454545453,0.6666666666666666,105.32267664404502,6
calibration,no_backfill,partial_restoration,context,1,2,0.026948340999014116,7.29491590843312,5.960640064021243,1.0,1.0,1.0,98.9055222243259,1
calibration,no_backfill,partial_restoration,context,2,1,0.019521865252065933,5.284568923734248,2.2995397689380135,1.0,1.0,1.0,74.2235419386972,1
calibration,no_backfill,partial_restoration,persistence,1,2,0.05251015444966313,14.21449880952381,26.51334166666667,0.0,0.5,1.0,82.25216666666667,1
calibration,no_backfill,partial_restoration,persistence,2,1,0.06238976814959453,16.88891023809524,34.046350000000004,0.0,1.0,1.0,104.54471666666666,1
calibration,no_backfill,partial_restoration,quantile_raw,1,2,0.026948340999014116,7.29491590843312,5.960640064021243,1.0,1.0,1.0,98.9055222243259,1
calibration,no_backfill,partial_restoration,quantile_raw,2,1,0.019521865252065933,5.284568923734248,2.2995397689380135,1.0,1.0,1.0,74.2235419386972,1
calibration,no_backfill,partial_restoration,recovery,1,2,0.026948340999014116,7.29491590843312,5.960640064021243,1.0,1.0,1.0,98.9055222243259,1
calibration,no_backfill,partial_restoration,recovery,2,1,0.019521865252065933,5.284568923734248,2.2995397689380135,1.0,1.0,1.0,74.2235419386972,1
calibration,no_backfill,partial_restoration,rolling,1,2,0.026948340999014116,7.29491590843312,5.960640064021243,1.0,1.0,1.0,98.9055222243259,1
calibration,no_backfill,partial_restoration,rolling,2,1,0.019521865252065933,5.284568923734248,2.2995397689380135,1.0,1.0,1.0,74.2235419386972,1
calibration,no_backfill,recovery,context,1,86,0.08962429140372763,24.26129568298907,71.02649913679615,0.5232558139534884,0.8372093023255814,0.9767441860465116,139.0526980028626,6
calibration,no_backfill,recovery,context,2,86,0.0975773012735355,26.414175454746065,68.06754421761349,0.5581395348837209,0.7558139534883721,0.9767441860465116,148.33560640970182,6
calibration,no_backfill,recovery,context,3,86,0.11592902645240759,31.381987460666732,94.542915480146,0.5116279069767442,0.813953488372093,0.9767441860465116,157.66315213381154,6
calibration,no_backfill,recovery,context,4,86,0.12467491017618734,33.74949818469391,105.6754125968992,0.5,0.7790697674418605,0.872093023255814,146.81539460642335,6
calibration,no_backfill,recovery,persistence,1,86,0.06534651892002237,17.689302671650058,30.74363798449612,0.1744186046511628,0.6046511627906976,0.8023255813953488,90.39210600775193,6
calibration,no_backfill,recovery,persistence,2,86,0.11058159093707673,29.93443666666667,53.08414767441861,0.20930232558139536,0.5930232558139535,0.7906976744186046,148.57441162790698,6
calibration,no_backfill,recovery,persistence,3,86,0.14650071410571258,39.657743308416386,70.97588410852713,0.27906976744186046,0.6162790697674418,0.7790697674418605,189.44571705426358,6
calibration,no_backfill,recovery,persistence,4,86,0.1684217848009815,45.59177714562569,83.44705077519379,0.32558139534883723,0.6395348837209303,0.7674418604651163,215.53203779069764,6
calibration,no_backfill,recovery,quantile_raw,1,86,0.08962394841015943,24.261202834630154,71.02649913679615,0.5232558139534884,0.8372093023255814,0.9767441860465116,139.0526980028626,6
calibration,no_backfill,recovery,quantile_raw,2,86,0.09755838845033307,26.40905575350516,68.06754421761349,0.5581395348837209,0.7558139534883721,0.9767441860465116,148.33560640970182,6
calibration,no_backfill,recovery,quantile_raw,3,86,0.11594652581712514,31.386724538695773,94.542915480146,0.5116279069767442,0.8023255813953488,0.9767441860465116,157.6570261629542,6
calibration,no_backfill,recovery,quantile_raw,4,86,0.12733747692285052,34.47025500301564,105.6754125968992,0.5,0.7093023255813954,0.8255813953488372,141.00773512287216,6
calibration,no_backfill,recovery,recovery,1,86,0.08964371701295117,24.266554195405877,71.02649913679615,0.5232558139534884,0.8372093023255814,0.9767441860465116,139.05382547617558,6
calibration,no_backfill,recovery,recovery,2,86,0.09744655550884987,26.37878257624566,68.06754421761349,0.5581395348837209,0.7790697674418605,0.9767441860465116,148.3366763148766,6
calibration,no_backfill,recovery,recovery,3,86,0.11586782976084685,31.365421516261243,94.542915480146,0.5116279069767442,0.813953488372093,0.9767441860465116,157.66205143022978,6
calibration,no_backfill,recovery,recovery,4,86,0.1249017209542785,33.81089586232319,105.6754125968992,0.5116279069767442,0.7790697674418605,0.8837209302325582,145.05319557101834,6
calibration,no_backfill,recovery,rolling,1,86,0.08962394841015943,24.261202834630154,71.02649913679615,0.5232558139534884,0.8372093023255814,0.9767441860465116,139.0526980028626,6
calibration,no_backfill,recovery,rolling,2,86,0.09755838845033307,26.40905575350516,68.06754421761349,0.5581395348837209,0.7558139534883721,0.9767441860465116,148.33560640970182,6
calibration,no_backfill,recovery,rolling,3,86,0.11594652581712514,31.386724538695773,94.542915480146,0.5116279069767442,0.8023255813953488,0.9767441860465116,157.6570261629542,6
calibration,no_backfill,recovery,rolling,4,86,0.12723384037899654,34.44220059059437,105.6754125968992,0.5,0.7209302325581395,0.8255813953488372,142.33862162826796,6
calibration,pv_first,background,context,1,493,0.08855702861724368,23.972387646687864,69.49663880630236,0.6206896551724138,0.8356997971602435,0.9310344827586207,134.0297830811844,0
calibration,pv_first,background,context,2,499,0.0944434030092465,25.56582919460303,62.70427590530975,0.5270541082164328,0.8156312625250501,0.9539078156312625,147.84948409651295,0
calibration,pv_first,background,context,3,505,0.1119256547305946,30.298274735571955,90.55094844956314,0.5326732673267327,0.7920792079207921,0.9386138613861386,152.3340886553619,0
calibration,pv_first,background,context,4,511,0.11988648046128803,32.45327026087067,103.40070841487281,0.5185909980430529,0.7671232876712328,0.9080234833659491,144.45343402007958,0
calibration,pv_first,background,persistence,1,493,0.06586803545947377,17.830477198879553,30.96695848546315,0.2028397565922921,0.6511156186612576,0.8438133874239351,94.75304418526032,0
calibration,pv_first,background,persistence,2,499,0.1063234144384253,28.781748288481726,51.66570297261189,0.218436873747495,0.6292585170340681,0.811623246492986,146.97202057448231,0
calibration,pv_first,background,persistence,3,505,0.1376986601955884,37.27502731494578,68.08352442244225,0.23366336633663368,0.6475247524752475,0.7841584158415842,182.0303805610561,0
calibration,pv_first,background,persistence,4,511,0.1582320662834566,42.833420342931696,80.46060991519896,0.28180039138943247,0.649706457925636,0.7984344422700587,203.80792022178736,0
calibration,pv_first,background,quantile_raw,1,493,0.0885528230680762,23.971249204528227,69.49663880630236,0.6206896551724138,0.8356997971602435,0.9310344827586207,134.0297830811844,0
calibration,pv_first,background,quantile_raw,2,499,0.09451570364279953,25.58540097610583,62.70427590530975,0.5270541082164328,0.8136272545090181,0.9539078156312625,147.81787080185015,0
calibration,pv_first,background,quantile_raw,3,505,0.11201217615001959,30.321696083810302,90.55094844956314,0.5326732673267327,0.7861386138613862,0.9386138613861386,152.30681715171852,0
calibration,pv_first,background,quantile_raw,4,511,0.12256739280235339,33.17899323159706,103.40070841487281,0.5166340508806262,0.684931506849315,0.8101761252446184,139.38842588313705,0
calibration,pv_first,background,recovery,1,493,0.08855687949821839,23.972347280167718,69.49663880630236,0.6206896551724138,0.8356997971602435,0.9310344827586207,134.0297830811844,0
calibration,pv_first,background,recovery,2,499,0.0945349872902379,25.590621059467402,62.70427590530975,0.5270541082164328,0.8136272545090181,0.9539078156312625,147.81787080185015,0
calibration,pv_first,background,recovery,3,505,0.11201309952054407,30.32194604021128,90.55094844956314,0.5326732673267327,0.7861386138613862,0.9386138613861386,152.30681715171852,0
calibration,pv_first,background,recovery,4,511,0.12199358408694065,33.02366321233483,103.40070841487281,0.5166340508806262,0.7084148727984344,0.8414872798434442,141.63995850605338,0
calibration,pv_first,background,rolling,1,493,0.08855687949821839,23.972347280167718,69.49663880630236,0.6206896551724138,0.8356997971602435,0.9310344827586207,134.0297830811844,0
calibration,pv_first,background,rolling,2,499,0.0945349872902379,25.590621059467402,62.70427590530975,0.5270541082164328,0.8136272545090181,0.9539078156312625,147.81787080185015,0
calibration,pv_first,background,rolling,3,505,0.11201309952054407,30.32194604021128,90.55094844956314,0.5326732673267327,0.7861386138613862,0.9386138613861386,152.30681715171852,0
calibration,pv_first,background,rolling,4,511,0.12209149329913929,33.05016723607701,103.40070841487281,0.5166340508806262,0.7064579256360078,0.8414872798434442,141.50519464533582,0
calibration,pv_first,outage,context,1,49,0.07161072069247827,19.38502209145387,33.0651565261377,0.6326530612244898,0.8979591836734694,0.9795918367346939,184.79530613808433,6
calibration,pv_first,outage,context,2,44,0.07520537747983012,20.35809568379001,32.395799258359666,0.7272727272727273,0.8636363636363636,0.9090909090909091,157.73051866167762,6
calibration,pv_first,outage,context,3,39,0.0780368191663339,21.12456694832659,40.58353356481725,0.5897435897435898,0.8205128205128205,0.9487179487179487,137.66570618328157,6
calibration,pv_first,outage,context,4,33,0.09404715011647659,25.458563536530214,74.17516464646465,0.3939393939393939,0.696969696969697,0.9090909090909091,114.7973613434232,6
calibration,pv_first,outage,persistence,1,49,0.15147671533651194,41.00474684159378,57.02774931972789,0.12244897959183673,0.46938775510204084,0.5510204081632653,98.78336734693877,6
calibration,pv_first,outage,persistence,2,44,0.12942591655512325,35.03559561147186,55.3240731060606,0.29545454545454547,0.6363636363636364,0.6818181818181818,149.90527007575758,6
calibration,pv_first,outage,persistence,3,39,0.11604564070539321,31.41355493894994,53.34374957264957,0.3333333333333333,0.7435897435897436,0.8717948717948718,190.84962692307693,6
calibration,pv_first,outage,persistence,4,33,0.11702589411983576,31.67890953823954,54.7783,0.48484848484848486,0.8484848484848485,0.8787878787878788,220.23265757575757,6
calibration,pv_first,outage,quantile_raw,1,49,0.07161072069247827,19.38502209145387,33.0651565261377,0.6326530612244898,0.8979591836734694,0.9795918367346939,184.79530613808433,6
calibration,pv_first,outage,quantile_raw,2,44,0.07519852296006767,20.356240165290316,32.395799258359666,0.7272727272727273,0.8636363636363636,0.9090909090909091,157.60063236669885,6
calibration,pv_first,outage,quantile_raw,3,39,0.07849102318658614,21.247519976608867,40.58353356481725,0.5897435897435898,0.7435897435897436,0.9487179487179487,136.97969934180873,6
calibration,pv_first,outage,quantile_raw,4,33,0.10120505368569122,27.39620803271661,74.17516464646465,0.3939393939393939,0.45454545454545453,0.6363636363636364,103.8030976155765,6
calibration,pv_first,outage,recovery,1,49,0.07161072069247827,19.38502209145387,33.0651565261377,0.6326530612244898,0.8979591836734694,0.9795918367346939,184.79530613808433,6
calibration,pv_first,outage,recovery,2,44,0.07519852296006767,20.356240165290316,32.395799258359666,0.7272727272727273,0.8636363636363636,0.9090909090909091,157.60063236669885,6
calibration,pv_first,outage,recovery,3,39,0.07849102318658614,21.247519976608867,40.58353356481725,0.5897435897435898,0.7435897435897436,0.9487179487179487,136.97969934180873,6
calibration,pv_first,outage,recovery,4,33,0.09744966303071989,26.379623782415877,74.17516464646465,0.3939393939393939,0.5757575757575758,0.7575757575757576,109.06420100867128,6
calibration,pv_first,outage,rolling,1,49,0.07161072069247827,19.38502209145387,33.0651565261377,0.6326530612244898,0.8979591836734694,0.9795918367346939,184.79530613808433,6
calibration,pv_first,outage,rolling,2,44,0.07519852296006767,20.356240165290316,32.395799258359666,0.7272727272727273,0.8636363636363636,0.9090909090909091,157.60063236669885,6
calibration,pv_first,outage,rolling,3,39,0.07849102318658614,21.247519976608867,40.58353356481725,0.5897435897435898,0.7435897435897436,0.9487179487179487,136.97969934180873,6
calibration,pv_first,outage,rolling,4,33,0.09922366035448416,26.859844857958862,74.17516464646465,0.3939393939393939,0.45454545454545453,0.6666666666666666,105.58247048251434,6
calibration,pv_first,partial_restoration,context,1,2,0.021580524950392047,5.841848104071126,7.986877767977111,0.5,1.0,1.0,50.681058751069465,1
calibration,pv_first,partial_restoration,context,2,1,0.022012739942654836,5.958848702476664,10.790805643130707,1.0,1.0,1.0,62.663295038361326,1
calibration,pv_first,partial_restoration,persistence,1,2,0.03909196175699685,10.582194047619048,20.648341666666667,0.0,1.0,1.0,93.62683333333334,1
calibration,pv_first,partial_restoration,persistence,2,1,0.0730279962003272,19.76867857142857,41.296683333333334,0.0,1.0,1.0,119.59483333333333,1
calibration,pv_first,partial_restoration,quantile_raw,1,2,0.021580524950392047,5.841848104071126,7.986877767977111,0.5,1.0,1.0,50.681058751069465,1
calibration,pv_first,partial_restoration,quantile_raw,2,1,0.022012739942654836,5.958848702476664,10.790805643130707,1.0,1.0,1.0,62.663295038361326,1
calibration,pv_first,partial_restoration,recovery,1,2,0.021580524950392047,5.841848104071126,7.986877767977111,0.5,1.0,1.0,50.681058751069465,1
calibration,pv_first,partial_restoration,recovery,2,1,0.022012739942654836,5.958848702476664,10.790805643130707,1.0,1.0,1.0,62.663295038361326,1
calibration,pv_first,partial_restoration,rolling,1,2,0.021580524950392047,5.841848104071126,7.986877767977111,0.5,1.0,1.0,50.681058751069465,1
calibration,pv_first,partial_restoration,rolling,2,1,0.022012739942654836,5.958848702476664,10.790805643130707,1.0,1.0,1.0,62.663295038361326,1
calibration,pv_first,recovery,context,1,86,0.08842110636646243,23.935593493401377,70.55278090140939,0.5697674418604651,0.8604651162790697,0.9883720930232558,137.40804312296194,6
calibration,pv_first,recovery,context,2,86,0.09561962700581512,25.884233030474153,64.43176956928762,0.5348837209302325,0.7674418604651163,1.0,149.6293248783206,6
calibration,pv_first,recovery,context,3,86,0.11503336210891521,31.139531122883348,94.28633264710481,0.5348837209302325,0.7790697674418605,0.9767441860465116,154.80989805781317,6
calibration,pv_first,recovery,context,4,86,0.12396620979030051,33.557652990234345,105.6754125968992,0.5232558139534884,0.7674418604651163,0.8488372093023255,143.85938303277183,6
calibration,pv_first,recovery,persistence,1,86,0.06368927731761428,17.240687369878184,30.74363798449612,0.20930232558139536,0.6511627906976745,0.8953488372093024,100.73361182170542,6
calibration,pv_first,recovery,persistence,2,86,0.10891759790968905,29.483993754152824,53.08414767441861,0.20930232558139536,0.6511627906976745,0.813953488372093,153.306063372093,6
calibration,pv_first,recovery,persistence,3,86,0.1455208873901018,39.392504216500555,70.97588410852713,0.29069767441860467,0.627906976744186,0.7906976744186046,190.65747131782945,6
calibration,pv_first,recovery,persistence,4,86,0.1681860786153449,45.527971481173864,83.44705077519379,0.32558139534883723,0.6627906976744186,0.7674418604651163,215.4269903100775,6
calibration,pv_first,recovery,quantile_raw,1,86,0.08842110636646243,23.935593493401377,70.55278090140939,0.5697674418604651,0.8604651162790697,0.9883720930232558,137.40804312296194,6
calibration,pv_first,recovery,quantile_raw,2,86,0.09559619842401182,25.87789091338,64.43176956928762,0.5348837209302325,0.7674418604651163,1.0,149.6293248783206,6
calibration,pv_first,recovery,quantile_raw,3,86,0.1151040360545167,31.158662559957673,94.28633264710481,0.5348837209302325,0.7674418604651163,0.9767441860465116,154.79139925507087,6
calibration,pv_first,recovery,quantile_raw,4,86,0.1263882335078794,34.21329481058296,105.6754125968992,0.5232558139534884,0.7209302325581395,0.8255813953488372,138.08388474537048,6
calibration,pv_first,recovery,recovery,1,86,0.08842110636646243,23.935593493401377,70.55278090140939,0.5697674418604651,0.8604651162790697,0.9883720930232558,137.40804312296194,6
calibration,pv_first,recovery,recovery,2,86,0.09559619842401182,25.87789091338,64.43176956928762,0.5348837209302325,0.7674418604651163,1.0,149.6293248783206,6
calibration,pv_first,recovery,recovery,3,86,0.1151040360545167,31.158662559957673,94.28633264710481,0.5348837209302325,0.7674418604651163,0.9767441860465116,154.79139925507087,6
calibration,pv_first,recovery,recovery,4,86,0.12604951422243751,34.12160350001383,105.6754125968992,0.5232558139534884,0.7441860465116279,0.8255813953488372,139.32298372017186,6
calibration,pv_first,recovery,rolling,1,86,0.08842110636646243,23.935593493401377,70.55278090140939,0.5697674418604651,0.8604651162790697,0.9883720930232558,137.40804312296194,6
calibration,pv_first,recovery,rolling,2,86,0.09559619842401182,25.87789091338,64.43176956928762,0.5348837209302325,0.7674418604651163,1.0,149.6293248783206,6
calibration,pv_first,recovery,rolling,3,86,0.1151040360545167,31.158662559957673,94.28633264710481,0.5348837209302325,0.7674418604651163,0.9767441860465116,154.79139925507087,6
calibration,pv_first,recovery,rolling,4,86,0.12625650530191165,34.177635985227475,105.6754125968992,0.5232558139534884,0.7325581395348837,0.8372093023255814,140.7912656966249,6
calibration,pv_only,background,context,1,493,0.08855705700989414,23.972395332578337,69.49663880630236,0.6206896551724138,0.8356997971602435,0.9310344827586207,134.0297830811844,0
calibration,pv_only,background,context,2,499,0.0944384169372168,25.564479464904586,62.70427590530975,0.5270541082164328,0.8156312625250501,0.9539078156312625,147.84815514627326,0
calibration,pv_only,background,context,3,505,0.11191621297585427,30.29571885256375,90.55094844956314,0.5326732673267327,0.7920792079207921,0.9386138613861386,152.33726126896903,0
calibration,pv_only,background,context,4,511,0.11987511523535388,32.4501936942103,103.40070841487281,0.5185909980430529,0.7690802348336595,0.9080234833659491,144.51253340452516,0
calibration,pv_only,background,persistence,1,493,0.06513191968863008,17.63121065971216,30.96695848546315,0.2150101419878296,0.665314401622718,0.8600405679513184,96.22644983096687,0
calibration,pv_only,background,persistence,2,499,0.10549432062006048,28.557312591850366,51.66570297261189,0.23446893787575152,0.6432865731462926,0.8196392785571143,149.67367434869738,0
calibration,pv_only,background,persistence,3,505,0.13631058210095642,36.8992745747289,68.08352442244225,0.25544554455445545,0.6574257425742575,0.7960396039603961,184.3975572937294,0
calibration,pv_only,background,persistence,4,511,0.15705924954534295,42.51593885192433,80.46060991519896,0.2974559686888454,0.6594911937377691,0.8003913894324853,206.11645273972601,0
calibration,pv_only,background,quantile_raw,1,493,0.0885528230680762,23.971249204528227,69.49663880630236,0.6206896551724138,0.8356997971602435,0.9310344827586207,134.0297830811844,0
calibration,pv_only,background,quantile_raw,2,499,0.09451570364279953,25.58540097610583,62.70427590530975,0.5270541082164328,0.8136272545090181,0.9539078156312625,147.81787080185015,0
calibration,pv_only,background,quantile_raw,3,505,0.11201217615001959,30.321696083810302,90.55094844956314,0.5326732673267327,0.7861386138613862,0.9386138613861386,152.30681715171852,0
calibration,pv_only,background,quantile_raw,4,511,0.12256739280235339,33.17899323159706,103.40070841487281,0.5166340508806262,0.684931506849315,0.8101761252446184,139.38842588313705,0
calibration,pv_only,background,recovery,1,493,0.08855687949821839,23.972347280167718,69.49663880630236,0.6206896551724138,0.8356997971602435,0.9310344827586207,134.0297830811844,0
calibration,pv_only,background,recovery,2,499,0.0945349872902379,25.590621059467402,62.70427590530975,0.5270541082164328,0.8136272545090181,0.9539078156312625,147.81787080185015,0
calibration,pv_only,background,recovery,3,505,0.11201309952054407,30.32194604021128,90.55094844956314,0.5326732673267327,0.7861386138613862,0.9386138613861386,152.30681715171852,0
calibration,pv_only,background,recovery,4,511,0.12198900964631988,33.02242491125879,103.40070841487281,0.5166340508806262,0.7084148727984344,0.8414872798434442,141.6424484974353,0
calibration,pv_only,background,rolling,1,493,0.08855687949821839,23.972347280167718,69.49663880630236,0.6206896551724138,0.8356997971602435,0.9310344827586207,134.0297830811844,0
calibration,pv_only,background,rolling,2,499,0.0945349872902379,25.590621059467402,62.70427590530975,0.5270541082164328,0.8136272545090181,0.9539078156312625,147.81787080185015,0
calibration,pv_only,background,rolling,3,505,0.11201309952054407,30.32194604021128,90.55094844956314,0.5326732673267327,0.7861386138613862,0.9386138613861386,152.30681715171852,0
calibration,pv_only,background,rolling,4,511,0.12209308593112693,33.050598361556055,103.40070841487281,0.5166340508806262,0.7064579256360078,0.8414872798434442,141.52722865781095,0
calibration,pv_only,outage,context,1,51,0.06839938035402134,18.515712261833578,25.96510780086287,0.7843137254901961,0.9215686274509803,0.9607843137254902,174.25825094098144,6
calibration,pv_only,outage,context,2,45,0.07581847902448317,20.524062271927594,32.44654611812318,0.6888888888888889,0.8444444444444444,0.8888888888888888,154.37835818696763,6
calibration,pv_only,outage,context,3,39,0.07611437402462282,20.604161048465397,36.94331363316822,0.6153846153846154,0.7435897435897436,0.8717948717948718,133.56862306596778,6
calibration,pv_only,outage,context,4,33,0.09553179617997418,25.86045722591901,74.17516464646465,0.3939393939393939,0.6363636363636364,0.8181818181818182,113.26112607268715,6
calibration,pv_only,outage,persistence,1,51,0.1469253520888715,39.772692810457514,55.83110588235294,0.13725490196078433,0.47058823529411764,0.5686274509803921,98.95134640522875,6
calibration,pv_only,outage,persistence,2,45,0.12748651874524797,34.51060062433862,54.85123481481481,0.28888888888888886,0.6666666666666666,0.7111111111111111,151.0810688888889,6
calibration,pv_only,outage,persistence,3,39,0.11606049803949695,31.417576819291817,53.34374957264957,0.358974358974359,0.7435897435897436,0.8717948717948718,192.32115512820513,6
calibration,pv_only,outage,persistence,4,33,0.11711374140369338,31.702689797979797,54.7783,0.48484848484848486,0.8484848484848485,0.8787878787878788,223.75852323232323,6
calibration,pv_only,outage,quantile_raw,1,51,0.0683993803284418,18.515712254909193,25.96510780086287,0.7843137254901961,0.9215686274509803,0.9607843137254902,174.25825094098144,6
calibration,pv_only,outage,quantile_raw,2,45,0.07583883624873654,20.52957297253298,32.44654611812318,0.6888888888888889,0.8444444444444444,0.8888888888888888,154.37835818696763,6
calibration,pv_only,outage,quantile_raw,3,39,0.07656972886532433,20.727425603843297,36.94331363316822,0.6153846153846154,0.717948717948718,0.8717948717948718,133.56184036718832,6
calibration,pv_only,outage,quantile_raw,4,33,0.10271685314421931,27.805452146140166,74.17516464646465,0.3939393939393939,0.45454545454545453,0.6363636363636364,101.77738153156774,6
calibration,pv_only,outage,recovery,1,51,0.06839938048191907,18.515712296455494,25.96510780086287,0.7843137254901961,0.9215686274509803,0.9607843137254902,174.25825094098144,6
calibration,pv_only,outage,recovery,2,45,0.07583883624873654,20.52957297253298,32.44654611812318,0.6888888888888889,0.8444444444444444,0.8888888888888888,154.37835818696763,6
calibration,pv_only,outage,recovery,3,39,0.07656972886532433,20.727425603843297,36.94331363316822,0.6153846153846154,0.717948717948718,0.8717948717948718,133.56184036718832,6
calibration,pv_only,outage,recovery,4,33,0.10003301617517495,27.078937478619856,74.17516464646465,0.3939393939393939,0.5151515151515151,0.696969696969697,105.92893045923215,6
calibration,pv_only,outage,rolling,1,51,0.0683993803284418,18.515712254909193,25.96510780086287,0.7843137254901961,0.9215686274509803,0.9607843137254902,174.25825094098144,6
calibration,pv_only,outage,rolling,2,45,0.07583883624873654,20.52957297253298,32.44654611812318,0.6888888888888889,0.8444444444444444,0.8888888888888888,154.37835818696763,6
calibration,pv_only,outage,rolling,3,39,0.07656972886532433,20.727425603843297,36.94331363316822,0.6153846153846154,0.717948717948718,0.8717948717948718,133.56184036718832,6
calibration,pv_only,outage,rolling,4,33,0.10071321615442405,27.263067613002587,74.17516464646465,0.3939393939393939,0.45454545454545453,0.6666666666666666,103.55675439850556,6
calibration,pv_only,recovery,context,1,86,0.08842110636646243,23.935593493401377,70.55278090140939,0.5697674418604651,0.8604651162790697,0.9883720930232558,137.40804312296194,6
calibration,pv_only,recovery,context,2,86,0.09561952596498365,25.884205678721074,64.43176956928762,0.5348837209302325,0.7674418604651163,1.0,149.6293248783206,6
calibration,pv_only,recovery,context,3,86,0.11503341757423102,31.139546137344336,94.28633264710481,0.5348837209302325,0.7790697674418605,0.9767441860465116,154.82551600143114,6
calibration,pv_only,recovery,context,4,86,0.12394835531786458,33.55281978454594,105.6754125968992,0.5232558139534884,0.7674418604651163,0.8488372093023255,143.91500342866476,6
calibration,pv_only,recovery,persistence,1,86,0.06267625243360289,16.9664615337763,30.74363798449612,0.23255813953488372,0.6976744186046512,0.9069767441860465,102.79126220930232,6
calibration,pv_only,recovery,persistence,2,86,0.10778488079590219,29.17736723145072,53.08414767441861,0.23255813953488372,0.6511627906976745,0.8372093023255814,157.28394011627907,6
calibration,pv_only,recovery,persistence,3,86,0.1440110707607241,38.983796854928016,70.97588410852713,0.3023255813953488,0.6395348837209303,0.8023255813953488,194.504232751938,6
calibration,pv_only,recovery,persistence,4,86,0.16676324344292576,45.142810000000004,83.44705077519379,0.32558139534883723,0.6744186046511628,0.7674418604651163,218.17511841085272,6
calibration,pv_only,recovery,quantile_raw,1,86,0.08842110636646243,23.935593493401377,70.55278090140939,0.5697674418604651,0.8604651162790697,0.9883720930232558,137.40804312296194,6
calibration,pv_only,recovery,quantile_raw,2,86,0.09559619842401182,25.87789091338,64.43176956928762,0.5348837209302325,0.7674418604651163,1.0,149.6293248783206,6
calibration,pv_only,recovery,quantile_raw,3,86,0.1151040360545167,31.158662559957673,94.28633264710481,0.5348837209302325,0.7674418604651163,0.9767441860465116,154.79139925507087,6
calibration,pv_only,recovery,quantile_raw,4,86,0.1263882335078794,34.21329481058296,105.6754125968992,0.5232558139534884,0.7209302325581395,0.8255813953488372,138.08388474537048,6
calibration,pv_only,recovery,recovery,1,86,0.08842110636646243,23.935593493401377,70.55278090140939,0.5697674418604651,0.8604651162790697,0.9883720930232558,137.40804312296194,6
calibration,pv_only,recovery,recovery,2,86,0.09559619842401182,25.87789091338,64.43176956928762,0.5348837209302325,0.7674418604651163,1.0,149.6293248783206,6
calibration,pv_only,recovery,recovery,3,86,0.1151040360545167,31.158662559957673,94.28633264710481,0.5348837209302325,0.7674418604651163,0.9767441860465116,154.79139925507087,6
calibration,pv_only,recovery,recovery,4,86,0.1260759081332005,34.12874833165737,105.6754125968992,0.5232558139534884,0.7325581395348837,0.8255813953488372,138.90347496585187,6
calibration,pv_only,recovery,rolling,1,86,0.08842110636646243,23.935593493401377,70.55278090140939,0.5697674418604651,0.8604651162790697,0.9883720930232558,137.40804312296194,6
calibration,pv_only,recovery,rolling,2,86,0.09559619842401182,25.87789091338,64.43176956928762,0.5348837209302325,0.7674418604651163,1.0,149.6293248783206,6
calibration,pv_only,recovery,rolling,3,86,0.1151040360545167,31.158662559957673,94.28633264710481,0.5348837209302325,0.7674418604651163,0.9767441860465116,154.79139925507087,6
calibration,pv_only,recovery,rolling,4,86,0.12625629808047387,34.17757989038427,105.6754125968992,0.5232558139534884,0.7325581395348837,0.8372093023255814,140.83259566968647,6
development_evaluation,clean,background,context,1,595,0.07408936669561193,20.05599156450215,58.02315318386516,0.7546218487394958,0.8991596638655462,0.9596638655462185,122.24416657633321,0
development_evaluation,clean,background,context,2,595,0.07894682329243016,21.370905065260846,50.20612688067452,0.7092436974789916,0.8957983193277311,0.9596638655462185,144.20902236230415,0
development_evaluation,clean,background,context,3,595,0.09906829694984809,26.81778798432388,72.64859967757259,0.7848739495798319,0.8689075630252101,0.9445378151260504,154.09936073938331,0
development_evaluation,clean,background,context,4,595,0.10527296470975138,28.4973915469297,81.51978369747899,0.7075630252100841,0.9042016806722689,0.9478991596638655,158.0384254341905,0
development_evaluation,clean,background,persistence,1,595,0.06811073327446975,18.43757549739896,28.174414761904764,0.052100840336134456,0.6067226890756302,0.8084033613445378,84.25838655462185,0
development_evaluation,clean,background,persistence,2,595,0.11137268484638037,30.148585787915167,47.42666599439776,0.08403361344537816,0.6336134453781512,0.8168067226890756,138.09904011204483,0
development_evaluation,clean,background,persistence,3,595,0.13689376837399164,37.05714309883954,60.73417644257703,0.13949579831932774,0.6638655462184874,0.8252100840336134,172.43488957983195,0
development_evaluation,clean,background,persistence,4,595,0.15039613470212615,40.71223366386555,70.34535725490196,0.21008403361344538,0.7092436974789916,0.8470588235294118,196.66231789915966,0
development_evaluation,clean,background,quantile_raw,1,595,0.07407122581002272,20.05108082677315,58.02315318386516,0.7546218487394958,0.8991596638655462,0.9596638655462185,122.24224968061891,0
development_evaluation,clean,background,quantile_raw,2,595,0.07887683846023165,21.351960171184707,50.20612688067452,0.7092436974789916,0.8957983193277311,0.9596638655462185,144.12422063428113,0
development_evaluation,clean,background,quantile_raw,3,595,0.09904222403377737,26.810730045943533,72.64859967757259,0.7848739495798319,0.865546218487395,0.9445378151260504,154.08762227907283,0
development_evaluation,clean,background,quantile_raw,4,595,0.10525325886680906,28.492057175245208,81.51978369747899,0.7058823529411765,0.9042016806722689,0.9478991596638655,158.037480432843,0
development_evaluation,clean,background,recovery,1,595,0.07409387197185599,20.057211142781416,58.02315318386516,0.7546218487394958,0.8991596638655462,0.9596638655462185,122.25562142352146,0
development_evaluation,clean,background,recovery,2,595,0.0789426502122974,21.369775412468904,50.20612688067452,0.7092436974789916,0.8957983193277311,0.9596638655462185,144.20902236230415,0
development_evaluation,clean,background,recovery,3,595,0.09904704857016657,26.81203604794409,72.64859967757259,0.7848739495798319,0.865546218487395,0.9445378151260504,154.08762227907283,0
development_evaluation,clean,background,recovery,4,595,0.10525325886680906,28.492057175245208,81.51978369747899,0.7058823529411765,0.9042016806722689,0.9478991596638655,158.037480432843,0
development_evaluation,clean,background,rolling,1,595,0.07409387197185599,20.057211142781416,58.02315318386516,0.7546218487394958,0.8991596638655462,0.9596638655462185,122.25562142352146,0
development_evaluation,clean,background,rolling,2,595,0.07894234949586017,21.369694008529347,50.20612688067452,0.7092436974789916,0.8957983193277311,0.9596638655462185,144.20902236230415,0
development_evaluation,clean,background,rolling,3,595,0.099046713126566,26.811945243361414,72.64859967757259,0.7848739495798319,0.865546218487395,0.9445378151260504,154.08762227907283,0
development_evaluation,clean,background,rolling,4,595,0.10525325886680906,28.492057175245208,81.51978369747899,0.7058823529411765,0.9042016806722689,0.9478991596638655,158.037480432843,0
development_evaluation,irradiance_first,background,context,1,465,0.07389682890776067,20.00387158533081,57.92451482861167,0.7440860215053764,0.8946236559139785,0.956989247311828,119.72874010536114,0
development_evaluation,irradiance_first,background,context,2,473,0.07956418687498444,21.538025387058287,51.19171282272056,0.6892177589852009,0.8900634249471459,0.9556025369978859,142.815033194371,0
development_evaluation,irradiance_first,background,context,3,481,0.10048319665901778,27.200801335596115,73.74056705405269,0.7713097713097713,0.8565488565488566,0.9397089397089398,153.98698914005783,0
development_evaluation,irradiance_first,background,context,4,489,0.10725697579591544,29.034463347954308,82.60533261758691,0.7034764826175869,0.8977505112474438,0.9447852760736196,159.36053286468726,0
development_evaluation,irradiance_first,background,persistence,1,465,0.06659824446718045,18.028144777265744,28.58342569892473,0.07526881720430108,0.6688172043010753,0.8774193548387097,99.73845268817205,0
development_evaluation,irradiance_first,background,persistence,2,473,0.10784350484968908,29.193236762810834,47.54501888653982,0.12896405919661733,0.6807610993657506,0.8583509513742071,152.13228269908385,0
development_evaluation,irradiance_first,background,persistence,3,481,0.1322943508575943,35.81208077715078,60.24005990990991,0.19542619542619544,0.7068607068607069,0.8544698544698545,179.02010415800416,0
development_evaluation,irradiance_first,background,persistence,4,489,0.1461067037259234,39.55108469860746,69.42779369461486,0.25971370143149286,0.7321063394683026,0.8507157464212679,196.41629812542604,0
development_evaluation,irradiance_first,background,quantile_raw,1,465,0.07387361637112691,19.997587951664052,57.92451482861167,0.7440860215053764,0.8946236559139785,0.956989247311828,119.72628730331812,0
development_evaluation,irradiance_first,background,quantile_raw,2,473,0.07947615098670088,21.514194072099933,51.19171282272056,0.6892177589852009,0.8900634249471459,0.9556025369978859,142.70835871620255,0
development_evaluation,irradiance_first,background,quantile_raw,3,481,0.10045299489287196,27.19262571750044,73.74056705405269,0.7713097713097713,0.8503118503118503,0.9397089397089398,153.9684905821665,0
development_evaluation,irradiance_first,background,quantile_raw,4,489,0.10723295045349916,29.027959687762227,82.60533261758691,0.7014314928425358,0.8977505112474438,0.9447852760736196,159.3584756386792,0
development_evaluation,irradiance_first,background,recovery,1,465,0.07390259371798882,20.005432119459574,57.92451482861167,0.7440860215053764,0.8946236559139785,0.956989247311828,119.74339738294609,0
development_evaluation,irradiance_first,background,recovery,2,473,0.07955893744014512,21.536604365047282,51.19171282272056,0.6892177589852009,0.8900634249471459,0.9556025369978859,142.815033194371,0
development_evaluation,irradiance_first,background,recovery,3,481,0.10045896287447607,27.19424125012067,73.74056705405269,0.7713097713097713,0.8503118503118503,0.9397089397089398,153.9684905821665,0
development_evaluation,irradiance_first,background,recovery,4,489,0.10723295045349916,29.027959687762227,82.60533261758691,0.7014314928425358,0.8977505112474438,0.9447852760736196,159.3584756386792,0
development_evaluation,irradiance_first,background,rolling,1,465,0.07390259371798882,20.005432119459574,57.92451482861167,0.7440860215053764,0.8946236559139785,0.956989247311828,119.74339738294609,0
development_evaluation,irradiance_first,background,rolling,2,473,0.07955855916048306,21.536501964742765,51.19171282272056,0.6892177589852009,0.8900634249471459,0.9556025369978859,142.815033194371,0
development_evaluation,irradiance_first,background,rolling,3,481,0.10045854792865,27.19412892428555,73.74056705405269,0.7713097713097713,0.8503118503118503,0.9397089397089398,153.9684905821665,0
development_evaluation,irradiance_first,background,rolling,4,489,0.10723295045349916,29.027959687762227,82.60533261758691,0.7014314928425358,0.8977505112474438,0.9447852760736196,159.3584756386792,0
development_evaluation,irradiance_first,outage,context,1,47,0.07941062009009649,21.496454858389118,35.90166771369365,0.6595744680851063,0.8297872340425532,1.0,188.88017993729338,8
development_evaluation,irradiance_first,outage,context,2,39,0.07950884479019066,21.52304428470461,38.0275641784763,0.7435897435897436,0.9743589743589743,1.0,173.46016621784815,8
development_evaluation,irradiance_first,outage,context,3,31,0.07692598245866834,20.823863451561518,39.74270891005605,0.8387096774193549,0.9354838709677419,1.0,157.01867272856344,8
development_evaluation,irradiance_first,outage,context,4,23,0.08071627259567384,21.849894991648906,60.08381304347826,0.8695652173913043,0.9565217391304348,1.0,135.7448785803038,8
development_evaluation,irradiance_first,outage,persistence,1,47,0.137406440205868,37.195923363728475,52.349279787234046,0.02127659574468085,0.3617021276595745,0.6808510638297872,103.38286382978724,8
development_evaluation,irradiance_first,outage,persistence,2,39,0.13182548911089734,35.6851599023199,55.6870094017094,0.07692307692307693,0.5897435897435898,0.8717948717948718,171.04473846153846,8
development_evaluation,irradiance_first,outage,persistence,3,31,0.13325698703424074,36.07266639016897,58.81883440860216,0.06451612903225806,0.7419354838709677,0.8709677419354839,208.5838494623656,8
development_evaluation,irradiance_first,outage,persistence,4,23,0.13346635767556086,36.12934302277433,62.19361739130434,0.21739130434782608,0.782608695652174,0.9130434782608695,240.30854492753625,8
development_evaluation,irradiance_first,outage,quantile_raw,1,47,0.07940767337294598,21.495657182056473,35.90166771369365,0.6595744680851063,0.8297872340425532,1.0,188.88017993729338,8
development_evaluation,irradiance_first,outage,quantile_raw,2,39,0.07950884479019066,21.52304428470461,38.0275641784763,0.7435897435897436,0.9743589743589743,1.0,173.46016621784815,8
development_evaluation,irradiance_first,outage,quantile_raw,3,31,0.07692598245866834,20.823863451561518,39.74270891005605,0.8387096774193549,0.9354838709677419,1.0,157.01867272856344,8
development_evaluation,irradiance_first,outage,quantile_raw,4,23,0.08071627259567384,21.849894991648906,60.08381304347826,0.8695652173913043,0.9565217391304348,1.0,135.7448785803038,8
development_evaluation,irradiance_first,outage,recovery,1,47,0.07940767337294598,21.495657182056473,35.90166771369365,0.6595744680851063,0.8297872340425532,1.0,188.88017993729338,8
development_evaluation,irradiance_first,outage,recovery,2,39,0.07950884479019066,21.52304428470461,38.0275641784763,0.7435897435897436,0.9743589743589743,1.0,173.46016621784815,8
development_evaluation,irradiance_first,outage,recovery,3,31,0.07692598245866834,20.823863451561518,39.74270891005605,0.8387096774193549,0.9354838709677419,1.0,157.01867272856344,8
development_evaluation,irradiance_first,outage,recovery,4,23,0.08071627259567384,21.849894991648906,60.08381304347826,0.8695652173913043,0.9565217391304348,1.0,135.7448785803038,8
development_evaluation,irradiance_first,outage,rolling,1,47,0.07940767337294598,21.495657182056473,35.90166771369365,0.6595744680851063,0.8297872340425532,1.0,188.88017993729338,8
development_evaluation,irradiance_first,outage,rolling,2,39,0.07950884479019066,21.52304428470461,38.0275641784763,0.7435897435897436,0.9743589743589743,1.0,173.46016621784815,8
development_evaluation,irradiance_first,outage,rolling,3,31,0.07692598245866834,20.823863451561518,39.74270891005605,0.8387096774193549,0.9354838709677419,1.0,157.01867272856344,8
development_evaluation,irradiance_first,outage,rolling,4,23,0.08071627259567384,21.849894991648906,60.08381304347826,0.8695652173913043,0.9565217391304348,1.0,135.7448785803038,8
development_evaluation,irradiance_first,recovery,context,1,83,0.07360846612683936,19.925811780535412,57.935086896791105,0.7228915662650602,0.891566265060241,0.963855421686747,122.9613642280106,8
development_evaluation,irradiance_first,recovery,context,2,83,0.07953650216619074,21.530531136387832,49.56154872226119,0.7228915662650602,0.9036144578313253,0.963855421686747,143.2481963522447,8
development_evaluation,irradiance_first,recovery,context,3,83,0.0993783432840432,26.901717526990495,73.84776233613918,0.7951807228915663,0.9036144578313253,0.9518072289156626,154.33337637371062,8
development_evaluation,irradiance_first,recovery,context,4,83,0.10192744858127524,27.591760330951207,81.06428855421686,0.7108433734939759,0.927710843373494,0.9518072289156626,158.38433505544123,8
development_evaluation,irradiance_first,recovery,persistence,1,83,0.062327890134605664,16.87215985943775,27.318096987951808,0.07228915662650602,0.7228915662650602,0.9036144578313253,109.02721405622489,8
development_evaluation,irradiance_first,recovery,persistence,2,83,0.10392279476235196,28.131900542168673,46.008309036144574,0.14457831325301204,0.6987951807228916,0.8795180722891566,159.36695883534136,8
development_evaluation,irradiance_first,recovery,persistence,3,83,0.13105910580948524,35.47769994262766,61.210963654618475,0.20481927710843373,0.7108433734939759,0.8795180722891566,187.8673937751004,8
development_evaluation,irradiance_first,recovery,persistence,4,83,0.14809915532095133,40.09044134538153,72.60562228915663,0.24096385542168675,0.6987951807228916,0.891566265060241,203.25454497991967,8
development_evaluation,irradiance_first,recovery,quantile_raw,1,83,0.07360846612683936,19.925811780535412,57.935086896791105,0.7228915662650602,0.891566265060241,0.963855421686747,122.9613642280106,8
development_evaluation,irradiance_first,recovery,quantile_raw,2,83,0.07953650216619074,21.530531136387832,49.56154872226119,0.7228915662650602,0.9036144578313253,0.963855421686747,143.2481963522447,8
development_evaluation,irradiance_first,recovery,quantile_raw,3,83,0.09937650031739409,26.90121863591858,73.84776233613918,0.7951807228915663,0.9036144578313253,0.9518072289156626,154.33337637371062,8
development_evaluation,irradiance_first,recovery,quantile_raw,4,83,0.10192744858127524,27.591760330951207,81.06428855421686,0.7108433734939759,0.927710843373494,0.9518072289156626,158.38433505544123,8
development_evaluation,irradiance_first,recovery,recovery,1,83,0.07360846612683936,19.925811780535412,57.935086896791105,0.7228915662650602,0.891566265060241,0.963855421686747,122.9613642280106,8
development_evaluation,irradiance_first,recovery,recovery,2,83,0.07953650216619074,21.530531136387832,49.56154872226119,0.7228915662650602,0.9036144578313253,0.963855421686747,143.2481963522447,8
development_evaluation,irradiance_first,recovery,recovery,3,83,0.09937650031739409,26.90121863591858,73.84776233613918,0.7951807228915663,0.9036144578313253,0.9518072289156626,154.33337637371062,8
development_evaluation,irradiance_first,recovery,recovery,4,83,0.10192744858127524,27.591760330951207,81.06428855421686,0.7108433734939759,0.927710843373494,0.9518072289156626,158.38433505544123,8
development_evaluation,irradiance_first,recovery,rolling,1,83,0.07360846612683936,19.925811780535412,57.935086896791105,0.7228915662650602,0.891566265060241,0.963855421686747,122.9613642280106,8
development_evaluation,irradiance_first,recovery,rolling,2,83,0.07953650216619074,21.530531136387832,49.56154872226119,0.7228915662650602,0.9036144578313253,0.963855421686747,143.2481963522447,8
development_evaluation,irradiance_first,recovery,rolling,3,83,0.09937650031739409,26.90121863591858,73.84776233613918,0.7951807228915663,0.9036144578313253,0.9518072289156626,154.33337637371062,8
development_evaluation,irradiance_first,recovery,rolling,4,83,0.10192744858127524,27.591760330951207,81.06428855421686,0.7108433734939759,0.927710843373494,0.9518072289156626,158.38433505544123,8
development_evaluation,irradiance_only,background,context,1,465,0.07389682890214967,20.003871583811915,57.92451482861167,0.7440860215053764,0.8946236559139785,0.956989247311828,119.72874010536114,0
development_evaluation,irradiance_only,background,context,2,473,0.07956418687498444,21.538025387058287,51.19171282272056,0.6892177589852009,0.8900634249471459,0.9556025369978859,142.815033194371,0
development_evaluation,irradiance_only,background,context,3,481,0.10048063860154667,27.200108869438683,73.74056705405269,0.7713097713097713,0.8565488565488566,0.9397089397089398,153.98321658521758,0
development_evaluation,irradiance_only,background,context,4,489,0.10725694865429837,29.034456000718563,82.60533261758691,0.7034764826175869,0.8977505112474438,0.9447852760736196,159.36001855818523,0
development_evaluation,irradiance_only,background,persistence,1,465,0.06936711553800988,18.777678176139272,28.58342569892473,0.05806451612903226,0.6043010752688172,0.8043010752688172,83.48177548387098,0
development_evaluation,irradiance_only,background,persistence,2,473,0.11160280356407883,30.210878924796134,47.54501888653982,0.08879492600422834,0.6321353065539113,0.8181818181818182,135.6244284002819,0
development_evaluation,irradiance_only,background,persistence,3,481,0.13571318333520033,36.737558728838735,60.24005990990991,0.15384615384615385,0.6652806652806653,0.8253638253638254,169.80963257103258,0
development_evaluation,irradiance_only,background,persistence,4,489,0.14857221268023166,40.218497972538714,69.42779369461486,0.2167689161554192,0.7157464212678937,0.8445807770961146,193.54070061349694,0
development_evaluation,irradiance_only,background,quantile_raw,1,465,0.07387361637112691,19.997587951664052,57.92451482861167,0.7440860215053764,0.8946236559139785,0.956989247311828,119.72628730331812,0
development_evaluation,irradiance_only,background,quantile_raw,2,473,0.07947615098670088,21.514194072099933,51.19171282272056,0.6892177589852009,0.8900634249471459,0.9556025369978859,142.70835871620255,0
development_evaluation,irradiance_only,background,quantile_raw,3,481,0.10045299489287196,27.19262571750044,73.74056705405269,0.7713097713097713,0.8503118503118503,0.9397089397089398,153.9684905821665,0
development_evaluation,irradiance_only,background,quantile_raw,4,489,0.10723295045349916,29.027959687762227,82.60533261758691,0.7014314928425358,0.8977505112474438,0.9447852760736196,159.3584756386792,0
development_evaluation,irradiance_only,background,recovery,1,465,0.07390259371798882,20.005432119459574,57.92451482861167,0.7440860215053764,0.8946236559139785,0.956989247311828,119.74339738294609,0
development_evaluation,irradiance_only,background,recovery,2,473,0.07955893744014512,21.536604365047282,51.19171282272056,0.6892177589852009,0.8900634249471459,0.9556025369978859,142.815033194371,0
development_evaluation,irradiance_only,background,recovery,3,481,0.10045896287447607,27.19424125012067,73.74056705405269,0.7713097713097713,0.8503118503118503,0.9397089397089398,153.9684905821665,0
development_evaluation,irradiance_only,background,recovery,4,489,0.10723295045349916,29.027959687762227,82.60533261758691,0.7014314928425358,0.8977505112474438,0.9447852760736196,159.3584756386792,0
development_evaluation,irradiance_only,background,rolling,1,465,0.07390259371798882,20.005432119459574,57.92451482861167,0.7440860215053764,0.8946236559139785,0.956989247311828,119.74339738294609,0
development_evaluation,irradiance_only,background,rolling,2,473,0.07955855916048306,21.536501964742765,51.19171282272056,0.6892177589852009,0.8900634249471459,0.9556025369978859,142.815033194371,0
development_evaluation,irradiance_only,background,rolling,3,481,0.10045854792865,27.19412892428555,73.74056705405269,0.7713097713097713,0.8503118503118503,0.9397089397089398,153.9684905821665,0
development_evaluation,irradiance_only,background,rolling,4,489,0.10723295045349916,29.027959687762227,82.60533261758691,0.7014314928425358,0.8977505112474438,0.9447852760736196,159.3584756386792,0
development_evaluation,irradiance_only,outage,context,1,47,0.08733686010260222,23.642088029774417,66.84212368303201,0.7446808510638298,0.9574468085106383,0.9787234042553191,154.01975350892488,8
development_evaluation,irradiance_only,outage,context,2,39,0.07618618554166018,20.62360042612741,44.51121900665676,0.9230769230769231,0.9487179487179487,1.0,167.36631077606472,8
development_evaluation,irradiance_only,outage,context,3,31,0.07915844068544407,21.42818989354971,53.95987349287431,0.9032258064516129,1.0,1.0,164.5172738020768,8
development_evaluation,irradiance_only,outage,context,4,23,0.07485183641933604,20.262392118714267,60.08381304347826,0.7391304347826086,0.9565217391304348,1.0,130.06484381104966,8
development_evaluation,irradiance_only,outage,persistence,1,47,0.05987757281676946,16.208858961499494,25.64003794326241,0.02127659574468085,0.7021276595744681,0.851063829787234,92.22393156028369,8
development_evaluation,irradiance_only,outage,persistence,2,39,0.11470152395115453,31.04970253357753,49.00981239316239,0.0,0.6410256410256411,0.7948717948717948,162.45443034188034,8
development_evaluation,irradiance_only,outage,persistence,3,31,0.1550873831115439,41.98215460829493,67.12439301075268,0.03225806451612903,0.6451612903225806,0.7741935483870968,211.22427204301073,8
development_evaluation,irradiance_only,outage,persistence,4,23,0.17993612794373307,48.70870983436853,81.69694782608696,0.08695652173913043,0.6956521739130435,0.8260869565217391,256.8904971014493,8
development_evaluation,irradiance_only,outage,quantile_raw,1,47,0.08733686010260222,23.642088029774417,66.84212368303201,0.7446808510638298,0.9574468085106383,0.9787234042553191,154.01975350892488,8
development_evaluation,irradiance_only,outage,quantile_raw,2,39,0.07618618554166018,20.62360042612741,44.51121900665676,0.9230769230769231,0.9487179487179487,1.0,167.36631077606472,8
development_evaluation,irradiance_only,outage,quantile_raw,3,31,0.07915200233246525,21.42644703139834,53.95987349287431,0.9032258064516129,1.0,1.0,164.5172738020768,8
development_evaluation,irradiance_only,outage,quantile_raw,4,23,0.07485183641933604,20.262392118714267,60.08381304347826,0.7391304347826086,0.9565217391304348,1.0,130.06484381104966,8
development_evaluation,irradiance_only,outage,recovery,1,47,0.08733686010260222,23.642088029774417,66.84212368303201,0.7446808510638298,0.9574468085106383,0.9787234042553191,154.01975350892488,8
development_evaluation,irradiance_only,outage,recovery,2,39,0.07618618554166018,20.62360042612741,44.51121900665676,0.9230769230769231,0.9487179487179487,1.0,167.36631077606472,8
development_evaluation,irradiance_only,outage,recovery,3,31,0.07915200233246525,21.42644703139834,53.95987349287431,0.9032258064516129,1.0,1.0,164.5172738020768,8
development_evaluation,irradiance_only,outage,recovery,4,23,0.07485183641933604,20.262392118714267,60.08381304347826,0.7391304347826086,0.9565217391304348,1.0,130.06484381104966,8
development_evaluation,irradiance_only,outage,rolling,1,47,0.08733686010260222,23.642088029774417,66.84212368303201,0.7446808510638298,0.9574468085106383,0.9787234042553191,154.01975350892488,8
development_evaluation,irradiance_only,outage,rolling,2,39,0.07618618554166018,20.62360042612741,44.51121900665676,0.9230769230769231,0.9487179487179487,1.0,167.36631077606472,8
development_evaluation,irradiance_only,outage,rolling,3,31,0.07915200233246525,21.42644703139834,53.95987349287431,0.9032258064516129,1.0,1.0,164.5172738020768,8
development_evaluation,irradiance_only,outage,rolling,4,23,0.07485183641933604,20.262392118714267,60.08381304347826,0.7391304347826086,0.9565217391304348,1.0,130.06484381104966,8
development_evaluation,irradiance_only,recovery,context,1,83,0.07360846612683936,19.925811780535412,57.935086896791105,0.7228915662650602,0.891566265060241,0.963855421686747,122.9613642280106,8
development_evaluation,irradiance_only,recovery,context,2,83,0.07953650216619074,21.530531136387832,49.56154872226119,0.7228915662650602,0.9036144578313253,0.963855421686747,143.2481963522447,8
development_evaluation,irradiance_only,recovery,context,3,83,0.0993783432840432,26.901717526990495,73.84776233613918,0.7951807228915663,0.9036144578313253,0.9518072289156626,154.33337637371062,8
development_evaluation,irradiance_only,recovery,context,4,83,0.10192760848791081,27.591803617677456,81.06428855421686,0.7108433734939759,0.927710843373494,0.9518072289156626,158.38736512627838,8
development_evaluation,irradiance_only,recovery,persistence,1,83,0.06573411627405712,17.794225275387262,27.318096987951808,0.03614457831325301,0.5662650602409639,0.8072289156626506,84.0986700803213,8
development_evaluation,irradiance_only,recovery,persistence,2,83,0.10849713209267489,29.37017365748709,46.008309036144574,0.0963855421686747,0.6385542168674698,0.8192771084337349,140.75724638554217,8
development_evaluation,irradiance_only,recovery,persistence,3,83,0.13694026652814223,37.0697301491681,61.210963654618475,0.0963855421686747,0.6626506024096386,0.8433734939759037,173.16112771084337,8
development_evaluation,irradiance_only,recovery,persistence,4,83,0.15295611089669778,41.40521921973609,72.60562228915663,0.20481927710843373,0.6746987951807228,0.8674698795180723,198.36379658634536,8
development_evaluation,irradiance_only,recovery,quantile_raw,1,83,0.07360846612683936,19.925811780535412,57.935086896791105,0.7228915662650602,0.891566265060241,0.963855421686747,122.9613642280106,8
development_evaluation,irradiance_only,recovery,quantile_raw,2,83,0.07953650216619074,21.530531136387832,49.56154872226119,0.7228915662650602,0.9036144578313253,0.963855421686747,143.2481963522447,8
development_evaluation,irradiance_only,recovery,quantile_raw,3,83,0.09937650031739409,26.90121863591858,73.84776233613918,0.7951807228915663,0.9036144578313253,0.9518072289156626,154.33337637371062,8
development_evaluation,irradiance_only,recovery,quantile_raw,4,83,0.10192744858127524,27.591760330951207,81.06428855421686,0.7108433734939759,0.927710843373494,0.9518072289156626,158.38433505544123,8
development_evaluation,irradiance_only,recovery,recovery,1,83,0.07360846612683936,19.925811780535412,57.935086896791105,0.7228915662650602,0.891566265060241,0.963855421686747,122.9613642280106,8
development_evaluation,irradiance_only,recovery,recovery,2,83,0.07953650216619074,21.530531136387832,49.56154872226119,0.7228915662650602,0.9036144578313253,0.963855421686747,143.2481963522447,8
development_evaluation,irradiance_only,recovery,recovery,3,83,0.09937650031739409,26.90121863591858,73.84776233613918,0.7951807228915663,0.9036144578313253,0.9518072289156626,154.33337637371062,8
development_evaluation,irradiance_only,recovery,recovery,4,83,0.10192744858127524,27.591760330951207,81.06428855421686,0.7108433734939759,0.927710843373494,0.9518072289156626,158.38433505544123,8
development_evaluation,irradiance_only,recovery,rolling,1,83,0.07360846612683936,19.925811780535412,57.935086896791105,0.7228915662650602,0.891566265060241,0.963855421686747,122.9613642280106,8
development_evaluation,irradiance_only,recovery,rolling,2,83,0.07953650216619074,21.530531136387832,49.56154872226119,0.7228915662650602,0.9036144578313253,0.963855421686747,143.2481963522447,8
development_evaluation,irradiance_only,recovery,rolling,3,83,0.09937650031739409,26.90121863591858,73.84776233613918,0.7951807228915663,0.9036144578313253,0.9518072289156626,154.33337637371062,8
development_evaluation,irradiance_only,recovery,rolling,4,83,0.10192744858127524,27.591760330951207,81.06428855421686,0.7108433734939759,0.927710843373494,0.9518072289156626,158.38433505544123,8
development_evaluation,joint,background,context,1,465,0.07389682890214967,20.003871583811915,57.92451482861167,0.7440860215053764,0.8946236559139785,0.956989247311828,119.72874010536114,0
development_evaluation,joint,background,context,2,473,0.07956418687498444,21.538025387058287,51.19171282272056,0.6892177589852009,0.8900634249471459,0.9556025369978859,142.815033194371,0
development_evaluation,joint,background,context,3,481,0.10048121401409739,27.200264633616165,73.74056705405269,0.7713097713097713,0.8565488565488566,0.9397089397089398,153.98746556335246,0
development_evaluation,joint,background,context,4,489,0.10725697579591544,29.034463347954308,82.60533261758691,0.7034764826175869,0.8977505112474438,0.9447852760736196,159.36053286468726,0
development_evaluation,joint,background,persistence,1,465,0.06659824446718045,18.028144777265744,28.58342569892473,0.07526881720430108,0.6688172043010753,0.8774193548387097,99.73845268817205,0
development_evaluation,joint,background,persistence,2,473,0.10784350484968908,29.193236762810834,47.54501888653982,0.12896405919661733,0.6807610993657506,0.8583509513742071,152.13228269908385,0
development_evaluation,joint,background,persistence,3,481,0.1322943508575943,35.81208077715078,60.24005990990991,0.19542619542619544,0.7068607068607069,0.8544698544698545,179.02010415800416,0
development_evaluation,joint,background,persistence,4,489,0.1461067037259234,39.55108469860746,69.42779369461486,0.25971370143149286,0.7321063394683026,0.8507157464212679,196.41629812542604,0
development_evaluation,joint,background,quantile_raw,1,465,0.07387361637112691,19.997587951664052,57.92451482861167,0.7440860215053764,0.8946236559139785,0.956989247311828,119.72628730331812,0
development_evaluation,joint,background,quantile_raw,2,473,0.07947615098670088,21.514194072099933,51.19171282272056,0.6892177589852009,0.8900634249471459,0.9556025369978859,142.70835871620255,0
development_evaluation,joint,background,quantile_raw,3,481,0.10045299489287196,27.19262571750044,73.74056705405269,0.7713097713097713,0.8503118503118503,0.9397089397089398,153.9684905821665,0
development_evaluation,joint,background,quantile_raw,4,489,0.10723295045349916,29.027959687762227,82.60533261758691,0.7014314928425358,0.8977505112474438,0.9447852760736196,159.3584756386792,0
development_evaluation,joint,background,recovery,1,465,0.07390259371798882,20.005432119459574,57.92451482861167,0.7440860215053764,0.8946236559139785,0.956989247311828,119.74339738294609,0
development_evaluation,joint,background,recovery,2,473,0.07955893744014512,21.536604365047282,51.19171282272056,0.6892177589852009,0.8900634249471459,0.9556025369978859,142.815033194371,0
development_evaluation,joint,background,recovery,3,481,0.10045896287447607,27.19424125012067,73.74056705405269,0.7713097713097713,0.8503118503118503,0.9397089397089398,153.9684905821665,0
development_evaluation,joint,background,recovery,4,489,0.10723295045349916,29.027959687762227,82.60533261758691,0.7014314928425358,0.8977505112474438,0.9447852760736196,159.3584756386792,0
development_evaluation,joint,background,rolling,1,465,0.07390259371798882,20.005432119459574,57.92451482861167,0.7440860215053764,0.8946236559139785,0.956989247311828,119.74339738294609,0
development_evaluation,joint,background,rolling,2,473,0.07955855916048306,21.536501964742765,51.19171282272056,0.6892177589852009,0.8900634249471459,0.9556025369978859,142.815033194371,0
development_evaluation,joint,background,rolling,3,481,0.10045854792865,27.19412892428555,73.74056705405269,0.7713097713097713,0.8503118503118503,0.9397089397089398,153.9684905821665,0
development_evaluation,joint,background,rolling,4,489,0.10723295045349916,29.027959687762227,82.60533261758691,0.7014314928425358,0.8977505112474438,0.9447852760736196,159.3584756386792,0
development_evaluation,joint,outage,context,1,47,0.07940963805459418,21.496189021378644,35.90166771369365,0.6595744680851063,0.8297872340425532,1.0,188.88017993729338,8
development_evaluation,joint,outage,context,2,39,0.07950884479019066,21.52304428470461,38.0275641784763,0.7435897435897436,0.9743589743589743,1.0,173.46016621784815,8
development_evaluation,joint,outage,context,3,31,0.07692598245866834,20.823863451561518,39.74270891005605,0.8387096774193549,0.9354838709677419,1.0,157.01867272856344,8
development_evaluation,joint,outage,context,4,23,0.08071627259567384,21.849894991648906,60.08381304347826,0.8695652173913043,0.9565217391304348,1.0,135.7448785803038,8
development_evaluation,joint,outage,persistence,1,47,0.137406440205868,37.195923363728475,52.349279787234046,0.02127659574468085,0.3617021276595745,0.6808510638297872,103.38286382978724,8
development_evaluation,joint,outage,persistence,2,39,0.13182548911089734,35.6851599023199,55.6870094017094,0.07692307692307693,0.5897435897435898,0.8717948717948718,171.04473846153846,8
development_evaluation,joint,outage,persistence,3,31,0.13325698703424074,36.07266639016897,58.81883440860216,0.06451612903225806,0.7419354838709677,0.8709677419354839,208.5838494623656,8
development_evaluation,joint,outage,persistence,4,23,0.13346635767556086,36.12934302277433,62.19361739130434,0.21739130434782608,0.782608695652174,0.9130434782608695,240.30854492753625,8
development_evaluation,joint,outage,quantile_raw,1,47,0.07940767337294598,21.495657182056473,35.90166771369365,0.6595744680851063,0.8297872340425532,1.0,188.88017993729338,8
development_evaluation,joint,outage,quantile_raw,2,39,0.07950884479019066,21.52304428470461,38.0275641784763,0.7435897435897436,0.9743589743589743,1.0,173.46016621784815,8
development_evaluation,joint,outage,quantile_raw,3,31,0.07692598245866834,20.823863451561518,39.74270891005605,0.8387096774193549,0.9354838709677419,1.0,157.01867272856344,8
development_evaluation,joint,outage,quantile_raw,4,23,0.08071627259567384,21.849894991648906,60.08381304347826,0.8695652173913043,0.9565217391304348,1.0,135.7448785803038,8
development_evaluation,joint,outage,recovery,1,47,0.07940767337294598,21.495657182056473,35.90166771369365,0.6595744680851063,0.8297872340425532,1.0,188.88017993729338,8
development_evaluation,joint,outage,recovery,2,39,0.07950884479019066,21.52304428470461,38.0275641784763,0.7435897435897436,0.9743589743589743,1.0,173.46016621784815,8
development_evaluation,joint,outage,recovery,3,31,0.07692598245866834,20.823863451561518,39.74270891005605,0.8387096774193549,0.9354838709677419,1.0,157.01867272856344,8
development_evaluation,joint,outage,recovery,4,23,0.08071627259567384,21.849894991648906,60.08381304347826,0.8695652173913043,0.9565217391304348,1.0,135.7448785803038,8
development_evaluation,joint,outage,rolling,1,47,0.07940767337294598,21.495657182056473,35.90166771369365,0.6595744680851063,0.8297872340425532,1.0,188.88017993729338,8
development_evaluation,joint,outage,rolling,2,39,0.07950884479019066,21.52304428470461,38.0275641784763,0.7435897435897436,0.9743589743589743,1.0,173.46016621784815,8
development_evaluation,joint,outage,rolling,3,31,0.07692598245866834,20.823863451561518,39.74270891005605,0.8387096774193549,0.9354838709677419,1.0,157.01867272856344,8
development_evaluation,joint,outage,rolling,4,23,0.08071627259567384,21.849894991648906,60.08381304347826,0.8695652173913043,0.9565217391304348,1.0,135.7448785803038,8
development_evaluation,joint,recovery,context,1,83,0.07360846612683936,19.925811780535412,57.935086896791105,0.7228915662650602,0.891566265060241,0.963855421686747,122.9613642280106,8
development_evaluation,joint,recovery,context,2,83,0.07953650216619074,21.530531136387832,49.56154872226119,0.7228915662650602,0.9036144578313253,0.963855421686747,143.2481963522447,8
development_evaluation,joint,recovery,context,3,83,0.09937650031739409,26.90121863591858,73.84776233613918,0.7951807228915663,0.9036144578313253,0.9518072289156626,154.33337637371062,8
development_evaluation,joint,recovery,context,4,83,0.10192744858127524,27.591760330951207,81.06428855421686,0.7108433734939759,0.927710843373494,0.9518072289156626,158.38433505544123,8
development_evaluation,joint,recovery,persistence,1,83,0.062327890134605664,16.87215985943775,27.318096987951808,0.07228915662650602,0.7228915662650602,0.9036144578313253,109.02721405622489,8
development_evaluation,joint,recovery,persistence,2,83,0.10392279476235196,28.131900542168673,46.008309036144574,0.14457831325301204,0.6987951807228916,0.8795180722891566,159.36695883534136,8
development_evaluation,joint,recovery,persistence,3,83,0.13105910580948524,35.47769994262766,61.210963654618475,0.20481927710843373,0.7108433734939759,0.8795180722891566,187.8673937751004,8
development_evaluation,joint,recovery,persistence,4,83,0.14809915532095133,40.09044134538153,72.60562228915663,0.24096385542168675,0.6987951807228916,0.891566265060241,203.25454497991967,8
development_evaluation,joint,recovery,quantile_raw,1,83,0.07360846612683936,19.925811780535412,57.935086896791105,0.7228915662650602,0.891566265060241,0.963855421686747,122.9613642280106,8
development_evaluation,joint,recovery,quantile_raw,2,83,0.07953650216619074,21.530531136387832,49.56154872226119,0.7228915662650602,0.9036144578313253,0.963855421686747,143.2481963522447,8
development_evaluation,joint,recovery,quantile_raw,3,83,0.09937650031739409,26.90121863591858,73.84776233613918,0.7951807228915663,0.9036144578313253,0.9518072289156626,154.33337637371062,8
development_evaluation,joint,recovery,quantile_raw,4,83,0.10192744858127524,27.591760330951207,81.06428855421686,0.7108433734939759,0.927710843373494,0.9518072289156626,158.38433505544123,8
development_evaluation,joint,recovery,recovery,1,83,0.07360846612683936,19.925811780535412,57.935086896791105,0.7228915662650602,0.891566265060241,0.963855421686747,122.9613642280106,8
development_evaluation,joint,recovery,recovery,2,83,0.07953650216619074,21.530531136387832,49.56154872226119,0.7228915662650602,0.9036144578313253,0.963855421686747,143.2481963522447,8
development_evaluation,joint,recovery,recovery,3,83,0.09937650031739409,26.90121863591858,73.84776233613918,0.7951807228915663,0.9036144578313253,0.9518072289156626,154.33337637371062,8
development_evaluation,joint,recovery,recovery,4,83,0.10192744858127524,27.591760330951207,81.06428855421686,0.7108433734939759,0.927710843373494,0.9518072289156626,158.38433505544123,8
development_evaluation,joint,recovery,rolling,1,83,0.07360846612683936,19.925811780535412,57.935086896791105,0.7228915662650602,0.891566265060241,0.963855421686747,122.9613642280106,8
development_evaluation,joint,recovery,rolling,2,83,0.07953650216619074,21.530531136387832,49.56154872226119,0.7228915662650602,0.9036144578313253,0.963855421686747,143.2481963522447,8
development_evaluation,joint,recovery,rolling,3,83,0.09937650031739409,26.90121863591858,73.84776233613918,0.7951807228915663,0.9036144578313253,0.9518072289156626,154.33337637371062,8
development_evaluation,joint,recovery,rolling,4,83,0.10192744858127524,27.591760330951207,81.06428855421686,0.7108433734939759,0.927710843373494,0.9518072289156626,158.38433505544123,8
development_evaluation,no_backfill,background,context,1,465,0.0741725187495079,20.07850082549179,57.983945036622266,0.7462365591397849,0.896774193548387,0.956989247311828,118.98905287401946,0
development_evaluation,no_backfill,background,context,2,473,0.07965859894321756,21.563582733928992,51.38889380925976,0.6871035940803383,0.8879492600422833,0.9513742071881607,141.73995926450934,0
development_evaluation,no_backfill,background,context,3,481,0.10062299409455203,27.23864450139523,73.91573098557723,0.7713097713097713,0.8565488565488566,0.9376299376299376,153.05092865955731,0
development_evaluation,no_backfill,background,context,4,489,0.1071952983855007,29.017767272955037,82.60533261758691,0.7034764826175869,0.8977505112474438,0.9447852760736196,158.5912896877108,0
development_evaluation,no_backfill,background,persistence,1,465,0.06972464311769888,18.874460891961085,28.642285197132615,0.04086021505376344,0.6043010752688172,0.8043010752688172,85.03500713261649,0
development_evaluation,no_backfill,background,persistence,2,473,0.11192290755338195,30.297531074700494,47.66074686398872,0.080338266384778,0.6448202959830867,0.828752642706131,139.56965704721637,0
development_evaluation,no_backfill,background,persistence,3,481,0.13620231977675643,36.869967963567966,60.410764691614695,0.14553014553014554,0.6611226611226612,0.8378378378378378,171.86137127512126,0
development_evaluation,no_backfill,background,persistence,4,489,0.14923983536981536,40.39922343460901,69.53973507157464,0.20449897750511248,0.7259713701431493,0.8404907975460123,192.7612342876619,0
development_evaluation,no_backfill,background,quantile_raw,1,465,0.07407175985499656,20.05122539274757,57.983945036622266,0.7462365591397849,0.896774193548387,0.956989247311828,118.8193080163159,0
development_evaluation,no_backfill,background,quantile_raw,2,473,0.07957056305493401,21.539751418970635,51.38889380925976,0.6871035940803383,0.8879492600422833,0.9513742071881607,141.63328478634088,0
development_evaluation,no_backfill,background,quantile_raw,3,481,0.10059601988288383,27.231342582296655,73.91573098557723,0.7713097713097713,0.8503118503118503,0.9376299376299376,153.01899353384403,0
development_evaluation,no_backfill,background,quantile_raw,4,489,0.10717138160955274,29.011293001705926,82.60533261758691,0.7014314928425358,0.8977505112474438,0.9447852760736196,158.5912896877108,0
development_evaluation,no_backfill,background,recovery,1,465,0.07417700733694697,20.079715886111547,57.983945036622266,0.7462365591397849,0.896774193548387,0.956989247311828,118.99887350121372,0
development_evaluation,no_backfill,background,recovery,2,473,0.07965334950837824,21.56216171191799,51.38889380925976,0.6871035940803383,0.8879492600422833,0.9513742071881607,141.73995926450934,0
development_evaluation,no_backfill,background,recovery,3,481,0.10060198786448794,27.232958114916883,73.91573098557723,0.7713097713097713,0.8503118503118503,0.9376299376299376,153.01899353384403,0
development_evaluation,no_backfill,background,recovery,4,489,0.10717138160955274,29.011293001705926,82.60533261758691,0.7014314928425358,0.8977505112474438,0.9447852760736196,158.5912896877108,0
development_evaluation,no_backfill,background,rolling,1,465,0.07417700733694697,20.079715886111547,57.983945036622266,0.7462365591397849,0.896774193548387,0.956989247311828,118.99887350121372,0
development_evaluation,no_backfill,background,rolling,2,473,0.07965297122871619,21.56205931161347,51.38889380925976,0.6871035940803383,0.8879492600422833,0.9513742071881607,141.73995926450934,0
development_evaluation,no_backfill,background,rolling,3,481,0.10060157291866186,27.232845789081765,73.91573098557723,0.7713097713097713,0.8503118503118503,0.9376299376299376,153.01899353384403,0
development_evaluation,no_backfill,background,rolling,4,489,0.10717138160955274,29.011293001705926,82.60533261758691,0.7014314928425358,0.8977505112474438,0.9447852760736196,158.5912896877108,0
development_evaluation,no_backfill,outage,context,1,47,0.07940767337294598,21.495657182056473,35.90166771369365,0.6595744680851063,0.8297872340425532,1.0,188.88017993729338,8
development_evaluation,no_backfill,outage,context,2,39,0.07950884479019066,21.52304428470461,38.0275641784763,0.7435897435897436,0.9743589743589743,1.0,173.46016621784815,8
development_evaluation,no_backfill,outage,context,3,31,0.07692598245866834,20.823863451561518,39.74270891005605,0.8387096774193549,0.9354838709677419,1.0,157.01867272856344,8
development_evaluation,no_backfill,outage,context,4,23,0.08071627259567384,21.849894991648906,60.08381304347826,0.8695652173913043,0.9565217391304348,1.0,135.7448785803038,8
development_evaluation,no_backfill,outage,persistence,1,47,0.1423609258184249,38.53710261904762,52.349279787234046,0.0,0.2978723404255319,0.574468085106383,89.49318049645392,8
development_evaluation,no_backfill,outage,persistence,2,39,0.13509351750740745,36.569815189255195,55.6870094017094,0.05128205128205128,0.5897435897435898,0.8205128205128205,161.84649145299144,8
development_evaluation,no_backfill,outage,persistence,3,31,0.13583348265888576,36.770123755760366,58.81883440860216,0.06451612903225806,0.7096774193548387,0.8387096774193549,199.86493172043012,8
development_evaluation,no_backfill,outage,persistence,4,23,0.13578929774122914,36.75816289855073,62.19361739130434,0.17391304347826086,0.7391304347826086,0.9130434782608695,238.51046521739133,8
development_evaluation,no_backfill,outage,quantile_raw,1,47,0.07940767337294598,21.495657182056473,35.90166771369365,0.6595744680851063,0.8297872340425532,1.0,188.88017993729338,8
development_evaluation,no_backfill,outage,quantile_raw,2,39,0.07950884479019066,21.52304428470461,38.0275641784763,0.7435897435897436,0.9743589743589743,1.0,173.46016621784815,8
development_evaluation,no_backfill,outage,quantile_raw,3,31,0.07692598245866834,20.823863451561518,39.74270891005605,0.8387096774193549,0.9354838709677419,1.0,157.01867272856344,8
development_evaluation,no_backfill,outage,quantile_raw,4,23,0.08071627259567384,21.849894991648906,60.08381304347826,0.8695652173913043,0.9565217391304348,1.0,135.7448785803038,8
development_evaluation,no_backfill,outage,recovery,1,47,0.07940767337294598,21.495657182056473,35.90166771369365,0.6595744680851063,0.8297872340425532,1.0,188.88017993729338,8
development_evaluation,no_backfill,outage,recovery,2,39,0.07950884479019066,21.52304428470461,38.0275641784763,0.7435897435897436,0.9743589743589743,1.0,173.46016621784815,8
development_evaluation,no_backfill,outage,recovery,3,31,0.07692598245866834,20.823863451561518,39.74270891005605,0.8387096774193549,0.9354838709677419,1.0,157.01867272856344,8
development_evaluation,no_backfill,outage,recovery,4,23,0.08071627259567384,21.849894991648906,60.08381304347826,0.8695652173913043,0.9565217391304348,1.0,135.7448785803038,8
development_evaluation,no_backfill,outage,rolling,1,47,0.07940767337294598,21.495657182056473,35.90166771369365,0.6595744680851063,0.8297872340425532,1.0,188.88017993729338,8
development_evaluation,no_backfill,outage,rolling,2,39,0.07950884479019066,21.52304428470461,38.0275641784763,0.7435897435897436,0.9743589743589743,1.0,173.46016621784815,8
development_evaluation,no_backfill,outage,rolling,3,31,0.07692598245866834,20.823863451561518,39.74270891005605,0.8387096774193549,0.9354838709677419,1.0,157.01867272856344,8
development_evaluation,no_backfill,outage,rolling,4,23,0.08071627259567384,21.849894991648906,60.08381304347826,0.8695652173913043,0.9565217391304348,1.0,135.7448785803038,8
development_evaluation,no_backfill,recovery,context,1,83,0.07359427469404745,19.921970159678644,58.072951620432164,0.6746987951807228,0.9036144578313253,0.963855421686747,125.02147882753933,8
development_evaluation,no_backfill,recovery,context,2,83,0.08096837699598437,21.918139652812968,51.75024984320563,0.7349397590361446,0.9036144578313253,0.9759036144578314,141.590766741984,8
development_evaluation,no_backfill,recovery,context,3,83,0.09935197295521793,26.894579078977493,73.82837344143424,0.8072289156626506,0.8795180722891566,0.963855421686747,157.9810181394313,8
development_evaluation,no_backfill,recovery,context,4,83,0.10132283264223815,27.428090796253866,81.06428855421686,0.7228915662650602,0.9518072289156626,0.963855421686747,160.63528746947904,8
development_evaluation,no_backfill,recovery,persistence,1,83,0.06589572094912978,17.837971660929433,27.318096987951808,0.03614457831325301,0.5903614457831325,0.8192771084337349,86.34076164658634,8
development_evaluation,no_backfill,recovery,persistence,2,83,0.10908748191351082,29.529981353987377,46.008309036144574,0.08433734939759036,0.6385542168674698,0.8554216867469879,145.65952550200805,8
development_evaluation,no_backfill,recovery,persistence,3,83,0.1376397696013883,37.259085631095815,61.210963654618475,0.0963855421686747,0.6867469879518072,0.8674698795180723,176.17844417670682,8
development_evaluation,no_backfill,recovery,persistence,4,83,0.15382462473250436,41.64032591508893,72.60562228915663,0.21686746987951808,0.6987951807228916,0.8674698795180723,199.9260690763052,8
development_evaluation,no_backfill,recovery,quantile_raw,1,83,0.07359427469404745,19.921970159678644,58.072951620432164,0.6746987951807228,0.9036144578313253,0.963855421686747,125.02147882753933,8
development_evaluation,no_backfill,recovery,quantile_raw,2,83,0.08096729912682682,21.917847873632017,51.75024984320563,0.7349397590361446,0.9036144578313253,0.9759036144578314,141.590766741984,8
development_evaluation,no_backfill,recovery,quantile_raw,3,83,0.09934386608698718,26.892384549747426,73.82837344143424,0.8072289156626506,0.8795180722891566,0.963855421686747,157.9810181394313,8
development_evaluation,no_backfill,recovery,quantile_raw,4,83,0.10132283264223815,27.428090796253866,81.06428855421686,0.7228915662650602,0.9518072289156626,0.963855421686747,160.63528746947904,8
development_evaluation,no_backfill,recovery,recovery,1,83,0.07359427469404745,19.921970159678644,58.072951620432164,0.6746987951807228,0.9036144578313253,0.963855421686747,125.02147882753933,8
development_evaluation,no_backfill,recovery,recovery,2,83,0.08096729912682682,21.917847873632017,51.75024984320563,0.7349397590361446,0.9036144578313253,0.9759036144578314,141.590766741984,8
development_evaluation,no_backfill,recovery,recovery,3,83,0.09934386608698718,26.892384549747426,73.82837344143424,0.8072289156626506,0.8795180722891566,0.963855421686747,157.9810181394313,8
development_evaluation,no_backfill,recovery,recovery,4,83,0.10132283264223815,27.428090796253866,81.06428855421686,0.7228915662650602,0.9518072289156626,0.963855421686747,160.63528746947904,8
development_evaluation,no_backfill,recovery,rolling,1,83,0.07359427469404745,19.921970159678644,58.072951620432164,0.6746987951807228,0.9036144578313253,0.963855421686747,125.02147882753933,8
development_evaluation,no_backfill,recovery,rolling,2,83,0.08096729912682682,21.917847873632017,51.75024984320563,0.7349397590361446,0.9036144578313253,0.9759036144578314,141.590766741984,8
development_evaluation,no_backfill,recovery,rolling,3,83,0.09934386608698718,26.892384549747426,73.82837344143424,0.8072289156626506,0.8795180722891566,0.963855421686747,157.9810181394313,8
development_evaluation,no_backfill,recovery,rolling,4,83,0.10132283264223815,27.428090796253866,81.06428855421686,0.7228915662650602,0.9518072289156626,0.963855421686747,160.63528746947904,8
development_evaluation,pv_first,background,context,1,465,0.07389682890214967,20.003871583811915,57.92451482861167,0.7440860215053764,0.8946236559139785,0.956989247311828,119.72874010536114,0
development_evaluation,pv_first,background,context,2,473,0.07956418687498444,21.538025387058287,51.19171282272056,0.6892177589852009,0.8900634249471459,0.9556025369978859,142.815033194371,0
development_evaluation,pv_first,background,context,3,481,0.10048340401593969,27.200857467114876,73.74056705405269,0.7713097713097713,0.8565488565488566,0.9397089397089398,153.98698914005783,0
development_evaluation,pv_first,background,context,4,489,0.10725697579591544,29.034463347954308,82.60533261758691,0.7034764826175869,0.8977505112474438,0.9447852760736196,159.36053286468726,0
development_evaluation,pv_first,background,persistence,1,465,0.06742451183151303,18.25181535279058,28.58342569892473,0.060215053763440864,0.6494623655913978,0.8516129032258064,93.82165602150538,0
development_evaluation,pv_first,background,persistence,2,473,0.10970123562259455,29.696124483036343,47.54501888653982,0.09936575052854123,0.6596194503171248,0.8350951374207188,145.8999878083157,0
development_evaluation,pv_first,background,persistence,3,481,0.13399011196556448,36.271123309078305,60.24005990990991,0.1683991683991684,0.6860706860706861,0.8440748440748441,174.8971252252252,0
development_evaluation,pv_first,background,persistence,4,489,0.14768413723479695,39.97809594945954,69.42779369461486,0.23517382413087934,0.7321063394683026,0.8445807770961146,194.5418693933197,0
development_evaluation,pv_first,background,quantile_raw,1,465,0.07387361637112691,19.997587951664052,57.92451482861167,0.7440860215053764,0.8946236559139785,0.956989247311828,119.72628730331812,0
development_evaluation,pv_first,background,quantile_raw,2,473,0.07947615098670088,21.514194072099933,51.19171282272056,0.6892177589852009,0.8900634249471459,0.9556025369978859,142.70835871620255,0
development_evaluation,pv_first,background,quantile_raw,3,481,0.10045299489287196,27.19262571750044,73.74056705405269,0.7713097713097713,0.8503118503118503,0.9397089397089398,153.9684905821665,0
development_evaluation,pv_first,background,quantile_raw,4,489,0.10723295045349916,29.027959687762227,82.60533261758691,0.7014314928425358,0.8977505112474438,0.9447852760736196,159.3584756386792,0
development_evaluation,pv_first,background,recovery,1,465,0.07390259371798882,20.005432119459574,57.92451482861167,0.7440860215053764,0.8946236559139785,0.956989247311828,119.74339738294609,0
development_evaluation,pv_first,background,recovery,2,473,0.07955893744014512,21.536604365047282,51.19171282272056,0.6892177589852009,0.8900634249471459,0.9556025369978859,142.815033194371,0
development_evaluation,pv_first,background,recovery,3,481,0.10045896287447607,27.19424125012067,73.74056705405269,0.7713097713097713,0.8503118503118503,0.9397089397089398,153.9684905821665,0
development_evaluation,pv_first,background,recovery,4,489,0.10723295045349916,29.027959687762227,82.60533261758691,0.7014314928425358,0.8977505112474438,0.9447852760736196,159.3584756386792,0
development_evaluation,pv_first,background,rolling,1,465,0.07390259371798882,20.005432119459574,57.92451482861167,0.7440860215053764,0.8946236559139785,0.956989247311828,119.74339738294609,0
development_evaluation,pv_first,background,rolling,2,473,0.07955855916048306,21.536501964742765,51.19171282272056,0.6892177589852009,0.8900634249471459,0.9556025369978859,142.815033194371,0
development_evaluation,pv_first,background,rolling,3,481,0.10045854792865,27.19412892428555,73.74056705405269,0.7713097713097713,0.8503118503118503,0.9397089397089398,153.9684905821665,0
development_evaluation,pv_first,background,rolling,4,489,0.10723295045349916,29.027959687762227,82.60533261758691,0.7014314928425358,0.8977505112474438,0.9447852760736196,159.3584756386792,0
development_evaluation,pv_first,outage,context,1,47,0.0794106203954183,21.496454941039733,35.90166771369365,0.6595744680851063,0.8297872340425532,1.0,188.88017993729338,8
development_evaluation,pv_first,outage,context,2,39,0.07950884479019066,21.52304428470461,38.0275641784763,0.7435897435897436,0.9743589743589743,1.0,173.46016621784815,8
development_evaluation,pv_first,outage,context,3,31,0.07692598245866834,20.823863451561518,39.74270891005605,0.8387096774193549,0.9354838709677419,1.0,157.01867272856344,8
development_evaluation,pv_first,outage,context,4,23,0.08071627259567384,21.849894991648906,60.08381304347826,0.8695652173913043,0.9565217391304348,1.0,135.7448785803038,8
development_evaluation,pv_first,outage,persistence,1,47,0.1387464218250631,37.55865638804458,52.349279787234046,0.02127659574468085,0.3404255319148936,0.6808510638297872,98.34683014184397,8
development_evaluation,pv_first,outage,persistence,2,39,0.13293210443868,35.984720671550676,55.6870094017094,0.07692307692307693,0.5897435897435898,0.8717948717948718,166.57613504273505,8
development_evaluation,pv_first,outage,persistence,3,31,0.13427283633998902,36.347656797235025,58.81883440860216,0.06451612903225806,0.7419354838709677,0.8709677419354839,204.78287795698924,8
development_evaluation,pv_first,outage,persistence,4,23,0.13442763244743136,36.38956010351967,62.19361739130434,0.17391304347826086,0.782608695652174,0.9130434782608695,239.40090724637682,8
development_evaluation,pv_first,outage,quantile_raw,1,47,0.07940767337294598,21.495657182056473,35.90166771369365,0.6595744680851063,0.8297872340425532,1.0,188.88017993729338,8
development_evaluation,pv_first,outage,quantile_raw,2,39,0.07950884479019066,21.52304428470461,38.0275641784763,0.7435897435897436,0.9743589743589743,1.0,173.46016621784815,8
development_evaluation,pv_first,outage,quantile_raw,3,31,0.07692598245866834,20.823863451561518,39.74270891005605,0.8387096774193549,0.9354838709677419,1.0,157.01867272856344,8
development_evaluation,pv_first,outage,quantile_raw,4,23,0.08071627259567384,21.849894991648906,60.08381304347826,0.8695652173913043,0.9565217391304348,1.0,135.7448785803038,8
development_evaluation,pv_first,outage,recovery,1,47,0.07940767337294598,21.495657182056473,35.90166771369365,0.6595744680851063,0.8297872340425532,1.0,188.88017993729338,8
development_evaluation,pv_first,outage,recovery,2,39,0.07950884479019066,21.52304428470461,38.0275641784763,0.7435897435897436,0.9743589743589743,1.0,173.46016621784815,8
development_evaluation,pv_first,outage,recovery,3,31,0.07692598245866834,20.823863451561518,39.74270891005605,0.8387096774193549,0.9354838709677419,1.0,157.01867272856344,8
development_evaluation,pv_first,outage,recovery,4,23,0.08071627259567384,21.849894991648906,60.08381304347826,0.8695652173913043,0.9565217391304348,1.0,135.7448785803038,8
development_evaluation,pv_first,outage,rolling,1,47,0.07940767337294598,21.495657182056473,35.90166771369365,0.6595744680851063,0.8297872340425532,1.0,188.88017993729338,8
development_evaluation,pv_first,outage,rolling,2,39,0.07950884479019066,21.52304428470461,38.0275641784763,0.7435897435897436,0.9743589743589743,1.0,173.46016621784815,8
development_evaluation,pv_first,outage,rolling,3,31,0.07692598245866834,20.823863451561518,39.74270891005605,0.8387096774193549,0.9354838709677419,1.0,157.01867272856344,8
development_evaluation,pv_first,outage,rolling,4,23,0.08071627259567384,21.849894991648906,60.08381304347826,0.8695652173913043,0.9565217391304348,1.0,135.7448785803038,8
development_evaluation,pv_first,recovery,context,1,83,0.07360846612683936,19.925811780535412,57.935086896791105,0.7228915662650602,0.891566265060241,0.963855421686747,122.9613642280106,8
development_evaluation,pv_first,recovery,context,2,83,0.07953650216619074,21.530531136387832,49.56154872226119,0.7228915662650602,0.9036144578313253,0.963855421686747,143.2481963522447,8
development_evaluation,pv_first,recovery,context,3,83,0.09937650031739409,26.90121863591858,73.84776233613918,0.7951807228915663,0.9036144578313253,0.9518072289156626,154.33337637371062,8
development_evaluation,pv_first,recovery,context,4,83,0.10192744858127524,27.591760330951207,81.06428855421686,0.7108433734939759,0.927710843373494,0.9518072289156626,158.38433505544123,8
development_evaluation,pv_first,recovery,persistence,1,83,0.06335583524662798,17.15042460126219,27.318096987951808,0.03614457831325301,0.6385542168674698,0.8674698795180723,100.11988172690762,8
development_evaluation,pv_first,recovery,persistence,2,83,0.10624944196014625,28.761723938611592,46.008309036144574,0.0963855421686747,0.6746987951807228,0.8795180722891566,152.34056485943776,8
development_evaluation,pv_first,recovery,persistence,3,83,0.13383721816391111,36.22973495697074,61.210963654618475,0.1566265060240964,0.6987951807228916,0.8674698795180723,182.69548514056225,8
development_evaluation,pv_first,recovery,persistence,4,83,0.15082232066161105,40.82760220309811,72.60562228915663,0.21686746987951808,0.6987951807228916,0.891566265060241,201.3228857429719,8
development_evaluation,pv_first,recovery,quantile_raw,1,83,0.07360846612683936,19.925811780535412,57.935086896791105,0.7228915662650602,0.891566265060241,0.963855421686747,122.9613642280106,8
development_evaluation,pv_first,recovery,quantile_raw,2,83,0.07953650216619074,21.530531136387832,49.56154872226119,0.7228915662650602,0.9036144578313253,0.963855421686747,143.2481963522447,8
development_evaluation,pv_first,recovery,quantile_raw,3,83,0.09937650031739409,26.90121863591858,73.84776233613918,0.7951807228915663,0.9036144578313253,0.9518072289156626,154.33337637371062,8
development_evaluation,pv_first,recovery,quantile_raw,4,83,0.10192744858127524,27.591760330951207,81.06428855421686,0.7108433734939759,0.927710843373494,0.9518072289156626,158.38433505544123,8
development_evaluation,pv_first,recovery,recovery,1,83,0.07360846612683936,19.925811780535412,57.935086896791105,0.7228915662650602,0.891566265060241,0.963855421686747,122.9613642280106,8
development_evaluation,pv_first,recovery,recovery,2,83,0.07953650216619074,21.530531136387832,49.56154872226119,0.7228915662650602,0.9036144578313253,0.963855421686747,143.2481963522447,8
development_evaluation,pv_first,recovery,recovery,3,83,0.09937650031739409,26.90121863591858,73.84776233613918,0.7951807228915663,0.9036144578313253,0.9518072289156626,154.33337637371062,8
development_evaluation,pv_first,recovery,recovery,4,83,0.10192744858127524,27.591760330951207,81.06428855421686,0.7108433734939759,0.927710843373494,0.9518072289156626,158.38433505544123,8
development_evaluation,pv_first,recovery,rolling,1,83,0.07360846612683936,19.925811780535412,57.935086896791105,0.7228915662650602,0.891566265060241,0.963855421686747,122.9613642280106,8
development_evaluation,pv_first,recovery,rolling,2,83,0.07953650216619074,21.530531136387832,49.56154872226119,0.7228915662650602,0.9036144578313253,0.963855421686747,143.2481963522447,8
development_evaluation,pv_first,recovery,rolling,3,83,0.09937650031739409,26.90121863591858,73.84776233613918,0.7951807228915663,0.9036144578313253,0.9518072289156626,154.33337637371062,8
development_evaluation,pv_first,recovery,rolling,4,83,0.10192744858127524,27.591760330951207,81.06428855421686,0.7108433734939759,0.927710843373494,0.9518072289156626,158.38433505544123,8
development_evaluation,pv_only,background,context,1,465,0.07389682890214967,20.003871583811915,57.92451482861167,0.7440860215053764,0.8946236559139785,0.956989247311828,119.72874010536114,0
development_evaluation,pv_only,background,context,2,473,0.07956418687498444,21.538025387058287,51.19171282272056,0.6892177589852009,0.8900634249471459,0.9556025369978859,142.815033194371,0
development_evaluation,pv_only,background,context,3,481,0.10048054330564661,27.200083072838535,73.74056705405269,0.7713097713097713,0.8565488565488566,0.9397089397089398,153.98321658521758,0
development_evaluation,pv_only,background,context,4,489,0.10725694865429837,29.034456000718563,82.60533261758691,0.7034764826175869,0.8977505112474438,0.9447852760736196,159.36001855818523,0
development_evaluation,pv_only,background,persistence,1,465,0.06659824446718045,18.028144777265744,28.58342569892473,0.07526881720430108,0.6688172043010753,0.8774193548387097,99.73845268817205,0
development_evaluation,pv_only,background,persistence,2,473,0.10784350484968908,29.193236762810834,47.54501888653982,0.12896405919661733,0.6807610993657506,0.8583509513742071,152.13228269908385,0
development_evaluation,pv_only,background,persistence,3,481,0.1322943508575943,35.81208077715078,60.24005990990991,0.19542619542619544,0.7068607068607069,0.8544698544698545,179.02010415800416,0
development_evaluation,pv_only,background,persistence,4,489,0.1461067037259234,39.55108469860746,69.42779369461486,0.25971370143149286,0.7321063394683026,0.8507157464212679,196.41629812542604,0
development_evaluation,pv_only,background,quantile_raw,1,465,0.07387361637112691,19.997587951664052,57.92451482861167,0.7440860215053764,0.8946236559139785,0.956989247311828,119.72628730331812,0
development_evaluation,pv_only,background,quantile_raw,2,473,0.07947615098670088,21.514194072099933,51.19171282272056,0.6892177589852009,0.8900634249471459,0.9556025369978859,142.70835871620255,0
development_evaluation,pv_only,background,quantile_raw,3,481,0.10045299489287196,27.19262571750044,73.74056705405269,0.7713097713097713,0.8503118503118503,0.9397089397089398,153.9684905821665,0
development_evaluation,pv_only,background,quantile_raw,4,489,0.10723295045349916,29.027959687762227,82.60533261758691,0.7014314928425358,0.8977505112474438,0.9447852760736196,159.3584756386792,0
development_evaluation,pv_only,background,recovery,1,465,0.07390259371798882,20.005432119459574,57.92451482861167,0.7440860215053764,0.8946236559139785,0.956989247311828,119.74339738294609,0
development_evaluation,pv_only,background,recovery,2,473,0.07955893744014512,21.536604365047282,51.19171282272056,0.6892177589852009,0.8900634249471459,0.9556025369978859,142.815033194371,0
development_evaluation,pv_only,background,recovery,3,481,0.10045896287447607,27.19424125012067,73.74056705405269,0.7713097713097713,0.8503118503118503,0.9397089397089398,153.9684905821665,0
development_evaluation,pv_only,background,recovery,4,489,0.10723295045349916,29.027959687762227,82.60533261758691,0.7014314928425358,0.8977505112474438,0.9447852760736196,159.3584756386792,0
development_evaluation,pv_only,background,rolling,1,465,0.07390259371798882,20.005432119459574,57.92451482861167,0.7440860215053764,0.8946236559139785,0.956989247311828,119.74339738294609,0
development_evaluation,pv_only,background,rolling,2,473,0.07955855916048306,21.536501964742765,51.19171282272056,0.6892177589852009,0.8900634249471459,0.9556025369978859,142.815033194371,0
development_evaluation,pv_only,background,rolling,3,481,0.10045854792865,27.19412892428555,73.74056705405269,0.7713097713097713,0.8503118503118503,0.9397089397089398,153.9684905821665,0
development_evaluation,pv_only,background,rolling,4,489,0.10723295045349916,29.027959687762227,82.60533261758691,0.7014314928425358,0.8977505112474438,0.9447852760736196,159.3584756386792,0
development_evaluation,pv_only,outage,context,1,47,0.06857066880530834,18.562080045596964,26.50460790093302,0.7446808510638298,0.9574468085106383,1.0,180.29000295824562,8
development_evaluation,pv_only,outage,context,2,39,0.07696713971791722,20.83500472164019,38.70319800510668,0.6923076923076923,0.9230769230769231,1.0,170.88283689589903,8
development_evaluation,pv_only,outage,context,3,31,0.07355914736218207,19.912461190942686,39.00072307231686,0.8709677419354839,0.967741935483871,1.0,150.498574912135,8
development_evaluation,pv_only,outage,context,4,23,0.08001512629339408,21.660094687621775,60.08381304347826,0.8695652173913043,0.9565217391304348,1.0,133.9753999014147,8
development_evaluation,pv_only,outage,persistence,1,47,0.137406440205868,37.195923363728475,52.349279787234046,0.02127659574468085,0.3617021276595745,0.6808510638297872,103.38286382978724,8
development_evaluation,pv_only,outage,persistence,2,39,0.13182548911089734,35.6851599023199,55.6870094017094,0.07692307692307693,0.5897435897435898,0.8717948717948718,171.04473846153846,8
development_evaluation,pv_only,outage,persistence,3,31,0.13325698703424074,36.07266639016897,58.81883440860216,0.06451612903225806,0.7419354838709677,0.8709677419354839,208.5838494623656,8
development_evaluation,pv_only,outage,persistence,4,23,0.13346635767556086,36.12934302277433,62.19361739130434,0.21739130434782608,0.782608695652174,0.9130434782608695,240.30854492753625,8
development_evaluation,pv_only,outage,quantile_raw,1,47,0.06857066880530834,18.562080045596964,26.50460790093302,0.7446808510638298,0.9574468085106383,1.0,180.29000295824562,8
development_evaluation,pv_only,outage,quantile_raw,2,39,0.07696713971791722,20.83500472164019,38.70319800510668,0.6923076923076923,0.9230769230769231,1.0,170.88283689589903,8
development_evaluation,pv_only,outage,quantile_raw,3,31,0.07355914736218207,19.912461190942686,39.00072307231686,0.8709677419354839,0.967741935483871,1.0,150.498574912135,8
development_evaluation,pv_only,outage,quantile_raw,4,23,0.08001512629339408,21.660094687621775,60.08381304347826,0.8695652173913043,0.9565217391304348,1.0,133.9753999014147,8
development_evaluation,pv_only,outage,recovery,1,47,0.06857066880530834,18.562080045596964,26.50460790093302,0.7446808510638298,0.9574468085106383,1.0,180.29000295824562,8
development_evaluation,pv_only,outage,recovery,2,39,0.07696713971791722,20.83500472164019,38.70319800510668,0.6923076923076923,0.9230769230769231,1.0,170.88283689589903,8
development_evaluation,pv_only,outage,recovery,3,31,0.07355914736218207,19.912461190942686,39.00072307231686,0.8709677419354839,0.967741935483871,1.0,150.498574912135,8
development_evaluation,pv_only,outage,recovery,4,23,0.08001512629339408,21.660094687621775,60.08381304347826,0.8695652173913043,0.9565217391304348,1.0,133.9753999014147,8
development_evaluation,pv_only,outage,rolling,1,47,0.06857066880530834,18.562080045596964,26.50460790093302,0.7446808510638298,0.9574468085106383,1.0,180.29000295824562,8
development_evaluation,pv_only,outage,rolling,2,39,0.07696713971791722,20.83500472164019,38.70319800510668,0.6923076923076923,0.9230769230769231,1.0,170.88283689589903,8
development_evaluation,pv_only,outage,rolling,3,31,0.07355914736218207,19.912461190942686,39.00072307231686,0.8709677419354839,0.967741935483871,1.0,150.498574912135,8
development_evaluation,pv_only,outage,rolling,4,23,0.08001512629339408,21.660094687621775,60.08381304347826,0.8695652173913043,0.9565217391304348,1.0,133.9753999014147,8
development_evaluation,pv_only,recovery,context,1,83,0.07360846612683936,19.925811780535412,57.935086896791105,0.7228915662650602,0.891566265060241,0.963855421686747,122.9613642280106,8
development_evaluation,pv_only,recovery,context,2,83,0.07953650216619074,21.530531136387832,49.56154872226119,0.7228915662650602,0.9036144578313253,0.963855421686747,143.2481963522447,8
development_evaluation,pv_only,recovery,context,3,83,0.09938202921734143,26.90271530913433,73.84776233613918,0.7951807228915663,0.9036144578313253,0.9518072289156626,154.33337637371062,8
development_evaluation,pv_only,recovery,context,4,83,0.10192744858127524,27.591760330951207,81.06428855421686,0.7108433734939759,0.927710843373494,0.9518072289156626,158.38433505544123,8
development_evaluation,pv_only,recovery,persistence,1,83,0.062327890134605664,16.87215985943775,27.318096987951808,0.07228915662650602,0.7228915662650602,0.9036144578313253,109.02721405622489,8
development_evaluation,pv_only,recovery,persistence,2,83,0.10392279476235196,28.131900542168673,46.008309036144574,0.14457831325301204,0.6987951807228916,0.8795180722891566,159.36695883534136,8
development_evaluation,pv_only,recovery,persistence,3,83,0.13105910580948524,35.47769994262766,61.210963654618475,0.20481927710843373,0.7108433734939759,0.8795180722891566,187.8673937751004,8
development_evaluation,pv_only,recovery,persistence,4,83,0.14809915532095133,40.09044134538153,72.60562228915663,0.24096385542168675,0.6987951807228916,0.891566265060241,203.25454497991967,8
development_evaluation,pv_only,recovery,quantile_raw,1,83,0.07360846612683936,19.925811780535412,57.935086896791105,0.7228915662650602,0.891566265060241,0.963855421686747,122.9613642280106,8
development_evaluation,pv_only,recovery,quantile_raw,2,83,0.07953650216619074,21.530531136387832,49.56154872226119,0.7228915662650602,0.9036144578313253,0.963855421686747,143.2481963522447,8
development_evaluation,pv_only,recovery,quantile_raw,3,83,0.09937650031739409,26.90121863591858,73.84776233613918,0.7951807228915663,0.9036144578313253,0.9518072289156626,154.33337637371062,8
development_evaluation,pv_only,recovery,quantile_raw,4,83,0.10192744858127524,27.591760330951207,81.06428855421686,0.7108433734939759,0.927710843373494,0.9518072289156626,158.38433505544123,8
development_evaluation,pv_only,recovery,recovery,1,83,0.07360846612683936,19.925811780535412,57.935086896791105,0.7228915662650602,0.891566265060241,0.963855421686747,122.9613642280106,8
development_evaluation,pv_only,recovery,recovery,2,83,0.07953650216619074,21.530531136387832,49.56154872226119,0.7228915662650602,0.9036144578313253,0.963855421686747,143.2481963522447,8
development_evaluation,pv_only,recovery,recovery,3,83,0.09937650031739409,26.90121863591858,73.84776233613918,0.7951807228915663,0.9036144578313253,0.9518072289156626,154.33337637371062,8
development_evaluation,pv_only,recovery,recovery,4,83,0.10192744858127524,27.591760330951207,81.06428855421686,0.7108433734939759,0.927710843373494,0.9518072289156626,158.38433505544123,8
development_evaluation,pv_only,recovery,rolling,1,83,0.07360846612683936,19.925811780535412,57.935086896791105,0.7228915662650602,0.891566265060241,0.963855421686747,122.9613642280106,8
development_evaluation,pv_only,recovery,rolling,2,83,0.07953650216619074,21.530531136387832,49.56154872226119,0.7228915662650602,0.9036144578313253,0.963855421686747,143.2481963522447,8
development_evaluation,pv_only,recovery,rolling,3,83,0.09937650031739409,26.90121863591858,73.84776233613918,0.7951807228915663,0.9036144578313253,0.9518072289156626,154.33337637371062,8
development_evaluation,pv_only,recovery,rolling,4,83,0.10192744858127524,27.591760330951207,81.06428855421686,0.7108433734939759,0.927710843373494,0.9518072289156626,158.38433505544123,8
validation,clean,background,context,1,472,0.0888065388238309,24.039930059611024,71.05241489317123,0.6588983050847458,0.864406779661017,0.9385593220338984,140.29771217153225,0
validation,clean,background,context,2,472,0.09346518705808184,25.301026136622752,62.21550794431029,0.5699152542372882,0.8559322033898306,0.9576271186440678,154.15352773083583,0
validation,clean,background,context,3,472,0.11146141093876827,30.17260394112457,92.00806290721836,0.6207627118644068,0.8877118644067796,0.9597457627118644,158.3110774232147,0
validation,clean,background,context,4,472,0.12205093066834007,33.03918693191965,104.9164570621469,0.5995762711864406,0.8241525423728814,0.9364406779661016,151.7264421364253,0
validation,clean,background,persistence,1,472,0.06872887898545994,18.604907541364003,31.051287040960453,0.13347457627118645,0.6483050847457628,0.8114406779661016,98.6819700918079,0
validation,clean,background,persistence,2,472,0.11576513801691309,31.337622861178367,54.19508576977402,0.1843220338983051,0.6694915254237288,0.809322033898305,163.03805850988698,0
validation,clean,background,persistence,3,472,0.15019716520526555,40.658372621065375,72.1252190677966,0.23728813559322035,0.6991525423728814,0.8305084745762712,210.5499053319209,0
validation,clean,background,persistence,4,472,0.17109870752537365,46.31642012711865,87.48698237994351,0.25,0.7033898305084746,0.8453389830508474,239.3822598163842,0
validation,clean,background,quantile_raw,1,472,0.0888023401910626,24.038793489720646,71.05241489317123,0.6588983050847458,0.864406779661017,0.9385593220338984,140.29771217153225,0
validation,clean,background,quantile_raw,2,472,0.0934629363570605,25.30041687185627,62.21550794431029,0.5699152542372882,0.8559322033898306,0.9576271186440678,154.15352773083583,0
validation,clean,background,quantile_raw,3,472,0.11146532841812275,30.17366440278583,92.00806290721836,0.6207627118644068,0.8877118644067796,0.9597457627118644,158.3110774232147,0
validation,clean,background,quantile_raw,4,472,0.12260656964066133,33.189598401727025,104.9164570621469,0.5995762711864406,0.7902542372881356,0.902542372881356,149.72269068891012,0
validation,clean,background,recovery,1,472,0.0888023401910626,24.038793489720646,71.05241489317123,0.6588983050847458,0.864406779661017,0.9385593220338984,140.29771217153225,0
validation,clean,background,recovery,2,472,0.0934629363570605,25.30041687185627,62.21550794431029,0.5699152542372882,0.8559322033898306,0.9576271186440678,154.15352773083583,0
validation,clean,background,recovery,3,472,0.11146532841812275,30.17366440278583,92.00806290721836,0.6207627118644068,0.8877118644067796,0.9597457627118644,158.3110774232147,0
validation,clean,background,recovery,4,472,0.12256669117791046,33.17880330186036,104.9164570621469,0.5995762711864406,0.7902542372881356,0.9088983050847458,150.31978624750806,0
validation,clean,background,rolling,1,472,0.0888023401910626,24.038793489720646,71.05241489317123,0.6588983050847458,0.864406779661017,0.9385593220338984,140.29771217153225,0
validation,clean,background,rolling,2,472,0.0934629363570605,25.30041687185627,62.21550794431029,0.5699152542372882,0.8559322033898306,0.9576271186440678,154.15352773083583,0
validation,clean,background,rolling,3,472,0.11146532841812275,30.17366440278583,92.00806290721836,0.6207627118644068,0.8877118644067796,0.9597457627118644,158.3110774232147,0
validation,clean,background,rolling,4,472,0.12255578704467177,33.17585155299265,104.9164570621469,0.5995762711864406,0.7902542372881356,0.9110169491525424,150.24980014155804,0
validation,irradiance_first,background,context,1,362,0.09077953410976983,24.57401988351469,72.89430151445899,0.6629834254143646,0.8591160220994475,0.9281767955801105,140.68284977246597,0
validation,irradiance_first,background,context,2,368,0.09541704483986421,25.829394038151236,64.2767049556827,0.5597826086956522,0.8614130434782609,0.9592391304347826,153.91710653094864,0
validation,irradiance_first,background,context,3,374,0.11428268784211423,30.936323598860323,95.5090936985983,0.6229946524064172,0.8850267379679144,0.9572192513368984,159.1573963356807,0
validation,irradiance_first,background,context,4,380,0.12587802551613897,34.075181507218815,109.82733328947369,0.5868421052631579,0.8236842105263158,0.9342105263157895,153.3156507432111,0
validation,irradiance_first,background,persistence,1,362,0.06740881264889852,18.247565584056826,31.931809530386737,0.14917127071823205,0.7016574585635359,0.8784530386740331,108.45108379373849,0
validation,irradiance_first,background,persistence,2,368,0.11415445438356275,30.901610801630433,55.23931807065218,0.21467391304347827,0.6983695652173914,0.8532608695652174,174.67719329710144,0
validation,irradiance_first,background,persistence,3,374,0.14707005248820154,39.811863208556154,73.04135338680926,0.24331550802139038,0.7085561497326203,0.8582887700534759,215.1954407308378,0
validation,irradiance_first,background,persistence,4,380,0.16920850080502328,45.8047411679198,89.0013227631579,0.2789473684210526,0.7289473684210527,0.868421052631579,244.9287979385965,0
validation,irradiance_first,background,quantile_raw,1,362,0.09077953410796795,24.574019883026924,72.89430151445899,0.6629834254143646,0.8591160220994475,0.9281767955801105,140.68284977246597,0
validation,irradiance_first,background,quantile_raw,2,368,0.0954169537963595,25.82936939267452,64.2767049556827,0.5597826086956522,0.8614130434782609,0.9592391304347826,153.91406312261287,0
validation,irradiance_first,background,quantile_raw,3,374,0.11429474311348276,30.939586960819778,95.5090936985983,0.6229946524064172,0.8796791443850267,0.9572192513368984,159.1563378117875,0
validation,irradiance_first,background,quantile_raw,4,380,0.12661671202036395,34.275143943912525,109.82733328947369,0.5868421052631579,0.7842105263157895,0.8947368421052632,151.48554947571571,0
validation,irradiance_first,background,recovery,1,362,0.09077953410796795,24.574019883026924,72.89430151445899,0.6629834254143646,0.8591160220994475,0.9281767955801105,140.68284977246597,0
validation,irradiance_first,background,recovery,2,368,0.0954169537963595,25.82936939267452,64.2767049556827,0.5597826086956522,0.8614130434782609,0.9592391304347826,153.91406312261287,0
validation,irradiance_first,background,recovery,3,374,0.11429474311348276,30.939586960819778,95.5090936985983,0.6229946524064172,0.8796791443850267,0.9572192513368984,159.1563378117875,0
validation,irradiance_first,background,recovery,4,380,0.12653006449336723,34.25168845835451,109.82733328947369,0.5868421052631579,0.7842105263157895,0.9052631578947369,152.2917738840819,0
validation,irradiance_first,background,rolling,1,362,0.09077953410796795,24.574019883026924,72.89430151445899,0.6629834254143646,0.8591160220994475,0.9281767955801105,140.68284977246597,0
validation,irradiance_first,background,rolling,2,368,0.0954169537963595,25.82936939267452,64.2767049556827,0.5597826086956522,0.8614130434782609,0.9592391304347826,153.91406312261287,0
validation,irradiance_first,background,rolling,3,374,0.11429474311348276,30.939586960819778,95.5090936985983,0.6229946524064172,0.8796791443850267,0.9572192513368984,159.1563378117875,0
validation,irradiance_first,background,rolling,4,380,0.12655321291087707,34.257954734974426,109.82733328947369,0.5868421052631579,0.7842105263157895,0.9,151.91967889687885,0
validation,irradiance_first,outage,context,1,48,0.08888393061796283,24.060880018282536,38.28024216673165,0.4791666666666667,0.75,0.9375,188.6994782053931,6
validation,irradiance_first,outage,context,2,42,0.09530563680070013,25.799235881949524,43.06022182947377,0.6904761904761905,0.8333333333333334,0.9047619047619048,172.181274116505,6
validation,irradiance_first,outage,context,3,36,0.08583579500888043,23.23574970890393,37.21033150728979,0.5833333333333334,0.8333333333333334,1.0,158.11327599264692,6
validation,irradiance_first,outage,context,4,30,0.11311351193354852,30.619827680411582,88.4908661111111,0.6,0.7666666666666667,0.8333333333333334,139.16289366624952,6
validation,irradiance_first,outage,persistence,1,48,0.22820502036533738,61.775099012896824,81.71591215277778,0.10416666666666667,0.3541666666666667,0.4583333333333333,103.8635767361111,6
validation,irradiance_first,outage,persistence,2,42,0.2013650528109286,54.509519795918365,84.55967738095238,0.11904761904761904,0.5,0.5952380952380952,172.38063888888888,6
validation,irradiance_first,outage,persistence,3,36,0.18364963723288438,49.713956798941794,86.27835972222222,0.1388888888888889,0.6111111111111112,0.7777777777777778,219.58434814814817,6
validation,irradiance_first,outage,persistence,4,30,0.16219995326637,43.90752734920635,82.70705388888888,0.23333333333333334,0.7666666666666667,0.9,253.4200933333333,6
validation,irradiance_first,outage,quantile_raw,1,48,0.08850031574614557,23.957035472481607,38.28024216673165,0.4791666666666667,0.7291666666666666,0.9375,188.17621051192134,6
validation,irradiance_first,outage,quantile_raw,2,42,0.09504554251810828,25.72882835965191,43.06022182947377,0.6904761904761905,0.8333333333333334,0.9047619047619048,171.89504090098848,6
validation,irradiance_first,outage,quantile_raw,3,36,0.08583159569461508,23.2346129545323,37.21033150728979,0.5833333333333334,0.8333333333333334,1.0,158.11327599264692,6
validation,irradiance_first,outage,quantile_raw,4,30,0.11292344765685614,30.568377280710955,88.4908661111111,0.6,0.7666666666666667,0.8333333333333334,134.7365976916132,6
validation,irradiance_first,outage,recovery,1,48,0.08850031574614557,23.957035472481607,38.28024216673165,0.4791666666666667,0.7291666666666666,0.9375,188.17621051192134,6
validation,irradiance_first,outage,recovery,2,42,0.09504554251810828,25.72882835965191,43.06022182947377,0.6904761904761905,0.8333333333333334,0.9047619047619048,171.89504090098848,6
validation,irradiance_first,outage,recovery,3,36,0.08583159569461508,23.2346129545323,37.21033150728979,0.5833333333333334,0.8333333333333334,1.0,158.11327599264692,6
validation,irradiance_first,outage,recovery,4,30,0.11294048081336397,30.572988156177626,88.4908661111111,0.6,0.7666666666666667,0.8333333333333334,136.44788863263545,6
validation,irradiance_first,outage,rolling,1,48,0.08850031574614557,23.957035472481607,38.28024216673165,0.4791666666666667,0.7291666666666666,0.9375,188.17621051192134,6
validation,irradiance_first,outage,rolling,2,42,0.09504554251810828,25.72882835965191,43.06022182947377,0.6904761904761905,0.8333333333333334,0.9047619047619048,171.89504090098848,6
validation,irradiance_first,outage,rolling,3,36,0.08583159569461508,23.2346129545323,37.21033150728979,0.5833333333333334,0.8333333333333334,1.0,158.11327599264692,6
validation,irradiance_first,outage,rolling,4,30,0.11295761352350175,30.577625980811924,88.4908661111111,0.6,0.7666666666666667,0.8333333333333334,135.5058243289125,6
validation,irradiance_first,recovery,context,1,62,0.07639261378722452,20.679480552201678,61.31143201831158,0.6935483870967742,0.9032258064516129,0.967741935483871,125.87121428825976,5
validation,irradiance_first,recovery,context,2,62,0.0844881409996215,22.870939768597538,56.46577274460987,0.6451612903225806,0.8387096774193549,0.9838709677419355,148.28415338671564,5
validation,irradiance_first,recovery,context,3,62,0.10168388408834654,27.52582742271541,81.30807904437269,0.6612903225806451,0.9193548387096774,1.0,154.11288069724,5
validation,irradiance_first,recovery,context,4,62,0.10649246765478214,28.82751099414952,82.76540483870969,0.6774193548387096,0.8548387096774194,0.967741935483871,150.30539697746877,5
validation,irradiance_first,recovery,persistence,1,62,0.06245708633871223,16.9071332718894,28.776010215053763,0.24193548387096775,0.7580645161290323,0.9354838709677419,106.70738440860215,5
validation,irradiance_first,recovery,persistence,2,62,0.10616118130045732,28.737831778033794,50.0393938172043,0.24193548387096775,0.7903225806451613,0.9032258064516129,170.85690430107528,5
validation,irradiance_first,recovery,persistence,3,62,0.1347074506584454,36.46530689324117,65.3672561827957,0.3064516129032258,0.8064516129032258,0.9032258064516129,206.10903440860216,5
validation,irradiance_first,recovery,persistence,4,62,0.14720726119970015,39.84900560675883,75.79977983870967,0.3548387096774194,0.8064516129032258,0.8709677419354839,232.18340295698926,5
validation,irradiance_first,recovery,quantile_raw,1,62,0.07639261378722452,20.679480552201678,61.31143201831158,0.6935483870967742,0.9032258064516129,0.967741935483871,125.87121428825976,5
validation,irradiance_first,recovery,quantile_raw,2,62,0.0844881409996215,22.870939768597538,56.46577274460987,0.6451612903225806,0.8387096774193549,0.9838709677419355,148.28415338671564,5
validation,irradiance_first,recovery,quantile_raw,3,62,0.10167960898271723,27.52467015162155,81.30807904437269,0.6612903225806451,0.9193548387096774,1.0,154.11288069724,5
validation,irradiance_first,recovery,quantile_raw,4,62,0.10636664936866291,28.79345198409705,82.76540483870969,0.6774193548387096,0.8387096774193549,0.967741935483871,148.27011059051281,5
validation,irradiance_first,recovery,recovery,1,62,0.07639261378722452,20.679480552201678,61.31143201831158,0.6935483870967742,0.9032258064516129,0.967741935483871,125.87121428825976,5
validation,irradiance_first,recovery,recovery,2,62,0.0844881409996215,22.870939768597538,56.46577274460987,0.6451612903225806,0.8387096774193549,0.9838709677419355,148.28415338671564,5
validation,irradiance_first,recovery,recovery,3,62,0.10167960898271723,27.52467015162155,81.30807904437269,0.6612903225806451,0.9193548387096774,1.0,154.11288069724,5
validation,irradiance_first,recovery,recovery,4,62,0.10638383380684387,28.798103811512636,82.76540483870969,0.6774193548387096,0.8387096774193549,0.967741935483871,148.68733881870665,5
validation,irradiance_first,recovery,rolling,1,62,0.07639261378722452,20.679480552201678,61.31143201831158,0.6935483870967742,0.9032258064516129,0.967741935483871,125.87121428825976,5
validation,irradiance_first,recovery,rolling,2,62,0.0844881409996215,22.870939768597538,56.46577274460987,0.6451612903225806,0.8387096774193549,0.9838709677419355,148.28415338671564,5
validation,irradiance_first,recovery,rolling,3,62,0.10167960898271723,27.52467015162155,81.30807904437269,0.6612903225806451,0.9193548387096774,1.0,154.11288069724,5
validation,irradiance_first,recovery,rolling,4,62,0.10640023453997213,28.802543489970454,82.76540483870969,0.6774193548387096,0.8387096774193549,0.967741935483871,148.906516001651,5
validation,irradiance_only,background,context,1,362,0.09078408659051676,24.57525224005289,72.89430151445899,0.6629834254143646,0.8591160220994475,0.9281767955801105,140.68284977246597,0
validation,irradiance_only,background,context,2,368,0.09541793482659075,25.829634957558113,64.2767049556827,0.5597826086956522,0.8614130434782609,0.9592391304347826,153.91646068889645,0
validation,irradiance_only,background,context,3,374,0.11428558706102769,30.93710841742019,95.5090936985983,0.6229946524064172,0.8796791443850267,0.9572192513368984,159.156737583099,0
validation,irradiance_only,background,context,4,380,0.1258863987553854,34.07744814308283,109.82733328947369,0.5868421052631579,0.8263157894736842,0.9342105263157895,153.3338116617035,0
validation,irradiance_only,background,persistence,1,362,0.06989404522335664,18.92031804196264,31.931809530386737,0.1132596685082873,0.6298342541436464,0.8066298342541437,98.61135736648251,0
validation,irradiance_only,background,persistence,2,368,0.11700653494438926,31.67366900944617,55.23931807065218,0.1793478260869565,0.657608695652174,0.7989130434782609,161.81963795289855,0
validation,irradiance_only,background,persistence,3,374,0.15121380479350285,40.933576957601225,73.04135338680926,0.22727272727272727,0.6871657754010695,0.8262032085561497,208.29321524064173,0
validation,irradiance_only,background,persistence,4,380,0.17288895702731155,46.801040667293236,89.0013227631579,0.24473684210526317,0.6868421052631579,0.8421052631578947,236.8448835526316,0
validation,irradiance_only,background,quantile_raw,1,362,0.09077953410796795,24.574019883026924,72.89430151445899,0.6629834254143646,0.8591160220994475,0.9281767955801105,140.68284977246597,0
validation,irradiance_only,background,quantile_raw,2,368,0.0954169537963595,25.82936939267452,64.2767049556827,0.5597826086956522,0.8614130434782609,0.9592391304347826,153.91406312261287,0
validation,irradiance_only,background,quantile_raw,3,374,0.11429474311348276,30.939586960819778,95.5090936985983,0.6229946524064172,0.8796791443850267,0.9572192513368984,159.1563378117875,0
validation,irradiance_only,background,quantile_raw,4,380,0.12661671202036395,34.275143943912525,109.82733328947369,0.5868421052631579,0.7842105263157895,0.8947368421052632,151.48554947571571,0
validation,irradiance_only,background,recovery,1,362,0.09077953410796795,24.574019883026924,72.89430151445899,0.6629834254143646,0.8591160220994475,0.9281767955801105,140.68284977246597,0
validation,irradiance_only,background,recovery,2,368,0.0954169537963595,25.82936939267452,64.2767049556827,0.5597826086956522,0.8614130434782609,0.9592391304347826,153.91406312261287,0
validation,irradiance_only,background,recovery,3,374,0.11429474311348276,30.939586960819778,95.5090936985983,0.6229946524064172,0.8796791443850267,0.9572192513368984,159.1563378117875,0
validation,irradiance_only,background,recovery,4,380,0.12652965020168377,34.2515763095958,109.82733328947369,0.5868421052631579,0.7842105263157895,0.9052631578947369,152.29203437252897,0
validation,irradiance_only,background,rolling,1,362,0.09077953410796795,24.574019883026924,72.89430151445899,0.6629834254143646,0.8591160220994475,0.9281767955801105,140.68284977246597,0
validation,irradiance_only,background,rolling,2,368,0.0954169537963595,25.82936939267452,64.2767049556827,0.5597826086956522,0.8614130434782609,0.9592391304347826,153.91406312261287,0
validation,irradiance_only,background,rolling,3,374,0.11429474311348276,30.939586960819778,95.5090936985983,0.6229946524064172,0.8796791443850267,0.9572192513368984,159.1563378117875,0
validation,irradiance_only,background,rolling,4,380,0.1265579761532076,34.259244144673296,109.82733328947369,0.5868421052631579,0.7842105263157895,0.9,151.88215570665415,0
validation,irradiance_only,outage,context,1,48,0.09751003709695401,26.395967042145454,74.41313484789043,0.5416666666666666,0.875,1.0,163.95615130958603,6
validation,irradiance_only,outage,context,2,42,0.09363970270398878,25.348267521969763,55.19868380425513,0.5714285714285714,0.8333333333333334,0.9285714285714286,168.5310964949989,6
validation,irradiance_only,outage,context,3,36,0.10406399474060524,28.170123376281836,78.98308823480214,0.5277777777777778,0.9166666666666666,0.9722222222222222,162.93440529070506,6
validation,irradiance_only,outage,context,4,30,0.10660328934335239,28.85751042524549,88.4908661111111,0.5333333333333333,0.8333333333333334,0.9,136.17850698628402,6
validation,irradiance_only,outage,persistence,1,48,0.0645537258086032,17.47469357638889,27.34957916666667,0.1875,0.7291666666666666,0.8333333333333334,106.30944340277777,6
validation,irradiance_only,outage,persistence,2,42,0.11469283416974721,31.04735020975057,51.180214682539685,0.19047619047619047,0.6666666666666666,0.8095238095238095,184.60385357142857,6
validation,irradiance_only,outage,persistence,3,36,0.15969193348911212,43.228606395502645,74.24631527777778,0.2222222222222222,0.6666666666666666,0.8333333333333334,253.3233402777778,6
validation,irradiance_only,outage,persistence,4,30,0.1900207757078943,51.43862398412698,92.45888944444444,0.2,0.7,0.8333333333333334,302.14552555555554,6
validation,irradiance_only,outage,quantile_raw,1,48,0.09751003702900835,26.39596702375256,74.41313484789043,0.5416666666666666,0.875,1.0,163.95615130958603,6
validation,irradiance_only,outage,quantile_raw,2,42,0.09372920620975608,25.372496120980973,55.19868380425513,0.5714285714285714,0.7857142857142857,0.9047619047619048,168.34352375176354,6
validation,irradiance_only,outage,quantile_raw,3,36,0.10406399474060524,28.170123376281836,78.98308823480214,0.5277777777777778,0.9166666666666666,0.9722222222222222,162.93440529070506,6
validation,irradiance_only,outage,quantile_raw,4,30,0.10621576547880521,28.752607715112568,88.4908661111111,0.5333333333333333,0.8,0.9,133.20351072233933,6
validation,irradiance_only,outage,recovery,1,48,0.09751003702900835,26.39596702375256,74.41313484789043,0.5416666666666666,0.875,1.0,163.95615130958603,6
validation,irradiance_only,outage,recovery,2,42,0.09372920620975608,25.372496120980973,55.19868380425513,0.5714285714285714,0.7857142857142857,0.9047619047619048,168.34352375176354,6
validation,irradiance_only,outage,recovery,3,36,0.10406399474060524,28.170123376281836,78.98308823480214,0.5277777777777778,0.9166666666666666,0.9722222222222222,162.93440529070506,6
validation,irradiance_only,outage,recovery,4,30,0.10626767949762633,28.766660840007447,88.4908661111111,0.5333333333333333,0.8,0.9,134.2088723939812,6
validation,irradiance_only,outage,rolling,1,48,0.09751003702900835,26.39596702375256,74.41313484789043,0.5416666666666666,0.875,1.0,163.95615130958603,6
validation,irradiance_only,outage,rolling,2,42,0.09372920620975608,25.372496120980973,55.19868380425513,0.5714285714285714,0.7857142857142857,0.9047619047619048,168.34352375176354,6
validation,irradiance_only,outage,rolling,3,36,0.10406399474060524,28.170123376281836,78.98308823480214,0.5277777777777778,0.9166666666666666,0.9722222222222222,162.93440529070506,6
validation,irradiance_only,outage,rolling,4,30,0.10625086937016776,28.762110338504407,88.4908661111111,0.5333333333333333,0.8,0.9,133.9677564527076,6
validation,irradiance_only,recovery,context,1,62,0.07639261378722452,20.679480552201678,61.31143201831158,0.6935483870967742,0.9032258064516129,0.967741935483871,125.87121428825976,5
validation,irradiance_only,recovery,context,2,62,0.0844881409996215,22.870939768597538,56.46577274460987,0.6451612903225806,0.8387096774193549,0.9838709677419355,148.28415338671564,5
validation,irradiance_only,recovery,context,3,62,0.10168236927801798,27.525417363559466,81.30807904437269,0.6612903225806451,0.9193548387096774,1.0,154.11288069724,5
validation,irradiance_only,recovery,context,4,62,0.1064738750053891,28.822477963958825,82.76540483870969,0.6774193548387096,0.8548387096774194,0.967741935483871,150.6926441449614,5
validation,irradiance_only,recovery,persistence,1,62,0.06515818824950051,17.638321559139783,28.776010215053763,0.20967741935483872,0.6935483870967742,0.8225806451612904,93.18911666666666,5
validation,irradiance_only,recovery,persistence,2,62,0.10912324595674752,29.539662680491553,50.0393938172043,0.20967741935483872,0.7419354838709677,0.8709677419354839,155.6608870967742,5
validation,irradiance_only,recovery,persistence,3,62,0.13855144158882618,37.50587523809524,65.3672561827957,0.3064516129032258,0.7903225806451613,0.8548387096774194,199.32665430107525,5
validation,irradiance_only,recovery,persistence,4,62,0.15097037113485717,40.867679466205836,75.79977983870967,0.3064516129032258,0.8064516129032258,0.8709677419354839,224.56459865591395,5
validation,irradiance_only,recovery,quantile_raw,1,62,0.07639261378722452,20.679480552201678,61.31143201831158,0.6935483870967742,0.9032258064516129,0.967741935483871,125.87121428825976,5
validation,irradiance_only,recovery,quantile_raw,2,62,0.0844881409996215,22.870939768597538,56.46577274460987,0.6451612903225806,0.8387096774193549,0.9838709677419355,148.28415338671564,5
validation,irradiance_only,recovery,quantile_raw,3,62,0.10167960898271723,27.52467015162155,81.30807904437269,0.6612903225806451,0.9193548387096774,1.0,154.11288069724,5
validation,irradiance_only,recovery,quantile_raw,4,62,0.10636664936866291,28.79345198409705,82.76540483870969,0.6774193548387096,0.8387096774193549,0.967741935483871,148.27011059051281,5
validation,irradiance_only,recovery,recovery,1,62,0.07639261378722452,20.679480552201678,61.31143201831158,0.6935483870967742,0.9032258064516129,0.967741935483871,125.87121428825976,5
validation,irradiance_only,recovery,recovery,2,62,0.0844881409996215,22.870939768597538,56.46577274460987,0.6451612903225806,0.8387096774193549,0.9838709677419355,148.28415338671564,5
validation,irradiance_only,recovery,recovery,3,62,0.10167960898271723,27.52467015162155,81.30807904437269,0.6612903225806451,0.9193548387096774,1.0,154.11288069724,5
validation,irradiance_only,recovery,recovery,4,62,0.10638293971970537,28.79786178212424,82.76540483870969,0.6774193548387096,0.8387096774193549,0.967741935483871,148.6717989352717,5
validation,irradiance_only,recovery,rolling,1,62,0.07639261378722452,20.679480552201678,61.31143201831158,0.6935483870967742,0.9032258064516129,0.967741935483871,125.87121428825976,5
validation,irradiance_only,recovery,rolling,2,62,0.0844881409996215,22.870939768597538,56.46577274460987,0.6451612903225806,0.8387096774193549,0.9838709677419355,148.28415338671564,5
validation,irradiance_only,recovery,rolling,3,62,0.10167960898271723,27.52467015162155,81.30807904437269,0.6612903225806451,0.9193548387096774,1.0,154.11288069724,5
validation,irradiance_only,recovery,rolling,4,62,0.10639486249330966,28.801089276938924,82.76540483870969,0.6774193548387096,0.8387096774193549,0.967741935483871,148.80472108944397,5
validation,joint,background,context,1,362,0.09077953410796795,24.574019883026924,72.89430151445899,0.6629834254143646,0.8591160220994475,0.9281767955801105,140.68284977246597,0
validation,joint,background,context,2,368,0.09541704483986421,25.829394038151236,64.2767049556827,0.5597826086956522,0.8614130434782609,0.9592391304347826,153.91710653094864,0
validation,joint,background,context,3,374,0.11428333016380929,30.93649747534317,95.5090936985983,0.6229946524064172,0.8823529411764706,0.9572192513368984,159.1573963356807,0
validation,joint,background,context,4,380,0.1258740295725844,34.074099805298594,109.82733328947369,0.5868421052631579,0.8236842105263158,0.9342105263157895,153.32950937254614,0
validation,joint,background,persistence,1,362,0.06740881264889852,18.247565584056826,31.931809530386737,0.14917127071823205,0.7016574585635359,0.8784530386740331,108.45108379373849,0
validation,joint,background,persistence,2,368,0.11415445438356275,30.901610801630433,55.23931807065218,0.21467391304347827,0.6983695652173914,0.8532608695652174,174.67719329710144,0
validation,joint,background,persistence,3,374,0.14707005248820154,39.811863208556154,73.04135338680926,0.24331550802139038,0.7085561497326203,0.8582887700534759,215.1954407308378,0
validation,joint,background,persistence,4,380,0.16920850080502328,45.8047411679198,89.0013227631579,0.2789473684210526,0.7289473684210527,0.868421052631579,244.9287979385965,0
validation,joint,background,quantile_raw,1,362,0.09077953410796795,24.574019883026924,72.89430151445899,0.6629834254143646,0.8591160220994475,0.9281767955801105,140.68284977246597,0
validation,joint,background,quantile_raw,2,368,0.0954169537963595,25.82936939267452,64.2767049556827,0.5597826086956522,0.8614130434782609,0.9592391304347826,153.91406312261287,0
validation,joint,background,quantile_raw,3,374,0.11429474311348276,30.939586960819778,95.5090936985983,0.6229946524064172,0.8796791443850267,0.9572192513368984,159.1563378117875,0
validation,joint,background,quantile_raw,4,380,0.12661671202036395,34.275143943912525,109.82733328947369,0.5868421052631579,0.7842105263157895,0.8947368421052632,151.48554947571571,0
validation,joint,background,recovery,1,362,0.09077953410796795,24.574019883026924,72.89430151445899,0.6629834254143646,0.8591160220994475,0.9281767955801105,140.68284977246597,0
validation,joint,background,recovery,2,368,0.0954169537963595,25.82936939267452,64.2767049556827,0.5597826086956522,0.8614130434782609,0.9592391304347826,153.91406312261287,0
validation,joint,background,recovery,3,374,0.11429474311348276,30.939586960819778,95.5090936985983,0.6229946524064172,0.8796791443850267,0.9572192513368984,159.1563378117875,0
validation,joint,background,recovery,4,380,0.12653006449336723,34.25168845835451,109.82733328947369,0.5868421052631579,0.7842105263157895,0.9052631578947369,152.2917738840819,0
validation,joint,background,rolling,1,362,0.09077953410796795,24.574019883026924,72.89430151445899,0.6629834254143646,0.8591160220994475,0.9281767955801105,140.68284977246597,0
validation,joint,background,rolling,2,368,0.0954169537963595,25.82936939267452,64.2767049556827,0.5597826086956522,0.8614130434782609,0.9592391304347826,153.91406312261287,0
validation,joint,background,rolling,3,374,0.11429474311348276,30.939586960819778,95.5090936985983,0.6229946524064172,0.8796791443850267,0.9572192513368984,159.1563378117875,0
validation,joint,background,rolling,4,380,0.12655321291087707,34.257954734974426,109.82733328947369,0.5868421052631579,0.7842105263157895,0.9,151.91967889687885,0
validation,joint,outage,context,1,48,0.08883996678556028,24.048979008851166,38.28024216673165,0.4791666666666667,0.75,0.9375,188.55243671401504,6
validation,joint,outage,context,2,42,0.09526459977532516,25.78812715918052,43.06022182947377,0.6904761904761905,0.8333333333333334,0.9047619047619048,172.181274116505,6
validation,joint,outage,context,3,36,0.08583579500888043,23.23574970890393,37.21033150728979,0.5833333333333334,0.8333333333333334,1.0,158.11327599264692,6
validation,joint,outage,context,4,30,0.11310015255325602,30.616211296166405,88.4908661111111,0.6,0.7666666666666667,0.8333333333333334,138.92083061394,6
validation,joint,outage,persistence,1,48,0.22820502036533738,61.775099012896824,81.71591215277778,0.10416666666666667,0.3541666666666667,0.4583333333333333,103.8635767361111,6
validation,joint,outage,persistence,2,42,0.2013650528109286,54.509519795918365,84.55967738095238,0.11904761904761904,0.5,0.5952380952380952,172.38063888888888,6
validation,joint,outage,persistence,3,36,0.18364963723288438,49.713956798941794,86.27835972222222,0.1388888888888889,0.6111111111111112,0.7777777777777778,219.58434814814817,6
validation,joint,outage,persistence,4,30,0.16219995326637,43.90752734920635,82.70705388888888,0.23333333333333334,0.7666666666666667,0.9,253.4200933333333,6
validation,joint,outage,quantile_raw,1,48,0.08850031574614557,23.957035472481607,38.28024216673165,0.4791666666666667,0.7291666666666666,0.9375,188.17621051192134,6
validation,joint,outage,quantile_raw,2,42,0.09504554251810828,25.72882835965191,43.06022182947377,0.6904761904761905,0.8333333333333334,0.9047619047619048,171.89504090098848,6
validation,joint,outage,quantile_raw,3,36,0.08583159569461508,23.2346129545323,37.21033150728979,0.5833333333333334,0.8333333333333334,1.0,158.11327599264692,6
validation,joint,outage,quantile_raw,4,30,0.11292344765685614,30.568377280710955,88.4908661111111,0.6,0.7666666666666667,0.8333333333333334,134.7365976916132,6
validation,joint,outage,recovery,1,48,0.08850031574614557,23.957035472481607,38.28024216673165,0.4791666666666667,0.7291666666666666,0.9375,188.17621051192134,6
validation,joint,outage,recovery,2,42,0.09504554251810828,25.72882835965191,43.06022182947377,0.6904761904761905,0.8333333333333334,0.9047619047619048,171.89504090098848,6
validation,joint,outage,recovery,3,36,0.08583159569461508,23.2346129545323,37.21033150728979,0.5833333333333334,0.8333333333333334,1.0,158.11327599264692,6
validation,joint,outage,recovery,4,30,0.11293967508812859,30.57277004635641,88.4908661111111,0.6,0.7666666666666667,0.8333333333333334,136.43262094515032,6
validation,joint,outage,rolling,1,48,0.08850031574614557,23.957035472481607,38.28024216673165,0.4791666666666667,0.7291666666666666,0.9375,188.17621051192134,6
validation,joint,outage,rolling,2,42,0.09504554251810828,25.72882835965191,43.06022182947377,0.6904761904761905,0.8333333333333334,0.9047619047619048,171.89504090098848,6
validation,joint,outage,rolling,3,36,0.08583159569461508,23.2346129545323,37.21033150728979,0.5833333333333334,0.8333333333333334,1.0,158.11327599264692,6
validation,joint,outage,rolling,4,30,0.11295761352350175,30.577625980811924,88.4908661111111,0.6,0.7666666666666667,0.8333333333333334,135.5058243289125,6
validation,joint,recovery,context,1,62,0.07639261378722452,20.679480552201678,61.31143201831158,0.6935483870967742,0.9032258064516129,0.967741935483871,125.87121428825976,5
validation,joint,recovery,context,2,62,0.0844881409996215,22.870939768597538,56.46577274460987,0.6451612903225806,0.8387096774193549,0.9838709677419355,148.28415338671564,5
validation,joint,recovery,context,3,62,0.10168304906008066,27.52560138056383,81.30807904437269,0.6612903225806451,0.9193548387096774,1.0,154.11288069724,5
validation,joint,recovery,context,4,62,0.1064891061668682,28.826601039371223,82.76540483870969,0.6774193548387096,0.8548387096774194,0.967741935483871,150.2581123426347,5
validation,joint,recovery,persistence,1,62,0.06245708633871223,16.9071332718894,28.776010215053763,0.24193548387096775,0.7580645161290323,0.9354838709677419,106.70738440860215,5
validation,joint,recovery,persistence,2,62,0.10616118130045732,28.737831778033794,50.0393938172043,0.24193548387096775,0.7903225806451613,0.9032258064516129,170.85690430107528,5
validation,joint,recovery,persistence,3,62,0.1347074506584454,36.46530689324117,65.3672561827957,0.3064516129032258,0.8064516129032258,0.9032258064516129,206.10903440860216,5
validation,joint,recovery,persistence,4,62,0.14720726119970015,39.84900560675883,75.79977983870967,0.3548387096774194,0.8064516129032258,0.8709677419354839,232.18340295698926,5
validation,joint,recovery,quantile_raw,1,62,0.07639261378722452,20.679480552201678,61.31143201831158,0.6935483870967742,0.9032258064516129,0.967741935483871,125.87121428825976,5
validation,joint,recovery,quantile_raw,2,62,0.0844881409996215,22.870939768597538,56.46577274460987,0.6451612903225806,0.8387096774193549,0.9838709677419355,148.28415338671564,5
validation,joint,recovery,quantile_raw,3,62,0.10167960898271723,27.52467015162155,81.30807904437269,0.6612903225806451,0.9193548387096774,1.0,154.11288069724,5
validation,joint,recovery,quantile_raw,4,62,0.10636664936866291,28.79345198409705,82.76540483870969,0.6774193548387096,0.8387096774193549,0.967741935483871,148.27011059051281,5
validation,joint,recovery,recovery,1,62,0.07639261378722452,20.679480552201678,61.31143201831158,0.6935483870967742,0.9032258064516129,0.967741935483871,125.87121428825976,5
validation,joint,recovery,recovery,2,62,0.0844881409996215,22.870939768597538,56.46577274460987,0.6451612903225806,0.8387096774193549,0.9838709677419355,148.28415338671564,5
validation,joint,recovery,recovery,3,62,0.10167960898271723,27.52467015162155,81.30807904437269,0.6612903225806451,0.9193548387096774,1.0,154.11288069724,5
validation,joint,recovery,recovery,4,62,0.10638301371694811,28.79788181317785,82.76540483870969,0.6774193548387096,0.8387096774193549,0.967741935483871,148.6717989352717,5
validation,joint,recovery,rolling,1,62,0.07639261378722452,20.679480552201678,61.31143201831158,0.6935483870967742,0.9032258064516129,0.967741935483871,125.87121428825976,5
validation,joint,recovery,rolling,2,62,0.0844881409996215,22.870939768597538,56.46577274460987,0.6451612903225806,0.8387096774193549,0.9838709677419355,148.28415338671564,5
validation,joint,recovery,rolling,3,62,0.10167960898271723,27.52467015162155,81.30807904437269,0.6612903225806451,0.9193548387096774,1.0,154.11288069724,5
validation,joint,recovery,rolling,4,62,0.10640023453997213,28.802543489970454,82.76540483870969,0.6774193548387096,0.8387096774193549,0.967741935483871,148.906516001651,5
validation,no_backfill,background,context,1,362,0.09100399209208064,24.634780659326232,72.96638900108753,0.643646408839779,0.8535911602209945,0.925414364640884,139.72571931098432,0
validation,no_backfill,background,context,2,368,0.09598026735029715,25.981858371725433,64.92805556362637,0.5516304347826086,0.8396739130434783,0.9483695652173914,152.93822340378864,0
validation,no_backfill,background,context,3,374,0.11459151509593359,31.019923136469217,95.95354267872393,0.6203208556149733,0.8823529411764706,0.946524064171123,158.53637664385744,0
validation,no_backfill,background,context,4,380,0.12634929079814347,34.20275301905744,109.82733328947369,0.5815789473684211,0.8236842105263158,0.9236842105263158,152.84361691052456,0
validation,no_backfill,background,persistence,1,362,0.06995279773215048,18.936222346093135,31.931809530386737,0.10497237569060773,0.6464088397790055,0.8121546961325967,99.64101399631676,0
validation,no_backfill,background,persistence,2,368,0.116782306831801,31.612970459368533,55.23931807065218,0.17391304347826086,0.6657608695652174,0.8097826086956522,164.2300999094203,0
validation,no_backfill,background,persistence,3,374,0.1507692057012213,40.8132239833206,73.04135338680926,0.2192513368983957,0.6844919786096256,0.8288770053475936,209.37034545454546,0
validation,no_backfill,background,persistence,4,380,0.17194531067926558,46.54559560087719,89.0013227631579,0.24736842105263157,0.6947368421052632,0.8526315789473684,239.46400092105262,0
validation,no_backfill,background,quantile_raw,1,362,0.09100162564407603,24.63414006185138,72.96638900108753,0.643646408839779,0.8535911602209945,0.925414364640884,139.72571931098432,0
validation,no_backfill,background,quantile_raw,2,368,0.09598111327084409,25.982087362417495,64.92805556362637,0.5516304347826086,0.8396739130434783,0.9483695652173914,152.9346640664915,0
validation,no_backfill,background,quantile_raw,3,374,0.11460639097885458,31.023950037975933,95.95354267872393,0.6203208556149733,0.8743315508021391,0.946524064171123,158.53390389818233,0
validation,no_backfill,background,quantile_raw,4,380,0.12710764147229744,34.40803854655092,109.82733328947369,0.5815789473684211,0.7763157894736842,0.8789473684210526,150.6100118876186,0
validation,no_backfill,background,recovery,1,362,0.09100162564407603,24.63414006185138,72.96638900108753,0.643646408839779,0.8535911602209945,0.925414364640884,139.72571931098432,0
validation,no_backfill,background,recovery,2,368,0.09598253737286808,25.982472866835387,64.92805556362637,0.5516304347826086,0.8396739130434783,0.9483695652173914,152.9346640664915,0
validation,no_backfill,background,recovery,3,374,0.11460704251142378,31.024126407842413,95.95354267872393,0.6203208556149733,0.8743315508021391,0.946524064171123,158.53390389818233,0
validation,no_backfill,background,recovery,4,380,0.12704421361659918,34.3908686260134,109.82733328947369,0.5815789473684211,0.7789473684210526,0.8868421052631579,151.5831164856864,0
validation,no_backfill,background,rolling,1,362,0.09100162564407603,24.63414006185138,72.96638900108753,0.643646408839779,0.8535911602209945,0.925414364640884,139.72571931098432,0
validation,no_backfill,background,rolling,2,368,0.09598111327084409,25.982087362417495,64.92805556362637,0.5516304347826086,0.8396739130434783,0.9483695652173914,152.9346640664915,0
validation,no_backfill,background,rolling,3,374,0.11460639097885458,31.023950037975933,95.95354267872393,0.6203208556149733,0.8743315508021391,0.946524064171123,158.53390389818233,0
validation,no_backfill,background,rolling,4,380,0.1270320900907519,34.38758678756654,109.82733328947369,0.5815789473684211,0.7763157894736842,0.8894736842105263,151.21376124226612,0
validation,no_backfill,outage,context,1,48,0.0885003158005021,23.95703548719592,38.28024216673165,0.4791666666666667,0.7291666666666666,0.9375,188.17621051192134,6
validation,no_backfill,outage,context,2,42,0.09504554251810828,25.72882835965191,43.06022182947377,0.6904761904761905,0.8333333333333334,0.9047619047619048,171.89504090098848,6
validation,no_backfill,outage,context,3,36,0.08583159569461508,23.2346129545323,37.21033150728979,0.5833333333333334,0.8333333333333334,1.0,158.11327599264692,6
validation,no_backfill,outage,context,4,30,0.11298308791780212,30.58452189934903,88.4908661111111,0.6,0.7666666666666667,0.8333333333333334,136.2585856835598,6
validation,no_backfill,outage,persistence,1,48,0.2331767229361268,63.12093889880953,81.71591215277778,0.10416666666666667,0.3125,0.4375,96.6300763888889,6
validation,no_backfill,outage,persistence,2,42,0.2054504356304768,55.61543292517007,84.55967738095238,0.09523809523809523,0.5,0.5952380952380952,165.217,6
validation,no_backfill,outage,persistence,3,36,0.18751557506699268,50.76046617063492,86.27835972222222,0.1388888888888889,0.6111111111111112,0.7777777777777778,215.18257453703703,6
validation,no_backfill,outage,persistence,4,30,0.1640368997484476,44.40478876190476,82.70705388888888,0.2,0.7333333333333333,0.8333333333333334,249.58211333333335,6
validation,no_backfill,outage,quantile_raw,1,48,0.08850031574614557,23.957035472481607,38.28024216673165,0.4791666666666667,0.7291666666666666,0.9375,188.17621051192134,6
validation,no_backfill,outage,quantile_raw,2,42,0.09504554251810828,25.72882835965191,43.06022182947377,0.6904761904761905,0.8333333333333334,0.9047619047619048,171.89504090098848,6
validation,no_backfill,outage,quantile_raw,3,36,0.08583159569461508,23.2346129545323,37.21033150728979,0.5833333333333334,0.8333333333333334,1.0,158.11327599264692,6
validation,no_backfill,outage,quantile_raw,4,30,0.11292344765685614,30.568377280710955,88.4908661111111,0.6,0.7666666666666667,0.8333333333333334,134.7365976916132,6
validation,no_backfill,outage,recovery,1,48,0.08850031574614557,23.957035472481607,38.28024216673165,0.4791666666666667,0.7291666666666666,0.9375,188.17621051192134,6
validation,no_backfill,outage,recovery,2,42,0.09504554251810828,25.72882835965191,43.06022182947377,0.6904761904761905,0.8333333333333334,0.9047619047619048,171.89504090098848,6
validation,no_backfill,outage,recovery,3,36,0.08583159569461508,23.2346129545323,37.21033150728979,0.5833333333333334,0.8333333333333334,1.0,158.11327599264692,6
validation,no_backfill,outage,recovery,4,30,0.11296920953756744,30.580765021819502,88.4908661111111,0.6,0.7666666666666667,0.8333333333333334,135.60373956921157,6
validation,no_backfill,outage,rolling,1,48,0.08850031574614557,23.957035472481607,38.28024216673165,0.4791666666666667,0.7291666666666666,0.9375,188.17621051192134,6
validation,no_backfill,outage,rolling,2,42,0.09504554251810828,25.72882835965191,43.06022182947377,0.6904761904761905,0.8333333333333334,0.9047619047619048,171.89504090098848,6
validation,no_backfill,outage,rolling,3,36,0.08583159569461508,23.2346129545323,37.21033150728979,0.5833333333333334,0.8333333333333334,1.0,158.11327599264692,6
validation,no_backfill,outage,rolling,4,30,0.11296869547114756,30.580625864039643,88.4908661111111,0.6,0.7666666666666667,0.8333333333333334,135.5939985246212,6
validation,no_backfill,recovery,context,1,62,0.07672365824717162,20.769094287509354,61.33191919628971,0.7096774193548387,0.9032258064516129,0.9838709677419355,127.81760687900751,5
validation,no_backfill,recovery,context,2,62,0.08585908030926288,23.24205303971746,58.70404740877369,0.6290322580645161,0.8548387096774194,0.9838709677419355,146.15861060367084,5
validation,no_backfill,recovery,context,3,62,0.1027547522893824,27.815711444735815,81.3115287867712,0.6612903225806451,0.9032258064516129,1.0,158.97428243535884,5
validation,no_backfill,recovery,context,4,62,0.10769314581496349,29.152534572110614,82.76540483870969,0.6935483870967742,0.9032258064516129,0.9838709677419355,154.43359559934137,5
validation,no_backfill,recovery,persistence,1,62,0.06529331500740244,17.674900372503842,28.776010215053763,0.1935483870967742,0.6935483870967742,0.8387096774193549,94.22810860215053,5
validation,no_backfill,recovery,persistence,2,62,0.1093530003994877,29.60185720814132,50.0393938172043,0.1935483870967742,0.7419354838709677,0.8709677419354839,157.0859072580645,5
validation,no_backfill,recovery,persistence,3,62,0.13921173661106184,37.68461710061444,65.3672561827957,0.2903225806451613,0.7903225806451613,0.8387096774193549,199.594225,5
validation,no_backfill,recovery,persistence,4,62,0.15103658302960352,40.88560302611367,75.79977983870967,0.2903225806451613,0.7903225806451613,0.8709677419354839,225.97995134408603,5
validation,no_backfill,recovery,quantile_raw,1,62,0.07672365824717162,20.769094287509354,61.33191919628971,0.7096774193548387,0.9032258064516129,0.9838709677419355,127.81760687900751,5
validation,no_backfill,recovery,quantile_raw,2,62,0.08585882681026798,23.241984417539545,58.70404740877369,0.6290322580645161,0.8548387096774194,0.9838709677419355,146.15861060367084,5
validation,no_backfill,recovery,quantile_raw,3,62,0.10274575102361384,27.813274802092263,81.3115287867712,0.6612903225806451,0.9032258064516129,1.0,158.97428243535884,5
validation,no_backfill,recovery,quantile_raw,4,62,0.10750672032528445,29.1020691920545,82.76540483870969,0.6935483870967742,0.8870967741935484,0.9838709677419355,152.0371247467067,5
validation,no_backfill,recovery,recovery,1,62,0.07672365824717162,20.769094287509354,61.33191919628971,0.7096774193548387,0.9032258064516129,0.9838709677419355,127.81760687900751,5
validation,no_backfill,recovery,recovery,2,62,0.08586798267957448,23.244462911360806,58.70404740877369,0.6290322580645161,0.8548387096774194,0.9838709677419355,146.1615787277041,5
validation,no_backfill,recovery,recovery,3,62,0.1028205792268845,27.833530796717636,81.3115287867712,0.6612903225806451,0.9032258064516129,1.0,159.103424012047,5
validation,no_backfill,recovery,recovery,4,62,0.10767328842550593,29.147159176784452,82.76540483870969,0.6935483870967742,0.9032258064516129,0.9838709677419355,154.3675606511763,5
validation,no_backfill,recovery,rolling,1,62,0.07672365824717162,20.769094287509354,61.33191919628971,0.7096774193548387,0.9032258064516129,0.9838709677419355,127.81760687900751,5
validation,no_backfill,recovery,rolling,2,62,0.08585882681026798,23.241984417539545,58.70404740877369,0.6290322580645161,0.8548387096774194,0.9838709677419355,146.15861060367084,5
validation,no_backfill,recovery,rolling,3,62,0.10274575102361384,27.813274802092263,81.3115287867712,0.6612903225806451,0.9032258064516129,1.0,158.97428243535884,5
validation,no_backfill,recovery,rolling,4,62,0.1075623221035691,29.117120593436155,82.76540483870969,0.6935483870967742,0.8870967741935484,0.9838709677419355,153.09072284342238,5
validation,pv_first,background,context,1,362,0.09077953410796795,24.574019883026924,72.89430151445899,0.6629834254143646,0.8591160220994475,0.9281767955801105,140.68284977246597,0
validation,pv_first,background,context,2,368,0.09541704483986421,25.829394038151236,64.2767049556827,0.5597826086956522,0.8614130434782609,0.9592391304347826,153.91710653094864,0
validation,pv_first,background,context,3,374,0.11428268784211423,30.936323598860323,95.5090936985983,0.6229946524064172,0.8850267379679144,0.9572192513368984,159.1573963356807,0
validation,pv_first,background,context,4,380,0.12587879512685593,34.0753898408399,109.82733328947369,0.5868421052631579,0.8263157894736842,0.9342105263157895,153.32624471042507,0
validation,pv_first,background,persistence,1,362,0.0685446629520336,18.555040261115497,31.931809530386737,0.11602209944751381,0.6823204419889503,0.856353591160221,104.78357071823204,0
validation,pv_first,background,persistence,2,368,0.1155150548076798,31.269925336438924,55.23931807065218,0.18478260869565216,0.6793478260869565,0.8315217391304348,170.56825249094203,0
validation,pv_first,background,persistence,3,374,0.14918188955267772,40.383537501909856,73.04135338680926,0.22994652406417113,0.6951871657754011,0.8422459893048129,211.92056813725492,0
validation,pv_first,background,persistence,4,380,0.17114201583798802,46.328143687343356,89.0013227631579,0.25526315789473686,0.7157894736842105,0.8578947368421053,241.64553899122808,0
validation,pv_first,background,quantile_raw,1,362,0.09077953410796795,24.574019883026924,72.89430151445899,0.6629834254143646,0.8591160220994475,0.9281767955801105,140.68284977246597,0
validation,pv_first,background,quantile_raw,2,368,0.0954169537963595,25.82936939267452,64.2767049556827,0.5597826086956522,0.8614130434782609,0.9592391304347826,153.91406312261287,0
validation,pv_first,background,quantile_raw,3,374,0.11429474311348276,30.939586960819778,95.5090936985983,0.6229946524064172,0.8796791443850267,0.9572192513368984,159.1563378117875,0
validation,pv_first,background,quantile_raw,4,380,0.12661671202036395,34.275143943912525,109.82733328947369,0.5868421052631579,0.7842105263157895,0.8947368421052632,151.48554947571571,0
validation,pv_first,background,recovery,1,362,0.09077953410796795,24.574019883026924,72.89430151445899,0.6629834254143646,0.8591160220994475,0.9281767955801105,140.68284977246597,0
validation,pv_first,background,recovery,2,368,0.0954169537963595,25.82936939267452,64.2767049556827,0.5597826086956522,0.8614130434782609,0.9592391304347826,153.91406312261287,0
validation,pv_first,background,recovery,3,374,0.11429474311348276,30.939586960819778,95.5090936985983,0.6229946524064172,0.8796791443850267,0.9572192513368984,159.1563378117875,0
validation,pv_first,background,recovery,4,380,0.12653006449336723,34.25168845835451,109.82733328947369,0.5868421052631579,0.7842105263157895,0.9052631578947369,152.2917738840819,0
validation,pv_first,background,rolling,1,362,0.09077953410796795,24.574019883026924,72.89430151445899,0.6629834254143646,0.8591160220994475,0.9281767955801105,140.68284977246597,0
validation,pv_first,background,rolling,2,368,0.0954169537963595,25.82936939267452,64.2767049556827,0.5597826086956522,0.8614130434782609,0.9592391304347826,153.91406312261287,0
validation,pv_first,background,rolling,3,374,0.11429474311348276,30.939586960819778,95.5090936985983,0.6229946524064172,0.8796791443850267,0.9572192513368984,159.1563378117875,0
validation,pv_first,background,rolling,4,380,0.12655321291087707,34.257954734974426,109.82733328947369,0.5868421052631579,0.7842105263157895,0.9,151.91967889687885,0
validation,pv_first,outage,context,1,48,0.0888903768644589,24.062625017209026,38.28024216673165,0.4791666666666667,0.75,0.9375,188.6994782053931,6
validation,pv_first,outage,context,2,42,0.09530563680070013,25.799235881949524,43.06022182947377,0.6904761904761905,0.8333333333333334,0.9047619047619048,172.181274116505,6
validation,pv_first,outage,context,3,36,0.08583579500888043,23.23574970890393,37.21033150728979,0.5833333333333334,0.8333333333333334,1.0,158.11327599264692,6
validation,pv_first,outage,context,4,30,0.11311351193354852,30.619827680411582,88.4908661111111,0.6,0.7666666666666667,0.8333333333333334,139.16289366624952,6
validation,pv_first,outage,persistence,1,48,0.2304750964577433,62.38960861111111,81.71591215277778,0.10416666666666667,0.3125,0.4375,100.75352708333332,6
validation,pv_first,outage,persistence,2,42,0.20337632534112032,55.05397126984127,84.55967738095238,0.11904761904761904,0.5,0.5952380952380952,169.40332222222222,6
validation,pv_first,outage,persistence,3,36,0.18605590187989984,50.36533263888889,86.27835972222222,0.1388888888888889,0.6111111111111112,0.7777777777777778,217.05559490740742,6
validation,pv_first,outage,persistence,4,30,0.16354955113433134,44.27286349206349,82.70705388888888,0.2,0.7333333333333333,0.8333333333333334,251.34392,6
validation,pv_first,outage,quantile_raw,1,48,0.08850031574614557,23.957035472481607,38.28024216673165,0.4791666666666667,0.7291666666666666,0.9375,188.17621051192134,6
validation,pv_first,outage,quantile_raw,2,42,0.09504554251810828,25.72882835965191,43.06022182947377,0.6904761904761905,0.8333333333333334,0.9047619047619048,171.89504090098848,6
validation,pv_first,outage,quantile_raw,3,36,0.08583159569461508,23.2346129545323,37.21033150728979,0.5833333333333334,0.8333333333333334,1.0,158.11327599264692,6
validation,pv_first,outage,quantile_raw,4,30,0.11292344765685614,30.568377280710955,88.4908661111111,0.6,0.7666666666666667,0.8333333333333334,134.7365976916132,6
validation,pv_first,outage,recovery,1,48,0.08850031574614557,23.957035472481607,38.28024216673165,0.4791666666666667,0.7291666666666666,0.9375,188.17621051192134,6
validation,pv_first,outage,recovery,2,42,0.09504554251810828,25.72882835965191,43.06022182947377,0.6904761904761905,0.8333333333333334,0.9047619047619048,171.89504090098848,6
validation,pv_first,outage,recovery,3,36,0.08583159569461508,23.2346129545323,37.21033150728979,0.5833333333333334,0.8333333333333334,1.0,158.11327599264692,6
validation,pv_first,outage,recovery,4,30,0.11294048081336397,30.572988156177626,88.4908661111111,0.6,0.7666666666666667,0.8333333333333334,136.44788863263545,6
validation,pv_first,outage,rolling,1,48,0.08850031574614557,23.957035472481607,38.28024216673165,0.4791666666666667,0.7291666666666666,0.9375,188.17621051192134,6
validation,pv_first,outage,rolling,2,42,0.09504554251810828,25.72882835965191,43.06022182947377,0.6904761904761905,0.8333333333333334,0.9047619047619048,171.89504090098848,6
validation,pv_first,outage,rolling,3,36,0.08583159569461508,23.2346129545323,37.21033150728979,0.5833333333333334,0.8333333333333334,1.0,158.11327599264692,6
validation,pv_first,outage,rolling,4,30,0.11295761352350175,30.577625980811924,88.4908661111111,0.6,0.7666666666666667,0.8333333333333334,135.5058243289125,6
validation,pv_first,recovery,context,1,62,0.07639261378722452,20.679480552201678,61.31143201831158,0.6935483870967742,0.9032258064516129,0.967741935483871,125.87121428825976,5
validation,pv_first,recovery,context,2,62,0.0844881409996215,22.870939768597538,56.46577274460987,0.6451612903225806,0.8387096774193549,0.9838709677419355,148.28415338671564,5
validation,pv_first,recovery,context,3,62,0.10168388408834654,27.52582742271541,81.30807904437269,0.6612903225806451,0.9193548387096774,1.0,154.11288069724,5
validation,pv_first,recovery,context,4,62,0.106493969729786,28.827917605853067,82.76540483870969,0.6774193548387096,0.8548387096774194,0.967741935483871,150.30539697746877,5
validation,pv_first,recovery,persistence,1,62,0.06359753346135098,17.21585230798771,28.776010215053763,0.20967741935483872,0.7258064516129032,0.9032258064516129,101.48677526881721,5
validation,pv_first,recovery,persistence,2,62,0.10774387695722022,29.166267492319513,50.0393938172043,0.24193548387096775,0.7580645161290323,0.8709677419354839,167.2253260752688,5
validation,pv_first,recovery,persistence,3,62,0.13668589399843498,37.000871505376345,65.3672561827957,0.3064516129032258,0.8064516129032258,0.8870967741935484,203.39520537634408,5
validation,pv_first,recovery,persistence,4,62,0.14898845708940298,40.33117533410138,75.79977983870967,0.3225806451612903,0.8064516129032258,0.8709677419354839,229.7342080645161,5
validation,pv_first,recovery,quantile_raw,1,62,0.07639261378722452,20.679480552201678,61.31143201831158,0.6935483870967742,0.9032258064516129,0.967741935483871,125.87121428825976,5
validation,pv_first,recovery,quantile_raw,2,62,0.0844881409996215,22.870939768597538,56.46577274460987,0.6451612903225806,0.8387096774193549,0.9838709677419355,148.28415338671564,5
validation,pv_first,recovery,quantile_raw,3,62,0.10167960898271723,27.52467015162155,81.30807904437269,0.6612903225806451,0.9193548387096774,1.0,154.11288069724,5
validation,pv_first,recovery,quantile_raw,4,62,0.10636664936866291,28.79345198409705,82.76540483870969,0.6774193548387096,0.8387096774193549,0.967741935483871,148.27011059051281,5
validation,pv_first,recovery,recovery,1,62,0.07639261378722452,20.679480552201678,61.31143201831158,0.6935483870967742,0.9032258064516129,0.967741935483871,125.87121428825976,5
validation,pv_first,recovery,recovery,2,62,0.0844881409996215,22.870939768597538,56.46577274460987,0.6451612903225806,0.8387096774193549,0.9838709677419355,148.28415338671564,5
validation,pv_first,recovery,recovery,3,62,0.10167960898271723,27.52467015162155,81.30807904437269,0.6612903225806451,0.9193548387096774,1.0,154.11288069724,5
validation,pv_first,recovery,recovery,4,62,0.10638383380684387,28.798103811512636,82.76540483870969,0.6774193548387096,0.8387096774193549,0.967741935483871,148.68733881870665,5
validation,pv_first,recovery,rolling,1,62,0.07639261378722452,20.679480552201678,61.31143201831158,0.6935483870967742,0.9032258064516129,0.967741935483871,125.87121428825976,5
validation,pv_first,recovery,rolling,2,62,0.0844881409996215,22.870939768597538,56.46577274460987,0.6451612903225806,0.8387096774193549,0.9838709677419355,148.28415338671564,5
validation,pv_first,recovery,rolling,3,62,0.10167960898271723,27.52467015162155,81.30807904437269,0.6612903225806451,0.9193548387096774,1.0,154.11288069724,5
validation,pv_first,recovery,rolling,4,62,0.10640023453997213,28.802543489970454,82.76540483870969,0.6774193548387096,0.8387096774193549,0.967741935483871,148.906516001651,5
validation,pv_only,background,context,1,362,0.0907832024243702,24.575012896277013,72.89430151445899,0.6629834254143646,0.8591160220994475,0.9281767955801105,140.68284977246597,0
validation,pv_only,background,context,2,368,0.09541789661902969,25.829624614771333,64.2767049556827,0.5597826086956522,0.8614130434782609,0.9592391304347826,153.91646068889645,0
validation,pv_only,background,context,3,374,0.11428387314112723,30.93664445930314,95.5090936985983,0.6229946524064172,0.8796791443850267,0.9572192513368984,159.15685901718808,0
validation,pv_only,background,context,4,380,0.1258847791563337,34.07700971761953,109.82733328947369,0.5868421052631579,0.8236842105263158,0.9342105263157895,153.3210522912203,0
validation,pv_only,background,persistence,1,362,0.06740881264889852,18.247565584056826,31.931809530386737,0.14917127071823205,0.7016574585635359,0.8784530386740331,108.45108379373849,0
validation,pv_only,background,persistence,2,368,0.11415445438356275,30.901610801630433,55.23931807065218,0.21467391304347827,0.6983695652173914,0.8532608695652174,174.67719329710144,0
validation,pv_only,background,persistence,3,374,0.14707005248820154,39.811863208556154,73.04135338680926,0.24331550802139038,0.7085561497326203,0.8582887700534759,215.1954407308378,0
validation,pv_only,background,persistence,4,380,0.16920850080502328,45.8047411679198,89.0013227631579,0.2789473684210526,0.7289473684210527,0.868421052631579,244.9287979385965,0
validation,pv_only,background,quantile_raw,1,362,0.09077953410796795,24.574019883026924,72.89430151445899,0.6629834254143646,0.8591160220994475,0.9281767955801105,140.68284977246597,0
validation,pv_only,background,quantile_raw,2,368,0.0954169537963595,25.82936939267452,64.2767049556827,0.5597826086956522,0.8614130434782609,0.9592391304347826,153.91406312261287,0
validation,pv_only,background,quantile_raw,3,374,0.11429474311348276,30.939586960819778,95.5090936985983,0.6229946524064172,0.8796791443850267,0.9572192513368984,159.1563378117875,0
validation,pv_only,background,quantile_raw,4,380,0.12661671202036395,34.275143943912525,109.82733328947369,0.5868421052631579,0.7842105263157895,0.8947368421052632,151.48554947571571,0
validation,pv_only,background,recovery,1,362,0.09077953410976983,24.57401988351469,72.89430151445899,0.6629834254143646,0.8591160220994475,0.9281767955801105,140.68284977246597,0
validation,pv_only,background,recovery,2,368,0.0954169537963595,25.82936939267452,64.2767049556827,0.5597826086956522,0.8614130434782609,0.9592391304347826,153.91406312261287,0
validation,pv_only,background,recovery,3,374,0.11429474311348276,30.939586960819778,95.5090936985983,0.6229946524064172,0.8796791443850267,0.9572192513368984,159.1563378117875,0
validation,pv_only,background,recovery,4,380,0.12652992831849927,34.251651595817755,109.82733328947369,0.5868421052631579,0.7842105263157895,0.9052631578947369,152.30157890887497,0
validation,pv_only,background,rolling,1,362,0.09077953410796795,24.574019883026924,72.89430151445899,0.6629834254143646,0.8591160220994475,0.9281767955801105,140.68284977246597,0
validation,pv_only,background,rolling,2,368,0.0954169537963595,25.82936939267452,64.2767049556827,0.5597826086956522,0.8614130434782609,0.9592391304347826,153.91406312261287,0
validation,pv_only,background,rolling,3,374,0.11429474311348276,30.939586960819778,95.5090936985983,0.6229946524064172,0.8796791443850267,0.9572192513368984,159.1563378117875,0
validation,pv_only,background,rolling,4,380,0.1265527744687665,34.25783604869509,109.82733328947369,0.5868421052631579,0.7842105263157895,0.9,151.92954793538667,0
validation,pv_only,outage,context,1,48,0.08506630922984848,23.027449908519984,34.67606304904539,0.4791666666666667,0.8541666666666666,0.9166666666666666,178.78134124518124,6
validation,pv_only,outage,context,2,42,0.09810351566369692,26.55662169016275,42.04374655343554,0.6428571428571429,0.7619047619047619,0.8571428571428571,170.99692701272613,6
validation,pv_only,outage,context,3,36,0.08455074701173854,22.88788721607762,36.167045499399265,0.6111111111111112,0.8333333333333334,0.8888888888888888,153.27798903107453,6
validation,pv_only,outage,context,4,30,0.11299055895089066,30.586544308006104,88.4908661111111,0.6333333333333333,0.7,0.8333333333333334,137.07450165576932,6
validation,pv_only,outage,persistence,1,48,0.22820502036533738,61.775099012896824,81.71591215277778,0.10416666666666667,0.3541666666666667,0.4583333333333333,103.8635767361111,6
validation,pv_only,outage,persistence,2,42,0.2013650528109286,54.509519795918365,84.55967738095238,0.11904761904761904,0.5,0.5952380952380952,172.38063888888888,6
validation,pv_only,outage,persistence,3,36,0.18364963723288438,49.713956798941794,86.27835972222222,0.1388888888888889,0.6111111111111112,0.7777777777777778,219.58434814814817,6
validation,pv_only,outage,persistence,4,30,0.16219995326637,43.90752734920635,82.70705388888888,0.23333333333333334,0.7666666666666667,0.9,253.4200933333333,6
validation,pv_only,outage,quantile_raw,1,48,0.0850155027462991,23.013696593423166,34.67606304904539,0.4791666666666667,0.8541666666666666,0.9166666666666666,178.6666203480687,6
validation,pv_only,outage,quantile_raw,2,42,0.0980048957342705,26.529925275267022,42.04374655343554,0.6428571428571429,0.7619047619047619,0.8571428571428571,170.63052648362253,6
validation,pv_only,outage,quantile_raw,3,36,0.08451881418351656,22.87924299947793,36.167045499399265,0.6111111111111112,0.8333333333333334,0.8888888888888888,153.09775239806265,6
validation,pv_only,outage,quantile_raw,4,30,0.11284161555610646,30.54622533103802,88.4908661111111,0.6333333333333333,0.6666666666666666,0.8333333333333334,132.55211858470597,6
validation,pv_only,outage,recovery,1,48,0.08501550261040776,23.01369655663738,34.67606304904539,0.4791666666666667,0.8541666666666666,0.9166666666666666,178.6666203480687,6
validation,pv_only,outage,recovery,2,42,0.0980048957342705,26.529925275267022,42.04374655343554,0.6428571428571429,0.7619047619047619,0.8571428571428571,170.63052648362253,6
validation,pv_only,outage,recovery,3,36,0.08451881418351656,22.87924299947793,36.167045499399265,0.6111111111111112,0.8333333333333334,0.8888888888888888,153.09775239806265,6
validation,pv_only,outage,recovery,4,30,0.1129066363410012,30.563826457509023,88.4908661111111,0.6333333333333333,0.6666666666666666,0.8333333333333334,133.78912091281094,6
validation,pv_only,outage,rolling,1,48,0.0850155027462991,23.013696593423166,34.67606304904539,0.4791666666666667,0.8541666666666666,0.9166666666666666,178.6666203480687,6
validation,pv_only,outage,rolling,2,42,0.0980048957342705,26.529925275267022,42.04374655343554,0.6428571428571429,0.7619047619047619,0.8571428571428571,170.63052648362253,6
validation,pv_only,outage,rolling,3,36,0.08451881418351656,22.87924299947793,36.167045499399265,0.6111111111111112,0.8333333333333334,0.8888888888888888,153.09775239806265,6
validation,pv_only,outage,rolling,4,30,0.11285970964716606,30.551123401487853,88.4908661111111,0.6333333333333333,0.6666666666666666,0.8333333333333334,133.32134522200528,6
validation,pv_only,recovery,context,1,62,0.07639261378722452,20.679480552201678,61.31143201831158,0.6935483870967742,0.9032258064516129,0.967741935483871,125.87121428825976,5
validation,pv_only,recovery,context,2,62,0.0844881409996215,22.870939768597538,56.46577274460987,0.6451612903225806,0.8387096774193549,0.9838709677419355,148.28415338671564,5
validation,pv_only,recovery,context,3,62,0.1016833209017153,27.52567496809433,81.30807904437269,0.6612903225806451,0.9193548387096774,1.0,154.11288069724,5
validation,pv_only,recovery,context,4,62,0.10639729852385134,28.801748710406553,82.76540483870969,0.6774193548387096,0.8870967741935484,0.967741935483871,150.94350917546726,5
validation,pv_only,recovery,persistence,1,62,0.06245708633871223,16.9071332718894,28.776010215053763,0.24193548387096775,0.7580645161290323,0.9354838709677419,106.70738440860215,5
validation,pv_only,recovery,persistence,2,62,0.10616118130045732,28.737831778033794,50.0393938172043,0.24193548387096775,0.7903225806451613,0.9032258064516129,170.85690430107528,5
validation,pv_only,recovery,persistence,3,62,0.1347074506584454,36.46530689324117,65.3672561827957,0.3064516129032258,0.8064516129032258,0.9032258064516129,206.10903440860216,5
validation,pv_only,recovery,persistence,4,62,0.14720726119970015,39.84900560675883,75.79977983870967,0.3548387096774194,0.8064516129032258,0.8709677419354839,232.18340295698926,5
validation,pv_only,recovery,quantile_raw,1,62,0.07639261378722452,20.679480552201678,61.31143201831158,0.6935483870967742,0.9032258064516129,0.967741935483871,125.87121428825976,5
validation,pv_only,recovery,quantile_raw,2,62,0.0844881409996215,22.870939768597538,56.46577274460987,0.6451612903225806,0.8387096774193549,0.9838709677419355,148.28415338671564,5
validation,pv_only,recovery,quantile_raw,3,62,0.10167960898271723,27.52467015162155,81.30807904437269,0.6612903225806451,0.9193548387096774,1.0,154.11288069724,5
validation,pv_only,recovery,quantile_raw,4,62,0.10636664936866291,28.79345198409705,82.76540483870969,0.6774193548387096,0.8387096774193549,0.967741935483871,148.27011059051281,5
validation,pv_only,recovery,recovery,1,62,0.07639261378722452,20.679480552201678,61.31143201831158,0.6935483870967742,0.9032258064516129,0.967741935483871,125.87121428825976,5
validation,pv_only,recovery,recovery,2,62,0.0844881409996215,22.870939768597538,56.46577274460987,0.6451612903225806,0.8387096774193549,0.9838709677419355,148.28415338671564,5
validation,pv_only,recovery,recovery,3,62,0.10167960898271723,27.52467015162155,81.30807904437269,0.6612903225806451,0.9193548387096774,1.0,154.11288069724,5
validation,pv_only,recovery,recovery,4,62,0.10638356599839567,28.798031315765705,82.76540483870969,0.6774193548387096,0.8387096774193549,0.967741935483871,148.6822641164215,5
validation,pv_only,recovery,rolling,1,62,0.07639261378722452,20.679480552201678,61.31143201831158,0.6935483870967742,0.9032258064516129,0.967741935483871,125.87121428825976,5
validation,pv_only,recovery,rolling,2,62,0.0844881409996215,22.870939768597538,56.46577274460987,0.6451612903225806,0.8387096774193549,0.9838709677419355,148.28415338671564,5
validation,pv_only,recovery,rolling,3,62,0.10167960898271723,27.52467015162155,81.30807904437269,0.6612903225806451,0.9193548387096774,1.0,154.11288069724,5
validation,pv_only,recovery,rolling,4,62,0.1064012116154279,28.802807984296333,82.76540483870969,0.6774193548387096,0.8387096774193549,0.967741935483871,148.92503060446242,5
