site,scenario,period,method,horizon,n,nwis,nmae,coverage50,coverage80,coverage90,nwidth90,events
nist,clean,development_evaluation,geometric_persistence,1,2138,0.042051815606066016,0.06432995652550791,0.3376987839101964,0.6393826005612722,0.7885874649204865,0.29881978658439357,0
nist,clean,development_evaluation,geometric_persistence,2,2137,0.0633622088374159,0.10232287562266724,0.33270940570893776,0.6293869911090314,0.7786616752456715,0.4256340047500164,0
nist,clean,development_evaluation,geometric_persistence,3,2137,0.0807446178231855,0.135436231425133,0.3242863827795976,0.6364061768834816,0.7716424894712214,0.510818513532887,0
nist,clean,development_evaluation,geometric_persistence,4,2137,0.09491675319144782,0.16846401824459578,0.31118390266729057,0.6233036967711746,0.7693027608797379,0.5622492392625368,0
nist,clean,development_evaluation,multiple_imputation_compact,1,2138,0.0376880659611881,0.05625021671738819,0.48737137511693174,0.6856875584658559,0.7577174929840973,0.14795181862374168,0
nist,clean,development_evaluation,multiple_imputation_compact,2,2137,0.05242141126910568,0.07847229430425216,0.4234908750584932,0.628451099672438,0.7211043518951802,0.18759874840127375,0
nist,clean,development_evaluation,multiple_imputation_compact,3,2137,0.060430789316117346,0.0906339444720521,0.4033692091717361,0.6130088909686476,0.7051941974730931,0.20842194632213962,0
nist,clean,development_evaluation,multiple_imputation_compact,4,2137,0.06749616475203064,0.10128235172512653,0.3916705662143191,0.5985025737014507,0.6874122601778194,0.22837569332133661,0
nist,clean,development_evaluation,multiple_imputation_flexible,1,2138,0.04150545336862278,0.056306172925255665,0.3587464920486436,0.539756782039289,0.6117867165575304,0.0949832427777734,0
nist,clean,development_evaluation,multiple_imputation_flexible,2,2137,0.05982367402080713,0.07959040911853234,0.3158633598502574,0.47590079550772113,0.5460926532522228,0.11739178534872294,0
nist,clean,development_evaluation,multiple_imputation_flexible,3,2137,0.06959534509721506,0.09116864419079505,0.2980814225549836,0.457182966775854,0.528310715956949,0.12483584249972876,0
nist,clean,development_evaluation,multiple_imputation_flexible,4,2137,0.08037058139431884,0.10396184949591525,0.2690687880205896,0.4071127749181095,0.48713149274684137,0.12967622366053655,0
nist,clean,development_evaluation,persistence,1,2138,0.06388207333124644,0.10955390544718338,0.3199251637043966,0.6585594013096352,0.8362956033676333,0.40058785483684606,0
nist,clean,development_evaluation,persistence,2,2137,0.1013121385549431,0.18166729992900432,0.31352363125877397,0.6555919513336453,0.8249883013570426,0.5606415584661038,0
nist,clean,development_evaluation,persistence,3,2137,0.12525855039114056,0.23225313610351897,0.32007487131492746,0.6518483855872719,0.8109499298081423,0.6379962134844883,0
nist,clean,development_evaluation,persistence,4,2137,0.13778958848015385,0.2627572740032788,0.3182030884417408,0.6518483855872719,0.8086102012166588,0.6807026678610489,0
nist,clean,development_evaluation,quantile_compact,1,2138,0.08872564308015886,0.2866796655326085,0.7053320860617399,0.853601496725912,0.9158091674462114,0.42777923948693614,0
nist,clean,development_evaluation,quantile_compact,2,2137,0.09177757845508157,0.2885947164927417,0.6771174543752925,0.85774450163781,0.9270004679457183,0.45719002213625926,0
nist,clean,development_evaluation,quantile_compact,3,2137,0.09521930040023467,0.2885055417424162,0.6963032288254563,0.8497894244267665,0.9255966307908282,0.46764569818931434,0
nist,clean,development_evaluation,quantile_compact,4,2137,0.1009213020864235,0.32058750210391185,0.7000467945718297,0.8540009358914366,0.9335517080018718,0.47039301864953037,0
nist,clean,development_evaluation,quantile_flexible,1,2138,0.08037997203602842,0.23264345629995875,0.6389148737137512,0.7988774555659495,0.8877455565949486,0.4148725757365778,0
nist,clean,development_evaluation,quantile_flexible,2,2137,0.08855387661542913,0.26584918355520476,0.6233036967711746,0.802526906878802,0.9050070191857744,0.4480206600121823,0
nist,clean,development_evaluation,quantile_flexible,3,2137,0.09202747569940699,0.2632118829583769,0.6457650912494151,0.8081422554983622,0.9059429106223678,0.45899239092115734,0
nist,clean,development_evaluation,quantile_flexible,4,2137,0.10214950459887336,0.32058750210391185,0.6396817969115582,0.7964436125409452,0.9017313991576977,0.4597877125964058,0
nist,clean,development_evaluation,single_imputation_compact,1,2138,0.03775397588055125,0.05592975195416652,0.4822263797942002,0.6796071094480823,0.7525724976613658,0.14412159606529443,0
nist,clean,development_evaluation,single_imputation_compact,2,2137,0.05230911222836458,0.07796109338985877,0.4258306036499766,0.6256434253626579,0.7178287318671034,0.18396480600615805,0
nist,clean,development_evaluation,single_imputation_compact,3,2137,0.06044005688482317,0.09042131973268576,0.400561534861956,0.611137108095461,0.7009826860084231,0.20599100782697716,0
nist,clean,development_evaluation,single_imputation_compact,4,2137,0.06755751883467326,0.10113725509782374,0.3902667290594291,0.5956948993916705,0.6855404773046326,0.22655014437620272,0
nist,clean,development_evaluation,single_imputation_flexible,1,2138,0.041583688412349766,0.05586125387662011,0.3559401309635173,0.5332086061739943,0.6066417212347989,0.09048410592628602,0
nist,clean,development_evaluation,single_imputation_flexible,2,2137,0.060019503491957775,0.07918346802984114,0.3116518483855873,0.4693495554515676,0.5348619560131025,0.11264897452015815,0
nist,clean,development_evaluation,single_imputation_flexible,3,2137,0.06979202713649597,0.09086285408803489,0.2943378568086102,0.45156761815629387,0.5212915301824989,0.12110874480182644,0
nist,clean,development_evaluation,single_imputation_flexible,4,2137,0.08062254686179028,0.10371343592839838,0.2676649508656996,0.40383715489003275,0.48104819840898455,0.12670253590083735,0
nist,clean,validation,geometric_persistence,1,1899,0.04074309299668496,0.06201092103593759,0.3807266982622433,0.6898367561874671,0.8214849921011058,0.32495139783965193,0
nist,clean,validation,geometric_persistence,2,1899,0.06139763698222638,0.09934222961804597,0.38809899947340704,0.6619273301737757,0.8030542390731964,0.4474809377409306,0
nist,clean,validation,geometric_persistence,3,1899,0.07827515228284358,0.13044302463396146,0.3907319641916798,0.6777251184834123,0.7962085308056872,0.5344668525609035,0
nist,clean,validation,geometric_persistence,4,1899,0.09168573396351073,0.1569951610194919,0.4075829383886256,0.6819378620326487,0.785676671932596,0.5936785954473192,0
nist,clean,validation,multiple_imputation_compact,1,1899,0.03943386431352137,0.05891561852086877,0.45602948920484465,0.6619273301737757,0.7482885729331227,0.14726847068833043,0
nist,clean,validation,multiple_imputation_compact,2,1899,0.05645274454895769,0.08395139628821782,0.4038967877830437,0.593996840442338,0.6714060031595577,0.18558570908268465,0
nist,clean,validation,multiple_imputation_compact,3,1899,0.07032500799991692,0.10333163737422231,0.3596629805160611,0.5371248025276462,0.6197998946814113,0.20783764133690505,0
nist,clean,validation,multiple_imputation_compact,4,1899,0.08175343841355334,0.11934033136110427,0.3328067403896788,0.5155344918378094,0.607161664033702,0.22741771429172625,0
nist,clean,validation,multiple_imputation_flexible,1,1899,0.043463647007970625,0.05852369060975356,0.34913112164297,0.5192206424433913,0.5876777251184834,0.09490501462822996,0
nist,clean,validation,multiple_imputation_flexible,2,1899,0.06339395230795017,0.08325781878950571,0.3101632438125329,0.46445497630331756,0.5286993154291733,0.1163190991822863,0
nist,clean,validation,multiple_imputation_flexible,3,1899,0.07995526185827818,0.10275167463667885,0.27540810953133227,0.39968404423380727,0.46129541864139023,0.12506853634555304,0
nist,clean,validation,multiple_imputation_flexible,4,1899,0.0954182142969386,0.1200299848196762,0.25223802001053186,0.3691416535018431,0.42496050552922593,0.13038943858751395,0
nist,clean,validation,persistence,1,1899,0.06054701033449421,0.10290622100083266,0.3844128488678252,0.6987888362295945,0.8604528699315429,0.41432685433048927,0
nist,clean,validation,persistence,2,1899,0.09717472519429457,0.1717794267444761,0.3791469194312796,0.6972090573986308,0.8341232227488151,0.56273061259664,0
nist,clean,validation,persistence,3,1899,0.12203375457538237,0.21983244063476723,0.37546076882569773,0.7051079515534492,0.8193786203264877,0.6473878970367163,0
nist,clean,validation,persistence,4,1899,0.13612522057395957,0.24874974476031592,0.4038967877830437,0.6945760926803581,0.8104265402843602,0.6995008522200973,0
nist,clean,validation,quantile_compact,1,1899,0.08289586245033424,0.25077060676776763,0.6940494997367035,0.8541337546076883,0.9104791995787257,0.44208805498239817,0
nist,clean,validation,quantile_compact,2,1899,0.08818083219203572,0.2591214683680464,0.6703528172722486,0.8209583991574513,0.8988941548183255,0.4815379179887284,0
nist,clean,validation,quantile_compact,3,1899,0.09497795318607956,0.26896969349171523,0.6666666666666666,0.808320168509742,0.8857293312269615,0.4938401574905519,0
nist,clean,validation,quantile_compact,4,1899,0.1031609020088331,0.31169338002444463,0.6766719325961033,0.79884149552396,0.8841495523959979,0.5010274170879152,0
nist,clean,validation,quantile_flexible,1,1899,0.07281607330666419,0.19121685427517793,0.6598209583991574,0.817798841495524,0.8873091100579252,0.4282535519065023,0
nist,clean,validation,quantile_flexible,2,1899,0.08412344576084692,0.23153551666003494,0.6229594523433386,0.7851500789889415,0.8751974723538705,0.4714158285963411,0
nist,clean,validation,quantile_flexible,3,1899,0.09264325457638636,0.2457435159377324,0.6303317535545023,0.7667193259610321,0.8572933122696156,0.47933992641587164,0
nist,clean,validation,quantile_flexible,4,1899,0.10446007648008315,0.31169338002444463,0.6492890995260664,0.7719852553975777,0.856766719325961,0.4880956526074573,0
nist,clean,validation,single_imputation_compact,1,1899,0.03973071557070655,0.058800711276100766,0.4518167456556082,0.6566614007372301,0.7435492364402317,0.14291166058113894,0
nist,clean,validation,single_imputation_compact,2,1899,0.05655171653723011,0.08348477305741489,0.40337019483938913,0.5887309110057926,0.6677198525539758,0.18193999555305723,0
nist,clean,validation,single_imputation_compact,3,1899,0.07043116480206896,0.10301015616128724,0.3591363875724065,0.5350184307530279,0.6171669299631385,0.2051387494500421,0
nist,clean,validation,single_imputation_compact,4,1899,0.08200478274678988,0.11921495903611176,0.33228014744602424,0.5139547130068457,0.6061084781463928,0.22543745741542012,0
nist,clean,validation,single_imputation_flexible,1,1899,0.04394867865804187,0.05845937211630641,0.34228541337546076,0.5092153765139548,0.5787256450763559,0.08974542966032205,0
nist,clean,validation,single_imputation_flexible,2,1899,0.06393290610784513,0.08303436241457766,0.3054239073196419,0.4570826750921538,0.5197472353870458,0.11140241297078109,0
nist,clean,validation,single_imputation_flexible,3,1899,0.08070666607411445,0.1026543153777175,0.27540810953133227,0.3970510795155345,0.45392311743022645,0.12022913375117286,0
nist,clean,validation,single_imputation_flexible,4,1899,0.09610772063376066,0.12012487305959399,0.2459189046866772,0.36124275934702477,0.4207477619799895,0.12649228230732348,0
nist,clean,warmup,geometric_persistence,1,289,0.0405669359292177,0.053252179367406643,0.4290657439446367,0.615916955017301,0.7197231833910035,0.20458336677515387,0
nist,clean,warmup,geometric_persistence,2,289,0.0646901413428566,0.09306370438289233,0.3875432525951557,0.5951557093425606,0.6885813148788927,0.33592048442935357,0
nist,clean,warmup,geometric_persistence,3,289,0.08210321625679091,0.12610061586780694,0.370242214532872,0.5778546712802768,0.6816608996539792,0.4174382064866926,0
nist,clean,warmup,geometric_persistence,4,289,0.09855359184842438,0.16155118223508247,0.3494809688581315,0.5536332179930796,0.6816608996539792,0.4479267688513861,0
nist,clean,warmup,multiple_imputation_compact,1,289,0.03491238787120101,0.052730772883174834,0.5121107266435986,0.7058823529411765,0.7647058823529411,0.14273054217829734,0
nist,clean,warmup,multiple_imputation_compact,2,289,0.05864784134720989,0.08700542849989053,0.4013840830449827,0.5570934256055363,0.6539792387543253,0.18102372549185952,0
nist,clean,warmup,multiple_imputation_compact,3,289,0.07044898885019979,0.10531851184655065,0.33217993079584773,0.5259515570934256,0.6262975778546713,0.20534925462169365,0
nist,clean,warmup,multiple_imputation_compact,4,289,0.09151536312182401,0.13125812496547815,0.3044982698961938,0.47750865051903113,0.5709342560553633,0.22510334494159961,0
nist,clean,warmup,multiple_imputation_flexible,1,289,0.037480425337013845,0.051806452553585146,0.3806228373702422,0.5467128027681661,0.6228373702422145,0.09088481903271385,0
nist,clean,warmup,multiple_imputation_flexible,2,289,0.06347504560623161,0.08448930664862886,0.2560553633217993,0.42214532871972316,0.49480968858131485,0.11320867763692426,0
nist,clean,warmup,multiple_imputation_flexible,3,289,0.08299801950699624,0.10648526300697037,0.23183391003460208,0.3494809688581315,0.4117647058823529,0.12232502570399384,0
nist,clean,warmup,multiple_imputation_flexible,4,289,0.10857285692231937,0.13425600011313274,0.23183391003460208,0.33217993079584773,0.4117647058823529,0.12875210816892013,0
nist,clean,warmup,persistence,1,289,0.0637455769608741,0.09786136097238608,0.4013840830449827,0.6747404844290658,0.7820069204152249,0.32413163584606336,0
nist,clean,warmup,persistence,2,289,0.0982238090612068,0.16177512378731887,0.41522491349480967,0.6470588235294118,0.7681660899653979,0.49568751637750635,0
nist,clean,warmup,persistence,3,289,0.12000718702885664,0.2090872135507542,0.3806228373702422,0.6366782006920415,0.754325259515571,0.5470418652738908,0
nist,clean,warmup,persistence,4,289,0.12978919253179008,0.23772489794283605,0.356401384083045,0.6124567474048442,0.7508650519031141,0.5610632709677887,0
nist,clean,warmup,quantile_compact,1,289,0.07721629338500793,0.23876633776437645,0.6747404844290658,0.8131487889273357,0.9134948096885813,0.3796881048673969,0
nist,clean,warmup,quantile_compact,2,289,0.08608008391189638,0.2520318850435233,0.6262975778546713,0.7923875432525952,0.8650519031141869,0.4403269057485718,0
nist,clean,warmup,quantile_compact,3,289,0.09006989767484613,0.24692090669303685,0.629757785467128,0.7923875432525952,0.8650519031141869,0.4693127941832881,0
nist,clean,warmup,quantile_compact,4,289,0.09487273302302165,0.26076256290560296,0.6228373702422145,0.7750865051903114,0.8581314878892734,0.4744644670387535,0
nist,clean,warmup,quantile_flexible,1,289,0.07183139172171923,0.2089061588316835,0.6262975778546713,0.7785467128027682,0.8788927335640139,0.36469283647963974,0
nist,clean,warmup,quantile_flexible,2,289,0.08371115058099016,0.23774786687840413,0.6089965397923875,0.7577854671280276,0.8373702422145328,0.4236729625279997,0
nist,clean,warmup,quantile_flexible,3,289,0.08903397741511886,0.23215903772117147,0.6020761245674741,0.7370242214532872,0.8269896193771626,0.4575370490518754,0
nist,clean,warmup,quantile_flexible,4,289,0.09783560693687078,0.26076256290560296,0.5916955017301038,0.7301038062283737,0.8408304498269896,0.46298780203315065,0
nist,clean,warmup,single_imputation_compact,1,289,0.03419403669663056,0.05137709217454247,0.5155709342560554,0.7024221453287197,0.7647058823529411,0.14032201940064254,0
nist,clean,warmup,single_imputation_compact,2,289,0.05831917507453114,0.08635441761657586,0.39792387543252594,0.5570934256055363,0.6539792387543253,0.17976069802745398,0
nist,clean,warmup,single_imputation_compact,3,289,0.07082743081757224,0.10563194912156232,0.33217993079584773,0.5224913494809689,0.615916955017301,0.20394569129420873,0
nist,clean,warmup,single_imputation_compact,4,289,0.09161727538947144,0.13129328596781983,0.30103806228373703,0.4809688581314879,0.5709342560553633,0.22406863822829692,0
nist,clean,warmup,single_imputation_flexible,1,289,0.03693492050593241,0.050615694590676025,0.3875432525951557,0.5467128027681661,0.6228373702422145,0.08791312530509543,0
nist,clean,warmup,single_imputation_flexible,2,289,0.06366059099354512,0.08414229317659117,0.2560553633217993,0.42214532871972316,0.4844290657439446,0.11079974689196159,0
nist,clean,warmup,single_imputation_flexible,3,289,0.08408465382767753,0.10736231084772761,0.22837370242214533,0.3460207612456747,0.40484429065743943,0.1199691080902285,0
nist,clean,warmup,single_imputation_flexible,4,289,0.10903867392136836,0.13432888071095267,0.22491349480968859,0.32525951557093424,0.4083044982698962,0.12648742819725453,0
nist,pv_only,development_evaluation,geometric_persistence,1,2138,0.05039390957020641,0.075444506431658,0.32039289055191766,0.617399438727783,0.764265668849392,0.2947105633225481,26
nist,pv_only,development_evaluation,geometric_persistence,2,2137,0.06940382153178005,0.11177846814966984,0.3233504913430042,0.6148806738418343,0.7636874122601778,0.42072271950996504,26
nist,pv_only,development_evaluation,geometric_persistence,3,2137,0.08455317579178384,0.143112634066634,0.3191389798783341,0.6261113710809546,0.7618156293869911,0.505873204125634,26
nist,pv_only,development_evaluation,geometric_persistence,4,2137,0.09612322270950464,0.17269368800758295,0.3116518483855873,0.6195601310248011,0.7646233036967712,0.5577338402071312,26
nist,pv_only,development_evaluation,multiple_imputation_compact,1,2138,0.038188973465006895,0.05743472738052521,0.4920486435921422,0.6898971000935453,0.7628624883068288,0.15791120704213366,26
nist,pv_only,development_evaluation,multiple_imputation_compact,2,2137,0.052377689150566654,0.07913399716462385,0.42817033224146,0.6345343940102948,0.7290594291062237,0.19587019547327933,26
nist,pv_only,development_evaluation,multiple_imputation_compact,3,2137,0.06058932117619428,0.09143892897794122,0.4057089377632195,0.6158165652784277,0.7080018717828732,0.21456926245846816,26
nist,pv_only,development_evaluation,multiple_imputation_compact,4,2137,0.06749745383681834,0.10194770726874454,0.38979878334113244,0.600842302292934,0.6920917173607861,0.23252981819411647,26
nist,pv_only,development_evaluation,multiple_imputation_flexible,1,2138,0.04184434989248286,0.05731005130228499,0.3685687558465856,0.5500467726847521,0.6258185219831618,0.10616183862051434,26
nist,pv_only,development_evaluation,multiple_imputation_flexible,2,2137,0.05960810600735058,0.08029423896232207,0.3196069255966308,0.4866635470285447,0.5591951333645298,0.12700083446470514,26
nist,pv_only,development_evaluation,multiple_imputation_flexible,3,2137,0.06966661946156107,0.09215175432703131,0.30135704258306034,0.46467009826860084,0.5348619560131025,0.13235281152327355,26
nist,pv_only,development_evaluation,multiple_imputation_flexible,4,2137,0.08021480678322052,0.10444144968171641,0.271408516612073,0.41038839494618623,0.48947122133832477,0.13493261262504228,26
nist,pv_only,development_evaluation,persistence,1,2138,0.0733289597645728,0.12176706629925835,0.30963517305893357,0.6384471468662302,0.813376987839102,0.39592310326713037,26
nist,pv_only,development_evaluation,persistence,2,2137,0.10648160590929003,0.18919863935606152,0.31024801123069723,0.642957416939635,0.810014038371549,0.5546516771944369,26
nist,pv_only,development_evaluation,persistence,3,2137,0.12722646651411573,0.2359757705128739,0.3182030884417408,0.6462330369677117,0.801123069723912,0.6317284772123798,26
nist,pv_only,development_evaluation,persistence,4,2137,0.13720937462668867,0.26267740432394293,0.3214787084698175,0.6518483855872719,0.8072063640617688,0.6744718085177184,26
nist,pv_only,development_evaluation,quantile_compact,1,2138,0.08929925536818581,0.28605751835605303,0.705799812909261,0.8531337698783911,0.9176800748362957,0.4332278414052657,26
nist,pv_only,development_evaluation,quantile_compact,2,2137,0.09228037616024422,0.28899729428761045,0.6785212915301825,0.8586803930744034,0.926064576509125,0.45912144605697236,26
nist,pv_only,development_evaluation,quantile_compact,3,2137,0.0957990960155011,0.2907034259760897,0.6948993916705662,0.8511932615816565,0.9251286850725315,0.4689387248087886,26
nist,pv_only,development_evaluation,quantile_compact,4,2137,0.10105815049132895,0.32058750210391185,0.7009826860084231,0.8554047730463267,0.9330837622835751,0.4708000549562465,26
nist,pv_only,development_evaluation,quantile_flexible,1,2138,0.0814352922962627,0.23537523436191204,0.6403180542563143,0.8002806361085126,0.8891487371375117,0.41995115475344574,26
nist,pv_only,development_evaluation,quantile_flexible,2,2137,0.08920776052476041,0.26706175372841867,0.6251754796443613,0.8048666354702855,0.9050070191857744,0.4500578281975434,26
nist,pv_only,development_evaluation,quantile_flexible,3,2137,0.09254322701429596,0.26458840242945025,0.6485727655591952,0.8104819840898456,0.9068788020589612,0.46030810613897166,26
nist,pv_only,development_evaluation,quantile_flexible,4,2137,0.1022873127446625,0.32058750210391185,0.6420215255030417,0.7978474496958353,0.9017313991576977,0.4603773692884161,26
nist,pv_only,development_evaluation,single_imputation_compact,1,2138,0.038311562334926455,0.05673371201101521,0.47333956969130025,0.6739943872778298,0.7492984097287184,0.14416111804428472,26
nist,pv_only,development_evaluation,single_imputation_compact,2,2137,0.052570838891093714,0.07839846591622773,0.42395882077678987,0.6223678053345811,0.7164248947122134,0.183986999715836,26
nist,pv_only,development_evaluation,single_imputation_compact,3,2137,0.060858481100718724,0.09090821090899046,0.400561534861956,0.6087973795039775,0.6995788488535329,0.2060191570892122,26
nist,pv_only,development_evaluation,single_imputation_compact,4,2137,0.06773511971339352,0.10140141162391235,0.3883949461862424,0.5942910622367805,0.6846045858680393,0.2265302852689498,26
nist,pv_only,development_evaluation,single_imputation_flexible,1,2138,0.04213375509209543,0.05647476709756794,0.3540692235734331,0.5280636108512629,0.6028999064546305,0.09049812902863232,26
nist,pv_only,development_evaluation,single_imputation_flexible,2,2137,0.060447704930520686,0.0796532362494711,0.3107159569489939,0.4674777725783809,0.5334581188582125,0.11264589787633117,26
nist,pv_only,development_evaluation,single_imputation_flexible,3,2137,0.07050399409265434,0.09162782103125001,0.2938699110903135,0.4473561066916238,0.5189518015910154,0.12111667762698083,26
nist,pv_only,development_evaluation,single_imputation_flexible,4,2137,0.08081005914766419,0.10393447634736229,0.26626111371080957,0.4033692091717361,0.47964436125409454,0.1267329024011631,26
nist,pv_only,validation,geometric_persistence,1,1899,0.05095223875302185,0.07550624649002889,0.36229594523433384,0.665086887835703,0.7967351237493417,0.32070260363765707,22
nist,pv_only,validation,geometric_persistence,2,1899,0.06814323555721712,0.10969700190011966,0.37598736176935227,0.6519220642443391,0.7904160084254871,0.44262445087428287,22
nist,pv_only,validation,geometric_persistence,3,1899,0.08229531046303742,0.13792682795019462,0.3896787783043707,0.6703528172722486,0.7862032648762507,0.5298320337217538,22
nist,pv_only,validation,geometric_persistence,4,1899,0.09349316735620668,0.16121544015751463,0.41021590310689837,0.6771985255397578,0.7783043707214323,0.5896689436280695,22
nist,pv_only,validation,multiple_imputation_compact,1,1899,0.04062814203669801,0.06148810742000635,0.4523433385992628,0.6640337019483938,0.7525013164823592,0.1586921429545474,22
nist,pv_only,validation,multiple_imputation_compact,2,1899,0.056497866557968096,0.08480915795858493,0.41179568193786203,0.6018957345971564,0.6814112690889942,0.19439025743006202,22
nist,pv_only,validation,multiple_imputation_compact,3,1899,0.0702295036149265,0.10383806302380026,0.3644023170089521,0.5466034755134281,0.6276987888362296,0.21369351999767772,22
nist,pv_only,validation,multiple_imputation_compact,4,1899,0.08200119790216731,0.11991027076446029,0.3359662980516061,0.5144813059505002,0.608214849921011,0.23060992612412684,22
nist,pv_only,validation,multiple_imputation_flexible,1,1899,0.044933046333017,0.06129660944411917,0.35545023696682465,0.5323854660347551,0.5992627698788836,0.10769197543984975,22
nist,pv_only,validation,multiple_imputation_flexible,2,1899,0.0633697345941677,0.08441296669687631,0.31648235913638756,0.4776197998946814,0.5423907319641916,0.12623522460439243,22
nist,pv_only,validation,multiple_imputation_flexible,3,1899,0.07962773340588306,0.10325089871284843,0.28067403896787785,0.4075829383886256,0.46919431279620855,0.13169151239790022,22
nist,pv_only,validation,multiple_imputation_flexible,4,1899,0.095524847674457,0.1204848518384367,0.2559241706161137,0.37177461822011587,0.43233280674038965,0.1344689949365457,22
nist,pv_only,validation,persistence,1,1899,0.07117700829827368,0.117139464941107,0.3675618746708794,0.6766719325961033,0.833070036861506,0.4082612891482882,22
nist,pv_only,validation,persistence,2,1899,0.10159366305113048,0.17841813162411418,0.3807266982622433,0.6893101632438126,0.822538177988415,0.5543118403038975,22
nist,pv_only,validation,persistence,3,1899,0.12236187360710091,0.22033737213456372,0.3802001053185887,0.7019483938915219,0.8141126908899421,0.6382554910412731,22
nist,pv_only,validation,persistence,4,1899,0.1340663229373306,0.24547319573182838,0.4081095313322802,0.6940494997367035,0.808320168509742,0.6901455589689102,22
nist,pv_only,validation,quantile_compact,1,1899,0.08404330696199695,0.25280240346256955,0.6898367561874671,0.8551869404949973,0.9125855713533438,0.4484867146106268,22
nist,pv_only,validation,quantile_compact,2,1899,0.08901795164678027,0.261327816315859,0.6735123749341759,0.8241179568193786,0.9031068983675619,0.48484871710336663,22
nist,pv_only,validation,quantile_compact,3,1899,0.09565052695063743,0.2724218197266325,0.6692996313849394,0.809373354397051,0.8867825171142707,0.49580112253505315,22
nist,pv_only,validation,quantile_compact,4,1899,0.10318860409183632,0.31169338002444463,0.6756187467087941,0.8014744602422328,0.8867825171142707,0.5017909451157665,22
nist,pv_only,validation,quantile_flexible,1,1899,0.0744795293157683,0.19711075194442818,0.6550816219062665,0.8209583991574513,0.8909952606635071,0.4342200444920757,22
nist,pv_only,validation,quantile_flexible,2,1899,0.0850205972911669,0.23447079143191774,0.627172195892575,0.7898894154818326,0.8778304370721433,0.47439804382550665,22
nist,pv_only,validation,quantile_flexible,3,1899,0.09300696196729594,0.2476411114256216,0.6329647182727751,0.770405476566614,0.8599262769878884,0.4813803789214803,22
nist,pv_only,validation,quantile_flexible,4,1899,0.10441661617264886,0.31169338002444463,0.6482359136387572,0.7735650342285414,0.8599262769878884,0.4890232433953042,22
nist,pv_only,validation,single_imputation_compact,1,1899,0.041055438681313394,0.06055083432691632,0.4418114797261717,0.6434965771458663,0.7335439705107951,0.1429738390838723,22
nist,pv_only,validation,single_imputation_compact,2,1899,0.05702762051124404,0.08399016668081498,0.4060031595576619,0.5860979462875198,0.6619273301737757,0.18220640859693826,22
nist,pv_only,validation,single_imputation_compact,3,1899,0.07073565689138157,0.10332802757824061,0.3591363875724065,0.536071616640337,0.6161137440758294,0.20530899370900121,22
nist,pv_only,validation,single_imputation_compact,4,1899,0.08258907216819185,0.11987788873764518,0.33228014744602424,0.5102685624012638,0.6029489204844655,0.22548658489181572,22
nist,pv_only,validation,single_imputation_flexible,1,1899,0.04567751342713142,0.06025908966524916,0.3407056345444971,0.5055292259083728,0.5729331226961558,0.08982468937135177,22
nist,pv_only,validation,single_imputation_flexible,2,1899,0.06467802143853287,0.08380306500798615,0.3048973143759874,0.4555028962611901,0.5223802001053186,0.11151393052415394,22
nist,pv_only,validation,single_imputation_flexible,3,1899,0.08112281541441091,0.10307812084357687,0.2775144813059505,0.3959978936282254,0.4528699315429173,0.12032582808655344,22
nist,pv_only,validation,single_imputation_flexible,4,1899,0.09661031875999128,0.12059790133974677,0.24749868351764087,0.3596629805160611,0.42232754081095314,0.12653787770145117,22
nist,pv_only,warmup,geometric_persistence,1,289,0.0659388332841169,0.08349962195276929,0.39100346020761245,0.5743944636678201,0.671280276816609,0.1996269511556704,4
nist,pv_only,warmup,geometric_persistence,2,289,0.0809916142533212,0.1167459970959039,0.370242214532872,0.5640138408304498,0.6505190311418685,0.33072583459296684,4
nist,pv_only,warmup,geometric_persistence,3,289,0.09264501407823769,0.14462360226931842,0.35986159169550175,0.5467128027681661,0.6643598615916955,0.4129406607662053,4
nist,pv_only,warmup,geometric_persistence,4,289,0.10557384736619407,0.17447981099790363,0.34256055363321797,0.5397923875432526,0.6678200692041523,0.4440789308323001,4
nist,pv_only,warmup,multiple_imputation_compact,1,289,0.036610852108041145,0.05699784413615419,0.5086505190311419,0.7093425605536332,0.7681660899653979,0.16023156034771005,4
nist,pv_only,warmup,multiple_imputation_compact,2,289,0.060076124658733715,0.08985594274080683,0.4013840830449827,0.5743944636678201,0.6678200692041523,0.19182328512241797,4
nist,pv_only,warmup,multiple_imputation_compact,3,289,0.0733466999804267,0.10873210753929698,0.3391003460207612,0.532871972318339,0.6262975778546713,0.21036404915068335,4
nist,pv_only,warmup,multiple_imputation_compact,4,289,0.09318021784366413,0.1330630815325622,0.31141868512110726,0.47750865051903113,0.5674740484429066,0.22716524047095438,4
nist,pv_only,warmup,multiple_imputation_flexible,1,289,0.03975916548662893,0.056778528300183255,0.3771626297577855,0.5640138408304498,0.6401384083044983,0.1100879001105396,4
nist,pv_only,warmup,multiple_imputation_flexible,2,289,0.06508061396411782,0.08797214665627225,0.2698961937716263,0.44982698961937717,0.5121107266435986,0.1262851384265312,4
nist,pv_only,warmup,multiple_imputation_flexible,3,289,0.08565171920689593,0.11002522049504883,0.2422145328719723,0.35986159169550175,0.41522491349480967,0.12882802738501165,4
nist,pv_only,warmup,multiple_imputation_flexible,4,289,0.10967677179485295,0.1361687566947796,0.23183391003460208,0.33217993079584773,0.4083044982698962,0.13231005351556582,4
nist,pv_only,warmup,persistence,1,289,0.08418999767207347,0.12218411917669131,0.3875432525951557,0.6401384083044983,0.7370242214532872,0.3117908193504045,4
nist,pv_only,warmup,persistence,2,289,0.10743135648879167,0.1761901158472907,0.4013840830449827,0.6193771626297578,0.740484429065744,0.47662360181365826,4
nist,pv_only,warmup,persistence,3,289,0.12287752830428769,0.2153765665417822,0.3771626297577855,0.6193771626297578,0.7370242214532872,0.5261598228395851,4
nist,pv_only,warmup,persistence,4,289,0.13025364386698637,0.23882994428132626,0.35294117647058826,0.6055363321799307,0.7439446366782007,0.5418495602200114,4
nist,pv_only,warmup,quantile_compact,1,289,0.08229179402874452,0.24224325555949922,0.6643598615916955,0.7820069204152249,0.8823529411764706,0.37527877907580237,4
nist,pv_only,warmup,quantile_compact,2,289,0.08824098967692343,0.2542666666638849,0.6193771626297578,0.7923875432525952,0.8650519031141869,0.4383267873286834,4
nist,pv_only,warmup,quantile_compact,3,289,0.09136160510632767,0.2502530706954076,0.6262975778546713,0.7923875432525952,0.8650519031141869,0.46892345320915113,4
nist,pv_only,warmup,quantile_compact,4,289,0.09524122288020215,0.26076256290560296,0.6262975778546713,0.7750865051903114,0.8650519031141869,0.4740213138928937,4
nist,pv_only,warmup,quantile_flexible,1,289,0.07778101796632897,0.21805921200602071,0.6193771626297578,0.7577854671280276,0.8581314878892734,0.36133339551626587,4
nist,pv_only,warmup,quantile_flexible,2,289,0.08712591908430456,0.24231657762629943,0.6055363321799307,0.754325259515571,0.8235294117647058,0.42142927506099614,4
nist,pv_only,warmup,quantile_flexible,3,289,0.09161077717537504,0.24037482553224482,0.5986159169550173,0.7301038062283737,0.8304498269896193,0.45732539597245814,4
nist,pv_only,warmup,quantile_flexible,4,289,0.09847293535001032,0.26076256290560296,0.5847750865051903,0.726643598615917,0.8408304498269896,0.46273714705127295,4
nist,pv_only,warmup,single_imputation_compact,1,289,0.03851833081808215,0.05641204742464361,0.5017301038062284,0.6678200692041523,0.726643598615917,0.14013377312889116,4
nist,pv_only,warmup,single_imputation_compact,2,289,0.06123496019107082,0.08939163557457867,0.3944636678200692,0.5570934256055363,0.6505190311418685,0.1794811693163991,4
nist,pv_only,warmup,single_imputation_compact,3,289,0.0739811212275777,0.10866527861442513,0.3356401384083045,0.5259515570934256,0.615916955017301,0.20355718676301562,4
nist,pv_only,warmup,single_imputation_compact,4,289,0.0933711375241292,0.13301929063717147,0.3044982698961938,0.4809688581314879,0.5674740484429066,0.2238486041937141,4
nist,pv_only,warmup,single_imputation_flexible,1,289,0.041745168360578164,0.05580514659538919,0.3737024221453287,0.5294117647058824,0.6055363321799307,0.08792854979783675,4
nist,pv_only,warmup,single_imputation_flexible,2,289,0.0668178816317471,0.08731267271102544,0.2560553633217993,0.42560553633217996,0.4844290657439446,0.11067763873959137,4
nist,pv_only,warmup,single_imputation_flexible,3,289,0.08710899834641853,0.11018545231070205,0.23529411764705882,0.35294117647058826,0.4013840830449827,0.11981357256319448,4
nist,pv_only,warmup,single_imputation_flexible,4,289,0.1106713685187808,0.1361543353652159,0.22491349480968859,0.32525951557093424,0.4013840830449827,0.12643663537765104,4
nist,irradiance_only,development_evaluation,geometric_persistence,1,2138,0.042051815606066016,0.06432995652550791,0.3376987839101964,0.6393826005612722,0.7885874649204865,0.29881978658439357,26
nist,irradiance_only,development_evaluation,geometric_persistence,2,2137,0.0633622088374159,0.10232287562266724,0.33270940570893776,0.6293869911090314,0.7786616752456715,0.4256340047500164,26
nist,irradiance_only,development_evaluation,geometric_persistence,3,2137,0.0807446178231855,0.135436231425133,0.3242863827795976,0.6364061768834816,0.7716424894712214,0.510818513532887,26
nist,irradiance_only,development_evaluation,geometric_persistence,4,2137,0.09491675319144782,0.16846401824459578,0.31118390266729057,0.6233036967711746,0.7693027608797379,0.5622492392625368,26
nist,irradiance_only,development_evaluation,multiple_imputation_compact,1,2138,0.03797922336770346,0.05666341946835832,0.4812909260991581,0.6800748362956034,0.7558465855940131,0.14762814827134288,26
nist,irradiance_only,development_evaluation,multiple_imputation_compact,2,2137,0.052628225450991356,0.07868912968964933,0.4234908750584932,0.6261113710809546,0.7197005147402902,0.18710648067250626,26
nist,irradiance_only,development_evaluation,multiple_imputation_compact,3,2137,0.06061527113653633,0.09098539405889723,0.3986897519887693,0.611137108095461,0.7009826860084231,0.20828822980155132,26
nist,irradiance_only,development_evaluation,multiple_imputation_compact,4,2137,0.06761352558671768,0.10154828728831214,0.3883949461862424,0.5961628451099672,0.6860084230229293,0.22840234487645922,26
nist,irradiance_only,development_evaluation,multiple_imputation_flexible,1,2138,0.04174409905288153,0.05653242140158781,0.35640785781103834,0.5327408793264733,0.6113189897100093,0.09480724475600615,26
nist,irradiance_only,development_evaluation,multiple_imputation_flexible,2,2137,0.060284422253634354,0.08013838303524756,0.31352363125877397,0.4754328497894244,0.542817033224146,0.11719022784829011,26
nist,irradiance_only,development_evaluation,multiple_imputation_flexible,3,2137,0.06967277149971224,0.0914172014907104,0.2962096396817969,0.4590547496490407,0.528310715956949,0.1253349136173159,26
nist,irradiance_only,development_evaluation,multiple_imputation_flexible,4,2137,0.08051764778829883,0.10428101171127081,0.2695367337388863,0.40617688348151615,0.48479176415535796,0.13022975932717146,26
nist,irradiance_only,development_evaluation,persistence,1,2138,0.06388207333124644,0.10955390544718338,0.3199251637043966,0.6585594013096352,0.8362956033676333,0.40058785483684606,26
nist,irradiance_only,development_evaluation,persistence,2,2137,0.1013121385549431,0.18166729992900432,0.31352363125877397,0.6555919513336453,0.8249883013570426,0.5606415584661038,26
nist,irradiance_only,development_evaluation,persistence,3,2137,0.12525855039114056,0.23225313610351897,0.32007487131492746,0.6518483855872719,0.8109499298081423,0.6379962134844883,26
nist,irradiance_only,development_evaluation,persistence,4,2137,0.13778958848015385,0.2627572740032788,0.3182030884417408,0.6518483855872719,0.8086102012166588,0.6807026678610489,26
nist,irradiance_only,development_evaluation,quantile_compact,1,2138,0.08899176496770275,0.28710836134965856,0.7011225444340505,0.8512628624883068,0.9153414405986904,0.4284927890595268,26
nist,irradiance_only,development_evaluation,quantile_compact,2,2137,0.09203858662078976,0.2888445752390769,0.6743097800655125,0.8558727187646233,0.9251286850725315,0.45687651661299195,26
nist,irradiance_only,development_evaluation,quantile_compact,3,2137,0.09544710726558737,0.28856049676291684,0.6963032288254563,0.8483855872718764,0.9218530650444549,0.4671102244761259,26
nist,irradiance_only,development_evaluation,quantile_compact,4,2137,0.10112531035520626,0.32058750210391185,0.6981750116986429,0.8521291530182499,0.9307440336920917,0.46989228157482793,26
nist,irradiance_only,development_evaluation,quantile_flexible,1,2138,0.08090371199036937,0.23450395874286947,0.637043966323667,0.7984097287184284,0.8886810102899907,0.41659494637043487,26
nist,irradiance_only,development_evaluation,quantile_flexible,2,2137,0.08889634846350544,0.2666712783053925,0.6228357510528779,0.8020589611605053,0.9036031820308844,0.44801812592698936,26
nist,irradiance_only,development_evaluation,quantile_flexible,3,2137,0.09230878796617303,0.26337821744613577,0.6457650912494151,0.8053345811885821,0.9045390734674777,0.4583967799039224,26
nist,irradiance_only,development_evaluation,quantile_flexible,4,2137,0.10232557894093545,0.32058750210391185,0.6401497426298549,0.7955077211043519,0.8984557791296209,0.459353670963185,26
nist,irradiance_only,development_evaluation,single_imputation_compact,1,2138,0.038090887476687034,0.05646328118137769,0.47567820392890553,0.6753975678203928,0.7492984097287184,0.14411431484939388,26
nist,irradiance_only,development_evaluation,single_imputation_compact,2,2137,0.05263332531347431,0.07838299219258749,0.4244267664950866,0.6237716424894713,0.7159569489939167,0.18397962962161898,26
nist,irradiance_only,development_evaluation,single_imputation_compact,3,2137,0.06090075485278387,0.09105978753348226,0.3963500233972859,0.609733270940571,0.6972391202620496,0.20599294354963368,26
nist,irradiance_only,development_evaluation,single_imputation_compact,4,2137,0.06802257550728594,0.10174604740323519,0.38745905474964903,0.5938231165184839,0.685072531586336,0.22653289775722615,26
nist,irradiance_only,development_evaluation,single_imputation_flexible,1,2138,0.04194692504152342,0.05623625867946305,0.35500467726847523,0.528999064546305,0.6033676333021516,0.0904870610804807,26
nist,irradiance_only,development_evaluation,single_imputation_flexible,2,2137,0.060631415675351234,0.07985272234843906,0.30978006551240056,0.46700982686008424,0.5325222274216191,0.11266046963528943,26
nist,irradiance_only,development_evaluation,single_imputation_flexible,3,2137,0.07021852640179647,0.09133826885016283,0.2943378568086102,0.44922788956481047,0.5189518015910154,0.12109153368434633,26
nist,irradiance_only,development_evaluation,single_imputation_flexible,4,2137,0.0812636560622142,0.10441368024029087,0.26813289658399625,0.40009358914365933,0.4782405240992045,0.12666757415658716,26
nist,irradiance_only,validation,geometric_persistence,1,1899,0.04074309299668496,0.06201092103593759,0.3807266982622433,0.6898367561874671,0.8214849921011058,0.32495139783965193,22
nist,irradiance_only,validation,geometric_persistence,2,1899,0.06139763698222638,0.09934222961804597,0.38809899947340704,0.6619273301737757,0.8030542390731964,0.4474809377409306,22
nist,irradiance_only,validation,geometric_persistence,3,1899,0.07827515228284358,0.13044302463396146,0.3907319641916798,0.6777251184834123,0.7962085308056872,0.5344668525609035,22
nist,irradiance_only,validation,geometric_persistence,4,1899,0.09168573396351073,0.1569951610194919,0.4075829383886256,0.6819378620326487,0.785676671932596,0.5936785954473192,22
nist,irradiance_only,validation,multiple_imputation_compact,1,1899,0.03951526842714811,0.05934769943936771,0.4549763033175355,0.6529752501316483,0.7477619799894681,0.1475545371249876,22
nist,irradiance_only,validation,multiple_imputation_compact,2,1899,0.056194105106522146,0.08358286675217871,0.4049499736703528,0.592943654555029,0.6729857819905213,0.1856157347458183,22
nist,irradiance_only,validation,multiple_imputation_compact,3,1899,0.07043040765362406,0.10344766457712022,0.3607161664033702,0.540810953133228,0.6203264876250658,0.20797308921055874,22
nist,irradiance_only,validation,multiple_imputation_compact,4,1899,0.08161404118195974,0.11922942635711538,0.3338599262769879,0.5155344918378094,0.607161664033702,0.22777101703240063,22
nist,irradiance_only,validation,multiple_imputation_flexible,1,1899,0.04379968162363533,0.059105425162049294,0.3438651922064244,0.5186940494997367,0.5866245392311743,0.09512634188401255,22
nist,irradiance_only,validation,multiple_imputation_flexible,2,1899,0.06323333941030047,0.08292325299719772,0.3149025803054239,0.4681411269088994,0.5334386519220643,0.11637562337069833,22
nist,irradiance_only,validation,multiple_imputation_flexible,3,1899,0.0799990361920615,0.10285517895795215,0.27804107424960506,0.40179041600842547,0.46076882569773564,0.12556384629679895,22
nist,irradiance_only,validation,multiple_imputation_flexible,4,1899,0.09523518622362587,0.1198763241237947,0.253291205897841,0.36861506055818855,0.42759347024749866,0.13088230218569658,22
nist,irradiance_only,validation,persistence,1,1899,0.06054701033449421,0.10290622100083266,0.3844128488678252,0.6987888362295945,0.8604528699315429,0.41432685433048927,22
nist,irradiance_only,validation,persistence,2,1899,0.09717472519429457,0.1717794267444761,0.3791469194312796,0.6972090573986308,0.8341232227488151,0.56273061259664,22
nist,irradiance_only,validation,persistence,3,1899,0.12203375457538237,0.21983244063476723,0.37546076882569773,0.7051079515534492,0.8193786203264877,0.6473878970367163,22
nist,irradiance_only,validation,persistence,4,1899,0.13612522057395957,0.24874974476031592,0.4038967877830437,0.6945760926803581,0.8104265402843602,0.6995008522200973,22
nist,irradiance_only,validation,quantile_compact,1,1899,0.08314929378267949,0.2513628068928386,0.693522906793049,0.8530805687203792,0.9125855713533438,0.4431730888852487,22
nist,irradiance_only,validation,quantile_compact,2,1899,0.08882576814862046,0.26152891471705153,0.6671932596103213,0.8172722485518694,0.8957345971563981,0.4811402428513775,22
nist,irradiance_only,validation,quantile_compact,3,1899,0.0951675635516264,0.2693354764302579,0.6682464454976303,0.8046340179041601,0.8841495523959979,0.4933911099359761,22
nist,irradiance_only,validation,quantile_compact,4,1899,0.1032467322020257,0.31169338002444463,0.6761453396524486,0.7972617166929963,0.8815165876777251,0.5007306380146307,22
nist,irradiance_only,validation,quantile_flexible,1,1899,0.07339818865899846,0.1936004441635228,0.6635071090047393,0.8193786203264877,0.8894154818325435,0.4301046199257519,22
nist,irradiance_only,validation,quantile_flexible,2,1899,0.08474384058631679,0.23395365830456058,0.6203264876250658,0.7851500789889415,0.8762506582411795,0.47150028103527525,22
nist,irradiance_only,validation,quantile_flexible,3,1899,0.09275356627045568,0.24579228801443073,0.6303317535545023,0.765666140073723,0.8541337546076883,0.47889893076349815,22
nist,irradiance_only,validation,quantile_flexible,4,1899,0.10441711071835255,0.31169338002444463,0.6513954713006845,0.7719852553975777,0.8578199052132701,0.4878304313498895,22
nist,irradiance_only,validation,single_imputation_compact,1,1899,0.04001392533540306,0.0592395263545016,0.45023696682464454,0.6498156924697209,0.7403896787783044,0.14287600733865646,22
nist,irradiance_only,validation,single_imputation_compact,2,1899,0.0565386260199499,0.08346772854858084,0.4028436018957346,0.5866245392311743,0.6666666666666666,0.18190542159599266,22
nist,irradiance_only,validation,single_imputation_compact,3,1899,0.07073924596933041,0.10327833504595543,0.3607161664033702,0.5355450236966824,0.616640337019484,0.20513757117407438,22
nist,irradiance_only,validation,single_imputation_compact,4,1899,0.08219705988789573,0.11931180437813096,0.33754607688256977,0.5139547130068457,0.6024223275408109,0.22539750221822946,22
nist,irradiance_only,validation,single_imputation_flexible,1,1899,0.044457336391034455,0.05904363746815818,0.33754607688256977,0.5050026329647183,0.573986308583465,0.08961820370688305,22
nist,irradiance_only,validation,single_imputation_flexible,2,1899,0.06402894865775835,0.08302960332282516,0.3091100579252238,0.45866245392311744,0.5218536071616641,0.11131315470959256,22
nist,irradiance_only,validation,single_imputation_flexible,3,1899,0.08109792846833956,0.10296968040549735,0.2785676671932596,0.39863085834649814,0.4528699315429173,0.1201494164590178,22
nist,irradiance_only,validation,single_imputation_flexible,4,1899,0.09619552892650522,0.12012337871491907,0.24960505529225907,0.36492890995260663,0.42548709847288047,0.12626350009507048,22
nist,irradiance_only,warmup,geometric_persistence,1,289,0.0405669359292177,0.053252179367406643,0.4290657439446367,0.615916955017301,0.7197231833910035,0.20458336677515387,4
nist,irradiance_only,warmup,geometric_persistence,2,289,0.0646901413428566,0.09306370438289233,0.3875432525951557,0.5951557093425606,0.6885813148788927,0.33592048442935357,4
nist,irradiance_only,warmup,geometric_persistence,3,289,0.08210321625679091,0.12610061586780694,0.370242214532872,0.5778546712802768,0.6816608996539792,0.4174382064866926,4
nist,irradiance_only,warmup,geometric_persistence,4,289,0.09855359184842438,0.16155118223508247,0.3494809688581315,0.5536332179930796,0.6816608996539792,0.4479267688513861,4
nist,irradiance_only,warmup,multiple_imputation_compact,1,289,0.03564085836822447,0.053796787686779035,0.5086505190311419,0.6851211072664359,0.7577854671280276,0.14380649851792848,4
nist,irradiance_only,warmup,multiple_imputation_compact,2,289,0.05914753792197627,0.08757453413442746,0.3944636678200692,0.5605536332179931,0.6505190311418685,0.18216758119299375,4
nist,irradiance_only,warmup,multiple_imputation_compact,3,289,0.07166901609978966,0.10635086123418101,0.33217993079584773,0.5259515570934256,0.615916955017301,0.20612893491418682,4
nist,irradiance_only,warmup,multiple_imputation_compact,4,289,0.092277106983297,0.13195537728085702,0.3044982698961938,0.47750865051903113,0.5709342560553633,0.2259181568510493,4
nist,irradiance_only,warmup,multiple_imputation_flexible,1,289,0.03787286245158798,0.05201547221803133,0.39100346020761245,0.5501730103806228,0.6262975778546713,0.09207802593324772,4
nist,irradiance_only,warmup,multiple_imputation_flexible,2,289,0.06409155992725116,0.0848753163350691,0.2664359861591695,0.4359861591695502,0.5017301038062284,0.11475362996752801,4
nist,irradiance_only,warmup,multiple_imputation_flexible,3,289,0.08453884899095065,0.10817911654605677,0.23183391003460208,0.35294117647058826,0.40484429065743943,0.12284790257423385,4
nist,irradiance_only,warmup,multiple_imputation_flexible,4,289,0.1095047562219092,0.13540731904989783,0.22837370242214533,0.33217993079584773,0.4117647058823529,0.13006912708848273,4
nist,irradiance_only,warmup,persistence,1,289,0.0637455769608741,0.09786136097238608,0.4013840830449827,0.6747404844290658,0.7820069204152249,0.32413163584606336,4
nist,irradiance_only,warmup,persistence,2,289,0.0982238090612068,0.16177512378731887,0.41522491349480967,0.6470588235294118,0.7681660899653979,0.49568751637750635,4
nist,irradiance_only,warmup,persistence,3,289,0.12000718702885664,0.2090872135507542,0.3806228373702422,0.6366782006920415,0.754325259515571,0.5470418652738908,4
nist,irradiance_only,warmup,persistence,4,289,0.12978919253179008,0.23772489794283605,0.356401384083045,0.6124567474048442,0.7508650519031141,0.5610632709677887,4
nist,irradiance_only,warmup,quantile_compact,1,289,0.07783859141650422,0.23876633776437645,0.6643598615916955,0.7958477508650519,0.9134948096885813,0.3797334313014967,4
nist,irradiance_only,warmup,quantile_compact,2,289,0.08704881588452508,0.2520838758602959,0.6262975778546713,0.7889273356401384,0.8650519031141869,0.4397103787655871,4
nist,irradiance_only,warmup,quantile_compact,3,289,0.09030596536972998,0.24695621233494108,0.629757785467128,0.7958477508650519,0.8650519031141869,0.46897428207834213,4
nist,irradiance_only,warmup,quantile_compact,4,289,0.09518701128632986,0.26076256290560296,0.6228373702422145,0.7785467128027682,0.8581314878892734,0.47402053594291044,4
nist,irradiance_only,warmup,quantile_flexible,1,289,0.07273110576347885,0.21036064172008537,0.6228373702422145,0.7647058823529411,0.8754325259515571,0.36471593866669977,4
nist,irradiance_only,warmup,quantile_flexible,2,289,0.08505308452399499,0.2392653768790121,0.6089965397923875,0.7577854671280276,0.8304498269896193,0.4230820702483278,4
nist,irradiance_only,warmup,quantile_flexible,3,289,0.0899423644257539,0.232536005254402,0.6020761245674741,0.7370242214532872,0.8269896193771626,0.45656877052103323,4
nist,irradiance_only,warmup,quantile_flexible,4,289,0.0982629221722931,0.26076256290560296,0.5916955017301038,0.7301038062283737,0.8408304498269896,0.46263269046717076,4
nist,irradiance_only,warmup,single_imputation_compact,1,289,0.035410621994921676,0.05308360966885007,0.5086505190311419,0.6851211072664359,0.754325259515571,0.14030794223475343,4
nist,irradiance_only,warmup,single_imputation_compact,2,289,0.05915552029424847,0.08743841350658484,0.39100346020761245,0.5570934256055363,0.6505190311418685,0.1798687167674943,4
nist,irradiance_only,warmup,single_imputation_compact,3,289,0.07208558400230487,0.10686839336214987,0.3356401384083045,0.5224913494809689,0.6124567474048442,0.20400184306089514,4
nist,irradiance_only,warmup,single_imputation_compact,4,289,0.09232729511676768,0.1321950937242949,0.29411764705882354,0.4844290657439446,0.5709342560553633,0.22399280817448386,4
nist,irradiance_only,warmup,single_imputation_flexible,1,289,0.037647722782107325,0.051278240915696556,0.39100346020761245,0.5501730103806228,0.6332179930795848,0.0879242767049885,4
nist,irradiance_only,warmup,single_imputation_flexible,2,289,0.06451016240216764,0.08500595452774531,0.25951557093425603,0.42560553633217996,0.48788927335640137,0.11090020260165179,4
nist,irradiance_only,warmup,single_imputation_flexible,3,289,0.08545552324625127,0.10872617280845204,0.22837370242214533,0.3494809688581315,0.4013840830449827,0.12005209812330225,4
nist,irradiance_only,warmup,single_imputation_flexible,4,289,0.11009158672200758,0.13548079028645388,0.22145328719723184,0.32525951557093424,0.40484429065743943,0.12658266322107067,4
nist,joint_immediate,development_evaluation,geometric_persistence,1,2138,0.05039390957020641,0.075444506431658,0.32039289055191766,0.617399438727783,0.764265668849392,0.2947105633225481,26
nist,joint_immediate,development_evaluation,geometric_persistence,2,2137,0.06940382153178005,0.11177846814966984,0.3233504913430042,0.6148806738418343,0.7636874122601778,0.42072271950996504,26
nist,joint_immediate,development_evaluation,geometric_persistence,3,2137,0.08455317579178384,0.143112634066634,0.3191389798783341,0.6261113710809546,0.7618156293869911,0.505873204125634,26
nist,joint_immediate,development_evaluation,geometric_persistence,4,2137,0.09612322270950464,0.17269368800758295,0.3116518483855873,0.6195601310248011,0.7646233036967712,0.5577338402071312,26
nist,joint_immediate,development_evaluation,multiple_imputation_compact,1,2138,0.04144086690006811,0.06304717491462788,0.4784845650140318,0.6819457436856876,0.7586529466791394,0.16634956209090934,26
nist,joint_immediate,development_evaluation,multiple_imputation_compact,2,2137,0.055317441706235884,0.08390899466882552,0.4192793635938231,0.6279831539541413,0.7215722976134769,0.20063304660004624,26
nist,joint_immediate,development_evaluation,multiple_imputation_compact,3,2137,0.06241591120183522,0.09427893127424378,0.40149742629854934,0.6106691623771643,0.7037903603182031,0.21704689416725279,26
nist,joint_immediate,development_evaluation,multiple_imputation_compact,4,2137,0.06840208720518778,0.10330041219742502,0.3883949461862424,0.599438465138044,0.6911558259241928,0.2342033659803438,26
nist,joint_immediate,development_evaluation,multiple_imputation_flexible,1,2138,0.045144482654987834,0.06298910483452376,0.362956033676333,0.5458372310570627,0.6225444340505145,0.11597970696284131,26
nist,joint_immediate,development_evaluation,multiple_imputation_flexible,2,2137,0.0625330129849765,0.08493606178913801,0.3158633598502574,0.4824520355638746,0.5531118390266729,0.13262191280460808,26
nist,joint_immediate,development_evaluation,multiple_imputation_flexible,3,2137,0.0713944580619682,0.09491861866310927,0.29948525970987366,0.46420215255030417,0.5390734674777726,0.13590068201463432,26
nist,joint_immediate,development_evaluation,multiple_imputation_flexible,4,2137,0.08106716826197624,0.10605007695222368,0.27234440804866633,0.413664014974263,0.49368273280299485,0.13789660038277424,26
nist,joint_immediate,development_evaluation,persistence,1,2138,0.0733289597645728,0.12176706629925835,0.30963517305893357,0.6384471468662302,0.813376987839102,0.39592310326713037,26
nist,joint_immediate,development_evaluation,persistence,2,2137,0.10648160590929003,0.18919863935606152,0.31024801123069723,0.642957416939635,0.810014038371549,0.5546516771944369,26
nist,joint_immediate,development_evaluation,persistence,3,2137,0.12722646651411573,0.2359757705128739,0.3182030884417408,0.6462330369677117,0.801123069723912,0.6317284772123798,26
nist,joint_immediate,development_evaluation,persistence,4,2137,0.13720937462668867,0.26267740432394293,0.3214787084698175,0.6518483855872719,0.8072063640617688,0.6744718085177184,26
nist,joint_immediate,development_evaluation,quantile_compact,1,2138,0.08971182367392747,0.28619743374453815,0.7029934518241348,0.8493919550982226,0.9176800748362957,0.4340116277622636,26
nist,joint_immediate,development_evaluation,quantile_compact,2,2137,0.09251050572855352,0.289313429096637,0.6757136172204025,0.85774450163781,0.9255966307908282,0.4593867700671959,26
nist,joint_immediate,development_evaluation,quantile_compact,3,2137,0.09592856706865802,0.29075045923738996,0.6934955545156761,0.8511932615816565,0.9246607393542349,0.4690388139835145,26
nist,joint_immediate,development_evaluation,quantile_compact,4,2137,0.101136179681057,0.32058750210391185,0.7005147402901264,0.85493682732803,0.9330837622835751,0.4707007176494363,26
nist,joint_immediate,development_evaluation,quantile_flexible,1,2138,0.08202359514131123,0.2362376475230448,0.6379794200187091,0.7979420018709074,0.8882132834424696,0.421378491929675,26
nist,joint_immediate,development_evaluation,quantile_flexible,2,2137,0.08953082000983355,0.2678221163942499,0.6233036967711746,0.8053345811885821,0.9045390734674777,0.45044230093695126,26
nist,joint_immediate,development_evaluation,quantile_flexible,3,2137,0.09268994659699431,0.2646779012468385,0.6504445484323819,0.8109499298081423,0.9064108563406644,0.46046069321946087,26
nist,joint_immediate,development_evaluation,quantile_flexible,4,2137,0.10236859242676043,0.32058750210391185,0.642957416939635,0.7978474496958353,0.9012634534394011,0.46060650719692814,26
nist,joint_immediate,development_evaluation,single_imputation_compact,1,2138,0.04340848778859637,0.062270445787478486,0.46492048643592143,0.657156220767072,0.7305893358278766,0.14435056005929994,26
nist,joint_immediate,development_evaluation,single_imputation_compact,2,2137,0.05666237448824565,0.0828209693697193,0.4160037435657464,0.6134768366869443,0.7033224145999064,0.18406599957146003,26
nist,joint_immediate,development_evaluation,single_imputation_compact,3,2137,0.06346087807909123,0.09376461353442929,0.3968179691155826,0.6013102480112307,0.6888160973327094,0.2060683981406602,26
nist,joint_immediate,development_evaluation,single_imputation_compact,4,2137,0.06909510203284956,0.10294544023530758,0.38558727187646236,0.5914833879270005,0.6803930744033692,0.22653298466803465,26
nist,joint_immediate,development_evaluation,single_imputation_flexible,1,2138,0.04736761985182723,0.061897437749736654,0.34471468662301213,0.5159027128157156,0.587464920486436,0.09058602430264741,26
nist,joint_immediate,development_evaluation,single_imputation_flexible,2,2137,0.06495176403815203,0.08436239851254389,0.30369677117454374,0.458586803930744,0.5236312587739822,0.11268149546371052,26
nist,joint_immediate,development_evaluation,single_imputation_flexible,3,2137,0.07312685237133411,0.0942764891753893,0.2929340196537202,0.44829199812821713,0.516612072999532,0.12115261428329559,26
nist,joint_immediate,development_evaluation,single_imputation_flexible,4,2137,0.0822924213121945,0.10546285790886928,0.26579316799251285,0.400561534861956,0.47730463266261114,0.12675875707520917,26
nist,joint_immediate,validation,geometric_persistence,1,1899,0.05095223875302185,0.07550624649002889,0.36229594523433384,0.665086887835703,0.7967351237493417,0.32070260363765707,22
nist,joint_immediate,validation,geometric_persistence,2,1899,0.06814323555721712,0.10969700190011966,0.37598736176935227,0.6519220642443391,0.7904160084254871,0.44262445087428287,22
nist,joint_immediate,validation,geometric_persistence,3,1899,0.08229531046303742,0.13792682795019462,0.3896787783043707,0.6703528172722486,0.7862032648762507,0.5298320337217538,22
nist,joint_immediate,validation,geometric_persistence,4,1899,0.09349316735620668,0.16121544015751463,0.41021590310689837,0.6771985255397578,0.7783043707214323,0.5896689436280695,22
nist,joint_immediate,validation,multiple_imputation_compact,1,1899,0.04342356112186304,0.06700619951101516,0.44918378093733546,0.660347551342812,0.7535545023696683,0.17309302570727375,22
nist,joint_immediate,validation,multiple_imputation_compact,2,1899,0.05857194751656669,0.08897278638328206,0.4086361242759347,0.59768299104792,0.6835176408636124,0.20462140955245123,22
nist,joint_immediate,validation,multiple_imputation_compact,3,1899,0.07141928152156642,0.10696679948876935,0.3607161664033702,0.5418641390205371,0.6276987888362296,0.22093631584057902,22
nist,joint_immediate,validation,multiple_imputation_compact,4,1899,0.08230332271607914,0.12167005473346873,0.330173775671406,0.517114270668773,0.6145339652448657,0.23627979480463032,22
nist,joint_immediate,validation,multiple_imputation_flexible,1,1899,0.04745020290288586,0.06681103043743444,0.35334386519220645,0.5323854660347551,0.6018957345971564,0.12276449414346609,22
nist,joint_immediate,validation,multiple_imputation_flexible,2,1899,0.06529743802021098,0.08855554722143684,0.3196419167983149,0.4765666140073723,0.5492364402317009,0.13770093039677261,22
nist,joint_immediate,validation,multiple_imputation_flexible,3,1899,0.08053572587342488,0.10609981577621488,0.2833070036861506,0.4107424960505529,0.47498683517640866,0.14087426825538155,22
nist,joint_immediate,validation,multiple_imputation_flexible,4,1899,0.0955471974154793,0.12244167505713852,0.2538177988414955,0.37177461822011587,0.43549236440231703,0.1417673928517398,22
nist,joint_immediate,validation,persistence,1,1899,0.07117700829827368,0.117139464941107,0.3675618746708794,0.6766719325961033,0.833070036861506,0.4082612891482882,22
nist,joint_immediate,validation,persistence,2,1899,0.10159366305113048,0.17841813162411418,0.3807266982622433,0.6893101632438126,0.822538177988415,0.5543118403038975,22
nist,joint_immediate,validation,persistence,3,1899,0.12236187360710091,0.22033737213456372,0.3802001053185887,0.7019483938915219,0.8141126908899421,0.6382554910412731,22
nist,joint_immediate,validation,persistence,4,1899,0.1340663229373306,0.24547319573182838,0.4081095313322802,0.6940494997367035,0.808320168509742,0.6901455589689102,22
nist,joint_immediate,validation,quantile_compact,1,1899,0.08452050927940118,0.25294358837252495,0.6872037914691943,0.855713533438652,0.9120589784096893,0.4500037737593386,22
nist,joint_immediate,validation,quantile_compact,2,1899,0.08968777206018416,0.2636276389342021,0.6724591890468667,0.8204318062137967,0.9004739336492891,0.48466901170309123,22
nist,joint_immediate,validation,quantile_compact,3,1899,0.09577905481304179,0.2724523968036126,0.6714060031595577,0.8104265402843602,0.8862559241706162,0.4959417319729267,22
nist,joint_immediate,validation,quantile_compact,4,1899,0.10325659944338213,0.31169338002444463,0.6761453396524486,0.8009478672985783,0.8862559241706162,0.5019704358789446,22
nist,joint_immediate,validation,quantile_flexible,1,1899,0.0753149462672019,0.19883812760842065,0.6550816219062665,0.8199052132701422,0.889942074776198,0.43602115172587147,22
nist,joint_immediate,validation,quantile_flexible,2,1899,0.08585483912824277,0.2376392306614633,0.6261190100052659,0.789362822538178,0.8783570300157978,0.47450931220958364,22
nist,joint_immediate,validation,quantile_flexible,3,1899,0.09315739559551071,0.24764813313885348,0.631911532385466,0.770405476566614,0.8593996840442338,0.4816802017012311,22
nist,joint_immediate,validation,quantile_flexible,4,1899,0.10436955915277164,0.31169338002444463,0.6492890995260664,0.775144813059505,0.861506055818852,0.4893993393470319,22
nist,joint_immediate,validation,single_imputation_compact,1,1899,0.04695792573573096,0.06692242170051803,0.4312796208530806,0.6234860452869931,0.7119536598209584,0.1432948813052645,22
nist,joint_immediate,validation,single_imputation_compact,2,1899,0.061273546426336235,0.08871282837343773,0.3954713006845708,0.573986308583465,0.65086887835703,0.1824058348902216,22
nist,joint_immediate,validation,single_imputation_compact,3,1899,0.07351010459301091,0.10642080684292486,0.35545023696682465,0.5281727224855187,0.6061084781463928,0.20557211619699856,22
nist,joint_immediate,validation,single_imputation_compact,4,1899,0.08381123734125934,0.12138198229885389,0.3285939968404423,0.506582411795682,0.59768299104792,0.22562125818683196,22
nist,joint_immediate,validation,single_imputation_flexible,1,1899,0.051835049047253855,0.06667770564885908,0.3333333333333333,0.4886782517114271,0.5529225908372828,0.08998707740425015,22
nist,joint_immediate,validation,single_imputation_flexible,2,1899,0.06927506253366715,0.08861497813751167,0.29910479199578727,0.44549763033175355,0.5092153765139548,0.11164098854193358,22
nist,joint_immediate,validation,single_imputation_flexible,3,1899,0.08395821544180442,0.10605615839208482,0.2738283307003686,0.3907319641916798,0.44549763033175355,0.12049718123303504,22
nist,joint_immediate,validation,single_imputation_flexible,4,1899,0.09816701955055088,0.12229063738863445,0.24486571879936808,0.3549236440231701,0.4144286466561348,0.12655476714476885,22
nist,joint_immediate,warmup,geometric_persistence,1,289,0.0659388332841169,0.08349962195276929,0.39100346020761245,0.5743944636678201,0.671280276816609,0.1996269511556704,4
nist,joint_immediate,warmup,geometric_persistence,2,289,0.0809916142533212,0.1167459970959039,0.370242214532872,0.5640138408304498,0.6505190311418685,0.33072583459296684,4
nist,joint_immediate,warmup,geometric_persistence,3,289,0.09264501407823769,0.14462360226931842,0.35986159169550175,0.5467128027681661,0.6643598615916955,0.4129406607662053,4
nist,joint_immediate,warmup,geometric_persistence,4,289,0.10557384736619407,0.17447981099790363,0.34256055363321797,0.5397923875432526,0.6678200692041523,0.4440789308323001,4
nist,joint_immediate,warmup,multiple_imputation_compact,1,289,0.04441035095410549,0.06972322808725384,0.5017301038062284,0.6851211072664359,0.754325259515571,0.1719013931353636,4
nist,joint_immediate,warmup,multiple_imputation_compact,2,289,0.0657163362092407,0.09801303048986897,0.40484429065743943,0.5674740484429066,0.6539792387543253,0.19969447632156095,4
nist,joint_immediate,warmup,multiple_imputation_compact,3,289,0.07795768941694463,0.11508740441732768,0.3356401384083045,0.5294117647058824,0.6193771626297578,0.2154346159964829,4
nist,joint_immediate,warmup,multiple_imputation_compact,4,289,0.0959879147918395,0.1369328033503567,0.3044982698961938,0.47750865051903113,0.5674740484429066,0.23029388237334775,4
nist,joint_immediate,warmup,multiple_imputation_flexible,1,289,0.04763385129485666,0.06929780400321356,0.3771626297577855,0.5432525951557093,0.6262975778546713,0.12189793782247114,4
nist,joint_immediate,warmup,multiple_imputation_flexible,2,289,0.07094262838610531,0.09673612576685399,0.2664359861591695,0.4429065743944637,0.5051903114186851,0.13543259968595714,4
nist,joint_immediate,warmup,multiple_imputation_flexible,3,289,0.09035824843208498,0.1172768717601309,0.22491349480968859,0.356401384083045,0.40484429065743943,0.13537090879562705,4
nist,joint_immediate,warmup,multiple_imputation_flexible,4,289,0.11255341697906265,0.14052111501046288,0.22145328719723184,0.33217993079584773,0.4083044982698962,0.1369346293524961,4
nist,joint_immediate,warmup,persistence,1,289,0.08418999767207347,0.12218411917669131,0.3875432525951557,0.6401384083044983,0.7370242214532872,0.3117908193504045,4
nist,joint_immediate,warmup,persistence,2,289,0.10743135648879167,0.1761901158472907,0.4013840830449827,0.6193771626297578,0.740484429065744,0.47662360181365826,4
nist,joint_immediate,warmup,persistence,3,289,0.12287752830428769,0.2153765665417822,0.3771626297577855,0.6193771626297578,0.7370242214532872,0.5261598228395851,4
nist,joint_immediate,warmup,persistence,4,289,0.13025364386698637,0.23882994428132626,0.35294117647058826,0.6055363321799307,0.7439446366782007,0.5418495602200114,4
nist,joint_immediate,warmup,quantile_compact,1,289,0.08385944336667092,0.24220893774644664,0.6608996539792388,0.7820069204152249,0.8823529411764706,0.37375151491706116,4
nist,joint_immediate,warmup,quantile_compact,2,289,0.08890882101608232,0.2542666666638849,0.6193771626297578,0.7889273356401384,0.8685121107266436,0.438268531505083,4
nist,joint_immediate,warmup,quantile_compact,3,289,0.09142435606946334,0.2502530706954076,0.6262975778546713,0.7923875432525952,0.8685121107266436,0.46895904724292087,4
nist,joint_immediate,warmup,quantile_compact,4,289,0.09539633941997727,0.26076256290560296,0.629757785467128,0.7750865051903114,0.8650519031141869,0.4738828633592641,4
nist,joint_immediate,warmup,quantile_flexible,1,289,0.08021449986436778,0.21809823563125313,0.6193771626297578,0.7577854671280276,0.8581314878892734,0.35746517518261844,4
nist,joint_immediate,warmup,quantile_flexible,2,289,0.08811928353461836,0.24270928231507047,0.6020761245674741,0.754325259515571,0.8235294117647058,0.4211754256809315,4
nist,joint_immediate,warmup,quantile_flexible,3,289,0.09228792382489644,0.2403766660327407,0.5986159169550173,0.7301038062283737,0.8339100346020761,0.457098734867456,4
nist,joint_immediate,warmup,quantile_flexible,4,289,0.09866249596474326,0.26076256290560296,0.5813148788927336,0.7301038062283737,0.8408304498269896,0.46280906208588274,4
nist,joint_immediate,warmup,single_imputation_compact,1,289,0.05042215193302154,0.06862143820462605,0.49480968858131485,0.6678200692041523,0.726643598615917,0.13972757432311467,4
nist,joint_immediate,warmup,single_imputation_compact,2,289,0.06811857210615249,0.09624366756485493,0.3944636678200692,0.5570934256055363,0.6505190311418685,0.1792114975948043,4
nist,joint_immediate,warmup,single_imputation_compact,3,289,0.0783714146636135,0.11321689116567284,0.33217993079584773,0.5224913494809689,0.615916955017301,0.20342111599488505,4
nist,joint_immediate,warmup,single_imputation_compact,4,289,0.09579169846276146,0.135510166961343,0.30103806228373703,0.4809688581314879,0.5674740484429066,0.22379880166552554,4
nist,joint_immediate,warmup,single_imputation_flexible,1,289,0.05267443918542176,0.06685421332406057,0.370242214532872,0.5224913494809689,0.5986159169550173,0.08764755732458406,4
nist,joint_immediate,warmup,single_imputation_flexible,2,289,0.07459404283057891,0.09510143836443126,0.2560553633217993,0.42214532871972316,0.4844290657439446,0.11066324127144037,4
nist,joint_immediate,warmup,single_imputation_flexible,3,289,0.09233496071351062,0.1157803744075502,0.22491349480968859,0.3391003460207612,0.39792387543252594,0.11968015264447716,4
nist,joint_immediate,warmup,single_imputation_flexible,4,289,0.11351233490254126,0.1391807947130483,0.21453287197231835,0.31833910034602075,0.3944636678200692,0.12639651025611906,4
nist,joint_gradual,development_evaluation,geometric_persistence,1,2138,0.05039390957020641,0.075444506431658,0.32039289055191766,0.617399438727783,0.764265668849392,0.2947105633225481,26
nist,joint_gradual,development_evaluation,geometric_persistence,2,2137,0.06940382153178005,0.11177846814966984,0.3233504913430042,0.6148806738418343,0.7636874122601778,0.42072271950996504,26
nist,joint_gradual,development_evaluation,geometric_persistence,3,2137,0.08455317579178384,0.143112634066634,0.3191389798783341,0.6261113710809546,0.7618156293869911,0.505873204125634,26
nist,joint_gradual,development_evaluation,geometric_persistence,4,2137,0.09612322270950464,0.17269368800758295,0.3116518483855873,0.6195601310248011,0.7646233036967712,0.5577338402071312,26
nist,joint_gradual,development_evaluation,multiple_imputation_compact,1,2138,0.04144596720787193,0.06311205151118382,0.480355472404116,0.6814780168381666,0.7581852198316184,0.16645327887616448,26
nist,joint_gradual,development_evaluation,multiple_imputation_compact,2,2137,0.055339064186852256,0.08399219968661743,0.41881141787552645,0.6298549368273281,0.7206364061768835,0.2009032369838385,26
nist,joint_gradual,development_evaluation,multiple_imputation_compact,3,2137,0.06246313376018876,0.09434596218418848,0.40149742629854934,0.6106691623771643,0.7047262517547964,0.2172328563156195,26
nist,joint_gradual,development_evaluation,multiple_imputation_compact,4,2137,0.06858886602205214,0.10352292798181109,0.3888628919045391,0.599438465138044,0.6897519887693028,0.2342001891577899,26
nist,joint_gradual,development_evaluation,multiple_imputation_flexible,1,2138,0.04515135423527012,0.06306677514778208,0.36342376052385406,0.5467726847521047,0.6230121608980356,0.1160214642625011,26
nist,joint_gradual,development_evaluation,multiple_imputation_flexible,2,2137,0.06258756226049376,0.08504902851583734,0.3144595226953673,0.48104819840898455,0.5517080018717829,0.13284791637004967,26
nist,joint_gradual,development_evaluation,multiple_imputation_flexible,3,2137,0.07147188125990299,0.09504916193757756,0.30088909686476367,0.46186242395882077,0.5390734674777726,0.13626519300695392,26
nist,joint_gradual,development_evaluation,multiple_imputation_flexible,4,2137,0.08127715785124992,0.10629784711232902,0.27234440804866633,0.41272812353766963,0.4946186242395882,0.1379630765307264,26
nist,joint_gradual,development_evaluation,persistence,1,2138,0.0733289597645728,0.12176706629925835,0.30963517305893357,0.6384471468662302,0.813376987839102,0.39592310326713037,26
nist,joint_gradual,development_evaluation,persistence,2,2137,0.10648160590929003,0.18919863935606152,0.31024801123069723,0.642957416939635,0.810014038371549,0.5546516771944369,26
nist,joint_gradual,development_evaluation,persistence,3,2137,0.12722646651411573,0.2359757705128739,0.3182030884417408,0.6462330369677117,0.801123069723912,0.6317284772123798,26
nist,joint_gradual,development_evaluation,persistence,4,2137,0.13720937462668867,0.26267740432394293,0.3214787084698175,0.6518483855872719,0.8072063640617688,0.6744718085177184,26
nist,joint_gradual,development_evaluation,quantile_compact,1,2138,0.08976551539120757,0.2863443770876162,0.7043966323666978,0.8484565014031805,0.9176800748362957,0.43407632425527193,26
nist,joint_gradual,development_evaluation,quantile_compact,2,2137,0.09258418098669736,0.2894988921575243,0.6757136172204025,0.8568086102012167,0.9241927936359382,0.45929095859796193,26
nist,joint_gradual,development_evaluation,quantile_compact,3,2137,0.09601210326324275,0.2911962895775338,0.6925596630790828,0.8497894244267665,0.9241927936359382,0.46887235321128556,26
nist,joint_gradual,development_evaluation,quantile_compact,4,2137,0.10116702963463232,0.32058750210391185,0.6995788488535329,0.8535329901731399,0.9330837622835751,0.4705116394053742,26
nist,joint_gradual,development_evaluation,quantile_flexible,1,2138,0.08208326728857532,0.2364776484747424,0.6389148737137512,0.7988774555659495,0.8886810102899907,0.42149239004561145,26
nist,joint_gradual,development_evaluation,quantile_flexible,2,2137,0.08963456291596529,0.2681669401400982,0.6237716424894713,0.8053345811885821,0.9040711277491811,0.45044560305485315,26
nist,joint_gradual,development_evaluation,quantile_flexible,3,2137,0.09278134292929162,0.2649530069359004,0.6509124941506785,0.8104819840898456,0.9054749649040711,0.46033237527667575,26
nist,joint_gradual,development_evaluation,quantile_flexible,4,2137,0.10239600734053982,0.32058750210391185,0.6434253626579317,0.7964436125409452,0.9003275620028077,0.46041964500836424,26
nist,joint_gradual,development_evaluation,single_imputation_compact,1,2138,0.043431784317913544,0.06230650157037541,0.4653882132834425,0.656688493919551,0.7301216089803555,0.14435459327413686,26
nist,joint_gradual,development_evaluation,single_imputation_compact,2,2137,0.05670666399754907,0.08289520835656274,0.41506785212915304,0.6130088909686476,0.7023865231633131,0.18405342964048996,26
nist,joint_gradual,development_evaluation,single_imputation_compact,3,2137,0.06344027373952747,0.0937355424051449,0.39588207767898925,0.6013102480112307,0.6883481516144128,0.2060181768257293,26
nist,joint_gradual,development_evaluation,single_imputation_compact,4,2137,0.0691122118718816,0.10300937227932269,0.38465138043986896,0.5905474964904072,0.6803930744033692,0.2265126520048051,26
nist,joint_gradual,development_evaluation,single_imputation_flexible,1,2138,0.04738726099172781,0.06193013923786794,0.34424695977549113,0.5163704396632367,0.587464920486436,0.09058692756565843,26
nist,joint_gradual,development_evaluation,single_imputation_flexible,2,2137,0.06505570090420966,0.08449941989139655,0.3027608797379504,0.4562470753392606,0.5217594759007955,0.11268078424104515,26
nist,joint_gradual,development_evaluation,single_imputation_flexible,3,2137,0.07313067588294074,0.09428032929215627,0.29340196537201685,0.44782405240992046,0.5147402901263454,0.12114819994442423,26
nist,joint_gradual,development_evaluation,single_imputation_flexible,4,2137,0.08237262139000535,0.10556441702526174,0.2648572765559195,0.40009358914365933,0.47683668694431447,0.12672406751395132,26
nist,joint_gradual,validation,geometric_persistence,1,1899,0.05095223875302185,0.07550624649002889,0.36229594523433384,0.665086887835703,0.7967351237493417,0.32070260363765707,22
nist,joint_gradual,validation,geometric_persistence,2,1899,0.06814323555721712,0.10969700190011966,0.37598736176935227,0.6519220642443391,0.7904160084254871,0.44262445087428287,22
nist,joint_gradual,validation,geometric_persistence,3,1899,0.08229531046303742,0.13792682795019462,0.3896787783043707,0.6703528172722486,0.7862032648762507,0.5298320337217538,22
nist,joint_gradual,validation,geometric_persistence,4,1899,0.09349316735620668,0.16121544015751463,0.41021590310689837,0.6771985255397578,0.7783043707214323,0.5896689436280695,22
nist,joint_gradual,validation,multiple_imputation_compact,1,1899,0.04346797097270793,0.06704999687784886,0.4518167456556082,0.6619273301737757,0.7509215376513955,0.17291311707063392,22
nist,joint_gradual,validation,multiple_imputation_compact,2,1899,0.058602171147015714,0.0890495337732012,0.40652975250131645,0.5997893628225381,0.684044233807267,0.2047303012828961,22
nist,joint_gradual,validation,multiple_imputation_compact,3,1899,0.07135143037914839,0.10688281452484436,0.3596629805160611,0.5429173249078463,0.6266456029489205,0.22103869919044655,22
nist,joint_gradual,validation,multiple_imputation_compact,4,1899,0.08230162952357575,0.12171149255242975,0.3312269615587151,0.5192206424433913,0.6150605581885202,0.23635202123200458,22
nist,joint_gradual,validation,multiple_imputation_flexible,1,1899,0.047517095419582024,0.0668830149331919,0.35334386519220645,0.5297525013164823,0.6008425487098473,0.12260859907240343,22
nist,joint_gradual,validation,multiple_imputation_flexible,2,1899,0.06525901383809166,0.08858039012240311,0.3180621379673512,0.4786729857819905,0.5513428120063191,0.137989951407098,22
nist,joint_gradual,validation,multiple_imputation_flexible,3,1899,0.08052572463447201,0.10611719622223907,0.2822538177988415,0.41179568193786203,0.4776197998946814,0.14127695814847904,22
nist,joint_gradual,validation,multiple_imputation_flexible,4,1899,0.0955330303948225,0.12251592995606507,0.25013164823591366,0.37598736176935227,0.43759873617693523,0.14198237769487734,22
nist,joint_gradual,validation,persistence,1,1899,0.07117700829827368,0.117139464941107,0.3675618746708794,0.6766719325961033,0.833070036861506,0.4082612891482882,22
nist,joint_gradual,validation,persistence,2,1899,0.10159366305113048,0.17841813162411418,0.3807266982622433,0.6893101632438126,0.822538177988415,0.5543118403038975,22
nist,joint_gradual,validation,persistence,3,1899,0.12236187360710091,0.22033737213456372,0.3802001053185887,0.7019483938915219,0.8141126908899421,0.6382554910412731,22
nist,joint_gradual,validation,persistence,4,1899,0.1340663229373306,0.24547319573182838,0.4081095313322802,0.6940494997367035,0.808320168509742,0.6901455589689102,22
nist,joint_gradual,validation,quantile_compact,1,1899,0.08456994187521154,0.25296208326648684,0.6866771985255398,0.8546603475513428,0.9115323854660348,0.4499871889542587,22
nist,joint_gradual,validation,quantile_compact,2,1899,0.08975592152850172,0.2637228803129721,0.6714060031595577,0.817798841495524,0.8983675618746709,0.4844972570105069,22
nist,joint_gradual,validation,quantile_compact,3,1899,0.09585211067417754,0.2725493217090775,0.6714060031595577,0.8098999473407056,0.8841495523959979,0.49576728711685303,22
nist,joint_gradual,validation,quantile_compact,4,1899,0.10330722677987055,0.31169338002444463,0.6771985255397578,0.8004212743549236,0.8862559241706162,0.5018558026121991,22
nist,joint_gradual,validation,quantile_flexible,1,1899,0.07534537221504833,0.19884283650795884,0.655608214849921,0.8193786203264877,0.8894154818325435,0.4361280935002908,22
nist,joint_gradual,validation,quantile_flexible,2,1899,0.08594527356454287,0.23778097146780658,0.6250658241179569,0.7872564507635598,0.8778304370721433,0.47440090071554514,22
nist,joint_gradual,validation,quantile_flexible,3,1899,0.0932210991634764,0.24776180751740762,0.631911532385466,0.7693522906793049,0.8599262769878884,0.48151727947430556,22
nist,joint_gradual,validation,quantile_flexible,4,1899,0.10440937687467576,0.31169338002444463,0.6503422854133755,0.7746182201158505,0.8609794628751974,0.48929860131594777,22
nist,joint_gradual,validation,single_imputation_compact,1,1899,0.046967143934144424,0.06693394408703096,0.4312796208530806,0.6234860452869931,0.7119536598209584,0.14329681981153874,22
nist,joint_gradual,validation,single_imputation_compact,2,1899,0.06128587075461787,0.08872483941560202,0.3949447077409163,0.5745129015271195,0.65086887835703,0.18240791674399698,22
nist,joint_gradual,validation,single_imputation_compact,3,1899,0.07354456709558271,0.1064392975138561,0.3559768299104792,0.5292259083728278,0.6055818852027383,0.2055765581978939,22
nist,joint_gradual,validation,single_imputation_compact,4,1899,0.08387107753886892,0.12144630924697866,0.3280674038967878,0.5071090047393365,0.59768299104792,0.22561685440062382,22
nist,joint_gradual,validation,single_imputation_flexible,1,1899,0.05192146292423036,0.06679669770043455,0.33175355450236965,0.4881516587677725,0.5523959978936283,0.089990838354562,22
nist,joint_gradual,validation,single_imputation_flexible,2,1899,0.06926422765201573,0.08859922657193867,0.2996313849394418,0.4460242232754081,0.5102685624012638,0.11164004141223258,22
nist,joint_gradual,validation,single_imputation_flexible,3,1899,0.08404492779272996,0.10613664761091393,0.27488151658767773,0.3902053712480253,0.4444444444444444,0.12049832267587395,22
nist,joint_gradual,validation,single_imputation_flexible,4,1899,0.09824578002287476,0.12239740438251158,0.24381253291205898,0.3543970510795155,0.41390205371248023,0.12655880786698678,22
nist,joint_gradual,warmup,geometric_persistence,1,289,0.0659388332841169,0.08349962195276929,0.39100346020761245,0.5743944636678201,0.671280276816609,0.1996269511556704,4
nist,joint_gradual,warmup,geometric_persistence,2,289,0.0809916142533212,0.1167459970959039,0.370242214532872,0.5640138408304498,0.6505190311418685,0.33072583459296684,4
nist,joint_gradual,warmup,geometric_persistence,3,289,0.09264501407823769,0.14462360226931842,0.35986159169550175,0.5467128027681661,0.6643598615916955,0.4129406607662053,4
nist,joint_gradual,warmup,geometric_persistence,4,289,0.10557384736619407,0.17447981099790363,0.34256055363321797,0.5397923875432526,0.6678200692041523,0.4440789308323001,4
nist,joint_gradual,warmup,multiple_imputation_compact,1,289,0.044519635149592354,0.06986531211351693,0.4982698961937716,0.6816608996539792,0.754325259515571,0.17197527967838297,4
nist,joint_gradual,warmup,multiple_imputation_compact,2,289,0.06598384105020129,0.09834284174559767,0.40484429065743943,0.5674740484429066,0.6505190311418685,0.19971557889484023,4
nist,joint_gradual,warmup,multiple_imputation_compact,3,289,0.07787813242183206,0.11506860807907605,0.3391003460207612,0.5294117647058824,0.6193771626297578,0.21574886684824746,4
nist,joint_gradual,warmup,multiple_imputation_compact,4,289,0.09571157816750028,0.1366721356009548,0.3079584775086505,0.47750865051903113,0.5674740484429066,0.23067547957461276,4
nist,joint_gradual,warmup,multiple_imputation_flexible,1,289,0.04765246294594828,0.06942549050924751,0.3771626297577855,0.5397923875432526,0.6262975778546713,0.12182900431515124,4
nist,joint_gradual,warmup,multiple_imputation_flexible,2,289,0.07117517791060132,0.097053377795097,0.2629757785467128,0.4429065743944637,0.5051903114186851,0.13556779708197841,4
nist,joint_gradual,warmup,multiple_imputation_flexible,3,289,0.08993459293812946,0.11715264917647883,0.22491349480968859,0.35986159169550175,0.40484429065743943,0.1366616762887721,4
nist,joint_gradual,warmup,multiple_imputation_flexible,4,289,0.11226450013752394,0.14041111298130798,0.22145328719723184,0.33217993079584773,0.41522491349480967,0.13784038128722,4
nist,joint_gradual,warmup,persistence,1,289,0.08418999767207347,0.12218411917669131,0.3875432525951557,0.6401384083044983,0.7370242214532872,0.3117908193504045,4
nist,joint_gradual,warmup,persistence,2,289,0.10743135648879167,0.1761901158472907,0.4013840830449827,0.6193771626297578,0.740484429065744,0.47662360181365826,4
nist,joint_gradual,warmup,persistence,3,289,0.12287752830428769,0.2153765665417822,0.3771626297577855,0.6193771626297578,0.7370242214532872,0.5261598228395851,4
nist,joint_gradual,warmup,persistence,4,289,0.13025364386698637,0.23882994428132626,0.35294117647058826,0.6055363321799307,0.7439446366782007,0.5418495602200114,4
nist,joint_gradual,warmup,quantile_compact,1,289,0.08386010953056505,0.24220893774644664,0.6608996539792388,0.7820069204152249,0.8823529411764706,0.3737438428862774,4
nist,joint_gradual,warmup,quantile_compact,2,289,0.08890400591438799,0.2542666666638849,0.6193771626297578,0.7889273356401384,0.8685121107266436,0.4381366458277974,4
nist,joint_gradual,warmup,quantile_compact,3,289,0.09140585140591627,0.2502530706954076,0.6262975778546713,0.7923875432525952,0.8685121107266436,0.46873715323855986,4
nist,joint_gradual,warmup,quantile_compact,4,289,0.0953795055479759,0.26076256290560296,0.629757785467128,0.7750865051903114,0.8650519031141869,0.4735873971363334,4
nist,joint_gradual,warmup,quantile_flexible,1,289,0.08021541186159943,0.21809791962448064,0.6193771626297578,0.7577854671280276,0.8581314878892734,0.3575327112042654,4
nist,joint_gradual,warmup,quantile_flexible,2,289,0.08812154269770713,0.24270928231507047,0.6020761245674741,0.754325259515571,0.8235294117647058,0.42121005989740545,4
nist,joint_gradual,warmup,quantile_flexible,3,289,0.09226818403600136,0.2403766660327407,0.5986159169550173,0.7301038062283737,0.8339100346020761,0.45675964912647443,4
nist,joint_gradual,warmup,quantile_flexible,4,289,0.09865517085418707,0.26076256290560296,0.5813148788927336,0.7301038062283737,0.8408304498269896,0.46251000220598726,4
nist,joint_gradual,warmup,single_imputation_compact,1,289,0.05042170741300497,0.06861970951567271,0.49480968858131485,0.6678200692041523,0.726643598615917,0.13972584563416132,4
nist,joint_gradual,warmup,single_imputation_compact,2,289,0.06811652868887096,0.09623572094209343,0.3944636678200692,0.5570934256055363,0.6505190311418685,0.17920355097204277,4
nist,joint_gradual,warmup,single_imputation_compact,3,289,0.0783817218819476,0.11322857064786705,0.33217993079584773,0.5224913494809689,0.615916955017301,0.20343279547707926,4
nist,joint_gradual,warmup,single_imputation_compact,4,289,0.09579911269688457,0.13551470757466452,0.30103806228373703,0.4809688581314879,0.5674740484429066,0.22379085434079338,4
nist,joint_gradual,warmup,single_imputation_flexible,1,289,0.05266997289272631,0.06683776780535101,0.370242214532872,0.5224913494809689,0.5986159169550173,0.08762903416188583,4
nist,joint_gradual,warmup,single_imputation_flexible,2,289,0.07460906562287038,0.09515506323138649,0.25259515570934254,0.42214532871972316,0.4844290657439446,0.11071693498748339,4
nist,joint_gradual,warmup,single_imputation_flexible,3,289,0.09231048403704928,0.11577087105084069,0.22491349480968859,0.3356401384083045,0.39792387543252594,0.1196998802667153,4
nist,joint_gradual,warmup,single_imputation_flexible,4,289,0.11358294488457034,0.1392514046950774,0.21453287197231835,0.31833910034602075,0.3944636678200692,0.12639651025611906,4
nist,joint_none,development_evaluation,geometric_persistence,1,2138,0.05039390957020641,0.075444506431658,0.32039289055191766,0.617399438727783,0.764265668849392,0.2947105633225481,26
nist,joint_none,development_evaluation,geometric_persistence,2,2137,0.06940382153178005,0.11177846814966984,0.3233504913430042,0.6148806738418343,0.7636874122601778,0.42072271950996504,26
nist,joint_none,development_evaluation,geometric_persistence,3,2137,0.08455317579178384,0.143112634066634,0.3191389798783341,0.6261113710809546,0.7618156293869911,0.505873204125634,26
nist,joint_none,development_evaluation,geometric_persistence,4,2137,0.09612322270950464,0.17269368800758295,0.3116518483855873,0.6195601310248011,0.7646233036967712,0.5577338402071312,26
nist,joint_none,development_evaluation,multiple_imputation_compact,1,2138,0.041526754491903226,0.06332585026140658,0.47333956969130025,0.6824134705332086,0.7581852198316184,0.16726880047486894,26
nist,joint_none,development_evaluation,multiple_imputation_compact,2,2137,0.05548662305413657,0.08444414475141337,0.41459990641085637,0.6289190453907346,0.7187646233036967,0.20226503501932952,26
nist,joint_none,development_evaluation,multiple_imputation_compact,3,2137,0.0628428144790358,0.09493386461078587,0.4052409920449228,0.6092653252222742,0.7005147402901264,0.21869558986440307,26
nist,joint_none,development_evaluation,multiple_imputation_compact,4,2137,0.06907254179262291,0.10425320091122371,0.3926064576509125,0.602246139447824,0.6916237716424894,0.23595095768764365,26
nist,joint_none,development_evaluation,multiple_imputation_flexible,1,2138,0.045052426085871206,0.06317876762407473,0.3676333021515435,0.5551917680074836,0.6290926099158092,0.11809376451421458,26
nist,joint_none,development_evaluation,multiple_imputation_flexible,2,2137,0.062244243293995985,0.08522251807233415,0.31773514272344405,0.49134300421151145,0.5620028076743098,0.13626018696646636,26
nist,joint_none,development_evaluation,multiple_imputation_flexible,3,2137,0.07151569976540013,0.09573382105555973,0.3051006083294338,0.470285446888161,0.5470285446888161,0.14038598400908067,26
nist,joint_none,development_evaluation,multiple_imputation_flexible,4,2137,0.08149432810213786,0.10740860773385115,0.271408516612073,0.41647168928404305,0.5007019185774451,0.1427497142348681,26
nist,joint_none,development_evaluation,persistence,1,2138,0.0733289597645728,0.12176706629925835,0.30963517305893357,0.6384471468662302,0.813376987839102,0.39592310326713037,26
nist,joint_none,development_evaluation,persistence,2,2137,0.10648160590929003,0.18919863935606152,0.31024801123069723,0.642957416939635,0.810014038371549,0.5546516771944369,26
nist,joint_none,development_evaluation,persistence,3,2137,0.12722646651411573,0.2359757705128739,0.3182030884417408,0.6462330369677117,0.801123069723912,0.6317284772123798,26
nist,joint_none,development_evaluation,persistence,4,2137,0.13720937462668867,0.26267740432394293,0.3214787084698175,0.6518483855872719,0.8072063640617688,0.6744718085177184,26
nist,joint_none,development_evaluation,quantile_compact,1,2138,0.09010210244663278,0.28681288909251046,0.6931711880261927,0.8344246959775491,0.9111318989710009,0.43344846400301645,26
nist,joint_none,development_evaluation,quantile_compact,2,2137,0.09340049435303473,0.2905435329780958,0.6654188114178755,0.8408984557791296,0.9115582592419279,0.4581374401334926,26
nist,joint_none,development_evaluation,quantile_compact,3,2137,0.096951528764653,0.2923119575301845,0.6757136172204025,0.8291998128217127,0.9134300421151147,0.4677031161428748,26
nist,joint_none,development_evaluation,quantile_compact,4,2137,0.10192849461824369,0.32058750210391185,0.6817969115582593,0.8334113242863828,0.9190453907346747,0.4690317820618817,26
nist,joint_none,development_evaluation,quantile_flexible,1,2138,0.0828801830624739,0.23916931445372333,0.6286248830682881,0.7876520112254444,0.882132834424696,0.42132974872561035,26
nist,joint_none,development_evaluation,quantile_flexible,2,2137,0.0907211377713255,0.27018549975870754,0.611137108095461,0.7931679925128685,0.8919045390734675,0.44910354211935155,26
nist,joint_none,development_evaluation,quantile_flexible,3,2137,0.09401689577526343,0.266942099825446,0.6335985025737014,0.7927000467945718,0.8900327562002808,0.4587568827227233,26
nist,joint_none,development_evaluation,quantile_flexible,4,2137,0.1036445859900302,0.32058750210391185,0.6242395882077679,0.7791296209639682,0.8858212447356106,0.4587070695478578,26
nist,joint_none,development_evaluation,single_imputation_compact,1,2138,0.043513465596039184,0.06253556541350504,0.4560336763330215,0.6538821328344246,0.7301216089803555,0.1444121917601494,26
nist,joint_none,development_evaluation,single_imputation_compact,2,2137,0.05670301185101736,0.0828833147445596,0.41272812353766963,0.6130088909686476,0.7014506317267197,0.1839434980406955,26
nist,joint_none,development_evaluation,single_imputation_compact,3,2137,0.06363601099833653,0.09394414317551252,0.3986897519887693,0.598034627983154,0.6832007487131493,0.20589707827091633,26
nist,joint_none,development_evaluation,single_imputation_compact,4,2137,0.06947083375670517,0.10329521173178188,0.3865231633130557,0.5886757136172204,0.6817969115582593,0.22646621796627525,26
nist,joint_none,development_evaluation,single_imputation_flexible,1,2138,0.047417175108977305,0.062006333279856725,0.34050514499532275,0.5159027128157156,0.5860617399438728,0.09057649886967381,26
nist,joint_none,development_evaluation,single_imputation_flexible,2,2137,0.06503395821175119,0.0843811077160481,0.30603649976602715,0.457182966775854,0.5222274216190922,0.1126207458277551,26
nist,joint_none,development_evaluation,single_imputation_flexible,3,2137,0.07342048146670337,0.09449763531952136,0.2952737482452036,0.44548432381843706,0.5133364529714554,0.12106131285533094,26
nist,joint_none,development_evaluation,single_imputation_flexible,4,2137,0.08300222338667348,0.10617917129617155,0.26298549368273283,0.3986897519887693,0.4740290126345344,0.1266401344288408,26
nist,joint_none,validation,geometric_persistence,1,1899,0.05095223875302185,0.07550624649002889,0.36229594523433384,0.665086887835703,0.7967351237493417,0.32070260363765707,22
nist,joint_none,validation,geometric_persistence,2,1899,0.06814323555721712,0.10969700190011966,0.37598736176935227,0.6519220642443391,0.7904160084254871,0.44262445087428287,22
nist,joint_none,validation,geometric_persistence,3,1899,0.08229531046303742,0.13792682795019462,0.3896787783043707,0.6703528172722486,0.7862032648762507,0.5298320337217538,22
nist,joint_none,validation,geometric_persistence,4,1899,0.09349316735620668,0.16121544015751463,0.41021590310689837,0.6771985255397578,0.7783043707214323,0.5896689436280695,22
nist,joint_none,validation,multiple_imputation_compact,1,1899,0.04326255216273128,0.06691349498615892,0.4565560821484992,0.665086887835703,0.756187467087941,0.17446831350637343,22
nist,joint_none,validation,multiple_imputation_compact,2,1899,0.058234393513552564,0.08884472842871885,0.41232227488151657,0.6050552922590837,0.6908899420747762,0.20670090759918144,22
nist,joint_none,validation,multiple_imputation_compact,3,1899,0.07113216460210983,0.10699403283299702,0.36545550289626116,0.5439705107951553,0.6340179041600843,0.22358632034950193,22
nist,joint_none,validation,multiple_imputation_compact,4,1899,0.08197317189899547,0.12192545408071026,0.3338599262769879,0.5223802001053186,0.617693522906793,0.23939371795428116,22
nist,joint_none,validation,multiple_imputation_flexible,1,1899,0.0471301332879621,0.0669105580865269,0.35755660874144285,0.540810953133228,0.6108478146392838,0.12545412136018363,22
nist,joint_none,validation,multiple_imputation_flexible,2,1899,0.06500199361808413,0.08907919573537702,0.32174828857293314,0.4823591363875724,0.5587151132174829,0.14201423411554995,22
nist,joint_none,validation,multiple_imputation_flexible,3,1899,0.07964338748981403,0.10640678262992691,0.2822538177988415,0.41969457609268035,0.48446550816219064,0.1472255592554705,22
nist,joint_none,validation,multiple_imputation_flexible,4,1899,0.09415405870761272,0.12254692391324913,0.25013164823591366,0.3817798841495524,0.4460242232754081,0.14874676285550292,22
nist,joint_none,validation,persistence,1,1899,0.07117700829827368,0.117139464941107,0.3675618746708794,0.6766719325961033,0.833070036861506,0.4082612891482882,22
nist,joint_none,validation,persistence,2,1899,0.10159366305113048,0.17841813162411418,0.3807266982622433,0.6893101632438126,0.822538177988415,0.5543118403038975,22
nist,joint_none,validation,persistence,3,1899,0.12236187360710091,0.22033737213456372,0.3802001053185887,0.7019483938915219,0.8141126908899421,0.6382554910412731,22
nist,joint_none,validation,persistence,4,1899,0.1340663229373306,0.24547319573182838,0.4081095313322802,0.6940494997367035,0.808320168509742,0.6901455589689102,22
nist,joint_none,validation,quantile_compact,1,1899,0.08506168491369552,0.253309868975385,0.6793048973143759,0.8483412322274881,0.9067930489731437,0.44947087276904996,22
nist,joint_none,validation,quantile_compact,2,1899,0.09078216731381802,0.26526985672193726,0.6719325961032122,0.8114797261716693,0.8894154818325435,0.4829453656818627,22
nist,joint_none,validation,quantile_compact,3,1899,0.09691525256517214,0.2753537073265421,0.665086887835703,0.8020010531858873,0.8799368088467614,0.4945557752892386,22
nist,joint_none,validation,quantile_compact,4,1899,0.1039260042673489,0.31169338002444463,0.6740389678778305,0.7925223802001053,0.8815165876777251,0.5005268485938363,22
nist,joint_none,validation,quantile_flexible,1,1899,0.07622154713856845,0.20113751781027564,0.6456029489204844,0.8077935755660874,0.8862559241706162,0.4359292259470423,22
nist,joint_none,validation,quantile_flexible,2,1899,0.0873307622265547,0.24086280797510987,0.627172195892575,0.7809373354397051,0.8699315429173249,0.47272323443924885,22
nist,joint_none,validation,quantile_flexible,3,1899,0.09449721317395085,0.25067092080533965,0.6282253817798842,0.7614533965244866,0.8525539757767245,0.4800738269909471,22
nist,joint_none,validation,quantile_flexible,4,1899,0.10525586818804787,0.31169338002444463,0.6387572406529752,0.7630331753554502,0.8504476040021064,0.4878560928463109,22
nist,joint_none,validation,single_imputation_compact,1,1899,0.046909209937978855,0.06685273970147412,0.43601895734597157,0.6250658241179569,0.7135334386519221,0.14342644975973454,22
nist,joint_none,validation,single_imputation_compact,2,1899,0.06103846877459428,0.0884022971815482,0.3933649289099526,0.5787256450763559,0.6540284360189573,0.1824470090528858,22
nist,joint_none,validation,single_imputation_compact,3,1899,0.07365044633857064,0.10658795367612332,0.3559768299104792,0.5255397577672459,0.6055818852027383,0.20563096655453794,22
nist,joint_none,validation,single_imputation_compact,4,1899,0.08434758894516482,0.12200085548041766,0.32701421800947866,0.5044760400210637,0.5918904686677199,0.22577928031941613,22
nist,joint_none,validation,single_imputation_flexible,1,1899,0.051811671678801886,0.06675453236759916,0.32964718272775145,0.4907846234860453,0.555028962611901,0.08998737087062991,22
nist,joint_none,validation,single_imputation_flexible,2,1899,0.06939630104806431,0.0888264901610721,0.29594523433385994,0.4465508162190627,0.5060558188520273,0.11167134251914691,22
nist,joint_none,validation,single_imputation_flexible,3,1899,0.08408188946294734,0.10617812816412868,0.2738283307003686,0.38915218536071616,0.4439178515007899,0.12047635199214725,22
nist,joint_none,validation,single_imputation_flexible,4,1899,0.09844324701177476,0.12264675647070394,0.2411795681937862,0.3559768299104792,0.40916271721958924,0.12655393273524648,22
nist,joint_none,warmup,geometric_persistence,1,289,0.0659388332841169,0.08349962195276929,0.39100346020761245,0.5743944636678201,0.671280276816609,0.1996269511556704,4
nist,joint_none,warmup,geometric_persistence,2,289,0.0809916142533212,0.1167459970959039,0.370242214532872,0.5640138408304498,0.6505190311418685,0.33072583459296684,4
nist,joint_none,warmup,geometric_persistence,3,289,0.09264501407823769,0.14462360226931842,0.35986159169550175,0.5467128027681661,0.6643598615916955,0.4129406607662053,4
nist,joint_none,warmup,geometric_persistence,4,289,0.10557384736619407,0.17447981099790363,0.34256055363321797,0.5397923875432526,0.6678200692041523,0.4440789308323001,4
nist,joint_none,warmup,multiple_imputation_compact,1,289,0.044547886738827924,0.06991175290640264,0.5017301038062284,0.6920415224913494,0.754325259515571,0.1728352679430048,4
nist,joint_none,warmup,multiple_imputation_compact,2,289,0.06655491977612933,0.09923740228520177,0.4083044982698962,0.5778546712802768,0.6643598615916955,0.20117596878373245,4
nist,joint_none,warmup,multiple_imputation_compact,3,289,0.07905966381625722,0.11686534360222857,0.3391003460207612,0.5397923875432526,0.629757785467128,0.21818325494420976,4
nist,joint_none,warmup,multiple_imputation_compact,4,289,0.09572272008284978,0.13730424620031773,0.3079584775086505,0.4809688581314879,0.5640138408304498,0.23310731515678443,4
nist,joint_none,warmup,multiple_imputation_flexible,1,289,0.04816128907442238,0.07029027698897006,0.3771626297577855,0.5467128027681661,0.6401384083044983,0.12366392780857544,4
nist,joint_none,warmup,multiple_imputation_flexible,2,289,0.07079829591416102,0.09757617361323839,0.2698961937716263,0.4532871972318339,0.5121107266435986,0.14019582795291807,4
nist,joint_none,warmup,multiple_imputation_flexible,3,289,0.08841547177526957,0.11699652521503824,0.22837370242214533,0.356401384083045,0.43252595155709345,0.14291072291537354,4
nist,joint_none,warmup,multiple_imputation_flexible,4,289,0.11118484093858529,0.1409129564275153,0.22145328719723184,0.3494809688581315,0.4186851211072664,0.14559074370636496,4
nist,joint_none,warmup,persistence,1,289,0.08418999767207347,0.12218411917669131,0.3875432525951557,0.6401384083044983,0.7370242214532872,0.3117908193504045,4
nist,joint_none,warmup,persistence,2,289,0.10743135648879167,0.1761901158472907,0.4013840830449827,0.6193771626297578,0.740484429065744,0.47662360181365826,4
nist,joint_none,warmup,persistence,3,289,0.12287752830428769,0.2153765665417822,0.3771626297577855,0.6193771626297578,0.7370242214532872,0.5261598228395851,4
nist,joint_none,warmup,persistence,4,289,0.13025364386698637,0.23882994428132626,0.35294117647058826,0.6055363321799307,0.7439446366782007,0.5418495602200114,4
nist,joint_none,warmup,quantile_compact,1,289,0.08526892012028772,0.24343281829554822,0.6539792387543253,0.7785467128027682,0.8685121107266436,0.3723456887328971,4
nist,joint_none,warmup,quantile_compact,2,289,0.09172745440824044,0.254528668165464,0.6089965397923875,0.7854671280276817,0.8442906574394463,0.43487170418951493,4
nist,joint_none,warmup,quantile_compact,3,289,0.09421701131180849,0.251660588274198,0.6228373702422145,0.7750865051903114,0.8581314878892734,0.4655371901030339,4
nist,joint_none,warmup,quantile_compact,4,289,0.09814579463757393,0.26076256290560296,0.6366782006920415,0.7681660899653979,0.8512110726643599,0.46995177996732623,4
nist,joint_none,warmup,quantile_flexible,1,289,0.0823886660120669,0.2236688217079756,0.6228373702422145,0.754325259515571,0.8477508650519031,0.3562059517661213,4
nist,joint_none,warmup,quantile_flexible,2,289,0.09130688028289556,0.24544367006428394,0.6055363321799307,0.7439446366782007,0.8062283737024222,0.4178589439399323,4
nist,joint_none,warmup,quantile_flexible,3,289,0.0956813843986016,0.24437567039158478,0.5986159169550173,0.7231833910034602,0.8200692041522492,0.45301008091703515,4
nist,joint_none,warmup,quantile_flexible,4,289,0.10122171318035139,0.26076256290560296,0.5778546712802768,0.726643598615917,0.8304498269896193,0.45912201357412036,4
nist,joint_none,warmup,single_imputation_compact,1,289,0.050356562243374745,0.06850183260477313,0.4913494809688581,0.6747404844290658,0.7231833910034602,0.1396990283593055,4
nist,joint_none,warmup,single_imputation_compact,2,289,0.06868326273956472,0.09668862891405258,0.4013840830449827,0.5570934256055363,0.657439446366782,0.1788645095546097,4
nist,joint_none,warmup,single_imputation_compact,3,289,0.07954618708154901,0.11453923100869957,0.33217993079584773,0.5155709342560554,0.6193771626297578,0.20280086938398148,4
nist,joint_none,warmup,single_imputation_compact,4,289,0.09599143419291292,0.13566897820295826,0.3044982698961938,0.4809688581314879,0.5674740484429066,0.2232405414668613,4
nist,joint_none,warmup,single_imputation_flexible,1,289,0.053208190593386454,0.06759981245318904,0.3633217993079585,0.5086505190311419,0.5882352941176471,0.08749046672617596,4
nist,joint_none,warmup,single_imputation_flexible,2,289,0.07476316817873167,0.09534806398335972,0.25259515570934254,0.42214532871972316,0.48788927335640137,0.11072061312969451,4
nist,joint_none,warmup,single_imputation_flexible,3,289,0.09192214420707076,0.11544723168106794,0.22145328719723184,0.3391003460207612,0.4117647058823529,0.11957222257829311,4
nist,joint_none,warmup,single_imputation_flexible,4,289,0.11422180929979667,0.1397487347816455,0.2179930795847751,0.32525951557093424,0.3944636678200692,0.12643208866752997,4
nist,irradiance_first,development_evaluation,geometric_persistence,1,2138,0.0535921029632788,0.07985255018510126,0.3147801683816651,0.6094480823199252,0.7563143124415341,0.29313754655934376,26
nist,irradiance_first,development_evaluation,geometric_persistence,2,2137,0.07101696293189604,0.11488786299624669,0.3196069255966308,0.6092653252222742,0.7599438465138044,0.4191713601714245,26
nist,irradiance_first,development_evaluation,geometric_persistence,3,2137,0.08494439864687434,0.144724042784488,0.3172671970051474,0.6247075339260646,0.7622835751052878,0.5048315790878452,26
nist,irradiance_first,development_evaluation,geometric_persistence,4,2137,0.09601239933468964,0.17320927843948372,0.31211979410388396,0.6218998596162845,0.7655591951333646,0.5572345986063528,26
nist,irradiance_first,development_evaluation,multiple_imputation_compact,1,2138,0.041486625480651226,0.06351677613810258,0.4845650140318054,0.6852198316183349,0.7609915809167446,0.16964577370754916,26
nist,irradiance_first,development_evaluation,multiple_imputation_compact,2,2137,0.055465611608948695,0.08438756338643458,0.4197473093121198,0.6289190453907346,0.7239120262049602,0.20356510146215603,26
nist,irradiance_first,development_evaluation,multiple_imputation_compact,3,2137,0.06229034736357739,0.09446813733104384,0.40009358914365933,0.6130088909686476,0.7065980346279832,0.2188988536904067,26
nist,irradiance_first,development_evaluation,multiple_imputation_compact,4,2137,0.06833985317698468,0.10364340654134746,0.3865231633130557,0.599438465138044,0.6920917173607861,0.23546105690173064,26
nist,irradiance_first,development_evaluation,multiple_imputation_flexible,1,2138,0.045170504234900155,0.06350673065706199,0.36576239476145933,0.5514499532273153,0.6262862488306828,0.11989432558211396,26
nist,irradiance_first,development_evaluation,multiple_imputation_flexible,2,2137,0.06270960605548516,0.08566692667095831,0.31492746841366404,0.48525970987365463,0.5582592419279364,0.1360021047672879,26
nist,irradiance_first,development_evaluation,multiple_imputation_flexible,3,2137,0.0713247662370877,0.09530300082544327,0.29714553111839026,0.4627983153954141,0.5395414131960693,0.13825568893148335,26
nist,irradiance_first,development_evaluation,multiple_imputation_flexible,4,2137,0.08106993165479187,0.10644805296002076,0.2695367337388863,0.4155357978474497,0.4941506785212915,0.13938688720479492,26
nist,irradiance_first,development_evaluation,persistence,1,2138,0.07614318513171167,0.12581451649968226,0.3044901777362021,0.6323666978484564,0.8054256314312441,0.39362963958711933,26
nist,irradiance_first,development_evaluation,persistence,2,2137,0.10785420870677022,0.1917244711582426,0.3088441740758072,0.6392138511932616,0.8062704726251755,0.5521296660558191,26
nist,irradiance_first,development_evaluation,persistence,3,2137,0.1276711432728751,0.2372005363772335,0.31867103416003745,0.6448291998128217,0.8006551240056153,0.6297616843311704,26
nist,irradiance_first,development_evaluation,persistence,4,2137,0.1374260007184272,0.2636480701315855,0.3233504913430042,0.6546560598970519,0.8086102012166588,0.6735208644382401,26
nist,irradiance_first,development_evaluation,quantile_compact,1,2138,0.09014965794626681,0.2869771575917432,0.7006548175865295,0.8479887745556595,0.9162768942937325,0.43548688931223195,26
nist,irradiance_first,development_evaluation,quantile_compact,2,2137,0.09290744141784524,0.2903544006943567,0.6743097800655125,0.8558727187646233,0.9241927936359382,0.45976695162287046,26
nist,irradiance_first,development_evaluation,quantile_compact,3,2137,0.0961493579039884,0.29188490673516426,0.6925596630790828,0.8488535329901732,0.9241927936359382,0.4691773106055378,26
nist,irradiance_first,development_evaluation,quantile_compact,4,2137,0.10115938854614984,0.32058750210391185,0.6991109031352363,0.8544688816097332,0.9330837622835751,0.47078315414748606,26
nist,irradiance_first,development_evaluation,quantile_flexible,1,2138,0.08260521777521831,0.23780883647147405,0.6379794200187091,0.7970065481758652,0.8882132834424696,0.42284704556150493,26
nist,irradiance_first,development_evaluation,quantile_flexible,2,2137,0.08999236343855453,0.2692306106278165,0.6218998596162845,0.8043986897519888,0.9021993448759944,0.45101607679883415,26
nist,irradiance_first,development_evaluation,quantile_flexible,3,2137,0.09294478714745935,0.26602857825593845,0.6476368741226017,0.8123537669630323,0.9054749649040711,0.46075570781702924,26
nist,irradiance_first,development_evaluation,quantile_flexible,4,2137,0.10236306820141743,0.32058750210391185,0.642957416939635,0.798315395414132,0.9012634534394011,0.4608229956723108,26
nist,irradiance_first,development_evaluation,single_imputation_compact,1,2138,0.04367209139241309,0.06262379510557595,0.46351730589335827,0.6538821328344246,0.7273152478952292,0.14435035066324692,26
nist,irradiance_first,development_evaluation,single_imputation_compact,2,2137,0.05686425321663769,0.08316935137162708,0.41272812353766963,0.609733270940571,0.7014506317267197,0.1840971262485618,26
nist,irradiance_first,development_evaluation,single_imputation_compact,3,2137,0.06349871005322211,0.09385211328595362,0.3968179691155826,0.5999064108563407,0.6883481516144128,0.206084433150376,26
nist,irradiance_first,development_evaluation,single_imputation_compact,4,2137,0.06915044717532684,0.10309301633251508,0.38465138043986896,0.5896116050538137,0.6794571829667758,0.22652669984174723,26
nist,irradiance_first,development_evaluation,single_imputation_flexible,1,2138,0.047772546252685746,0.06237967082047549,0.34050514499532275,0.5130963517305893,0.5841908325537886,0.09058871791788718,26
nist,irradiance_first,development_evaluation,single_imputation_flexible,2,2137,0.06537114419970745,0.0848649127475017,0.30182498830135707,0.45437529246607394,0.5212915301824989,0.11268843868786568,26
nist,irradiance_first,development_evaluation,single_imputation_flexible,3,2137,0.07333245770180993,0.09449763666711537,0.2929340196537202,0.44782405240992046,0.513804398689752,0.1211662111906128,26
nist,irradiance_first,development_evaluation,single_imputation_flexible,4,2137,0.08256045160280592,0.1057642366934711,0.26438933083762284,0.399157697707066,0.4763687412260178,0.12674228189644776,26
nist,irradiance_first,validation,geometric_persistence,1,1899,0.053452511578930176,0.07889400342656987,0.3565034228541338,0.660347551342812,0.7930489731437599,0.31939271152354076,22
nist,irradiance_first,validation,geometric_persistence,2,1899,0.07011677306160848,0.11256451346343622,0.3744075829383886,0.6498156924697209,0.7862032648762507,0.4413447656845163,22
nist,irradiance_first,validation,geometric_persistence,3,1899,0.08368843483481889,0.1403303224144184,0.38809899947340704,0.6666666666666666,0.7825171142706687,0.5288548377179527,22
nist,irradiance_first,validation,geometric_persistence,4,1899,0.09406823154877683,0.1626664825493634,0.40916271721958924,0.674565560821485,0.7772511848341233,0.5890624589873857,22
nist,irradiance_first,validation,multiple_imputation_compact,1,1899,0.04324326105064526,0.06735474015774727,0.4460242232754081,0.6624539231174302,0.7546076882569773,0.1754885792970516,22
nist,irradiance_first,validation,multiple_imputation_compact,2,1899,0.058442574591802424,0.08968336634666742,0.4060031595576619,0.6040021063717746,0.6856240126382307,0.20726349928360616,22
nist,irradiance_first,validation,multiple_imputation_compact,3,1899,0.07169610601483116,0.10732646392887266,0.36018957345971564,0.5434439178515008,0.6287519747235387,0.2222598119599157,22
nist,irradiance_first,validation,multiple_imputation_compact,4,1899,0.08256073338858945,0.12224378629559932,0.3291205897840969,0.517114270668773,0.6103212216956293,0.237039621309073,22
nist,irradiance_first,validation,multiple_imputation_flexible,1,1899,0.047170897463310484,0.06703362379349286,0.34913112164297,0.5318588730911006,0.607161664033702,0.1252591032181031,22
nist,irradiance_first,validation,multiple_imputation_flexible,2,1899,0.06481203035266618,0.08883323397281859,0.3149025803054239,0.48183254344391785,0.5545023696682464,0.1406976398733004,22
nist,irradiance_first,validation,multiple_imputation_flexible,3,1899,0.08054334806255405,0.10638970092778458,0.2822538177988415,0.41390205371248023,0.4813059505002633,0.142805557514275,22
nist,irradiance_first,validation,multiple_imputation_flexible,4,1899,0.09554815057134722,0.12278327819012132,0.2506582411795682,0.3749341758820432,0.43812532912058977,0.14296711116921113,22
nist,irradiance_first,validation,persistence,1,1899,0.07314542104568944,0.11980117018276555,0.36334913112164297,0.6729857819905213,0.8283307003686151,0.4066039663128358,22
nist,irradiance_first,validation,persistence,2,1899,0.10298050070328185,0.1803838718606978,0.37862032648762506,0.685097419694576,0.817798841495524,0.5525183845683432,22
nist,irradiance_first,validation,persistence,3,1899,0.1231159841080684,0.22162123221970695,0.3796735123749342,0.6966824644549763,0.809373354397051,0.6368326441537642,22
nist,irradiance_first,validation,persistence,4,1899,0.13428559141865912,0.24603525316372388,0.40705634544497105,0.6903633491311216,0.8072669826224329,0.6892536564037132,22
nist,irradiance_first,validation,quantile_compact,1,1899,0.08479503157440174,0.2535892442535272,0.6877303844128488,0.856766719325961,0.9125855713533438,0.4510337817326678,22
nist,irradiance_first,validation,quantile_compact,2,1899,0.08987585283014533,0.2642230453972557,0.6729857819905213,0.8193786203264877,0.89942074776198,0.4848580476185442,22
nist,irradiance_first,validation,quantile_compact,3,1899,0.09598903065982312,0.2736574365188712,0.6724591890468667,0.8104265402843602,0.8862559241706162,0.4962148606550358,22
nist,irradiance_first,validation,quantile_compact,4,1899,0.10325967224167873,0.31169338002444463,0.6771985255397578,0.8009478672985783,0.8873091100579252,0.5020820933132328,22
nist,irradiance_first,validation,quantile_flexible,1,1899,0.07570800737108582,0.2002163824191666,0.6540284360189573,0.8209583991574513,0.889942074776198,0.4368395784009397,22
nist,irradiance_first,validation,quantile_flexible,2,1899,0.08607524802198825,0.23839433928258652,0.627172195892575,0.7888362295945235,0.8773038441284887,0.47476383539912653,22
nist,irradiance_first,validation,quantile_flexible,3,1899,0.09336699537250044,0.2489357342426215,0.6324381253291206,0.7698788836229594,0.8609794628751974,0.48192872678284543,22
nist,irradiance_first,validation,quantile_flexible,4,1899,0.10432349835338436,0.31169338002444463,0.6519220642443391,0.775144813059505,0.861506055818852,0.48961626686747073,22
nist,irradiance_first,validation,single_imputation_compact,1,1899,0.04705442825470515,0.0670915468018033,0.4291732490784623,0.6213796735123749,0.7114270668773038,0.14326904827907397,22
nist,irradiance_first,validation,single_imputation_compact,2,1899,0.061424832860502765,0.08892689465202444,0.39441811479726174,0.5729331226961558,0.6492890995260664,0.18241690667932686,22
nist,irradiance_first,validation,single_imputation_compact,3,1899,0.07354875572803549,0.10650800968975654,0.3543970510795155,0.5292259083728278,0.6045286993154292,0.2055641366500285,22
nist,irradiance_first,validation,single_imputation_compact,4,1899,0.0839226815741059,0.12151810444970984,0.32754081095313325,0.506582411795682,0.5966298051606108,0.2256226551755961,22
nist,irradiance_first,validation,single_imputation_flexible,1,1899,0.051947800841735885,0.06684356033112958,0.3312269615587151,0.48657187993680884,0.5513428120063191,0.08999227753075852,22
nist,irradiance_first,validation,single_imputation_flexible,2,1899,0.06931069698827924,0.08865504394576233,0.2996313849394418,0.4465508162190627,0.5092153765139548,0.11163684646910031,22
nist,irradiance_first,validation,single_imputation_flexible,3,1899,0.08392682686669045,0.10607265143582599,0.2717219589257504,0.38704581358609796,0.4444444444444444,0.12048844147473127,22
nist,irradiance_first,validation,single_imputation_flexible,4,1899,0.09815195438622512,0.1222733348319376,0.24486571879936808,0.3549236440231701,0.41390205371248023,0.12656264118321028,22
nist,irradiance_first,warmup,geometric_persistence,1,289,0.06593911745546628,0.08350956794999757,0.39100346020761245,0.5743944636678201,0.671280276816609,0.1996170051584421,4
nist,irradiance_first,warmup,geometric_persistence,2,289,0.08099199280163591,0.11675924628691872,0.370242214532872,0.5640138408304498,0.6505190311418685,0.33071258540195203,4
nist,irradiance_first,warmup,geometric_persistence,3,289,0.09264544914997862,0.1446388297802505,0.35986159169550175,0.5467128027681661,0.6643598615916955,0.4129254332552732,4
nist,irradiance_first,warmup,geometric_persistence,4,289,0.10557483628658687,0.17449555722512533,0.34256055363321797,0.5397923875432526,0.6678200692041523,0.4440631846050785,4
nist,irradiance_first,warmup,multiple_imputation_compact,1,289,0.043735669908247815,0.06928551301592385,0.49480968858131485,0.6782006920415224,0.754325259515571,0.173337651770963,4
nist,irradiance_first,warmup,multiple_imputation_compact,2,289,0.06549957092337409,0.0977339103003834,0.40484429065743943,0.5674740484429066,0.657439446366782,0.20178892809810614,4
nist,irradiance_first,warmup,multiple_imputation_compact,3,289,0.07759001930015012,0.11534550427080792,0.33217993079584773,0.5224913494809689,0.6124567474048442,0.21853345640938657,4
nist,irradiance_first,warmup,multiple_imputation_compact,4,289,0.09562848021214848,0.13684698244161483,0.3044982698961938,0.4740484429065744,0.5640138408304498,0.232041410698172,4
nist,irradiance_first,warmup,multiple_imputation_flexible,1,289,0.04715017680680335,0.06894170825849955,0.3737024221453287,0.532871972318339,0.6193771626297578,0.12298520208320496,4
nist,irradiance_first,warmup,multiple_imputation_flexible,2,289,0.07065254234418417,0.09629286933579607,0.25951557093425603,0.4429065743944637,0.5051903114186851,0.13734273806096114,4
nist,irradiance_first,warmup,multiple_imputation_flexible,3,289,0.0896961580452987,0.11694044219105845,0.23183391003460208,0.35294117647058826,0.4083044982698962,0.13824876174565812,4
nist,irradiance_first,warmup,multiple_imputation_flexible,4,289,0.11159803597920351,0.13986343470111876,0.22491349480968859,0.33217993079584773,0.4083044982698962,0.13956189980009187,4
nist,irradiance_first,warmup,persistence,1,289,0.08419015604046874,0.12218966207052587,0.3875432525951557,0.6401384083044983,0.7370242214532872,0.31178527645656995,4
nist,irradiance_first,warmup,persistence,2,289,0.10743151485718694,0.17619565874112528,0.4013840830449827,0.6193771626297578,0.740484429065744,0.47661805891982373,4
nist,irradiance_first,warmup,persistence,3,289,0.12287768667268295,0.21538210943561675,0.3771626297577855,0.6193771626297578,0.7370242214532872,0.5261542799457505,4
nist,irradiance_first,warmup,persistence,4,289,0.13025380223538166,0.23883548717516084,0.35294117647058826,0.6055363321799307,0.7439446366782007,0.5418440173261769,4
nist,irradiance_first,warmup,quantile_compact,1,289,0.08400817485536466,0.24220893774644664,0.6608996539792388,0.7820069204152249,0.8823529411764706,0.3754457819083255,4
nist,irradiance_first,warmup,quantile_compact,2,289,0.0891369704932037,0.2542666666638849,0.6193771626297578,0.7889273356401384,0.8685121107266436,0.43885670338327487,4
nist,irradiance_first,warmup,quantile_compact,3,289,0.09163399536282336,0.2502530706954076,0.6262975778546713,0.7923875432525952,0.8685121107266436,0.46920665003854334,4
nist,irradiance_first,warmup,quantile_compact,4,289,0.09553714124992467,0.26076256290560296,0.6366782006920415,0.7750865051903114,0.8650519031141869,0.4739265978263457,4
nist,irradiance_first,warmup,quantile_flexible,1,289,0.0803417653345511,0.21800634159893698,0.6193771626297578,0.7577854671280276,0.8581314878892734,0.359324706605906,4
nist,irradiance_first,warmup,quantile_flexible,2,289,0.08833231429405032,0.24270928231507047,0.6020761245674741,0.754325259515571,0.8235294117647058,0.4223318956591383,4
nist,irradiance_first,warmup,quantile_flexible,3,289,0.09240191895337424,0.2403766660327407,0.5986159169550173,0.7301038062283737,0.8339100346020761,0.4575653658507856,4
nist,irradiance_first,warmup,quantile_flexible,4,289,0.09875201570571965,0.26076256290560296,0.5813148788927336,0.7301038062283737,0.8408304498269896,0.4629070203062751,4
nist,irradiance_first,warmup,single_imputation_compact,1,289,0.051137685084808676,0.06958195219327806,0.48788927335640137,0.6643598615916955,0.7231833910034602,0.14007124004953558,4
nist,irradiance_first,warmup,single_imputation_compact,2,289,0.06872869391687204,0.09699146061609032,0.39100346020761245,0.5536332179930796,0.643598615916955,0.17944284409881414,4
nist,irradiance_first,warmup,single_imputation_compact,3,289,0.07933096606351644,0.11443131679680392,0.328719723183391,0.5155709342560554,0.6089965397923875,0.2037496659380343,4
nist,irradiance_first,warmup,single_imputation_compact,4,289,0.09627702947427907,0.1360984508255759,0.30103806228373703,0.47750865051903113,0.5640138408304498,0.2239027550978873,4
nist,irradiance_first,warmup,single_imputation_flexible,1,289,0.05348389782547665,0.06775032576914934,0.3633217993079585,0.5190311418685121,0.5951557093425606,0.08779854017522973,4
nist,irradiance_first,warmup,single_imputation_flexible,2,289,0.07529656270118383,0.09590033175223528,0.25259515570934254,0.4186851211072664,0.47750865051903113,0.11082672902733841,4
nist,irradiance_first,warmup,single_imputation_flexible,3,289,0.09295835920578095,0.11640774512341041,0.22491349480968859,0.3356401384083045,0.3944636678200692,0.11968239815931987,4
nist,irradiance_first,warmup,single_imputation_flexible,4,289,0.1135713029717989,0.13922201112082827,0.21453287197231835,0.31833910034602075,0.3944636678200692,0.12639540366051258,4
nist,pv_first,development_evaluation,geometric_persistence,1,2138,0.05039390957020641,0.075444506431658,0.32039289055191766,0.617399438727783,0.764265668849392,0.2947105633225481,26
nist,pv_first,development_evaluation,geometric_persistence,2,2137,0.06940382153178005,0.11177846814966984,0.3233504913430042,0.6148806738418343,0.7636874122601778,0.42072271950996504,26
nist,pv_first,development_evaluation,geometric_persistence,3,2137,0.08455317579178384,0.143112634066634,0.3191389798783341,0.6261113710809546,0.7618156293869911,0.505873204125634,26
nist,pv_first,development_evaluation,geometric_persistence,4,2137,0.09612322270950464,0.17269368800758295,0.3116518483855873,0.6195601310248011,0.7646233036967712,0.5577338402071312,26
nist,pv_first,development_evaluation,multiple_imputation_compact,1,2138,0.04137144148730322,0.06305177826459364,0.4845650140318054,0.6828811973807296,0.7595884003741815,0.1667099271287281,26
nist,pv_first,development_evaluation,multiple_imputation_compact,2,2137,0.055452540905787745,0.08399232204753945,0.4192793635938231,0.6289190453907346,0.7215722976134769,0.20102176123420626,26
nist,pv_first,development_evaluation,multiple_imputation_compact,3,2137,0.06244812119516993,0.09446339368312291,0.39962564342536266,0.6106691623771643,0.7033224145999064,0.21725432775569647,26
nist,pv_first,development_evaluation,multiple_imputation_compact,4,2137,0.0684720218110379,0.10362459586398697,0.38699110903135236,0.5999064108563407,0.6920917173607861,0.2346600955770815,26
nist,pv_first,development_evaluation,multiple_imputation_flexible,1,2138,0.04505091152171102,0.06303435967418856,0.36435921421889617,0.5477081384471468,0.6230121608980356,0.11665794993664054,26
nist,pv_first,development_evaluation,multiple_imputation_flexible,2,2137,0.06270645711154703,0.085309815892513,0.31633130556855404,0.48338792700046795,0.5554515676181563,0.1333702413387602,26
nist,pv_first,development_evaluation,multiple_imputation_flexible,3,2137,0.07137897990256559,0.09523282331186801,0.2962096396817969,0.4599906410856341,0.5418811417875526,0.13699895360269393,26
nist,pv_first,development_evaluation,multiple_imputation_flexible,4,2137,0.08121589636553757,0.10654398675266674,0.26813289658399625,0.4131960692559663,0.4927468413664015,0.1386899102070886,26
nist,pv_first,development_evaluation,persistence,1,2138,0.0733289597645728,0.12176706629925835,0.30963517305893357,0.6384471468662302,0.813376987839102,0.39592310326713037,26
nist,pv_first,development_evaluation,persistence,2,2137,0.10648160590929003,0.18919863935606152,0.31024801123069723,0.642957416939635,0.810014038371549,0.5546516771944369,26
nist,pv_first,development_evaluation,persistence,3,2137,0.12722646651411573,0.2359757705128739,0.3182030884417408,0.6462330369677117,0.801123069723912,0.6317284772123798,26
nist,pv_first,development_evaluation,persistence,4,2137,0.13720937462668867,0.26267740432394293,0.3214787084698175,0.6518483855872719,0.8072063640617688,0.6744718085177184,26
nist,pv_first,development_evaluation,quantile_compact,1,2138,0.08980918527033518,0.2863699182189106,0.7029934518241348,0.8451824134705332,0.9162768942937325,0.43398574479265006,26
nist,pv_first,development_evaluation,quantile_compact,2,2137,0.09280541096749385,0.2903080712224818,0.6738418343472157,0.8535329901731399,0.9213851193261582,0.4590577026948421,26
nist,pv_first,development_evaluation,quantile_compact,3,2137,0.09613737792575003,0.29131739510462257,0.6906878802058961,0.8451099672437997,0.9209171736078615,0.46852138838575774,26
nist,pv_first,development_evaluation,quantile_compact,4,2137,0.10131811721192781,0.32058750210391185,0.6963032288254563,0.8483855872718764,0.9298081422554983,0.47013727730169397,26
nist,pv_first,development_evaluation,quantile_flexible,1,2138,0.08231011897512701,0.23749465831944272,0.6398503274087932,0.7956033676333022,0.8863423760523854,0.4217154676734036,26
nist,pv_first,development_evaluation,quantile_flexible,2,2137,0.08990723075353954,0.2690785920064912,0.6209639681796911,0.8015910154422087,0.9012634534394011,0.4502200015190888,26
nist,pv_first,development_evaluation,quantile_flexible,3,2137,0.0929277384957846,0.2649848786353277,0.6485727655591952,0.8048666354702855,0.9021993448759944,0.4598274053717062,26
nist,pv_first,development_evaluation,quantile_flexible,4,2137,0.10254901121079613,0.32058750210391185,0.6420215255030417,0.7922321010762752,0.8956481048198409,0.4599880460547556,26
nist,pv_first,development_evaluation,single_imputation_compact,1,2138,0.043434311999223874,0.06238382975335067,0.46492048643592143,0.6548175865294668,0.7296538821328344,0.14435613959724763,26
nist,pv_first,development_evaluation,single_imputation_compact,2,2137,0.05680202963447791,0.08301135328312441,0.41459990641085637,0.611137108095461,0.7009826860084231,0.18404164924093366,26
nist,pv_first,development_evaluation,single_imputation_compact,3,2137,0.06381769256694768,0.09425293854778621,0.3944782405240992,0.5970987365465606,0.6855404773046326,0.2059573289913904,26
nist,pv_first,development_evaluation,single_imputation_compact,4,2137,0.06956692043822943,0.10358251735137242,0.38324754328497895,0.5886757136172204,0.6789892372484791,0.22638751616200364,26
nist,pv_first,development_evaluation,single_imputation_flexible,1,2138,0.04746026344924087,0.0620562607052779,0.34284377923292797,0.5112254443405051,0.5827876520112254,0.09058849197751512,26
nist,pv_first,development_evaluation,single_imputation_flexible,2,2137,0.06529486447706742,0.08478811549228343,0.30088909686476367,0.4548432381843706,0.5198876930276088,0.11266758088544016,26
nist,pv_first,development_evaluation,single_imputation_flexible,3,2137,0.07369159885494764,0.09488620574606597,0.29199812821712684,0.4459522695367337,0.5119326158165652,0.12110776592867749,26
nist,pv_first,development_evaluation,single_imputation_flexible,4,2137,0.08318741117458392,0.10641676593221747,0.26438933083762284,0.399157697707066,0.47496490407112774,0.12665210422328788,26
nist,pv_first,validation,geometric_persistence,1,1899,0.05095223875302185,0.07550624649002889,0.36229594523433384,0.665086887835703,0.7967351237493417,0.32070260363765707,22
nist,pv_first,validation,geometric_persistence,2,1899,0.06814323555721712,0.10969700190011966,0.37598736176935227,0.6519220642443391,0.7904160084254871,0.44262445087428287,22
nist,pv_first,validation,geometric_persistence,3,1899,0.08229531046303742,0.13792682795019462,0.3896787783043707,0.6703528172722486,0.7862032648762507,0.5298320337217538,22
nist,pv_first,validation,geometric_persistence,4,1899,0.09349316735620668,0.16121544015751463,0.41021590310689837,0.6771985255397578,0.7783043707214323,0.5896689436280695,22
nist,pv_first,validation,multiple_imputation_compact,1,1899,0.04323007796775788,0.06723005611491671,0.444971037388099,0.6608741442864665,0.7551342812006319,0.17431899705911066,22
nist,pv_first,validation,multiple_imputation_compact,2,1899,0.058468064335305416,0.08951226774155623,0.4075829383886256,0.6029489204844655,0.685097419694576,0.2063510501780955,22
nist,pv_first,validation,multiple_imputation_compact,3,1899,0.07176691502783836,0.10732274924289702,0.36124275934702477,0.5392311743022643,0.6282253817798842,0.22155281388388975,22
nist,pv_first,validation,multiple_imputation_compact,4,1899,0.08276332941220982,0.12245084330972714,0.330173775671406,0.5144813059505002,0.607161664033702,0.23669838015648698,22
nist,pv_first,validation,multiple_imputation_flexible,1,1899,0.04722668011546291,0.06696613569106197,0.34755134281200634,0.5308056872037915,0.6045286993154292,0.1238931455939344,22
nist,pv_first,validation,multiple_imputation_flexible,2,1899,0.06502867886259835,0.0889624305124022,0.3138493944181148,0.478146392838336,0.5529225908372828,0.13976513436604499,22
nist,pv_first,validation,multiple_imputation_flexible,3,1899,0.08083471044271544,0.10657902664046302,0.2817272248551869,0.4154818325434439,0.47919957872564506,0.1420461288889666,22
nist,pv_first,validation,multiple_imputation_flexible,4,1899,0.09612226178455163,0.12341560550400746,0.24907846234860453,0.3701948393891522,0.43496577145866244,0.1425578667541532,22
nist,pv_first,validation,persistence,1,1899,0.07117700829827368,0.117139464941107,0.3675618746708794,0.6766719325961033,0.833070036861506,0.4082612891482882,22
nist,pv_first,validation,persistence,2,1899,0.10159366305113048,0.17841813162411418,0.3807266982622433,0.6893101632438126,0.822538177988415,0.5543118403038975,22
nist,pv_first,validation,persistence,3,1899,0.12236187360710091,0.22033737213456372,0.3802001053185887,0.7019483938915219,0.8141126908899421,0.6382554910412731,22
nist,pv_first,validation,persistence,4,1899,0.1340663229373306,0.24547319573182838,0.4081095313322802,0.6940494997367035,0.808320168509742,0.6901455589689102,22
nist,pv_first,validation,quantile_compact,1,1899,0.08466745845908527,0.2529622451097204,0.6861506055818852,0.8541337546076883,0.909952606635071,0.45009108137489445,22
nist,pv_first,validation,quantile_compact,2,1899,0.08997189871701318,0.2640405302530347,0.6719325961032122,0.8172722485518694,0.8983675618746709,0.48435380055658406,22
nist,pv_first,validation,quantile_compact,3,1899,0.09603440952520592,0.2727914224381772,0.6714060031595577,0.8077935755660874,0.8825697735650342,0.495571202407249,22
nist,pv_first,validation,quantile_compact,4,1899,0.10344884450327174,0.31169338002444463,0.6771985255397578,0.7993680884676145,0.8862559241706162,0.5016472100787815,22
nist,pv_first,validation,quantile_flexible,1,1899,0.07554384748486115,0.1995211794758141,0.6540284360189573,0.8193786203264877,0.8894154818325435,0.43645735067376795,22
nist,pv_first,validation,quantile_flexible,2,1899,0.08614201963242929,0.2380015141942629,0.6261190100052659,0.7872564507635598,0.8762506582411795,0.4742159775764954,22
nist,pv_first,validation,quantile_flexible,3,1899,0.09341906487446927,0.24791718032315183,0.6303317535545023,0.7682991047919958,0.8578199052132701,0.4812319441307642,22
nist,pv_first,validation,quantile_flexible,4,1899,0.10455386921200523,0.31169338002444463,0.6513954713006845,0.7730384412848867,0.8593996840442338,0.4890502106621029,22
nist,pv_first,validation,single_imputation_compact,1,1899,0.04704982159299393,0.06706282556159487,0.4286466561348078,0.6234860452869931,0.7109004739336493,0.143259477562732,22
nist,pv_first,validation,single_imputation_compact,2,1899,0.061431337786987956,0.08891841760454527,0.39441811479726174,0.5734597156398105,0.6492890995260664,0.1824097830248034,22
nist,pv_first,validation,single_imputation_compact,3,1899,0.07387062500047877,0.10691773097966344,0.3522906793048973,0.5234333859926277,0.6013691416535019,0.2055507024195218,22
nist,pv_first,validation,single_imputation_compact,4,1899,0.08456300913402137,0.12221869983551531,0.32701421800947866,0.5028962611901,0.592943654555029,0.22556450034419712,22
nist,pv_first,validation,single_imputation_flexible,1,1899,0.05203794468451852,0.06695215339720426,0.3285939968404423,0.48657187993680884,0.5523959978936283,0.08995694585959067,22
nist,pv_first,validation,single_imputation_flexible,2,1899,0.06966808930965326,0.08902974971238885,0.29910479199578727,0.4444444444444444,0.5071090047393365,0.11162417099683158,22
nist,pv_first,validation,single_imputation_flexible,3,1899,0.08440745212768981,0.10660162764562006,0.27014218009478674,0.38599262769878884,0.440231700895208,0.12047267894393963,22
nist,pv_first,validation,single_imputation_flexible,4,1899,0.09909237858221004,0.12326171742342715,0.24486571879936808,0.35334386519220645,0.41232227488151657,0.12650790567279746,22
nist,pv_first,warmup,geometric_persistence,1,289,0.0659388332841169,0.08349962195276929,0.39100346020761245,0.5743944636678201,0.671280276816609,0.1996269511556704,4
nist,pv_first,warmup,geometric_persistence,2,289,0.0809916142533212,0.1167459970959039,0.370242214532872,0.5640138408304498,0.6505190311418685,0.33072583459296684,4
nist,pv_first,warmup,geometric_persistence,3,289,0.09264501407823769,0.14462360226931842,0.35986159169550175,0.5467128027681661,0.6643598615916955,0.4129406607662053,4
nist,pv_first,warmup,geometric_persistence,4,289,0.10557384736619407,0.17447981099790363,0.34256055363321797,0.5397923875432526,0.6678200692041523,0.4440789308323001,4
nist,pv_first,warmup,multiple_imputation_compact,1,289,0.0430992709426297,0.06833242817358995,0.5017301038062284,0.6816608996539792,0.7577854671280276,0.1728252347011965,4
nist,pv_first,warmup,multiple_imputation_compact,2,289,0.06488128357124133,0.09693267014314724,0.4083044982698962,0.5743944636678201,0.6643598615916955,0.20140529025532292,4
nist,pv_first,warmup,multiple_imputation_compact,3,289,0.0766264022450936,0.11401052000848058,0.34256055363321797,0.5294117647058824,0.6193771626297578,0.2179330806380116,4
nist,pv_first,warmup,multiple_imputation_compact,4,289,0.09500658562257844,0.1359540864853668,0.3079584775086505,0.47750865051903113,0.5709342560553633,0.2316741756801579,4
nist,pv_first,warmup,multiple_imputation_flexible,1,289,0.04652236045063494,0.068147781287145,0.3771626297577855,0.5363321799307958,0.6228373702422145,0.12247573214382489,4
nist,pv_first,warmup,multiple_imputation_flexible,2,289,0.0699250945913405,0.09547029247928644,0.2664359861591695,0.44982698961937717,0.5086505190311419,0.13729456117586206,4
nist,pv_first,warmup,multiple_imputation_flexible,3,289,0.08890621766071397,0.11615593374521502,0.23529411764705882,0.356401384083045,0.41522491349480967,0.13847038968826209,4
nist,pv_first,warmup,multiple_imputation_flexible,4,289,0.11078336609936325,0.13889844762121736,0.23183391003460208,0.3356401384083045,0.4117647058823529,0.1396114705586218,4
nist,pv_first,warmup,persistence,1,289,0.08418999767207347,0.12218411917669131,0.3875432525951557,0.6401384083044983,0.7370242214532872,0.3117908193504045,4
nist,pv_first,warmup,persistence,2,289,0.10743135648879167,0.1761901158472907,0.4013840830449827,0.6193771626297578,0.740484429065744,0.47662360181365826,4
nist,pv_first,warmup,persistence,3,289,0.12287752830428769,0.2153765665417822,0.3771626297577855,0.6193771626297578,0.7370242214532872,0.5261598228395851,4
nist,pv_first,warmup,persistence,4,289,0.13025364386698637,0.23882994428132626,0.35294117647058826,0.6055363321799307,0.7439446366782007,0.5418495602200114,4
nist,pv_first,warmup,quantile_compact,1,289,0.0838588049897212,0.24220893774644664,0.6608996539792388,0.7820069204152249,0.8823529411764706,0.37383510391585345,4
nist,pv_first,warmup,quantile_compact,2,289,0.0888923868487034,0.2542666666638849,0.6193771626297578,0.7889273356401384,0.8685121107266436,0.43780530221842595,4
nist,pv_first,warmup,quantile_compact,3,289,0.09137387705332956,0.2502530706954076,0.6262975778546713,0.7923875432525952,0.8685121107266436,0.468372395196641,4
nist,pv_first,warmup,quantile_compact,4,289,0.09532481768283621,0.26076256290560296,0.629757785467128,0.7750865051903114,0.8650519031141869,0.4732481022285536,4
nist,pv_first,warmup,quantile_flexible,1,289,0.08020610027334947,0.21809791962448064,0.6193771626297578,0.7577854671280276,0.8581314878892734,0.35749726865985076,4
nist,pv_first,warmup,quantile_flexible,2,289,0.08811036935668089,0.24270928231507047,0.6020761245674741,0.754325259515571,0.8235294117647058,0.42111119878189057,4
nist,pv_first,warmup,quantile_flexible,3,289,0.09219991369008873,0.2403766660327407,0.5986159169550173,0.7301038062283737,0.8339100346020761,0.45604960091960867,4
nist,pv_first,warmup,quantile_flexible,4,289,0.09857782888683418,0.26076256290560296,0.5813148788927336,0.7301038062283737,0.8408304498269896,0.46198132367859873,4
nist,pv_first,warmup,single_imputation_compact,1,289,0.050418560581023716,0.06860580026116715,0.49480968858131485,0.6678200692041523,0.726643598615917,0.13972441339261463,4
nist,pv_first,warmup,single_imputation_compact,2,289,0.06806619165711532,0.09612020793600673,0.3944636678200692,0.5570934256055363,0.6505190311418685,0.1790697442678919,4
nist,pv_first,warmup,single_imputation_compact,3,289,0.07821437238010624,0.11271914852400937,0.34256055363321797,0.5224913494809689,0.615916955017301,0.20308120736321825,4
nist,pv_first,warmup,single_imputation_compact,4,289,0.09544223395667704,0.1348086295570933,0.3044982698961938,0.48788927335640137,0.5709342560553633,0.22333038047735107,4
nist,pv_first,warmup,single_imputation_flexible,1,289,0.05266505530637273,0.06682786362186027,0.370242214532872,0.5224913494809689,0.5986159169550173,0.08758563858308926,4
nist,pv_first,warmup,single_imputation_flexible,2,289,0.07429677750544317,0.09475782555265268,0.2560553633217993,0.42560553633217996,0.4844290657439446,0.11067211141094412,4
nist,pv_first,warmup,single_imputation_flexible,3,289,0.09176431947988384,0.11517362528645736,0.22491349480968859,0.3356401384083045,0.39792387543252594,0.11978139975684744,4
nist,pv_first,warmup,single_imputation_flexible,4,289,0.11229835216410325,0.13764315147740802,0.22491349480968859,0.328719723183391,0.4013840830449827,0.12626745657701702,4
