site,population,pool,endpoint,contrast,supported,metric,left_mean,right_mean,difference,ci_lower,ci_upper,relative_difference,relative_ci_lower,relative_ci_upper,strata,paired_rows,eligible_days,calendar_blocks,nonempty_blocks,block_days,bootstrap_replicates,valid_replicates,rejected_fraction,seed
colorado,exclude_bright_zero,faulted_primary,recovery_0_6,physical_recovery_minus_physical_availability,True,nwis,0.04436996934771055,0.0443586438004122,1.1325547298352001e-05,-5.59129585111208e-05,7.482001736631541e-05,0.0002553177087493996,-0.0013022408623359226,0.0016784273912190022,28,3591,54,48,44,7,10000,10000,0.0,3136195889
colorado,exclude_bright_zero,faulted_primary,recovery_0_6,physical_recovery_minus_physical_availability,True,nwis,0.04436996934771055,0.0443586438004122,1.1325547298352001e-05,-5.6554374892238754e-05,7.396280573696686e-05,0.0002553177087493996,-0.0013336083148479687,0.0016549920837514503,28,3591,54,24,24,14,10000,10000,0.0,712639902
colorado,exclude_bright_zero,faulted_primary,recovery_0_6,physical_recovery_minus_physical_availability,True,nwis,0.04436996934771055,0.0443586438004122,1.1325547298352001e-05,-6.697868921270861e-05,8.183281229057997e-05,0.0002553177087493996,-0.001551845805723469,0.0018453380160030949,28,3591,54,12,12,28,10000,10000,0.0,3024240236
colorado,exclude_bright_zero,faulted_primary,recovery_0_6,physical_recovery_minus_physical,True,nwis,0.04436996934771055,0.0443272632562855,4.270609142505155e-05,-2.557383207109926e-05,0.00010730795092174817,0.0009634272068216603,-0.0005828836216775559,0.002386908407398303,28,3591,54,48,44,7,10000,10000,0.0,2209233540
colorado,exclude_bright_zero,faulted_primary,recovery_0_6,physical_recovery_minus_physical,True,nwis,0.04436996934771055,0.0443272632562855,4.270609142505155e-05,-1.6686015813516772e-05,0.00010141888181875326,0.0009634272068216603,-0.00038889902483057483,0.002269424644691116,28,3591,54,24,24,14,10000,10000,0.0,601708908
colorado,exclude_bright_zero,faulted_primary,recovery_0_6,physical_recovery_minus_physical,True,nwis,0.04436996934771055,0.0443272632562855,4.270609142505155e-05,-1.575112762943545e-05,9.593473038556569e-05,0.0009634272068216603,-0.00036443222952627216,0.002174970517014443,28,3591,54,12,12,28,10000,10000,0.0,655084378
colorado,exclude_bright_zero,faulted_primary,recovery_0_6,physical_minus_recency,True,nwis,0.0443272632562855,0.04530977668939922,-0.0009825134331137228,-0.0013526432341579105,-0.000649250507869652,-0.021684358319594057,-0.028307008749008957,-0.015410102325886814,28,3591,54,48,44,7,10000,10000,0.0,2642259827
colorado,exclude_bright_zero,faulted_primary,recovery_0_6,physical_minus_recency,True,nwis,0.0443272632562855,0.04530977668939922,-0.0009825134331137228,-0.0012102524280246177,-0.0007600242237818881,-0.021684358319594057,-0.02613815178847926,-0.017534108805414467,28,3591,54,24,24,14,10000,10000,0.0,350611795
colorado,exclude_bright_zero,faulted_primary,recovery_0_6,physical_minus_recency,True,nwis,0.0443272632562855,0.04530977668939922,-0.0009825134331137228,-0.0012433057095178163,-0.0006820438510986509,-0.021684358319594057,-0.02611588862947918,-0.016071031490677224,28,3591,54,12,12,28,10000,10000,0.0,848294661
colorado,exclude_bright_zero,faulted_primary,recovery_6_24,physical_recovery_minus_physical_availability,True,nwis,0.0503680994939432,0.050319372098718215,4.8727395224983094e-05,7.3316729184570715e-06,8.828162554101008e-05,0.0009683625449337498,0.0001467376305486528,0.0017414174114540335,28,12308,78,48,46,7,10000,10000,0.0,3712316371
colorado,exclude_bright_zero,faulted_primary,recovery_6_24,physical_recovery_minus_physical_availability,True,nwis,0.0503680994939432,0.050319372098718215,4.8727395224983094e-05,3.8025173229254427e-06,9.155505321296713e-05,0.0009683625449337498,7.781660142099253e-05,0.001779379375349618,28,12308,78,24,24,14,10000,10000,0.0,2356143073
colorado,exclude_bright_zero,faulted_primary,recovery_6_24,physical_recovery_minus_physical_availability,True,nwis,0.0503680994939432,0.050319372098718215,4.8727395224983094e-05,-3.4883975837384295e-06,9.270038393510685e-05,0.0009683625449337498,-6.902767101340812e-05,0.0017831219613035785,28,12308,78,12,12,28,10000,10000,0.0,2501621653
colorado,exclude_bright_zero,faulted_primary,recovery_6_24,physical_recovery_minus_physical,True,nwis,0.0503680994939432,0.050403258702842346,-3.5159208899147865e-05,-7.756515746059101e-05,6.855836029232355e-06,-0.0006975582492876629,-0.0014822270597610525,0.00013933670381964148,28,12308,78,48,46,7,10000,10000,0.0,98351404
colorado,exclude_bright_zero,faulted_primary,recovery_6_24,physical_recovery_minus_physical,True,nwis,0.0503680994939432,0.050403258702842346,-3.5159208899147865e-05,-7.47372068688145e-05,3.4197895900575576e-06,-0.0006975582492876629,-0.001414800708706745,7.068985367905225e-05,28,12308,78,24,24,14,10000,10000,0.0,3385432015
colorado,exclude_bright_zero,faulted_primary,recovery_6_24,physical_recovery_minus_physical,True,nwis,0.0503680994939432,0.050403258702842346,-3.5159208899147865e-05,-6.852305294361757e-05,-6.013078905912906e-06,-0.0006975582492876629,-0.0012982066080714954,-0.00012418167036812563,28,12308,78,12,12,28,10000,10000,0.0,861976619
colorado,exclude_bright_zero,faulted_primary,recovery_6_24,physical_minus_recency,True,nwis,0.050403258702842346,0.05148409633178446,-0.0010808376289421148,-0.0012638300929161946,-0.0008944928596066118,-0.020993621447228238,-0.023989759542112007,-0.01786885395329091,28,12308,78,48,46,7,10000,10000,0.0,1800015303
colorado,exclude_bright_zero,faulted_primary,recovery_6_24,physical_minus_recency,True,nwis,0.050403258702842346,0.05148409633178446,-0.0010808376289421148,-0.0012794532867592971,-0.000881413340631834,-0.020993621447228238,-0.024550105701915938,-0.017159926310667678,28,12308,78,24,24,14,10000,10000,0.0,2914684719
colorado,exclude_bright_zero,faulted_primary,recovery_6_24,physical_minus_recency,True,nwis,0.050403258702842346,0.05148409633178446,-0.0010808376289421148,-0.001258526720724867,-0.0008823672744897439,-0.020993621447228238,-0.024305298052821545,-0.01667229147648278,28,12308,78,12,12,28,10000,10000,0.0,4111068682
colorado,exclude_bright_zero,faulted_primary,recovery,physical_recovery_minus_physical_availability,True,nwis,0.04903558798665706,0.04899493105995468,4.0656926702381524e-05,6.02134079598464e-06,7.507436152644396e-05,0.0008298190409254784,0.00012437554422438314,0.0015097901354198687,28,15899,92,48,46,7,10000,10000,0.0,2231655624
colorado,exclude_bright_zero,faulted_primary,recovery,physical_recovery_minus_physical_availability,True,nwis,0.04903558798665706,0.04899493105995468,4.0656926702381524e-05,6.760815127011301e-06,7.212932816376882e-05,0.0008298190409254784,0.0001423902970870178,0.001450274634628459,28,15899,92,24,24,14,10000,10000,0.0,1552146868
colorado,exclude_bright_zero,faulted_primary,recovery,physical_recovery_minus_physical_availability,True,nwis,0.04903558798665706,0.04899493105995468,4.0656926702381524e-05,5.38023343613151e-06,7.249358169145337e-05,0.0008298190409254784,0.00010942369043043048,0.0014394375820000343,28,15899,92,12,12,28,10000,10000,0.0,2433581302
colorado,exclude_bright_zero,faulted_primary,recovery,physical_recovery_minus_physical,True,nwis,0.04903558798665706,0.04905346626483733,-1.7878278180269436e-05,-5.6927299890520076e-05,2.006657696528683e-05,-0.0003644651345074263,-0.0011382976652547722,0.0004149028611575069,28,15899,92,48,46,7,10000,10000,0.0,2736797113
colorado,exclude_bright_zero,faulted_primary,recovery,physical_recovery_minus_physical,True,nwis,0.04903558798665706,0.04905346626483733,-1.7878278180269436e-05,-5.464879245489166e-05,1.6999412875250818e-05,-0.0003644651345074263,-0.0010738573420629835,0.0003577784520411535,28,15899,92,24,24,14,10000,10000,0.0,701143000
colorado,exclude_bright_zero,faulted_primary,recovery,physical_recovery_minus_physical,True,nwis,0.04903558798665706,0.04905346626483733,-1.7878278180269436e-05,-5.255159027977383e-05,1.2434033844469982e-05,-0.0003644651345074263,-0.0010175681148261913,0.00026335040650518355,28,15899,92,12,12,28,10000,10000,0.0,1047600129
colorado,exclude_bright_zero,faulted_primary,recovery,physical_minus_recency,True,nwis,0.04905346626483733,0.050112706271685126,-0.0010592400068477961,-0.0012362959697898826,-0.0008805660912622695,-0.021137154339762567,-0.02416218173649875,-0.0179317871707061,28,15899,92,48,46,7,10000,10000,0.0,2303483149
colorado,exclude_bright_zero,faulted_primary,recovery,physical_minus_recency,True,nwis,0.04905346626483733,0.050112706271685126,-0.0010592400068477961,-0.001219588787937829,-0.0008966248901035803,-0.021137154339762567,-0.0241659334931074,-0.017637187347794434,28,15899,92,24,24,14,10000,10000,0.0,607987079
colorado,exclude_bright_zero,faulted_primary,recovery,physical_minus_recency,True,nwis,0.04905346626483733,0.050112706271685126,-0.0010592400068477961,-0.0012113673567859657,-0.0008862138442284949,-0.021137154339762567,-0.024271725653048835,-0.017122890468135414,28,15899,92,12,12,28,10000,10000,0.0,2296617995
colorado,exclude_bright_zero,faulted_primary,failure_recovery,physical_recovery_minus_physical_availability,True,nwis,0.05668776187064154,0.05666120796796564,2.655390267589791e-05,3.4308620779344857e-06,4.9654231424301444e-05,0.00046864342692641857,6.0860768054453076e-05,0.0008785784438353291,28,24646,116,48,46,7,10000,10000,0.0,3807008367
colorado,exclude_bright_zero,faulted_primary,failure_recovery,physical_recovery_minus_physical_availability,True,nwis,0.05668776187064154,0.05666120796796564,2.655390267589791e-05,4.690095233541615e-06,4.790746668327916e-05,0.00046864342692641857,8.352320435700456e-05,0.0008492885591301082,28,24646,116,24,24,14,10000,10000,0.0,748193189
colorado,exclude_bright_zero,faulted_primary,failure_recovery,physical_recovery_minus_physical_availability,True,nwis,0.05668776187064154,0.05666120796796564,2.655390267589791e-05,3.3544127125211336e-06,4.707194970975659e-05,0.00046864342692641857,6.091492063059611e-05,0.000802849316228987,28,24646,116,12,12,28,10000,10000,0.0,1264412612
colorado,exclude_bright_zero,faulted_primary,failure_recovery,physical_recovery_minus_physical,True,nwis,0.05668776187064154,0.05670608584889109,-1.8323978249551454e-05,-5.002364503858218e-05,1.395324728032439e-05,-0.00032313953564668023,-0.000860817215408065,0.00025162153076639416,28,24646,116,48,46,7,10000,10000,0.0,144547116
colorado,exclude_bright_zero,faulted_primary,failure_recovery,physical_recovery_minus_physical,True,nwis,0.05668776187064154,0.05670608584889109,-1.8323978249551454e-05,-5.24552498472039e-05,1.7243773259541753e-05,-0.00032313953564668023,-0.0008990744892476625,0.0003114444465127641,28,24646,116,24,24,14,10000,10000,0.0,3516748843
colorado,exclude_bright_zero,faulted_primary,failure_recovery,physical_recovery_minus_physical,True,nwis,0.05668776187064154,0.05670608584889109,-1.8323978249551454e-05,-4.432076828523954e-05,1.0257591801000012e-05,-0.00032313953564668023,-0.0007626436802196877,0.00018434873363794958,28,24646,116,12,12,28,10000,10000,0.0,1514914022
colorado,exclude_bright_zero,faulted_primary,failure_recovery,physical_minus_recency,True,nwis,0.05670608584889109,0.057682762056349715,-0.0009766762074586224,-0.0011277623980871837,-0.0008282916153281944,-0.01693185576835792,-0.01949256977179777,-0.014440695120440205,28,24646,116,48,46,7,10000,10000,0.0,671886365
colorado,exclude_bright_zero,faulted_primary,failure_recovery,physical_minus_recency,True,nwis,0.05670608584889109,0.057682762056349715,-0.0009766762074586224,-0.0011382264475367381,-0.0008152880349428792,-0.01693185576835792,-0.019859231901845506,-0.013904949966890002,28,24646,116,24,24,14,10000,10000,0.0,893768689
colorado,exclude_bright_zero,faulted_primary,failure_recovery,physical_minus_recency,True,nwis,0.05670608584889109,0.057682762056349715,-0.0009766762074586224,-0.001135353912770099,-0.0007952747200114981,-0.01693185576835792,-0.019838048780708592,-0.013539239869607598,28,24646,116,12,12,28,10000,10000,0.0,372547229
colorado,exclude_bright_zero,backfill_60min,recovery,physical_recovery_minus_physical_availability,True,nwis,0.04595282738908123,0.04595161542772615,1.211961355079838e-06,-1.8266384496485287e-05,1.8690638238086187e-05,2.6374727934995913e-05,-0.0003942018129024286,0.00041448834458926947,4,2271,86,48,46,7,10000,10000,0.0,612469825
colorado,exclude_bright_zero,backfill_60min,recovery,physical_recovery_minus_physical_availability,True,nwis,0.04595282738908123,0.04595161542772615,1.211961355079838e-06,-1.4483329340097759e-05,1.830374232310895e-05,2.6374727934995913e-05,-0.0003195507514564647,0.00040232020241925807,4,2271,86,24,24,14,10000,10000,0.0,209851927
colorado,exclude_bright_zero,backfill_60min,recovery,physical_recovery_minus_physical_availability,True,nwis,0.04595282738908123,0.04595161542772615,1.211961355079838e-06,-1.5678693695441585e-05,1.86640207542733e-05,2.6374727934995913e-05,-0.00034852105219064045,0.00041067899481041,4,2271,86,12,12,28,10000,10000,0.0,1408225044
colorado,exclude_bright_zero,backfill_60min,recovery,physical_recovery_minus_physical,True,nwis,0.04595282738908123,0.04595324907711167,-4.2168803044556613e-07,-3.455189960264935e-05,3.166690110350117e-05,-9.176457354254845e-06,-0.0007400039425115053,0.0006981209057923287,4,2271,86,48,46,7,10000,10000,0.0,4058722283
colorado,exclude_bright_zero,backfill_60min,recovery,physical_recovery_minus_physical,True,nwis,0.04595282738908123,0.04595324907711167,-4.2168803044556613e-07,-3.316520968601588e-05,3.0085286638582303e-05,-9.176457354254845e-06,-0.0006887296430000818,0.0006724025850715273,4,2271,86,24,24,14,10000,10000,0.0,2218883347
colorado,exclude_bright_zero,backfill_60min,recovery,physical_recovery_minus_physical,True,nwis,0.04595282738908123,0.04595324907711167,-4.2168803044556613e-07,-3.627759139791693e-05,3.19303876841346e-05,-9.176457354254845e-06,-0.0007619809737419217,0.0006983526279917866,4,2271,86,12,12,28,10000,10000,0.0,3225328495
colorado,exclude_bright_zero,backfill_60min,recovery,physical_minus_recency,True,nwis,0.04595324907711167,0.04682603154465898,-0.0008727824675473089,-0.001047269793540132,-0.0007013503506967107,-0.018638830555498125,-0.02189834644850872,-0.01532245088736879,4,2271,86,48,46,7,10000,10000,0.0,2496612272
colorado,exclude_bright_zero,backfill_60min,recovery,physical_minus_recency,True,nwis,0.04595324907711167,0.04682603154465898,-0.0008727824675473089,-0.0010301188103664042,-0.000719525633350731,-0.018638830555498125,-0.021811246387957027,-0.0151106402460592,4,2271,86,24,24,14,10000,10000,0.0,1129445019
colorado,exclude_bright_zero,backfill_60min,recovery,physical_minus_recency,True,nwis,0.04595324907711167,0.04682603154465898,-0.0008727824675473089,-0.0010191712291683914,-0.0007160423044141436,-0.018638830555498125,-0.021654177919818017,-0.014786343998068512,4,2271,86,12,12,28,10000,10000,0.0,655927679
colorado,exclude_bright_zero,channel_gap_6h,recovery,physical_recovery_minus_physical_availability,True,nwis,0.048144689749651526,0.04813617624574652,8.513503905002717e-06,-1.693694875766795e-05,3.411065580392735e-05,0.00017686290372420264,-0.00036072490945245067,0.0006950723988898287,4,2272,84,48,46,7,10000,10000,0.0,1646114201
colorado,exclude_bright_zero,channel_gap_6h,recovery,physical_recovery_minus_physical_availability,True,nwis,0.048144689749651526,0.04813617624574652,8.513503905002717e-06,-1.741065552993623e-05,3.295584112210474e-05,0.00017686290372420264,-0.00037524711991211306,0.0006685769887623898,4,2272,84,24,24,14,10000,10000,0.0,875170892
colorado,exclude_bright_zero,channel_gap_6h,recovery,physical_recovery_minus_physical_availability,True,nwis,0.048144689749651526,0.04813617624574652,8.513503905002717e-06,-2.0108805654404926e-05,3.341297271036261e-05,0.00017686290372420264,-0.0004265598624754561,0.0006853057854927562,4,2272,84,12,12,28,10000,10000,0.0,1928534783
colorado,exclude_bright_zero,channel_gap_6h,recovery,physical_recovery_minus_physical,True,nwis,0.048144689749651526,0.04811577617056183,2.891357908969827e-05,-4.749393165625303e-06,6.495259007529841e-05,0.0006009168175362027,-0.00010037808081071876,0.00134745226376638,4,2272,84,48,46,7,10000,10000,0.0,1343098764
colorado,exclude_bright_zero,channel_gap_6h,recovery,physical_recovery_minus_physical,True,nwis,0.048144689749651526,0.04811577617056183,2.891357908969827e-05,6.027940976510719e-08,5.766493924671544e-05,0.0006009168175362027,1.230944042001507e-06,0.0012284940001464635,4,2272,84,24,24,14,10000,10000,0.0,3617261232
colorado,exclude_bright_zero,channel_gap_6h,recovery,physical_recovery_minus_physical,True,nwis,0.048144689749651526,0.04811577617056183,2.891357908969827e-05,4.195375199309709e-06,4.936482166176294e-05,0.0006009168175362027,8.381622769020913e-05,0.001047073583512632,4,2272,84,12,12,28,10000,10000,0.0,2456816293
colorado,exclude_bright_zero,channel_gap_6h,recovery,physical_minus_recency,True,nwis,0.04811577617056183,0.04923769345737466,-0.0011219172868128305,-0.0013025283090067697,-0.0009355578265398694,-0.0227857401115688,-0.02609438849105655,-0.019316764354794985,4,2272,84,48,46,7,10000,10000,0.0,3414778203
colorado,exclude_bright_zero,channel_gap_6h,recovery,physical_minus_recency,True,nwis,0.04811577617056183,0.04923769345737466,-0.0011219172868128305,-0.0013067628976573,-0.0009241651636303479,-0.0227857401115688,-0.026669923291029716,-0.018536687802815414,4,2272,84,24,24,14,10000,10000,0.0,1900941311
colorado,exclude_bright_zero,channel_gap_6h,recovery,physical_minus_recency,True,nwis,0.04811577617056183,0.04923769345737466,-0.0011219172868128305,-0.001295387187805781,-0.0009269563563489644,-0.0227857401115688,-0.02682300193566651,-0.017956275649263047,4,2272,84,12,12,28,10000,10000,0.0,3387096831
colorado,exclude_bright_zero,clean,all,physical_recovery_minus_physical_availability,True,nwis,0.046011044078010876,0.046013062274750924,-2.018196740047329e-06,-1.007288366082649e-05,3.174522086333946e-06,-4.3861387186020617e-05,-0.00022275518456020912,6.83078906675738e-05,4,15828,322,48,47,7,10000,10000,0.0,1729867218
colorado,exclude_bright_zero,clean,all,physical_recovery_minus_physical_availability,True,nwis,0.046011044078010876,0.046013062274750924,-2.018196740047329e-06,-1.0751768259623269e-05,4.085567572589474e-06,-4.3861387186020617e-05,-0.0002387638099794397,8.6102142544366e-05,4,15828,322,24,24,14,10000,10000,0.0,2232506000
colorado,exclude_bright_zero,clean,all,physical_recovery_minus_physical_availability,True,nwis,0.046011044078010876,0.046013062274750924,-2.018196740047329e-06,-6.878234248840382e-06,0.0,-4.3861387186020617e-05,-0.00014589727081056858,0.0,4,15828,322,12,12,28,10000,10000,0.0,4224622108
colorado,exclude_bright_zero,clean,all,physical_recovery_minus_physical,True,nwis,0.046011044078010876,0.046012585850326804,-1.5417723159272256e-06,-6.687339661984489e-06,2.260556250224982e-06,-3.350762160906189e-05,-0.00014654866211378042,4.8567679582363356e-05,4,15828,322,48,47,7,10000,10000,0.0,188524896
colorado,exclude_bright_zero,clean,all,physical_recovery_minus_physical,True,nwis,0.046011044078010876,0.046012585850326804,-1.5417723159272256e-06,-6.203087029904922e-06,1.1910236638377688e-06,-3.350762160906189e-05,-0.00013756792331769485,2.5271451856825437e-05,4,15828,322,24,24,14,10000,10000,0.0,3836467237
colorado,exclude_bright_zero,clean,all,physical_recovery_minus_physical,True,nwis,0.046011044078010876,0.046012585850326804,-1.5417723159272256e-06,-5.171829049979877e-06,0.0,-3.350762160906189e-05,-0.00011002586935960608,0.0,4,15828,322,12,12,28,10000,10000,0.0,3022208664
colorado,exclude_bright_zero,clean,all,physical_minus_recency,True,nwis,0.046012585850326804,0.04712606590780029,-0.0011134800574734843,-0.0012379638445656697,-0.0009891286306132753,-0.023627689602861195,-0.02607629571481703,-0.021010517651091805,4,15828,322,48,47,7,10000,10000,0.0,1497704416
colorado,exclude_bright_zero,clean,all,physical_minus_recency,True,nwis,0.046012585850326804,0.04712606590780029,-0.0011134800574734843,-0.0012516155212644918,-0.0009562121488052569,-0.023627689602861195,-0.02655479206069088,-0.020209231902750324,4,15828,322,24,24,14,10000,10000,0.0,3061481502
colorado,exclude_bright_zero,clean,all,physical_minus_recency,True,nwis,0.046012585850326804,0.04712606590780029,-0.0011134800574734843,-0.0012674529149278417,-0.0009217170004303729,-0.023627689602861195,-0.02705895586080009,-0.019353070538432382,4,15828,322,12,12,28,10000,10000,0.0,218592034
colorado,exclude_bright_zero,cross_site_weights,recovery,physical_recovery_minus_physical_availability,True,nwis,0.05639694011918717,0.05636284515243249,3.4094966754674716e-05,-7.232033577009993e-06,7.836031493637266e-05,0.0006049191921107846,-0.00012644743819201681,0.0014009385509727793,4,2271,86,48,46,7,10000,10000,0.0,2458751996
colorado,exclude_bright_zero,cross_site_weights,recovery,physical_recovery_minus_physical_availability,True,nwis,0.05639694011918717,0.05636284515243249,3.4094966754674716e-05,-9.775758787854139e-06,7.761256194518047e-05,0.0006049191921107846,-0.00016637592805252352,0.0013939361304810094,4,2271,86,24,24,14,10000,10000,0.0,405694562
colorado,exclude_bright_zero,cross_site_weights,recovery,physical_recovery_minus_physical_availability,True,nwis,0.05639694011918717,0.05636284515243249,3.4094966754674716e-05,5.408375952505561e-06,6.250185302470438e-05,0.0006049191921107846,9.48150076662209e-05,0.0011153815197079988,4,2271,86,12,12,28,10000,10000,0.0,3763184960
colorado,exclude_bright_zero,cross_site_weights,recovery,physical_recovery_minus_physical,True,nwis,0.05639694011918717,0.05636121863041685,3.572148877031833e-05,-2.780552978190933e-05,8.999254363983699e-05,0.0006337955359794203,-0.000490077366357984,0.0015966832911113538,4,2271,86,48,46,7,10000,10000,0.0,2741502305
colorado,exclude_bright_zero,cross_site_weights,recovery,physical_recovery_minus_physical,True,nwis,0.05639694011918717,0.05636121863041685,3.572148877031833e-05,-2.2748360898106057e-05,8.754458705177437e-05,0.0006337955359794203,-0.0003922178117795296,0.0015666512609838017,4,2271,86,24,24,14,10000,10000,0.0,2694281358
colorado,exclude_bright_zero,cross_site_weights,recovery,physical_recovery_minus_physical,True,nwis,0.05639694011918717,0.05636121863041685,3.572148877031833e-05,-1.332083496125673e-05,7.088815217924717e-05,0.0006337955359794203,-0.000230696598025007,0.001259114418547521,4,2271,86,12,12,28,10000,10000,0.0,3027930422
colorado,exclude_bright_zero,cross_site_weights,recovery,physical_minus_recency,True,nwis,0.05636121863041685,0.05766933960605164,-0.0013081209756347911,-0.001503966668398053,-0.0011153050324659941,-0.022683127370120276,-0.025547593428519845,-0.01981619815281942,4,2271,86,48,46,7,10000,10000,0.0,435067157
colorado,exclude_bright_zero,cross_site_weights,recovery,physical_minus_recency,True,nwis,0.05636121863041685,0.05766933960605164,-0.0013081209756347911,-0.0015399336100340917,-0.0010812299048188025,-0.022683127370120276,-0.026149568129262696,-0.019194446970162822,4,2271,86,24,24,14,10000,10000,0.0,2578767122
colorado,exclude_bright_zero,cross_site_weights,recovery,physical_minus_recency,True,nwis,0.05636121863041685,0.05766933960605164,-0.0013081209756347911,-0.0015601231092055052,-0.0010595844711562595,-0.022683127370120276,-0.02642157547959566,-0.018799295502345412,4,2271,86,12,12,28,10000,10000,0.0,1989133567
colorado,exclude_bright_zero,duration_24h,recovery,physical_recovery_minus_physical_availability,True,nwis,0.04949769817641592,0.04948128508751207,1.6413088903856343e-05,-1.9361773981802118e-05,5.6118248266118215e-05,0.00033170296355133726,-0.00038964005333055136,0.0011284570909176018,4,2272,85,48,46,7,10000,10000,0.0,839791232
colorado,exclude_bright_zero,duration_24h,recovery,physical_recovery_minus_physical_availability,True,nwis,0.04949769817641592,0.04948128508751207,1.6413088903856343e-05,-1.994650182282915e-05,5.399596049875785e-05,0.00033170296355133726,-0.0004011448245276187,0.0010896991462267097,4,2272,85,24,24,14,10000,10000,0.0,2274755609
colorado,exclude_bright_zero,duration_24h,recovery,physical_recovery_minus_physical_availability,True,nwis,0.04949769817641592,0.04948128508751207,1.6413088903856343e-05,-1.4125237205948012e-05,4.652616320633146e-05,0.00033170296355133726,-0.0002884311524003252,0.000940547421995448,4,2272,85,12,12,28,10000,10000,0.0,3631803328
colorado,exclude_bright_zero,duration_24h,recovery,physical_recovery_minus_physical,True,nwis,0.04949769817641592,0.049498129752577745,-4.315761618217673e-07,-3.66168468759552e-05,3.7606387858171374e-05,-8.719039769362029e-06,-0.0007442332742013053,0.0007610435344335693,4,2272,85,48,46,7,10000,10000,0.0,2115511437
colorado,exclude_bright_zero,duration_24h,recovery,physical_recovery_minus_physical,True,nwis,0.04949769817641592,0.049498129752577745,-4.315761618217673e-07,-3.395074644977417e-05,3.679743481360252e-05,-8.719039769362029e-06,-0.0006897252612708521,0.0007473903612949242,4,2272,85,24,24,14,10000,10000,0.0,873170519
colorado,exclude_bright_zero,duration_24h,recovery,physical_recovery_minus_physical,True,nwis,0.04949769817641592,0.049498129752577745,-4.315761618217673e-07,-3.175979698492523e-05,3.912019864934397e-05,-8.719039769362029e-06,-0.0006626547320183167,0.0007494665337125457,4,2272,85,12,12,28,10000,10000,0.0,1146591545
colorado,exclude_bright_zero,duration_24h,recovery,physical_minus_recency,True,nwis,0.049498129752577745,0.05058384373423028,-0.0010857139816525321,-0.0012780721573284106,-0.0008913324177047474,-0.021463651266932594,-0.025095816145753628,-0.017833057959356132,4,2272,85,48,46,7,10000,10000,0.0,1032376890
colorado,exclude_bright_zero,duration_24h,recovery,physical_minus_recency,True,nwis,0.049498129752577745,0.05058384373423028,-0.0010857139816525321,-0.0012946488666957935,-0.0008709641807445025,-0.021463651266932594,-0.02581216167246427,-0.01709241345346661,4,2272,85,24,24,14,10000,10000,0.0,368548395
colorado,exclude_bright_zero,duration_24h,recovery,physical_minus_recency,True,nwis,0.049498129752577745,0.05058384373423028,-0.0010857139816525321,-0.001293642396575566,-0.0008517564020140791,-0.021463651266932594,-0.026213094705528073,-0.01647944339473182,4,2272,85,12,12,28,10000,10000,0.0,3095490772
colorado,exclude_bright_zero,duration_6h,recovery,physical_recovery_minus_physical_availability,True,nwis,0.045780582288602586,0.045763718832550794,1.6863456051792458e-05,-4.4050192912774114e-05,6.458611384973309e-05,0.0003684896350643127,-0.0009628291853085211,0.0014262398987872793,4,2268,85,48,46,7,10000,10000,0.0,3568623978
colorado,exclude_bright_zero,duration_6h,recovery,physical_recovery_minus_physical_availability,True,nwis,0.045780582288602586,0.045763718832550794,1.6863456051792458e-05,-3.915732275459674e-05,6.533796270791736e-05,0.0003684896350643127,-0.0008696228998584148,0.001438768454997221,4,2268,85,24,24,14,10000,10000,0.0,5568880
colorado,exclude_bright_zero,duration_6h,recovery,physical_recovery_minus_physical_availability,True,nwis,0.045780582288602586,0.045763718832550794,1.6863456051792458e-05,-3.616964269226499e-05,6.930120383453925e-05,0.0003684896350643127,-0.000798706859707566,0.0015152821557966052,4,2268,85,12,12,28,10000,10000,0.0,1716501161
colorado,exclude_bright_zero,duration_6h,recovery,physical_recovery_minus_physical,True,nwis,0.045780582288602586,0.045750290441706004,3.0291846896582375e-05,-3.211398816228422e-05,7.978399308377814e-05,0.000662112668665559,-0.0007022008192695372,0.001762982549656438,4,2268,85,48,46,7,10000,10000,0.0,3027152094
colorado,exclude_bright_zero,duration_6h,recovery,physical_recovery_minus_physical,True,nwis,0.045780582288602586,0.045750290441706004,3.0291846896582375e-05,-2.502052902534444e-05,8.144564605529688e-05,0.000662112668665559,-0.0005524844844785401,0.0018003428646556278,4,2268,85,24,24,14,10000,10000,0.0,3074309882
colorado,exclude_bright_zero,duration_6h,recovery,physical_recovery_minus_physical,True,nwis,0.045780582288602586,0.045750290441706004,3.0291846896582375e-05,-2.0531919639800615e-05,8.254766345572126e-05,0.000662112668665559,-0.0004680625258687477,0.001774826356706865,4,2268,85,12,12,28,10000,10000,0.0,40036023
colorado,exclude_bright_zero,duration_6h,recovery,physical_minus_recency,True,nwis,0.045750290441706004,0.04671109592217086,-0.0009608054804648575,-0.0011480973012332595,-0.0007796487671720105,-0.020569105937178894,-0.024103869600589266,-0.017103725875009797,4,2268,85,48,46,7,10000,10000,0.0,2981515913
colorado,exclude_bright_zero,duration_6h,recovery,physical_minus_recency,True,nwis,0.045750290441706004,0.04671109592217086,-0.0009608054804648575,-0.0011218876001733106,-0.000790023558850934,-0.020569105937178894,-0.024107179595744092,-0.016680931239666512,4,2268,85,24,24,14,10000,10000,0.0,2971351772
colorado,exclude_bright_zero,duration_6h,recovery,physical_minus_recency,True,nwis,0.045750290441706004,0.04671109592217086,-0.0009608054804648575,-0.0011295132143846732,-0.000777454944569971,-0.020569105937178894,-0.02436638085846784,-0.016085345807903807,4,2268,85,12,12,28,10000,10000,0.0,1204758019
colorado,exclude_bright_zero,irradiance_first,recovery,physical_recovery_minus_physical_availability,True,nwis,0.04770694810935035,0.04768642867143791,2.0519437912439042e-05,-7.962724817261665e-06,4.8824844232053256e-05,0.000430299321717277,-0.00016929648146893396,0.001012117185849624,4,2272,83,48,46,7,10000,10000,0.0,2122591249
colorado,exclude_bright_zero,irradiance_first,recovery,physical_recovery_minus_physical_availability,True,nwis,0.04770694810935035,0.04768642867143791,2.0519437912439042e-05,-9.338651804625779e-06,4.745315317618864e-05,0.000430299321717277,-0.0002003764289784948,0.0009845156661308736,4,2272,83,24,24,14,10000,10000,0.0,3143858152
colorado,exclude_bright_zero,irradiance_first,recovery,physical_recovery_minus_physical_availability,True,nwis,0.04770694810935035,0.04768642867143791,2.0519437912439042e-05,-1.640795218038303e-05,5.5125992198730245e-05,0.000430299321717277,-0.00033893191747330566,0.0011416622917039734,4,2272,83,12,12,28,10000,10000,0.0,2843512475
colorado,exclude_bright_zero,irradiance_first,recovery,physical_recovery_minus_physical,True,nwis,0.04770694810935035,0.04768060166611956,2.6346443230788885e-05,-7.08540568943438e-06,5.973350058085382e-05,0.0005525610481025012,-0.00015042880647472977,0.001251160030755972,4,2272,83,48,46,7,10000,10000,0.0,725614483
colorado,exclude_bright_zero,irradiance_first,recovery,physical_recovery_minus_physical,True,nwis,0.04770694810935035,0.04768060166611956,2.6346443230788885e-05,-6.711049278142894e-06,5.646357952926867e-05,0.0005525610481025012,-0.00013751425229740227,0.0011876352016712203,4,2272,83,24,24,14,10000,10000,0.0,2107776615
colorado,exclude_bright_zero,irradiance_first,recovery,physical_recovery_minus_physical,True,nwis,0.04770694810935035,0.04768060166611956,2.6346443230788885e-05,-1.2482980360644172e-05,5.8990190274288766e-05,0.0005525610481025012,-0.00026192816386667737,0.0012292549443240395,4,2272,83,12,12,28,10000,10000,0.0,2117485359
colorado,exclude_bright_zero,irradiance_first,recovery,physical_minus_recency,True,nwis,0.04768060166611956,0.04877354343004537,-0.0010929417639258115,-0.0012832310966070372,-0.0009009927480110212,-0.022408496226922484,-0.025781490499353004,-0.018903212024770112,4,2272,83,48,46,7,10000,10000,0.0,3717688153
colorado,exclude_bright_zero,irradiance_first,recovery,physical_minus_recency,True,nwis,0.04768060166611956,0.04877354343004537,-0.0010929417639258115,-0.0012605118003736603,-0.0009042343909323852,-0.022408496226922484,-0.025959167119564995,-0.018224236120914138,4,2272,83,24,24,14,10000,10000,0.0,587305931
colorado,exclude_bright_zero,irradiance_first,recovery,physical_minus_recency,True,nwis,0.04768060166611956,0.04877354343004537,-0.0010929417639258115,-0.001257247826798277,-0.0009054819219686733,-0.022408496226922484,-0.026168117872841054,-0.017833968251857214,4,2272,83,12,12,28,10000,10000,0.0,1371334188
colorado,exclude_bright_zero,irradiance_only,recovery,physical_recovery_minus_physical_availability,True,nwis,0.046959228401734554,0.04691660421137963,4.262419035492432e-05,-1.787141683191536e-06,8.721671622005257e-05,0.0009085097072005441,-3.948539098793263e-05,0.0018638780479329578,4,2271,86,48,46,7,10000,10000,0.0,844505295
colorado,exclude_bright_zero,irradiance_only,recovery,physical_recovery_minus_physical_availability,True,nwis,0.046959228401734554,0.04691660421137963,4.262419035492432e-05,7.338933841102505e-07,8.137332622228689e-05,0.0009085097072005441,1.5672928843517395e-05,0.0017456451629233307,4,2271,86,24,24,14,10000,10000,0.0,2776180591
colorado,exclude_bright_zero,irradiance_only,recovery,physical_recovery_minus_physical_availability,True,nwis,0.046959228401734554,0.04691660421137963,4.262419035492432e-05,6.228082949022094e-06,7.696736217503735e-05,0.0009085097072005441,0.0001276043092282339,0.0016735934252487547,4,2271,86,12,12,28,10000,10000,0.0,905130473
colorado,exclude_bright_zero,irradiance_only,recovery,physical_recovery_minus_physical,True,nwis,0.046959228401734554,0.04691941785716912,3.9810544565435646e-05,-3.916320489770128e-06,8.098609222701792e-05,0.0008484876067010439,-7.895958985284985e-05,0.001754824557356234,4,2271,86,48,46,7,10000,10000,0.0,3739621768
colorado,exclude_bright_zero,irradiance_only,recovery,physical_recovery_minus_physical,True,nwis,0.046959228401734554,0.04691941785716912,3.9810544565435646e-05,7.332432300810255e-06,7.360923094664445e-05,0.0008484876067010439,0.00015180276359536197,0.0016132728227560267,4,2271,86,24,24,14,10000,10000,0.0,2993754704
colorado,exclude_bright_zero,irradiance_only,recovery,physical_recovery_minus_physical,True,nwis,0.046959228401734554,0.04691941785716912,3.9810544565435646e-05,9.565737964534713e-06,6.919865432731108e-05,0.0008484876067010439,0.0001930123083184165,0.0015236523161680992,4,2271,86,12,12,28,10000,10000,0.0,1459159543
colorado,exclude_bright_zero,irradiance_only,recovery,physical_minus_recency,True,nwis,0.04691941785716912,0.047993642772345385,-0.0010742249151762667,-0.0012687105679030013,-0.0008866699008524617,-0.022382650141223502,-0.025970122648803814,-0.018846774931185133,4,2271,86,48,46,7,10000,10000,0.0,922770711
colorado,exclude_bright_zero,irradiance_only,recovery,physical_minus_recency,True,nwis,0.04691941785716912,0.047993642772345385,-0.0010742249151762667,-0.0012466562899100754,-0.0008930479593509265,-0.022382650141223502,-0.026000982334891093,-0.01826546675732306,4,2271,86,24,24,14,10000,10000,0.0,2376697202
colorado,exclude_bright_zero,irradiance_only,recovery,physical_minus_recency,True,nwis,0.04691941785716912,0.047993642772345385,-0.0010742249151762667,-0.00123598489943643,-0.0008828703872688663,-0.022382650141223502,-0.026097614346689127,-0.017652020475088306,4,2271,86,12,12,28,10000,10000,0.0,1061868246
colorado,exclude_bright_zero,joint_gradual,recovery,physical_recovery_minus_physical_availability,True,nwis,0.0466799732740977,0.046631924626032654,4.8048648065047994e-05,1.2681829504457635e-05,8.781509460425891e-05,0.0010303809772034252,0.0002711095662769916,0.0018809779728549674,4,2271,86,48,46,7,10000,10000,0.0,4016904602
colorado,exclude_bright_zero,joint_gradual,recovery,physical_recovery_minus_physical_availability,True,nwis,0.0466799732740977,0.046631924626032654,4.8048648065047994e-05,1.2861783020337234e-05,8.623826907742174e-05,0.0010303809772034252,0.00027708461642050213,0.001868746355522883,4,2271,86,24,24,14,10000,10000,0.0,2984311575
colorado,exclude_bright_zero,joint_gradual,recovery,physical_recovery_minus_physical_availability,True,nwis,0.0466799732740977,0.046631924626032654,4.8048648065047994e-05,1.2455903454310773e-05,8.427921163626834e-05,0.0010303809772034252,0.0002566893647336268,0.0018414392598695086,4,2271,86,12,12,28,10000,10000,0.0,1930752130
colorado,exclude_bright_zero,joint_gradual,recovery,physical_recovery_minus_physical,True,nwis,0.0466799732740977,0.046635279405855906,4.469386824179633e-05,8.775125839871265e-06,8.118910696602882e-05,0.0009583703327439313,0.00018084848899610915,0.0017756987350819003,4,2271,86,48,46,7,10000,10000,0.0,1986337950
colorado,exclude_bright_zero,joint_gradual,recovery,physical_recovery_minus_physical,True,nwis,0.0466799732740977,0.046635279405855906,4.469386824179633e-05,7.080264444651702e-06,7.987717904386398e-05,0.0009583703327439313,0.00014316458893134568,0.0017938649871214703,4,2271,86,24,24,14,10000,10000,0.0,1004165341
colorado,exclude_bright_zero,joint_gradual,recovery,physical_recovery_minus_physical,True,nwis,0.0466799732740977,0.046635279405855906,4.469386824179633e-05,1.3671220943947859e-05,7.199309985815268e-05,0.0009583703327439313,0.00027112619322322134,0.001617807266689709,4,2271,86,12,12,28,10000,10000,0.0,158631678
colorado,exclude_bright_zero,joint_gradual,recovery,physical_minus_recency,True,nwis,0.046635279405855906,0.04765476668834394,-0.0010194872824880324,-0.0011951479925244861,-0.0008328500819622198,-0.0213931858937711,-0.024679367139179915,-0.017795178603025746,4,2271,86,48,46,7,10000,10000,0.0,999705224
colorado,exclude_bright_zero,joint_gradual,recovery,physical_minus_recency,True,nwis,0.046635279405855906,0.04765476668834394,-0.0010194872824880324,-0.0011768336711678266,-0.0008545269240549469,-0.0213931858937711,-0.024793958076593972,-0.017553981838156554,4,2271,86,24,24,14,10000,10000,0.0,3236319265
colorado,exclude_bright_zero,joint_gradual,recovery,physical_minus_recency,True,nwis,0.046635279405855906,0.04765476668834394,-0.0010194872824880324,-0.0011726621071916144,-0.0008464125212173809,-0.0213931858937711,-0.024938229897902033,-0.016997884657322358,4,2271,86,12,12,28,10000,10000,0.0,1592938095
colorado,exclude_bright_zero,joint_immediate,recovery,physical_recovery_minus_physical_availability,True,nwis,0.046957179954117745,0.04691467199688902,4.2507957228724025e-05,2.056082562012888e-06,8.395497295424544e-05,0.0009060695816341376,4.330188488747939e-05,0.0018113580270690895,4,2271,86,48,46,7,10000,10000,0.0,3218657773
colorado,exclude_bright_zero,joint_immediate,recovery,physical_recovery_minus_physical_availability,True,nwis,0.046957179954117745,0.04691467199688902,4.2507957228724025e-05,5.818243335432675e-06,8.06914559649121e-05,0.0009060695816341376,0.00012397887363203915,0.0017417571075307328,4,2271,86,24,24,14,10000,10000,0.0,1874088286
colorado,exclude_bright_zero,joint_immediate,recovery,physical_recovery_minus_physical_availability,True,nwis,0.046957179954117745,0.04691467199688902,4.2507957228724025e-05,3.7427636992000413e-06,7.876197277934778e-05,0.0009060695816341376,7.663201270371711e-05,0.001716963554127353,4,2271,86,12,12,28,10000,10000,0.0,2331483044
colorado,exclude_bright_zero,joint_immediate,recovery,physical_recovery_minus_physical,True,nwis,0.046957179954117745,0.04691277663356881,4.4403320548933034e-05,2.9537613078129563e-06,8.506216139881218e-05,0.0009465080461078462,6.041968500978128e-05,0.0018413088638089675,4,2271,86,48,46,7,10000,10000,0.0,2668201259
colorado,exclude_bright_zero,joint_immediate,recovery,physical_recovery_minus_physical,True,nwis,0.046957179954117745,0.04691277663356881,4.4403320548933034e-05,3.490967747053591e-06,8.14981959090492e-05,0.0009465080461078462,7.141931848317568e-05,0.0017918385900909859,4,2271,86,24,24,14,10000,10000,0.0,3170302458
colorado,exclude_bright_zero,joint_immediate,recovery,physical_recovery_minus_physical,True,nwis,0.046957179954117745,0.04691277663356881,4.4403320548933034e-05,9.4008049485542e-06,7.595632384847557e-05,0.0009465080461078462,0.00019267144293084933,0.0016794523315048094,4,2271,86,12,12,28,10000,10000,0.0,527520193
colorado,exclude_bright_zero,joint_immediate,recovery,physical_minus_recency,True,nwis,0.04691277663356881,0.04794752775018969,-0.00103475111662088,-0.0012186221940273993,-0.0008502938356633583,-0.02158090656961529,-0.02499374242599311,-0.018061014224665398,4,2271,86,48,46,7,10000,10000,0.0,3306329922
colorado,exclude_bright_zero,joint_immediate,recovery,physical_minus_recency,True,nwis,0.04691277663356881,0.04794752775018969,-0.00103475111662088,-0.0011965235793598952,-0.0008659841373860791,-0.02158090656961529,-0.02503797919861782,-0.017736363045385735,4,2271,86,24,24,14,10000,10000,0.0,1297644581
colorado,exclude_bright_zero,joint_immediate,recovery,physical_minus_recency,True,nwis,0.04691277663356881,0.04794752775018969,-0.00103475111662088,-0.001192657909715156,-0.0008479276354444017,-0.02158090656961529,-0.02515863307994184,-0.016996204906152952,4,2271,86,12,12,28,10000,10000,0.0,3250164910
colorado,exclude_bright_zero,joint_none,recovery,physical_recovery_minus_physical_availability,True,nwis,0.06156219715170713,0.06149140835120677,7.078880050036263e-05,-4.385407720514881e-05,0.00019061316595452116,0.0011511982307520754,-0.0007310812993572662,0.0029963052786311306,4,2271,86,48,46,7,10000,10000,0.0,2529228633
colorado,exclude_bright_zero,joint_none,recovery,physical_recovery_minus_physical_availability,True,nwis,0.06156219715170713,0.06149140835120677,7.078880050036263e-05,-6.050276414661572e-05,0.00021174879957876647,0.0011511982307520754,-0.0010270857169212071,0.003320573359661685,4,2271,86,24,24,14,10000,10000,0.0,586223149
colorado,exclude_bright_zero,joint_none,recovery,physical_recovery_minus_physical_availability,True,nwis,0.06156219715170713,0.06149140835120677,7.078880050036263e-05,-6.581694452752508e-05,0.00021787001948391706,0.0011511982307520754,-0.0011220579971484878,0.003352538813150573,4,2271,86,12,12,28,10000,10000,0.0,3772020773
colorado,exclude_bright_zero,joint_none,recovery,physical_recovery_minus_physical,True,nwis,0.06156219715170713,0.06192881184791385,-0.0003666146962067185,-0.0005752311934178139,-0.00018404667989930273,-0.005919937509976116,-0.008895354154265,-0.0031029909370488386,4,2271,86,48,46,7,10000,10000,0.0,2085333597
colorado,exclude_bright_zero,joint_none,recovery,physical_recovery_minus_physical,True,nwis,0.06156219715170713,0.06192881184791385,-0.0003666146962067185,-0.0005945114013868871,-0.0001752204022670824,-0.005919937509976116,-0.009136423684755741,-0.0029887280855861263,4,2271,86,24,24,14,10000,10000,0.0,1178153300
colorado,exclude_bright_zero,joint_none,recovery,physical_recovery_minus_physical,True,nwis,0.06156219715170713,0.06192881184791385,-0.0003666146962067185,-0.0005986651656797789,-0.00017338541804308598,-0.005919937509976116,-0.008917804402071246,-0.0030144477832081797,4,2271,86,12,12,28,10000,10000,0.0,2255448245
colorado,exclude_bright_zero,joint_none,recovery,physical_minus_recency,True,nwis,0.06192881184791385,0.06309722716278338,-0.0011684153148695253,-0.0013889168847928783,-0.000947564394839599,-0.0185176966945814,-0.02078381063004681,-0.015995898478253223,4,2271,86,48,46,7,10000,10000,0.0,3039256499
colorado,exclude_bright_zero,joint_none,recovery,physical_minus_recency,True,nwis,0.06192881184791385,0.06309722716278338,-0.0011684153148695253,-0.0014071747327360517,-0.0009409573494352709,-0.0185176966945814,-0.02109934605131385,-0.01565800921155347,4,2271,86,24,24,14,10000,10000,0.0,422388405
colorado,exclude_bright_zero,joint_none,recovery,physical_minus_recency,True,nwis,0.06192881184791385,0.06309722716278338,-0.0011684153148695253,-0.0014268098802680807,-0.0009135391345175121,-0.0185176966945814,-0.021220054060435537,-0.015318363954578511,4,2271,86,12,12,28,10000,10000,0.0,934614083
colorado,exclude_bright_zero,narrow_quality,recovery,physical_recovery_minus_physical_availability,True,nwis,0.047011548209574275,0.0469539843325773,5.756387699697163e-05,2.2016612136670916e-05,9.651746346353153e-05,0.0012259636283311753,0.00047019854557713367,0.0020524172678775764,4,2271,86,48,46,7,10000,10000,0.0,1224931173
colorado,exclude_bright_zero,narrow_quality,recovery,physical_recovery_minus_physical_availability,True,nwis,0.047011548209574275,0.0469539843325773,5.756387699697163e-05,2.1010946759325577e-05,9.732180781930749e-05,0.0012259636283311753,0.00045165819406794614,0.002079364254279819,4,2271,86,24,24,14,10000,10000,0.0,1295567765
colorado,exclude_bright_zero,narrow_quality,recovery,physical_recovery_minus_physical_availability,True,nwis,0.047011548209574275,0.0469539843325773,5.756387699697163e-05,2.3770566586737116e-05,9.212157685623659e-05,0.0012259636283311753,0.0004936831815868905,0.0019869308337322573,4,2271,86,12,12,28,10000,10000,0.0,926715375
colorado,exclude_bright_zero,narrow_quality,recovery,physical_recovery_minus_physical,True,nwis,0.047011548209574275,0.04696625619582524,4.529201374903202e-05,1.7503336205457916e-06,8.474315953327475e-05,0.000964352226845323,3.479452818985413e-05,0.0018245417866889714,4,2271,86,48,46,7,10000,10000,0.0,3485203995
colorado,exclude_bright_zero,narrow_quality,recovery,physical_recovery_minus_physical,True,nwis,0.047011548209574275,0.04696625619582524,4.529201374903202e-05,-4.112301540979031e-06,8.96991533274006e-05,0.000964352226845323,-8.266037167446479e-05,0.001954070980539173,4,2271,86,24,24,14,10000,10000,0.0,3497263400
colorado,exclude_bright_zero,narrow_quality,recovery,physical_recovery_minus_physical,True,nwis,0.047011548209574275,0.04696625619582524,4.529201374903202e-05,7.682836867022556e-06,7.226238091535761e-05,0.000964352226845323,0.00015577454506692548,0.0015795653165153432,4,2271,86,12,12,28,10000,10000,0.0,1327455640
colorado,exclude_bright_zero,narrow_quality,recovery,physical_minus_recency,True,nwis,0.04696625619582524,0.04803538254305661,-0.0010691263472313653,-0.0012652097652706058,-0.0008716388440268891,-0.02225705908083592,-0.025823792734436937,-0.018515389223624824,4,2271,86,48,46,7,10000,10000,0.0,979797982
colorado,exclude_bright_zero,narrow_quality,recovery,physical_minus_recency,True,nwis,0.04696625619582524,0.04803538254305661,-0.0010691263472313653,-0.0012423428362996131,-0.000886125814675247,-0.02225705908083592,-0.025868468592168112,-0.018163817478951304,4,2271,86,24,24,14,10000,10000,0.0,1429691508
colorado,exclude_bright_zero,narrow_quality,recovery,physical_minus_recency,True,nwis,0.04696625619582524,0.04803538254305661,-0.0010691263472313653,-0.001251913326609761,-0.000873270199157381,-0.02225705908083592,-0.02641389102224317,-0.017419931628437125,4,2271,86,12,12,28,10000,10000,0.0,3666846774
colorado,exclude_bright_zero,no_block_augmentation,recovery,physical_recovery_minus_physical_availability,True,nwis,0.04202754941797064,0.04198921035540766,3.833906256298092e-05,9.500214859380596e-06,7.167550169459472e-05,0.0009130693870751334,0.00022406124452709487,0.0017057873847220616,4,2271,86,48,46,7,10000,10000,0.0,1974988234
colorado,exclude_bright_zero,no_block_augmentation,recovery,physical_recovery_minus_physical_availability,True,nwis,0.04202754941797064,0.04198921035540766,3.833906256298092e-05,1.0193288516574529e-05,7.061951617440397e-05,0.0009130693870751334,0.0002422781341378549,0.0017054109945250715,4,2271,86,24,24,14,10000,10000,0.0,2387604491
colorado,exclude_bright_zero,no_block_augmentation,recovery,physical_recovery_minus_physical_availability,True,nwis,0.04202754941797064,0.04198921035540766,3.833906256298092e-05,1.379917780466762e-05,6.527683644020431e-05,0.0009130693870751334,0.0003356964260964933,0.001566116096958579,4,2271,86,12,12,28,10000,10000,0.0,3347247941
colorado,exclude_bright_zero,no_block_augmentation,recovery,physical_recovery_minus_physical,True,nwis,0.04202754941797064,0.04198631984190797,4.122957606267352e-05,9.436040623089781e-06,7.348490091875804e-05,0.0009819764203653992,0.0002218851677040338,0.001764755207983668,4,2271,86,48,46,7,10000,10000,0.0,1771475277
colorado,exclude_bright_zero,no_block_augmentation,recovery,physical_recovery_minus_physical,True,nwis,0.04202754941797064,0.04198631984190797,4.122957606267352e-05,1.1840889858372347e-05,7.281746122774612e-05,0.0009819764203653992,0.0002789004448855404,0.0017672752739917687,4,2271,86,24,24,14,10000,10000,0.0,3181123278
colorado,exclude_bright_zero,no_block_augmentation,recovery,physical_recovery_minus_physical,True,nwis,0.04202754941797064,0.04198631984190797,4.122957606267352e-05,2.1985230971004188e-05,6.149564333374334e-05,0.0009819764203653992,0.0005293739000898529,0.0014894302698526339,4,2271,86,12,12,28,10000,10000,0.0,1527806470
colorado,exclude_bright_zero,no_block_augmentation,recovery,physical_minus_recency,True,nwis,0.04198631984190797,0.04274509467176046,-0.0007587748298524891,-0.0009240806460458467,-0.0006052155864877482,-0.01775115567480012,-0.02131814989836779,-0.014260815822118035,4,2271,86,48,46,7,10000,10000,0.0,271984361
colorado,exclude_bright_zero,no_block_augmentation,recovery,physical_minus_recency,True,nwis,0.04198631984190797,0.04274509467176046,-0.0007587748298524891,-0.0009012974854137754,-0.000614710371815332,-0.01775115567480012,-0.021279433864525413,-0.014073370106715562,4,2271,86,24,24,14,10000,10000,0.0,2193439551
colorado,exclude_bright_zero,no_block_augmentation,recovery,physical_minus_recency,True,nwis,0.04198631984190797,0.04274509467176046,-0.0007587748298524891,-0.0008926142683616408,-0.000620645505329326,-0.01775115567480012,-0.021624305640820383,-0.01375598634294332,4,2271,86,12,12,28,10000,10000,0.0,610231337
colorado,exclude_bright_zero,no_input_age,recovery,physical_recovery_minus_physical_availability,True,nwis,0.046394861375952764,0.04634089803066371,5.3963345289051445e-05,1.6633315925128694e-05,9.650678526593493e-05,0.0011644863950056377,0.00036192613960066365,0.002060248268917339,4,2271,86,48,46,7,10000,10000,0.0,1471404072
colorado,exclude_bright_zero,no_input_age,recovery,physical_recovery_minus_physical_availability,True,nwis,0.046394861375952764,0.04634089803066371,5.3963345289051445e-05,1.8075907339223583e-05,9.108280723969258e-05,0.0011644863950056377,0.00038358704567179985,0.001995299924588013,4,2271,86,24,24,14,10000,10000,0.0,1093242012
colorado,exclude_bright_zero,no_input_age,recovery,physical_recovery_minus_physical_availability,True,nwis,0.046394861375952764,0.04634089803066371,5.3963345289051445e-05,2.110335726643927e-05,8.648176805150907e-05,0.0011644863950056377,0.0004311770018682163,0.0019180524048616919,4,2271,86,12,12,28,10000,10000,0.0,736385663
colorado,exclude_bright_zero,no_input_age,recovery,physical_recovery_minus_physical,True,nwis,0.046394861375952764,0.04634740976530928,4.745161064348413e-05,1.157102973676303e-05,8.486637542948291e-05,0.0010238244355783037,0.000246703523357523,0.0018434207196766222,4,2271,86,48,46,7,10000,10000,0.0,3539748740
colorado,exclude_bright_zero,no_input_age,recovery,physical_recovery_minus_physical,True,nwis,0.046394861375952764,0.04634740976530928,4.745161064348413e-05,1.305316086091489e-05,8.26105867362252e-05,0.0010238244355783037,0.00027123075584226954,0.0018517279528204704,4,2271,86,24,24,14,10000,10000,0.0,3544903587
colorado,exclude_bright_zero,no_input_age,recovery,physical_recovery_minus_physical,True,nwis,0.046394861375952764,0.04634740976530928,4.745161064348413e-05,1.8797464543225674e-05,7.661560706556292e-05,0.0010238244355783037,0.00038813473770639586,0.00171513721920351,4,2271,86,12,12,28,10000,10000,0.0,2492098180
colorado,exclude_bright_zero,no_input_age,recovery,physical_minus_recency,True,nwis,0.04634740976530928,0.047338976761742646,-0.0009915669964333657,-0.0011632145501313603,-0.0008174993079894079,-0.02094610116783741,-0.024237484574950785,-0.01757084047653473,4,2271,86,48,46,7,10000,10000,0.0,2306177754
colorado,exclude_bright_zero,no_input_age,recovery,physical_minus_recency,True,nwis,0.04634740976530928,0.047338976761742646,-0.0009915669964333657,-0.0011433069977746266,-0.000830031459816477,-0.02094610116783741,-0.02427885283720647,-0.017157250909278672,4,2271,86,24,24,14,10000,10000,0.0,3700370193
colorado,exclude_bright_zero,no_input_age,recovery,physical_minus_recency,True,nwis,0.04634740976530928,0.047338976761742646,-0.0009915669964333657,-0.0011488092805229785,-0.0008151436977368983,-0.02094610116783741,-0.024607381041637948,-0.016515089381694745,4,2271,86,12,12,28,10000,10000,0.0,4154732969
colorado,exclude_bright_zero,privileged_labels,recovery,physical_recovery_minus_physical_availability,True,nwis,0.04668207020483085,0.046633287751487035,4.878245334381803e-05,1.4652505203938301e-05,8.78920803089707e-05,0.0010460865123596709,0.00031531236466048767,0.0018809065421050632,4,2271,86,48,46,7,10000,10000,0.0,2371656983
colorado,exclude_bright_zero,privileged_labels,recovery,physical_recovery_minus_physical_availability,True,nwis,0.04668207020483085,0.046633287751487035,4.878245334381803e-05,1.4877761687973231e-05,8.707780614629189e-05,0.0010460865123596709,0.0003191885801459104,0.0018828100548981697,4,2271,86,24,24,14,10000,10000,0.0,133384698
colorado,exclude_bright_zero,privileged_labels,recovery,physical_recovery_minus_physical_availability,True,nwis,0.04668207020483085,0.046633287751487035,4.878245334381803e-05,1.4289784597957406e-05,8.380869351774961e-05,0.0010460865123596709,0.00029105025080124956,0.0018329032556807338,4,2271,86,12,12,28,10000,10000,0.0,931741337
colorado,exclude_bright_zero,privileged_labels,recovery,physical_recovery_minus_physical,True,nwis,0.04668207020483085,0.04663672740937537,4.534279545548303e-05,8.172454415547245e-06,8.172737392041286e-05,0.0009722550868002754,0.0001700474911299693,0.0017635089226478544,4,2271,86,48,46,7,10000,10000,0.0,3669908135
colorado,exclude_bright_zero,privileged_labels,recovery,physical_recovery_minus_physical,True,nwis,0.04668207020483085,0.04663672740937537,4.534279545548303e-05,8.035067103328785e-06,8.015632722837178e-05,0.0009722550868002754,0.0001594831835220389,0.0017982694618068325,4,2271,86,24,24,14,10000,10000,0.0,4215570355
colorado,exclude_bright_zero,privileged_labels,recovery,physical_recovery_minus_physical,True,nwis,0.04668207020483085,0.04663672740937537,4.534279545548303e-05,1.3561243551920427e-05,7.221682589113337e-05,0.0009722550868002754,0.00027245194973467946,0.001632894317913953,4,2271,86,12,12,28,10000,10000,0.0,857503266
colorado,exclude_bright_zero,privileged_labels,recovery,physical_minus_recency,True,nwis,0.04663672740937537,0.047657171832258885,-0.0010204444228835152,-0.0011988739983606425,-0.0008418642662669902,-0.021412190099639565,-0.024771518527559492,-0.017930471634827576,4,2271,86,48,46,7,10000,10000,0.0,3656203213
colorado,exclude_bright_zero,privileged_labels,recovery,physical_minus_recency,True,nwis,0.04663672740937537,0.047657171832258885,-0.0010204444228835152,-0.001172407345586867,-0.0008507882100754137,-0.021412190099639565,-0.024775920633696123,-0.01745005824189763,4,2271,86,24,24,14,10000,10000,0.0,2942185345
colorado,exclude_bright_zero,privileged_labels,recovery,physical_minus_recency,True,nwis,0.04663672740937537,0.047657171832258885,-0.0010204444228835152,-0.0011787336083119633,-0.0008375590666450911,-0.021412190099639565,-0.024973786947854675,-0.01686622552128303,4,2271,86,12,12,28,10000,10000,0.0,196625821
colorado,exclude_bright_zero,pv_first,recovery,physical_recovery_minus_physical_availability,True,nwis,0.046437874574142834,0.04641617545402168,2.16991201211561e-05,-8.652104363018713e-06,5.1574290444666295e-05,0.0004674904795344573,-0.0001892613819397086,0.0010985025203125985,4,2272,83,48,46,7,10000,10000,0.0,4075271711
colorado,exclude_bright_zero,pv_first,recovery,physical_recovery_minus_physical_availability,True,nwis,0.046437874574142834,0.04641617545402168,2.16991201211561e-05,-1.032955061521668e-05,5.184681286752434e-05,0.0004674904795344573,-0.00022682675422659214,0.0011093191866622947,4,2272,83,24,24,14,10000,10000,0.0,2826927144
colorado,exclude_bright_zero,pv_first,recovery,physical_recovery_minus_physical_availability,True,nwis,0.046437874574142834,0.04641617545402168,2.16991201211561e-05,-1.6969853245249987e-05,5.9031870988832806e-05,0.0004674904795344573,-0.00036105135641367666,0.0012604476593395383,4,2272,83,12,12,28,10000,10000,0.0,1752441149
colorado,exclude_bright_zero,pv_first,recovery,physical_recovery_minus_physical,True,nwis,0.046437874574142834,0.04642227542827598,1.5599145866851405e-05,-1.7572806836121078e-05,4.744081334232764e-05,0.0003360271706403669,-0.00037678444997075203,0.0010337678999537058,4,2272,83,48,46,7,10000,10000,0.0,1368742975
colorado,exclude_bright_zero,pv_first,recovery,physical_recovery_minus_physical,True,nwis,0.046437874574142834,0.04642227542827598,1.5599145866851405e-05,-2.1542991383780365e-05,4.901812588087653e-05,0.0003360271706403669,-0.0004520248994430125,0.0010628745924408716,4,2272,83,24,24,14,10000,10000,0.0,677565078
colorado,exclude_bright_zero,pv_first,recovery,physical_recovery_minus_physical,True,nwis,0.046437874574142834,0.04642227542827598,1.5599145866851405e-05,-2.336666742925042e-05,5.343764659011036e-05,0.0003360271706403669,-0.0005038727297780594,0.0011350496863613692,4,2272,83,12,12,28,10000,10000,0.0,752926517
colorado,exclude_bright_zero,pv_first,recovery,physical_minus_recency,True,nwis,0.04642227542827598,0.04741829155652956,-0.0009960161282535768,-0.0011737282149042439,-0.0008153419777395626,-0.021004892744104445,-0.02422588326413915,-0.017610059078253474,4,2272,83,48,46,7,10000,10000,0.0,2360869702
colorado,exclude_bright_zero,pv_first,recovery,physical_minus_recency,True,nwis,0.04642227542827598,0.04741829155652956,-0.0009960161282535768,-0.0011659073192730794,-0.0008278027562400067,-0.021004892744104445,-0.0244253706511444,-0.01726033434639844,4,2272,83,24,24,14,10000,10000,0.0,3487211049
colorado,exclude_bright_zero,pv_first,recovery,physical_minus_recency,True,nwis,0.04642227542827598,0.04741829155652956,-0.0009960161282535768,-0.0011437358841788349,-0.0008281797093410084,-0.021004892744104445,-0.024325348795306703,-0.016830331690144563,4,2272,83,12,12,28,10000,10000,0.0,3273613038
colorado,exclude_bright_zero,pv_only,recovery,physical_recovery_minus_physical_availability,True,nwis,0.046945714441449043,0.04690730410871509,3.841033273395411e-05,-8.67155250028409e-06,8.372195399595837e-05,0.0008188561134302687,-0.00018451626855057627,0.0017956099697295901,4,2271,86,48,46,7,10000,10000,0.0,656507112
colorado,exclude_bright_zero,pv_only,recovery,physical_recovery_minus_physical_availability,True,nwis,0.046945714441449043,0.04690730410871509,3.841033273395411e-05,-4.143787523097629e-06,7.947155436086144e-05,0.0008188561134302687,-9.223823872710688e-05,0.001702720832856006,4,2271,86,24,24,14,10000,10000,0.0,452141684
colorado,exclude_bright_zero,pv_only,recovery,physical_recovery_minus_physical_availability,True,nwis,0.046945714441449043,0.04690730410871509,3.841033273395411e-05,-1.851746518606763e-06,7.623031604637765e-05,0.0008188561134302687,-3.775743860672798e-05,0.0016654534050200586,4,2271,86,12,12,28,10000,10000,0.0,449740805
colorado,exclude_bright_zero,pv_only,recovery,physical_recovery_minus_physical,True,nwis,0.046945714441449043,0.046875101014958086,7.061342649095775e-05,2.7299209719944784e-05,0.00011349781760422173,0.0015064165188342666,0.0005815626384366542,0.0024130760132698575,4,2271,86,48,46,7,10000,10000,0.0,2356306388
colorado,exclude_bright_zero,pv_only,recovery,physical_recovery_minus_physical,True,nwis,0.046945714441449043,0.046875101014958086,7.061342649095775e-05,3.274692602404025e-05,0.00010897823108947918,0.0015064165188342666,0.0006914691464463378,0.0023583605225532774,4,2271,86,24,24,14,10000,10000,0.0,879250201
colorado,exclude_bright_zero,pv_only,recovery,physical_recovery_minus_physical,True,nwis,0.046945714441449043,0.046875101014958086,7.061342649095775e-05,3.316815166839807e-05,0.00010816926875114509,0.0015064165188342666,0.0006904093327790778,0.0023610596364532005,4,2271,86,12,12,28,10000,10000,0.0,4064058766
colorado,exclude_bright_zero,pv_only,recovery,physical_minus_recency,True,nwis,0.046875101014958086,0.047903944541558524,-0.0010288435266004384,-0.0012053106692349424,-0.0008454693257092821,-0.02147721939073048,-0.024784212190946637,-0.018080096664630948,4,2271,86,48,46,7,10000,10000,0.0,248614833
colorado,exclude_bright_zero,pv_only,recovery,physical_minus_recency,True,nwis,0.046875101014958086,0.047903944541558524,-0.0010288435266004384,-0.0011884377750777469,-0.0008661573630473939,-0.02147721939073048,-0.024828781766538875,-0.017725936854479204,4,2271,86,24,24,14,10000,10000,0.0,5349590
colorado,exclude_bright_zero,pv_only,recovery,physical_minus_recency,True,nwis,0.046875101014958086,0.047903944541558524,-0.0010288435266004384,-0.001180447556146636,-0.0008548774783846936,-0.02147721939073048,-0.024951444365257227,-0.01707674235612912,4,2271,86,12,12,28,10000,10000,0.0,991003689
colorado,exclude_bright_zero,receipt_5min,recovery,physical_recovery_minus_physical_availability,True,nwis,0.0466799732740977,0.046631924626032654,4.8048648065047994e-05,1.3338902092284618e-05,8.592732007476951e-05,0.0010303809772034252,0.0002902067379752372,0.001838785181727171,4,2271,86,48,46,7,10000,10000,0.0,3554159112
colorado,exclude_bright_zero,receipt_5min,recovery,physical_recovery_minus_physical_availability,True,nwis,0.0466799732740977,0.046631924626032654,4.8048648065047994e-05,1.353458010886141e-05,8.507646853725956e-05,0.0010303809772034252,0.0002866504288747183,0.001854963264172029,4,2271,86,24,24,14,10000,10000,0.0,2757877521
colorado,exclude_bright_zero,receipt_5min,recovery,physical_recovery_minus_physical_availability,True,nwis,0.0466799732740977,0.046631924626032654,4.8048648065047994e-05,1.2822146805657222e-05,8.351782796327897e-05,0.0010303809772034252,0.0002623561796420446,0.0018278072078345608,4,2271,86,12,12,28,10000,10000,0.0,1734256160
colorado,exclude_bright_zero,receipt_5min,recovery,physical_recovery_minus_physical,True,nwis,0.0466799732740977,0.046635279405855906,4.469386824179633e-05,8.456710543607374e-06,8.083011336408526e-05,0.0009583703327439313,0.00017821561591084868,0.001754507348386002,4,2271,86,48,46,7,10000,10000,0.0,767894645
colorado,exclude_bright_zero,receipt_5min,recovery,physical_recovery_minus_physical,True,nwis,0.0466799732740977,0.046635279405855906,4.469386824179633e-05,6.798476189912203e-06,7.947454241377349e-05,0.0009583703327439313,0.00013641408345128084,0.0017713188404061804,4,2271,86,24,24,14,10000,10000,0.0,3475733950
colorado,exclude_bright_zero,receipt_5min,recovery,physical_recovery_minus_physical,True,nwis,0.0466799732740977,0.046635279405855906,4.469386824179633e-05,1.3082618352974924e-05,7.19671083738816e-05,0.0009583703327439313,0.00026421126700303,0.0016247554419213655,4,2271,86,12,12,28,10000,10000,0.0,1183199993
colorado,exclude_bright_zero,receipt_5min,recovery,physical_minus_recency,True,nwis,0.046635279405855906,0.04765476668834394,-0.0010194872824880324,-0.00119830806616454,-0.0008359961376507632,-0.0213931858937711,-0.024834439216206247,-0.01790343560957239,4,2271,86,48,46,7,10000,10000,0.0,2611259736
colorado,exclude_bright_zero,receipt_5min,recovery,physical_minus_recency,True,nwis,0.046635279405855906,0.04765476668834394,-0.0010194872824880324,-0.001177017019652322,-0.0008574969078974946,-0.0213931858937711,-0.02471854292362351,-0.01757769073147999,4,2271,86,24,24,14,10000,10000,0.0,2099737159
colorado,exclude_bright_zero,receipt_5min,recovery,physical_minus_recency,True,nwis,0.046635279405855906,0.04765476668834394,-0.0010194872824880324,-0.0011779084088304555,-0.0008414840363099272,-0.0213931858937711,-0.0249919234908759,-0.01677442404880062,4,2271,86,12,12,28,10000,10000,0.0,1279649422
colorado,exclude_bright_zero,right_aligned,recovery,physical_recovery_minus_physical_availability,True,nwis,0.042585035827682596,0.04254059497111766,4.444085656493679e-05,8.344489081291325e-06,8.665895246632095e-05,0.0010446693704004209,0.00019483803810828738,0.0020337460565271162,4,2271,86,48,46,7,10000,10000,0.0,1580931759
colorado,exclude_bright_zero,right_aligned,recovery,physical_recovery_minus_physical_availability,True,nwis,0.042585035827682596,0.04254059497111766,4.444085656493679e-05,5.5722562260902135e-06,8.849438072684176e-05,0.0010446693704004209,0.0001313704225360962,0.002087437819653992,4,2271,86,24,24,14,10000,10000,0.0,642018865
colorado,exclude_bright_zero,right_aligned,recovery,physical_recovery_minus_physical_availability,True,nwis,0.042585035827682596,0.04254059497111766,4.444085656493679e-05,6.286306458545139e-06,8.353451850929075e-05,0.0010446693704004209,0.0001458432534761282,0.001968961751813551,4,2271,86,12,12,28,10000,10000,0.0,233873090
colorado,exclude_bright_zero,right_aligned,recovery,physical_recovery_minus_physical,True,nwis,0.042585035827682596,0.04253354113551586,5.149469216673974e-05,1.6793045532043258e-05,8.943649214744834e-05,0.0012106843397466677,0.00039004160048605356,0.0021132602276938573,4,2271,86,48,46,7,10000,10000,0.0,1429667130
colorado,exclude_bright_zero,right_aligned,recovery,physical_recovery_minus_physical,True,nwis,0.042585035827682596,0.04253354113551586,5.149469216673974e-05,1.6492195572571576e-05,8.928240102716675e-05,0.0012106843397466677,0.0003775212240252342,0.002145107230781894,4,2271,86,24,24,14,10000,10000,0.0,2065660300
colorado,exclude_bright_zero,right_aligned,recovery,physical_recovery_minus_physical,True,nwis,0.042585035827682596,0.04253354113551586,5.149469216673974e-05,2.156805731306395e-05,8.30510806288225e-05,0.0012106843397466677,0.0004935164191231872,0.0019691501554434886,4,2271,86,12,12,28,10000,10000,0.0,1513000537
colorado,exclude_bright_zero,right_aligned,recovery,physical_minus_recency,True,nwis,0.04253354113551586,0.04358067732616232,-0.001047136190646461,-0.001251761008648883,-0.0008501784745539039,-0.02402753364316908,-0.02831869294510676,-0.019759571476205214,4,2271,86,48,46,7,10000,10000,0.0,2416278117
colorado,exclude_bright_zero,right_aligned,recovery,physical_minus_recency,True,nwis,0.04253354113551586,0.04358067732616232,-0.001047136190646461,-0.0012401159320197053,-0.0008565602595314804,-0.02402753364316908,-0.028613028679393512,-0.01913611847490196,4,2271,86,24,24,14,10000,10000,0.0,660773115
colorado,exclude_bright_zero,right_aligned,recovery,physical_minus_recency,True,nwis,0.04253354113551586,0.04358067732616232,-0.001047136190646461,-0.0012253955188163853,-0.0008535762626528611,-0.02402753364316908,-0.02851510274613523,-0.018696463185294405,4,2271,86,12,12,28,10000,10000,0.0,333499557
colorado,exclude_bright_zero,schedule_seed_2,recovery,physical_recovery_minus_physical_availability,True,nwis,0.04637775853007085,0.046349753812075525,2.8004717995328e-05,-7.957456387836826e-06,6.687643880464216e-05,0.0006042042447274426,-0.00017185866531541734,0.0014449274050625154,4,2272,85,48,46,7,10000,10000,0.0,1907207619
colorado,exclude_bright_zero,schedule_seed_2,recovery,physical_recovery_minus_physical_availability,True,nwis,0.04637775853007085,0.046349753812075525,2.8004717995328e-05,-4.516701272228897e-06,6.238213656635394e-05,0.0006042042447274426,-9.510053263478083e-05,0.0013828638447536728,4,2272,85,24,24,14,10000,10000,0.0,385814316
colorado,exclude_bright_zero,schedule_seed_2,recovery,physical_recovery_minus_physical_availability,True,nwis,0.04637775853007085,0.046349753812075525,2.8004717995328e-05,-6.3770646151819e-06,6.796447425760753e-05,0.0006042042447274426,-0.00013196270890317882,0.0014872318720177693,4,2272,85,12,12,28,10000,10000,0.0,41708168
colorado,exclude_bright_zero,schedule_seed_2,recovery,physical_recovery_minus_physical,True,nwis,0.04637775853007085,0.04634946557983989,2.8292950230962566e-05,-1.126645562047595e-05,6.766939319393804e-05,0.0006104266764894229,-0.00023887346709663122,0.0014809198560949868,4,2272,85,48,46,7,10000,10000,0.0,1750022959
colorado,exclude_bright_zero,schedule_seed_2,recovery,physical_recovery_minus_physical,True,nwis,0.04637775853007085,0.04634946557983989,2.8292950230962566e-05,-5.787987969833526e-06,6.468666234211317e-05,0.0006104266764894229,-0.00011700064044251,0.0014619686910963031,4,2272,85,24,24,14,10000,10000,0.0,1404589077
colorado,exclude_bright_zero,schedule_seed_2,recovery,physical_recovery_minus_physical,True,nwis,0.04637775853007085,0.04634946557983989,2.8292950230962566e-05,-1.1260235517525537e-05,6.841298257595912e-05,0.0006104266764894229,-0.00023335690452120126,0.0015287901563954794,4,2272,85,12,12,28,10000,10000,0.0,150768769
colorado,exclude_bright_zero,schedule_seed_2,recovery,physical_minus_recency,True,nwis,0.04634946557983989,0.04741044349257523,-0.0010609779127353364,-0.0012400576161908012,-0.0008835587408186797,-0.0223785696689695,-0.025870741823236367,-0.018872403831312872,4,2272,85,48,46,7,10000,10000,0.0,3177120576
colorado,exclude_bright_zero,schedule_seed_2,recovery,physical_minus_recency,True,nwis,0.04634946557983989,0.04741044349257523,-0.0010609779127353364,-0.0012488362002405246,-0.0008675114196509398,-0.0223785696689695,-0.0264883047697917,-0.018022308571581176,4,2272,85,24,24,14,10000,10000,0.0,2842660138
colorado,exclude_bright_zero,schedule_seed_2,recovery,physical_minus_recency,True,nwis,0.04634946557983989,0.04741044349257523,-0.0010609779127353364,-0.0012031455190353482,-0.000886491105919781,-0.0223785696689695,-0.02638606537865476,-0.017903421299605024,4,2272,85,12,12,28,10000,10000,0.0,817583226
colorado,exclude_bright_zero,schedule_seed_3,recovery,physical_recovery_minus_physical_availability,True,nwis,0.04644012646426278,0.04644243276777127,-2.3063035084897043e-06,-3.712182544448658e-05,2.8884132263578067e-05,-4.9659403503301484e-05,-0.0007922300181850739,0.0006314371783199637,4,2271,82,48,46,7,10000,10000,0.0,198331613
colorado,exclude_bright_zero,schedule_seed_3,recovery,physical_recovery_minus_physical_availability,True,nwis,0.04644012646426278,0.04644243276777127,-2.3063035084897043e-06,-3.88238341255261e-05,3.127227987226066e-05,-4.9659403503301484e-05,-0.000821564499035974,0.0006917023847470045,4,2271,82,24,24,14,10000,10000,0.0,694528086
colorado,exclude_bright_zero,schedule_seed_3,recovery,physical_recovery_minus_physical_availability,True,nwis,0.04644012646426278,0.04644243276777127,-2.3063035084897043e-06,-4.6011784890165154e-05,3.4511048174373604e-05,-4.9659403503301484e-05,-0.0009254833841747806,0.0007819551571906007,4,2271,82,12,12,28,10000,10000,0.0,1668336774
colorado,exclude_bright_zero,schedule_seed_3,recovery,physical_recovery_minus_physical,True,nwis,0.04644012646426278,0.04644014887526254,-2.2410999757360717e-08,-4.0186336702094026e-05,3.8784722947793976e-05,-4.82578120443935e-07,-0.0008463271715695789,0.0008463460544708536,4,2271,82,48,46,7,10000,10000,0.0,961831528
colorado,exclude_bright_zero,schedule_seed_3,recovery,physical_recovery_minus_physical,True,nwis,0.04644012646426278,0.04644014887526254,-2.2410999757360717e-08,-4.0128415076918704e-05,3.9026885674162125e-05,-4.82578120443935e-07,-0.0008319719804674564,0.0008729241056481492,4,2271,82,24,24,14,10000,10000,0.0,2062269703
colorado,exclude_bright_zero,schedule_seed_3,recovery,physical_recovery_minus_physical,True,nwis,0.04644012646426278,0.04644014887526254,-2.2410999757360717e-08,-5.0701462324532e-05,4.332925906951855e-05,-4.82578120443935e-07,-0.001023243965264432,0.0009883014681457052,4,2271,82,12,12,28,10000,10000,0.0,2691183312
colorado,exclude_bright_zero,schedule_seed_3,recovery,physical_minus_recency,True,nwis,0.04644014887526254,0.04747530016329568,-0.001035151288033144,-0.0012121375599439621,-0.0008597330157957628,-0.021803996698760104,-0.025033097003253953,-0.018471391897933325,4,2271,82,48,46,7,10000,10000,0.0,4145352419
colorado,exclude_bright_zero,schedule_seed_3,recovery,physical_minus_recency,True,nwis,0.04644014887526254,0.04747530016329568,-0.001035151288033144,-0.0012155648666597383,-0.0008514547056426564,-0.021803996698760104,-0.025577841438865743,-0.01772173556092563,4,2271,82,24,24,14,10000,10000,0.0,1231403516
colorado,exclude_bright_zero,schedule_seed_3,recovery,physical_minus_recency,True,nwis,0.04644014887526254,0.04747530016329568,-0.001035151288033144,-0.001177233416026421,-0.0008686370297303685,-0.021803996698760104,-0.025332462444078028,-0.01754880707774595,4,2271,82,12,12,28,10000,10000,0.0,3455486355
colorado,exclude_bright_zero,schedule_seed_4,recovery,physical_recovery_minus_physical_availability,True,nwis,0.04623969508216588,0.04622572413289763,1.3970949268249377e-05,-2.390135880991351e-05,5.063628212727717e-05,0.00030223321603536804,-0.0005248451946586527,0.0010871746349123519,4,2272,84,48,46,7,10000,10000,0.0,1475696585
colorado,exclude_bright_zero,schedule_seed_4,recovery,physical_recovery_minus_physical_availability,True,nwis,0.04623969508216588,0.04622572413289763,1.3970949268249377e-05,-2.9307908301979927e-05,5.393448203988276e-05,0.00030223321603536804,-0.0006338155988728202,0.0011919050594467436,4,2272,84,24,24,14,10000,10000,0.0,4226109563
colorado,exclude_bright_zero,schedule_seed_4,recovery,physical_recovery_minus_physical_availability,True,nwis,0.04623969508216588,0.04622572413289763,1.3970949268249377e-05,-1.7684361409663059e-06,2.975182772360259e-05,0.00030223321603536804,-3.889256016474952e-05,0.0006296171838746335,4,2272,84,12,12,28,10000,10000,0.0,2529179439
colorado,exclude_bright_zero,schedule_seed_4,recovery,physical_recovery_minus_physical,True,nwis,0.04623969508216588,0.046230125463274,9.569618891883125e-06,-3.0820515768475305e-05,5.0524131225936075e-05,0.0002069996305652554,-0.000652483768852639,0.0011018180431800577,4,2272,84,48,46,7,10000,10000,0.0,716517067
colorado,exclude_bright_zero,schedule_seed_4,recovery,physical_recovery_minus_physical,True,nwis,0.04623969508216588,0.046230125463274,9.569618891883125e-06,-3.3078687247093534e-05,5.329855772162864e-05,0.0002069996305652554,-0.0007035038207269855,0.0011974308559947798,4,2272,84,24,24,14,10000,10000,0.0,3751427641
colorado,exclude_bright_zero,schedule_seed_4,recovery,physical_recovery_minus_physical,True,nwis,0.04623969508216588,0.046230125463274,9.569618891883125e-06,-5.173298847816961e-06,2.4163373115791863e-05,0.0002069996305652554,-0.00011554876167548367,0.0005046516159324699,4,2272,84,12,12,28,10000,10000,0.0,2870058004
colorado,exclude_bright_zero,schedule_seed_4,recovery,physical_minus_recency,True,nwis,0.046230125463274,0.04727545626850045,-0.001045330805226452,-0.0012238072685816362,-0.0008629321912411106,-0.022111490564776504,-0.025611993866111023,-0.018414230004568245,4,2272,84,48,46,7,10000,10000,0.0,4144610175
colorado,exclude_bright_zero,schedule_seed_4,recovery,physical_minus_recency,True,nwis,0.046230125463274,0.04727545626850045,-0.001045330805226452,-0.0012178768199648938,-0.0008620530697726671,-0.022111490564776504,-0.026078864407759226,-0.01778401163769374,4,2272,84,24,24,14,10000,10000,0.0,4229884581
colorado,exclude_bright_zero,schedule_seed_4,recovery,physical_minus_recency,True,nwis,0.046230125463274,0.04727545626850045,-0.001045330805226452,-0.0012178008920125877,-0.000851011469626118,-0.022111490564776504,-0.026517932763684596,-0.017118203304980876,4,2272,84,12,12,28,10000,10000,0.0,2886957263
colorado,exclude_bright_zero,schedule_seed_5,recovery,physical_recovery_minus_physical_availability,True,nwis,0.046556646261883904,0.04649419644563831,6.24498162455911e-05,3.175869000535073e-05,9.541342878391784e-05,0.0013431744393863935,0.00067055486538639,0.00207228494852338,4,2272,83,48,46,7,10000,10000,0.0,312598556
colorado,exclude_bright_zero,schedule_seed_5,recovery,physical_recovery_minus_physical_availability,True,nwis,0.046556646261883904,0.04649419644563831,6.24498162455911e-05,3.204371589484896e-05,9.148595730490548e-05,0.0013431744393863935,0.0006592378201269403,0.0020324246834066907,4,2272,83,24,24,14,10000,10000,0.0,221150659
colorado,exclude_bright_zero,schedule_seed_5,recovery,physical_recovery_minus_physical_availability,True,nwis,0.046556646261883904,0.04649419644563831,6.24498162455911e-05,2.5512430134617962e-05,9.43026652785034e-05,0.0013431744393863935,0.0005123051706590155,0.0021097453894269058,4,2272,83,12,12,28,10000,10000,0.0,1271521764
colorado,exclude_bright_zero,schedule_seed_5,recovery,physical_recovery_minus_physical,True,nwis,0.046556646261883904,0.04648068828674087,7.595797514303032e-05,4.3307426528313087e-05,0.00010960574616915297,0.0016341835274564591,0.0009051184206794194,0.0024000993540129203,4,2272,83,48,46,7,10000,10000,0.0,2341041898
colorado,exclude_bright_zero,schedule_seed_5,recovery,physical_recovery_minus_physical,True,nwis,0.046556646261883904,0.04648068828674087,7.595797514303032e-05,4.30911520588469e-05,0.0001085523441807179,0.0016341835274564591,0.0008748213148182522,0.002435991921258233,4,2272,83,24,24,14,10000,10000,0.0,2692704560
colorado,exclude_bright_zero,schedule_seed_5,recovery,physical_recovery_minus_physical,True,nwis,0.046556646261883904,0.04648068828674087,7.595797514303032e-05,4.322802294498968e-05,0.00010376575478692854,0.0016341835274564591,0.0008861000660700711,0.002325125342921913,4,2272,83,12,12,28,10000,10000,0.0,372659347
colorado,exclude_bright_zero,schedule_seed_5,recovery,physical_minus_recency,True,nwis,0.04648068828674087,0.047526224022014334,-0.0010455357352734604,-0.0012205634754834562,-0.0008730323963287434,-0.021999133253026038,-0.02535669581886208,-0.01852549009782024,4,2272,83,48,46,7,10000,10000,0.0,2919164259
colorado,exclude_bright_zero,schedule_seed_5,recovery,physical_minus_recency,True,nwis,0.04648068828674087,0.047526224022014334,-0.0010455357352734604,-0.0012332304674079477,-0.0008525197974382315,-0.021999133253026038,-0.026148369819875873,-0.01758587333921393,4,2272,83,24,24,14,10000,10000,0.0,2840332940
colorado,exclude_bright_zero,schedule_seed_5,recovery,physical_minus_recency,True,nwis,0.04648068828674087,0.047526224022014334,-0.0010455357352734604,-0.0012546616411266281,-0.0008354089357712303,-0.021999133253026038,-0.026833360095667454,-0.01688458456777968,4,2272,83,12,12,28,10000,10000,0.0,2864421779
colorado,exclude_bright_zero,stale_transport,recovery,physical_recovery_minus_physical_availability,True,nwis,0.06156219715170713,0.06149140835120677,7.078880050036263e-05,-4.2250680104222e-05,0.00019290772936447707,0.0011511982307520754,-0.0007254987365983059,0.0030410105619363133,4,2271,86,48,46,7,10000,10000,0.0,2015037267
colorado,exclude_bright_zero,stale_transport,recovery,physical_recovery_minus_physical_availability,True,nwis,0.06156219715170713,0.06149140835120677,7.078880050036263e-05,-6.205271529119652e-05,0.00021867250707603494,0.0011511982307520754,-0.0010462948822018492,0.0033650940980247813,4,2271,86,24,24,14,10000,10000,0.0,3513193739
colorado,exclude_bright_zero,stale_transport,recovery,physical_recovery_minus_physical_availability,True,nwis,0.06156219715170713,0.06149140835120677,7.078880050036263e-05,-6.421425649682597e-05,0.0002184337138669721,0.0011511982307520754,-0.0010983510096186802,0.003363473713856366,4,2271,86,12,12,28,10000,10000,0.0,2947453587
colorado,exclude_bright_zero,stale_transport,recovery,physical_recovery_minus_physical,True,nwis,0.06156219715170713,0.06192881184791385,-0.0003666146962067185,-0.0005784054781966218,-0.00018562521705985192,-0.005919937509976116,-0.009013117464810164,-0.0031079215463867974,4,2271,86,48,46,7,10000,10000,0.0,1737441899
colorado,exclude_bright_zero,stale_transport,recovery,physical_recovery_minus_physical,True,nwis,0.06156219715170713,0.06192881184791385,-0.0003666146962067185,-0.0005948214326540923,-0.0001779209547970475,-0.005919937509976116,-0.009105153051734113,-0.0029979768499777838,4,2271,86,24,24,14,10000,10000,0.0,318928532
colorado,exclude_bright_zero,stale_transport,recovery,physical_recovery_minus_physical,True,nwis,0.06156219715170713,0.06192881184791385,-0.0003666146962067185,-0.0005981871643076141,-0.00017092929417640638,-0.005919937509976116,-0.008984051870351178,-0.0030010105497274703,4,2271,86,12,12,28,10000,10000,0.0,1319523278
colorado,exclude_bright_zero,stale_transport,recovery,physical_minus_recency,True,nwis,0.06192881184791385,0.06309722716278338,-0.0011684153148695253,-0.0013908124759335959,-0.0009524931653150871,-0.0185176966945814,-0.020764112740079606,-0.01603065561708614,4,2271,86,48,46,7,10000,10000,0.0,2326183552
colorado,exclude_bright_zero,stale_transport,recovery,physical_minus_recency,True,nwis,0.06192881184791385,0.06309722716278338,-0.0011684153148695253,-0.0014128546529469815,-0.0009410979137630447,-0.0185176966945814,-0.02107192643738912,-0.015662885127632645,4,2271,86,24,24,14,10000,10000,0.0,1906130898
colorado,exclude_bright_zero,stale_transport,recovery,physical_minus_recency,True,nwis,0.06192881184791385,0.06309722716278338,-0.0011684153148695253,-0.0014355427402681583,-0.0009174337644759361,-0.0185176966945814,-0.021269774007514616,-0.015339257042995066,4,2271,86,12,12,28,10000,10000,0.0,1960117720
colorado,exclude_bright_zero,training_2015,recovery,physical_recovery_minus_physical_availability,True,nwis,0.0924362697593488,0.09235685393819384,7.941582115494894e-05,-7.10046624641067e-05,0.00023571543193685795,0.0008598801038425889,-0.0007742686682656806,0.0025327703887682027,4,2271,86,48,46,7,10000,10000,0.0,3264824732
colorado,exclude_bright_zero,training_2015,recovery,physical_recovery_minus_physical_availability,True,nwis,0.0924362697593488,0.09235685393819384,7.941582115494894e-05,-4.440929583500175e-05,0.00020981677221302279,0.0008598801038425889,-0.0004851300669022848,0.0022730313545836333,4,2271,86,24,24,14,10000,10000,0.0,3105417709
colorado,exclude_bright_zero,training_2015,recovery,physical_recovery_minus_physical_availability,True,nwis,0.0924362697593488,0.09235685393819384,7.941582115494894e-05,-3.669529429103021e-05,0.00019147342754039954,0.0008598801038425889,-0.0003973440766619623,0.0020635420684059413,4,2271,86,12,12,28,10000,10000,0.0,1178873053
colorado,exclude_bright_zero,training_2015,recovery,physical_recovery_minus_physical,True,nwis,0.0924362697593488,0.09236653950117811,6.973025817068323e-05,-7.29766674426556e-05,0.00021867221422936818,0.0007549298538979458,-0.0008026503933283997,0.0023334762636899003,4,2271,86,48,46,7,10000,10000,0.0,2057659026
colorado,exclude_bright_zero,training_2015,recovery,physical_recovery_minus_physical,True,nwis,0.0924362697593488,0.09236653950117811,6.973025817068323e-05,-4.6445036658397665e-05,0.00019048612153539402,0.0007549298538979458,-0.000500537857971548,0.00207903474266738,4,2271,86,24,24,14,10000,10000,0.0,906558229
colorado,exclude_bright_zero,training_2015,recovery,physical_recovery_minus_physical,True,nwis,0.0924362697593488,0.09236653950117811,6.973025817068323e-05,-3.033613321103759e-05,0.00016107739073591628,0.0007549298538979458,-0.000319900648777014,0.0017499835488089136,4,2271,86,12,12,28,10000,10000,0.0,373044825
colorado,exclude_bright_zero,training_2015,recovery,physical_minus_recency,True,nwis,0.09236653950117811,0.09582610942050304,-0.0034595699193249313,-0.004238544996205235,-0.002688221674577226,-0.03610258143888203,-0.042275476165067834,-0.029541145167602905,4,2271,86,48,46,7,10000,10000,0.0,3614541855
colorado,exclude_bright_zero,training_2015,recovery,physical_minus_recency,True,nwis,0.09236653950117811,0.09582610942050304,-0.0034595699193249313,-0.004311446791321527,-0.002642657892354029,-0.03610258143888203,-0.04344545083580877,-0.02841443151170732,4,2271,86,24,24,14,10000,10000,0.0,3073913905
colorado,exclude_bright_zero,training_2015,recovery,physical_minus_recency,True,nwis,0.09236653950117811,0.09582610942050304,-0.0034595699193249313,-0.004480414706304392,-0.0025623035796968397,-0.03610258143888203,-0.04518998223267982,-0.02704169544023114,4,2271,86,12,12,28,10000,10000,0.0,2651671961
colorado,recorded_ac,faulted_primary,recovery_0_6,physical_recovery_minus_physical_availability,True,nwis,0.04436996934771055,0.0443586438004122,1.1325547298352001e-05,-5.7338878557906464e-05,7.400014555258066e-05,0.0002553177087493996,-0.0013322460800723572,0.0016653078471912531,28,3591,54,48,44,7,10000,10000,0.0,4071717544
colorado,recorded_ac,faulted_primary,recovery_0_6,physical_recovery_minus_physical_availability,True,nwis,0.04436996934771055,0.0443586438004122,1.1325547298352001e-05,-5.556731593124205e-05,7.580145230486767e-05,0.0002553177087493996,-0.0012945498126772387,0.00170443248638038,28,3591,54,24,24,14,10000,10000,0.0,1400322926
colorado,recorded_ac,faulted_primary,recovery_0_6,physical_recovery_minus_physical_availability,True,nwis,0.04436996934771055,0.0443586438004122,1.1325547298352001e-05,-6.555129225402339e-05,8.215021577694902e-05,0.0002553177087493996,-0.0015269886637593224,0.0018229986804805874,28,3591,54,12,12,28,10000,10000,0.0,3520771696
colorado,recorded_ac,faulted_primary,recovery_0_6,physical_recovery_minus_physical,True,nwis,0.04436996934771055,0.0443272632562855,4.270609142505155e-05,-2.2656765111709298e-05,0.00010668707882557633,0.0009634272068216603,-0.0005252520284873216,0.0023751696007277066,28,3591,54,48,44,7,10000,10000,0.0,2525458293
colorado,recorded_ac,faulted_primary,recovery_0_6,physical_recovery_minus_physical,True,nwis,0.04436996934771055,0.0443272632562855,4.270609142505155e-05,-1.5307439613473565e-05,0.00010087075872596671,0.0009634272068216603,-0.0003560091419592642,0.00228631918917927,28,3591,54,24,24,14,10000,10000,0.0,4202541625
colorado,recorded_ac,faulted_primary,recovery_0_6,physical_recovery_minus_physical,True,nwis,0.04436996934771055,0.0443272632562855,4.270609142505155e-05,-1.534900875412061e-05,9.517195230574637e-05,0.0009634272068216603,-0.00035723435713619844,0.0021437109428323123,28,3591,54,12,12,28,10000,10000,0.0,2733039585
colorado,recorded_ac,faulted_primary,recovery_0_6,physical_minus_recency,True,nwis,0.0443272632562855,0.04530977668939922,-0.0009825134331137228,-0.001335248076854954,-0.0006494397350868291,-0.021684358319594057,-0.02809637592844043,-0.015360380039676083,28,3591,54,48,44,7,10000,10000,0.0,2685016973
colorado,recorded_ac,faulted_primary,recovery_0_6,physical_minus_recency,True,nwis,0.0443272632562855,0.04530977668939922,-0.0009825134331137228,-0.001213872938486809,-0.0007635002431387467,-0.021684358319594057,-0.026198389280379427,-0.017625632479228395,28,3591,54,24,24,14,10000,10000,0.0,2898331533
colorado,recorded_ac,faulted_primary,recovery_0_6,physical_minus_recency,True,nwis,0.0443272632562855,0.04530977668939922,-0.0009825134331137228,-0.0012492525974983969,-0.0006815694639436751,-0.021684358319594057,-0.026238523240493958,-0.01609739343737012,28,3591,54,12,12,28,10000,10000,0.0,858847674
colorado,recorded_ac,faulted_primary,recovery_6_24,physical_recovery_minus_physical_availability,True,nwis,0.0503680994939432,0.050319372098718215,4.8727395224983094e-05,7.186091401717963e-06,8.953161869999867e-05,0.0009683625449337498,0.00014262848618174022,0.0017581260660948055,28,12308,78,48,46,7,10000,10000,0.0,2664973254
colorado,recorded_ac,faulted_primary,recovery_6_24,physical_recovery_minus_physical_availability,True,nwis,0.0503680994939432,0.050319372098718215,4.8727395224983094e-05,2.1663820109351857e-06,9.172477482948179e-05,0.0009683625449337498,4.240060296163381e-05,0.0017905651313199471,28,12308,78,24,24,14,10000,10000,0.0,1843805132
colorado,recorded_ac,faulted_primary,recovery_6_24,physical_recovery_minus_physical_availability,True,nwis,0.0503680994939432,0.050319372098718215,4.8727395224983094e-05,-4.2964976573718955e-06,9.264684630849589e-05,0.0009683625449337498,-8.132475405845857e-05,0.0017823402656562495,28,12308,78,12,12,28,10000,10000,0.0,2842435610
colorado,recorded_ac,faulted_primary,recovery_6_24,physical_recovery_minus_physical,True,nwis,0.0503680994939432,0.050403258702842346,-3.5159208899147865e-05,-7.705677282333033e-05,5.431112884353433e-06,-0.0006975582492876629,-0.001485611748204593,0.00011071787623543347,28,12308,78,48,46,7,10000,10000,0.0,502164772
colorado,recorded_ac,faulted_primary,recovery_6_24,physical_recovery_minus_physical,True,nwis,0.0503680994939432,0.050403258702842346,-3.5159208899147865e-05,-7.519507592213485e-05,2.68332774070229e-06,-0.0006975582492876629,-0.0014341002625545636,5.659519049705272e-05,28,12308,78,24,24,14,10000,10000,0.0,1204885932
colorado,recorded_ac,faulted_primary,recovery_6_24,physical_recovery_minus_physical,True,nwis,0.0503680994939432,0.050403258702842346,-3.5159208899147865e-05,-6.822185933413275e-05,-6.474605111578617e-06,-0.0006975582492876629,-0.001270607763637302,-0.00013329212673108035,28,12308,78,12,12,28,10000,10000,0.0,1322789146
colorado,recorded_ac,faulted_primary,recovery_6_24,physical_minus_recency,True,nwis,0.050403258702842346,0.05148409633178446,-0.0010808376289421148,-0.0012612708310464629,-0.0008925174541245014,-0.020993621447228238,-0.02408447488419075,-0.017788840048553467,28,12308,78,48,46,7,10000,10000,0.0,404942025
colorado,recorded_ac,faulted_primary,recovery_6_24,physical_minus_recency,True,nwis,0.050403258702842346,0.05148409633178446,-0.0010808376289421148,-0.0012747910281608267,-0.0008825133219232025,-0.020993621447228238,-0.02462370913631978,-0.01715745458551795,28,12308,78,24,24,14,10000,10000,0.0,493927555
colorado,recorded_ac,faulted_primary,recovery_6_24,physical_minus_recency,True,nwis,0.050403258702842346,0.05148409633178446,-0.0010808376289421148,-0.0012598519952095196,-0.0008848044573963404,-0.020993621447228238,-0.02439279227583844,-0.016854894272545735,28,12308,78,12,12,28,10000,10000,0.0,3202706945
colorado,recorded_ac,faulted_primary,recovery,physical_recovery_minus_physical_availability,True,nwis,0.04903558798665706,0.04899493105995468,4.0656926702381524e-05,6.0925544517174275e-06,7.51018399951531e-05,0.0008298190409254784,0.00012543754519732533,0.0015198387941388304,28,15899,92,48,46,7,10000,10000,0.0,2325658429
colorado,recorded_ac,faulted_primary,recovery,physical_recovery_minus_physical_availability,True,nwis,0.04903558798665706,0.04899493105995468,4.0656926702381524e-05,8.337105014680386e-06,7.243655414032462e-05,0.0008298190409254784,0.00016956702463947275,0.0014503393018810398,28,15899,92,24,24,14,10000,10000,0.0,4010512384
colorado,recorded_ac,faulted_primary,recovery,physical_recovery_minus_physical_availability,True,nwis,0.04903558798665706,0.04899493105995468,4.0656926702381524e-05,5.72197262858447e-06,7.257594855383468e-05,0.0008298190409254784,0.00011314659404653737,0.001449969963088405,28,15899,92,12,12,28,10000,10000,0.0,1556656059
colorado,recorded_ac,faulted_primary,recovery,physical_recovery_minus_physical,True,nwis,0.04903558798665706,0.04905346626483733,-1.7878278180269436e-05,-5.642039448700564e-05,2.0019500290254468e-05,-0.0003644651345074263,-0.0011196525854125718,0.00042098360231281745,28,15899,92,48,46,7,10000,10000,0.0,3550996619
colorado,recorded_ac,faulted_primary,recovery,physical_recovery_minus_physical,True,nwis,0.04903558798665706,0.04905346626483733,-1.7878278180269436e-05,-5.382557978571046e-05,1.7029658333378574e-05,-0.0003644651345074263,-0.0010625338626423018,0.00035938153939883255,28,15899,92,24,24,14,10000,10000,0.0,874116669
colorado,recorded_ac,faulted_primary,recovery,physical_recovery_minus_physical,True,nwis,0.04903558798665706,0.04905346626483733,-1.7878278180269436e-05,-5.268019820744412e-05,1.2587030066006293e-05,-0.0003644651345074263,-0.0010205584140098218,0.0002659911435834882,28,15899,92,12,12,28,10000,10000,0.0,3484701877
colorado,recorded_ac,faulted_primary,recovery,physical_minus_recency,True,nwis,0.04905346626483733,0.050112706271685126,-0.0010592400068477961,-0.0012337994848035335,-0.000881971412658136,-0.021137154339762567,-0.024102312241473668,-0.018057952892277705,28,15899,92,48,46,7,10000,10000,0.0,246584056
colorado,recorded_ac,faulted_primary,recovery,physical_minus_recency,True,nwis,0.04905346626483733,0.050112706271685126,-0.0010592400068477961,-0.001221626800940391,-0.0008983057739058037,-0.021137154339762567,-0.024167812006030222,-0.017692713081028096,28,15899,92,24,24,14,10000,10000,0.0,76813418
colorado,recorded_ac,faulted_primary,recovery,physical_minus_recency,True,nwis,0.04905346626483733,0.050112706271685126,-0.0010592400068477961,-0.0012088872577340004,-0.000885505956621883,-0.021137154339762567,-0.024252655325996977,-0.017048429971956283,28,15899,92,12,12,28,10000,10000,0.0,1258716972
colorado,recorded_ac,faulted_primary,failure_recovery,physical_recovery_minus_physical_availability,True,nwis,0.05668776187064154,0.05666120796796564,2.655390267589791e-05,3.970765657381089e-06,5.000227482880523e-05,0.00046864342692641857,7.070776086334422e-05,0.000885532755386512,28,24646,116,48,46,7,10000,10000,0.0,810918769
colorado,recorded_ac,faulted_primary,failure_recovery,physical_recovery_minus_physical_availability,True,nwis,0.05668776187064154,0.05666120796796564,2.655390267589791e-05,4.905260735138009e-06,4.783841850799081e-05,0.00046864342692641857,8.718060103722544e-05,0.0008431353917618263,28,24646,116,24,24,14,10000,10000,0.0,4071995255
colorado,recorded_ac,faulted_primary,failure_recovery,physical_recovery_minus_physical_availability,True,nwis,0.05668776187064154,0.05666120796796564,2.655390267589791e-05,4.694252582448412e-06,4.6870694133335056e-05,0.00046864342692641857,8.426340437520292e-05,0.0008012628888252432,28,24646,116,12,12,28,10000,10000,0.0,2204868809
colorado,recorded_ac,faulted_primary,failure_recovery,physical_recovery_minus_physical,True,nwis,0.05668776187064154,0.05670608584889109,-1.8323978249551454e-05,-5.051070717906267e-05,1.4886849971279523e-05,-0.00032313953564668023,-0.0008680085866428708,0.0002665009473818797,28,24646,116,48,46,7,10000,10000,0.0,2938616522
colorado,recorded_ac,faulted_primary,failure_recovery,physical_recovery_minus_physical,True,nwis,0.05668776187064154,0.05670608584889109,-1.8323978249551454e-05,-5.2683563103959535e-05,1.6270146689482604e-05,-0.00032313953564668023,-0.0008899447018337353,0.00029484814243249864,28,24646,116,24,24,14,10000,10000,0.0,2534069756
colorado,recorded_ac,faulted_primary,failure_recovery,physical_recovery_minus_physical,True,nwis,0.05668776187064154,0.05670608584889109,-1.8323978249551454e-05,-4.486579709927444e-05,1.0772876955915733e-05,-0.00032313953564668023,-0.0007694848111755033,0.00019539256302782392,28,24646,116,12,12,28,10000,10000,0.0,3942403118
colorado,recorded_ac,faulted_primary,failure_recovery,physical_minus_recency,True,nwis,0.05670608584889109,0.057682762056349715,-0.0009766762074586224,-0.001125903289377653,-0.0008278896092007313,-0.01693185576835792,-0.01944469746203235,-0.014423188627827507,28,24646,116,48,46,7,10000,10000,0.0,3384810312
colorado,recorded_ac,faulted_primary,failure_recovery,physical_minus_recency,True,nwis,0.05670608584889109,0.057682762056349715,-0.0009766762074586224,-0.0011393926715752042,-0.000811032932785726,-0.01693185576835792,-0.01991664584317805,-0.013846687786102973,28,24646,116,24,24,14,10000,10000,0.0,2632261407
colorado,recorded_ac,faulted_primary,failure_recovery,physical_minus_recency,True,nwis,0.05670608584889109,0.057682762056349715,-0.0009766762074586224,-0.0011345862993615034,-0.0007917557380468203,-0.01693185576835792,-0.019883546668361396,-0.013549562278835754,28,24646,116,12,12,28,10000,10000,0.0,834522478
colorado,recorded_ac,backfill_60min,recovery,physical_recovery_minus_physical_availability,True,nwis,0.04595282738908123,0.04595161542772615,1.211961355079838e-06,-1.8055815055845538e-05,1.8181665650746946e-05,2.6374727934995913e-05,-0.00038989829671112313,0.0004035628669357588,4,2271,86,48,46,7,10000,10000,0.0,1215329973
colorado,recorded_ac,backfill_60min,recovery,physical_recovery_minus_physical_availability,True,nwis,0.04595282738908123,0.04595161542772615,1.211961355079838e-06,-1.4144938855050608e-05,1.8345496490494196e-05,2.6374727934995913e-05,-0.00030989850296214835,0.0004038321710230186,4,2271,86,24,24,14,10000,10000,0.0,4114574895
colorado,recorded_ac,backfill_60min,recovery,physical_recovery_minus_physical_availability,True,nwis,0.04595282738908123,0.04595161542772615,1.211961355079838e-06,-1.5405938200417114e-05,1.887355094455991e-05,2.6374727934995913e-05,-0.00034257956376154014,0.00041784881529098215,4,2271,86,12,12,28,10000,10000,0.0,2095677678
colorado,recorded_ac,backfill_60min,recovery,physical_recovery_minus_physical,True,nwis,0.04595282738908123,0.04595324907711167,-4.2168803044556613e-07,-3.439994303942283e-05,3.129162796697195e-05,-9.176457354254845e-06,-0.0007343545787712392,0.0006820543909732181,4,2271,86,48,46,7,10000,10000,0.0,3991930704
colorado,recorded_ac,backfill_60min,recovery,physical_recovery_minus_physical,True,nwis,0.04595282738908123,0.04595324907711167,-4.2168803044556613e-07,-3.308539316102567e-05,2.985142480403015e-05,-9.176457354254845e-06,-0.0006842504817019346,0.000669799936760679,4,2271,86,24,24,14,10000,10000,0.0,2379502994
colorado,recorded_ac,backfill_60min,recovery,physical_recovery_minus_physical,True,nwis,0.04595282738908123,0.04595324907711167,-4.2168803044556613e-07,-3.591541442027006e-05,3.197048754294394e-05,-9.176457354254845e-06,-0.0007569239881991018,0.000709072919093252,4,2271,86,12,12,28,10000,10000,0.0,1885332017
colorado,recorded_ac,backfill_60min,recovery,physical_minus_recency,True,nwis,0.04595324907711167,0.04682603154465898,-0.0008727824675473089,-0.0010448037536440209,-0.0007032987986575514,-0.018638830555498125,-0.021832952388461904,-0.015356577434067254,4,2271,86,48,46,7,10000,10000,0.0,3837136569
colorado,recorded_ac,backfill_60min,recovery,physical_minus_recency,True,nwis,0.04595324907711167,0.04682603154465898,-0.0008727824675473089,-0.0010314078987944237,-0.000710571272086491,-0.018638830555498125,-0.021819893109047826,-0.01508985959623172,4,2271,86,24,24,14,10000,10000,0.0,1802033013
colorado,recorded_ac,backfill_60min,recovery,physical_minus_recency,True,nwis,0.04595324907711167,0.04682603154465898,-0.0008727824675473089,-0.0010185689274950466,-0.0007180909511074265,-0.018638830555498125,-0.021714093541745253,-0.014779607493157912,4,2271,86,12,12,28,10000,10000,0.0,1436968473
colorado,recorded_ac,channel_gap_6h,recovery,physical_recovery_minus_physical_availability,True,nwis,0.048144689749651526,0.04813617624574652,8.513503905002717e-06,-1.673263037028222e-05,3.4608806888038005e-05,0.00017686290372420264,-0.00035404846788901864,0.0007090306059241575,4,2272,84,48,46,7,10000,10000,0.0,1512535921
colorado,recorded_ac,channel_gap_6h,recovery,physical_recovery_minus_physical_availability,True,nwis,0.048144689749651526,0.04813617624574652,8.513503905002717e-06,-1.8342495356439385e-05,3.2750798757222484e-05,0.00017686290372420264,-0.00039347014606496154,0.0006663153271714865,4,2272,84,24,24,14,10000,10000,0.0,2329465149
colorado,recorded_ac,channel_gap_6h,recovery,physical_recovery_minus_physical_availability,True,nwis,0.048144689749651526,0.04813617624574652,8.513503905002717e-06,-1.9751533046672395e-05,3.342237224480178e-05,0.00017686290372420264,-0.0004194748704867916,0.000686391758662237,4,2272,84,12,12,28,10000,10000,0.0,1288769871
colorado,recorded_ac,channel_gap_6h,recovery,physical_recovery_minus_physical,True,nwis,0.048144689749651526,0.04811577617056183,2.891357908969827e-05,-5.120587770144312e-06,6.38761715621508e-05,0.0006009168175362027,-0.00010781877755068487,0.0013240847711527804,4,2272,84,48,46,7,10000,10000,0.0,3355812728
colorado,recorded_ac,channel_gap_6h,recovery,physical_recovery_minus_physical,True,nwis,0.048144689749651526,0.04811577617056183,2.891357908969827e-05,9.745756673245137e-07,5.7094274919748316e-05,0.0006009168175362027,1.945267205958263e-05,0.001207990728112973,4,2272,84,24,24,14,10000,10000,0.0,3638617455
colorado,recorded_ac,channel_gap_6h,recovery,physical_recovery_minus_physical,True,nwis,0.048144689749651526,0.04811577617056183,2.891357908969827e-05,4.816526109599311e-06,4.9849036860938675e-05,0.0006009168175362027,9.768742673102067e-05,0.0010592623499483204,4,2272,84,12,12,28,10000,10000,0.0,754863875
colorado,recorded_ac,channel_gap_6h,recovery,physical_minus_recency,True,nwis,0.04811577617056183,0.04923769345737466,-0.0011219172868128305,-0.0013038807212366287,-0.0009364553848070108,-0.0227857401115688,-0.026089217583304902,-0.01937768225524913,4,2272,84,48,46,7,10000,10000,0.0,2358668213
colorado,recorded_ac,channel_gap_6h,recovery,physical_minus_recency,True,nwis,0.04811577617056183,0.04923769345737466,-0.0011219172868128305,-0.0013045710245862144,-0.0009230413787143691,-0.0227857401115688,-0.02659426109410744,-0.018505965148274992,4,2272,84,24,24,14,10000,10000,0.0,588852190
colorado,recorded_ac,channel_gap_6h,recovery,physical_minus_recency,True,nwis,0.04811577617056183,0.04923769345737466,-0.0011219172868128305,-0.0012898501925165313,-0.0009281701620542076,-0.0227857401115688,-0.026859531210312686,-0.018019954409816442,4,2272,84,12,12,28,10000,10000,0.0,3854310414
colorado,recorded_ac,clean,all,physical_recovery_minus_physical_availability,True,nwis,0.046011044078010876,0.046013062274750924,-2.018196740047329e-06,-9.99047739058713e-06,3.1369164983358396e-06,-4.3861387186020617e-05,-0.00021984151823725205,6.69294490958428e-05,4,15828,322,48,47,7,10000,10000,0.0,2775158893
colorado,recorded_ac,clean,all,physical_recovery_minus_physical_availability,True,nwis,0.046011044078010876,0.046013062274750924,-2.018196740047329e-06,-1.0914796527225837e-05,4.116271705855573e-06,-4.3861387186020617e-05,-0.0002419781378030981,8.696094656796296e-05,4,15828,322,24,24,14,10000,10000,0.0,1832860139
colorado,recorded_ac,clean,all,physical_recovery_minus_physical_availability,True,nwis,0.046011044078010876,0.046013062274750924,-2.018196740047329e-06,-6.924040457509731e-06,0.0,-4.3861387186020617e-05,-0.00014628780539413581,0.0,4,15828,322,12,12,28,10000,10000,0.0,3135559808
colorado,recorded_ac,clean,all,physical_recovery_minus_physical,True,nwis,0.046011044078010876,0.046012585850326804,-1.5417723159272256e-06,-6.7761569239606355e-06,2.2825124443544634e-06,-3.350762160906189e-05,-0.00014719638800453415,4.890671027061907e-05,4,15828,322,48,47,7,10000,10000,0.0,2098938019
colorado,recorded_ac,clean,all,physical_recovery_minus_physical,True,nwis,0.046011044078010876,0.046012585850326804,-1.5417723159272256e-06,-6.205771418156189e-06,1.1903033382405083e-06,-3.350762160906189e-05,-0.00013726606891587839,2.5242316555569284e-05,4,15828,322,24,24,14,10000,10000,0.0,2512099409
colorado,recorded_ac,clean,all,physical_recovery_minus_physical,True,nwis,0.046011044078010876,0.046012585850326804,-1.5417723159272256e-06,-5.234373987236459e-06,0.0,-3.350762160906189e-05,-0.00011155212898851024,0.0,4,15828,322,12,12,28,10000,10000,0.0,1192120700
colorado,recorded_ac,clean,all,physical_minus_recency,True,nwis,0.046012585850326804,0.04712606590780029,-0.0011134800574734843,-0.0012325668138714213,-0.0009866239358154406,-0.023627689602861195,-0.025916050462500378,-0.021055726505966484,4,15828,322,48,47,7,10000,10000,0.0,3719025977
colorado,recorded_ac,clean,all,physical_minus_recency,True,nwis,0.046012585850326804,0.04712606590780029,-0.0011134800574734843,-0.0012519976822587858,-0.0009580304255453437,-0.023627689602861195,-0.02657048499114286,-0.02013996684810049,4,15828,322,24,24,14,10000,10000,0.0,2340882274
colorado,recorded_ac,clean,all,physical_minus_recency,True,nwis,0.046012585850326804,0.04712606590780029,-0.0011134800574734843,-0.0012696303343100895,-0.0009178777940354069,-0.023627689602861195,-0.02714331013440401,-0.01926445652600216,4,15828,322,12,12,28,10000,10000,0.0,1491165183
colorado,recorded_ac,cross_site_weights,recovery,physical_recovery_minus_physical_availability,True,nwis,0.05639694011918717,0.05636284515243249,3.4094966754674716e-05,-7.3948770841721065e-06,7.866340700966034e-05,0.0006049191921107846,-0.00012942662498854708,0.001396873995379181,4,2271,86,48,46,7,10000,10000,0.0,129414368
colorado,recorded_ac,cross_site_weights,recovery,physical_recovery_minus_physical_availability,True,nwis,0.05639694011918717,0.05636284515243249,3.4094966754674716e-05,-9.45834247172393e-06,7.778484481628708e-05,0.0006049191921107846,-0.00016514517700101948,0.001397130628956253,4,2271,86,24,24,14,10000,10000,0.0,1974089138
colorado,recorded_ac,cross_site_weights,recovery,physical_recovery_minus_physical_availability,True,nwis,0.05639694011918717,0.05636284515243249,3.4094966754674716e-05,5.242282720619926e-06,6.156192051561309e-05,0.0006049191921107846,9.197560989377666e-05,0.0010928938803490115,4,2271,86,12,12,28,10000,10000,0.0,3405386743
colorado,recorded_ac,cross_site_weights,recovery,physical_recovery_minus_physical,True,nwis,0.05639694011918717,0.05636121863041685,3.572148877031833e-05,-2.8384085870081233e-05,8.946579630439345e-05,0.0006337955359794203,-0.000501155133445961,0.0015901916596389705,4,2271,86,48,46,7,10000,10000,0.0,1846163428
colorado,recorded_ac,cross_site_weights,recovery,physical_recovery_minus_physical,True,nwis,0.05639694011918717,0.05636121863041685,3.572148877031833e-05,-2.097087984546768e-05,8.653046903389705e-05,0.0006337955359794203,-0.0003635348113979475,0.001550791611101598,4,2271,86,24,24,14,10000,10000,0.0,3002995483
colorado,recorded_ac,cross_site_weights,recovery,physical_recovery_minus_physical,True,nwis,0.05639694011918717,0.05636121863041685,3.572148877031833e-05,-1.3131347112689886e-05,7.099281900871786e-05,0.0006337955359794203,-0.000230191997316742,0.0012636093562819314,4,2271,86,12,12,28,10000,10000,0.0,525696681
colorado,recorded_ac,cross_site_weights,recovery,physical_minus_recency,True,nwis,0.05636121863041685,0.05766933960605164,-0.0013081209756347911,-0.0015006328819479702,-0.0011041937848612707,-0.022683127370120276,-0.025503851383494473,-0.01961863911681969,4,2271,86,48,46,7,10000,10000,0.0,1441153115
colorado,recorded_ac,cross_site_weights,recovery,physical_minus_recency,True,nwis,0.05636121863041685,0.05766933960605164,-0.0013081209756347911,-0.0015377850876199107,-0.001076641779347623,-0.022683127370120276,-0.026157339712970813,-0.019149854704805118,4,2271,86,24,24,14,10000,10000,0.0,3144399269
colorado,recorded_ac,cross_site_weights,recovery,physical_minus_recency,True,nwis,0.05636121863041685,0.05766933960605164,-0.0013081209756347911,-0.0015659500064885477,-0.0010596086347969347,-0.022683127370120276,-0.026471429445546008,-0.01877614219753421,4,2271,86,12,12,28,10000,10000,0.0,1283726928
colorado,recorded_ac,duration_24h,recovery,physical_recovery_minus_physical_availability,True,nwis,0.04949769817641592,0.04948128508751207,1.6413088903856343e-05,-1.9980398570304014e-05,5.5446780932140545e-05,0.00033170296355133726,-0.00040274902207213306,0.0011292958996013491,4,2272,85,48,46,7,10000,10000,0.0,587042996
colorado,recorded_ac,duration_24h,recovery,physical_recovery_minus_physical_availability,True,nwis,0.04949769817641592,0.04948128508751207,1.6413088903856343e-05,-1.832752386414487e-05,5.398993376571938e-05,0.00033170296355133726,-0.0003736826729508087,0.0010923224960809374,4,2272,85,24,24,14,10000,10000,0.0,3101820653
colorado,recorded_ac,duration_24h,recovery,physical_recovery_minus_physical_availability,True,nwis,0.04949769817641592,0.04948128508751207,1.6413088903856343e-05,-1.3675246564081623e-05,4.560109356474532e-05,0.00033170296355133726,-0.0002741202470892611,0.0009283520506649642,4,2272,85,12,12,28,10000,10000,0.0,3176809947
colorado,recorded_ac,duration_24h,recovery,physical_recovery_minus_physical,True,nwis,0.04949769817641592,0.049498129752577745,-4.315761618217673e-07,-3.658661639027796e-05,3.800133710569821e-05,-8.719039769362029e-06,-0.0007434098580146848,0.0007754077406154751,4,2272,85,48,46,7,10000,10000,0.0,3584159940
colorado,recorded_ac,duration_24h,recovery,physical_recovery_minus_physical,True,nwis,0.04949769817641592,0.049498129752577745,-4.315761618217673e-07,-3.393414578085636e-05,3.686441594724331e-05,-8.719039769362029e-06,-0.0006954012763362526,0.000744554524064404,4,2272,85,24,24,14,10000,10000,0.0,4227802578
colorado,recorded_ac,duration_24h,recovery,physical_recovery_minus_physical,True,nwis,0.04949769817641592,0.049498129752577745,-4.315761618217673e-07,-3.21424893196514e-05,3.962345245886333e-05,-8.719039769362029e-06,-0.0006735864320207822,0.0007590875666173093,4,2272,85,12,12,28,10000,10000,0.0,3604800081
colorado,recorded_ac,duration_24h,recovery,physical_minus_recency,True,nwis,0.049498129752577745,0.05058384373423028,-0.0010857139816525321,-0.0012772091719971184,-0.0008939591706347785,-0.021463651266932594,-0.025056008153847936,-0.01777715481774207,4,2272,85,48,46,7,10000,10000,0.0,2625861728
colorado,recorded_ac,duration_24h,recovery,physical_minus_recency,True,nwis,0.049498129752577745,0.05058384373423028,-0.0010857139816525321,-0.0012947301713276877,-0.000872789759695932,-0.021463651266932594,-0.025702575611529586,-0.016976288779398933,4,2272,85,24,24,14,10000,10000,0.0,2414645905
colorado,recorded_ac,duration_24h,recovery,physical_minus_recency,True,nwis,0.049498129752577745,0.05058384373423028,-0.0010857139816525321,-0.0013013272857796744,-0.0008476281845758351,-0.021463651266932594,-0.026213408275833745,-0.01635535522546903,4,2272,85,12,12,28,10000,10000,0.0,3907569062
colorado,recorded_ac,duration_6h,recovery,physical_recovery_minus_physical_availability,True,nwis,0.045780582288602586,0.045763718832550794,1.6863456051792458e-05,-4.560626829993447e-05,6.58398178028603e-05,0.0003684896350643127,-0.0010007178877997388,0.0014560559839191492,4,2268,85,48,46,7,10000,10000,0.0,1455962538
colorado,recorded_ac,duration_6h,recovery,physical_recovery_minus_physical_availability,True,nwis,0.045780582288602586,0.045763718832550794,1.6863456051792458e-05,-3.837912194620003e-05,6.575395098762162e-05,0.0003684896350643127,-0.0008487359089738978,0.001444666984365604,4,2268,85,24,24,14,10000,10000,0.0,2066582135
colorado,recorded_ac,duration_6h,recovery,physical_recovery_minus_physical_availability,True,nwis,0.045780582288602586,0.045763718832550794,1.6863456051792458e-05,-3.4804318658879924e-05,6.903368110885499e-05,0.0003684896350643127,-0.0007709322382737792,0.0015213005666191526,4,2268,85,12,12,28,10000,10000,0.0,1404411105
colorado,recorded_ac,duration_6h,recovery,physical_recovery_minus_physical,True,nwis,0.045780582288602586,0.045750290441706004,3.0291846896582375e-05,-2.9048531844419813e-05,7.900080141781013e-05,0.000662112668665559,-0.0006283285110440941,0.0017458399951145885,4,2268,85,48,46,7,10000,10000,0.0,2578675132
colorado,recorded_ac,duration_6h,recovery,physical_recovery_minus_physical,True,nwis,0.045780582288602586,0.045750290441706004,3.0291846896582375e-05,-2.5729796259379464e-05,8.041799761563383e-05,0.000662112668665559,-0.0005752279715422437,0.0017645387596149358,4,2268,85,24,24,14,10000,10000,0.0,2115333333
colorado,recorded_ac,duration_6h,recovery,physical_recovery_minus_physical,True,nwis,0.045780582288602586,0.045750290441706004,3.0291846896582375e-05,-1.9427016308360202e-05,8.369592885730934e-05,0.000662112668665559,-0.00043757769633865723,0.0018090391154560418,4,2268,85,12,12,28,10000,10000,0.0,1168544620
colorado,recorded_ac,duration_6h,recovery,physical_minus_recency,True,nwis,0.045750290441706004,0.04671109592217086,-0.0009608054804648575,-0.0011393302939478333,-0.0007804955850124805,-0.020569105937178894,-0.02394501127355214,-0.017086491633127063,4,2268,85,48,46,7,10000,10000,0.0,3283732132
colorado,recorded_ac,duration_6h,recovery,physical_minus_recency,True,nwis,0.045750290441706004,0.04671109592217086,-0.0009608054804648575,-0.0011185139020027208,-0.0007938523083510658,-0.020569105937178894,-0.024095175107778907,-0.016641680256392788,4,2268,85,24,24,14,10000,10000,0.0,2941030805
colorado,recorded_ac,duration_6h,recovery,physical_minus_recency,True,nwis,0.045750290441706004,0.04671109592217086,-0.0009608054804648575,-0.001132044556930579,-0.0007774195263489632,-0.020569105937178894,-0.024420321906378443,-0.016046289562036218,4,2268,85,12,12,28,10000,10000,0.0,1916874963
colorado,recorded_ac,irradiance_first,recovery,physical_recovery_minus_physical_availability,True,nwis,0.04770694810935035,0.04768642867143791,2.0519437912439042e-05,-7.3544875004345055e-06,4.810538600899319e-05,0.000430299321717277,-0.00015662132114903092,0.0009912089225194295,4,2272,83,48,46,7,10000,10000,0.0,983163369
colorado,recorded_ac,irradiance_first,recovery,physical_recovery_minus_physical_availability,True,nwis,0.04770694810935035,0.04768642867143791,2.0519437912439042e-05,-9.254928712373357e-06,4.7191768698596166e-05,0.000430299321717277,-0.00019341860134557094,0.0009805612148093498,4,2272,83,24,24,14,10000,10000,0.0,2246439576
colorado,recorded_ac,irradiance_first,recovery,physical_recovery_minus_physical_availability,True,nwis,0.04770694810935035,0.04768642867143791,2.0519437912439042e-05,-1.600693285299139e-05,5.410889128220335e-05,0.000430299321717277,-0.00033091381628986297,0.001123228466168598,4,2272,83,12,12,28,10000,10000,0.0,1955348526
colorado,recorded_ac,irradiance_first,recovery,physical_recovery_minus_physical,True,nwis,0.04770694810935035,0.04768060166611956,2.6346443230788885e-05,-7.059471872567641e-06,6.017403443471772e-05,0.0005525610481025012,-0.00014761728131347138,0.0012590498890150976,4,2272,83,48,46,7,10000,10000,0.0,106250822
colorado,recorded_ac,irradiance_first,recovery,physical_recovery_minus_physical,True,nwis,0.04770694810935035,0.04768060166611956,2.6346443230788885e-05,-7.479953557386516e-06,5.694787804493978e-05,0.0005525610481025012,-0.00015147029568534403,0.0011951799701579568,4,2272,83,24,24,14,10000,10000,0.0,3030963241
colorado,recorded_ac,irradiance_first,recovery,physical_recovery_minus_physical,True,nwis,0.04770694810935035,0.04768060166611956,2.6346443230788885e-05,-1.3335333630561454e-05,5.833217216549816e-05,0.0005525610481025012,-0.00027485540238745345,0.0012293595948139975,4,2272,83,12,12,28,10000,10000,0.0,2191780960
colorado,recorded_ac,irradiance_first,recovery,physical_minus_recency,True,nwis,0.04768060166611956,0.04877354343004537,-0.0010929417639258115,-0.0012854855767192833,-0.0009036316699684436,-0.022408496226922484,-0.025809165688310043,-0.018837584053612216,4,2272,83,48,46,7,10000,10000,0.0,686456586
colorado,recorded_ac,irradiance_first,recovery,physical_minus_recency,True,nwis,0.04768060166611956,0.04877354343004537,-0.0010929417639258115,-0.001264927001158087,-0.0009089529343885678,-0.022408496226922484,-0.02592623352781759,-0.018369066480394675,4,2272,83,24,24,14,10000,10000,0.0,702699669
colorado,recorded_ac,irradiance_first,recovery,physical_minus_recency,True,nwis,0.04768060166611956,0.04877354343004537,-0.0010929417639258115,-0.001255376931372182,-0.0009106806933332785,-0.022408496226922484,-0.026107116291193746,-0.01801339593143846,4,2272,83,12,12,28,10000,10000,0.0,3719745863
colorado,recorded_ac,irradiance_only,recovery,physical_recovery_minus_physical_availability,True,nwis,0.046959228401734554,0.04691660421137963,4.262419035492432e-05,-1.261592485297426e-06,8.754906751756962e-05,0.0009085097072005441,-2.6784774056127314e-05,0.0018552265171613968,4,2271,86,48,46,7,10000,10000,0.0,1620273231
colorado,recorded_ac,irradiance_only,recovery,physical_recovery_minus_physical_availability,True,nwis,0.046959228401734554,0.04691660421137963,4.262419035492432e-05,7.991355406156502e-07,8.203830457400498e-05,0.0009085097072005441,1.6744630350819774e-05,0.0017701976298470882,4,2271,86,24,24,14,10000,10000,0.0,190347765
colorado,recorded_ac,irradiance_only,recovery,physical_recovery_minus_physical_availability,True,nwis,0.046959228401734554,0.04691660421137963,4.262419035492432e-05,4.308797263741748e-06,7.67151840772735e-05,0.0009085097072005441,8.680848413914911e-05,0.0016840659062033116,4,2271,86,12,12,28,10000,10000,0.0,1507864408
colorado,recorded_ac,irradiance_only,recovery,physical_recovery_minus_physical,True,nwis,0.046959228401734554,0.04691941785716912,3.9810544565435646e-05,-2.8093448648649333e-06,8.0629141479421e-05,0.0008484876067010439,-5.945250645606165e-05,0.0017434842747237314,4,2271,86,48,46,7,10000,10000,0.0,1414961058
colorado,recorded_ac,irradiance_only,recovery,physical_recovery_minus_physical,True,nwis,0.046959228401734554,0.04691941785716912,3.9810544565435646e-05,7.1569052562628365e-06,7.360846353711997e-05,0.0008484876067010439,0.00014982977722180393,0.001600595691587141,4,2271,86,24,24,14,10000,10000,0.0,2048167518
colorado,recorded_ac,irradiance_only,recovery,physical_recovery_minus_physical,True,nwis,0.046959228401734554,0.04691941785716912,3.9810544565435646e-05,8.50027125149644e-06,6.845336630417059e-05,0.0008484876067010439,0.00017483438519662564,0.0015025972659765117,4,2271,86,12,12,28,10000,10000,0.0,1489788400
colorado,recorded_ac,irradiance_only,recovery,physical_minus_recency,True,nwis,0.04691941785716912,0.047993642772345385,-0.0010742249151762667,-0.0012634915578464488,-0.0008814234411923189,-0.022382650141223502,-0.025905765546461974,-0.018747423172763306,4,2271,86,48,46,7,10000,10000,0.0,3761021421
colorado,recorded_ac,irradiance_only,recovery,physical_minus_recency,True,nwis,0.04691941785716912,0.047993642772345385,-0.0010742249151762667,-0.0012435465334625225,-0.0008971680134882008,-0.022382650141223502,-0.025931227066799113,-0.0182676840651182,4,2271,86,24,24,14,10000,10000,0.0,1574037970
colorado,recorded_ac,irradiance_only,recovery,physical_minus_recency,True,nwis,0.04691941785716912,0.047993642772345385,-0.0010742249151762667,-0.0012361403791449532,-0.0008852956207958269,-0.022382650141223502,-0.026128081769002352,-0.017687307397394755,4,2271,86,12,12,28,10000,10000,0.0,3478331452
colorado,recorded_ac,joint_gradual,recovery,physical_recovery_minus_physical_availability,True,nwis,0.0466799732740977,0.046631924626032654,4.8048648065047994e-05,1.4021158764043926e-05,8.643846173696494e-05,0.0010303809772034252,0.00030327344717558563,0.001861306259646505,4,2271,86,48,46,7,10000,10000,0.0,159535089
colorado,recorded_ac,joint_gradual,recovery,physical_recovery_minus_physical_availability,True,nwis,0.0466799732740977,0.046631924626032654,4.8048648065047994e-05,1.3645151792118262e-05,8.541036700189797e-05,0.0010303809772034252,0.00029021471304976735,0.0018523116498974004,4,2271,86,24,24,14,10000,10000,0.0,3483685820
colorado,recorded_ac,joint_gradual,recovery,physical_recovery_minus_physical_availability,True,nwis,0.0466799732740977,0.046631924626032654,4.8048648065047994e-05,1.3115357545200047e-05,8.389421372009263e-05,0.0010303809772034252,0.0002688821201219194,0.0018371166239959432,4,2271,86,12,12,28,10000,10000,0.0,1950962567
colorado,recorded_ac,joint_gradual,recovery,physical_recovery_minus_physical,True,nwis,0.0466799732740977,0.046635279405855906,4.469386824179633e-05,8.3968756301284e-06,8.056916054678831e-05,0.0009583703327439313,0.0001738606345849103,0.0017542413382673357,4,2271,86,48,46,7,10000,10000,0.0,2561374426
colorado,recorded_ac,joint_gradual,recovery,physical_recovery_minus_physical,True,nwis,0.0466799732740977,0.046635279405855906,4.469386824179633e-05,7.185809783496339e-06,7.986970719367023e-05,0.0009583703327439313,0.00014358558942268712,0.0017869762863958808,4,2271,86,24,24,14,10000,10000,0.0,3247494079
colorado,recorded_ac,joint_gradual,recovery,physical_recovery_minus_physical,True,nwis,0.0466799732740977,0.046635279405855906,4.469386824179633e-05,1.231072376038922e-05,7.162774096158373e-05,0.0009583703327439313,0.0002463814351983218,0.0016151066923081768,4,2271,86,12,12,28,10000,10000,0.0,3149748939
colorado,recorded_ac,joint_gradual,recovery,physical_minus_recency,True,nwis,0.046635279405855906,0.04765476668834394,-0.0010194872824880324,-0.0011964344365872342,-0.0008357789829055099,-0.0213931858937711,-0.02470081914203971,-0.017873396914963827,4,2271,86,48,46,7,10000,10000,0.0,3211702369
colorado,recorded_ac,joint_gradual,recovery,physical_minus_recency,True,nwis,0.046635279405855906,0.04765476668834394,-0.0010194872824880324,-0.0011757581815809283,-0.0008542306431652184,-0.0213931858937711,-0.02479987304712508,-0.017561401548860597,4,2271,86,24,24,14,10000,10000,0.0,1653626843
colorado,recorded_ac,joint_gradual,recovery,physical_minus_recency,True,nwis,0.046635279405855906,0.04765476668834394,-0.0010194872824880324,-0.0011745974069686973,-0.0008432328997008294,-0.0213931858937711,-0.024952920017696934,-0.01692246672135967,4,2271,86,12,12,28,10000,10000,0.0,639897075
colorado,recorded_ac,joint_immediate,recovery,physical_recovery_minus_physical_availability,True,nwis,0.046957179954117745,0.04691467199688902,4.2507957228724025e-05,2.1475752617497808e-06,8.389972379858299e-05,0.0009060695816341376,4.597278856791196e-05,0.001795275870755742,4,2271,86,48,46,7,10000,10000,0.0,2553658973
colorado,recorded_ac,joint_immediate,recovery,physical_recovery_minus_physical_availability,True,nwis,0.046957179954117745,0.04691467199688902,4.2507957228724025e-05,5.0790872150341745e-06,7.856117557029102e-05,0.0009060695816341376,0.00010802951911265262,0.0017088545176102933,4,2271,86,24,24,14,10000,10000,0.0,1660885797
colorado,recorded_ac,joint_immediate,recovery,physical_recovery_minus_physical_availability,True,nwis,0.046957179954117745,0.04691467199688902,4.2507957228724025e-05,4.947875869796073e-06,7.671153012920039e-05,0.0009060695816341376,0.00010100703178277555,0.0016715984582787533,4,2271,86,12,12,28,10000,10000,0.0,3972260616
colorado,recorded_ac,joint_immediate,recovery,physical_recovery_minus_physical,True,nwis,0.046957179954117745,0.04691277663356881,4.4403320548933034e-05,2.3435291130307834e-06,8.40124402691971e-05,0.0009465080461078462,4.823277545237136e-05,0.0018227904179762703,4,2271,86,48,46,7,10000,10000,0.0,271680416
colorado,recorded_ac,joint_immediate,recovery,physical_recovery_minus_physical,True,nwis,0.046957179954117745,0.04691277663356881,4.4403320548933034e-05,3.6738541699561644e-06,8.224615246502398e-05,0.0009465080461078462,7.755896410862648e-05,0.0018072306867509974,4,2271,86,24,24,14,10000,10000,0.0,2726393546
colorado,recorded_ac,joint_immediate,recovery,physical_recovery_minus_physical,True,nwis,0.046957179954117745,0.04691277663356881,4.4403320548933034e-05,8.766757329450003e-06,7.546691880198977e-05,0.0009465080461078462,0.00018107188939526334,0.0016433715478511794,4,2271,86,12,12,28,10000,10000,0.0,4018118364
colorado,recorded_ac,joint_immediate,recovery,physical_minus_recency,True,nwis,0.04691277663356881,0.04794752775018969,-0.00103475111662088,-0.0012174233464628845,-0.0008545200350984222,-0.02158090656961529,-0.02497022542346529,-0.018095886018613658,4,2271,86,48,46,7,10000,10000,0.0,2970831146
colorado,recorded_ac,joint_immediate,recovery,physical_minus_recency,True,nwis,0.04691277663356881,0.04794752775018969,-0.00103475111662088,-0.0011947796934559478,-0.0008698247339957506,-0.02158090656961529,-0.024986271821795407,-0.017708977246792528,4,2271,86,24,24,14,10000,10000,0.0,2478970684
colorado,recorded_ac,joint_immediate,recovery,physical_minus_recency,True,nwis,0.04691277663356881,0.04794752775018969,-0.00103475111662088,-0.0011940013035755008,-0.000855343787142637,-0.02158090656961529,-0.02520484085279523,-0.017063031195598828,4,2271,86,12,12,28,10000,10000,0.0,3067007329
colorado,recorded_ac,joint_none,recovery,physical_recovery_minus_physical_availability,True,nwis,0.06156219715170713,0.06149140835120677,7.078880050036263e-05,-4.160382284684356e-05,0.00018944062422304787,0.0011511982307520754,-0.0006957007426785906,0.0029854811413743848,4,2271,86,48,46,7,10000,10000,0.0,2125604587
colorado,recorded_ac,joint_none,recovery,physical_recovery_minus_physical_availability,True,nwis,0.06156219715170713,0.06149140835120677,7.078880050036263e-05,-6.16986653387535e-05,0.0002156385353303143,0.0011511982307520754,-0.0010413633043259679,0.0033382931541838952,4,2271,86,24,24,14,10000,10000,0.0,3228442270
colorado,recorded_ac,joint_none,recovery,physical_recovery_minus_physical_availability,True,nwis,0.06156219715170713,0.06149140835120677,7.078880050036263e-05,-6.785393856021445e-05,0.00022099612176807343,0.0011511982307520754,-0.0011749308744796556,0.0033828257866226337,4,2271,86,12,12,28,10000,10000,0.0,1306876377
colorado,recorded_ac,joint_none,recovery,physical_recovery_minus_physical,True,nwis,0.06156219715170713,0.06192881184791385,-0.0003666146962067185,-0.0005805385643114444,-0.00018032602132355262,-0.005919937509976116,-0.008947230302070083,-0.003027553998395702,4,2271,86,48,46,7,10000,10000,0.0,1745836287
colorado,recorded_ac,joint_none,recovery,physical_recovery_minus_physical,True,nwis,0.06156219715170713,0.06192881184791385,-0.0003666146962067185,-0.0005929351184718893,-0.0001793769076046009,-0.005919937509976116,-0.009121282914069379,-0.003053362657335875,4,2271,86,24,24,14,10000,10000,0.0,179823236
colorado,recorded_ac,joint_none,recovery,physical_recovery_minus_physical,True,nwis,0.06156219715170713,0.06192881184791385,-0.0003666146962067185,-0.000598559565260252,-0.00017977583667895783,-0.005919937509976116,-0.008979896662918185,-0.0031145912646741414,4,2271,86,12,12,28,10000,10000,0.0,691785030
colorado,recorded_ac,joint_none,recovery,physical_minus_recency,True,nwis,0.06192881184791385,0.06309722716278338,-0.0011684153148695253,-0.0013918771131014643,-0.0009537401276770654,-0.0185176966945814,-0.02079209422742005,-0.01608243194844124,4,2271,86,48,46,7,10000,10000,0.0,3480520396
colorado,recorded_ac,joint_none,recovery,physical_minus_recency,True,nwis,0.06192881184791385,0.06309722716278338,-0.0011684153148695253,-0.001404998781535614,-0.000945714635858636,-0.0185176966945814,-0.021083259826090977,-0.01574245066094916,4,2271,86,24,24,14,10000,10000,0.0,513658058
colorado,recorded_ac,joint_none,recovery,physical_minus_recency,True,nwis,0.06192881184791385,0.06309722716278338,-0.0011684153148695253,-0.0014238933519528704,-0.0009173401747587812,-0.0185176966945814,-0.021217696600929297,-0.015338007283605695,4,2271,86,12,12,28,10000,10000,0.0,2626981427
colorado,recorded_ac,narrow_quality,recovery,physical_recovery_minus_physical_availability,True,nwis,0.047011548209574275,0.0469539843325773,5.756387699697163e-05,2.1547959462511237e-05,9.816458812970451e-05,0.0012259636283311753,0.00046405746020382864,0.002096738968815084,4,2271,86,48,46,7,10000,10000,0.0,1161713439
colorado,recorded_ac,narrow_quality,recovery,physical_recovery_minus_physical_availability,True,nwis,0.047011548209574275,0.0469539843325773,5.756387699697163e-05,2.0603087382846214e-05,9.80130235258763e-05,0.0012259636283311753,0.0004371056468863416,0.0021026822504396758,4,2271,86,24,24,14,10000,10000,0.0,2272308999
colorado,recorded_ac,narrow_quality,recovery,physical_recovery_minus_physical_availability,True,nwis,0.047011548209574275,0.0469539843325773,5.756387699697163e-05,2.3046559721130385e-05,9.185328759225337e-05,0.0012259636283311753,0.00046817561869282384,0.0019706028337689308,4,2271,86,12,12,28,10000,10000,0.0,498501297
colorado,recorded_ac,narrow_quality,recovery,physical_recovery_minus_physical,True,nwis,0.047011548209574275,0.04696625619582524,4.529201374903202e-05,1.6399580368890377e-06,8.56947927006633e-05,0.000964352226845323,3.403656854473687e-05,0.0018488995236757,4,2271,86,48,46,7,10000,10000,0.0,1671082840
colorado,recorded_ac,narrow_quality,recovery,physical_recovery_minus_physical,True,nwis,0.047011548209574275,0.04696625619582524,4.529201374903202e-05,-3.1211213297488786e-06,8.894857932936187e-05,0.000964352226845323,-6.39964741031252e-05,0.0019433723112417753,4,2271,86,24,24,14,10000,10000,0.0,3883697451
colorado,recorded_ac,narrow_quality,recovery,physical_recovery_minus_physical,True,nwis,0.047011548209574275,0.04696625619582524,4.529201374903202e-05,9.006390840973592e-06,7.219638245333259e-05,0.000964352226845323,0.00018008082288946737,0.001583437363965316,4,2271,86,12,12,28,10000,10000,0.0,2557287640
colorado,recorded_ac,narrow_quality,recovery,physical_minus_recency,True,nwis,0.04696625619582524,0.04803538254305661,-0.0010691263472313653,-0.0012670091949789368,-0.0008722668814545629,-0.02225705908083592,-0.025906601554850535,-0.01853203472349868,4,2271,86,48,46,7,10000,10000,0.0,2540810759
colorado,recorded_ac,narrow_quality,recovery,physical_minus_recency,True,nwis,0.04696625619582524,0.04803538254305661,-0.0010691263472313653,-0.0012415178465517937,-0.0008874841079810188,-0.02225705908083592,-0.025891343131925676,-0.018156764047274263,4,2271,86,24,24,14,10000,10000,0.0,911471379
colorado,recorded_ac,narrow_quality,recovery,physical_minus_recency,True,nwis,0.04696625619582524,0.04803538254305661,-0.0010691263472313653,-0.0012525740987277914,-0.000868956831016399,-0.02225705908083592,-0.026321524159969804,-0.01723710116321645,4,2271,86,12,12,28,10000,10000,0.0,3328031806
colorado,recorded_ac,no_block_augmentation,recovery,physical_recovery_minus_physical_availability,True,nwis,0.04202754941797064,0.04198921035540766,3.833906256298092e-05,1.0424658828122637e-05,7.165692260012544e-05,0.0009130693870751334,0.0002513373273590693,0.001715338623579991,4,2271,86,48,46,7,10000,10000,0.0,1067161832
colorado,recorded_ac,no_block_augmentation,recovery,physical_recovery_minus_physical_availability,True,nwis,0.04202754941797064,0.04198921035540766,3.833906256298092e-05,1.0598442748744123e-05,7.028852700654405e-05,0.0009130693870751334,0.000258022154472964,0.0017147134733881948,4,2271,86,24,24,14,10000,10000,0.0,1041934854
colorado,recorded_ac,no_block_augmentation,recovery,physical_recovery_minus_physical_availability,True,nwis,0.04202754941797064,0.04198921035540766,3.833906256298092e-05,1.4296893290421942e-05,6.378573493724253e-05,0.0009130693870751334,0.00034291450921442463,0.0015386538294084589,4,2271,86,12,12,28,10000,10000,0.0,2036330169
colorado,recorded_ac,no_block_augmentation,recovery,physical_recovery_minus_physical,True,nwis,0.04202754941797064,0.04198631984190797,4.122957606267352e-05,1.0013569905989624e-05,7.436010609305955e-05,0.0009819764203653992,0.00023787735074877462,0.0017834094119947264,4,2271,86,48,46,7,10000,10000,0.0,1534052697
colorado,recorded_ac,no_block_augmentation,recovery,physical_recovery_minus_physical,True,nwis,0.04202754941797064,0.04198631984190797,4.122957606267352e-05,1.2081374345438052e-05,7.252318029364983e-05,0.0009819764203653992,0.00028349164000476465,0.0017675383827606298,4,2271,86,24,24,14,10000,10000,0.0,101455267
colorado,recorded_ac,no_block_augmentation,recovery,physical_recovery_minus_physical,True,nwis,0.04202754941797064,0.04198631984190797,4.122957606267352e-05,2.1935991456738766e-05,6.168027202035093e-05,0.0009819764203653992,0.0005220982570467807,0.0014906996499646,4,2271,86,12,12,28,10000,10000,0.0,1546314378
colorado,recorded_ac,no_block_augmentation,recovery,physical_minus_recency,True,nwis,0.04198631984190797,0.04274509467176046,-0.0007587748298524891,-0.0009208129116086372,-0.000602486170750819,-0.01775115567480012,-0.021222547714513446,-0.01427402920544015,4,2271,86,48,46,7,10000,10000,0.0,3300734302
colorado,recorded_ac,no_block_augmentation,recovery,physical_minus_recency,True,nwis,0.04198631984190797,0.04274509467176046,-0.0007587748298524891,-0.0009018304488325884,-0.0006177459519491582,-0.01775115567480012,-0.02130048306687401,-0.013963407168928448,4,2271,86,24,24,14,10000,10000,0.0,1208116304
colorado,recorded_ac,no_block_augmentation,recovery,physical_minus_recency,True,nwis,0.04198631984190797,0.04274509467176046,-0.0007587748298524891,-0.0008928894708894953,-0.000619025664218867,-0.01775115567480012,-0.021605700419689386,-0.013725572668824569,4,2271,86,12,12,28,10000,10000,0.0,4098322172
colorado,recorded_ac,no_input_age,recovery,physical_recovery_minus_physical_availability,True,nwis,0.046394861375952764,0.04634089803066371,5.3963345289051445e-05,1.8122560472534286e-05,9.497259008000023e-05,0.0011644863950056377,0.00038984976145468023,0.002048669266759469,4,2271,86,48,46,7,10000,10000,0.0,2403229999
colorado,recorded_ac,no_input_age,recovery,physical_recovery_minus_physical_availability,True,nwis,0.046394861375952764,0.04634089803066371,5.3963345289051445e-05,1.8084464429126218e-05,9.069616581776543e-05,0.0011644863950056377,0.00038926066239836174,0.001987933249678924,4,2271,86,24,24,14,10000,10000,0.0,2023299897
colorado,recorded_ac,no_input_age,recovery,physical_recovery_minus_physical_availability,True,nwis,0.046394861375952764,0.04634089803066371,5.3963345289051445e-05,2.11220241189667e-05,8.755561720454954e-05,0.0011644863950056377,0.0004288578161509616,0.001948107045672226,4,2271,86,12,12,28,10000,10000,0.0,2382943290
colorado,recorded_ac,no_input_age,recovery,physical_recovery_minus_physical,True,nwis,0.046394861375952764,0.04634740976530928,4.745161064348413e-05,1.0887422957528426e-05,8.424576196835262e-05,0.0010238244355783037,0.0002311044740461544,0.0018423488779604773,4,2271,86,48,46,7,10000,10000,0.0,1904595157
colorado,recorded_ac,no_input_age,recovery,physical_recovery_minus_physical,True,nwis,0.046394861375952764,0.04634740976530928,4.745161064348413e-05,1.2223985829187822e-05,8.275794954719483e-05,0.0010238244355783037,0.0002523204965424422,0.001854098935189065,4,2271,86,24,24,14,10000,10000,0.0,2995275967
colorado,recorded_ac,no_input_age,recovery,physical_recovery_minus_physical,True,nwis,0.046394861375952764,0.04634740976530928,4.745161064348413e-05,1.9816441262971578e-05,7.597651912764035e-05,0.0010238244355783037,0.00040315345016303446,0.0016936754804618415,4,2271,86,12,12,28,10000,10000,0.0,1816343571
colorado,recorded_ac,no_input_age,recovery,physical_minus_recency,True,nwis,0.04634740976530928,0.047338976761742646,-0.0009915669964333657,-0.0011665218767794474,-0.000817082255663024,-0.02094610116783741,-0.024249775894560382,-0.017573334393667144,4,2271,86,48,46,7,10000,10000,0.0,973964291
colorado,recorded_ac,no_input_age,recovery,physical_minus_recency,True,nwis,0.04634740976530928,0.047338976761742646,-0.0009915669964333657,-0.0011474572021854925,-0.0008289956359433644,-0.02094610116783741,-0.02427714404485296,-0.01702601897772546,4,2271,86,24,24,14,10000,10000,0.0,2050594479
colorado,recorded_ac,no_input_age,recovery,physical_minus_recency,True,nwis,0.04634740976530928,0.047338976761742646,-0.0009915669964333657,-0.0011538903056270043,-0.0008110899252471493,-0.02094610116783741,-0.024671261218594493,-0.01645796542046451,4,2271,86,12,12,28,10000,10000,0.0,1223336052
colorado,recorded_ac,privileged_labels,recovery,physical_recovery_minus_physical_availability,True,nwis,0.04668207020483085,0.046633287751487035,4.878245334381803e-05,1.4267009684421594e-05,8.792698586371494e-05,0.0010460865123596709,0.00031242551890874737,0.001879748893038524,4,2271,86,48,46,7,10000,10000,0.0,1501214348
colorado,recorded_ac,privileged_labels,recovery,physical_recovery_minus_physical_availability,True,nwis,0.04668207020483085,0.046633287751487035,4.878245334381803e-05,1.3310815343927502e-05,8.630829138146361e-05,0.0010460865123596709,0.0002785426607717219,0.0018743352974550293,4,2271,86,24,24,14,10000,10000,0.0,3736540484
colorado,recorded_ac,privileged_labels,recovery,physical_recovery_minus_physical_availability,True,nwis,0.04668207020483085,0.046633287751487035,4.878245334381803e-05,1.4123295577102638e-05,8.292799948674679e-05,0.0010460865123596709,0.000290663993049709,0.0018166938929346493,4,2271,86,12,12,28,10000,10000,0.0,1290910458
colorado,recorded_ac,privileged_labels,recovery,physical_recovery_minus_physical,True,nwis,0.04668207020483085,0.04663672740937537,4.534279545548303e-05,8.895359458714266e-06,8.186469719218616e-05,0.0009722550868002754,0.00018794322171694522,0.0017850831643054098,4,2271,86,48,46,7,10000,10000,0.0,3189431196
colorado,recorded_ac,privileged_labels,recovery,physical_recovery_minus_physical,True,nwis,0.04668207020483085,0.04663672740937537,4.534279545548303e-05,7.957635258975388e-06,7.937543410919539e-05,0.0009722550868002754,0.00015852546129248082,0.001771358963363621,4,2271,86,24,24,14,10000,10000,0.0,3418492488
colorado,recorded_ac,privileged_labels,recovery,physical_recovery_minus_physical,True,nwis,0.04668207020483085,0.04663672740937537,4.534279545548303e-05,1.4680060430120184e-05,7.19576322375702e-05,0.0009722550868002754,0.00029400427833204486,0.0016200583387199518,4,2271,86,12,12,28,10000,10000,0.0,1072213404
colorado,recorded_ac,privileged_labels,recovery,physical_minus_recency,True,nwis,0.04663672740937537,0.047657171832258885,-0.0010204444228835152,-0.0012038850683244802,-0.0008380333553299655,-0.021412190099639565,-0.024780481266936032,-0.017880709928791795,4,2271,86,48,46,7,10000,10000,0.0,3339798043
colorado,recorded_ac,privileged_labels,recovery,physical_minus_recency,True,nwis,0.04663672740937537,0.047657171832258885,-0.0010204444228835152,-0.0011807057813430105,-0.0008532878251600075,-0.021412190099639565,-0.024778005982001892,-0.01751854336420434,4,2271,86,24,24,14,10000,10000,0.0,1511313558
colorado,recorded_ac,privileged_labels,recovery,physical_minus_recency,True,nwis,0.04663672740937537,0.047657171832258885,-0.0010204444228835152,-0.001179626837041276,-0.0008412713915363849,-0.021412190099639565,-0.024986931207431434,-0.01690984590788261,4,2271,86,12,12,28,10000,10000,0.0,660624127
colorado,recorded_ac,pv_first,recovery,physical_recovery_minus_physical_availability,True,nwis,0.046437874574142834,0.04641617545402168,2.16991201211561e-05,-7.48266079173207e-06,5.147334937385307e-05,0.0004674904795344573,-0.00016142161858229094,0.001099762858978873,4,2272,83,48,46,7,10000,10000,0.0,426917271
colorado,recorded_ac,pv_first,recovery,physical_recovery_minus_physical_availability,True,nwis,0.046437874574142834,0.04641617545402168,2.16991201211561e-05,-1.0926888780363534e-05,5.1126046620735326e-05,0.0004674904795344573,-0.00023935202079754519,0.0010891531966352485,4,2272,83,24,24,14,10000,10000,0.0,3654214641
colorado,recorded_ac,pv_first,recovery,physical_recovery_minus_physical_availability,True,nwis,0.046437874574142834,0.04641617545402168,2.16991201211561e-05,-1.787073587922773e-05,6.007559836603646e-05,0.0004674904795344573,-0.0003779458560372378,0.001272334607724258,4,2272,83,12,12,28,10000,10000,0.0,4285737307
colorado,recorded_ac,pv_first,recovery,physical_recovery_minus_physical,True,nwis,0.046437874574142834,0.04642227542827598,1.5599145866851405e-05,-1.7506603985286384e-05,4.733955065619656e-05,0.0003360271706403669,-0.0003739107127338994,0.0010185138404269249,4,2272,83,48,46,7,10000,10000,0.0,1547652542
colorado,recorded_ac,pv_first,recovery,physical_recovery_minus_physical,True,nwis,0.046437874574142834,0.04642227542827598,1.5599145866851405e-05,-2.2849751246242603e-05,4.977155874441898e-05,0.0003360271706403669,-0.00048480334688819136,0.0010713726740776476,4,2272,83,24,24,14,10000,10000,0.0,3171743363
colorado,recorded_ac,pv_first,recovery,physical_recovery_minus_physical,True,nwis,0.046437874574142834,0.04642227542827598,1.5599145866851405e-05,-2.3684119623678875e-05,5.2632681907500634e-05,0.0003360271706403669,-0.0005142983886492332,0.00111137542848629,4,2272,83,12,12,28,10000,10000,0.0,82324456
colorado,recorded_ac,pv_first,recovery,physical_minus_recency,True,nwis,0.04642227542827598,0.04741829155652956,-0.0009960161282535768,-0.001168078618749733,-0.0008215101044634583,-0.021004892744104445,-0.02420732170867748,-0.017645890203243877,4,2272,83,48,46,7,10000,10000,0.0,3115007781
colorado,recorded_ac,pv_first,recovery,physical_minus_recency,True,nwis,0.04642227542827598,0.04741829155652956,-0.0009960161282535768,-0.0011643754799879735,-0.0008284122787671589,-0.021004892744104445,-0.02440464453296058,-0.01729746792295563,4,2272,83,24,24,14,10000,10000,0.0,285026034
colorado,recorded_ac,pv_first,recovery,physical_minus_recency,True,nwis,0.04642227542827598,0.04741829155652956,-0.0009960161282535768,-0.0011420820609257146,-0.0008272481058350198,-0.021004892744104445,-0.024276851109793246,-0.016797336435780814,4,2272,83,12,12,28,10000,10000,0.0,501950517
colorado,recorded_ac,pv_only,recovery,physical_recovery_minus_physical_availability,True,nwis,0.046945714441449043,0.04690730410871509,3.841033273395411e-05,-9.0195112487753e-06,8.507460092126283e-05,0.0008188561134302687,-0.00019468082024387602,0.0018267508632083913,4,2271,86,48,46,7,10000,10000,0.0,1195401663
colorado,recorded_ac,pv_only,recovery,physical_recovery_minus_physical_availability,True,nwis,0.046945714441449043,0.04690730410871509,3.841033273395411e-05,-3.4274894281836863e-06,7.742316765119612e-05,0.0008188561134302687,-7.263064723186798e-05,0.0016692291731075942,4,2271,86,24,24,14,10000,10000,0.0,2074930127
colorado,recorded_ac,pv_only,recovery,physical_recovery_minus_physical_availability,True,nwis,0.046945714441449043,0.04690730410871509,3.841033273395411e-05,2.9774944363437973e-07,7.588006618282905e-05,0.0008188561134302687,5.905149037938705e-06,0.0016617695852991416,4,2271,86,12,12,28,10000,10000,0.0,753458771
colorado,recorded_ac,pv_only,recovery,physical_recovery_minus_physical,True,nwis,0.046945714441449043,0.046875101014958086,7.061342649095775e-05,2.8027116266390353e-05,0.00011300027022149715,0.0015064165188342666,0.0005918160419300735,0.002406943295954496,4,2271,86,48,46,7,10000,10000,0.0,614729367
colorado,recorded_ac,pv_only,recovery,physical_recovery_minus_physical,True,nwis,0.046945714441449043,0.046875101014958086,7.061342649095775e-05,3.309794471614575e-05,0.0001089193504752941,0.0015064165188342666,0.0006920837840886742,0.002359306794920707,4,2271,86,24,24,14,10000,10000,0.0,2638958950
colorado,recorded_ac,pv_only,recovery,physical_recovery_minus_physical,True,nwis,0.046945714441449043,0.046875101014958086,7.061342649095775e-05,3.334365929835593e-05,0.00010905993419112902,0.0015064165188342666,0.0006887777235410351,0.0023819023587080936,4,2271,86,12,12,28,10000,10000,0.0,3641952607
colorado,recorded_ac,pv_only,recovery,physical_minus_recency,True,nwis,0.046875101014958086,0.047903944541558524,-0.0010288435266004384,-0.0012115973890856322,-0.0008529373212562474,-0.02147721939073048,-0.024782882955367937,-0.01814612109820427,4,2271,86,48,46,7,10000,10000,0.0,4215292214
colorado,recorded_ac,pv_only,recovery,physical_minus_recency,True,nwis,0.046875101014958086,0.047903944541558524,-0.0010288435266004384,-0.0011907891419936359,-0.0008628818122791864,-0.02147721939073048,-0.024931115443726483,-0.017631127115734283,4,2271,86,24,24,14,10000,10000,0.0,311114413
colorado,recorded_ac,pv_only,recovery,physical_minus_recency,True,nwis,0.046875101014958086,0.047903944541558524,-0.0010288435266004384,-0.001182914836098466,-0.000854657383237922,-0.02147721939073048,-0.024979755970729624,-0.017131261192196046,4,2271,86,12,12,28,10000,10000,0.0,2870539224
colorado,recorded_ac,receipt_5min,recovery,physical_recovery_minus_physical_availability,True,nwis,0.0466799732740977,0.046631924626032654,4.8048648065047994e-05,1.2901909937989079e-05,8.722879664707777e-05,0.0010303809772034252,0.00027939010059225335,0.0018685468407806623,4,2271,86,48,46,7,10000,10000,0.0,635556823
colorado,recorded_ac,receipt_5min,recovery,physical_recovery_minus_physical_availability,True,nwis,0.0466799732740977,0.046631924626032654,4.8048648065047994e-05,1.3063552523101714e-05,8.559931212257077e-05,0.0010303809772034252,0.00027483350518174744,0.0018663572564905455,4,2271,86,24,24,14,10000,10000,0.0,537800951
colorado,recorded_ac,receipt_5min,recovery,physical_recovery_minus_physical_availability,True,nwis,0.0466799732740977,0.046631924626032654,4.8048648065047994e-05,1.2705024217129876e-05,8.449822375267562e-05,0.0010303809772034252,0.0002610737619640437,0.0018538122646965017,4,2271,86,12,12,28,10000,10000,0.0,3609046176
colorado,recorded_ac,receipt_5min,recovery,physical_recovery_minus_physical,True,nwis,0.0466799732740977,0.046635279405855906,4.469386824179633e-05,8.103213180627943e-06,8.033547821780246e-05,0.0009583703327439313,0.0001652434591951535,0.0017596946579047086,4,2271,86,48,46,7,10000,10000,0.0,1115188223
colorado,recorded_ac,receipt_5min,recovery,physical_recovery_minus_physical,True,nwis,0.0466799732740977,0.046635279405855906,4.469386824179633e-05,7.3994173128586965e-06,7.900491495084881e-05,0.0009583703327439313,0.00014759095361284552,0.0017649616592256303,4,2271,86,24,24,14,10000,10000,0.0,853252994
colorado,recorded_ac,receipt_5min,recovery,physical_recovery_minus_physical,True,nwis,0.0466799732740977,0.046635279405855906,4.469386824179633e-05,1.326769887509214e-05,7.177243042489518e-05,0.0009583703327439313,0.00026488586792507753,0.0016201906558532787,4,2271,86,12,12,28,10000,10000,0.0,2750369404
colorado,recorded_ac,receipt_5min,recovery,physical_minus_recency,True,nwis,0.046635279405855906,0.04765476668834394,-0.0010194872824880324,-0.0011994356793355067,-0.0008410868075530104,-0.0213931858937711,-0.02473408250514392,-0.018037978047805218,4,2271,86,48,46,7,10000,10000,0.0,1736366682
colorado,recorded_ac,receipt_5min,recovery,physical_minus_recency,True,nwis,0.046635279405855906,0.04765476668834394,-0.0010194872824880324,-0.001173401734643039,-0.0008508973445298703,-0.0213931858937711,-0.024834079092622044,-0.017522438619287418,4,2271,86,24,24,14,10000,10000,0.0,321682351
colorado,recorded_ac,receipt_5min,recovery,physical_minus_recency,True,nwis,0.046635279405855906,0.04765476668834394,-0.0010194872824880324,-0.001175703536029225,-0.000840237054345028,-0.0213931858937711,-0.024976379183732352,-0.01693454758031502,4,2271,86,12,12,28,10000,10000,0.0,3992469727
colorado,recorded_ac,right_aligned,recovery,physical_recovery_minus_physical_availability,True,nwis,0.042585035827682596,0.04254059497111766,4.444085656493679e-05,8.261158396428992e-06,8.696544725887728e-05,0.0010446693704004209,0.00019608851954715407,0.0020317076982505748,4,2271,86,48,46,7,10000,10000,0.0,1404159753
colorado,recorded_ac,right_aligned,recovery,physical_recovery_minus_physical_availability,True,nwis,0.042585035827682596,0.04254059497111766,4.444085656493679e-05,5.726304906045719e-06,8.756418650329496e-05,0.0010446693704004209,0.0001340183805310639,0.002077245613525364,4,2271,86,24,24,14,10000,10000,0.0,1910903915
colorado,recorded_ac,right_aligned,recovery,physical_recovery_minus_physical_availability,True,nwis,0.042585035827682596,0.04254059497111766,4.444085656493679e-05,7.045064245522934e-06,8.24626692852888e-05,0.0010446693704004209,0.0001645963359122373,0.0019388182080128068,4,2271,86,12,12,28,10000,10000,0.0,155577661
colorado,recorded_ac,right_aligned,recovery,physical_recovery_minus_physical,True,nwis,0.042585035827682596,0.04253354113551586,5.149469216673974e-05,1.639929980262345e-05,8.934016104881757e-05,0.0012106843397466677,0.0003799049186537997,0.002118917898257784,4,2271,86,48,46,7,10000,10000,0.0,3877482259
colorado,recorded_ac,right_aligned,recovery,physical_recovery_minus_physical,True,nwis,0.042585035827682596,0.04253354113551586,5.149469216673974e-05,1.667006761836825e-05,8.918501989670213e-05,0.0012106843397466677,0.00038666803228261176,0.0021458250909602433,4,2271,86,24,24,14,10000,10000,0.0,2252734688
colorado,recorded_ac,right_aligned,recovery,physical_recovery_minus_physical,True,nwis,0.042585035827682596,0.04253354113551586,5.149469216673974e-05,2.2309997118253114e-05,8.32685246195371e-05,0.0012106843397466677,0.000511406292276902,0.00198701628489748,4,2271,86,12,12,28,10000,10000,0.0,4069970302
colorado,recorded_ac,right_aligned,recovery,physical_minus_recency,True,nwis,0.04253354113551586,0.04358067732616232,-0.001047136190646461,-0.0012521512481372505,-0.0008442514021744854,-0.02402753364316908,-0.028335242906282296,-0.01962352727650222,4,2271,86,48,46,7,10000,10000,0.0,1488991887
colorado,recorded_ac,right_aligned,recovery,physical_minus_recency,True,nwis,0.04253354113551586,0.04358067732616232,-0.001047136190646461,-0.001235532213609235,-0.0008538286186992246,-0.02402753364316908,-0.028480374001335178,-0.019082505073507856,4,2271,86,24,24,14,10000,10000,0.0,2435496574
colorado,recorded_ac,right_aligned,recovery,physical_minus_recency,True,nwis,0.04253354113551586,0.04358067732616232,-0.001047136190646461,-0.0012259225888095505,-0.0008516267363833507,-0.02402753364316908,-0.028560544188638,-0.01865302509736139,4,2271,86,12,12,28,10000,10000,0.0,3089883302
colorado,recorded_ac,schedule_seed_2,recovery,physical_recovery_minus_physical_availability,True,nwis,0.04637775853007085,0.046349753812075525,2.8004717995328e-05,-9.122085878785281e-06,6.750049128709366e-05,0.0006042042447274426,-0.00019609599173852672,0.0014548718964323333,4,2272,85,48,46,7,10000,10000,0.0,2849514629
colorado,recorded_ac,schedule_seed_2,recovery,physical_recovery_minus_physical_availability,True,nwis,0.04637775853007085,0.046349753812075525,2.8004717995328e-05,-5.614246397719381e-06,6.266649598886813e-05,0.0006042042447274426,-0.0001174018564984051,0.0013833029308241247,4,2272,85,24,24,14,10000,10000,0.0,3860771762
colorado,recorded_ac,schedule_seed_2,recovery,physical_recovery_minus_physical_availability,True,nwis,0.04637775853007085,0.046349753812075525,2.8004717995328e-05,-5.8666121350232565e-06,6.729183650657621e-05,0.0006042042447274426,-0.00012195997904709032,0.001473735974370014,4,2272,85,12,12,28,10000,10000,0.0,1087856702
colorado,recorded_ac,schedule_seed_2,recovery,physical_recovery_minus_physical,True,nwis,0.04637775853007085,0.04634946557983989,2.8292950230962566e-05,-1.1768830459968869e-05,6.85742459608547e-05,0.0006104266764894229,-0.0002481648313649421,0.001487095928065231,4,2272,85,48,46,7,10000,10000,0.0,1043845539
colorado,recorded_ac,schedule_seed_2,recovery,physical_recovery_minus_physical,True,nwis,0.04637775853007085,0.04634946557983989,2.8292950230962566e-05,-7.245570529852696e-06,6.461041194779239e-05,0.0006104266764894229,-0.00014672905345841587,0.0014563521071151455,4,2272,85,24,24,14,10000,10000,0.0,3260096779
colorado,recorded_ac,schedule_seed_2,recovery,physical_recovery_minus_physical,True,nwis,0.04637775853007085,0.04634946557983989,2.8292950230962566e-05,-1.2153313302565478e-05,6.874894526727251e-05,0.0006104266764894229,-0.0002538349153889708,0.0015320864988025904,4,2272,85,12,12,28,10000,10000,0.0,369993195
colorado,recorded_ac,schedule_seed_2,recovery,physical_minus_recency,True,nwis,0.04634946557983989,0.04741044349257523,-0.0010609779127353364,-0.0012444097869490508,-0.0008787571002955982,-0.0223785696689695,-0.025844339925363783,-0.018849638691591064,4,2272,85,48,46,7,10000,10000,0.0,300443621
colorado,recorded_ac,schedule_seed_2,recovery,physical_minus_recency,True,nwis,0.04634946557983989,0.04741044349257523,-0.0010609779127353364,-0.001252512106583233,-0.000867024707742287,-0.0223785696689695,-0.026469320744223257,-0.01808550371219254,4,2272,85,24,24,14,10000,10000,0.0,1016650856
colorado,recorded_ac,schedule_seed_2,recovery,physical_minus_recency,True,nwis,0.04634946557983989,0.04741044349257523,-0.0010609779127353364,-0.0012075447139661048,-0.000887814984850884,-0.0223785696689695,-0.02648532179657087,-0.017808201490886712,4,2272,85,12,12,28,10000,10000,0.0,1186164251
colorado,recorded_ac,schedule_seed_3,recovery,physical_recovery_minus_physical_availability,True,nwis,0.04644012646426278,0.04644243276777127,-2.3063035084897043e-06,-3.717364270142305e-05,2.8954916918869757e-05,-4.9659403503301484e-05,-0.0007891817927901999,0.0006325238248945361,4,2271,82,48,46,7,10000,10000,0.0,3725137055
colorado,recorded_ac,schedule_seed_3,recovery,physical_recovery_minus_physical_availability,True,nwis,0.04644012646426278,0.04644243276777127,-2.3063035084897043e-06,-3.8580874150459524e-05,3.171555942628796e-05,-4.9659403503301484e-05,-0.000817295230709303,0.0006952321521117359,4,2271,82,24,24,14,10000,10000,0.0,3109023216
colorado,recorded_ac,schedule_seed_3,recovery,physical_recovery_minus_physical_availability,True,nwis,0.04644012646426278,0.04644243276777127,-2.3063035084897043e-06,-4.672745929640443e-05,3.4319463174387734e-05,-4.9659403503301484e-05,-0.000934580054136927,0.0007819946273416734,4,2271,82,12,12,28,10000,10000,0.0,716511600
colorado,recorded_ac,schedule_seed_3,recovery,physical_recovery_minus_physical,True,nwis,0.04644012646426278,0.04644014887526254,-2.2410999757360717e-08,-3.998178600746749e-05,3.813576399630882e-05,-4.82578120443935e-07,-0.000851004867766271,0.0008359050238439292,4,2271,82,48,46,7,10000,10000,0.0,1070846229
colorado,recorded_ac,schedule_seed_3,recovery,physical_recovery_minus_physical,True,nwis,0.04644012646426278,0.04644014887526254,-2.2410999757360717e-08,-4.051565022949889e-05,3.821441544916443e-05,-4.82578120443935e-07,-0.0008412611508624808,0.0008612272665998167,4,2271,82,24,24,14,10000,10000,0.0,3198054337
colorado,recorded_ac,schedule_seed_3,recovery,physical_recovery_minus_physical,True,nwis,0.04644012646426278,0.04644014887526254,-2.2410999757360717e-08,-5.014996235604418e-05,4.34797852293906e-05,-4.82578120443935e-07,-0.0010162169153936714,0.0010012151624596592,4,2271,82,12,12,28,10000,10000,0.0,1484528703
colorado,recorded_ac,schedule_seed_3,recovery,physical_minus_recency,True,nwis,0.04644014887526254,0.04747530016329568,-0.001035151288033144,-0.0012068724070848776,-0.0008553700015519472,-0.021803996698760104,-0.02489935784225616,-0.018428425645223234,4,2271,82,48,46,7,10000,10000,0.0,1844340941
colorado,recorded_ac,schedule_seed_3,recovery,physical_minus_recency,True,nwis,0.04644014887526254,0.04747530016329568,-0.001035151288033144,-0.0012197742366894964,-0.0008546171208435979,-0.021803996698760104,-0.025596445570136534,-0.01771910182954813,4,2271,82,24,24,14,10000,10000,0.0,3190068768
colorado,recorded_ac,schedule_seed_3,recovery,physical_minus_recency,True,nwis,0.04644014887526254,0.04747530016329568,-0.001035151288033144,-0.0011799038858808393,-0.0008704164154630701,-0.021803996698760104,-0.025376215005758353,-0.017620126606085217,4,2271,82,12,12,28,10000,10000,0.0,4129704873
colorado,recorded_ac,schedule_seed_4,recovery,physical_recovery_minus_physical_availability,True,nwis,0.04623969508216588,0.04622572413289763,1.3970949268249377e-05,-2.3083965602925006e-05,5.027613536731141e-05,0.00030223321603536804,-0.0005022445227582492,0.0010761171072376455,4,2272,84,48,46,7,10000,10000,0.0,414337033
colorado,recorded_ac,schedule_seed_4,recovery,physical_recovery_minus_physical_availability,True,nwis,0.04623969508216588,0.04622572413289763,1.3970949268249377e-05,-2.8643207350327605e-05,5.3412203069862036e-05,0.00030223321603536804,-0.0006284402029917449,0.0011722415982598153,4,2272,84,24,24,14,10000,10000,0.0,475147609
colorado,recorded_ac,schedule_seed_4,recovery,physical_recovery_minus_physical_availability,True,nwis,0.04623969508216588,0.04622572413289763,1.3970949268249377e-05,-1.9752146434652214e-06,2.971190106817699e-05,0.00030223321603536804,-4.2615899494289414e-05,0.000628255290300676,4,2272,84,12,12,28,10000,10000,0.0,56875893
colorado,recorded_ac,schedule_seed_4,recovery,physical_recovery_minus_physical,True,nwis,0.04623969508216588,0.046230125463274,9.569618891883125e-06,-2.9828387776776113e-05,5.15539239577537e-05,0.0002069996305652554,-0.0006359677603091792,0.0011196561547125187,4,2272,84,48,46,7,10000,10000,0.0,771574999
colorado,recorded_ac,schedule_seed_4,recovery,physical_recovery_minus_physical,True,nwis,0.04623969508216588,0.046230125463274,9.569618891883125e-06,-3.380465589543462e-05,5.3781632294613164e-05,0.0002069996305652554,-0.0007210280008319659,0.0011945682582462014,4,2272,84,24,24,14,10000,10000,0.0,1903530261
colorado,recorded_ac,schedule_seed_4,recovery,physical_recovery_minus_physical,True,nwis,0.04623969508216588,0.046230125463274,9.569618891883125e-06,-5.409272867006216e-06,2.491842424586759e-05,0.0002069996305652554,-0.00011919333744916962,0.0005204235083834988,4,2272,84,12,12,28,10000,10000,0.0,610488323
colorado,recorded_ac,schedule_seed_4,recovery,physical_minus_recency,True,nwis,0.046230125463274,0.04727545626850045,-0.001045330805226452,-0.001223933512576337,-0.000866299699136869,-0.022111490564776504,-0.02562075744186047,-0.018492237168975995,4,2272,84,48,46,7,10000,10000,0.0,340726835
colorado,recorded_ac,schedule_seed_4,recovery,physical_minus_recency,True,nwis,0.046230125463274,0.04727545626850045,-0.001045330805226452,-0.0012220913378338594,-0.0008635179984770678,-0.022111490564776504,-0.026178588325200407,-0.017846775271454247,4,2272,84,24,24,14,10000,10000,0.0,204585873
colorado,recorded_ac,schedule_seed_4,recovery,physical_minus_recency,True,nwis,0.046230125463274,0.04727545626850045,-0.001045330805226452,-0.0012177405184167042,-0.0008448074718743308,-0.022111490564776504,-0.026538188586677895,-0.01696198319951222,4,2272,84,12,12,28,10000,10000,0.0,3163826899
colorado,recorded_ac,schedule_seed_5,recovery,physical_recovery_minus_physical_availability,True,nwis,0.046556646261883904,0.04649419644563831,6.24498162455911e-05,3.122806094561416e-05,9.587774450303399e-05,0.0013431744393863935,0.0006639440245267928,0.0020762503842591553,4,2272,83,48,46,7,10000,10000,0.0,2669808431
colorado,recorded_ac,schedule_seed_5,recovery,physical_recovery_minus_physical_availability,True,nwis,0.046556646261883904,0.04649419644563831,6.24498162455911e-05,3.210614214136081e-05,9.212038213635125e-05,0.0013431744393863935,0.0006588473456007474,0.0020436683189478896,4,2272,83,24,24,14,10000,10000,0.0,721729930
colorado,recorded_ac,schedule_seed_5,recovery,physical_recovery_minus_physical_availability,True,nwis,0.046556646261883904,0.04649419644563831,6.24498162455911e-05,2.601532197409641e-05,9.483304205474187e-05,0.0013431744393863935,0.0005236081080161622,0.002131648362767082,4,2272,83,12,12,28,10000,10000,0.0,2589555535
colorado,recorded_ac,schedule_seed_5,recovery,physical_recovery_minus_physical,True,nwis,0.046556646261883904,0.04648068828674087,7.595797514303032e-05,4.253349583404672e-05,0.00011182272009895731,0.0016341835274564591,0.0008947195546695843,0.002426984993053449,4,2272,83,48,46,7,10000,10000,0.0,408255827
colorado,recorded_ac,schedule_seed_5,recovery,physical_recovery_minus_physical,True,nwis,0.046556646261883904,0.04648068828674087,7.595797514303032e-05,4.267883964870715e-05,0.00010781185047694808,0.0016341835274564591,0.0008673861935351945,0.002422131233058771,4,2272,83,24,24,14,10000,10000,0.0,619261400
colorado,recorded_ac,schedule_seed_5,recovery,physical_recovery_minus_physical,True,nwis,0.046556646261883904,0.04648068828674087,7.595797514303032e-05,4.391732451976098e-05,0.00010461600080643242,0.0016341835274564591,0.0009037229451152728,0.0023356119642106835,4,2272,83,12,12,28,10000,10000,0.0,1358326514
colorado,recorded_ac,schedule_seed_5,recovery,physical_minus_recency,True,nwis,0.04648068828674087,0.047526224022014334,-0.0010455357352734604,-0.0012188106403179773,-0.0008691673921619643,-0.021999133253026038,-0.025385586926987985,-0.018504797018409624,4,2272,83,48,46,7,10000,10000,0.0,803113578
colorado,recorded_ac,schedule_seed_5,recovery,physical_minus_recency,True,nwis,0.04648068828674087,0.047526224022014334,-0.0010455357352734604,-0.0012327298146852007,-0.0008496036289054488,-0.021999133253026038,-0.02598744855987373,-0.017610727299441922,4,2272,83,24,24,14,10000,10000,0.0,2996245391
colorado,recorded_ac,schedule_seed_5,recovery,physical_minus_recency,True,nwis,0.04648068828674087,0.047526224022014334,-0.0010455357352734604,-0.0012547207114281438,-0.0008361552279605256,-0.021999133253026038,-0.026758360819463797,-0.01695100291172125,4,2272,83,12,12,28,10000,10000,0.0,2107991850
colorado,recorded_ac,stale_transport,recovery,physical_recovery_minus_physical_availability,True,nwis,0.06156219715170713,0.06149140835120677,7.078880050036263e-05,-4.3267947632904734e-05,0.00019284223311514831,0.0011511982307520754,-0.0007276345247153776,0.0030190299744394717,4,2271,86,48,46,7,10000,10000,0.0,2366846667
colorado,recorded_ac,stale_transport,recovery,physical_recovery_minus_physical_availability,True,nwis,0.06156219715170713,0.06149140835120677,7.078880050036263e-05,-6.44503416322776e-05,0.00020687415938415126,0.0011511982307520754,-0.0010973128265991817,0.0032348409738048797,4,2271,86,24,24,14,10000,10000,0.0,228509592
colorado,recorded_ac,stale_transport,recovery,physical_recovery_minus_physical_availability,True,nwis,0.06156219715170713,0.06149140835120677,7.078880050036263e-05,-6.551150220300924e-05,0.00022160278574146722,0.0011511982307520754,-0.0011498194490093924,0.0033918053715408913,4,2271,86,12,12,28,10000,10000,0.0,1941196909
colorado,recorded_ac,stale_transport,recovery,physical_recovery_minus_physical,True,nwis,0.06156219715170713,0.06192881184791385,-0.0003666146962067185,-0.0005725757441544975,-0.00018530505326001484,-0.005919937509976116,-0.008953921165012601,-0.003104171537632845,4,2271,86,48,46,7,10000,10000,0.0,149698050
colorado,recorded_ac,stale_transport,recovery,physical_recovery_minus_physical,True,nwis,0.06156219715170713,0.06192881184791385,-0.0003666146962067185,-0.0005909603309151047,-0.00017735411324856353,-0.005919937509976116,-0.009137705368136398,-0.003018381371120208,4,2271,86,24,24,14,10000,10000,0.0,1718077872
colorado,recorded_ac,stale_transport,recovery,physical_recovery_minus_physical,True,nwis,0.06156219715170713,0.06192881184791385,-0.0003666146962067185,-0.0006040546111382012,-0.00017824412156350512,-0.005919937509976116,-0.00896797386462347,-0.0031075280098825805,4,2271,86,12,12,28,10000,10000,0.0,602247117
colorado,recorded_ac,stale_transport,recovery,physical_minus_recency,True,nwis,0.06192881184791385,0.06309722716278338,-0.0011684153148695253,-0.0013857535282696819,-0.0009496257492993927,-0.0185176966945814,-0.020783140518392224,-0.016009876862262257,4,2271,86,48,46,7,10000,10000,0.0,2782872229
colorado,recorded_ac,stale_transport,recovery,physical_minus_recency,True,nwis,0.06192881184791385,0.06309722716278338,-0.0011684153148695253,-0.0014028277791941547,-0.0009446389770981508,-0.0185176966945814,-0.021041003106779057,-0.015736254680661418,4,2271,86,24,24,14,10000,10000,0.0,3197479694
colorado,recorded_ac,stale_transport,recovery,physical_minus_recency,True,nwis,0.06192881184791385,0.06309722716278338,-0.0011684153148695253,-0.0014301462165091795,-0.0009235147917457126,-0.0185176966945814,-0.021304991964498376,-0.015348763975842937,4,2271,86,12,12,28,10000,10000,0.0,3395787192
colorado,recorded_ac,training_2015,recovery,physical_recovery_minus_physical_availability,True,nwis,0.0924362697593488,0.09235685393819384,7.941582115494894e-05,-6.931320306869451e-05,0.00023251776223110997,0.0008598801038425889,-0.0007476228930556708,0.0024849897071981338,4,2271,86,48,46,7,10000,10000,0.0,1113670770
colorado,recorded_ac,training_2015,recovery,physical_recovery_minus_physical_availability,True,nwis,0.0924362697593488,0.09235685393819384,7.941582115494894e-05,-4.404375185248499e-05,0.00020955209600657802,0.0008598801038425889,-0.00047969411144584405,0.002287409315211112,4,2271,86,24,24,14,10000,10000,0.0,287707266
colorado,recorded_ac,training_2015,recovery,physical_recovery_minus_physical_availability,True,nwis,0.0924362697593488,0.09235685393819384,7.941582115494894e-05,-3.6816124379044846e-05,0.00019197621437865188,0.0008598801038425889,-0.00039977505749364456,0.0020772359877612476,4,2271,86,12,12,28,10000,10000,0.0,2430278889
colorado,recorded_ac,training_2015,recovery,physical_recovery_minus_physical,True,nwis,0.0924362697593488,0.09236653950117811,6.973025817068323e-05,-7.15162240257753e-05,0.00021827420145229743,0.0007549298538979458,-0.0007772013190119941,0.002357790387467169,4,2271,86,48,46,7,10000,10000,0.0,4227688379
colorado,recorded_ac,training_2015,recovery,physical_recovery_minus_physical,True,nwis,0.0924362697593488,0.09236653950117811,6.973025817068323e-05,-4.508948356828496e-05,0.00019045729773023814,0.0007549298538979458,-0.0004900726251282603,0.0020746948621007113,4,2271,86,24,24,14,10000,10000,0.0,1559476390
colorado,recorded_ac,training_2015,recovery,physical_recovery_minus_physical,True,nwis,0.0924362697593488,0.09236653950117811,6.973025817068323e-05,-3.0126189743280914e-05,0.00016026038544531617,0.0007549298538979458,-0.00031908495339416,0.0017554348353858193,4,2271,86,12,12,28,10000,10000,0.0,1966405332
colorado,recorded_ac,training_2015,recovery,physical_minus_recency,True,nwis,0.09236653950117811,0.09582610942050304,-0.0034595699193249313,-0.004240837285679559,-0.002679880940623299,-0.03610258143888203,-0.04222060727645291,-0.029501703259095385,4,2271,86,48,46,7,10000,10000,0.0,2434030497
colorado,recorded_ac,training_2015,recovery,physical_minus_recency,True,nwis,0.09236653950117811,0.09582610942050304,-0.0034595699193249313,-0.004323266174622447,-0.0026150360625902683,-0.03610258143888203,-0.043653350002146686,-0.028111803757060932,4,2271,86,24,24,14,10000,10000,0.0,1032639705
colorado,recorded_ac,training_2015,recovery,physical_minus_recency,True,nwis,0.09236653950117811,0.09582610942050304,-0.0034595699193249313,-0.0044700012201503315,-0.002566546042298029,-0.03610258143888203,-0.04516268971588553,-0.026984827875942165,4,2271,86,12,12,28,10000,10000,0.0,3821951103
nist,exclude_bright_zero,faulted_primary,recovery_0_6,physical_recovery_minus_physical_availability,True,nwis,0.04648090622758987,0.04644709383340191,3.381239418796117e-05,-0.00010888348213107021,0.00022011777318687808,0.0007279765297962596,-0.002498908021330292,0.00450818305155675,28,3724,47,48,44,7,10000,10000,0.0,442409525
nist,exclude_bright_zero,faulted_primary,recovery_0_6,physical_recovery_minus_physical_availability,True,nwis,0.04648090622758987,0.04644709383340191,3.381239418796117e-05,-9.86456114533957e-05,0.00022772191579480315,0.0007279765297962596,-0.0022146604461184246,0.004751770987444612,28,3724,47,24,23,14,10000,10000,0.0,1083265200
nist,exclude_bright_zero,faulted_primary,recovery_0_6,physical_recovery_minus_physical_availability,True,nwis,0.04648090622758987,0.04644709383340191,3.381239418796117e-05,-0.0001351254813548931,0.00025941221328881086,0.0007279765297962596,-0.0030729899795977726,0.005265595720418369,28,3724,47,12,12,28,10000,10000,0.0,2365542192
nist,exclude_bright_zero,faulted_primary,recovery_0_6,physical_recovery_minus_physical,True,nwis,0.04648090622758987,0.04641886494779841,6.204127979145962e-05,-6.159526138470958e-05,0.0002535633771612489,0.0013365531419441174,-0.0014399759811540948,0.005124546039651724,28,3724,47,48,44,7,10000,10000,0.0,1942915560
nist,exclude_bright_zero,faulted_primary,recovery_0_6,physical_recovery_minus_physical,True,nwis,0.04648090622758987,0.04641886494779841,6.204127979145962e-05,-5.694934408472553e-05,0.00026757670710412775,0.0013365531419441174,-0.0012884758044507292,0.005558934454408319,28,3724,47,24,23,14,10000,10000,0.0,3445872122
nist,exclude_bright_zero,faulted_primary,recovery_0_6,physical_recovery_minus_physical,True,nwis,0.04648090622758987,0.04641886494779841,6.204127979145962e-05,-7.310737499350816e-05,0.00029255185627070267,0.0013365531419441174,-0.0016369192284719784,0.0058710684288265065,28,3724,47,12,12,28,10000,10000,0.0,3815231714
nist,exclude_bright_zero,faulted_primary,recovery_0_6,physical_minus_recency,True,nwis,0.04641886494779841,0.0464994574401082,-8.059249230978754e-05,-0.0002498270486393301,8.695586032557045e-05,-0.0017331921004366886,-0.00514531962717409,0.0020017587012709434,28,3724,47,48,44,7,10000,10000,0.0,849715228
nist,exclude_bright_zero,faulted_primary,recovery_0_6,physical_minus_recency,True,nwis,0.04641886494779841,0.0464994574401082,-8.059249230978754e-05,-0.0002531933379792843,5.882554036109183e-05,-0.0017331921004366886,-0.005258765432092318,0.0013091929916862403,28,3724,47,24,23,14,10000,10000,0.0,81243237
nist,exclude_bright_zero,faulted_primary,recovery_0_6,physical_minus_recency,True,nwis,0.04641886494779841,0.0464994574401082,-8.059249230978754e-05,-0.0002839614103880738,8.771335234538567e-05,-0.0017331921004366886,-0.005740466646038255,0.0019666725008927206,28,3724,47,12,12,28,10000,10000,0.0,789406766
nist,exclude_bright_zero,faulted_primary,recovery_6_24,physical_recovery_minus_physical_availability,True,nwis,0.04818373208413349,0.04821337621897976,-2.9644134846268377e-05,-9.597520250136885e-05,3.231755005050662e-05,-0.0006148529136733348,-0.0019545853516109365,0.0006962252302300234,28,12417,69,48,47,7,10000,10000,0.0,2435070012
nist,exclude_bright_zero,faulted_primary,recovery_6_24,physical_recovery_minus_physical_availability,True,nwis,0.04818373208413349,0.04821337621897976,-2.9644134846268377e-05,-9.282179318604935e-05,2.5799493491315993e-05,-0.0006148529136733348,-0.0018685517394679452,0.0005508306934536888,28,12417,69,24,24,14,10000,10000,0.0,4165882831
nist,exclude_bright_zero,faulted_primary,recovery_6_24,physical_recovery_minus_physical_availability,True,nwis,0.04818373208413349,0.04821337621897976,-2.9644134846268377e-05,-0.0001046276324464676,2.8929673071818326e-05,-0.0006148529136733348,-0.0021165363905103346,0.0006193369055649743,28,12417,69,12,12,28,10000,10000,0.0,3093279132
nist,exclude_bright_zero,faulted_primary,recovery_6_24,physical_recovery_minus_physical,True,nwis,0.04818373208413349,0.048180865169468824,2.866914664667597e-06,-8.389647711119982e-05,8.104778084377599e-05,5.9503179417465066e-05,-0.0017210302972360061,0.0016943421996545997,28,12417,69,48,47,7,10000,10000,0.0,1491135028
nist,exclude_bright_zero,faulted_primary,recovery_6_24,physical_recovery_minus_physical,True,nwis,0.04818373208413349,0.048180865169468824,2.866914664667597e-06,-8.298986849212472e-05,8.475683528597465e-05,5.9503179417465066e-05,-0.0016989577705165376,0.0017470327710982932,28,12417,69,24,24,14,10000,10000,0.0,261903693
nist,exclude_bright_zero,faulted_primary,recovery_6_24,physical_recovery_minus_physical,True,nwis,0.04818373208413349,0.048180865169468824,2.866914664667597e-06,-0.00010238141213043307,9.56100277116777e-05,5.9503179417465066e-05,-0.002133918463529291,0.0018995543433271745,28,12417,69,12,12,28,10000,10000,0.0,4160389089
nist,exclude_bright_zero,faulted_primary,recovery_6_24,physical_minus_recency,True,nwis,0.048180865169468824,0.04829811822014395,-0.00011725305067512848,-0.0002850761776380304,3.351209519068769e-05,-0.0024276939764130423,-0.005641450184175128,0.0007175293617867736,28,12417,69,48,47,7,10000,10000,0.0,2000539201
nist,exclude_bright_zero,faulted_primary,recovery_6_24,physical_minus_recency,True,nwis,0.048180865169468824,0.04829811822014395,-0.00011725305067512848,-0.00027843374235966833,1.4154503582248335e-05,-0.0024276939764130423,-0.005594775890024463,0.0002966844354174265,28,12417,69,24,24,14,10000,10000,0.0,3179651141
nist,exclude_bright_zero,faulted_primary,recovery_6_24,physical_minus_recency,True,nwis,0.048180865169468824,0.04829811822014395,-0.00011725305067512848,-0.0002657113103157178,2.1621832492486868e-05,-0.0024276939764130423,-0.005133918670386575,0.0004678070929829909,28,12417,69,12,12,28,10000,10000,0.0,1088636335
nist,exclude_bright_zero,faulted_primary,recovery,physical_recovery_minus_physical_availability,True,nwis,0.04780208299802685,0.04781711951842956,-1.503652040271003e-05,-8.403055129954668e-05,5.870408871527435e-05,-0.00031445893341431176,-0.0017480371496692501,0.0012277591828514286,28,16141,83,48,47,7,10000,10000,0.0,2377792669
nist,exclude_bright_zero,faulted_primary,recovery,physical_recovery_minus_physical_availability,True,nwis,0.04780208299802685,0.04781711951842956,-1.503652040271003e-05,-8.098227142565896e-05,4.576185969686081e-05,-0.00031445893341431176,-0.001701202535547909,0.000943809986076642,28,16141,83,24,24,14,10000,10000,0.0,1808004604
nist,exclude_bright_zero,faulted_primary,recovery,physical_recovery_minus_physical_availability,True,nwis,0.04780208299802685,0.04781711951842956,-1.503652040271003e-05,-0.00010067662620314478,6.194199045937863e-05,-0.00031445893341431176,-0.002090340489076595,0.0012513017359022996,28,16141,83,12,12,28,10000,10000,0.0,3424980579
nist,exclude_bright_zero,faulted_primary,recovery,physical_recovery_minus_physical,True,nwis,0.04780208299802685,0.047785368027435215,1.6714970591635847e-05,-6.310339492603401e-05,9.775750664670988e-05,0.00034979265163426616,-0.0013203696378687037,0.0020327366565196093,28,16141,83,48,47,7,10000,10000,0.0,3893724710
nist,exclude_bright_zero,faulted_primary,recovery,physical_recovery_minus_physical,True,nwis,0.04780208299802685,0.047785368027435215,1.6714970591635847e-05,-6.884920783738584e-05,0.0001137946703109953,0.00034979265163426616,-0.0014345795596219233,0.0023217218599960766,28,16141,83,24,24,14,10000,10000,0.0,3158766051
nist,exclude_bright_zero,faulted_primary,recovery,physical_recovery_minus_physical,True,nwis,0.04780208299802685,0.047785368027435215,1.6714970591635847e-05,-8.88780040636047e-05,0.00013462144700744316,0.00034979265163426616,-0.0018651495410644035,0.00263601523094987,28,16141,83,12,12,28,10000,10000,0.0,2597869667
nist,exclude_bright_zero,faulted_primary,recovery,physical_minus_recency,True,nwis,0.047785368027435215,0.04789513161255986,-0.00010976358512464202,-0.0002476834379698548,1.2660529884083411e-05,-0.002291748272299517,-0.004939666010475778,0.0002750965709367509,28,16141,83,48,47,7,10000,10000,0.0,2509814407
nist,exclude_bright_zero,faulted_primary,recovery,physical_minus_recency,True,nwis,0.047785368027435215,0.04789513161255986,-0.00010976358512464202,-0.0002655835236892036,1.2766454679748983e-05,-0.002291748272299517,-0.00528865886426207,0.00027375108318353875,28,16141,83,24,24,14,10000,10000,0.0,3388414900
nist,exclude_bright_zero,faulted_primary,recovery,physical_minus_recency,True,nwis,0.047785368027435215,0.04789513161255986,-0.00010976358512464202,-0.0002605643816072834,1.850106286366365e-05,-0.002291748272299517,-0.005068490005502338,0.00041583720997139635,28,16141,83,12,12,28,10000,10000,0.0,514950868
nist,exclude_bright_zero,faulted_primary,failure_recovery,physical_recovery_minus_physical_availability,True,nwis,0.05196050657932644,0.05196757402397635,-7.067444649913601e-06,-5.1538260573716874e-05,4.0034958110552745e-05,-0.00013599720176764234,-0.00099185622551381,0.000770330591711109,28,24986,108,48,48,7,10000,10000,0.0,2140762624
nist,exclude_bright_zero,faulted_primary,failure_recovery,physical_recovery_minus_physical_availability,True,nwis,0.05196050657932644,0.05196757402397635,-7.067444649913601e-06,-5.1136174550857166e-05,3.326571898603929e-05,-0.00013599720176764234,-0.000977285687559166,0.0006361995213012103,28,24986,108,24,24,14,10000,10000,0.0,1172740924
nist,exclude_bright_zero,faulted_primary,failure_recovery,physical_recovery_minus_physical_availability,True,nwis,0.05196050657932644,0.05196757402397635,-7.067444649913601e-06,-6.557503254839853e-05,4.285163322395657e-05,-0.00013599720176764234,-0.001265864390373654,0.000806293766027291,28,24986,108,12,12,28,10000,10000,0.0,3812395756
nist,exclude_bright_zero,faulted_primary,failure_recovery,physical_recovery_minus_physical,True,nwis,0.05196050657932644,0.051958044320609416,2.4622587170217147e-06,-6.361457093063613e-05,6.65225726017288e-05,4.7389364808040855e-05,-0.0012321221027674987,0.001276306200536337,28,24986,108,48,48,7,10000,10000,0.0,2031258338
nist,exclude_bright_zero,faulted_primary,failure_recovery,physical_recovery_minus_physical,True,nwis,0.05196050657932644,0.051958044320609416,2.4622587170217147e-06,-6.515620074002832e-05,7.028742514918594e-05,4.7389364808040855e-05,-0.0012550162789960176,0.0013266484940135461,28,24986,108,24,24,14,10000,10000,0.0,746916345
nist,exclude_bright_zero,faulted_primary,failure_recovery,physical_recovery_minus_physical,True,nwis,0.05196050657932644,0.051958044320609416,2.4622587170217147e-06,-8.207899327097225e-05,8.275583938583302e-05,4.7389364808040855e-05,-0.001604025113657311,0.0015104180185992989,28,24986,108,12,12,28,10000,10000,0.0,1788214488
nist,exclude_bright_zero,faulted_primary,failure_recovery,physical_minus_recency,True,nwis,0.051958044320609416,0.05200960913165053,-5.156481104111321e-05,-0.00013772529306999985,2.9100225669785067e-05,-0.0009914477709414926,-0.0025759648582726574,0.0005684558202565032,28,24986,108,48,48,7,10000,10000,0.0,2087468239
nist,exclude_bright_zero,faulted_primary,failure_recovery,physical_minus_recency,True,nwis,0.051958044320609416,0.05200960913165053,-5.156481104111321e-05,-0.00014980394281606125,3.0599960599976194e-05,-0.0009914477709414926,-0.0027759878567105694,0.0006001683124475146,28,24986,108,24,24,14,10000,10000,0.0,485735939
nist,exclude_bright_zero,faulted_primary,failure_recovery,physical_minus_recency,True,nwis,0.051958044320609416,0.05200960913165053,-5.156481104111321e-05,-0.00016020390841705692,3.522704508370008e-05,-0.0009914477709414926,-0.0028964058064539946,0.0006947474878281801,28,24986,108,12,12,28,10000,10000,0.0,49070295
nist,exclude_bright_zero,backfill_60min,recovery,physical_recovery_minus_physical_availability,True,nwis,0.04737205795959926,0.047384809884301826,-1.2751924702562867e-05,-8.151881682330626e-05,5.503377563444051e-05,-0.0002691141894142635,-0.0017393742596128387,0.001123438992551796,4,2305,76,48,47,7,10000,10000,0.0,2896446451
nist,exclude_bright_zero,backfill_60min,recovery,physical_recovery_minus_physical_availability,True,nwis,0.04737205795959926,0.047384809884301826,-1.2751924702562867e-05,-7.277646518402594e-05,4.320158556087008e-05,-0.0002691141894142635,-0.0015517801501105397,0.0009084115058862619,4,2305,76,24,24,14,10000,10000,0.0,3586128862
nist,exclude_bright_zero,backfill_60min,recovery,physical_recovery_minus_physical_availability,True,nwis,0.04737205795959926,0.047384809884301826,-1.2751924702562867e-05,-8.411865194757235e-05,4.5266256485369764e-05,-0.0002691141894142635,-0.001836536328366803,0.0009421061329175161,4,2305,76,12,12,28,10000,10000,0.0,1399922624
nist,exclude_bright_zero,backfill_60min,recovery,physical_recovery_minus_physical,True,nwis,0.04737205795959926,0.04734275404605458,2.93039135446857e-05,-6.717219974574172e-05,0.00014582633842250955,0.0006189735712497658,-0.0014574681376287228,0.003006338658341559,4,2305,76,48,47,7,10000,10000,0.0,2888473675
nist,exclude_bright_zero,backfill_60min,recovery,physical_recovery_minus_physical,True,nwis,0.04737205795959926,0.04734275404605458,2.93039135446857e-05,-8.395303306440951e-05,0.0001672782925522042,0.0006189735712497658,-0.0018138575048061115,0.003384819948731017,4,2305,76,24,24,14,10000,10000,0.0,198168730
nist,exclude_bright_zero,backfill_60min,recovery,physical_recovery_minus_physical,True,nwis,0.04737205795959926,0.04734275404605458,2.93039135446857e-05,-0.00011995061130012207,0.00022159218982353577,0.0006189735712497658,-0.002553166828270399,0.004352033306829229,4,2305,76,12,12,28,10000,10000,0.0,84387585
nist,exclude_bright_zero,backfill_60min,recovery,physical_minus_recency,True,nwis,0.04734275404605458,0.0474259452307885,-8.319118473391895e-05,-0.0002242633940497325,3.8170037921006107e-05,-0.0017541281323774647,-0.004529126271295087,0.0008316028526460944,4,2305,76,48,47,7,10000,10000,0.0,4037711420
nist,exclude_bright_zero,backfill_60min,recovery,physical_minus_recency,True,nwis,0.04734275404605458,0.0474259452307885,-8.319118473391895e-05,-0.00023995509507378983,3.526060684982659e-05,-0.0017541281323774647,-0.004824129491137473,0.0007783894496655702,4,2305,76,24,24,14,10000,10000,0.0,3369393995
nist,exclude_bright_zero,backfill_60min,recovery,physical_minus_recency,True,nwis,0.04734275404605458,0.0474259452307885,-8.319118473391895e-05,-0.0002391234598045815,4.200490095369061e-05,-0.0017541281323774647,-0.00457955060549531,0.000935217124767836,4,2305,76,12,12,28,10000,10000,0.0,3252773955
nist,exclude_bright_zero,channel_gap_6h,recovery,physical_recovery_minus_physical_availability,True,nwis,0.048354288254812826,0.04841383278367261,-5.954452885978401e-05,-0.00014067106422435086,1.2594860481549177e-05,-0.0012299073516002473,-0.0028595915331369637,0.00026478200369057516,4,2306,75,48,47,7,10000,10000,0.0,1662429017
nist,exclude_bright_zero,channel_gap_6h,recovery,physical_recovery_minus_physical_availability,True,nwis,0.048354288254812826,0.04841383278367261,-5.954452885978401e-05,-0.0001243859152236371,1.3734396142822921e-06,-0.0012299073516002473,-0.002525985302744819,2.739097083433329e-05,4,2306,75,24,24,14,10000,10000,0.0,3362813278
nist,exclude_bright_zero,channel_gap_6h,recovery,physical_recovery_minus_physical_availability,True,nwis,0.048354288254812826,0.04841383278367261,-5.954452885978401e-05,-0.00011704295206911401,-8.948455182286789e-06,-0.0012299073516002473,-0.0023122325505658048,-0.0001915167266338762,4,2306,75,12,12,28,10000,10000,0.0,381176196
nist,exclude_bright_zero,channel_gap_6h,recovery,physical_recovery_minus_physical,True,nwis,0.048354288254812826,0.048393172234808636,-3.888397999581017e-05,-0.00011834800546167214,3.271196787761658e-05,-0.0008035013660014084,-0.0023815351889179374,0.0006925823293362703,4,2306,75,48,47,7,10000,10000,0.0,1582654459
nist,exclude_bright_zero,channel_gap_6h,recovery,physical_recovery_minus_physical,True,nwis,0.048354288254812826,0.048393172234808636,-3.888397999581017e-05,-0.00012166083091506903,3.323644013090639e-05,-0.0008035013660014084,-0.0024526411314107254,0.0006997314081156995,4,2306,75,24,24,14,10000,10000,0.0,765992637
nist,exclude_bright_zero,channel_gap_6h,recovery,physical_recovery_minus_physical,True,nwis,0.048354288254812826,0.048393172234808636,-3.888397999581017e-05,-0.0001380101485248572,2.9693049135970864e-05,-0.0008035013660014084,-0.0027742379623603396,0.0006118666301402488,4,2306,75,12,12,28,10000,10000,0.0,3009498285
nist,exclude_bright_zero,channel_gap_6h,recovery,physical_minus_recency,True,nwis,0.048393172234808636,0.04851246773938342,-0.00011929550457478316,-0.00025632309141909097,1.2956500362137546e-05,-0.0024590689802806427,-0.005076599686598122,0.0002721672684391009,4,2306,75,48,47,7,10000,10000,0.0,4226479046
nist,exclude_bright_zero,channel_gap_6h,recovery,physical_minus_recency,True,nwis,0.048393172234808636,0.04851246773938342,-0.00011929550457478316,-0.0002726379142035454,8.096975438641252e-06,-0.0024590689802806427,-0.005368084730132519,0.00017280048884651023,4,2306,75,24,24,14,10000,10000,0.0,3901449717
nist,exclude_bright_zero,channel_gap_6h,recovery,physical_minus_recency,True,nwis,0.048393172234808636,0.04851246773938342,-0.00011929550457478316,-0.00025476292494311414,5.960175404836828e-06,-0.0024590689802806427,-0.004894578690044743,0.00013082569563678079,4,2306,75,12,12,28,10000,10000,0.0,217118822
nist,exclude_bright_zero,clean,all,physical_recovery_minus_physical_availability,True,nwis,0.045685848362626985,0.04568129016819708,4.558194429904461e-06,-7.364920700687026e-06,1.7231517779325676e-05,9.978252394188806e-05,-0.00015831188690484284,0.0003839487630858387,4,15860,332,48,48,7,10000,10000,0.0,4080884027
nist,exclude_bright_zero,clean,all,physical_recovery_minus_physical_availability,True,nwis,0.045685848362626985,0.04568129016819708,4.558194429904461e-06,-7.446042669005844e-06,1.7079791112691033e-05,9.978252394188806e-05,-0.00015765199316343363,0.0003824020259956886,4,15860,332,24,24,14,10000,10000,0.0,624756034
nist,exclude_bright_zero,clean,all,physical_recovery_minus_physical_availability,True,nwis,0.045685848362626985,0.04568129016819708,4.558194429904461e-06,-8.898526150628686e-06,1.7865671318694444e-05,9.978252394188806e-05,-0.0001870191492968554,0.00040120730313552005,4,15860,332,12,12,28,10000,10000,0.0,1705299067
nist,exclude_bright_zero,clean,all,physical_recovery_minus_physical,True,nwis,0.045685848362626985,0.04565884600797171,2.7002354655275562e-05,-8.611232244704746e-07,5.311316301147543e-05,0.0005913937170151244,-1.8511674068305397e-05,0.0011758470352502036,4,15860,332,48,48,7,10000,10000,0.0,3233339926
nist,exclude_bright_zero,clean,all,physical_recovery_minus_physical,True,nwis,0.045685848362626985,0.04565884600797171,2.7002354655275562e-05,3.967514060656576e-06,4.9686892043069794e-05,0.0005913937170151244,8.445742870043334e-05,0.001117307003158064,4,15860,332,24,24,14,10000,10000,0.0,2703926065
nist,exclude_bright_zero,clean,all,physical_recovery_minus_physical,True,nwis,0.045685848362626985,0.04565884600797171,2.7002354655275562e-05,2.7252484551560513e-06,4.911392161047431e-05,0.0005913937170151244,5.581265704405719e-05,0.0011088277341430885,4,15860,332,12,12,28,10000,10000,0.0,3144959342
nist,exclude_bright_zero,clean,all,physical_minus_recency,True,nwis,0.04565884600797171,0.04574286837413847,-8.402236616675968e-05,-0.00013999678192840853,-2.9140541845433697e-05,-0.001836840783125511,-0.0030051209744270738,-0.0006518147091006425,4,15860,332,48,48,7,10000,10000,0.0,3114788142
nist,exclude_bright_zero,clean,all,physical_minus_recency,True,nwis,0.04565884600797171,0.04574286837413847,-8.402236616675968e-05,-0.00013633406022993971,-2.9846381155411275e-05,-0.001836840783125511,-0.0028771678441901643,-0.0006719010187305312,4,15860,332,24,24,14,10000,10000,0.0,1521090686
nist,exclude_bright_zero,clean,all,physical_minus_recency,True,nwis,0.04565884600797171,0.04574286837413847,-8.402236616675968e-05,-0.00013854951613744107,-3.386609045780855e-05,-0.001836840783125511,-0.002865036868443763,-0.0007755580250176979,4,15860,332,12,12,28,10000,10000,0.0,718648408
nist,exclude_bright_zero,cross_site_weights,recovery,physical_recovery_minus_physical_availability,True,nwis,0.07329337977062056,0.0730033890038084,0.0002899907668121593,1.181345373472247e-05,0.0005940462875899374,0.003972291845205039,0.00016814680309665402,0.007950984031653955,4,2305,76,48,47,7,10000,10000,0.0,3656435911
nist,exclude_bright_zero,cross_site_weights,recovery,physical_recovery_minus_physical_availability,True,nwis,0.07329337977062056,0.0730033890038084,0.0002899907668121593,-2.0994653985590555e-05,0.0006185725059922229,0.003972291845205039,-0.00029549414468784996,0.008315824361057047,4,2305,76,24,24,14,10000,10000,0.0,238164403
nist,exclude_bright_zero,cross_site_weights,recovery,physical_recovery_minus_physical_availability,True,nwis,0.07329337977062056,0.0730033890038084,0.0002899907668121593,-7.449603189640212e-05,0.0006974437154794059,0.003972291845205039,-0.0010475911464566143,0.009349314286971845,4,2305,76,12,12,28,10000,10000,0.0,3614178676
nist,exclude_bright_zero,cross_site_weights,recovery,physical_recovery_minus_physical,True,nwis,0.07329337977062056,0.0731024508096178,0.00019092896100275647,-9.38741930060636e-05,0.00048079677931507425,0.0026117997261131047,-0.0012369318259321624,0.006545264013689159,4,2305,76,48,47,7,10000,10000,0.0,479135405
nist,exclude_bright_zero,cross_site_weights,recovery,physical_recovery_minus_physical,True,nwis,0.07329337977062056,0.0731024508096178,0.00019092896100275647,-8.8651040192729e-05,0.00047054340577813947,0.0026117997261131047,-0.0012193430525710243,0.006389540686065995,4,2305,76,24,24,14,10000,10000,0.0,410291855
nist,exclude_bright_zero,cross_site_weights,recovery,physical_recovery_minus_physical,True,nwis,0.07329337977062056,0.0731024508096178,0.00019092896100275647,-9.023882393710165e-05,0.00048587443281974285,0.0026117997261131047,-0.001239930196389838,0.006565943927249648,4,2305,76,12,12,28,10000,10000,0.0,1581995069
nist,exclude_bright_zero,cross_site_weights,recovery,physical_minus_recency,True,nwis,0.0731024508096178,0.07753463605218001,-0.004432185242562212,-0.006022028364500899,-0.0029708282110190477,-0.05716393947576405,-0.07254413324281189,-0.04092783671349937,4,2305,76,48,47,7,10000,10000,0.0,1246321163
nist,exclude_bright_zero,cross_site_weights,recovery,physical_minus_recency,True,nwis,0.0731024508096178,0.07753463605218001,-0.004432185242562212,-0.006063219918136201,-0.0028960964373507428,-0.05716393947576405,-0.07342720799125346,-0.0396946268807831,4,2305,76,24,24,14,10000,10000,0.0,2925102385
nist,exclude_bright_zero,cross_site_weights,recovery,physical_minus_recency,True,nwis,0.0731024508096178,0.07753463605218001,-0.004432185242562212,-0.006179688167414318,-0.0027095747693555708,-0.05716393947576405,-0.07570560764818192,-0.03697627519041558,4,2305,76,12,12,28,10000,10000,0.0,3456386064
nist,exclude_bright_zero,duration_24h,recovery,physical_recovery_minus_physical_availability,True,nwis,0.04952856675716626,0.04950983687401427,1.872988315199109e-05,-3.604588826445678e-05,7.196169386797357e-05,0.00037830629900179806,-0.0007357086410495564,0.0014661591197132607,4,2304,77,48,47,7,10000,10000,0.0,4233793576
nist,exclude_bright_zero,duration_24h,recovery,physical_recovery_minus_physical_availability,True,nwis,0.04952856675716626,0.04950983687401427,1.872988315199109e-05,-2.9428287747247996e-05,6.286479690212792e-05,0.00037830629900179806,-0.0005906667971593727,0.0012725174545618137,4,2304,77,24,24,14,10000,10000,0.0,3893270871
nist,exclude_bright_zero,duration_24h,recovery,physical_recovery_minus_physical_availability,True,nwis,0.04952856675716626,0.04950983687401427,1.872988315199109e-05,-2.033083632983941e-05,5.6880196289607775e-05,0.00037830629900179806,-0.0003910588497311863,0.0011854975139972048,4,2304,77,12,12,28,10000,10000,0.0,3203832795
nist,exclude_bright_zero,duration_24h,recovery,physical_recovery_minus_physical,True,nwis,0.04952856675716626,0.04956098950104195,-3.242274387568744e-05,-0.00012764447672908175,6.4047664197296e-05,-0.0006541988810575665,-0.002541611087493033,0.001317085112850167,4,2304,77,48,47,7,10000,10000,0.0,2869667488
nist,exclude_bright_zero,duration_24h,recovery,physical_recovery_minus_physical,True,nwis,0.04952856675716626,0.04956098950104195,-3.242274387568744e-05,-0.00012564962511930883,6.483846136098157e-05,-0.0006541988810575665,-0.0024604622556376266,0.0013229718023776633,4,2304,77,24,24,14,10000,10000,0.0,2966088277
nist,exclude_bright_zero,duration_24h,recovery,physical_recovery_minus_physical,True,nwis,0.04952856675716626,0.04956098950104195,-3.242274387568744e-05,-0.00010557351941048402,2.8738171439145545e-05,-0.0006541988810575665,-0.0019542650138875913,0.0006212120310935386,4,2304,77,12,12,28,10000,10000,0.0,75551933
nist,exclude_bright_zero,duration_24h,recovery,physical_minus_recency,True,nwis,0.04956098950104195,0.049659720293564934,-9.8730792522983e-05,-0.0002338759767743049,3.304132274762426e-05,-0.0019881463677067237,-0.004474411979619129,0.0006997923569785259,4,2304,77,48,47,7,10000,10000,0.0,850112517
nist,exclude_bright_zero,duration_24h,recovery,physical_minus_recency,True,nwis,0.04956098950104195,0.049659720293564934,-9.8730792522983e-05,-0.00020085772091647873,1.443717658531833e-06,-0.0019881463677067237,-0.0037617858246781757,3.190941382787506e-05,4,2304,77,24,24,14,10000,10000,0.0,4144901124
nist,exclude_bright_zero,duration_24h,recovery,physical_minus_recency,True,nwis,0.04956098950104195,0.049659720293564934,-9.8730792522983e-05,-0.00021217115408495474,1.4363532568767005e-05,-0.0019881463677067237,-0.003945613183765887,0.00030366234139664143,4,2304,77,12,12,28,10000,10000,0.0,2020685665
nist,exclude_bright_zero,duration_6h,recovery,physical_recovery_minus_physical_availability,True,nwis,0.045500356150795604,0.04548557613170787,1.4780019087737295e-05,-6.225794818456951e-05,9.7393194805225e-05,0.0003249385925098613,-0.0013827587613903533,0.0021445480331329344,4,2293,78,48,48,7,10000,10000,0.0,1280370010
nist,exclude_bright_zero,duration_6h,recovery,physical_recovery_minus_physical_availability,True,nwis,0.045500356150795604,0.04548557613170787,1.4780019087737295e-05,-5.68601721272953e-05,9.252640737252291e-05,0.0003249385925098613,-0.001270993658393592,0.001987254565077765,4,2293,78,24,24,14,10000,10000,0.0,739398127
nist,exclude_bright_zero,duration_6h,recovery,physical_recovery_minus_physical_availability,True,nwis,0.045500356150795604,0.04548557613170787,1.4780019087737295e-05,-7.318918673341509e-05,9.852663473652443e-05,0.0003249385925098613,-0.0016223015238532638,0.002131389413277953,4,2293,78,12,12,28,10000,10000,0.0,1563284735
nist,exclude_bright_zero,duration_6h,recovery,physical_recovery_minus_physical,True,nwis,0.045500356150795604,0.04543407616961594,6.627998117966077e-05,-5.28103179898118e-07,0.0001326691991624449,0.0014588165264376068,-1.1574029644685855e-05,0.0028889328333899103,4,2293,78,48,48,7,10000,10000,0.0,2709518799
nist,exclude_bright_zero,duration_6h,recovery,physical_recovery_minus_physical,True,nwis,0.045500356150795604,0.04543407616961594,6.627998117966077e-05,-8.364185243518902e-06,0.00014758390191717765,0.0014588165264376068,-0.00018446308405251183,0.0031531914962512468,4,2293,78,24,24,14,10000,10000,0.0,1604778174
nist,exclude_bright_zero,duration_6h,recovery,physical_recovery_minus_physical,True,nwis,0.045500356150795604,0.04543407616961594,6.627998117966077e-05,-7.469010611631762e-06,0.00014290890829774737,0.0014588165264376068,-0.00016651480214582672,0.0030327966950869935,4,2293,78,12,12,28,10000,10000,0.0,3107571691
nist,exclude_bright_zero,duration_6h,recovery,physical_minus_recency,True,nwis,0.04543407616961594,0.04548322328543318,-4.914711581723713e-05,-0.00017813882366569857,7.292190547013121e-05,-0.0010805548126791925,-0.003762589753190619,0.0016628214069098336,4,2293,78,48,48,7,10000,10000,0.0,2869079395
nist,exclude_bright_zero,duration_6h,recovery,physical_minus_recency,True,nwis,0.04543407616961594,0.04548322328543318,-4.914711581723713e-05,-0.00020453223879906887,8.202223338121238e-05,-0.0010805548126791925,-0.004250695143274715,0.0018870333009841506,4,2293,78,24,24,14,10000,10000,0.0,3725435833
nist,exclude_bright_zero,duration_6h,recovery,physical_minus_recency,True,nwis,0.04543407616961594,0.04548322328543318,-4.914711581723713e-05,-0.0001928516932817781,7.368315051132223e-05,-0.0010805548126791925,-0.003902520464518925,0.0017121106676789913,4,2293,78,12,12,28,10000,10000,0.0,1262994246
nist,exclude_bright_zero,irradiance_first,recovery,physical_recovery_minus_physical_availability,True,nwis,0.04826834302977802,0.0483450949551767,-7.67519253986812e-05,-0.0001578533917007052,-1.0655936030414526e-05,-0.001587584541303352,-0.003206528819277845,-0.0002200158516046487,4,2308,73,48,47,7,10000,10000,0.0,724478301
nist,exclude_bright_zero,irradiance_first,recovery,physical_recovery_minus_physical_availability,True,nwis,0.04826834302977802,0.0483450949551767,-7.67519253986812e-05,-0.0001500573736177801,-1.2944333997191183e-05,-0.001587584541303352,-0.002987977684338317,-0.00028073721291857847,4,2308,73,24,24,14,10000,10000,0.0,1848012828
nist,exclude_bright_zero,irradiance_first,recovery,physical_recovery_minus_physical_availability,True,nwis,0.04826834302977802,0.0483450949551767,-7.67519253986812e-05,-0.00014198969471613255,-1.7926977677351807e-05,-0.001587584541303352,-0.0027496939592616377,-0.00039150657369246144,4,2308,73,12,12,28,10000,10000,0.0,78974708
nist,exclude_bright_zero,irradiance_first,recovery,physical_recovery_minus_physical,True,nwis,0.04826834302977802,0.04828934539608189,-2.1002366303868314e-05,-9.88521230641989e-05,5.109572690881225e-05,-0.0004349275421234517,-0.002017534443317851,0.001063196018210113,4,2308,73,48,47,7,10000,10000,0.0,796932677
nist,exclude_bright_zero,irradiance_first,recovery,physical_recovery_minus_physical,True,nwis,0.04826834302977802,0.04828934539608189,-2.1002366303868314e-05,-9.715575063651508e-05,4.7444404353991515e-05,-0.0004349275421234517,-0.0019947150122644856,0.0009706012357461631,4,2308,73,24,24,14,10000,10000,0.0,756275635
nist,exclude_bright_zero,irradiance_first,recovery,physical_recovery_minus_physical,True,nwis,0.04826834302977802,0.04828934539608189,-2.1002366303868314e-05,-0.00010025629214441348,5.2775193631616846e-05,-0.0004349275421234517,-0.0020513250333640547,0.0010368402550486428,4,2308,73,12,12,28,10000,10000,0.0,3840468325
nist,exclude_bright_zero,irradiance_first,recovery,physical_minus_recency,True,nwis,0.04828934539608189,0.04843377883896213,-0.00014443344288024573,-0.00028279144910154096,-1.3344229004831795e-05,-0.002982080819266109,-0.005591120181254834,-0.0002892744581676908,4,2308,73,48,47,7,10000,10000,0.0,3980615622
nist,exclude_bright_zero,irradiance_first,recovery,physical_minus_recency,True,nwis,0.04828934539608189,0.04843377883896213,-0.00014443344288024573,-0.0003111644111489717,-1.3603326343176668e-05,-0.002982080819266109,-0.006094760643003224,-0.00029751505421501164,4,2308,73,24,24,14,10000,10000,0.0,1495937742
nist,exclude_bright_zero,irradiance_first,recovery,physical_minus_recency,True,nwis,0.04828934539608189,0.04843377883896213,-0.00014443344288024573,-0.00028625255709331893,-1.6169871732648517e-05,-0.002982080819266109,-0.005568734182249856,-0.0003415946109369788,4,2308,73,12,12,28,10000,10000,0.0,2192008109
nist,exclude_bright_zero,irradiance_only,recovery,physical_recovery_minus_physical_availability,True,nwis,0.0466289118657196,0.04662495096759438,3.960898125224266e-06,-9.228540471773756e-05,0.00011510966964054425,8.495232794941058e-05,-0.0020017083107276862,0.002455334725828014,4,2305,76,48,47,7,10000,10000,0.0,2956743577
nist,exclude_bright_zero,irradiance_only,recovery,physical_recovery_minus_physical_availability,True,nwis,0.0466289118657196,0.04662495096759438,3.960898125224266e-06,-7.484669584677233e-05,8.856936537344047e-05,8.495232794941058e-05,-0.0016319732069786886,0.001857833738474153,4,2305,76,24,24,14,10000,10000,0.0,3840358691
nist,exclude_bright_zero,irradiance_only,recovery,physical_recovery_minus_physical_availability,True,nwis,0.0466289118657196,0.04662495096759438,3.960898125224266e-06,-0.00010036287439511119,0.00010372298692394588,8.495232794941058e-05,-0.002162751385071122,0.0021311975509834538,4,2305,76,12,12,28,10000,10000,0.0,2951211346
nist,exclude_bright_zero,irradiance_only,recovery,physical_recovery_minus_physical,True,nwis,0.0466289118657196,0.04658517697114743,4.373489457216995e-05,-4.497679554744272e-05,0.00013631369565913248,0.0009388156794865712,-0.0009722609948749766,0.0028857783140122098,4,2305,76,48,47,7,10000,10000,0.0,3359781006
nist,exclude_bright_zero,irradiance_only,recovery,physical_recovery_minus_physical,True,nwis,0.0466289118657196,0.04658517697114743,4.373489457216995e-05,-4.4855003489828804e-05,0.0001519626980058949,0.0009388156794865712,-0.0009852218368909588,0.003139451776231955,4,2305,76,24,24,14,10000,10000,0.0,161804978
nist,exclude_bright_zero,irradiance_only,recovery,physical_recovery_minus_physical,True,nwis,0.0466289118657196,0.04658517697114743,4.373489457216995e-05,-6.739392125951413e-05,0.00017905134613839557,0.0009388156794865712,-0.0014651710060731601,0.003540825399918193,4,2305,76,12,12,28,10000,10000,0.0,2264779658
nist,exclude_bright_zero,irradiance_only,recovery,physical_minus_recency,True,nwis,0.04658517697114743,0.046682818177186655,-9.764120603922288e-05,-0.0002334115910534968,2.657694667595223e-05,-0.002091587651555685,-0.0047828916641388984,0.000596806657297474,4,2305,76,48,47,7,10000,10000,0.0,2111864895
nist,exclude_bright_zero,irradiance_only,recovery,physical_minus_recency,True,nwis,0.04658517697114743,0.046682818177186655,-9.764120603922288e-05,-0.00025054889835138467,2.9563999058713648e-05,-0.002091587651555685,-0.005115240247863389,0.0006488047844235277,4,2305,76,24,24,14,10000,10000,0.0,2062108924
nist,exclude_bright_zero,irradiance_only,recovery,physical_minus_recency,True,nwis,0.04658517697114743,0.046682818177186655,-9.764120603922288e-05,-0.0002588034140906364,4.0259870686791514e-05,-0.002091587651555685,-0.005124422551373707,0.0009102175243610283,4,2305,76,12,12,28,10000,10000,0.0,2099672018
nist,exclude_bright_zero,joint_gradual,recovery,physical_recovery_minus_physical_availability,True,nwis,0.04692369483337143,0.046909559815919835,1.4135017451594178e-05,-6.593978152282486e-05,9.535998347218004e-05,0.00030132487934361594,-0.0014240987004141632,0.001994612611424443,4,2305,76,48,47,7,10000,10000,0.0,2594918851
nist,exclude_bright_zero,joint_gradual,recovery,physical_recovery_minus_physical_availability,True,nwis,0.04692369483337143,0.046909559815919835,1.4135017451594178e-05,-5.845627085114477e-05,8.829077107494354e-05,0.00030132487934361594,-0.0012509383127158778,0.0018269825666920238,4,2305,76,24,24,14,10000,10000,0.0,2695908997
nist,exclude_bright_zero,joint_gradual,recovery,physical_recovery_minus_physical_availability,True,nwis,0.04692369483337143,0.046909559815919835,1.4135017451594178e-05,-7.2803647547077e-05,0.00011126480631333045,0.00030132487934361594,-0.0015668106045545267,0.002203985189786787,4,2305,76,12,12,28,10000,10000,0.0,3341177487
nist,exclude_bright_zero,joint_gradual,recovery,physical_recovery_minus_physical,True,nwis,0.04692369483337143,0.046888684057905194,3.501077546623488e-05,-5.072194571333916e-05,0.00012448020810396416,0.0007466785679674505,-0.0011026929576107296,0.0026098018297784015,4,2305,76,48,47,7,10000,10000,0.0,3843943272
nist,exclude_bright_zero,joint_gradual,recovery,physical_recovery_minus_physical,True,nwis,0.04692369483337143,0.046888684057905194,3.501077546623488e-05,-5.493057442034141e-05,0.00014031979135355923,0.0007466785679674505,-0.001196514061489473,0.0028759521495463096,4,2305,76,24,24,14,10000,10000,0.0,497868546
nist,exclude_bright_zero,joint_gradual,recovery,physical_recovery_minus_physical,True,nwis,0.04692369483337143,0.046888684057905194,3.501077546623488e-05,-7.942842546979859e-05,0.0001749640110902077,0.0007466785679674505,-0.0017391089127403376,0.003457346939177175,4,2305,76,12,12,28,10000,10000,0.0,3424436762
nist,exclude_bright_zero,joint_gradual,recovery,physical_minus_recency,True,nwis,0.046888684057905194,0.04698986617915551,-0.00010118212125031362,-0.0002364888291481935,2.169878031249342e-05,-0.0021532753650445073,-0.004811590384423846,0.0004810167031606855,4,2305,76,48,47,7,10000,10000,0.0,2280025188
nist,exclude_bright_zero,joint_gradual,recovery,physical_minus_recency,True,nwis,0.046888684057905194,0.04698986617915551,-0.00010118212125031362,-0.0002557756791404374,2.3388082580635764e-05,-0.0021532753650445073,-0.005212253649988289,0.0005230948352048577,4,2305,76,24,24,14,10000,10000,0.0,495278174
nist,exclude_bright_zero,joint_gradual,recovery,physical_minus_recency,True,nwis,0.046888684057905194,0.04698986617915551,-0.00010118212125031362,-0.0002542524111900828,3.237740505060111e-05,-0.0021532753650445073,-0.005021972876175532,0.0007308429373473316,4,2305,76,12,12,28,10000,10000,0.0,3220946717
nist,exclude_bright_zero,joint_immediate,recovery,physical_recovery_minus_physical_availability,True,nwis,0.04662853931171106,0.04662837785758156,1.614541295033578e-07,-9.659712995307416e-05,0.00011316801944442448,3.4625722987081375e-06,-0.0020797022804175088,0.0024035674229278526,4,2305,76,48,47,7,10000,10000,0.0,1014371358
nist,exclude_bright_zero,joint_immediate,recovery,physical_recovery_minus_physical_availability,True,nwis,0.04662853931171106,0.04662837785758156,1.614541295033578e-07,-8.266942664897532e-05,8.54887793787149e-05,3.4625722987081375e-06,-0.0017849262766490076,0.0017816307453888379,4,2305,76,24,24,14,10000,10000,0.0,2642216658
nist,exclude_bright_zero,joint_immediate,recovery,physical_recovery_minus_physical_availability,True,nwis,0.04662853931171106,0.04662837785758156,1.614541295033578e-07,-9.885996922116731e-05,0.00010339782683060714,3.4625722987081375e-06,-0.002143447642532469,0.0020739355391852497,4,2305,76,12,12,28,10000,10000,0.0,4288832121
nist,exclude_bright_zero,joint_immediate,recovery,physical_recovery_minus_physical,True,nwis,0.04662853931171106,0.046590265034188415,3.827427752264856e-05,-4.4536921723581366e-05,0.0001292624778986142,0.0008215080445359669,-0.0009678283649051302,0.002715215005744811,4,2305,76,48,47,7,10000,10000,0.0,4043280701
nist,exclude_bright_zero,joint_immediate,recovery,physical_recovery_minus_physical,True,nwis,0.04662853931171106,0.046590265034188415,3.827427752264856e-05,-4.8030317265720585e-05,0.0001469817739715712,0.0008215080445359669,-0.001055840036494393,0.003042198536574476,4,2305,76,24,24,14,10000,10000,0.0,1705584659
nist,exclude_bright_zero,joint_immediate,recovery,physical_recovery_minus_physical,True,nwis,0.04662853931171106,0.046590265034188415,3.827427752264856e-05,-6.896999367887735e-05,0.00016130896565849087,0.0008215080445359669,-0.0015113169156763377,0.0032322484577938645,4,2305,76,12,12,28,10000,10000,0.0,136936839
nist,exclude_bright_zero,joint_immediate,recovery,physical_minus_recency,True,nwis,0.046590265034188415,0.04669968553877464,-0.00010942050458622593,-0.00024989477227310204,1.809732053318265e-05,-0.0023430672674524615,-0.005118147651818495,0.00039840537710184975,4,2305,76,48,47,7,10000,10000,0.0,2339952559
nist,exclude_bright_zero,joint_immediate,recovery,physical_minus_recency,True,nwis,0.046590265034188415,0.04669968553877464,-0.00010942050458622593,-0.0002710971187022782,2.057271389515487e-05,-0.0023430672674524615,-0.00555557924003435,0.000456593284734812,4,2305,76,24,24,14,10000,10000,0.0,4177550430
nist,exclude_bright_zero,joint_immediate,recovery,physical_minus_recency,True,nwis,0.046590265034188415,0.04669968553877464,-0.00010942050458622593,-0.0002688984235079338,2.330565819121877e-05,-0.0023430672674524615,-0.005313823505517924,0.0005236664568226291,4,2305,76,12,12,28,10000,10000,0.0,1167213050
nist,exclude_bright_zero,joint_none,recovery,physical_recovery_minus_physical_availability,True,nwis,0.05095615853130934,0.05094464972025821,1.1508811051129386e-05,-0.00010720802490784657,0.0001293701934411169,0.00022590813980124182,-0.002096130555400661,0.002516988718736432,4,2305,76,48,47,7,10000,10000,0.0,3295002402
nist,exclude_bright_zero,joint_none,recovery,physical_recovery_minus_physical_availability,True,nwis,0.05095615853130934,0.05094464972025821,1.1508811051129386e-05,-0.00013768940926161386,0.0001515311111736227,0.00022590813980124182,-0.002694173908223747,0.002897782018142835,4,2305,76,24,24,14,10000,10000,0.0,4237776995
nist,exclude_bright_zero,joint_none,recovery,physical_recovery_minus_physical_availability,True,nwis,0.05095615853130934,0.05094464972025821,1.1508811051129386e-05,-0.00017667958270991041,0.00017762285893516933,0.00022590813980124182,-0.003510698819375178,0.0033672205100903655,4,2305,76,12,12,28,10000,10000,0.0,2636374739
nist,exclude_bright_zero,joint_none,recovery,physical_recovery_minus_physical,True,nwis,0.05095615853130934,0.05096144066147262,-5.282130163285215e-06,-0.0001441325708744872,0.00012981562536368976,-0.00010364954551370365,-0.0028163864621138673,0.0025509347462265896,4,2305,76,48,47,7,10000,10000,0.0,3823424998
nist,exclude_bright_zero,joint_none,recovery,physical_recovery_minus_physical,True,nwis,0.05095615853130934,0.05096144066147262,-5.282130163285215e-06,-0.00016559954919825575,0.00015445103586435234,-0.00010364954551370365,-0.0032833801885426023,0.0029408727211309433,4,2305,76,24,24,14,10000,10000,0.0,3421519222
nist,exclude_bright_zero,joint_none,recovery,physical_recovery_minus_physical,True,nwis,0.05095615853130934,0.05096144066147262,-5.282130163285215e-06,-0.00018967263338964084,0.00016125081718112386,-0.00010364954551370365,-0.0037383278720203327,0.0030067657840280714,4,2305,76,12,12,28,10000,10000,0.0,2911722817
nist,exclude_bright_zero,joint_none,recovery,physical_minus_recency,True,nwis,0.05096144066147262,0.05107874514127464,-0.00011730447980201619,-0.00028441114453353394,2.919966565168035e-05,-0.00229654192712787,-0.005333326071567026,0.0005863682835449203,4,2305,76,48,47,7,10000,10000,0.0,3894091991
nist,exclude_bright_zero,joint_none,recovery,physical_minus_recency,True,nwis,0.05096144066147262,0.05107874514127464,-0.00011730447980201619,-0.00028631478735697635,2.091032361300091e-05,-0.00229654192712787,-0.005327579619550674,0.0004280760749856976,4,2305,76,24,24,14,10000,10000,0.0,3581238154
nist,exclude_bright_zero,joint_none,recovery,physical_minus_recency,True,nwis,0.05096144066147262,0.05107874514127464,-0.00011730447980201619,-0.0002899678991339576,3.676826470283311e-05,-0.00229654192712787,-0.0052846044503990774,0.0007512957962088274,4,2305,76,12,12,28,10000,10000,0.0,2973155119
nist,exclude_bright_zero,narrow_quality,recovery,physical_recovery_minus_physical_availability,True,nwis,0.04692369483337143,0.046909559815919835,1.4135017451594178e-05,-6.649669583561335e-05,9.53146918047223e-05,0.00030132487934361594,-0.0014382804373432882,0.001991640553571261,4,2305,76,48,47,7,10000,10000,0.0,2185029885
nist,exclude_bright_zero,narrow_quality,recovery,physical_recovery_minus_physical_availability,True,nwis,0.04692369483337143,0.046909559815919835,1.4135017451594178e-05,-5.803752450310676e-05,8.80155558327161e-05,0.00030132487934361594,-0.0012456250283109447,0.001819822588387677,4,2305,76,24,24,14,10000,10000,0.0,917934534
nist,exclude_bright_zero,narrow_quality,recovery,physical_recovery_minus_physical_availability,True,nwis,0.04692369483337143,0.046909559815919835,1.4135017451594178e-05,-7.562261127136792e-05,0.00011216548594935307,0.00030132487934361594,-0.001615684152414059,0.002233621930642686,4,2305,76,12,12,28,10000,10000,0.0,1958079821
nist,exclude_bright_zero,narrow_quality,recovery,physical_recovery_minus_physical,True,nwis,0.04692369483337143,0.046888684057905194,3.501077546623488e-05,-4.9736366536884055e-05,0.00012668264802376505,0.0007466785679674505,-0.0010869306730089904,0.0026371762137949325,4,2305,76,48,47,7,10000,10000,0.0,1240308614
nist,exclude_bright_zero,narrow_quality,recovery,physical_recovery_minus_physical,True,nwis,0.04692369483337143,0.046888684057905194,3.501077546623488e-05,-5.453548922363001e-05,0.00014479587053700565,0.0007466785679674505,-0.0011794956301227025,0.0029877838810268187,4,2305,76,24,24,14,10000,10000,0.0,930317472
nist,exclude_bright_zero,narrow_quality,recovery,physical_recovery_minus_physical,True,nwis,0.04692369483337143,0.046888684057905194,3.501077546623488e-05,-7.68230031447735e-05,0.00017481109750989795,0.0007466785679674505,-0.0016693185174563097,0.0034423171660047094,4,2305,76,12,12,28,10000,10000,0.0,929064629
nist,exclude_bright_zero,narrow_quality,recovery,physical_minus_recency,True,nwis,0.046888684057905194,0.04698986617915551,-0.00010118212125031362,-0.000241807938357993,2.053539503596294e-05,-0.0021532753650445073,-0.00490199358378213,0.00045003195310043976,4,2305,76,48,47,7,10000,10000,0.0,2861663733
nist,exclude_bright_zero,narrow_quality,recovery,physical_minus_recency,True,nwis,0.046888684057905194,0.04698986617915551,-0.00010118212125031362,-0.000258764305936128,2.4438393884023676e-05,-0.0021532753650445073,-0.005248509327026177,0.0005454239258885108,4,2305,76,24,24,14,10000,10000,0.0,1366410033
nist,exclude_bright_zero,narrow_quality,recovery,physical_minus_recency,True,nwis,0.046888684057905194,0.04698986617915551,-0.00010118212125031362,-0.0002568504209873973,3.130797408070289e-05,-0.0021532753650445073,-0.005038492253536948,0.0007033395247535883,4,2305,76,12,12,28,10000,10000,0.0,61660993
nist,exclude_bright_zero,no_block_augmentation,recovery,physical_recovery_minus_physical_availability,True,nwis,0.04697461366403328,0.04696720889013033,7.4047739029511894e-06,-5.7055442152827496e-05,7.447279559711552e-05,0.00015765837651270833,-0.0012409783171818869,0.0015488133640300127,4,2305,76,48,47,7,10000,10000,0.0,4226061051
nist,exclude_bright_zero,no_block_augmentation,recovery,physical_recovery_minus_physical_availability,True,nwis,0.04697461366403328,0.04696720889013033,7.4047739029511894e-06,-4.9695084055963176e-05,7.402770471208979e-05,0.00015765837651270833,-0.0010521361373375612,0.0015448918696740024,4,2305,76,24,24,14,10000,10000,0.0,1863465621
nist,exclude_bright_zero,no_block_augmentation,recovery,physical_recovery_minus_physical_availability,True,nwis,0.04697461366403328,0.04696720889013033,7.4047739029511894e-06,-5.9986545322224596e-05,9.562204616832997e-05,0.00015765837651270833,-0.0012686919952213014,0.001912324372755865,4,2305,76,12,12,28,10000,10000,0.0,180158840
nist,exclude_bright_zero,no_block_augmentation,recovery,physical_recovery_minus_physical,True,nwis,0.04697461366403328,0.04693437664958513,4.023701444814953e-05,-4.1211433638600575e-05,0.00013057351276719186,0.0008573036933794071,-0.000892140038853941,0.002716191482975075,4,2305,76,48,47,7,10000,10000,0.0,3195837015
nist,exclude_bright_zero,no_block_augmentation,recovery,physical_recovery_minus_physical,True,nwis,0.04697461366403328,0.04693437664958513,4.023701444814953e-05,-4.1776751016279515e-05,0.0001442987590051979,0.0008573036933794071,-0.0009086877164696038,0.002957604560982427,4,2305,76,24,24,14,10000,10000,0.0,42468469
nist,exclude_bright_zero,no_block_augmentation,recovery,physical_recovery_minus_physical,True,nwis,0.04697461366403328,0.04693437664958513,4.023701444814953e-05,-5.5323401449628753e-05,0.00016735709282092253,0.0008573036933794071,-0.0012074989647225878,0.003344427838911746,4,2305,76,12,12,28,10000,10000,0.0,3876528777
nist,exclude_bright_zero,no_block_augmentation,recovery,physical_minus_recency,True,nwis,0.04693437664958513,0.04704460143960519,-0.0001102247900200623,-0.00024726214705903736,1.720568193008128e-05,-0.0023429848834316605,-0.005045159029191965,0.0003651934909551274,4,2305,76,48,47,7,10000,10000,0.0,2316388206
nist,exclude_bright_zero,no_block_augmentation,recovery,physical_minus_recency,True,nwis,0.04693437664958513,0.04704460143960519,-0.0001102247900200623,-0.0002757676520481795,3.210138539740165e-05,-0.0023429848834316605,-0.005580399662677797,0.0007076948261522487,4,2305,76,24,24,14,10000,10000,0.0,382918395
nist,exclude_bright_zero,no_block_augmentation,recovery,physical_minus_recency,True,nwis,0.04693437664958513,0.04704460143960519,-0.0001102247900200623,-0.00029561651642473366,5.284548615353382e-05,-0.0023429848834316605,-0.005767830426329973,0.0011811107246591465,4,2305,76,12,12,28,10000,10000,0.0,366911052
nist,exclude_bright_zero,no_input_age,recovery,physical_recovery_minus_physical_availability,True,nwis,0.046983667396552325,0.046992995025920345,-9.327629368019452e-06,-9.204300681189634e-05,7.136049297566044e-05,-0.00019848978263408256,-0.0019689326497417847,0.001525433104317197,4,2305,76,48,47,7,10000,10000,0.0,3573048271
nist,exclude_bright_zero,no_input_age,recovery,physical_recovery_minus_physical_availability,True,nwis,0.046983667396552325,0.046992995025920345,-9.327629368019452e-06,-6.862261482656947e-05,5.513846087985396e-05,-0.00019848978263408256,-0.0014586379608001728,0.001154630199662273,4,2305,76,24,24,14,10000,10000,0.0,190262181
nist,exclude_bright_zero,no_input_age,recovery,physical_recovery_minus_physical_availability,True,nwis,0.046983667396552325,0.046992995025920345,-9.327629368019452e-06,-7.556262661102681e-05,5.6556375423131776e-05,-0.00019848978263408256,-0.001613186355288549,0.001164069636730602,4,2305,76,12,12,28,10000,10000,0.0,1315979117
nist,exclude_bright_zero,no_input_age,recovery,physical_recovery_minus_physical,True,nwis,0.046983667396552325,0.04693505922044894,4.860817610338741e-05,-3.9439837007848935e-05,0.00014748736600561386,0.0010356474863508752,-0.0008548213872764584,0.003065512252349001,4,2305,76,48,47,7,10000,10000,0.0,3393865536
nist,exclude_bright_zero,no_input_age,recovery,physical_recovery_minus_physical,True,nwis,0.046983667396552325,0.04693505922044894,4.860817610338741e-05,-4.629895886823325e-05,0.00016530227159972528,0.0010356474863508752,-0.0009898195409397009,0.0033653306339714827,4,2305,76,24,24,14,10000,10000,0.0,2289421239
nist,exclude_bright_zero,no_input_age,recovery,physical_recovery_minus_physical,True,nwis,0.046983667396552325,0.04693505922044894,4.860817610338741e-05,-7.100773638242588e-05,0.00019041182859218353,0.0010356474863508752,-0.001529067368830624,0.003796856249137422,4,2305,76,12,12,28,10000,10000,0.0,925620753
nist,exclude_bright_zero,no_input_age,recovery,physical_minus_recency,True,nwis,0.04693505922044894,0.047054343939351345,-0.0001192847189024071,-0.0002645007860902082,1.0019842361070555e-05,-0.0025350415905522764,-0.005404484766239557,0.00021431341245632495,4,2305,76,48,47,7,10000,10000,0.0,4253651696
nist,exclude_bright_zero,no_input_age,recovery,physical_minus_recency,True,nwis,0.04693505922044894,0.047054343939351345,-0.0001192847189024071,-0.00028981741733318385,1.7167692858787433e-05,-0.0025350415905522764,-0.005903440207324868,0.0003869693742578257,4,2305,76,24,24,14,10000,10000,0.0,2401269490
nist,exclude_bright_zero,no_input_age,recovery,physical_minus_recency,True,nwis,0.04693505922044894,0.047054343939351345,-0.0001192847189024071,-0.0002912406499153964,2.2246868438769214e-05,-0.0025350415905522764,-0.0056925083216514795,0.0004983446593921505,4,2305,76,12,12,28,10000,10000,0.0,210966764
nist,exclude_bright_zero,privileged_labels,recovery,physical_recovery_minus_physical_availability,True,nwis,0.04692372498051856,0.046909472220497725,1.4252760020837252e-05,-6.621993485886028e-05,9.483078399081828e-05,0.0003038354376242442,-0.0014360228228935715,0.001978502665787155,4,2305,76,48,47,7,10000,10000,0.0,3777316791
nist,exclude_bright_zero,privileged_labels,recovery,physical_recovery_minus_physical_availability,True,nwis,0.04692372498051856,0.046909472220497725,1.4252760020837252e-05,-5.801516728221496e-05,8.826001789580367e-05,0.0003038354376242442,-0.001239886057933325,0.001851612204334063,4,2305,76,24,24,14,10000,10000,0.0,3341407239
nist,exclude_bright_zero,privileged_labels,recovery,physical_recovery_minus_physical_availability,True,nwis,0.04692372498051856,0.046909472220497725,1.4252760020837252e-05,-7.429699245808819e-05,0.00011303232863597245,0.0003038354376242442,-0.0015825895762686577,0.0022694867519933368,4,2305,76,12,12,28,10000,10000,0.0,577091843
nist,exclude_bright_zero,privileged_labels,recovery,physical_recovery_minus_physical,True,nwis,0.04692372498051856,0.04688910981468543,3.4615165833133676e-05,-5.161199259670311e-05,0.00012550575656404957,0.0007382346555509225,-0.001130073336853151,0.002644455197584315,4,2305,76,48,47,7,10000,10000,0.0,3722299816
nist,exclude_bright_zero,privileged_labels,recovery,physical_recovery_minus_physical,True,nwis,0.04692372498051856,0.04688910981468543,3.4615165833133676e-05,-5.3996891826970335e-05,0.00014326954882895343,0.0007382346555509225,-0.0011594666365542718,0.002964118532844207,4,2305,76,24,24,14,10000,10000,0.0,2158647838
nist,exclude_bright_zero,privileged_labels,recovery,physical_recovery_minus_physical,True,nwis,0.04692372498051856,0.04688910981468543,3.4615165833133676e-05,-7.993642327647245e-05,0.0001727797021601674,0.0007382346555509225,-0.0017369039224365555,0.0033990105808100668,4,2305,76,12,12,28,10000,10000,0.0,3564209164
nist,exclude_bright_zero,privileged_labels,recovery,physical_minus_recency,True,nwis,0.04688910981468543,0.046991537864897875,-0.00010242805021244694,-0.00024171995937813037,2.3513860925837565e-05,-0.002179712664585074,-0.004924216904995261,0.0005179832287686534,4,2305,76,48,47,7,10000,10000,0.0,3674283453
nist,exclude_bright_zero,privileged_labels,recovery,physical_minus_recency,True,nwis,0.04688910981468543,0.046991537864897875,-0.00010242805021244694,-0.0002627670212115815,2.3055143943062082e-05,-0.002179712664585074,-0.005336765339681605,0.0005045062161452,4,2305,76,24,24,14,10000,10000,0.0,521632929
nist,exclude_bright_zero,privileged_labels,recovery,physical_minus_recency,True,nwis,0.04688910981468543,0.046991537864897875,-0.00010242805021244694,-0.0002592893102333037,3.19985587336875e-05,-0.002179712664585074,-0.00511691893919982,0.0007202065370067824,4,2305,76,12,12,28,10000,10000,0.0,3082946384
nist,exclude_bright_zero,pv_first,recovery,physical_recovery_minus_physical_availability,True,nwis,0.04856181514350106,0.048635462924044845,-7.364778054378546e-05,-0.00015767015810605364,-5.683733940239586e-06,-0.0015142814752026302,-0.0031737109381515787,-0.00011940627083309047,4,2308,73,48,47,7,10000,10000,0.0,2503393145
nist,exclude_bright_zero,pv_first,recovery,physical_recovery_minus_physical_availability,True,nwis,0.04856181514350106,0.048635462924044845,-7.364778054378546e-05,-0.00014745688360097135,-1.0010053377747949e-05,-0.0015142814752026302,-0.0029067561843862636,-0.00021536925700095375,4,2308,73,24,24,14,10000,10000,0.0,955426746
nist,exclude_bright_zero,pv_first,recovery,physical_recovery_minus_physical_availability,True,nwis,0.04856181514350106,0.048635462924044845,-7.364778054378546e-05,-0.000140125982287273,-1.542027044948402e-05,-0.0015142814752026302,-0.0026835882856483333,-0.00033488671055157705,4,2308,73,12,12,28,10000,10000,0.0,4227878810
nist,exclude_bright_zero,pv_first,recovery,physical_recovery_minus_physical,True,nwis,0.04856181514350106,0.048576522345916986,-1.470720241592699e-05,-9.303964049368965e-05,6.309244195774957e-05,-0.00030276359248601457,-0.0019096907645211997,0.0013047702931509497,4,2308,73,48,47,7,10000,10000,0.0,87491115
nist,exclude_bright_zero,pv_first,recovery,physical_recovery_minus_physical,True,nwis,0.04856181514350106,0.048576522345916986,-1.470720241592699e-05,-9.210362942181932e-05,6.0102799102536795e-05,-0.00030276359248601457,-0.0018886628003170172,0.0012143162918607864,4,2308,73,24,24,14,10000,10000,0.0,2927086513
nist,exclude_bright_zero,pv_first,recovery,physical_recovery_minus_physical,True,nwis,0.04856181514350106,0.048576522345916986,-1.470720241592699e-05,-9.657157273816399e-05,7.12348295410628e-05,-0.00030276359248601457,-0.0019819746250678383,0.001390814054333049,4,2308,73,12,12,28,10000,10000,0.0,3130805784
nist,exclude_bright_zero,pv_first,recovery,physical_minus_recency,True,nwis,0.048576522345916986,0.048700233829659705,-0.00012371148374271806,-0.00026872532147544147,7.060361082753678e-06,-0.002540264676663104,-0.005296641966636746,0.00015462007290428735,4,2308,73,48,47,7,10000,10000,0.0,532200170
nist,exclude_bright_zero,pv_first,recovery,physical_minus_recency,True,nwis,0.048576522345916986,0.048700233829659705,-0.00012371148374271806,-0.0002821515125667473,3.5647981653763212e-06,-0.002540264676663104,-0.005524839771265284,7.752924231740076e-05,4,2308,73,24,24,14,10000,10000,0.0,1865079990
nist,exclude_bright_zero,pv_first,recovery,physical_minus_recency,True,nwis,0.048576522345916986,0.048700233829659705,-0.00012371148374271806,-0.0002637882000757357,9.191530624083818e-07,-0.002540264676663104,-0.0050976609640569276,1.8844264550897124e-05,4,2308,73,12,12,28,10000,10000,0.0,2101728886
nist,exclude_bright_zero,pv_only,recovery,physical_recovery_minus_physical_availability,True,nwis,0.04664711827079739,0.04663174038843149,1.5377882365899542e-05,-7.711031394319022e-05,0.00012707478629642426,0.00032977285938301634,-0.0016662699944998062,0.002720923223054828,4,2305,76,48,47,7,10000,10000,0.0,2365174473
nist,exclude_bright_zero,pv_only,recovery,physical_recovery_minus_physical_availability,True,nwis,0.04664711827079739,0.04663174038843149,1.5377882365899542e-05,-6.496296668385398e-05,0.00010597728962608142,0.00032977285938301634,-0.001404628500313755,0.0021917372517719458,4,2305,76,24,24,14,10000,10000,0.0,3792035570
nist,exclude_bright_zero,pv_only,recovery,physical_recovery_minus_physical_availability,True,nwis,0.04664711827079739,0.04663174038843149,1.5377882365899542e-05,-8.37246145538248e-05,0.00011769579450743306,0.00032977285938301634,-0.0018291598436275727,0.0023868997197719895,4,2305,76,12,12,28,10000,10000,0.0,187143807
nist,exclude_bright_zero,pv_only,recovery,physical_recovery_minus_physical,True,nwis,0.04664711827079739,0.04660614172533399,4.097654546340174e-05,-5.3089366181178525e-05,0.00013418638754084732,0.0008792091330986075,-0.0011375299224965002,0.0028292794804782666,4,2305,76,48,47,7,10000,10000,0.0,129608942
nist,exclude_bright_zero,pv_only,recovery,physical_recovery_minus_physical,True,nwis,0.04664711827079739,0.04660614172533399,4.097654546340174e-05,-4.816047652986387e-05,0.00014595153585269263,0.0008792091330986075,-0.001037745994470081,0.0030353476485691557,4,2305,76,24,24,14,10000,10000,0.0,1231578127
nist,exclude_bright_zero,pv_only,recovery,physical_recovery_minus_physical,True,nwis,0.04664711827079739,0.04660614172533399,4.097654546340174e-05,-6.912289962426581e-05,0.0001619560356654566,0.0008792091330986075,-0.0015346646240825157,0.0032250462651301033,4,2305,76,12,12,28,10000,10000,0.0,3104095718
nist,exclude_bright_zero,pv_only,recovery,physical_minus_recency,True,nwis,0.04660614172533399,0.04668079358290571,-7.4651857571717e-05,-0.00019632168557329812,3.531563273081183e-05,-0.0015991985534507744,-0.004021939204866184,0.0007883817716594709,4,2305,76,48,47,7,10000,10000,0.0,3355892328
nist,exclude_bright_zero,pv_only,recovery,physical_minus_recency,True,nwis,0.04660614172533399,0.04668079358290571,-7.4651857571717e-05,-0.00021125470185595906,3.906361308411622e-05,-0.0015991985534507744,-0.004345583678503613,0.0008661121535836525,4,2305,76,24,24,14,10000,10000,0.0,4093726466
nist,exclude_bright_zero,pv_only,recovery,physical_minus_recency,True,nwis,0.04660614172533399,0.04668079358290571,-7.4651857571717e-05,-0.00020696300706512412,4.353516159964901e-05,-0.0015991985534507744,-0.004105038671015122,0.0009684850298928156,4,2305,76,12,12,28,10000,10000,0.0,1801869560
nist,exclude_bright_zero,receipt_5min,recovery,physical_recovery_minus_physical_availability,True,nwis,0.04692369483337143,0.046909559815919835,1.4135017451594178e-05,-6.653222142618039e-05,9.498431154778345e-05,0.00030132487934361594,-0.0014481126991051092,0.002003031094583094,4,2305,76,48,47,7,10000,10000,0.0,3332083345
nist,exclude_bright_zero,receipt_5min,recovery,physical_recovery_minus_physical_availability,True,nwis,0.04692369483337143,0.046909559815919835,1.4135017451594178e-05,-5.867235099257847e-05,8.677930727245229e-05,0.00030132487934361594,-0.0012774973089336656,0.0018112983111994016,4,2305,76,24,24,14,10000,10000,0.0,343126273
nist,exclude_bright_zero,receipt_5min,recovery,physical_recovery_minus_physical_availability,True,nwis,0.04692369483337143,0.046909559815919835,1.4135017451594178e-05,-7.746874839698777e-05,0.00011318782198572948,0.00030132487934361594,-0.0016595613526036658,0.0022613578634838286,4,2305,76,12,12,28,10000,10000,0.0,299583727
nist,exclude_bright_zero,receipt_5min,recovery,physical_recovery_minus_physical,True,nwis,0.04692369483337143,0.046888684057905194,3.501077546623488e-05,-5.000559510646204e-05,0.00012120367366252482,0.0007466785679674505,-0.0010751234726515124,0.002529128069610259,4,2305,76,48,47,7,10000,10000,0.0,1514335999
nist,exclude_bright_zero,receipt_5min,recovery,physical_recovery_minus_physical,True,nwis,0.04692369483337143,0.046888684057905194,3.501077546623488e-05,-5.354505936636267e-05,0.00014597301353819347,0.0007466785679674505,-0.0011552960628121044,0.002976845631987299,4,2305,76,24,24,14,10000,10000,0.0,498737716
nist,exclude_bright_zero,receipt_5min,recovery,physical_recovery_minus_physical,True,nwis,0.04692369483337143,0.046888684057905194,3.501077546623488e-05,-7.731730981646607e-05,0.00016903401384060012,0.0007466785679674505,-0.0016640796008770904,0.0033628580587184197,4,2305,76,12,12,28,10000,10000,0.0,1182078440
nist,exclude_bright_zero,receipt_5min,recovery,physical_minus_recency,True,nwis,0.046888684057905194,0.04698986617915551,-0.00010118212125031362,-0.0002422659902561554,2.3946919440056535e-05,-0.0021532753650445073,-0.004890628285193572,0.0005254710408732765,4,2305,76,48,47,7,10000,10000,0.0,232017104
nist,exclude_bright_zero,receipt_5min,recovery,physical_minus_recency,True,nwis,0.046888684057905194,0.04698986617915551,-0.00010118212125031362,-0.00025682280490683506,2.4981348210932233e-05,-0.0021532753650445073,-0.005227001960007277,0.0005500638559518318,4,2305,76,24,24,14,10000,10000,0.0,2315359298
nist,exclude_bright_zero,receipt_5min,recovery,physical_minus_recency,True,nwis,0.046888684057905194,0.04698986617915551,-0.00010118212125031362,-0.00025387567035963665,3.129576006151017e-05,-0.0021532753650445073,-0.005005558283822828,0.00069637216196349,4,2305,76,12,12,28,10000,10000,0.0,3178380465
nist,exclude_bright_zero,schedule_seed_2,recovery,physical_recovery_minus_physical_availability,True,nwis,0.04798397758104763,0.04797547403701736,8.503544030272203e-06,-0.00012894845796059833,0.00012133074732621258,0.00017724773336707335,-0.002604594284295769,0.0025642466016444114,4,2301,80,48,48,7,10000,10000,0.0,1648162515
nist,exclude_bright_zero,schedule_seed_2,recovery,physical_recovery_minus_physical_availability,True,nwis,0.04798397758104763,0.04797547403701736,8.503544030272203e-06,-7.721917236074588e-05,8.611944583531567e-05,0.00017724773336707335,-0.0015258053370787055,0.0018551350028070924,4,2301,80,24,24,14,10000,10000,0.0,2642704497
nist,exclude_bright_zero,schedule_seed_2,recovery,physical_recovery_minus_physical_availability,True,nwis,0.04798397758104763,0.04797547403701736,8.503544030272203e-06,-8.494666280592176e-05,8.67881650965251e-05,0.00017724773336707335,-0.0016464021143515056,0.0019348336276159754,4,2301,80,12,12,28,10000,10000,0.0,869269369
nist,exclude_bright_zero,schedule_seed_2,recovery,physical_recovery_minus_physical,True,nwis,0.04798397758104763,0.04796619255465692,1.778502639070839e-05,-6.616297068863068e-05,9.484512551397213e-05,0.0003707825333528935,-0.0013674539002296727,0.0019996418526387286,4,2301,80,48,48,7,10000,10000,0.0,3943860387
nist,exclude_bright_zero,schedule_seed_2,recovery,physical_recovery_minus_physical,True,nwis,0.04798397758104763,0.04796619255465692,1.778502639070839e-05,-4.411149312873123e-05,8.081385055243721e-05,0.0003707825333528935,-0.0008951771299309455,0.0017384205023681196,4,2301,80,24,24,14,10000,10000,0.0,2113886431
nist,exclude_bright_zero,schedule_seed_2,recovery,physical_recovery_minus_physical,True,nwis,0.04798397758104763,0.04796619255465692,1.778502639070839e-05,-3.2838746319515526e-05,6.34134012318566e-05,0.0003707825333528935,-0.0006486719380413148,0.0013675008922937877,4,2301,80,12,12,28,10000,10000,0.0,915058312
nist,exclude_bright_zero,schedule_seed_2,recovery,physical_minus_recency,True,nwis,0.04796619255465692,0.048100576094972446,-0.0001343835403155233,-0.0002669759259444184,-1.764131697379324e-05,-0.002793803135542264,-0.005299840040095334,-0.00038179657500458464,4,2301,80,48,48,7,10000,10000,0.0,668852013
nist,exclude_bright_zero,schedule_seed_2,recovery,physical_minus_recency,True,nwis,0.04796619255465692,0.048100576094972446,-0.0001343835403155233,-0.0002907901286500907,-1.0869142440297601e-05,-0.002793803135542264,-0.005808211741132099,-0.00023866916243102444,4,2301,80,24,24,14,10000,10000,0.0,1870993353
nist,exclude_bright_zero,schedule_seed_2,recovery,physical_minus_recency,True,nwis,0.04796619255465692,0.048100576094972446,-0.0001343835403155233,-0.00026325413939185785,-1.9148826580537815e-05,-0.002793803135542264,-0.005178958385767154,-0.0004112135417517929,4,2301,80,12,12,28,10000,10000,0.0,2195096108
nist,exclude_bright_zero,schedule_seed_3,recovery,physical_recovery_minus_physical_availability,True,nwis,0.04853235874547245,0.04847303660117887,5.932214429358457e-05,-5.938644216175664e-07,0.00011949559157297013,0.0012238173725667074,-1.2976209514127285e-05,0.002445874607566412,4,2308,75,48,47,7,10000,10000,0.0,2218377092
nist,exclude_bright_zero,schedule_seed_3,recovery,physical_recovery_minus_physical_availability,True,nwis,0.04853235874547245,0.04847303660117887,5.932214429358457e-05,4.274902139202002e-06,0.00011552544842720543,0.0012238173725667074,9.0122607734351e-05,0.0023208132130639893,4,2308,75,24,24,14,10000,10000,0.0,3405047497
nist,exclude_bright_zero,schedule_seed_3,recovery,physical_recovery_minus_physical_availability,True,nwis,0.04853235874547245,0.04847303660117887,5.932214429358457e-05,1.0411141274039447e-06,0.0001221047975788673,0.0012238173725667074,2.299414014228422e-05,0.002498096378127745,4,2308,75,12,12,28,10000,10000,0.0,648480233
nist,exclude_bright_zero,schedule_seed_3,recovery,physical_recovery_minus_physical,True,nwis,0.04853235874547245,0.04844745593545583,8.490281001662103e-05,1.3272582007241296e-05,0.00016643347074793804,0.0017524720003818752,0.00027198010204192835,0.003365768318570612,4,2308,75,48,47,7,10000,10000,0.0,3563531114
nist,exclude_bright_zero,schedule_seed_3,recovery,physical_recovery_minus_physical,True,nwis,0.04853235874547245,0.04844745593545583,8.490281001662103e-05,4.0569516480351214e-05,0.00012998085298920534,0.0017524720003818752,0.0008826265041457237,0.0025605506980427408,4,2308,75,24,24,14,10000,10000,0.0,4132264982
nist,exclude_bright_zero,schedule_seed_3,recovery,physical_recovery_minus_physical,True,nwis,0.04853235874547245,0.04844745593545583,8.490281001662103e-05,5.2217661369816096e-05,0.00012174997514158673,0.0017524720003818752,0.001146834786073926,0.002303008103349952,4,2308,75,12,12,28,10000,10000,0.0,2204075520
nist,exclude_bright_zero,schedule_seed_3,recovery,physical_minus_recency,True,nwis,0.04844745593545583,0.04857597464675541,-0.00012851871129957587,-0.00028197970300739803,4.939792625619839e-06,-0.0026457258394538496,-0.005501483708150679,0.0001150793727163456,4,2308,75,48,47,7,10000,10000,0.0,275962812
nist,exclude_bright_zero,schedule_seed_3,recovery,physical_minus_recency,True,nwis,0.04844745593545583,0.04857597464675541,-0.00012851871129957587,-0.0003078521175587321,9.081821305554428e-06,-0.0026457258394538496,-0.005940961131033314,0.0001977935485521217,4,2308,75,24,24,14,10000,10000,0.0,1850879242
nist,exclude_bright_zero,schedule_seed_3,recovery,physical_minus_recency,True,nwis,0.04844745593545583,0.04857597464675541,-0.00012851871129957587,-0.00029139339635186423,7.572203768223765e-06,-0.0026457258394538496,-0.0054806810612851135,0.00016741798389193036,4,2308,75,12,12,28,10000,10000,0.0,3201684001
nist,exclude_bright_zero,schedule_seed_4,recovery,physical_recovery_minus_physical_availability,True,nwis,0.048414096811950344,0.048452330776723,-3.8233964772656226e-05,-0.00010282465152877396,2.0408293448077698e-05,-0.0007891047584242163,-0.0021017421735018194,0.00042176711536790086,4,2305,75,48,47,7,10000,10000,0.0,723899641
nist,exclude_bright_zero,schedule_seed_4,recovery,physical_recovery_minus_physical_availability,True,nwis,0.048414096811950344,0.048452330776723,-3.8233964772656226e-05,-0.00011107567187627985,2.4629882860526813e-05,-0.0007891047584242163,-0.002245837435202548,0.0005114402039230003,4,2305,75,24,24,14,10000,10000,0.0,3456730552
nist,exclude_bright_zero,schedule_seed_4,recovery,physical_recovery_minus_physical_availability,True,nwis,0.048414096811950344,0.048452330776723,-3.8233964772656226e-05,-0.00010074341773412283,1.5364027574137584e-05,-0.0007891047584242163,-0.002002406694217763,0.0003254544864703531,4,2305,75,12,12,28,10000,10000,0.0,4193209812
nist,exclude_bright_zero,schedule_seed_4,recovery,physical_recovery_minus_physical,True,nwis,0.048414096811950344,0.04844821400706652,-3.411719511617339e-05,-0.00011995409337333326,4.1607837669306935e-05,-0.0007041992324257228,-0.0024767960435973795,0.0008537232328968189,4,2305,75,48,47,7,10000,10000,0.0,3669920832
nist,exclude_bright_zero,schedule_seed_4,recovery,physical_recovery_minus_physical,True,nwis,0.048414096811950344,0.04844821400706652,-3.411719511617339e-05,-0.00011975893255807071,4.424361510835316e-05,-0.0007041992324257228,-0.002395447130167579,0.0009185655840976989,4,2305,75,24,24,14,10000,10000,0.0,1741449738
nist,exclude_bright_zero,schedule_seed_4,recovery,physical_recovery_minus_physical,True,nwis,0.048414096811950344,0.04844821400706652,-3.411719511617339e-05,-0.00011147711597448394,3.8144597293186623e-05,-0.0007041992324257228,-0.0022235860548368426,0.0008100320596809587,4,2305,75,12,12,28,10000,10000,0.0,1819616884
nist,exclude_bright_zero,schedule_seed_4,recovery,physical_minus_recency,True,nwis,0.04844821400706652,0.04855808406524065,-0.0001098700581741302,-0.00022028573765222673,-3.3678753648413426e-08,-0.0022626522501693704,-0.004430499063205727,-7.425376697076494e-07,4,2305,75,48,47,7,10000,10000,0.0,1966743381
nist,exclude_bright_zero,schedule_seed_4,recovery,physical_minus_recency,True,nwis,0.04844821400706652,0.04855808406524065,-0.0001098700581741302,-0.00021884249552602992,-6.119027527510772e-06,-0.0022626522501693704,-0.004411153145220899,-0.00012961178628245453,4,2305,75,24,24,14,10000,10000,0.0,2047140026
nist,exclude_bright_zero,schedule_seed_4,recovery,physical_minus_recency,True,nwis,0.04844821400706652,0.04855808406524065,-0.0001098700581741302,-0.00022733248742814877,1.2554913394014592e-06,-0.0022626522501693704,-0.00456991597192283,2.577557208053814e-05,4,2305,75,12,12,28,10000,10000,0.0,342194634
nist,exclude_bright_zero,schedule_seed_5,recovery,physical_recovery_minus_physical_availability,True,nwis,0.04499777676705034,0.045019265815116685,-2.148904806634211e-05,-0.00015208324856657592,7.230736533208079e-05,-0.00047733004253317835,-0.0032583977619001867,0.0016209340308697049,4,2295,78,48,48,7,10000,10000,0.0,204280113
nist,exclude_bright_zero,schedule_seed_5,recovery,physical_recovery_minus_physical_availability,True,nwis,0.04499777676705034,0.045019265815116685,-2.148904806634211e-05,-0.0001509845231760943,7.35269058200441e-05,-0.00047733004253317835,-0.0032029922251753527,0.0016630189919765216,4,2295,78,24,24,14,10000,10000,0.0,1242933869
nist,exclude_bright_zero,schedule_seed_5,recovery,physical_recovery_minus_physical_availability,True,nwis,0.04499777676705034,0.045019265815116685,-2.148904806634211e-05,-0.0001643880868275981,7.66401684514042e-05,-0.00047733004253317835,-0.003356962165322729,0.0017508752975252452,4,2295,78,12,12,28,10000,10000,0.0,3930271586
nist,exclude_bright_zero,schedule_seed_5,recovery,physical_recovery_minus_physical,True,nwis,0.04499777676705034,0.04495984514405097,3.7931622999372305e-05,-5.432376275664643e-05,0.00012312416405618683,0.0008436777946596502,-0.0011992547293789215,0.0027158694206258502,4,2295,78,48,48,7,10000,10000,0.0,1609159960
nist,exclude_bright_zero,schedule_seed_5,recovery,physical_recovery_minus_physical,True,nwis,0.04499777676705034,0.04495984514405097,3.7931622999372305e-05,-7.691306390375779e-05,0.0001229908896937802,0.0008436777946596502,-0.0016429204417679484,0.0027011133927949283,4,2295,78,24,24,14,10000,10000,0.0,3959856052
nist,exclude_bright_zero,schedule_seed_5,recovery,physical_recovery_minus_physical,True,nwis,0.04499777676705034,0.04495984514405097,3.7931622999372305e-05,-6.452680555631348e-05,0.00011677302111307273,0.0008436777946596502,-0.0013489710376110105,0.0026458043271671314,4,2295,78,12,12,28,10000,10000,0.0,3349716167
nist,exclude_bright_zero,schedule_seed_5,recovery,physical_minus_recency,True,nwis,0.04495984514405097,0.04504672047741926,-8.687533336829145e-05,-0.0002313322659162724,3.639621557896558e-05,-0.0019285606687359134,-0.004867529399217196,0.0008454829403018646,4,2295,78,48,48,7,10000,10000,0.0,428345099
nist,exclude_bright_zero,schedule_seed_5,recovery,physical_minus_recency,True,nwis,0.04495984514405097,0.04504672047741926,-8.687533336829145e-05,-0.0002381435195739804,2.696512258554009e-05,-0.0019285606687359134,-0.0050018625884153955,0.0006180768134208097,4,2295,78,24,24,14,10000,10000,0.0,2830834134
nist,exclude_bright_zero,schedule_seed_5,recovery,physical_minus_recency,True,nwis,0.04495984514405097,0.04504672047741926,-8.687533336829145e-05,-0.00022983286910401683,2.992626452507725e-05,-0.0019285606687359134,-0.004816079523421827,0.0006870804507452016,4,2295,78,12,12,28,10000,10000,0.0,420763125
nist,exclude_bright_zero,stale_transport,recovery,physical_recovery_minus_physical_availability,True,nwis,0.05095617454933458,0.05094464972025821,1.1524829076368925e-05,-0.00011076282204537638,0.00012618122978042852,0.00022622255996758894,-0.0021863873310952035,0.0024570233777189156,4,2305,76,48,47,7,10000,10000,0.0,2115715998
nist,exclude_bright_zero,stale_transport,recovery,physical_recovery_minus_physical_availability,True,nwis,0.05095617454933458,0.05094464972025821,1.1524829076368925e-05,-0.00014092880664277866,0.00015449708570255228,0.00022622255996758894,-0.002765740890785456,0.002952609926244241,4,2305,76,24,24,14,10000,10000,0.0,274099120
nist,exclude_bright_zero,stale_transport,recovery,physical_recovery_minus_physical_availability,True,nwis,0.05095617454933458,0.05094464972025821,1.1524829076368925e-05,-0.00017564298312738936,0.00018008704674577768,0.00022622255996758894,-0.0034797692769625976,0.0033911944397513427,4,2305,76,12,12,28,10000,10000,0.0,3801391079
nist,exclude_bright_zero,stale_transport,recovery,physical_recovery_minus_physical,True,nwis,0.05095617454933458,0.05096144066147262,-5.2661121380456755e-06,-0.000145163491853674,0.0001286937781413573,-0.00010333522894353556,-0.002832557115005476,0.002533212225024817,4,2305,76,48,47,7,10000,10000,0.0,2996552549
nist,exclude_bright_zero,stale_transport,recovery,physical_recovery_minus_physical,True,nwis,0.05095617454933458,0.05096144066147262,-5.2661121380456755e-06,-0.00016656781960919278,0.00014903181451852518,-0.00010333522894353556,-0.003284169656143064,0.0028429652875482905,4,2305,76,24,24,14,10000,10000,0.0,3468735823
nist,exclude_bright_zero,stale_transport,recovery,physical_recovery_minus_physical,True,nwis,0.05095617454933458,0.05096144066147262,-5.2661121380456755e-06,-0.00018834468038455218,0.0001616226373556208,-0.00010333522894353556,-0.0037114554094323936,0.00300498741314156,4,2305,76,12,12,28,10000,10000,0.0,605501013
nist,exclude_bright_zero,stale_transport,recovery,physical_minus_recency,True,nwis,0.05096144066147262,0.05107874514127464,-0.00011730447980201619,-0.00028014721010382655,2.983643022489139e-05,-0.00229654192712787,-0.0053156202200175555,0.0005987422999389103,4,2305,76,48,47,7,10000,10000,0.0,3374518323
nist,exclude_bright_zero,stale_transport,recovery,physical_minus_recency,True,nwis,0.05096144066147262,0.05107874514127464,-0.00011730447980201619,-0.0002867098776338027,1.967854539954623e-05,-0.00229654192712787,-0.005351818806639969,0.000394397312286778,4,2305,76,24,24,14,10000,10000,0.0,4028430728
nist,exclude_bright_zero,stale_transport,recovery,physical_minus_recency,True,nwis,0.05096144066147262,0.05107874514127464,-0.00011730447980201619,-0.0002903673845597119,4.0183437914298436e-05,-0.00229654192712787,-0.005288116935268448,0.0008177647707302401,4,2305,76,12,12,28,10000,10000,0.0,1907336873
nist,exclude_bright_zero,training_2015,recovery,physical_recovery_minus_physical_availability,True,nwis,0.049869855448320996,0.049885299487200455,-1.5444038879458555e-05,-0.00011634153061150683,9.185403185117714e-05,-0.00030959098247813823,-0.0023695737079234293,0.0017946095812640507,4,2305,76,48,47,7,10000,10000,0.0,2797672033
nist,exclude_bright_zero,training_2015,recovery,physical_recovery_minus_physical_availability,True,nwis,0.049869855448320996,0.049885299487200455,-1.5444038879458555e-05,-0.00012529296542291811,0.00012006190258093755,-0.00030959098247813823,-0.002525042301769368,0.0023597930384407625,4,2305,76,24,24,14,10000,10000,0.0,574055230
nist,exclude_bright_zero,training_2015,recovery,physical_recovery_minus_physical_availability,True,nwis,0.049869855448320996,0.049885299487200455,-1.5444038879458555e-05,-0.00013573225275549937,0.0001244070463691631,-0.00030959098247813823,-0.002715945799599809,0.002388941757270531,4,2305,76,12,12,28,10000,10000,0.0,1510599034
nist,exclude_bright_zero,training_2015,recovery,physical_recovery_minus_physical,True,nwis,0.049869855448320996,0.04990699201002666,-3.7136561705661264e-05,-0.00013166141414954307,5.425337368210583e-05,-0.0007441154076807569,-0.002625357720462877,0.001082381555922738,4,2305,76,48,47,7,10000,10000,0.0,3679392561
nist,exclude_bright_zero,training_2015,recovery,physical_recovery_minus_physical,True,nwis,0.049869855448320996,0.04990699201002666,-3.7136561705661264e-05,-0.0001469434366109728,6.981390226039779e-05,-0.0007441154076807569,-0.002912301020125845,0.0013973669168985525,4,2305,76,24,24,14,10000,10000,0.0,3993811402
nist,exclude_bright_zero,training_2015,recovery,physical_recovery_minus_physical,True,nwis,0.049869855448320996,0.04990699201002666,-3.7136561705661264e-05,-0.00014539483124906011,6.63334901006049e-05,-0.0007441154076807569,-0.0028569517094698253,0.001310475314124752,4,2305,76,12,12,28,10000,10000,0.0,3368691334
nist,exclude_bright_zero,training_2015,recovery,physical_minus_recency,True,nwis,0.04990699201002666,0.05006795575803864,-0.00016096374801198576,-0.0003317418176953503,-1.443624653190933e-06,-0.003214905533388834,-0.006431718410960744,-2.8639268626840357e-05,4,2305,76,48,47,7,10000,10000,0.0,1296549084
nist,exclude_bright_zero,training_2015,recovery,physical_minus_recency,True,nwis,0.04990699201002666,0.05006795575803864,-0.00016096374801198576,-0.00030063442190739355,-1.1572795257401983e-05,-0.003214905533388834,-0.005949098447045341,-0.0002315880431237919,4,2305,76,24,24,14,10000,10000,0.0,3311366166
nist,exclude_bright_zero,training_2015,recovery,physical_minus_recency,True,nwis,0.04990699201002666,0.05006795575803864,-0.00016096374801198576,-0.00030779896434728163,-2.8741070180001582e-05,-0.003214905533388834,-0.006181548233849126,-0.0005829179512315655,4,2305,76,12,12,28,10000,10000,0.0,1399659
nist,recorded_ac,faulted_primary,recovery_0_6,physical_recovery_minus_physical_availability,True,nwis,0.04648090622758987,0.04644709383340191,3.381239418796117e-05,-0.00010946418793384757,0.00022772345761677844,0.0007279765297962596,-0.0024860676922780316,0.004593392547626813,28,3724,47,48,44,7,10000,10000,0.0,2664137077
nist,recorded_ac,faulted_primary,recovery_0_6,physical_recovery_minus_physical_availability,True,nwis,0.04648090622758987,0.04644709383340191,3.381239418796117e-05,-0.0001021957730686876,0.0002334884039890787,0.0007279765297962596,-0.002292306807085506,0.004834081612379619,28,3724,47,24,23,14,10000,10000,0.0,3898360223
nist,recorded_ac,faulted_primary,recovery_0_6,physical_recovery_minus_physical_availability,True,nwis,0.04648090622758987,0.04644709383340191,3.381239418796117e-05,-0.00013031512872229597,0.00026752358983062394,0.0007279765297962596,-0.0029908258714268663,0.005428702888430227,28,3724,47,12,12,28,10000,10000,0.0,3296361785
nist,recorded_ac,faulted_primary,recovery_0_6,physical_recovery_minus_physical,True,nwis,0.04648090622758987,0.04641886494779841,6.204127979145962e-05,-6.314523511400608e-05,0.0002467513739598765,0.0013365531419441174,-0.001446021897136894,0.0050505488334598595,28,3724,47,48,44,7,10000,10000,0.0,2745431637
nist,recorded_ac,faulted_primary,recovery_0_6,physical_recovery_minus_physical,True,nwis,0.04648090622758987,0.04641886494779841,6.204127979145962e-05,-5.6552953054155895e-05,0.00026405190333239116,0.0013365531419441174,-0.0012735256022447614,0.005455252917689749,28,3724,47,24,23,14,10000,10000,0.0,1300882985
nist,recorded_ac,faulted_primary,recovery_0_6,physical_recovery_minus_physical,True,nwis,0.04648090622758987,0.04641886494779841,6.204127979145962e-05,-7.393669786452968e-05,0.00029956302219110635,0.0013365531419441174,-0.0016779328374306214,0.006083955800583494,28,3724,47,12,12,28,10000,10000,0.0,2290688861
nist,recorded_ac,faulted_primary,recovery_0_6,physical_minus_recency,True,nwis,0.04641886494779841,0.0464994574401082,-8.059249230978754e-05,-0.00025298534787214115,8.516121706048163e-05,-0.0017331921004366886,-0.005197243052568556,0.0019511790522903597,28,3724,47,48,44,7,10000,10000,0.0,1475125187
nist,recorded_ac,faulted_primary,recovery_0_6,physical_minus_recency,True,nwis,0.04641886494779841,0.0464994574401082,-8.059249230978754e-05,-0.00024925744554747594,5.655417358001993e-05,-0.0017331921004366886,-0.005225732647304059,0.0012746574852785031,28,3724,47,24,23,14,10000,10000,0.0,2537173207
nist,recorded_ac,faulted_primary,recovery_0_6,physical_minus_recency,True,nwis,0.04641886494779841,0.0464994574401082,-8.059249230978754e-05,-0.00028219158792558256,9.136565903686503e-05,-0.0017331921004366886,-0.005745662584585815,0.0020528979629291285,28,3724,47,12,12,28,10000,10000,0.0,1040033077
nist,recorded_ac,faulted_primary,recovery_6_24,physical_recovery_minus_physical_availability,True,nwis,0.04818373208413349,0.04821337621897976,-2.9644134846268377e-05,-9.681880887614305e-05,3.231028666516866e-05,-0.0006148529136733348,-0.0019833771421441633,0.0006861199244402099,28,12417,69,48,47,7,10000,10000,0.0,3690819749
nist,recorded_ac,faulted_primary,recovery_6_24,physical_recovery_minus_physical_availability,True,nwis,0.04818373208413349,0.04821337621897976,-2.9644134846268377e-05,-9.158266137289564e-05,2.578242369068223e-05,-0.0006148529136733348,-0.001858961690171003,0.0005444810619163561,28,12417,69,24,24,14,10000,10000,0.0,3869124342
nist,recorded_ac,faulted_primary,recovery_6_24,physical_recovery_minus_physical_availability,True,nwis,0.04818373208413349,0.04821337621897976,-2.9644134846268377e-05,-0.00010376323170319702,3.0414945853164492e-05,-0.0006148529136733348,-0.0020904148680763747,0.0006521817178844526,28,12417,69,12,12,28,10000,10000,0.0,3841555870
nist,recorded_ac,faulted_primary,recovery_6_24,physical_recovery_minus_physical,True,nwis,0.04818373208413349,0.048180865169468824,2.866914664667597e-06,-8.142433196024583e-05,8.264305984638126e-05,5.9503179417465066e-05,-0.0016795105971168889,0.0017218348314370989,28,12417,69,48,47,7,10000,10000,0.0,2292029375
nist,recorded_ac,faulted_primary,recovery_6_24,physical_recovery_minus_physical,True,nwis,0.04818373208413349,0.048180865169468824,2.866914664667597e-06,-8.400599138054225e-05,8.374071418285436e-05,5.9503179417465066e-05,-0.0017392017053136592,0.001744100217406604,28,12417,69,24,24,14,10000,10000,0.0,1145934394
nist,recorded_ac,faulted_primary,recovery_6_24,physical_recovery_minus_physical,True,nwis,0.04818373208413349,0.048180865169468824,2.866914664667597e-06,-0.00010031545408133498,9.703116064055416e-05,5.9503179417465066e-05,-0.0020754216985564094,0.0019207876284327732,28,12417,69,12,12,28,10000,10000,0.0,2887534420
nist,recorded_ac,faulted_primary,recovery_6_24,physical_minus_recency,True,nwis,0.048180865169468824,0.04829811822014395,-0.00011725305067512848,-0.0002859841106552033,3.190815394556661e-05,-0.0024276939764130423,-0.005657415593352721,0.0006782848679619379,28,12417,69,48,47,7,10000,10000,0.0,3067389042
nist,recorded_ac,faulted_primary,recovery_6_24,physical_minus_recency,True,nwis,0.048180865169468824,0.04829811822014395,-0.00011725305067512848,-0.00028223979427402946,1.4849987832808323e-05,-0.0024276939764130423,-0.005590520279523285,0.0003096239545351752,28,12417,69,24,24,14,10000,10000,0.0,861108159
nist,recorded_ac,faulted_primary,recovery_6_24,physical_minus_recency,True,nwis,0.048180865169468824,0.04829811822014395,-0.00011725305067512848,-0.0002666017301314827,1.6811282359507007e-05,-0.0024276939764130423,-0.005148690169347876,0.00036414736174450007,28,12417,69,12,12,28,10000,10000,0.0,2581825878
nist,recorded_ac,faulted_primary,recovery,physical_recovery_minus_physical_availability,True,nwis,0.04780208299802685,0.04781711951842956,-1.503652040271003e-05,-8.448985410517765e-05,5.624385210164903e-05,-0.00031445893341431176,-0.001766876983482949,0.001184745621619029,28,16141,83,48,47,7,10000,10000,0.0,3619156742
nist,recorded_ac,faulted_primary,recovery,physical_recovery_minus_physical_availability,True,nwis,0.04780208299802685,0.04781711951842956,-1.503652040271003e-05,-8.231741343304957e-05,4.611638030568194e-05,-0.00031445893341431176,-0.0017219715755462924,0.0009445175780310638,28,16141,83,24,24,14,10000,10000,0.0,3561031562
nist,recorded_ac,faulted_primary,recovery,physical_recovery_minus_physical_availability,True,nwis,0.04780208299802685,0.04781711951842956,-1.503652040271003e-05,-9.893275120555072e-05,6.164202353759557e-05,-0.00031445893341431176,-0.0020829263127548135,0.0012337115851531301,28,16141,83,12,12,28,10000,10000,0.0,1892316755
nist,recorded_ac,faulted_primary,recovery,physical_recovery_minus_physical,True,nwis,0.04780208299802685,0.047785368027435215,1.6714970591635847e-05,-6.489729769872319e-05,9.960119365908966e-05,0.00034979265163426616,-0.001366981658550143,0.002067450120034337,28,16141,83,48,47,7,10000,10000,0.0,3477843014
nist,recorded_ac,faulted_primary,recovery,physical_recovery_minus_physical,True,nwis,0.04780208299802685,0.047785368027435215,1.6714970591635847e-05,-6.996603133256236e-05,0.00011139752489080318,0.00034979265163426616,-0.0014739195693594786,0.0022544710694479895,28,16141,83,24,24,14,10000,10000,0.0,2833894212
nist,recorded_ac,faulted_primary,recovery,physical_recovery_minus_physical,True,nwis,0.04780208299802685,0.047785368027435215,1.6714970591635847e-05,-9.074784658764153e-05,0.00013357500381782624,0.00034979265163426616,-0.0018941651602435087,0.0026106823322423547,28,16141,83,12,12,28,10000,10000,0.0,1564439696
nist,recorded_ac,faulted_primary,recovery,physical_minus_recency,True,nwis,0.047785368027435215,0.04789513161255986,-0.00010976358512464202,-0.0002436358902273233,1.4775600306123692e-05,-0.002291748272299517,-0.004889406606879803,0.0003171329460714849,28,16141,83,48,47,7,10000,10000,0.0,389937311
nist,recorded_ac,faulted_primary,recovery,physical_minus_recency,True,nwis,0.047785368027435215,0.04789513161255986,-0.00010976358512464202,-0.00026461651641205734,1.1177711038349904e-05,-0.002291748272299517,-0.005282190770468338,0.0002361431747572106,28,16141,83,24,24,14,10000,10000,0.0,953938557
nist,recorded_ac,faulted_primary,recovery,physical_minus_recency,True,nwis,0.047785368027435215,0.04789513161255986,-0.00010976358512464202,-0.00026427814902061085,2.0315643240895676e-05,-0.002291748272299517,-0.00512769772767978,0.0004390857675307623,28,16141,83,12,12,28,10000,10000,0.0,1519170420
nist,recorded_ac,faulted_primary,failure_recovery,physical_recovery_minus_physical_availability,True,nwis,0.05196050657932644,0.05196757402397635,-7.067444649913601e-06,-5.180031111215663e-05,4.069765307438151e-05,-0.00013599720176764234,-0.0009972358394914978,0.0007857718416796495,28,24986,108,48,48,7,10000,10000,0.0,3418301718
nist,recorded_ac,faulted_primary,failure_recovery,physical_recovery_minus_physical_availability,True,nwis,0.05196050657932644,0.05196757402397635,-7.067444649913601e-06,-5.059937869163755e-05,3.193153614616164e-05,-0.00013599720176764234,-0.0009738925704139662,0.0006047197922310437,28,24986,108,24,24,14,10000,10000,0.0,1795486184
nist,recorded_ac,faulted_primary,failure_recovery,physical_recovery_minus_physical_availability,True,nwis,0.05196050657932644,0.05196757402397635,-7.067444649913601e-06,-6.581716603394592e-05,4.4892604025077876e-05,-0.00013599720176764234,-0.0012550711931947785,0.00084087774864552,28,24986,108,12,12,28,10000,10000,0.0,3298990672
nist,recorded_ac,faulted_primary,failure_recovery,physical_recovery_minus_physical,True,nwis,0.05196050657932644,0.051958044320609416,2.4622587170217147e-06,-6.221544129117289e-05,6.6483587528777e-05,4.7389364808040855e-05,-0.0011941897278098985,0.0012716413523615657,28,24986,108,48,48,7,10000,10000,0.0,1732037408
nist,recorded_ac,faulted_primary,failure_recovery,physical_recovery_minus_physical,True,nwis,0.05196050657932644,0.051958044320609416,2.4622587170217147e-06,-6.443383256533736e-05,6.970330412972197e-05,4.7389364808040855e-05,-0.0012436420748663595,0.0013151804389816462,28,24986,108,24,24,14,10000,10000,0.0,1922108178
nist,recorded_ac,faulted_primary,failure_recovery,physical_recovery_minus_physical,True,nwis,0.05196050657932644,0.051958044320609416,2.4622587170217147e-06,-8.195797459647213e-05,8.216761561818956e-05,4.7389364808040855e-05,-0.0016020327005165532,0.0014955093299908425,28,24986,108,12,12,28,10000,10000,0.0,424527313
nist,recorded_ac,faulted_primary,failure_recovery,physical_minus_recency,True,nwis,0.051958044320609416,0.05200960913165053,-5.156481104111321e-05,-0.00013855260290393314,2.9214806331231794e-05,-0.0009914477709414926,-0.0025946416786888893,0.0005740314873356008,28,24986,108,48,48,7,10000,10000,0.0,261701897
nist,recorded_ac,faulted_primary,failure_recovery,physical_minus_recency,True,nwis,0.051958044320609416,0.05200960913165053,-5.156481104111321e-05,-0.00014703978413336052,2.7240980495946296e-05,-0.0009914477709414926,-0.002724690408290587,0.0005318650655352336,28,24986,108,24,24,14,10000,10000,0.0,2459987334
nist,recorded_ac,faulted_primary,failure_recovery,physical_minus_recency,True,nwis,0.051958044320609416,0.05200960913165053,-5.156481104111321e-05,-0.00015882632924065428,3.5911202632562384e-05,-0.0009914477709414926,-0.002873223978537189,0.0007077733844675718,28,24986,108,12,12,28,10000,10000,0.0,1921107963
nist,recorded_ac,backfill_60min,recovery,physical_recovery_minus_physical_availability,True,nwis,0.04737205795959926,0.047384809884301826,-1.2751924702562867e-05,-8.212228129405256e-05,5.561874982359988e-05,-0.0002691141894142635,-0.0017572766582147025,0.0011393719596114748,4,2305,76,48,47,7,10000,10000,0.0,3621524948
nist,recorded_ac,backfill_60min,recovery,physical_recovery_minus_physical_availability,True,nwis,0.04737205795959926,0.047384809884301826,-1.2751924702562867e-05,-7.321728642465854e-05,4.2211426213867306e-05,-0.0002691141894142635,-0.0015585446857910375,0.0008759200932662619,4,2305,76,24,24,14,10000,10000,0.0,418960774
nist,recorded_ac,backfill_60min,recovery,physical_recovery_minus_physical_availability,True,nwis,0.04737205795959926,0.047384809884301826,-1.2751924702562867e-05,-8.380145634296464e-05,4.5387818553177874e-05,-0.0002691141894142635,-0.0017973882246803278,0.0009476662178974297,4,2305,76,12,12,28,10000,10000,0.0,2507061766
nist,recorded_ac,backfill_60min,recovery,physical_recovery_minus_physical,True,nwis,0.04737205795959926,0.04734275404605458,2.93039135446857e-05,-6.929276585555272e-05,0.00014179450704678554,0.0006189735712497658,-0.0014911170484433749,0.002946342587658559,4,2305,76,48,47,7,10000,10000,0.0,3430755371
nist,recorded_ac,backfill_60min,recovery,physical_recovery_minus_physical,True,nwis,0.04737205795959926,0.04734275404605458,2.93039135446857e-05,-8.599987342546561e-05,0.00017012301152068563,0.0006189735712497658,-0.0018424127368690166,0.003435703580122574,4,2305,76,24,24,14,10000,10000,0.0,901418035
nist,recorded_ac,backfill_60min,recovery,physical_recovery_minus_physical,True,nwis,0.04737205795959926,0.04734275404605458,2.93039135446857e-05,-0.00011523550394747506,0.00022242563203245887,0.0006189735712497658,-0.0024582412971596085,0.0043498694360733295,4,2305,76,12,12,28,10000,10000,0.0,2586530965
nist,recorded_ac,backfill_60min,recovery,physical_minus_recency,True,nwis,0.04734275404605458,0.0474259452307885,-8.319118473391895e-05,-0.00022477870676139154,3.771151911165935e-05,-0.0017541281323774647,-0.004509749039822266,0.000828168633091936,4,2305,76,48,47,7,10000,10000,0.0,62597168
nist,recorded_ac,backfill_60min,recovery,physical_minus_recency,True,nwis,0.04734275404605458,0.0474259452307885,-8.319118473391895e-05,-0.00023637885172110625,3.762978755331816e-05,-0.0017541281323774647,-0.004743052802175582,0.0008301122523989197,4,2305,76,24,24,14,10000,10000,0.0,255371712
nist,recorded_ac,backfill_60min,recovery,physical_minus_recency,True,nwis,0.04734275404605458,0.0474259452307885,-8.319118473391895e-05,-0.00024081456153036764,4.407035501640029e-05,-0.0017541281323774647,-0.004675930471359135,0.0009800150223140682,4,2305,76,12,12,28,10000,10000,0.0,1498415260
nist,recorded_ac,channel_gap_6h,recovery,physical_recovery_minus_physical_availability,True,nwis,0.048354288254812826,0.04841383278367261,-5.954452885978401e-05,-0.0001420837458540148,1.3909927962374099e-05,-0.0012299073516002473,-0.0028933656288260504,0.00029338854581786465,4,2306,75,48,47,7,10000,10000,0.0,3412457414
nist,recorded_ac,channel_gap_6h,recovery,physical_recovery_minus_physical_availability,True,nwis,0.048354288254812826,0.04841383278367261,-5.954452885978401e-05,-0.00012440822410241109,2.4777863111066885e-07,-0.0012299073516002473,-0.0025273322457998624,5.059978324828823e-06,4,2306,75,24,24,14,10000,10000,0.0,4090381660
nist,recorded_ac,channel_gap_6h,recovery,physical_recovery_minus_physical_availability,True,nwis,0.048354288254812826,0.04841383278367261,-5.954452885978401e-05,-0.00011736347165552524,-1.030655078062409e-05,-0.0012299073516002473,-0.0023242628325959905,-0.00022145329835623816,4,2306,75,12,12,28,10000,10000,0.0,1803476307
nist,recorded_ac,channel_gap_6h,recovery,physical_recovery_minus_physical,True,nwis,0.048354288254812826,0.048393172234808636,-3.888397999581017e-05,-0.0001173888011437153,3.231857943061973e-05,-0.0008035013660014084,-0.0023863107277027223,0.0006845291798644183,4,2306,75,48,47,7,10000,10000,0.0,1126600224
nist,recorded_ac,channel_gap_6h,recovery,physical_recovery_minus_physical,True,nwis,0.048354288254812826,0.048393172234808636,-3.888397999581017e-05,-0.00011803831872735734,3.381776980715028e-05,-0.0008035013660014084,-0.002393522002084754,0.0007162227572121646,4,2306,75,24,24,14,10000,10000,0.0,1501964969
nist,recorded_ac,channel_gap_6h,recovery,physical_recovery_minus_physical,True,nwis,0.048354288254812826,0.048393172234808636,-3.888397999581017e-05,-0.00013992832279611996,2.989069561473382e-05,-0.0008035013660014084,-0.00280058785463261,0.000614300898011392,4,2306,75,12,12,28,10000,10000,0.0,3644682947
nist,recorded_ac,channel_gap_6h,recovery,physical_minus_recency,True,nwis,0.048393172234808636,0.04851246773938342,-0.00011929550457478316,-0.00026034818815347927,1.187398529843823e-05,-0.0024590689802806427,-0.005128474367891626,0.0002553853055975146,4,2306,75,48,47,7,10000,10000,0.0,3195370348
nist,recorded_ac,channel_gap_6h,recovery,physical_minus_recency,True,nwis,0.048393172234808636,0.04851246773938342,-0.00011929550457478316,-0.00027262945729454125,7.2361547084118874e-06,-0.0024590689802806427,-0.00536438839961313,0.0001551471398169874,4,2306,75,24,24,14,10000,10000,0.0,546530077
nist,recorded_ac,channel_gap_6h,recovery,physical_minus_recency,True,nwis,0.048393172234808636,0.04851246773938342,-0.00011929550457478316,-0.0002572801267286368,1.5389628903787693e-06,-0.0024590689802806427,-0.00493485116316426,3.3124304157760654e-05,4,2306,75,12,12,28,10000,10000,0.0,3293160460
nist,recorded_ac,clean,all,physical_recovery_minus_physical_availability,True,nwis,0.045765861926696905,0.04576131862832724,4.543298369664994e-06,-7.564061898151716e-06,1.7372073070060293e-05,9.928250552755259e-05,-0.00016196991599523833,0.000386016286794265,4,15912,332,48,48,7,10000,10000,0.0,597824417
nist,recorded_ac,clean,all,physical_recovery_minus_physical_availability,True,nwis,0.045765861926696905,0.04576131862832724,4.543298369664994e-06,-7.29059436223329e-06,1.6689800420747663e-05,9.928250552755259e-05,-0.00015450446681900755,0.0003720957687600881,4,15912,332,24,24,14,10000,10000,0.0,3632385529
nist,recorded_ac,clean,all,physical_recovery_minus_physical_availability,True,nwis,0.045765861926696905,0.04576131862832724,4.543298369664994e-06,-9.257678342109756e-06,1.8008210715643977e-05,9.928250552755259e-05,-0.00019317781757260553,0.0004022107852540031,4,15912,332,12,12,28,10000,10000,0.0,3022865514
nist,recorded_ac,clean,all,physical_recovery_minus_physical,True,nwis,0.045765861926696905,0.04574028156050317,2.558036619373233e-05,-2.5828469783828466e-06,5.308064237973704e-05,0.0005592524864521391,-5.6001253046669395e-05,0.0011718004069749175,4,15912,332,48,48,7,10000,10000,0.0,858190618
nist,recorded_ac,clean,all,physical_recovery_minus_physical,True,nwis,0.045765861926696905,0.04574028156050317,2.558036619373233e-05,2.5026458030697623e-06,4.876321298220142e-05,0.0005592524864521391,5.303442248683354e-05,0.0010939134294177134,4,15912,332,24,24,14,10000,10000,0.0,2132276937
nist,recorded_ac,clean,all,physical_recovery_minus_physical,True,nwis,0.045765861926696905,0.04574028156050317,2.558036619373233e-05,1.8219958697026156e-06,4.7882616892874416e-05,0.0005592524864521391,3.678355102422916e-05,0.001073119467085258,4,15912,332,12,12,28,10000,10000,0.0,115591994
nist,recorded_ac,clean,all,physical_minus_recency,True,nwis,0.04574028156050317,0.04582694441881557,-8.666285831239462e-05,-0.0001414244587407616,-3.250924147675545e-05,-0.0018910896070306773,-0.0030382785583828015,-0.000721811957257546,4,15912,332,48,48,7,10000,10000,0.0,3427570898
nist,recorded_ac,clean,all,physical_minus_recency,True,nwis,0.04574028156050317,0.04582694441881557,-8.666285831239462e-05,-0.00014174396064704705,-3.151768184779507e-05,-0.0018910896070306773,-0.0029793478465193735,-0.0007137421038027299,4,15912,332,24,24,14,10000,10000,0.0,2935189039
nist,recorded_ac,clean,all,physical_minus_recency,True,nwis,0.04574028156050317,0.04582694441881557,-8.666285831239462e-05,-0.0001396996340366951,-3.598169442333903e-05,-0.0018910896070306773,-0.0029008433055066098,-0.0008251513370918143,4,15912,332,12,12,28,10000,10000,0.0,3707322319
nist,recorded_ac,cross_site_weights,recovery,physical_recovery_minus_physical_availability,True,nwis,0.07329337977062056,0.0730033890038084,0.0002899907668121593,1.6936551955549373e-05,0.0005884415588798523,0.003972291845205039,0.00023229214747445202,0.007896500437243813,4,2305,76,48,47,7,10000,10000,0.0,740976166
nist,recorded_ac,cross_site_weights,recovery,physical_recovery_minus_physical_availability,True,nwis,0.07329337977062056,0.0730033890038084,0.0002899907668121593,-1.8078061226274927e-05,0.0006268156440466281,0.003972291845205039,-0.00025587974093753825,0.00841100673863887,4,2305,76,24,24,14,10000,10000,0.0,1686311959
nist,recorded_ac,cross_site_weights,recovery,physical_recovery_minus_physical_availability,True,nwis,0.07329337977062056,0.0730033890038084,0.0002899907668121593,-8.004430922650163e-05,0.0006970886376190448,0.003972291845205039,-0.0011077144157087882,0.009265491159908233,4,2305,76,12,12,28,10000,10000,0.0,4174829523
nist,recorded_ac,cross_site_weights,recovery,physical_recovery_minus_physical,True,nwis,0.07329337977062056,0.0731024508096178,0.00019092896100275647,-9.347667747266438e-05,0.0004756611412557575,0.0026117997261131047,-0.0012582119514625769,0.006507469919603336,4,2305,76,48,47,7,10000,10000,0.0,2585046951
nist,recorded_ac,cross_site_weights,recovery,physical_recovery_minus_physical,True,nwis,0.07329337977062056,0.0731024508096178,0.00019092896100275647,-8.11430715984763e-05,0.0004686895794988873,0.0026117997261131047,-0.0010970313175530419,0.006385863104126493,4,2305,76,24,24,14,10000,10000,0.0,3402157307
nist,recorded_ac,cross_site_weights,recovery,physical_recovery_minus_physical,True,nwis,0.07329337977062056,0.0731024508096178,0.00019092896100275647,-8.715193403540655e-05,0.00048583119781918913,0.0026117997261131047,-0.001165203752807216,0.006584136996294568,4,2305,76,12,12,28,10000,10000,0.0,3394520096
nist,recorded_ac,cross_site_weights,recovery,physical_minus_recency,True,nwis,0.0731024508096178,0.07753463605218001,-0.004432185242562212,-0.006001448121101209,-0.002923668108316779,-0.05716393947576405,-0.07264717639357972,-0.04019228363824669,4,2305,76,48,47,7,10000,10000,0.0,1160194133
nist,recorded_ac,cross_site_weights,recovery,physical_minus_recency,True,nwis,0.0731024508096178,0.07753463605218001,-0.004432185242562212,-0.006035733070855724,-0.0029096444305424856,-0.05716393947576405,-0.07304468526583345,-0.03998614493531193,4,2305,76,24,24,14,10000,10000,0.0,4276775700
nist,recorded_ac,cross_site_weights,recovery,physical_minus_recency,True,nwis,0.0731024508096178,0.07753463605218001,-0.004432185242562212,-0.006170455848244865,-0.002726720650522678,-0.05716393947576405,-0.07558803128031275,-0.03741269067405228,4,2305,76,12,12,28,10000,10000,0.0,1629084127
nist,recorded_ac,duration_24h,recovery,physical_recovery_minus_physical_availability,True,nwis,0.04952856675716626,0.04950983687401427,1.872988315199109e-05,-3.678004540649381e-05,7.196502036808521e-05,0.00037830629900179806,-0.000735715978371054,0.0014566288468369857,4,2304,77,48,47,7,10000,10000,0.0,1615136898
nist,recorded_ac,duration_24h,recovery,physical_recovery_minus_physical_availability,True,nwis,0.04952856675716626,0.04950983687401427,1.872988315199109e-05,-3.0349369249560616e-05,6.471054151492347e-05,0.00037830629900179806,-0.0006050969358464358,0.0013132329899315832,4,2304,77,24,24,14,10000,10000,0.0,2466536225
nist,recorded_ac,duration_24h,recovery,physical_recovery_minus_physical_availability,True,nwis,0.04952856675716626,0.04950983687401427,1.872988315199109e-05,-2.0247130428338934e-05,5.701503779785962e-05,0.00037830629900179806,-0.0003851003103338023,0.0011781282841327413,4,2304,77,12,12,28,10000,10000,0.0,2098998109
nist,recorded_ac,duration_24h,recovery,physical_recovery_minus_physical,True,nwis,0.04952856675716626,0.04956098950104195,-3.242274387568744e-05,-0.00012825750076345433,6.476743243600015e-05,-0.0006541988810575665,-0.0025576506589899415,0.0013370879491937891,4,2304,77,48,47,7,10000,10000,0.0,2122745351
nist,recorded_ac,duration_24h,recovery,physical_recovery_minus_physical,True,nwis,0.04952856675716626,0.04956098950104195,-3.242274387568744e-05,-0.00012497850010216704,6.204720321414528e-05,-0.0006541988810575665,-0.002470905841648928,0.0012817921103462152,4,2304,77,24,24,14,10000,10000,0.0,3915587945
nist,recorded_ac,duration_24h,recovery,physical_recovery_minus_physical,True,nwis,0.04952856675716626,0.04956098950104195,-3.242274387568744e-05,-0.00010639122034821358,2.8827689181416607e-05,-0.0006541988810575665,-0.0019678214305556344,0.0006130061520016385,4,2304,77,12,12,28,10000,10000,0.0,2069315759
nist,recorded_ac,duration_24h,recovery,physical_minus_recency,True,nwis,0.04956098950104195,0.049659720293564934,-9.8730792522983e-05,-0.00023288596138059113,3.5529695383027316e-05,-0.0019881463677067237,-0.004442890669363574,0.0007457335422268247,4,2304,77,48,47,7,10000,10000,0.0,333043456
nist,recorded_ac,duration_24h,recovery,physical_minus_recency,True,nwis,0.04956098950104195,0.049659720293564934,-9.8730792522983e-05,-0.0001986707295254889,3.653152933023929e-07,-0.0019881463677067237,-0.003743937100579237,7.747827169206427e-06,4,2304,77,24,24,14,10000,10000,0.0,3851173857
nist,recorded_ac,duration_24h,recovery,physical_minus_recency,True,nwis,0.04956098950104195,0.049659720293564934,-9.8730792522983e-05,-0.00021296462456396552,1.40500269845134e-05,-0.0019881463677067237,-0.003936511558894579,0.0003077828806331433,4,2304,77,12,12,28,10000,10000,0.0,3333787403
nist,recorded_ac,duration_6h,recovery,physical_recovery_minus_physical_availability,True,nwis,0.045500356150795604,0.04548557613170787,1.4780019087737295e-05,-6.388397500862401e-05,9.690496632134871e-05,0.0003249385925098613,-0.0014188673315661843,0.002121814254602612,4,2293,78,48,48,7,10000,10000,0.0,4111437897
nist,recorded_ac,duration_6h,recovery,physical_recovery_minus_physical_availability,True,nwis,0.045500356150795604,0.04548557613170787,1.4780019087737295e-05,-5.675035045480583e-05,9.162730781819934e-05,0.0003249385925098613,-0.0012805944068927204,0.0019501354728204546,4,2293,78,24,24,14,10000,10000,0.0,3496086787
nist,recorded_ac,duration_6h,recovery,physical_recovery_minus_physical_availability,True,nwis,0.045500356150795604,0.04548557613170787,1.4780019087737295e-05,-7.269643126825883e-05,9.99249974966667e-05,0.0003249385925098613,-0.0016012401431069602,0.002151043912220012,4,2293,78,12,12,28,10000,10000,0.0,3282728681
nist,recorded_ac,duration_6h,recovery,physical_recovery_minus_physical,True,nwis,0.045500356150795604,0.04543407616961594,6.627998117966077e-05,-2.382442346451551e-07,0.00013382590466944582,0.0014588165264376068,-5.341300649930032e-06,0.002906673104156974,4,2293,78,48,48,7,10000,10000,0.0,4097121531
nist,recorded_ac,duration_6h,recovery,physical_recovery_minus_physical,True,nwis,0.045500356150795604,0.04543407616961594,6.627998117966077e-05,-8.896621851486873e-06,0.00014994652542698778,0.0014588165264376068,-0.00019816190871434612,0.003220305059534878,4,2293,78,24,24,14,10000,10000,0.0,1417683692
nist,recorded_ac,duration_6h,recovery,physical_recovery_minus_physical,True,nwis,0.045500356150795604,0.04543407616961594,6.627998117966077e-05,-7.975572331463117e-06,0.00014427020149135222,0.0014588165264376068,-0.00018407665957125255,0.0030605928061485594,4,2293,78,12,12,28,10000,10000,0.0,198779719
nist,recorded_ac,duration_6h,recovery,physical_minus_recency,True,nwis,0.04543407616961594,0.04548322328543318,-4.914711581723713e-05,-0.0001800182519795742,7.260346702992782e-05,-0.0010805548126791925,-0.003794490792832953,0.001665954288986423,4,2293,78,48,48,7,10000,10000,0.0,480218703
nist,recorded_ac,duration_6h,recovery,physical_minus_recency,True,nwis,0.04543407616961594,0.04548322328543318,-4.914711581723713e-05,-0.00020849862497653252,8.233052124159266e-05,-0.0010805548126791925,-0.004327064651135105,0.0018857885018747672,4,2293,78,24,24,14,10000,10000,0.0,403736330
nist,recorded_ac,duration_6h,recovery,physical_minus_recency,True,nwis,0.04543407616961594,0.04548322328543318,-4.914711581723713e-05,-0.0001936910922773016,7.428810205958937e-05,-0.0010805548126791925,-0.003924242608147681,0.0017116175166014143,4,2293,78,12,12,28,10000,10000,0.0,2114018145
nist,recorded_ac,irradiance_first,recovery,physical_recovery_minus_physical_availability,True,nwis,0.04826834302977802,0.0483450949551767,-7.67519253986812e-05,-0.00015882439528491654,-1.079622160764238e-05,-0.001587584541303352,-0.0032285607721600335,-0.00022890443756506552,4,2308,73,48,47,7,10000,10000,0.0,4154478833
nist,recorded_ac,irradiance_first,recovery,physical_recovery_minus_physical_availability,True,nwis,0.04826834302977802,0.0483450949551767,-7.67519253986812e-05,-0.0001512934074788235,-1.2371430076532112e-05,-0.001587584541303352,-0.0030192643958261434,-0.00026124816977954275,4,2308,73,24,24,14,10000,10000,0.0,3568854462
nist,recorded_ac,irradiance_first,recovery,physical_recovery_minus_physical_availability,True,nwis,0.04826834302977802,0.0483450949551767,-7.67519253986812e-05,-0.00014087722017610115,-1.7611957506897224e-05,-0.001587584541303352,-0.002716715234426998,-0.0003770663300951972,4,2308,73,12,12,28,10000,10000,0.0,3115235805
nist,recorded_ac,irradiance_first,recovery,physical_recovery_minus_physical,True,nwis,0.04826834302977802,0.04828934539608189,-2.1002366303868314e-05,-0.00010071044174329284,5.313784289444551e-05,-0.0004349275421234517,-0.0020727524871487183,0.0011126380466921816,4,2308,73,48,47,7,10000,10000,0.0,2260493764
nist,recorded_ac,irradiance_first,recovery,physical_recovery_minus_physical,True,nwis,0.04826834302977802,0.04828934539608189,-2.1002366303868314e-05,-9.566950637754957e-05,4.8461392767822595e-05,-0.0004349275421234517,-0.001958133716315702,0.000994695640305225,4,2308,73,24,24,14,10000,10000,0.0,1455119024
nist,recorded_ac,irradiance_first,recovery,physical_recovery_minus_physical,True,nwis,0.04826834302977802,0.04828934539608189,-2.1002366303868314e-05,-0.00010015574368208279,5.298485284103409e-05,-0.0004349275421234517,-0.002061866126332402,0.0010334026168495535,4,2308,73,12,12,28,10000,10000,0.0,4288811583
nist,recorded_ac,irradiance_first,recovery,physical_minus_recency,True,nwis,0.04828934539608189,0.04843377883896213,-0.00014443344288024573,-0.00028385098538137517,-1.525999708101757e-05,-0.002982080819266109,-0.0056030464359710964,-0.0003259936674507405,4,2308,73,48,47,7,10000,10000,0.0,3986559149
nist,recorded_ac,irradiance_first,recovery,physical_minus_recency,True,nwis,0.04828934539608189,0.04843377883896213,-0.00014443344288024573,-0.0003103821292095721,-1.3733856933447454e-05,-0.002982080819266109,-0.006075812185953272,-0.00029498378388945396,4,2308,73,24,24,14,10000,10000,0.0,2636616027
nist,recorded_ac,irradiance_first,recovery,physical_minus_recency,True,nwis,0.04828934539608189,0.04843377883896213,-0.00014443344288024573,-0.000288432907825323,-1.747904120204368e-05,-0.002982080819266109,-0.005642684386325603,-0.00037464085971734086,4,2308,73,12,12,28,10000,10000,0.0,2366748991
nist,recorded_ac,irradiance_only,recovery,physical_recovery_minus_physical_availability,True,nwis,0.0466289118657196,0.04662495096759438,3.960898125224266e-06,-9.103389331891059e-05,0.00011445000736242322,8.495232794941058e-05,-0.0019579187943789826,0.002468618743912656,4,2305,76,48,47,7,10000,10000,0.0,1156811767
nist,recorded_ac,irradiance_only,recovery,physical_recovery_minus_physical_availability,True,nwis,0.0466289118657196,0.04662495096759438,3.960898125224266e-06,-7.390055357972841e-05,8.845453166625627e-05,8.495232794941058e-05,-0.0016031044863350791,0.001827990410138083,4,2305,76,24,24,14,10000,10000,0.0,3954015345
nist,recorded_ac,irradiance_only,recovery,physical_recovery_minus_physical_availability,True,nwis,0.0466289118657196,0.04662495096759438,3.960898125224266e-06,-9.787245638730978e-05,0.00010583560015018173,8.495232794941058e-05,-0.002116165961621538,0.002151377961761148,4,2305,76,12,12,28,10000,10000,0.0,941983598
nist,recorded_ac,irradiance_only,recovery,physical_recovery_minus_physical,True,nwis,0.0466289118657196,0.04658517697114743,4.373489457216995e-05,-4.536159920109726e-05,0.0001334802011983313,0.0009388156794865712,-0.000982442671306395,0.002814470824719109,4,2305,76,48,47,7,10000,10000,0.0,831536231
nist,recorded_ac,irradiance_only,recovery,physical_recovery_minus_physical,True,nwis,0.0466289118657196,0.04658517697114743,4.373489457216995e-05,-4.623876691740615e-05,0.0001516821674077184,0.0009388156794865712,-0.0010087171602857592,0.003104042160863736,4,2305,76,24,24,14,10000,10000,0.0,1996597961
nist,recorded_ac,irradiance_only,recovery,physical_recovery_minus_physical,True,nwis,0.0466289118657196,0.04658517697114743,4.373489457216995e-05,-6.63897988167678e-05,0.0001728125849671863,0.0009388156794865712,-0.0014618814803695958,0.00342704959852348,4,2305,76,12,12,28,10000,10000,0.0,80763277
nist,recorded_ac,irradiance_only,recovery,physical_minus_recency,True,nwis,0.04658517697114743,0.046682818177186655,-9.764120603922288e-05,-0.0002347191190967813,2.8109770187278257e-05,-0.002091587651555685,-0.004803873830491343,0.0006134662648509065,4,2305,76,48,47,7,10000,10000,0.0,3518110818
nist,recorded_ac,irradiance_only,recovery,physical_minus_recency,True,nwis,0.04658517697114743,0.046682818177186655,-9.764120603922288e-05,-0.00024918276984920216,3.225497167055143e-05,-0.002091587651555685,-0.005093676573186441,0.0007239886963497494,4,2305,76,24,24,14,10000,10000,0.0,682071259
nist,recorded_ac,irradiance_only,recovery,physical_minus_recency,True,nwis,0.04658517697114743,0.046682818177186655,-9.764120603922288e-05,-0.0002607141288065619,3.901379183130073e-05,-0.002091587651555685,-0.005163174527860144,0.0008847779819892476,4,2305,76,12,12,28,10000,10000,0.0,2357553426
nist,recorded_ac,joint_gradual,recovery,physical_recovery_minus_physical_availability,True,nwis,0.04692369483337143,0.046909559815919835,1.4135017451594178e-05,-6.426497422600818e-05,9.72832342088564e-05,0.00030132487934361594,-0.0014012931472465143,0.002003096831288577,4,2305,76,48,47,7,10000,10000,0.0,3010113440
nist,recorded_ac,joint_gradual,recovery,physical_recovery_minus_physical_availability,True,nwis,0.04692369483337143,0.046909559815919835,1.4135017451594178e-05,-5.970826371846545e-05,8.72251401875525e-05,0.00030132487934361594,-0.0012676382915080178,0.0018189896261604907,4,2305,76,24,24,14,10000,10000,0.0,4184721933
nist,recorded_ac,joint_gradual,recovery,physical_recovery_minus_physical_availability,True,nwis,0.04692369483337143,0.046909559815919835,1.4135017451594178e-05,-7.641275407295547e-05,0.00011183858842862528,0.00030132487934361594,-0.0016429694161494487,0.0022513344355782512,4,2305,76,12,12,28,10000,10000,0.0,4133160025
nist,recorded_ac,joint_gradual,recovery,physical_recovery_minus_physical,True,nwis,0.04692369483337143,0.046888684057905194,3.501077546623488e-05,-4.937578178846151e-05,0.00012696100671899695,0.0007466785679674505,-0.0010758241528050847,0.0026570075278907067,4,2305,76,48,47,7,10000,10000,0.0,546981598
nist,recorded_ac,joint_gradual,recovery,physical_recovery_minus_physical,True,nwis,0.04692369483337143,0.046888684057905194,3.501077546623488e-05,-5.498612205461755e-05,0.00014339133233683634,0.0007466785679674505,-0.00119444736320258,0.0029250120896930423,4,2305,76,24,24,14,10000,10000,0.0,1018874127
nist,recorded_ac,joint_gradual,recovery,physical_recovery_minus_physical,True,nwis,0.04692369483337143,0.046888684057905194,3.501077546623488e-05,-7.764213877057314e-05,0.00017036709900639918,0.0007466785679674505,-0.0016784971988498124,0.003391608546793086,4,2305,76,12,12,28,10000,10000,0.0,1383100579
nist,recorded_ac,joint_gradual,recovery,physical_minus_recency,True,nwis,0.046888684057905194,0.04698986617915551,-0.00010118212125031362,-0.00024423847416238045,1.8086235203837563e-05,-0.0021532753650445073,-0.004962469045966421,0.0003972988882594524,4,2305,76,48,47,7,10000,10000,0.0,38567080
nist,recorded_ac,joint_gradual,recovery,physical_minus_recency,True,nwis,0.046888684057905194,0.04698986617915551,-0.00010118212125031362,-0.0002596270196359818,2.3998374470216364e-05,-0.0021532753650445073,-0.005277066597583252,0.0005339050467263656,4,2305,76,24,24,14,10000,10000,0.0,575667138
nist,recorded_ac,joint_gradual,recovery,physical_minus_recency,True,nwis,0.046888684057905194,0.04698986617915551,-0.00010118212125031362,-0.0002559670703316497,3.0872906844226636e-05,-0.0021532753650445073,-0.005027380717618787,0.0006949695033067576,4,2305,76,12,12,28,10000,10000,0.0,4154138865
nist,recorded_ac,joint_immediate,recovery,physical_recovery_minus_physical_availability,True,nwis,0.04662853931171106,0.04662837785758156,1.614541295033578e-07,-9.593773225775801e-05,0.00011225008151145437,3.4625722987081375e-06,-0.002057916254471939,0.002388821219125975,4,2305,76,48,47,7,10000,10000,0.0,212361837
nist,recorded_ac,joint_immediate,recovery,physical_recovery_minus_physical_availability,True,nwis,0.04662853931171106,0.04662837785758156,1.614541295033578e-07,-8.525594785420732e-05,8.865630263109218e-05,3.4625722987081375e-06,-0.0018423746330358951,0.0018428910568044268,4,2305,76,24,24,14,10000,10000,0.0,977760135
nist,recorded_ac,joint_immediate,recovery,physical_recovery_minus_physical_availability,True,nwis,0.04662853931171106,0.04662837785758156,1.614541295033578e-07,-9.959467679871159e-05,0.000104108972256349,3.4625722987081375e-06,-0.0021342086682772667,0.0021258432052783985,4,2305,76,12,12,28,10000,10000,0.0,790813900
nist,recorded_ac,joint_immediate,recovery,physical_recovery_minus_physical,True,nwis,0.04662853931171106,0.046590265034188415,3.827427752264856e-05,-4.429481986739647e-05,0.00012637206856071538,0.0008215080445359669,-0.0009597449412906985,0.0026702348835230803,4,2305,76,48,47,7,10000,10000,0.0,1312575600
nist,recorded_ac,joint_immediate,recovery,physical_recovery_minus_physical,True,nwis,0.04662853931171106,0.046590265034188415,3.827427752264856e-05,-4.983691230386611e-05,0.0001421544072031578,0.0008215080445359669,-0.0010892260033166204,0.002972046045309328,4,2305,76,24,24,14,10000,10000,0.0,2252820227
nist,recorded_ac,joint_immediate,recovery,physical_recovery_minus_physical,True,nwis,0.04662853931171106,0.046590265034188415,3.827427752264856e-05,-6.840775438840245e-05,0.00016819152044220373,0.0008215080445359669,-0.0015131432043138829,0.003341396152178621,4,2305,76,12,12,28,10000,10000,0.0,902942565
nist,recorded_ac,joint_immediate,recovery,physical_minus_recency,True,nwis,0.046590265034188415,0.04669968553877464,-0.00010942050458622593,-0.00025000168960512774,1.9647498543264807e-05,-0.0023430672674524615,-0.005126732578991033,0.00043370784107728646,4,2305,76,48,47,7,10000,10000,0.0,2121732721
nist,recorded_ac,joint_immediate,recovery,physical_minus_recency,True,nwis,0.046590265034188415,0.04669968553877464,-0.00010942050458622593,-0.00027160165529204405,1.7711565104965003e-05,-0.0023430672674524615,-0.0055685704905065435,0.0003954514545657785,4,2305,76,24,24,14,10000,10000,0.0,3990594802
nist,recorded_ac,joint_immediate,recovery,physical_minus_recency,True,nwis,0.046590265034188415,0.04669968553877464,-0.00010942050458622593,-0.0002674128151699597,2.310476771117189e-05,-0.0023430672674524615,-0.005278070048849474,0.0005142598456797174,4,2305,76,12,12,28,10000,10000,0.0,3696882358
nist,recorded_ac,joint_none,recovery,physical_recovery_minus_physical_availability,True,nwis,0.05095615853130934,0.05094464972025821,1.1508811051129386e-05,-0.00011081703561124055,0.00013210149689500577,0.00022590813980124182,-0.0021636367566184134,0.0025586719568982796,4,2305,76,48,47,7,10000,10000,0.0,1949451650
nist,recorded_ac,joint_none,recovery,physical_recovery_minus_physical_availability,True,nwis,0.05095615853130934,0.05094464972025821,1.1508811051129386e-05,-0.000139537382059721,0.00015379173115542908,0.00022590813980124182,-0.002763947622931151,0.002909229675022685,4,2305,76,24,24,14,10000,10000,0.0,4220031159
nist,recorded_ac,joint_none,recovery,physical_recovery_minus_physical_availability,True,nwis,0.05095615853130934,0.05094464972025821,1.1508811051129386e-05,-0.00016936065282714701,0.00017585290535111005,0.00022590813980124182,-0.003330044091172527,0.0032926936603510522,4,2305,76,12,12,28,10000,10000,0.0,3391368450
nist,recorded_ac,joint_none,recovery,physical_recovery_minus_physical,True,nwis,0.05095615853130934,0.05096144066147262,-5.282130163285215e-06,-0.000143095001831991,0.0001273475147492653,-0.00010364954551370365,-0.002784239742669948,0.0024819765173604816,4,2305,76,48,47,7,10000,10000,0.0,1202792046
nist,recorded_ac,joint_none,recovery,physical_recovery_minus_physical,True,nwis,0.05095615853130934,0.05096144066147262,-5.282130163285215e-06,-0.0001635529046181347,0.00015191937665472288,-0.00010364954551370365,-0.0032143891113185813,0.002907514454552169,4,2305,76,24,24,14,10000,10000,0.0,3142679817
nist,recorded_ac,joint_none,recovery,physical_recovery_minus_physical,True,nwis,0.05095615853130934,0.05096144066147262,-5.282130163285215e-06,-0.00018821076196158144,0.0001630877721926278,-0.00010364954551370365,-0.003722180120470344,0.0030122186199494404,4,2305,76,12,12,28,10000,10000,0.0,2083251716
nist,recorded_ac,joint_none,recovery,physical_minus_recency,True,nwis,0.05096144066147262,0.05107874514127464,-0.00011730447980201619,-0.00028693641603186445,3.165735674005506e-05,-0.00229654192712787,-0.005369240337667772,0.0006411182592242142,4,2305,76,48,47,7,10000,10000,0.0,1659629143
nist,recorded_ac,joint_none,recovery,physical_minus_recency,True,nwis,0.05096144066147262,0.05107874514127464,-0.00011730447980201619,-0.0002881086244671786,2.3486018828639272e-05,-0.00229654192712787,-0.00538133215167552,0.0004710970662146619,4,2305,76,24,24,14,10000,10000,0.0,1918031018
nist,recorded_ac,joint_none,recovery,physical_minus_recency,True,nwis,0.05096144066147262,0.05107874514127464,-0.00011730447980201619,-0.000288542398408923,3.951300220043691e-05,-0.00229654192712787,-0.005287210103411829,0.0008071425846755925,4,2305,76,12,12,28,10000,10000,0.0,3829950110
nist,recorded_ac,narrow_quality,recovery,physical_recovery_minus_physical_availability,True,nwis,0.04692369483337143,0.046909559815919835,1.4135017451594178e-05,-6.430512196094213e-05,9.542634734696212e-05,0.00030132487934361594,-0.0013898455070297333,0.002005723316946747,4,2305,76,48,47,7,10000,10000,0.0,1102746207
nist,recorded_ac,narrow_quality,recovery,physical_recovery_minus_physical_availability,True,nwis,0.04692369483337143,0.046909559815919835,1.4135017451594178e-05,-5.7860858341879545e-05,8.688146517614959e-05,0.00030132487934361594,-0.001231744381959079,0.0018036709293467693,4,2305,76,24,24,14,10000,10000,0.0,1131656725
nist,recorded_ac,narrow_quality,recovery,physical_recovery_minus_physical_availability,True,nwis,0.04692369483337143,0.046909559815919835,1.4135017451594178e-05,-7.328338401922147e-05,0.00011098665528292261,0.00030132487934361594,-0.0015754130764576429,0.002221421772947239,4,2305,76,12,12,28,10000,10000,0.0,136437944
nist,recorded_ac,narrow_quality,recovery,physical_recovery_minus_physical,True,nwis,0.04692369483337143,0.046888684057905194,3.501077546623488e-05,-4.9160630146831935e-05,0.00012600641439348119,0.0007466785679674505,-0.001066629221967183,0.0026451432823499693,4,2305,76,48,47,7,10000,10000,0.0,4210409702
nist,recorded_ac,narrow_quality,recovery,physical_recovery_minus_physical,True,nwis,0.04692369483337143,0.046888684057905194,3.501077546623488e-05,-5.5288837282399354e-05,0.0001446896572443708,0.0007466785679674505,-0.0011965345663794008,0.0029775487059125042,4,2305,76,24,24,14,10000,10000,0.0,371062584
nist,recorded_ac,narrow_quality,recovery,physical_recovery_minus_physical,True,nwis,0.04692369483337143,0.046888684057905194,3.501077546623488e-05,-7.630276721200796e-05,0.0001753778933460558,0.0007466785679674505,-0.001660027770856354,0.0034687633390212093,4,2305,76,12,12,28,10000,10000,0.0,3057832290
nist,recorded_ac,narrow_quality,recovery,physical_minus_recency,True,nwis,0.046888684057905194,0.04698986617915551,-0.00010118212125031362,-0.00024141073817155763,2.4230566658328496e-05,-0.0021532753650445073,-0.004933924042594331,0.0005276506734568688,4,2305,76,48,47,7,10000,10000,0.0,3373505090
nist,recorded_ac,narrow_quality,recovery,physical_minus_recency,True,nwis,0.046888684057905194,0.04698986617915551,-0.00010118212125031362,-0.0002549508162379543,2.532418160277986e-05,-0.0021532753650445073,-0.005200063160911255,0.0005506042479260075,4,2305,76,24,24,14,10000,10000,0.0,1133045699
nist,recorded_ac,narrow_quality,recovery,physical_minus_recency,True,nwis,0.046888684057905194,0.04698986617915551,-0.00010118212125031362,-0.00025731516412630243,3.0831244024965914e-05,-0.0021532753650445073,-0.005064410510691105,0.0007059894272647764,4,2305,76,12,12,28,10000,10000,0.0,1873002934
nist,recorded_ac,no_block_augmentation,recovery,physical_recovery_minus_physical_availability,True,nwis,0.04697461366403328,0.04696720889013033,7.4047739029511894e-06,-5.8242104049276155e-05,7.5822158633582e-05,0.00015765837651270833,-0.0012616799613928429,0.0015846799400938566,4,2305,76,48,47,7,10000,10000,0.0,956026105
nist,recorded_ac,no_block_augmentation,recovery,physical_recovery_minus_physical_availability,True,nwis,0.04697461366403328,0.04696720889013033,7.4047739029511894e-06,-4.940677253577746e-05,7.423108114534591e-05,0.00015765837651270833,-0.0010564460340022235,0.001548297258660949,4,2305,76,24,24,14,10000,10000,0.0,387628244
nist,recorded_ac,no_block_augmentation,recovery,physical_recovery_minus_physical_availability,True,nwis,0.04697461366403328,0.04696720889013033,7.4047739029511894e-06,-6.095993114248535e-05,9.769795726811007e-05,0.00015765837651270833,-0.001284403862616454,0.0019381202556278034,4,2305,76,12,12,28,10000,10000,0.0,1358868029
nist,recorded_ac,no_block_augmentation,recovery,physical_recovery_minus_physical,True,nwis,0.04697461366403328,0.04693437664958513,4.023701444814953e-05,-4.093498974228945e-05,0.00013236568655525835,0.0008573036933794071,-0.0008832179734785045,0.0027399218885699106,4,2305,76,48,47,7,10000,10000,0.0,459308822
nist,recorded_ac,no_block_augmentation,recovery,physical_recovery_minus_physical,True,nwis,0.04697461366403328,0.04693437664958513,4.023701444814953e-05,-4.119413796684432e-05,0.00014588956736123429,0.0008573036933794071,-0.000898835963409758,0.002987853979333254,4,2305,76,24,24,14,10000,10000,0.0,2567809868
nist,recorded_ac,no_block_augmentation,recovery,physical_recovery_minus_physical,True,nwis,0.04697461366403328,0.04693437664958513,4.023701444814953e-05,-5.442849071668823e-05,0.00017012866509324116,0.0008573036933794071,-0.0011874504423904932,0.0033916342954432477,4,2305,76,12,12,28,10000,10000,0.0,3635126532
nist,recorded_ac,no_block_augmentation,recovery,physical_minus_recency,True,nwis,0.04693437664958513,0.04704460143960519,-0.0001102247900200623,-0.00024757806711481754,1.6294442230500453e-05,-0.0023429848834316605,-0.005078410363903147,0.00036068962700376827,4,2305,76,48,47,7,10000,10000,0.0,1838113169
nist,recorded_ac,no_block_augmentation,recovery,physical_minus_recency,True,nwis,0.04693437664958513,0.04704460143960519,-0.0001102247900200623,-0.00027898447067693007,3.113340752385911e-05,-0.0023429848834316605,-0.005655618932671462,0.0006837250125545498,4,2305,76,24,24,14,10000,10000,0.0,3229671463
nist,recorded_ac,no_block_augmentation,recovery,physical_minus_recency,True,nwis,0.04693437664958513,0.04704460143960519,-0.0001102247900200623,-0.00029294446308401423,5.017870331126597e-05,-0.0023429848834316605,-0.005778937790482206,0.0011500011850269962,4,2305,76,12,12,28,10000,10000,0.0,2130850572
nist,recorded_ac,no_input_age,recovery,physical_recovery_minus_physical_availability,True,nwis,0.046983667396552325,0.046992995025920345,-9.327629368019452e-06,-9.342616728255613e-05,7.265004555895014e-05,-0.00019848978263408256,-0.001986066698059073,0.0015307187436694016,4,2305,76,48,47,7,10000,10000,0.0,1803182717
nist,recorded_ac,no_input_age,recovery,physical_recovery_minus_physical_availability,True,nwis,0.046983667396552325,0.046992995025920345,-9.327629368019452e-06,-6.755130136534177e-05,5.3910931144271636e-05,-0.00019848978263408256,-0.0014215804875656263,0.0011326721320446863,4,2305,76,24,24,14,10000,10000,0.0,3114436724
nist,recorded_ac,no_input_age,recovery,physical_recovery_minus_physical_availability,True,nwis,0.046983667396552325,0.046992995025920345,-9.327629368019452e-06,-7.608989409018611e-05,5.686453854403181e-05,-0.00019848978263408256,-0.0016176429145784482,0.0011679118934570707,4,2305,76,12,12,28,10000,10000,0.0,2293123539
nist,recorded_ac,no_input_age,recovery,physical_recovery_minus_physical,True,nwis,0.046983667396552325,0.04693505922044894,4.860817610338741e-05,-4.095669453470785e-05,0.0001473809696449801,0.0010356474863508752,-0.0008880489547354106,0.003112598323092678,4,2305,76,48,47,7,10000,10000,0.0,493451591
nist,recorded_ac,no_input_age,recovery,physical_recovery_minus_physical,True,nwis,0.046983667396552325,0.04693505922044894,4.860817610338741e-05,-4.696058664261232e-05,0.00016464199122781205,0.0010356474863508752,-0.0010146622072194748,0.003390130469868627,4,2305,76,24,24,14,10000,10000,0.0,3089795530
nist,recorded_ac,no_input_age,recovery,physical_recovery_minus_physical,True,nwis,0.046983667396552325,0.04693505922044894,4.860817610338741e-05,-6.893763369958706e-05,0.00019612492238515198,0.0010356474863508752,-0.0014952934991735978,0.0038882720674708227,4,2305,76,12,12,28,10000,10000,0.0,134454614
nist,recorded_ac,no_input_age,recovery,physical_minus_recency,True,nwis,0.04693505922044894,0.047054343939351345,-0.0001192847189024071,-0.00026255429493844565,7.54648245250653e-06,-0.0025350415905522764,-0.00533069370137278,0.00016479180857434587,4,2305,76,48,47,7,10000,10000,0.0,3262502902
nist,recorded_ac,no_input_age,recovery,physical_minus_recency,True,nwis,0.04693505922044894,0.047054343939351345,-0.0001192847189024071,-0.0002927764301417354,1.6223136660049664e-05,-0.0025350415905522764,-0.005966842290762818,0.00035344814053783134,4,2305,76,24,24,14,10000,10000,0.0,3154407587
nist,recorded_ac,no_input_age,recovery,physical_minus_recency,True,nwis,0.04693505922044894,0.047054343939351345,-0.0001192847189024071,-0.0002884377746323379,2.5755773933060796e-05,-0.0025350415905522764,-0.005695850226452644,0.0005680013471268081,4,2305,76,12,12,28,10000,10000,0.0,4095277655
nist,recorded_ac,privileged_labels,recovery,physical_recovery_minus_physical_availability,True,nwis,0.04692372498051856,0.046909472220497725,1.4252760020837252e-05,-6.508054969165972e-05,9.25250937489375e-05,0.0003038354376242442,-0.0014014253881299748,0.001932786597911714,4,2305,76,48,47,7,10000,10000,0.0,550949157
nist,recorded_ac,privileged_labels,recovery,physical_recovery_minus_physical_availability,True,nwis,0.04692372498051856,0.046909472220497725,1.4252760020837252e-05,-5.890478245944939e-05,8.960601009785975e-05,0.0003038354376242442,-0.0012542780617578137,0.001865313243927214,4,2305,76,24,24,14,10000,10000,0.0,1089456685
nist,recorded_ac,privileged_labels,recovery,physical_recovery_minus_physical_availability,True,nwis,0.04692372498051856,0.046909472220497725,1.4252760020837252e-05,-7.460767736176786e-05,0.00011434933336735787,0.0003038354376242442,-0.001594313906004475,0.002280834953583549,4,2305,76,12,12,28,10000,10000,0.0,3927082660
nist,recorded_ac,privileged_labels,recovery,physical_recovery_minus_physical,True,nwis,0.04692372498051856,0.04688910981468543,3.4615165833133676e-05,-4.962456113212377e-05,0.00012862633469704114,0.0007382346555509225,-0.001079616063320322,0.002661990929066988,4,2305,76,48,47,7,10000,10000,0.0,2959646466
nist,recorded_ac,privileged_labels,recovery,physical_recovery_minus_physical,True,nwis,0.04692372498051856,0.04688910981468543,3.4615165833133676e-05,-5.3162259584026844e-05,0.00014422077697353081,0.0007382346555509225,-0.001152702460840138,0.002950243129772309,4,2305,76,24,24,14,10000,10000,0.0,1812485493
nist,recorded_ac,privileged_labels,recovery,physical_recovery_minus_physical,True,nwis,0.04692372498051856,0.04688910981468543,3.4615165833133676e-05,-7.962694611009183e-05,0.00017258639714354482,0.0007382346555509225,-0.0017311712231593112,0.0034078459567203944,4,2305,76,12,12,28,10000,10000,0.0,1516276163
nist,recorded_ac,privileged_labels,recovery,physical_minus_recency,True,nwis,0.04688910981468543,0.046991537864897875,-0.00010242805021244694,-0.0002401137285364504,2.433253744006332e-05,-0.002179712664585074,-0.004901736282575342,0.000536391982457435,4,2305,76,48,47,7,10000,10000,0.0,2963777505
nist,recorded_ac,privileged_labels,recovery,physical_minus_recency,True,nwis,0.04688910981468543,0.046991537864897875,-0.00010242805021244694,-0.00025661982188669404,2.5242388051155387e-05,-0.002179712664585074,-0.005254818573976185,0.000561597011919671,4,2305,76,24,24,14,10000,10000,0.0,4056406482
nist,recorded_ac,privileged_labels,recovery,physical_minus_recency,True,nwis,0.04688910981468543,0.046991537864897875,-0.00010242805021244694,-0.0002619837501583259,3.324545624456246e-05,-0.002179712664585074,-0.005187685959928492,0.0007447828092618831,4,2305,76,12,12,28,10000,10000,0.0,3653325522
nist,recorded_ac,pv_first,recovery,physical_recovery_minus_physical_availability,True,nwis,0.04856181514350106,0.048635462924044845,-7.364778054378546e-05,-0.00015587297195781714,-6.7176506020846154e-06,-0.0015142814752026302,-0.0031494520983096205,-0.00013918058843326124,4,2308,73,48,47,7,10000,10000,0.0,688581215
nist,recorded_ac,pv_first,recovery,physical_recovery_minus_physical_availability,True,nwis,0.04856181514350106,0.048635462924044845,-7.364778054378546e-05,-0.00014737513919246896,-1.0987768045113669e-05,-0.0015142814752026302,-0.0029139010573752105,-0.0002312393893001136,4,2308,73,24,24,14,10000,10000,0.0,3079909343
nist,recorded_ac,pv_first,recovery,physical_recovery_minus_physical_availability,True,nwis,0.04856181514350106,0.048635462924044845,-7.364778054378546e-05,-0.00013886771495040076,-1.6577058923293423e-05,-0.0015142814752026302,-0.002663020727283861,-0.00035566663206156604,4,2308,73,12,12,28,10000,10000,0.0,2651663368
nist,recorded_ac,pv_first,recovery,physical_recovery_minus_physical,True,nwis,0.04856181514350106,0.048576522345916986,-1.470720241592699e-05,-9.299097106400151e-05,6.118068676574778e-05,-0.00030276359248601457,-0.0019007871324979008,0.0012726095239587519,4,2308,73,48,47,7,10000,10000,0.0,3096449560
nist,recorded_ac,pv_first,recovery,physical_recovery_minus_physical,True,nwis,0.04856181514350106,0.048576522345916986,-1.470720241592699e-05,-9.014671631015353e-05,6.168996228116413e-05,-0.00030276359248601457,-0.0018457324773362628,0.001241236731412403,4,2308,73,24,24,14,10000,10000,0.0,171991304
nist,recorded_ac,pv_first,recovery,physical_recovery_minus_physical,True,nwis,0.04856181514350106,0.048576522345916986,-1.470720241592699e-05,-9.886203812624755e-05,7.296001304959506e-05,-0.00030276359248601457,-0.002038901167109814,0.001421913589454455,4,2308,73,12,12,28,10000,10000,0.0,356972094
nist,recorded_ac,pv_first,recovery,physical_minus_recency,True,nwis,0.048576522345916986,0.048700233829659705,-0.00012371148374271806,-0.00026882807003380854,9.154611878347624e-06,-0.002540264676663104,-0.00525252535546608,0.00019784787323846243,4,2308,73,48,47,7,10000,10000,0.0,191023341
nist,recorded_ac,pv_first,recovery,physical_minus_recency,True,nwis,0.048576522345916986,0.048700233829659705,-0.00012371148374271806,-0.00028580704534508176,3.7430619314986757e-06,-0.002540264676663104,-0.005574925852593293,8.234695977927549e-05,4,2308,73,24,24,14,10000,10000,0.0,226490915
nist,recorded_ac,pv_first,recovery,physical_minus_recency,True,nwis,0.048576522345916986,0.048700233829659705,-0.00012371148374271806,-0.00026595475440914957,8.932007953137415e-07,-0.002540264676663104,-0.005112727673976408,1.9456331649604092e-05,4,2308,73,12,12,28,10000,10000,0.0,3199043379
nist,recorded_ac,pv_only,recovery,physical_recovery_minus_physical_availability,True,nwis,0.04664711827079739,0.04663174038843149,1.5377882365899542e-05,-7.997151241033972e-05,0.0001310952222223385,0.00032977285938301634,-0.0017275549509659792,0.0027816263855416625,4,2305,76,48,47,7,10000,10000,0.0,2671271930
nist,recorded_ac,pv_only,recovery,physical_recovery_minus_physical_availability,True,nwis,0.04664711827079739,0.04663174038843149,1.5377882365899542e-05,-6.615848686046117e-05,0.00010593091326282383,0.00032977285938301634,-0.0014344538446659162,0.00219167930033237,4,2305,76,24,24,14,10000,10000,0.0,3631094270
nist,recorded_ac,pv_only,recovery,physical_recovery_minus_physical_availability,True,nwis,0.04664711827079739,0.04663174038843149,1.5377882365899542e-05,-8.23300317991417e-05,0.0001184108547726124,0.00032977285938301634,-0.0017827756673433996,0.002377518010203969,4,2305,76,12,12,28,10000,10000,0.0,1651019147
nist,recorded_ac,pv_only,recovery,physical_recovery_minus_physical,True,nwis,0.04664711827079739,0.04660614172533399,4.097654546340174e-05,-5.018510788622251e-05,0.00013350872107891417,0.0008792091330986075,-0.0010814276934264636,0.002825350803612274,4,2305,76,48,47,7,10000,10000,0.0,321346173
nist,recorded_ac,pv_only,recovery,physical_recovery_minus_physical,True,nwis,0.04664711827079739,0.04660614172533399,4.097654546340174e-05,-4.7842915993092513e-05,0.00014965881870139842,0.0008792091330986075,-0.001046430512615953,0.003070018502795968,4,2305,76,24,24,14,10000,10000,0.0,2108031748
nist,recorded_ac,pv_only,recovery,physical_recovery_minus_physical,True,nwis,0.04664711827079739,0.04660614172533399,4.097654546340174e-05,-6.663702060941395e-05,0.00016667793347649709,0.0008792091330986075,-0.0014613586441043836,0.0033036899296818027,4,2305,76,12,12,28,10000,10000,0.0,2112358430
nist,recorded_ac,pv_only,recovery,physical_minus_recency,True,nwis,0.04660614172533399,0.04668079358290571,-7.4651857571717e-05,-0.00019628558562721343,3.68981414575494e-05,-0.0015991985534507744,-0.004037774754347422,0.0008075992886396349,4,2305,76,48,47,7,10000,10000,0.0,966326048
nist,recorded_ac,pv_only,recovery,physical_minus_recency,True,nwis,0.04660614172533399,0.04668079358290571,-7.4651857571717e-05,-0.0002091983174074604,3.86152446238451e-05,-0.0015991985534507744,-0.004300321936698732,0.0008593631283344632,4,2305,76,24,24,14,10000,10000,0.0,1199129422
nist,recorded_ac,pv_only,recovery,physical_minus_recency,True,nwis,0.04660614172533399,0.04668079358290571,-7.4651857571717e-05,-0.00020912500274402663,4.045131133305912e-05,-0.0015991985534507744,-0.004133153060189974,0.0009217954605054362,4,2305,76,12,12,28,10000,10000,0.0,3435608038
nist,recorded_ac,receipt_5min,recovery,physical_recovery_minus_physical_availability,True,nwis,0.04692369483337143,0.046909559815919835,1.4135017451594178e-05,-6.388616070598547e-05,9.553761350524543e-05,0.00030132487934361594,-0.0013899149092730803,0.001994315420161177,4,2305,76,48,47,7,10000,10000,0.0,1118819725
nist,recorded_ac,receipt_5min,recovery,physical_recovery_minus_physical_availability,True,nwis,0.04692369483337143,0.046909559815919835,1.4135017451594178e-05,-5.847192967038655e-05,9.019851608210361e-05,0.00030132487934361594,-0.0012416495603751142,0.0018670598329974687,4,2305,76,24,24,14,10000,10000,0.0,3270146022
nist,recorded_ac,receipt_5min,recovery,physical_recovery_minus_physical_availability,True,nwis,0.04692369483337143,0.046909559815919835,1.4135017451594178e-05,-7.485799656045938e-05,0.00011027630412372928,0.00030132487934361594,-0.0016116062487048757,0.002227848864607891,4,2305,76,12,12,28,10000,10000,0.0,328377403
nist,recorded_ac,receipt_5min,recovery,physical_recovery_minus_physical,True,nwis,0.04692369483337143,0.046888684057905194,3.501077546623488e-05,-5.0282001375091465e-05,0.0001289364786265694,0.0007466785679674505,-0.001095096059155975,0.002688272733092703,4,2305,76,48,47,7,10000,10000,0.0,2574322883
nist,recorded_ac,receipt_5min,recovery,physical_recovery_minus_physical,True,nwis,0.04692369483337143,0.046888684057905194,3.501077546623488e-05,-5.534281341684766e-05,0.00014680703760675223,0.0007466785679674505,-0.0011986033398147906,0.00300593014371202,4,2305,76,24,24,14,10000,10000,0.0,4080618269
nist,recorded_ac,receipt_5min,recovery,physical_recovery_minus_physical,True,nwis,0.04692369483337143,0.046888684057905194,3.501077546623488e-05,-7.617378646667896e-05,0.00017368739205087276,0.0007466785679674505,-0.0016684018101889304,0.0034332748979101387,4,2305,76,12,12,28,10000,10000,0.0,1888715670
nist,recorded_ac,receipt_5min,recovery,physical_minus_recency,True,nwis,0.046888684057905194,0.04698986617915551,-0.00010118212125031362,-0.00023883674987446173,2.1889368862835502e-05,-0.0021532753650445073,-0.004872881267140084,0.00048490727701358397,4,2305,76,48,47,7,10000,10000,0.0,3504589107
nist,recorded_ac,receipt_5min,recovery,physical_minus_recency,True,nwis,0.046888684057905194,0.04698986617915551,-0.00010118212125031362,-0.00026080030059062037,2.3975926568647346e-05,-0.0021532753650445073,-0.005327329114889272,0.0005269679894230999,4,2305,76,24,24,14,10000,10000,0.0,626238364
nist,recorded_ac,receipt_5min,recovery,physical_minus_recency,True,nwis,0.046888684057905194,0.04698986617915551,-0.00010118212125031362,-0.00025642641096348793,3.231879171403956e-05,-0.0021532753650445073,-0.005073421135157602,0.0007438829867642151,4,2305,76,12,12,28,10000,10000,0.0,50041979
nist,recorded_ac,schedule_seed_2,recovery,physical_recovery_minus_physical_availability,True,nwis,0.04798397758104763,0.04797547403701736,8.503544030272203e-06,-0.00013113200460680447,0.0001231390179592456,0.00017724773336707335,-0.00264711848336729,0.002600767926317003,4,2301,80,48,48,7,10000,10000,0.0,918425061
nist,recorded_ac,schedule_seed_2,recovery,physical_recovery_minus_physical_availability,True,nwis,0.04798397758104763,0.04797547403701736,8.503544030272203e-06,-7.692391192596505e-05,8.75438583197205e-05,0.00017724773336707335,-0.0015392001224568419,0.0018855897727913554,4,2301,80,24,24,14,10000,10000,0.0,3574864288
nist,recorded_ac,schedule_seed_2,recovery,physical_recovery_minus_physical_availability,True,nwis,0.04798397758104763,0.04797547403701736,8.503544030272203e-06,-8.237696907555588e-05,8.710963151690765e-05,0.00017724773336707335,-0.0015923964408633292,0.0019382012992268847,4,2301,80,12,12,28,10000,10000,0.0,877843823
nist,recorded_ac,schedule_seed_2,recovery,physical_recovery_minus_physical,True,nwis,0.04798397758104763,0.04796619255465692,1.778502639070839e-05,-6.840680285259588e-05,9.857312933729232e-05,0.0003707825333528935,-0.0013867900342136301,0.0020628467978753935,4,2301,80,48,48,7,10000,10000,0.0,542399970
nist,recorded_ac,schedule_seed_2,recovery,physical_recovery_minus_physical,True,nwis,0.04798397758104763,0.04796619255465692,1.778502639070839e-05,-4.38342573028834e-05,8.15442378146751e-05,0.0003707825333528935,-0.000882148656777202,0.00175279157978228,4,2301,80,24,24,14,10000,10000,0.0,491919083
nist,recorded_ac,schedule_seed_2,recovery,physical_recovery_minus_physical,True,nwis,0.04798397758104763,0.04796619255465692,1.778502639070839e-05,-3.504869260996454e-05,6.356279638863593e-05,0.0003707825333528935,-0.0006908221759871099,0.0013663801328493333,4,2301,80,12,12,28,10000,10000,0.0,615832282
nist,recorded_ac,schedule_seed_2,recovery,physical_minus_recency,True,nwis,0.04796619255465692,0.048100576094972446,-0.0001343835403155233,-0.0002687662493237503,-1.6229667067806652e-05,-0.002793803135542264,-0.0053707092668006245,-0.0003434743283890255,4,2301,80,48,48,7,10000,10000,0.0,1451752385
nist,recorded_ac,schedule_seed_2,recovery,physical_minus_recency,True,nwis,0.04796619255465692,0.048100576094972446,-0.0001343835403155233,-0.00028781293935522325,-7.675758358193996e-06,-0.002793803135542264,-0.005735186828839803,-0.00016641522011854378,4,2301,80,24,24,14,10000,10000,0.0,736461777
nist,recorded_ac,schedule_seed_2,recovery,physical_minus_recency,True,nwis,0.04796619255465692,0.048100576094972446,-0.0001343835403155233,-0.000267229561682423,-1.617028107098708e-05,-0.002793803135542264,-0.005240573937440389,-0.0003459425783516331,4,2301,80,12,12,28,10000,10000,0.0,2151919356
nist,recorded_ac,schedule_seed_3,recovery,physical_recovery_minus_physical_availability,True,nwis,0.04853235874547245,0.04847303660117887,5.932214429358457e-05,-3.956063412250538e-07,0.00011872312023845366,0.0012238173725667074,-7.966452473179583e-06,0.002435367738390796,4,2308,75,48,47,7,10000,10000,0.0,4064750861
nist,recorded_ac,schedule_seed_3,recovery,physical_recovery_minus_physical_availability,True,nwis,0.04853235874547245,0.04847303660117887,5.932214429358457e-05,5.0226728027225754e-06,0.00011356731278340473,0.0012238173725667074,0.00010602891771794154,0.002290795108419001,4,2308,75,24,24,14,10000,10000,0.0,2135869061
nist,recorded_ac,schedule_seed_3,recovery,physical_recovery_minus_physical_availability,True,nwis,0.04853235874547245,0.04847303660117887,5.932214429358457e-05,-9.050187231577462e-07,0.00012158172025572166,0.0012238173725667074,-1.901423338575878e-05,0.002504495921669687,4,2308,75,12,12,28,10000,10000,0.0,1392038455
nist,recorded_ac,schedule_seed_3,recovery,physical_recovery_minus_physical,True,nwis,0.04853235874547245,0.04844745593545583,8.490281001662103e-05,1.2343388918111161e-05,0.00016360593592942163,0.0017524720003818752,0.00025469894422226513,0.003307841810063749,4,2308,75,48,47,7,10000,10000,0.0,1330840705
nist,recorded_ac,schedule_seed_3,recovery,physical_recovery_minus_physical,True,nwis,0.04853235874547245,0.04844745593545583,8.490281001662103e-05,4.1758795194189734e-05,0.00012877560867949244,0.0017524720003818752,0.0009065089514020361,0.0025520409338469184,4,2308,75,24,24,14,10000,10000,0.0,3426133429
nist,recorded_ac,schedule_seed_3,recovery,physical_recovery_minus_physical,True,nwis,0.04853235874547245,0.04844745593545583,8.490281001662103e-05,5.289381866996918e-05,0.00012204789212911947,0.0017524720003818752,0.0011603855110223665,0.0023010155395878275,4,2308,75,12,12,28,10000,10000,0.0,2345336460
nist,recorded_ac,schedule_seed_3,recovery,physical_minus_recency,True,nwis,0.04844745593545583,0.04857597464675541,-0.00012851871129957587,-0.00028643617370328314,6.14502398959947e-06,-0.0026457258394538496,-0.005549440575220407,0.00013109880811865,4,2308,75,48,47,7,10000,10000,0.0,508835552
nist,recorded_ac,schedule_seed_3,recovery,physical_minus_recency,True,nwis,0.04844745593545583,0.04857597464675541,-0.00012851871129957587,-0.000308079727925924,9.658366959172602e-06,-0.0026457258394538496,-0.0058996897821510874,0.00020927967982838327,4,2308,75,24,24,14,10000,10000,0.0,3911979013
nist,recorded_ac,schedule_seed_3,recovery,physical_minus_recency,True,nwis,0.04844745593545583,0.04857597464675541,-0.00012851871129957587,-0.00029452994068813586,4.195929240187466e-06,-0.0026457258394538496,-0.005517203171665691,9.180662708628411e-05,4,2308,75,12,12,28,10000,10000,0.0,1320637672
nist,recorded_ac,schedule_seed_4,recovery,physical_recovery_minus_physical_availability,True,nwis,0.048414096811950344,0.048452330776723,-3.8233964772656226e-05,-0.00010292895932443123,2.147747518966291e-05,-0.0007891047584242163,-0.0021127343148789174,0.00044096719011392765,4,2305,75,48,47,7,10000,10000,0.0,1331922993
nist,recorded_ac,schedule_seed_4,recovery,physical_recovery_minus_physical_availability,True,nwis,0.048414096811950344,0.048452330776723,-3.8233964772656226e-05,-0.000108564671252428,2.4855907996523295e-05,-0.0007891047584242163,-0.002204012253377189,0.00052501717141305,4,2305,75,24,24,14,10000,10000,0.0,1119542152
nist,recorded_ac,schedule_seed_4,recovery,physical_recovery_minus_physical_availability,True,nwis,0.048414096811950344,0.048452330776723,-3.8233964772656226e-05,-0.00010102903086266317,1.4754604698083595e-05,-0.0007891047584242163,-0.0020118456346033316,0.00031533856222644706,4,2305,75,12,12,28,10000,10000,0.0,1100555725
nist,recorded_ac,schedule_seed_4,recovery,physical_recovery_minus_physical,True,nwis,0.048414096811950344,0.04844821400706652,-3.411719511617339e-05,-0.00012150753576859342,4.0020558106055416e-05,-0.0007041992324257228,-0.0024805265062640947,0.0008285807859368644,4,2305,75,48,47,7,10000,10000,0.0,2200866135
nist,recorded_ac,schedule_seed_4,recovery,physical_recovery_minus_physical,True,nwis,0.048414096811950344,0.04844821400706652,-3.411719511617339e-05,-0.00011767618947015403,4.4013501762547995e-05,-0.0007041992324257228,-0.002368490442246259,0.0009383237846374585,4,2305,75,24,24,14,10000,10000,0.0,2853788388
nist,recorded_ac,schedule_seed_4,recovery,physical_recovery_minus_physical,True,nwis,0.048414096811950344,0.04844821400706652,-3.411719511617339e-05,-0.0001093311705100448,3.7333606691713865e-05,-0.0007041992324257228,-0.002168936208740258,0.0007839787579984053,4,2305,75,12,12,28,10000,10000,0.0,1033204947
nist,recorded_ac,schedule_seed_4,recovery,physical_minus_recency,True,nwis,0.04844821400706652,0.04855808406524065,-0.0001098700581741302,-0.0002180969492981001,1.0211131171468557e-06,-0.0022626522501693704,-0.0044179664652022445,2.200239901584495e-05,4,2305,75,48,47,7,10000,10000,0.0,3718433277
nist,recorded_ac,schedule_seed_4,recovery,physical_minus_recency,True,nwis,0.04844821400706652,0.04855808406524065,-0.0001098700581741302,-0.0002182469807714662,-5.889078520025304e-06,-0.0022626522501693704,-0.004411947274233763,-0.00012153149084321384,4,2305,75,24,24,14,10000,10000,0.0,2491128941
nist,recorded_ac,schedule_seed_4,recovery,physical_minus_recency,True,nwis,0.04844821400706652,0.04855808406524065,-0.0001098700581741302,-0.0002244150165007298,1.3891933608084328e-06,-0.0022626522501693704,-0.0045021351538068665,3.10086008932123e-05,4,2305,75,12,12,28,10000,10000,0.0,657063033
nist,recorded_ac,schedule_seed_5,recovery,physical_recovery_minus_physical_availability,True,nwis,0.04499777676705034,0.045019265815116685,-2.148904806634211e-05,-0.00014870594190102298,7.231835529198302e-05,-0.00047733004253317835,-0.0031882368828878875,0.001593530562482667,4,2295,78,48,48,7,10000,10000,0.0,2406958616
nist,recorded_ac,schedule_seed_5,recovery,physical_recovery_minus_physical_availability,True,nwis,0.04499777676705034,0.045019265815116685,-2.148904806634211e-05,-0.0001526333179900332,7.54687218206847e-05,-0.00047733004253317835,-0.0032039700976909708,0.0016648643127753376,4,2295,78,24,24,14,10000,10000,0.0,594522076
nist,recorded_ac,schedule_seed_5,recovery,physical_recovery_minus_physical_availability,True,nwis,0.04499777676705034,0.045019265815116685,-2.148904806634211e-05,-0.00016581981249089958,7.623474418772345e-05,-0.00047733004253317835,-0.0034169386091116517,0.001747956228890387,4,2295,78,12,12,28,10000,10000,0.0,527793086
nist,recorded_ac,schedule_seed_5,recovery,physical_recovery_minus_physical,True,nwis,0.04499777676705034,0.04495984514405097,3.7931622999372305e-05,-5.4020096545932816e-05,0.00012280492008057378,0.0008436777946596502,-0.0011785081962343428,0.0027164947744675563,4,2295,78,48,48,7,10000,10000,0.0,1028607097
nist,recorded_ac,schedule_seed_5,recovery,physical_recovery_minus_physical,True,nwis,0.04499777676705034,0.04495984514405097,3.7931622999372305e-05,-7.347677194852325e-05,0.00012294438247631103,0.0008436777946596502,-0.0015560756144528019,0.0027122978695557657,4,2295,78,24,24,14,10000,10000,0.0,4033875135
nist,recorded_ac,schedule_seed_5,recovery,physical_recovery_minus_physical,True,nwis,0.04499777676705034,0.04495984514405097,3.7931622999372305e-05,-6.348369796183636e-05,0.0001171683661423388,0.0008436777946596502,-0.0013132625796771912,0.0026407359256063684,4,2295,78,12,12,28,10000,10000,0.0,2997263144
nist,recorded_ac,schedule_seed_5,recovery,physical_minus_recency,True,nwis,0.04495984514405097,0.04504672047741926,-8.687533336829145e-05,-0.00023006354487941307,3.663236867048665e-05,-0.0019285606687359134,-0.004909666828787264,0.000833652938749604,4,2295,78,48,48,7,10000,10000,0.0,939312146
nist,recorded_ac,schedule_seed_5,recovery,physical_minus_recency,True,nwis,0.04495984514405097,0.04504672047741926,-8.687533336829145e-05,-0.00023885015213924045,2.5705135408475023e-05,-0.0019285606687359134,-0.005063231711385477,0.0005951086534257845,4,2295,78,24,24,14,10000,10000,0.0,2327543364
nist,recorded_ac,schedule_seed_5,recovery,physical_minus_recency,True,nwis,0.04495984514405097,0.04504672047741926,-8.687533336829145e-05,-0.00022326318491388067,3.0161686516581676e-05,-0.0019285606687359134,-0.0047034010606012006,0.0006943434016238265,4,2295,78,12,12,28,10000,10000,0.0,2412664119
nist,recorded_ac,stale_transport,recovery,physical_recovery_minus_physical_availability,True,nwis,0.05095617454933458,0.05094464972025821,1.1524829076368925e-05,-0.0001096120777591884,0.00012744932996189854,0.00022622255996758894,-0.002175138697922171,0.002458599055613981,4,2305,76,48,47,7,10000,10000,0.0,673530617
nist,recorded_ac,stale_transport,recovery,physical_recovery_minus_physical_availability,True,nwis,0.05095617454933458,0.05094464972025821,1.1524829076368925e-05,-0.0001442120641520859,0.00015116902096765534,0.00022622255996758894,-0.002840337611201523,0.0029090727492346413,4,2305,76,24,24,14,10000,10000,0.0,1272220659
nist,recorded_ac,stale_transport,recovery,physical_recovery_minus_physical_availability,True,nwis,0.05095617454933458,0.05094464972025821,1.1524829076368925e-05,-0.00017613373699617522,0.00017564180257262268,0.00022622255996758894,-0.003471691953759586,0.0033198305894239265,4,2305,76,12,12,28,10000,10000,0.0,206906290
nist,recorded_ac,stale_transport,recovery,physical_recovery_minus_physical,True,nwis,0.05095617454933458,0.05096144066147262,-5.2661121380456755e-06,-0.00014246636942783912,0.00012640974495173058,-0.00010333522894353556,-0.0027952321074635193,0.0024815844460900375,4,2305,76,48,47,7,10000,10000,0.0,963051454
nist,recorded_ac,stale_transport,recovery,physical_recovery_minus_physical,True,nwis,0.05095617454933458,0.05096144066147262,-5.2661121380456755e-06,-0.00016523392023640466,0.0001541627505232626,-0.00010333522894353556,-0.003230752373824045,0.0029051003056642607,4,2305,76,24,24,14,10000,10000,0.0,1756440836
nist,recorded_ac,stale_transport,recovery,physical_recovery_minus_physical,True,nwis,0.05095617454933458,0.05096144066147262,-5.2661121380456755e-06,-0.00018595712772758645,0.00016074090865024647,-0.00010333522894353556,-0.0036938121688014193,0.0029594171067077245,4,2305,76,12,12,28,10000,10000,0.0,2441320586
nist,recorded_ac,stale_transport,recovery,physical_minus_recency,True,nwis,0.05096144066147262,0.05107874514127464,-0.00011730447980201619,-0.0002872230942064503,3.2396075369539914e-05,-0.00229654192712787,-0.0054178411740640475,0.0006697183953483353,4,2305,76,48,47,7,10000,10000,0.0,1622365453
nist,recorded_ac,stale_transport,recovery,physical_minus_recency,True,nwis,0.05096144066147262,0.05107874514127464,-0.00011730447980201619,-0.00029078070713987533,2.2932940988258064e-05,-0.00229654192712787,-0.005387755969445211,0.0004611445192549384,4,2305,76,24,24,14,10000,10000,0.0,1201652231
nist,recorded_ac,stale_transport,recovery,physical_minus_recency,True,nwis,0.05096144066147262,0.05107874514127464,-0.00011730447980201619,-0.0002898033135956369,4.079154013771293e-05,-0.00229654192712787,-0.0053115994409856475,0.0008289722966979989,4,2305,76,12,12,28,10000,10000,0.0,3186576334
nist,recorded_ac,training_2015,recovery,physical_recovery_minus_physical_availability,True,nwis,0.049869855448320996,0.049885299487200455,-1.5444038879458555e-05,-0.00011449567593614616,8.933306700650701e-05,-0.00030959098247813823,-0.002337659473134455,0.0017627610926985358,4,2305,76,48,47,7,10000,10000,0.0,152311447
nist,recorded_ac,training_2015,recovery,physical_recovery_minus_physical_availability,True,nwis,0.049869855448320996,0.049885299487200455,-1.5444038879458555e-05,-0.00012884397772531254,0.00011718874460459932,-0.00030959098247813823,-0.0025763428965173505,0.0023095820998760134,4,2305,76,24,24,14,10000,10000,0.0,3095738830
nist,recorded_ac,training_2015,recovery,physical_recovery_minus_physical_availability,True,nwis,0.049869855448320996,0.049885299487200455,-1.5444038879458555e-05,-0.00013672558313826446,0.0001271810984018084,-0.00030959098247813823,-0.0027365511497876673,0.002425819896477257,4,2305,76,12,12,28,10000,10000,0.0,1299675107
nist,recorded_ac,training_2015,recovery,physical_recovery_minus_physical,True,nwis,0.049869855448320996,0.04990699201002666,-3.7136561705661264e-05,-0.00012905492247304655,5.64450979799536e-05,-0.0007441154076807569,-0.0025673320334195903,0.0011126059331054655,4,2305,76,48,47,7,10000,10000,0.0,2053899464
nist,recorded_ac,training_2015,recovery,physical_recovery_minus_physical,True,nwis,0.049869855448320996,0.04990699201002666,-3.7136561705661264e-05,-0.00014809088970930973,6.681475903626173e-05,-0.0007441154076807569,-0.002890710938752728,0.001340966813100754,4,2305,76,24,24,14,10000,10000,0.0,1153587463
nist,recorded_ac,training_2015,recovery,physical_recovery_minus_physical,True,nwis,0.049869855448320996,0.04990699201002666,-3.7136561705661264e-05,-0.00014607525304409315,6.597452569787435e-05,-0.0007441154076807569,-0.0028670971262724308,0.0013036924576450772,4,2305,76,12,12,28,10000,10000,0.0,2940745923
nist,recorded_ac,training_2015,recovery,physical_minus_recency,True,nwis,0.04990699201002666,0.05006795575803864,-0.00016096374801198576,-0.0003246359296480426,-7.008671381295757e-07,-0.003214905533388834,-0.006331287916747752,-1.498211111658817e-05,4,2305,76,48,47,7,10000,10000,0.0,866369043
nist,recorded_ac,training_2015,recovery,physical_minus_recency,True,nwis,0.04990699201002666,0.05006795575803864,-0.00016096374801198576,-0.0003068532261014124,-1.326616910338388e-05,-0.003214905533388834,-0.006036591336021702,-0.00026396755597576227,4,2305,76,24,24,14,10000,10000,0.0,2610584079
nist,recorded_ac,training_2015,recovery,physical_minus_recency,True,nwis,0.04990699201002666,0.05006795575803864,-0.00016096374801198576,-0.00030887341228061707,-3.104200502353216e-05,-0.003214905533388834,-0.0061881862025284845,-0.000615353432731945,4,2305,76,12,12,28,10000,10000,0.0,3416575992
