site,case_id,case_group,phase,method,n,fallback_fraction,global_fallback_fraction,mean_pool,mean_effective_n,mean_score_age_h,nesting_repaired_fraction
nist,clean,primary,normal,aci_bounded,15912,0.0,0.0,362.92169431875317,362.92169431875317,4.775703871292107,0.22171945701357465
nist,clean,primary,normal,mask50,15912,0.0,0.07975113122171945,362.92169431875317,227.59081878691737,4.775703871292107,0.22266214177978885
nist,clean,primary,normal,mi_recency,15912,0.0,0.0,362.92169431875317,268.22106762344436,4.775703871292107,0.34973604826546
nist,clean,primary,normal,physical,15912,0.0,0.0,362.92169431875317,195.30240711701123,4.775703871292107,0.23196329813976874
nist,clean,primary,normal,physical_availability,15912,0.0,0.0020739064856711916,362.92169431875317,156.39240267063806,4.775703871292107,0.24233283056812469
nist,clean,primary,normal,physical_recovery,15912,0.0,0.0023252890899949723,362.92169431875317,154.28339190574275,4.775703871292107,0.24352689793866264
nist,clean,primary,normal,recency,15912,0.0,0.0,362.92169431875317,268.22106762344436,4.775703871292107,0.22021116138763197
nist,clean,primary,normal,rolling,15912,0.0,0.0,362.92169431875317,362.92169431875317,4.775703871292107,0.21210407239819004
nist,pv_only,primary,normal,aci_bounded,12416,0.0,0.0,363.20207796391753,363.20207796391753,4.813305412371134,0.22213273195876287
nist,pv_only,primary,normal,mask50,12416,0.0,0.07514497422680412,363.20207796391753,221.07492435159975,4.813305412371134,0.2271262886597938
nist,pv_only,primary,normal,mi_recency,12416,0.0,0.0,363.20207796391753,268.4589006947524,4.813305412371134,0.34850193298969073
nist,pv_only,primary,normal,physical,12416,0.0,0.0,363.20207796391753,195.0894294764714,4.813305412371134,0.23091172680412372
nist,pv_only,primary,normal,physical_availability,12416,0.0,0.00273840206185567,363.20207796391753,152.03534372619401,4.813305412371134,0.24428157216494845
nist,pv_only,primary,normal,physical_recovery,12416,0.0,0.004107603092783505,363.20207796391753,146.41596034189857,4.813305412371134,0.24742268041237114
nist,pv_only,primary,normal,recency,12416,0.0,0.0,363.20207796391753,268.4589006947524,4.813305412371134,0.21786404639175258
nist,pv_only,primary,normal,rolling,12416,0.0,0.0,363.20207796391753,363.20207796391753,4.813305412371134,0.21190399484536082
nist,pv_only,primary,partial_restoration,aci_bounded,1191,0.0,0.0,355.48026868178,355.48026868178,13.932829554995802,0.20486985726280438
nist,pv_only,primary,partial_restoration,mask50,1191,0.0,0.5138539042821159,355.48026868178,248.14047312665275,13.932829554995802,0.19815281276238456
nist,pv_only,primary,partial_restoration,mi_recency,1191,0.0,0.0,355.48026868178,263.77766890485015,13.932829554995802,0.37531486146095716
nist,pv_only,primary,partial_restoration,physical,1191,0.0,0.0,355.48026868178,192.29450672056578,13.932829554995802,0.21998320738874896
nist,pv_only,primary,partial_restoration,physical_availability,1191,0.0,0.14441645675902604,355.48026868178,156.78586029621061,13.932829554995802,0.2225020990764064
nist,pv_only,primary,partial_restoration,physical_recovery,1191,0.0,0.27120067170445006,355.48026868178,163.8369299340405,13.932829554995802,0.2225020990764064
nist,pv_only,primary,partial_restoration,recency,1191,0.0,0.0,355.48026868178,263.77766890485015,13.932829554995802,0.1998320738874895
nist,pv_only,primary,partial_restoration,rolling,1191,0.0,0.0,355.48026868178,355.48026868178,13.932829554995802,0.20067170445004198
nist,pv_only,primary,recovery_0_6,aci_bounded,518,0.0,0.0,370.2316602316602,370.2316602316602,5.111969111969112,0.2084942084942085
nist,pv_only,primary,recovery_0_6,mask50,518,0.0,0.13513513513513514,370.2316602316602,233.26534324258878,5.111969111969112,0.22393822393822393
nist,pv_only,primary,recovery_0_6,mi_recency,518,0.0,0.0,370.2316602316602,274.0292465738281,5.111969111969112,0.34555984555984554
nist,pv_only,primary,recovery_0_6,physical,518,0.0,0.0,370.2316602316602,199.66298301557828,5.111969111969112,0.21428571428571427
nist,pv_only,primary,recovery_0_6,physical_availability,518,0.0,0.0,370.2316602316602,149.06268280802004,5.111969111969112,0.22972972972972974
nist,pv_only,primary,recovery_0_6,physical_recovery,518,0.0,0.13127413127413126,370.2316602316602,157.6473055061155,5.111969111969112,0.22586872586872586
nist,pv_only,primary,recovery_0_6,recency,518,0.0,0.0,370.2316602316602,274.0292465738281,5.111969111969112,0.22393822393822393
nist,pv_only,primary,recovery_0_6,rolling,518,0.0,0.0,370.2316602316602,370.2316602316602,5.111969111969112,0.19111969111969113
nist,pv_only,primary,recovery_6_24,aci_bounded,1787,0.0,0.0,361.56855064353664,361.56855064353664,4.561835478455512,0.20928931169557918
nist,pv_only,primary,recovery_6_24,mask50,1787,0.0,0.07610520425293789,361.56855064353664,219.13083234536913,4.561835478455512,0.22104085058757694
nist,pv_only,primary,recovery_6_24,mi_recency,1787,0.0,0.0,361.56855064353664,267.0236987779097,4.561835478455512,0.33575825405707893
nist,pv_only,primary,recovery_6_24,physical,1787,0.0,0.0,361.56855064353664,195.02189509650321,4.561835478455512,0.22048125349748182
nist,pv_only,primary,recovery_6_24,physical_availability,1787,0.0,0.0,361.56855064353664,152.73102566098518,4.561835478455512,0.251259093452714
nist,pv_only,primary,recovery_6_24,physical_recovery,1787,0.0,0.007274762171236709,361.56855064353664,142.61223689200378,4.561835478455512,0.2451035254616676
nist,pv_only,primary,recovery_6_24,recency,1787,0.0,0.0,361.56855064353664,267.0236987779097,4.561835478455512,0.21264689423614996
nist,pv_only,primary,recovery_6_24,rolling,1787,0.0,0.0,361.56855064353664,361.56855064353664,4.561835478455512,0.19809736989367654
nist,irradiance_only,primary,normal,aci_bounded,12416,0.0,0.0,363.20207796391753,363.20207796391753,4.813305412371134,0.21665592783505155
nist,irradiance_only,primary,normal,mask50,12416,0.0,0.07514497422680412,363.20207796391753,221.07492435159975,4.813305412371134,0.22728737113402062
nist,irradiance_only,primary,normal,mi_recency,12416,0.0,0.0,363.20207796391753,268.4589006947524,4.813305412371134,0.35027384020618557
nist,irradiance_only,primary,normal,physical,12416,0.0,0.0,363.20207796391753,192.24604985488912,4.813305412371134,0.23147551546391754
nist,irradiance_only,primary,normal,physical_availability,12416,0.0,0.00273840206185567,363.20207796391753,150.57158497015251,4.813305412371134,0.24452319587628865
nist,irradiance_only,primary,normal,physical_recovery,12416,0.0,0.004107603092783505,363.20207796391753,144.96546273519806,4.813305412371134,0.24701997422680413
nist,irradiance_only,primary,normal,recency,12416,0.0,0.0,363.20207796391753,268.4589006947524,4.813305412371134,0.21770296391752578
nist,irradiance_only,primary,normal,rolling,12416,0.0,0.0,363.20207796391753,363.20207796391753,4.813305412371134,0.2107764175257732
nist,irradiance_only,primary,partial_restoration,aci_bounded,1191,0.0,0.0,358.8497061293031,358.8497061293031,4.558354324097397,0.21662468513853905
nist,irradiance_only,primary,partial_restoration,mask50,1191,0.0,0.5138539042821159,358.8497061293031,249.26984557897077,4.558354324097397,0.2141057934508816
nist,irradiance_only,primary,partial_restoration,mi_recency,1191,0.0,0.0,358.8497061293031,265.0121054213546,4.558354324097397,0.3518052057094878
nist,irradiance_only,primary,partial_restoration,physical,1191,0.0,0.0,358.8497061293031,189.06748231076352,4.558354324097397,0.22837951301427373
nist,irradiance_only,primary,partial_restoration,physical_availability,1191,0.0,0.11167086481947942,358.8497061293031,140.06992652490325,4.558354324097397,0.22418136020151133
nist,irradiance_only,primary,partial_restoration,physical_recovery,1191,0.0,0.20654911838790932,358.8497061293031,147.45048541914971,4.558354324097397,0.22753988245172124
nist,irradiance_only,primary,partial_restoration,recency,1191,0.0,0.0,358.8497061293031,265.0121054213546,4.558354324097397,0.21998320738874896
nist,irradiance_only,primary,partial_restoration,rolling,1191,0.0,0.0,358.8497061293031,358.8497061293031,4.558354324097397,0.21242653232577666
nist,irradiance_only,primary,recovery_0_6,aci_bounded,518,0.0,0.0,370.2316602316602,370.2316602316602,5.111969111969112,0.20463320463320464
nist,irradiance_only,primary,recovery_0_6,mask50,518,0.0,0.13513513513513514,370.2316602316602,233.26534324258878,5.111969111969112,0.222007722007722
nist,irradiance_only,primary,recovery_0_6,mi_recency,518,0.0,0.0,370.2316602316602,274.0292465738281,5.111969111969112,0.34555984555984554
nist,irradiance_only,primary,recovery_0_6,physical,518,0.0,0.0,370.2316602316602,196.04264320343685,5.111969111969112,0.21621621621621623
nist,irradiance_only,primary,recovery_0_6,physical_availability,518,0.0,0.0,370.2316602316602,147.74939259173118,5.111969111969112,0.23166023166023167
nist,irradiance_only,primary,recovery_0_6,physical_recovery,518,0.0,0.13127413127413126,370.2316602316602,155.31291249869594,5.111969111969112,0.22393822393822393
nist,irradiance_only,primary,recovery_0_6,recency,518,0.0,0.0,370.2316602316602,274.0292465738281,5.111969111969112,0.21428571428571427
nist,irradiance_only,primary,recovery_0_6,rolling,518,0.0,0.0,370.2316602316602,370.2316602316602,5.111969111969112,0.19498069498069498
nist,irradiance_only,primary,recovery_6_24,aci_bounded,1787,0.0,0.0,361.56855064353664,361.56855064353664,4.561835478455512,0.20872971460548406
nist,irradiance_only,primary,recovery_6_24,mask50,1787,0.0,0.07610520425293789,361.56855064353664,219.13083234536913,4.561835478455512,0.21992165640738667
nist,irradiance_only,primary,recovery_6_24,mi_recency,1787,0.0,0.0,361.56855064353664,267.0236987779097,4.561835478455512,0.3424734191382205
nist,irradiance_only,primary,recovery_6_24,physical,1787,0.0,0.0,361.56855064353664,194.25389261911351,4.561835478455512,0.225517627308338
nist,irradiance_only,primary,recovery_6_24,physical_availability,1787,0.0,0.0,361.56855064353664,150.87641525618622,4.561835478455512,0.2501398992725238
nist,irradiance_only,primary,recovery_6_24,physical_recovery,1787,0.0,0.007274762171236709,361.56855064353664,140.72918561736756,4.561835478455512,0.246782316731953
nist,irradiance_only,primary,recovery_6_24,recency,1787,0.0,0.0,361.56855064353664,267.0236987779097,4.561835478455512,0.2148852825965305
nist,irradiance_only,primary,recovery_6_24,rolling,1787,0.0,0.0,361.56855064353664,361.56855064353664,4.561835478455512,0.2008953553441522
nist,joint_immediate,primary,normal,aci_bounded,12416,0.0,0.0,363.20207796391753,363.20207796391753,4.813305412371134,0.21528672680412372
nist,joint_immediate,primary,normal,mask50,12416,0.0,0.07466172680412371,363.20207796391753,220.93544861673158,4.813305412371134,0.2265625
nist,joint_immediate,primary,normal,mi_recency,12416,0.0,0.0,363.20207796391753,268.4589006947524,4.813305412371134,0.34616623711340205
nist,joint_immediate,primary,normal,physical,12416,0.0,0.0,363.20207796391753,191.5105249444891,4.813305412371134,0.23284471649484537
nist,joint_immediate,primary,normal,physical_availability,12416,0.0,0.0023356958762886597,363.20207796391753,149.83967683512137,4.813305412371134,0.24524806701030927
nist,joint_immediate,primary,normal,physical_recovery,12416,0.0,0.0033827319587628867,363.20207796391753,145.6849780293006,4.813305412371134,0.24597293814432988
nist,joint_immediate,primary,normal,recency,12416,0.0,0.0,363.20207796391753,268.4589006947524,4.813305412371134,0.21705863402061856
nist,joint_immediate,primary,normal,rolling,12416,0.0,0.0,363.20207796391753,363.20207796391753,4.813305412371134,0.2111791237113402
nist,joint_immediate,primary,outage,aci_bounded,1191,0.0,0.0,355.48026868178,355.48026868178,13.932829554995802,0.20235096557514692
nist,joint_immediate,primary,outage,mask50,1191,0.0,0.40890008396305627,355.48026868178,243.5427380672141,13.932829554995802,0.2040302267002519
nist,joint_immediate,primary,outage,mi_recency,1191,0.0,0.0,355.48026868178,263.77766890485015,13.932829554995802,0.45004198152812763
nist,joint_immediate,primary,outage,physical,1191,0.0,0.0,355.48026868178,190.61122237794564,13.932829554995802,0.20654911838790932
nist,joint_immediate,primary,outage,physical_availability,1191,0.0,0.012594458438287154,355.48026868178,122.4707205136324,13.932829554995802,0.21242653232577666
nist,joint_immediate,primary,outage,physical_recovery,1191,0.0,0.012594458438287154,355.48026868178,122.4707205136324,13.932829554995802,0.21242653232577666
nist,joint_immediate,primary,outage,recency,1191,0.0,0.0,355.48026868178,263.77766890485015,13.932829554995802,0.20654911838790932
nist,joint_immediate,primary,outage,rolling,1191,0.0,0.0,355.48026868178,355.48026868178,13.932829554995802,0.19563392107472713
nist,joint_immediate,primary,recovery_0_6,aci_bounded,518,0.0,0.0,370.2316602316602,370.2316602316602,5.111969111969112,0.2084942084942085
nist,joint_immediate,primary,recovery_0_6,mask50,518,0.0,0.13513513513513514,370.2316602316602,233.23573849975887,5.111969111969112,0.22393822393822393
nist,joint_immediate,primary,recovery_0_6,mi_recency,518,0.0,0.0,370.2316602316602,274.0292465738281,5.111969111969112,0.3436293436293436
nist,joint_immediate,primary,recovery_0_6,physical,518,0.0,0.0,370.2316602316602,195.26365882339158,5.111969111969112,0.22007722007722008
nist,joint_immediate,primary,recovery_0_6,physical_availability,518,0.0,0.0,370.2316602316602,147.47259829573463,5.111969111969112,0.22972972972972974
nist,joint_immediate,primary,recovery_0_6,physical_recovery,518,0.0,0.03667953667953668,370.2316602316602,140.58282895904125,5.111969111969112,0.24903474903474904
nist,joint_immediate,primary,recovery_0_6,recency,518,0.0,0.0,370.2316602316602,274.0292465738281,5.111969111969112,0.22393822393822393
nist,joint_immediate,primary,recovery_0_6,rolling,518,0.0,0.0,370.2316602316602,370.2316602316602,5.111969111969112,0.19884169884169883
nist,joint_immediate,primary,recovery_6_24,aci_bounded,1787,0.0,0.0,361.56855064353664,361.56855064353664,4.561835478455512,0.21040850587576945
nist,joint_immediate,primary,recovery_6_24,mask50,1787,0.0,0.07610520425293789,361.56855064353664,219.13083234536913,4.561835478455512,0.22495803021824287
nist,joint_immediate,primary,recovery_6_24,mi_recency,1787,0.0,0.0,361.56855064353664,267.0236987779097,4.561835478455512,0.33575825405707893
nist,joint_immediate,primary,recovery_6_24,physical,1787,0.0,0.0,361.56855064353664,193.51127315114866,4.561835478455512,0.22719641857862338
nist,joint_immediate,primary,recovery_6_24,physical_availability,1787,0.0,0.0,361.56855064353664,150.5425915926804,4.561835478455512,0.2540570789031897
nist,joint_immediate,primary,recovery_6_24,physical_recovery,1787,0.0,0.0005595970900951316,361.56855064353664,139.11525605727357,4.561835478455512,0.24734191382204812
nist,joint_immediate,primary,recovery_6_24,recency,1787,0.0,0.0,361.56855064353664,267.0236987779097,4.561835478455512,0.21544487968662562
nist,joint_immediate,primary,recovery_6_24,rolling,1787,0.0,0.0,361.56855064353664,361.56855064353664,4.561835478455512,0.20033575825405708
nist,joint_gradual,primary,normal,aci_bounded,12416,0.0,0.0,363.20207796391753,363.20207796391753,4.813305412371134,0.21738079896907217
nist,joint_gradual,primary,normal,mask50,12416,0.0,0.07474226804123711,363.20207796391753,219.78109231993477,4.813305412371134,0.22809278350515463
nist,joint_gradual,primary,normal,mi_recency,12416,0.0,0.0,363.20207796391753,268.4589006947524,4.813305412371134,0.34584407216494845
nist,joint_gradual,primary,normal,physical,12416,0.0,0.0,363.20207796391753,191.4743254690519,4.813305412371134,0.233972293814433
nist,joint_gradual,primary,normal,physical_availability,12416,0.0,0.0023356958762886597,363.20207796391753,148.9296779264024,4.813305412371134,0.24814755154639176
nist,joint_gradual,primary,normal,physical_recovery,12416,0.0,0.0033827319587628867,363.20207796391753,145.441313368634,4.813305412371134,0.24597293814432988
nist,joint_gradual,primary,normal,recency,12416,0.0,0.0,363.20207796391753,268.4589006947524,4.813305412371134,0.21746134020618557
nist,joint_gradual,primary,normal,rolling,12416,0.0,0.0,363.20207796391753,363.20207796391753,4.813305412371134,0.21254832474226804
nist,joint_gradual,primary,outage,aci_bounded,1191,0.0,0.0,355.48026868178,355.48026868178,13.932829554995802,0.1998320738874895
nist,joint_gradual,primary,outage,mask50,1191,0.0,0.40890008396305627,355.48026868178,243.5427380672141,13.932829554995802,0.20486985726280438
nist,joint_gradual,primary,outage,mi_recency,1191,0.0,0.0,355.48026868178,263.77766890485015,13.932829554995802,0.45004198152812763
nist,joint_gradual,primary,outage,physical,1191,0.0,0.0,355.48026868178,190.6757785648501,13.932829554995802,0.2073887489504618
nist,joint_gradual,primary,outage,physical_availability,1191,0.0,0.012594458438287154,355.48026868178,122.50991323354056,13.932829554995802,0.21158690176322417
nist,joint_gradual,primary,outage,physical_recovery,1191,0.0,0.012594458438287154,355.48026868178,122.50991323354056,13.932829554995802,0.21158690176322417
nist,joint_gradual,primary,outage,recency,1191,0.0,0.0,355.48026868178,263.77766890485015,13.932829554995802,0.2073887489504618
nist,joint_gradual,primary,outage,rolling,1191,0.0,0.0,355.48026868178,355.48026868178,13.932829554995802,0.19563392107472713
nist,joint_gradual,primary,recovery_0_6,aci_bounded,518,0.0,0.0,368.7567567567568,368.7567567567568,5.22007722007722,0.21814671814671815
nist,joint_gradual,primary,recovery_0_6,mask50,518,0.0,0.3416988416988417,368.7567567567568,244.49935522804753,5.22007722007722,0.2335907335907336
nist,joint_gradual,primary,recovery_0_6,mi_recency,518,0.0,0.0,368.7567567567568,273.47097172680344,5.22007722007722,0.34942084942084944
nist,joint_gradual,primary,recovery_0_6,physical,518,0.0,0.0,368.7567567567568,194.9850585648068,5.22007722007722,0.23745173745173745
nist,joint_gradual,primary,recovery_0_6,physical_availability,518,0.0,0.019305019305019305,368.7567567567568,135.5511349575299,5.22007722007722,0.23552123552123552
nist,joint_gradual,primary,recovery_0_6,physical_recovery,518,0.0,0.04826254826254826,368.7567567567568,138.61298259820492,5.22007722007722,0.2548262548262548
nist,joint_gradual,primary,recovery_0_6,recency,518,0.0,0.0,368.7567567567568,273.47097172680344,5.22007722007722,0.2335907335907336
nist,joint_gradual,primary,recovery_0_6,rolling,518,0.0,0.0,368.7567567567568,368.7567567567568,5.22007722007722,0.2084942084942085
nist,joint_gradual,primary,recovery_6_24,aci_bounded,1787,0.0,0.0,361.56855064353664,361.56855064353664,4.561835478455512,0.21096810296586457
nist,joint_gradual,primary,recovery_6_24,mask50,1787,0.0,0.07722439843312814,361.56855064353664,218.0632161010947,4.561835478455512,0.22719641857862338
nist,joint_gradual,primary,recovery_6_24,mi_recency,1787,0.0,0.0,361.56855064353664,267.0236987779097,4.561835478455512,0.33575825405707893
nist,joint_gradual,primary,recovery_6_24,physical,1787,0.0,0.0,361.56855064353664,193.43552418525763,4.561835478455512,0.2305540011191942
nist,joint_gradual,primary,recovery_6_24,physical_availability,1787,0.0,0.0,361.56855064353664,149.31313386683055,4.561835478455512,0.2518186905428092
nist,joint_gradual,primary,recovery_6_24,physical_recovery,1787,0.0,0.0005595970900951316,361.56855064353664,139.01623206647224,4.561835478455512,0.2484611080022384
nist,joint_gradual,primary,recovery_6_24,recency,1787,0.0,0.0,361.56855064353664,267.0236987779097,4.561835478455512,0.21152770005595972
nist,joint_gradual,primary,recovery_6_24,rolling,1787,0.0,0.0,361.56855064353664,361.56855064353664,4.561835478455512,0.20201454952434247
nist,joint_none,primary,normal,aci_bounded,12416,0.0,0.0,337.46085695876286,337.46085695876286,4.819748711340206,0.22986469072164947
nist,joint_none,primary,normal,mask50,12416,0.0,0.08907860824742268,337.46085695876286,185.01718292501323,4.819748711340206,0.23791881443298968
nist,joint_none,primary,normal,mi_recency,12416,0.0,0.0,337.46085695876286,249.03736483908796,4.819748711340206,0.35067654639175255
nist,joint_none,primary,normal,physical,12416,0.0,0.0,337.46085695876286,179.61211886383603,4.819748711340206,0.24017396907216496
nist,joint_none,primary,normal,physical_availability,12416,0.0,0.0016108247422680412,337.46085695876286,131.1297054545641,4.819748711340206,0.25644329896907214
nist,joint_none,primary,normal,physical_recovery,12416,0.0,0.0023356958762886597,337.46085695876286,128.32306061734022,4.819748711340206,0.25596005154639173
nist,joint_none,primary,normal,recency,12416,0.0,0.0,337.46085695876286,249.03736483908796,4.819748711340206,0.22326030927835053
nist,joint_none,primary,normal,rolling,12416,0.0,0.0,337.46085695876286,337.46085695876286,4.819748711340206,0.22148840206185566
nist,joint_none,primary,outage,aci_bounded,1191,0.0,0.0,330.2174643157011,330.2174643157011,13.932829554995802,0.22082283795130142
nist,joint_none,primary,outage,mask50,1191,0.0,0.8085642317380353,330.2174643157011,238.9589173441527,13.932829554995802,0.21326616288832914
nist,joint_none,primary,outage,mi_recency,1191,0.0,0.0,330.2174643157011,245.25714612095587,13.932829554995802,0.45591939546599497
nist,joint_none,primary,outage,physical,1191,0.0,0.0,330.2174643157011,179.43799030895096,13.932829554995802,0.218303946263644
nist,joint_none,primary,outage,physical_availability,1191,0.0,0.056255247691015954,330.2174643157011,146.11686854702188,13.932829554995802,0.2040302267002519
nist,joint_none,primary,outage,physical_recovery,1191,0.0,0.056255247691015954,330.2174643157011,146.11686854702188,13.932829554995802,0.2040302267002519
nist,joint_none,primary,outage,recency,1191,0.0,0.0,330.2174643157011,245.25714612095587,13.932829554995802,0.21494542401343408
nist,joint_none,primary,outage,rolling,1191,0.0,0.0,330.2174643157011,330.2174643157011,13.932829554995802,0.2073887489504618
nist,joint_none,primary,recovery_0_6,aci_bounded,518,0.0,0.0,342.23359073359075,342.23359073359075,6.378378378378378,0.22586872586872586
nist,joint_none,primary,recovery_0_6,mask50,518,0.0,0.4555984555984556,342.23359073359075,237.61477961563438,6.378378378378378,0.23938223938223938
nist,joint_none,primary,recovery_0_6,mi_recency,518,0.0,0.0,342.23359073359075,254.5248986433322,6.378378378378378,0.3552123552123552
nist,joint_none,primary,recovery_0_6,physical,518,0.0,0.0,342.23359073359075,183.9942077246832,6.378378378378378,0.2471042471042471
nist,joint_none,primary,recovery_0_6,physical_availability,518,0.0,0.015444015444015444,342.23359073359075,123.24653584612003,6.378378378378378,0.25675675675675674
nist,joint_none,primary,recovery_0_6,physical_recovery,518,0.0,0.03667953667953668,342.23359073359075,133.0669031521544,6.378378378378378,0.2413127413127413
nist,joint_none,primary,recovery_0_6,recency,518,0.0,0.0,342.23359073359075,254.5248986433322,6.378378378378378,0.2413127413127413
nist,joint_none,primary,recovery_0_6,rolling,518,0.0,0.0,342.23359073359075,342.23359073359075,6.378378378378378,0.21814671814671815
nist,joint_none,primary,recovery_6_24,aci_bounded,1787,0.0,0.0,329.5405707890319,329.5405707890319,5.040850587576944,0.25797425853385564
nist,joint_none,primary,recovery_6_24,mask50,1787,0.0,0.15332960268606602,329.5405707890319,216.2057926239947,5.040850587576944,0.2562954672635702
nist,joint_none,primary,recovery_6_24,mi_recency,1787,0.0,0.0,329.5405707890319,245.56014471024247,5.040850587576944,0.35814213766088415
nist,joint_none,primary,recovery_6_24,physical,1787,0.0,0.0,329.5405707890319,179.09761001326999,5.040850587576944,0.2730833799664242
nist,joint_none,primary,recovery_6_24,physical_availability,1787,0.0,0.005595970900951315,329.5405707890319,117.8677076988156,5.040850587576944,0.2825965304980414
nist,joint_none,primary,recovery_6_24,physical_recovery,1787,0.0,0.005595970900951315,329.5405707890319,112.06734924302908,5.040850587576944,0.2831561275881365
nist,joint_none,primary,recovery_6_24,recency,1787,0.0,0.0,329.5405707890319,245.56014471024247,5.040850587576944,0.251259093452714
nist,joint_none,primary,recovery_6_24,rolling,1787,0.0,0.0,329.5405707890319,329.5405707890319,5.040850587576944,0.24790151091214327
nist,irradiance_first,primary,normal,aci_bounded,12159,0.0,0.0,363.09811662143267,363.09811662143267,4.8171724648408585,0.2181922855497985
nist,irradiance_first,primary,normal,mask50,12159,0.0,0.07796693807056501,363.09811662143267,217.70527313852256,4.8171724648408585,0.22847273624475697
nist,irradiance_first,primary,normal,mi_recency,12159,0.0,0.0,363.09811662143267,268.38352601649035,4.8171724648408585,0.34632782301176085
nist,irradiance_first,primary,normal,physical,12159,0.0,0.0,363.09811662143267,191.0763893894308,4.8171724648408585,0.23381857060613537
nist,irradiance_first,primary,normal,physical_availability,12159,0.0,0.0023850645612303644,363.09811662143267,146.89264304727078,4.8171724648408585,0.24755325273459988
nist,irradiance_first,primary,normal,physical_recovery,12159,0.0,0.003783205855744716,363.09811662143267,144.28573999045702,4.8171724648408585,0.2467308166790032
nist,irradiance_first,primary,normal,recency,12159,0.0,0.0,363.09811662143267,268.38352601649035,4.8171724648408585,0.21630068262192614
nist,irradiance_first,primary,normal,rolling,12159,0.0,0.0,363.09811662143267,363.09811662143267,4.8171724648408585,0.21153055349946542
nist,irradiance_first,primary,outage,aci_bounded,1191,0.0,0.0,355.48026868178,355.48026868178,13.932829554995802,0.20067170445004198
nist,irradiance_first,primary,outage,mask50,1191,0.0,0.40890008396305627,355.48026868178,243.55571015912912,13.932829554995802,0.2040302267002519
nist,irradiance_first,primary,outage,mi_recency,1191,0.0,0.0,355.48026868178,263.77766890485015,13.932829554995802,0.44584382871536526
nist,irradiance_first,primary,outage,physical,1191,0.0,0.0,355.48026868178,190.66376371696927,13.932829554995802,0.20570948782535683
nist,irradiance_first,primary,outage,physical_availability,1191,0.0,0.012594458438287154,355.48026868178,122.53790331012432,13.932829554995802,0.21158690176322417
nist,irradiance_first,primary,outage,physical_recovery,1191,0.0,0.012594458438287154,355.48026868178,122.53790331012432,13.932829554995802,0.21158690176322417
nist,irradiance_first,primary,outage,recency,1191,0.0,0.0,355.48026868178,263.77766890485015,13.932829554995802,0.2073887489504618
nist,irradiance_first,primary,outage,rolling,1191,0.0,0.0,355.48026868178,355.48026868178,13.932829554995802,0.19479429051217464
nist,irradiance_first,primary,partial_restoration,aci_bounded,254,0.0,0.0,363.3267716535433,363.3267716535433,19.011811023622048,0.20866141732283464
nist,irradiance_first,primary,partial_restoration,mask50,254,0.0,0.5118110236220472,363.3267716535433,253.87559287903002,19.011811023622048,0.2204724409448819
nist,irradiance_first,primary,partial_restoration,mi_recency,254,0.0,0.0,363.3267716535433,270.77363604232033,19.011811023622048,0.36220472440944884
nist,irradiance_first,primary,partial_restoration,physical,254,0.0,0.0,363.3267716535433,193.33730102083612,19.011811023622048,0.2125984251968504
nist,irradiance_first,primary,partial_restoration,physical_availability,254,0.0,0.08267716535433071,363.3267716535433,159.8296542303424,19.011811023622048,0.22440944881889763
nist,irradiance_first,primary,partial_restoration,physical_recovery,254,0.0,0.08267716535433071,363.3267716535433,159.8296542303424,19.011811023622048,0.22440944881889763
nist,irradiance_first,primary,partial_restoration,recency,254,0.0,0.0,363.3267716535433,270.77363604232033,19.011811023622048,0.21653543307086615
nist,irradiance_first,primary,partial_restoration,rolling,254,0.0,0.0,363.3267716535433,363.3267716535433,19.011811023622048,0.2047244094488189
nist,irradiance_first,primary,recovery_0_6,aci_bounded,567,0.0,0.0,367.8395061728395,367.8395061728395,5.268077601410935,0.20811287477954143
nist,irradiance_first,primary,recovery_0_6,mask50,567,0.0,0.31040564373897706,367.8395061728395,244.0126115646458,5.268077601410935,0.21869488536155202
nist,irradiance_first,primary,recovery_0_6,mi_recency,567,0.0,0.0,367.8395061728395,272.85544888452597,5.268077601410935,0.36507936507936506
nist,irradiance_first,primary,recovery_0_6,physical,567,0.0,0.0,367.8395061728395,193.2287774381749,5.268077601410935,0.2345679012345679
nist,irradiance_first,primary,recovery_0_6,physical_availability,567,0.0,0.08112874779541446,367.8395061728395,153.96126423217632,5.268077601410935,0.25044091710758376
nist,irradiance_first,primary,recovery_0_6,physical_recovery,567,0.0,0.11816578483245149,367.8395061728395,160.45991558158275,5.268077601410935,0.2275132275132275
nist,irradiance_first,primary,recovery_0_6,recency,567,0.0,0.0,367.8395061728395,272.85544888452597,5.268077601410935,0.21516754850088182
nist,irradiance_first,primary,recovery_0_6,rolling,567,0.0,0.0,367.8395061728395,367.8395061728395,5.268077601410935,0.20282186948853614
nist,irradiance_first,primary,recovery_6_24,aci_bounded,1741,0.0,0.0,361.45031591039634,361.45031591039634,4.624928202182653,0.20964962665134979
nist,irradiance_first,primary,recovery_6_24,mask50,1741,0.0,0.06031016657093624,361.45031591039634,214.05925547454171,4.624928202182653,0.23549684089603676
nist,irradiance_first,primary,recovery_6_24,mi_recency,1741,0.0,0.0,361.45031591039634,266.8948131156089,4.624928202182653,0.32395175186674324
nist,irradiance_first,primary,recovery_6_24,physical,1741,0.0,0.0,361.45031591039634,194.0880192501642,4.624928202182653,0.23492245835726594
nist,irradiance_first,primary,recovery_6_24,physical_availability,1741,0.0,0.0,361.45031591039634,148.46946467403305,4.624928202182653,0.2533026995979322
nist,irradiance_first,primary,recovery_6_24,physical_recovery,1741,0.0,0.015508328546812177,361.45031591039634,146.4910005323632,4.624928202182653,0.25157955198161974
nist,irradiance_first,primary,recovery_6_24,recency,1741,0.0,0.0,361.45031591039634,266.8948131156089,4.624928202182653,0.2148190695002872
nist,irradiance_first,primary,recovery_6_24,rolling,1741,0.0,0.0,361.45031591039634,361.45031591039634,4.624928202182653,0.20333141872487076
nist,pv_first,primary,normal,aci_bounded,12159,0.0,0.0,363.09811662143267,363.09811662143267,4.8171724648408585,0.2179455547331195
nist,pv_first,primary,normal,mask50,12159,0.0,0.07796693807056501,363.09811662143267,217.70527313852256,4.8171724648408585,0.22937741590591332
nist,pv_first,primary,normal,mi_recency,12159,0.0,0.0,363.09811662143267,268.38352601649035,4.8171724648408585,0.34673904103955916
nist,pv_first,primary,normal,physical,12159,0.0,0.0,363.09811662143267,190.30799169925282,4.8171724648408585,0.23431203223949337
nist,pv_first,primary,normal,physical_availability,12159,0.0,0.0023850645612303644,363.09811662143267,146.64310382448764,4.8171724648408585,0.24779998355127889
nist,pv_first,primary,normal,physical_recovery,12159,0.0,0.003783205855744716,363.09811662143267,144.0243266741489,4.8171724648408585,0.24714203470680154
nist,pv_first,primary,normal,recency,12159,0.0,0.0,363.09811662143267,268.38352601649035,4.8171724648408585,0.2176988239164405
nist,pv_first,primary,normal,rolling,12159,0.0,0.0,363.09811662143267,363.09811662143267,4.8171724648408585,0.21268196397730077
nist,pv_first,primary,outage,aci_bounded,1191,0.0,0.0,355.48026868178,355.48026868178,13.932829554995802,0.2031905961376994
nist,pv_first,primary,outage,mask50,1191,0.0,0.40890008396305627,355.48026868178,243.55571015912912,13.932829554995802,0.2040302267002519
nist,pv_first,primary,outage,mi_recency,1191,0.0,0.0,355.48026868178,263.77766890485015,13.932829554995802,0.44920235096557515
nist,pv_first,primary,outage,physical,1191,0.0,0.0,355.48026868178,190.6498927419436,13.932829554995802,0.2031905961376994
nist,pv_first,primary,outage,physical_availability,1191,0.0,0.012594458438287154,355.48026868178,122.76091941563871,13.932829554995802,0.21242653232577666
nist,pv_first,primary,outage,physical_recovery,1191,0.0,0.012594458438287154,355.48026868178,122.76091941563871,13.932829554995802,0.21242653232577666
nist,pv_first,primary,outage,recency,1191,0.0,0.0,355.48026868178,263.77766890485015,13.932829554995802,0.20822837951301426
nist,pv_first,primary,outage,rolling,1191,0.0,0.0,355.48026868178,355.48026868178,13.932829554995802,0.19479429051217464
nist,pv_first,primary,partial_restoration,aci_bounded,254,0.0,0.0,365.6377952755906,365.6377952755906,4.846456692913386,0.2125984251968504
nist,pv_first,primary,partial_restoration,mask50,254,0.0,0.5118110236220472,365.6377952755906,254.6057013139943,4.846456692913386,0.23622047244094488
nist,pv_first,primary,partial_restoration,mi_recency,254,0.0,0.0,365.6377952755906,271.5536384316405,4.846456692913386,0.3464566929133858
nist,pv_first,primary,partial_restoration,physical,254,0.0,0.0,365.6377952755906,178.98416419377213,4.846456692913386,0.22440944881889763
nist,pv_first,primary,partial_restoration,physical_availability,254,0.0,0.07874015748031496,365.6377952755906,142.05324879769066,4.846456692913386,0.2204724409448819
nist,pv_first,primary,partial_restoration,physical_recovery,254,0.0,0.07874015748031496,365.6377952755906,142.05324879769066,4.846456692913386,0.2204724409448819
nist,pv_first,primary,partial_restoration,recency,254,0.0,0.0,365.6377952755906,271.5536384316405,4.846456692913386,0.24015748031496062
nist,pv_first,primary,partial_restoration,rolling,254,0.0,0.0,365.6377952755906,365.6377952755906,4.846456692913386,0.2204724409448819
nist,pv_first,primary,recovery_0_6,aci_bounded,567,0.0,0.0,369.64550264550263,369.64550264550263,4.873015873015873,0.21869488536155202
nist,pv_first,primary,recovery_0_6,mask50,567,0.0,0.31040564373897706,369.64550264550263,244.63641220872503,4.873015873015873,0.2310405643738977
nist,pv_first,primary,recovery_0_6,mi_recency,567,0.0,0.0,369.64550264550263,273.54715602510805,4.873015873015873,0.37037037037037035
nist,pv_first,primary,recovery_0_6,physical,567,0.0,0.0,369.64550264550263,193.4707557224335,4.873015873015873,0.2345679012345679
nist,pv_first,primary,recovery_0_6,physical_availability,567,0.0,0.08112874779541446,369.64550264550263,154.3013968926504,4.873015873015873,0.25044091710758376
nist,pv_first,primary,recovery_0_6,physical_recovery,567,0.0,0.11816578483245149,369.64550264550263,160.76034819006688,4.873015873015873,0.2328042328042328
nist,pv_first,primary,recovery_0_6,recency,567,0.0,0.0,369.64550264550263,273.54715602510805,4.873015873015873,0.2310405643738977
nist,pv_first,primary,recovery_0_6,rolling,567,0.0,0.0,369.64550264550263,369.64550264550263,4.873015873015873,0.21164021164021163
nist,pv_first,primary,recovery_6_24,aci_bounded,1741,0.0,0.0,361.45031591039634,361.45031591039634,4.624928202182653,0.21309592188397472
nist,pv_first,primary,recovery_6_24,mask50,1741,0.0,0.06031016657093624,361.45031591039634,214.05925547454171,4.624928202182653,0.2366456059735784
nist,pv_first,primary,recovery_6_24,mi_recency,1741,0.0,0.0,361.45031591039634,266.8948131156089,4.624928202182653,0.32337736932797245
nist,pv_first,primary,recovery_6_24,physical,1741,0.0,0.0,361.45031591039634,193.37262542853875,4.624928202182653,0.23549684089603676
nist,pv_first,primary,recovery_6_24,physical_availability,1741,0.0,0.0,361.45031591039634,148.15313847872622,4.624928202182653,0.25387708213670307
nist,pv_first,primary,recovery_6_24,physical_recovery,1741,0.0,0.015508328546812177,361.45031591039634,146.06775975387387,4.624928202182653,0.2533026995979322
nist,pv_first,primary,recovery_6_24,recency,1741,0.0,0.0,361.45031591039634,266.8948131156089,4.624928202182653,0.2205628948879954
nist,pv_first,primary,recovery_6_24,rolling,1741,0.0,0.0,361.45031591039634,361.45031591039634,4.624928202182653,0.20390580126364158
nist,duration_6h,sensitivity,normal,physical,12992,0.0,0.0,363.06611761083747,193.63838779356797,4.7944889162561575,0.234375
nist,duration_6h,sensitivity,normal,physical_availability,12992,0.0,0.0023860837438423647,363.06611761083747,152.4948386834707,4.7944889162561575,0.24630541871921183
nist,duration_6h,sensitivity,normal,physical_recovery,12992,0.0,0.0026169950738916255,363.06611761083747,149.26944003159323,4.7944889162561575,0.2465363300492611
nist,duration_6h,sensitivity,normal,recency,12992,0.0,0.0,363.06611761083747,268.3484664053809,4.7944889162561575,0.22067426108374386
nist,duration_6h,sensitivity,outage,physical,627,0.0,0.0,355.09250398724083,195.32029084760765,10.49920255183413,0.21850079744816586
nist,duration_6h,sensitivity,outage,physical_availability,627,0.0,0.0,355.09250398724083,138.28864027214223,10.49920255183413,0.22488038277511962
nist,duration_6h,sensitivity,outage,physical_recovery,627,0.0,0.0,355.09250398724083,138.28864027214223,10.49920255183413,0.22488038277511962
nist,duration_6h,sensitivity,outage,recency,627,0.0,0.0,355.09250398724083,262.96406592888746,10.49920255183413,0.21850079744816586
nist,duration_6h,sensitivity,recovery_0_6,physical,564,0.0,0.0,359.73581560283685,190.96704792619556,4.365248226950355,0.22872340425531915
nist,duration_6h,sensitivity,recovery_0_6,physical_availability,564,0.0,0.0,359.73581560283685,136.36302127428954,4.365248226950355,0.2375886524822695
nist,duration_6h,sensitivity,recovery_0_6,physical_recovery,564,0.0,0.03546099290780142,359.73581560283685,137.7792838317659,4.365248226950355,0.21808510638297873
nist,duration_6h,sensitivity,recovery_0_6,recency,564,0.0,0.0,359.73581560283685,266.0660604717674,4.365248226950355,0.21453900709219859
nist,duration_6h,sensitivity,recovery_6_24,physical,1729,0.0,0.0,364.6414112203586,196.62947478981732,4.784268363215731,0.23192596876807403
nist,duration_6h,sensitivity,recovery_6_24,physical_availability,1729,0.0,0.0,364.6414112203586,152.76821227361594,4.784268363215731,0.253903990746096
nist,duration_6h,sensitivity,recovery_6_24,physical_recovery,1729,0.0,0.000578368999421631,364.6414112203586,143.64896484225028,4.784268363215731,0.24927703875072296
nist,duration_6h,sensitivity,recovery_6_24,recency,1729,0.0,0.0,364.6414112203586,269.4742249443055,4.784268363215731,0.22556390977443608
nist,duration_24h,sensitivity,normal,physical,11296,0.0,0.0,362.71379249291783,181.6276080836393,4.818077195467422,0.23433073654390935
nist,duration_24h,sensitivity,normal,physical_availability,11296,0.0,0.00017705382436260624,362.71379249291783,137.6542729764573,4.818077195467422,0.24787535410764872
nist,duration_24h,sensitivity,normal,physical_recovery,11296,0.0,0.000708215297450425,362.71379249291783,136.0169989419303,4.818077195467422,0.24805240793201133
nist,duration_24h,sensitivity,normal,recency,11296,0.0,0.0,362.71379249291783,268.10510422400324,4.818077195467422,0.21892705382436262
nist,duration_24h,sensitivity,outage,physical,2312,0.0,0.0,357.50735294117646,163.61686997420802,18.037629757785467,0.22750865051903113
nist,duration_24h,sensitivity,outage,physical_availability,2312,0.0,0.0,357.50735294117646,99.77217311965678,18.037629757785467,0.2530276816608997
nist,duration_24h,sensitivity,outage,physical_recovery,2312,0.0,0.0,357.50735294117646,99.77217311965678,18.037629757785467,0.2530276816608997
nist,duration_24h,sensitivity,outage,recency,2312,0.0,0.0,357.50735294117646,266.2836379859105,18.037629757785467,0.21539792387543252
nist,duration_24h,sensitivity,recovery_0_6,physical,608,0.0,0.0,353.20230263157896,186.5153873560516,6.868421052631579,0.31085526315789475
nist,duration_24h,sensitivity,recovery_0_6,physical_availability,608,0.0,0.013157894736842105,353.20230263157896,126.49233684039243,6.868421052631579,0.30756578947368424
nist,duration_24h,sensitivity,recovery_0_6,physical_recovery,608,0.0,0.013157894736842105,353.20230263157896,135.7997320341611,6.868421052631579,0.30756578947368424
nist,duration_24h,sensitivity,recovery_0_6,recency,608,0.0,0.0,353.20230263157896,262.4095484246845,6.868421052631579,0.2746710526315789
nist,duration_24h,sensitivity,recovery_6_24,physical,1696,0.0,0.0,365.4127358490566,184.96830596540016,4.637382075471698,0.2358490566037736
nist,duration_24h,sensitivity,recovery_6_24,physical_availability,1696,0.0,0.0,365.4127358490566,142.9210178838181,4.637382075471698,0.2529481132075472
nist,duration_24h,sensitivity,recovery_6_24,physical_recovery,1696,0.0,0.0,365.4127358490566,136.80793882216727,4.637382075471698,0.2429245283018868
nist,duration_24h,sensitivity,recovery_6_24,recency,1696,0.0,0.0,365.4127358490566,269.9693503681416,4.637382075471698,0.21580188679245282
nist,backfill_60min,sensitivity,normal,physical,12416,0.0,0.0,363.20207796391753,191.4676907668721,4.813305412371134,0.23115335051546393
nist,backfill_60min,sensitivity,normal,physical_availability,12416,0.0,0.0023356958762886597,363.20207796391753,145.39393909696045,4.813305412371134,0.24436211340206185
nist,backfill_60min,sensitivity,normal,physical_recovery,12416,0.0,0.002577319587628866,363.20207796391753,144.84581843913398,4.813305412371134,0.24557023195876287
nist,backfill_60min,sensitivity,normal,recency,12416,0.0,0.0,363.20207796391753,268.4589006947524,4.813305412371134,0.21617268041237114
nist,backfill_60min,sensitivity,outage,physical,1191,0.0,0.0,355.48026868178,190.8891493836009,13.932829554995802,0.20906801007556675
nist,backfill_60min,sensitivity,outage,physical_availability,1191,0.0,0.012594458438287154,355.48026868178,122.63547143902063,13.932829554995802,0.20990764063811923
nist,backfill_60min,sensitivity,outage,physical_recovery,1191,0.0,0.012594458438287154,355.48026868178,122.63547143902063,13.932829554995802,0.20990764063811923
nist,backfill_60min,sensitivity,outage,recency,1191,0.0,0.0,355.48026868178,263.77766890485015,13.932829554995802,0.2073887489504618
nist,backfill_60min,sensitivity,recovery_0_6,physical,518,0.0,0.0,367.6467181467182,195.14473260824732,5.638996138996139,0.2528957528957529
nist,backfill_60min,sensitivity,recovery_0_6,physical_availability,518,0.0,0.023166023166023165,367.6467181467182,117.24368023281961,5.638996138996139,0.2606177606177606
nist,backfill_60min,sensitivity,recovery_0_6,physical_recovery,518,0.0,0.03088803088803089,367.6467181467182,127.49861872434812,5.638996138996139,0.2644787644787645
nist,backfill_60min,sensitivity,recovery_0_6,recency,518,0.0,0.0,367.6467181467182,273.015966300081,5.638996138996139,0.24324324324324326
nist,backfill_60min,sensitivity,recovery_6_24,physical,1787,0.0,0.0,361.3592613318411,193.29923922984014,4.6155567991046444,0.2305540011191942
nist,backfill_60min,sensitivity,recovery_6_24,physical_availability,1787,0.0,0.0,361.3592613318411,133.7772344066637,4.6155567991046444,0.2501398992725238
nist,backfill_60min,sensitivity,recovery_6_24,physical_recovery,1787,0.0,0.006715165081141578,361.3592613318411,136.02400865304477,4.6155567991046444,0.25293788472299944
nist,backfill_60min,sensitivity,recovery_6_24,recency,1787,0.0,0.0,361.3592613318411,266.93354638889116,4.6155567991046444,0.21768326804700616
nist,channel_gap_6h,sensitivity,normal,physical,11897,0.0,0.0,362.8926620156342,190.3659199490048,4.801462553584938,0.23064638144069935
nist,channel_gap_6h,sensitivity,normal,physical_availability,11897,0.0,0.0024375893082289653,362.8926620156342,144.2627226361111,4.801462553584938,0.24678490375724974
nist,channel_gap_6h,sensitivity,normal,physical_recovery,11897,0.0,0.003866520971673531,362.8926620156342,142.4927257734361,4.801462553584938,0.2477095065983021
nist,channel_gap_6h,sensitivity,normal,recency,11897,0.0,0.0,362.8926620156342,268.22787676981335,4.801462553584938,0.21518029755400522
nist,channel_gap_6h,sensitivity,outage,physical,1191,0.0,0.0,355.48026868178,190.53314568236758,13.932829554995802,0.20822837951301426
nist,channel_gap_6h,sensitivity,outage,physical_availability,1191,0.0,0.012594458438287154,355.48026868178,122.46111335882892,13.932829554995802,0.21242653232577666
nist,channel_gap_6h,sensitivity,outage,physical_recovery,1191,0.0,0.012594458438287154,355.48026868178,122.46111335882892,13.932829554995802,0.21242653232577666
nist,channel_gap_6h,sensitivity,outage,recency,1191,0.0,0.0,355.48026868178,263.77766890485015,13.932829554995802,0.20570948782535683
nist,channel_gap_6h,sensitivity,partial_restoration,physical,518,0.0,0.0,364.27413127413126,194.66107339297386,19.631274131274132,0.20270270270270271
nist,channel_gap_6h,sensitivity,partial_restoration,physical_availability,518,0.0,0.07722007722007722,364.27413127413126,155.56351340603482,19.631274131274132,0.21042471042471042
nist,channel_gap_6h,sensitivity,partial_restoration,physical_recovery,518,0.0,0.14092664092664092,364.27413127413126,164.770664760492,19.631274131274132,0.21235521235521235
nist,channel_gap_6h,sensitivity,partial_restoration,recency,518,0.0,0.0,364.27413127413126,271.8425750723683,19.631274131274132,0.19884169884169883
nist,channel_gap_6h,sensitivity,recovery_0_6,physical,603,0.0,0.0,362.9568822553897,189.83166607889112,4.923714759535655,0.208955223880597
nist,channel_gap_6h,sensitivity,recovery_0_6,physical_availability,603,0.0,0.06799336650082918,362.9568822553897,154.9961567362692,4.923714759535655,0.22719734660033167
nist,channel_gap_6h,sensitivity,recovery_0_6,physical_recovery,603,0.0,0.14925373134328357,362.9568822553897,168.5717128322543,4.923714759535655,0.2155887230514096
nist,channel_gap_6h,sensitivity,recovery_0_6,recency,603,0.0,0.0,362.9568822553897,269.22657351573633,4.923714759535655,0.19734660033167495
nist,channel_gap_6h,sensitivity,recovery_6_24,physical,1703,0.0,0.0,362.71285965942457,195.31030507818627,4.759248385202584,0.2384028185554903
nist,channel_gap_6h,sensitivity,recovery_6_24,physical_availability,1703,0.0,0.0,362.71285965942457,147.91893032639786,4.759248385202584,0.26130358191426895
nist,channel_gap_6h,sensitivity,recovery_6_24,physical_recovery,1703,0.0,0.010569583088667059,362.71285965942457,147.5116230215569,4.759248385202584,0.24603640634174986
nist,channel_gap_6h,sensitivity,recovery_6_24,recency,1703,0.0,0.0,362.71285965942457,267.88693484475806,4.759248385202584,0.22313564298297123
nist,schedule_seed_2,sensitivity,normal,physical,12562,0.0,0.0,363.02937430345486,191.93669541138905,4.755373348192963,0.23212864193599744
nist,schedule_seed_2,sensitivity,normal,physical_availability,12562,0.0,0.000955261900971183,363.02937430345486,149.3008990834477,4.755373348192963,0.24494507244069416
nist,schedule_seed_2,sensitivity,normal,physical_recovery,12562,0.0,0.0014328928514567743,363.02937430345486,145.21259048887734,4.755373348192963,0.2443878363317943
nist,schedule_seed_2,sensitivity,normal,recency,12562,0.0,0.0,363.02937430345486,268.28095589344593,4.755373348192963,0.2175608979461869
nist,schedule_seed_2,sensitivity,outage,physical,1049,0.0,0.0,359.51286939942804,189.89569776490563,14.001906577693042,0.2449952335557674
nist,schedule_seed_2,sensitivity,outage,physical_availability,1049,0.0,0.025738798856053385,359.51286939942804,126.23394559887026,14.001906577693042,0.2469018112488084
nist,schedule_seed_2,sensitivity,outage,physical_recovery,1049,0.0,0.025738798856053385,359.51286939942804,126.23394559887026,14.001906577693042,0.2469018112488084
nist,schedule_seed_2,sensitivity,outage,recency,1049,0.0,0.0,359.51286939942804,267.0497031399205,14.001906577693042,0.23641563393708293
nist,schedule_seed_2,sensitivity,recovery_0_6,physical,656,0.0,0.0,366.3323170731707,194.16363414986716,5.0564024390243905,0.21036585365853658
nist,schedule_seed_2,sensitivity,recovery_0_6,physical_availability,656,0.0,0.039634146341463415,366.3323170731707,135.00437004079467,5.0564024390243905,0.24542682926829268
nist,schedule_seed_2,sensitivity,recovery_0_6,physical_recovery,656,0.0,0.05030487804878049,366.3323170731707,138.04032855508092,5.0564024390243905,0.21798780487804878
nist,schedule_seed_2,sensitivity,recovery_0_6,recency,656,0.0,0.0,366.3323170731707,271.54884353538773,5.0564024390243905,0.21798780487804878
nist,schedule_seed_2,sensitivity,recovery_6_24,physical,1645,0.0,0.0,360.5981762917933,193.57136734648304,4.66322188449848,0.2170212765957447
nist,schedule_seed_2,sensitivity,recovery_6_24,physical_availability,1645,0.0,0.0,360.5981762917933,148.27404986863561,4.66322188449848,0.23708206686930092
nist,schedule_seed_2,sensitivity,recovery_6_24,physical_recovery,1645,0.0,0.0,360.5981762917933,135.26375389400783,4.66322188449848,0.2303951367781155
nist,schedule_seed_2,sensitivity,recovery_6_24,recency,1645,0.0,0.0,360.5981762917933,266.34436942287675,4.66322188449848,0.2109422492401216
nist,schedule_seed_3,sensitivity,normal,physical,12397,0.0,0.0,362.40082277970475,190.8407935947963,4.8478664192949905,0.2386061143825119
nist,schedule_seed_3,sensitivity,normal,physical_availability,12397,0.0,0.0020166169234492218,362.40082277970475,146.94136537772303,4.8478664192949905,0.24981850447688958
nist,schedule_seed_3,sensitivity,normal,physical_recovery,12397,0.0,0.002258610954263128,362.40082277970475,144.15757695362322,4.8478664192949905,0.25038315721545534
nist,schedule_seed_3,sensitivity,normal,recency,12397,0.0,0.0,362.40082277970475,267.8469585898461,4.8478664192949905,0.21884326853270952
nist,schedule_seed_3,sensitivity,outage,physical,1207,0.0,0.0,363.51698425849213,193.4814947427733,14.390223695111848,0.20463960231980116
nist,schedule_seed_3,sensitivity,outage,physical_availability,1207,0.0,0.013256006628003313,363.51698425849213,119.86790549515302,14.390223695111848,0.22203811101905552
nist,schedule_seed_3,sensitivity,outage,physical_recovery,1207,0.0,0.013256006628003313,363.51698425849213,119.86790549515302,14.390223695111848,0.22203811101905552
nist,schedule_seed_3,sensitivity,outage,recency,1207,0.0,0.0,363.51698425849213,270.1633235567401,14.390223695111848,0.21541010770505387
nist,schedule_seed_3,sensitivity,recovery_0_6,physical,502,0.0,0.0,354.7350597609562,185.00560860628045,5.290836653386454,0.23904382470119523
nist,schedule_seed_3,sensitivity,recovery_0_6,physical_availability,502,0.0,0.017928286852589643,354.7350597609562,127.49939847018221,5.290836653386454,0.2649402390438247
nist,schedule_seed_3,sensitivity,recovery_0_6,physical_recovery,502,0.0,0.06374501992031872,354.7350597609562,135.65031379075387,5.290836653386454,0.2410358565737052
nist,schedule_seed_3,sensitivity,recovery_0_6,recency,502,0.0,0.0,354.7350597609562,262.07072865341837,5.290836653386454,0.23904382470119523
nist,schedule_seed_3,sensitivity,recovery_6_24,physical,1806,0.0,0.0,365.39756367663347,196.24907983288037,4.534883720930233,0.22757475083056478
nist,schedule_seed_3,sensitivity,recovery_6_24,physical_availability,1806,0.0,0.0,365.39756367663347,151.30473823215613,4.534883720930233,0.2425249169435216
nist,schedule_seed_3,sensitivity,recovery_6_24,physical_recovery,1806,0.0,0.0016611295681063123,365.39756367663347,144.45014203853006,4.534883720930233,0.23754152823920266
nist,schedule_seed_3,sensitivity,recovery_6_24,recency,1806,0.0,0.0,365.39756367663347,270.0951559298499,4.534883720930233,0.20653377630121816
nist,narrow_quality,sensitivity,normal,physical,12416,0.0,0.0,363.20207796391753,191.4743254690519,4.813305412371134,0.233972293814433
nist,narrow_quality,sensitivity,normal,physical_availability,12416,0.0,0.0023356958762886597,363.20207796391753,148.9296779264024,4.813305412371134,0.24814755154639176
nist,narrow_quality,sensitivity,normal,physical_recovery,12416,0.0,0.0033827319587628867,363.20207796391753,145.441313368634,4.813305412371134,0.24597293814432988
nist,narrow_quality,sensitivity,normal,recency,12416,0.0,0.0,363.20207796391753,268.4589006947524,4.813305412371134,0.21746134020618557
nist,narrow_quality,sensitivity,outage,physical,1191,0.0,0.0,355.48026868178,190.6757785648501,13.932829554995802,0.2073887489504618
nist,narrow_quality,sensitivity,outage,physical_availability,1191,0.0,0.012594458438287154,355.48026868178,122.50991323354056,13.932829554995802,0.21158690176322417
nist,narrow_quality,sensitivity,outage,physical_recovery,1191,0.0,0.012594458438287154,355.48026868178,122.50991323354056,13.932829554995802,0.21158690176322417
nist,narrow_quality,sensitivity,outage,recency,1191,0.0,0.0,355.48026868178,263.77766890485015,13.932829554995802,0.2073887489504618
nist,narrow_quality,sensitivity,recovery_0_6,physical,518,0.0,0.0,368.7567567567568,194.9850585648068,5.22007722007722,0.23745173745173745
nist,narrow_quality,sensitivity,recovery_0_6,physical_availability,518,0.0,0.019305019305019305,368.7567567567568,135.5511349575299,5.22007722007722,0.23552123552123552
nist,narrow_quality,sensitivity,recovery_0_6,physical_recovery,518,0.0,0.04826254826254826,368.7567567567568,138.61298259820492,5.22007722007722,0.2548262548262548
nist,narrow_quality,sensitivity,recovery_0_6,recency,518,0.0,0.0,368.7567567567568,273.47097172680344,5.22007722007722,0.2335907335907336
nist,narrow_quality,sensitivity,recovery_6_24,physical,1787,0.0,0.0,361.56855064353664,193.43552418525763,4.561835478455512,0.2305540011191942
nist,narrow_quality,sensitivity,recovery_6_24,physical_availability,1787,0.0,0.0,361.56855064353664,149.31313386683055,4.561835478455512,0.2518186905428092
nist,narrow_quality,sensitivity,recovery_6_24,physical_recovery,1787,0.0,0.0005595970900951316,361.56855064353664,139.01623206647224,4.561835478455512,0.2484611080022384
nist,narrow_quality,sensitivity,recovery_6_24,recency,1787,0.0,0.0,361.56855064353664,267.0236987779097,4.561835478455512,0.21152770005595972
nist,training_2015,sensitivity,normal,physical,12416,0.0,0.0,363.20207796391753,190.9010204078957,4.813305412371134,0.39022229381443296
nist,training_2015,sensitivity,normal,physical_availability,12416,0.0,0.0023356958762886597,363.20207796391753,148.524999919643,4.813305412371134,0.39586018041237114
nist,training_2015,sensitivity,normal,physical_recovery,12416,0.0,0.0033827319587628867,363.20207796391753,145.07287832416662,4.813305412371134,0.39118878865979384
nist,training_2015,sensitivity,normal,recency,12416,0.0,0.0,363.20207796391753,268.4589006947524,4.813305412371134,0.36525451030927836
nist,training_2015,sensitivity,outage,physical,1191,0.0,0.0,355.48026868178,190.6916186851563,13.932829554995802,0.3853904282115869
nist,training_2015,sensitivity,outage,physical_availability,1191,0.0,0.012594458438287154,355.48026868178,122.51590100830042,13.932829554995802,0.3669185558354324
nist,training_2015,sensitivity,outage,physical_recovery,1191,0.0,0.012594458438287154,355.48026868178,122.51590100830042,13.932829554995802,0.3669185558354324
nist,training_2015,sensitivity,outage,recency,1191,0.0,0.0,355.48026868178,263.77766890485015,13.932829554995802,0.3610411418975651
nist,training_2015,sensitivity,recovery_0_6,physical,518,0.0,0.0,368.7567567567568,194.50481033596586,5.22007722007722,0.39575289575289574
nist,training_2015,sensitivity,recovery_0_6,physical_availability,518,0.0,0.019305019305019305,368.7567567567568,135.2289682937287,5.22007722007722,0.40540540540540543
nist,training_2015,sensitivity,recovery_0_6,physical_recovery,518,0.0,0.04826254826254826,368.7567567567568,138.40976268082858,5.22007722007722,0.3918918918918919
nist,training_2015,sensitivity,recovery_0_6,recency,518,0.0,0.0,368.7567567567568,273.47097172680344,5.22007722007722,0.3861003861003861
nist,training_2015,sensitivity,recovery_6_24,physical,1787,0.0,0.0,361.56855064353664,192.86019204305575,4.561835478455512,0.38108561835478455
nist,training_2015,sensitivity,recovery_6_24,physical_availability,1787,0.0,0.0,361.56855064353664,148.95604968677733,4.561835478455512,0.3978735310576385
nist,training_2015,sensitivity,recovery_6_24,physical_recovery,1787,0.0,0.0005595970900951316,361.56855064353664,138.75073259316753,4.561835478455512,0.3928371572467823
nist,training_2015,sensitivity,recovery_6_24,recency,1787,0.0,0.0,361.56855064353664,267.0236987779097,4.561835478455512,0.36653609401231113
nist,receipt_5min,sensitivity,normal,physical,12416,0.0,0.0,363.20207796391753,191.4743254690519,4.813305412371134,0.233972293814433
nist,receipt_5min,sensitivity,normal,physical_availability,12416,0.0,0.0023356958762886597,363.20207796391753,148.9296779264024,4.813305412371134,0.24814755154639176
nist,receipt_5min,sensitivity,normal,physical_recovery,12416,0.0,0.0033827319587628867,363.20207796391753,145.441313368634,4.813305412371134,0.24597293814432988
nist,receipt_5min,sensitivity,normal,recency,12416,0.0,0.0,363.20207796391753,268.4589006947524,4.813305412371134,0.21746134020618557
nist,receipt_5min,sensitivity,outage,physical,1191,0.0,0.0,355.48026868178,190.6757785648501,13.932829554995802,0.2073887489504618
nist,receipt_5min,sensitivity,outage,physical_availability,1191,0.0,0.012594458438287154,355.48026868178,122.50991323354056,13.932829554995802,0.21158690176322417
nist,receipt_5min,sensitivity,outage,physical_recovery,1191,0.0,0.012594458438287154,355.48026868178,122.50991323354056,13.932829554995802,0.21158690176322417
nist,receipt_5min,sensitivity,outage,recency,1191,0.0,0.0,355.48026868178,263.77766890485015,13.932829554995802,0.2073887489504618
nist,receipt_5min,sensitivity,recovery_0_6,physical,518,0.0,0.0,368.7567567567568,194.9850585648068,5.22007722007722,0.23745173745173745
nist,receipt_5min,sensitivity,recovery_0_6,physical_availability,518,0.0,0.019305019305019305,368.7567567567568,135.5511349575299,5.22007722007722,0.23552123552123552
nist,receipt_5min,sensitivity,recovery_0_6,physical_recovery,518,0.0,0.04826254826254826,368.7567567567568,138.61298259820492,5.22007722007722,0.2548262548262548
nist,receipt_5min,sensitivity,recovery_0_6,recency,518,0.0,0.0,368.7567567567568,273.47097172680344,5.22007722007722,0.2335907335907336
nist,receipt_5min,sensitivity,recovery_6_24,physical,1787,0.0,0.0,361.56855064353664,193.43552418525763,4.561835478455512,0.2305540011191942
nist,receipt_5min,sensitivity,recovery_6_24,physical_availability,1787,0.0,0.0,361.56855064353664,149.31313386683055,4.561835478455512,0.2518186905428092
nist,receipt_5min,sensitivity,recovery_6_24,physical_recovery,1787,0.0,0.0005595970900951316,361.56855064353664,139.01623206647227,4.561835478455512,0.2484611080022384
nist,receipt_5min,sensitivity,recovery_6_24,recency,1787,0.0,0.0,361.56855064353664,267.0236987779097,4.561835478455512,0.21152770005595972
nist,schedule_seed_4,sensitivity,normal,physical,12488,0.0,0.0,362.8368033311979,191.4060657665963,4.8134208840486865,0.22909993593850095
nist,schedule_seed_4,sensitivity,normal,physical_availability,12488,0.0,0.0023222293401665597,362.8368033311979,149.04344579001707,4.8134208840486865,0.2426329276105061
nist,schedule_seed_4,sensitivity,normal,physical_recovery,12488,0.0,0.0025624599615631004,362.8368033311979,145.46493618645027,4.8134208840486865,0.2385490070467649
nist,schedule_seed_4,sensitivity,normal,recency,12488,0.0,0.0,362.8368033311979,268.15488910349933,4.8134208840486865,0.2158872517616912
nist,schedule_seed_4,sensitivity,outage,physical,1119,0.0,0.0,359.19839142091155,192.94247403238256,14.542448614834674,0.2287756925826631
nist,schedule_seed_4,sensitivity,outage,physical_availability,1119,0.0,0.009830205540661306,359.19839142091155,124.80054900747054,14.542448614834674,0.22966934763181412
nist,schedule_seed_4,sensitivity,outage,physical_recovery,1119,0.0,0.009830205540661306,359.19839142091155,124.80054900747054,14.542448614834674,0.22966934763181412
nist,schedule_seed_4,sensitivity,outage,recency,1119,0.0,0.0,359.19839142091155,267.0826599059428,14.542448614834674,0.22341376228775692
nist,schedule_seed_4,sensitivity,recovery_0_6,physical,560,0.0,0.0,359.9732142857143,189.70137560316726,5.558928571428571,0.24285714285714285
nist,schedule_seed_4,sensitivity,recovery_0_6,physical_availability,560,0.0,0.023214285714285715,359.9732142857143,132.75740906063123,5.558928571428571,0.26071428571428573
nist,schedule_seed_4,sensitivity,recovery_0_6,physical_recovery,560,0.0,0.04285714285714286,359.9732142857143,135.8402739623371,5.558928571428571,0.2517857142857143
nist,schedule_seed_4,sensitivity,recovery_0_6,recency,560,0.0,0.0,359.9732142857143,266.08535702161777,5.558928571428571,0.24821428571428572
nist,schedule_seed_4,sensitivity,recovery_6_24,physical,1745,0.0,0.0,364.2567335243553,196.65576446418393,4.480229226361032,0.22292263610315186
nist,schedule_seed_4,sensitivity,recovery_6_24,physical_availability,1745,0.0,0.0,364.2567335243553,151.83848824000097,4.480229226361032,0.24011461318051575
nist,schedule_seed_4,sensitivity,recovery_6_24,physical_recovery,1745,0.0,0.0,364.2567335243553,138.8636904128071,4.480229226361032,0.24641833810888253
nist,schedule_seed_4,sensitivity,recovery_6_24,recency,1745,0.0,0.0,364.2567335243553,269.15953657135145,4.480229226361032,0.20744985673352437
nist,schedule_seed_5,sensitivity,normal,physical,12413,0.0,0.0,363.3864496898413,191.24018711873848,4.783291710303714,0.23290099089664063
nist,schedule_seed_5,sensitivity,normal,physical_availability,12413,0.0,0.0015306533472971885,363.3864496898413,148.75859814796092,4.783291710303714,0.24071537903810522
nist,schedule_seed_5,sensitivity,normal,physical_recovery,12413,0.0,0.0020945782647224685,363.3864496898413,145.38347437970032,4.783291710303714,0.24272939660033835
nist,schedule_seed_5,sensitivity,normal,recency,12413,0.0,0.0,363.3864496898413,268.5851015224024,4.783291710303714,0.2137275437041811
nist,schedule_seed_5,sensitivity,outage,physical,1204,0.0,0.0,355.28239202657807,190.17657185152214,14.006644518272426,0.21096345514950166
nist,schedule_seed_5,sensitivity,outage,physical_availability,1204,0.0,0.008305647840531562,355.28239202657807,119.97990664988704,14.006644518272426,0.2292358803986711
nist,schedule_seed_5,sensitivity,outage,physical_recovery,1204,0.0,0.008305647840531562,355.28239202657807,119.97990664988704,14.006644518272426,0.2292358803986711
nist,schedule_seed_5,sensitivity,outage,recency,1204,0.0,0.0,355.28239202657807,263.69534154006834,14.006644518272426,0.21428571428571427
nist,schedule_seed_5,sensitivity,recovery_0_6,physical,535,0.0,0.0,369.0822429906542,191.40399378593025,4.814953271028037,0.22803738317757008
nist,schedule_seed_5,sensitivity,recovery_0_6,physical_availability,535,0.0,0.014953271028037384,369.0822429906542,134.5587905303058,4.814953271028037,0.2504672897196262
nist,schedule_seed_5,sensitivity,recovery_0_6,physical_recovery,535,0.0,0.029906542056074768,369.0822429906542,137.19674534055463,4.814953271028037,0.22429906542056074
nist,schedule_seed_5,sensitivity,recovery_0_6,recency,535,0.0,0.0,369.0822429906542,273.28147230082425,4.814953271028037,0.21121495327102804
nist,schedule_seed_5,sensitivity,recovery_6_24,physical,1760,0.0,0.0,360.40113636363634,193.62762642655449,4.786363636363636,0.23920454545454545
nist,schedule_seed_5,sensitivity,recovery_6_24,physical_availability,1760,0.0,0.0,360.40113636363634,148.47505921786032,4.786363636363636,0.25738636363636364
nist,schedule_seed_5,sensitivity,recovery_6_24,physical_recovery,1760,0.0,0.00625,360.40113636363634,139.77025698936214,4.786363636363636,0.2528409090909091
nist,schedule_seed_5,sensitivity,recovery_6_24,recency,1760,0.0,0.0,360.40113636363634,266.2747557395904,4.786363636363636,0.21988636363636363
nist,no_input_age,sensitivity,normal,physical,12416,0.0,0.0,363.20207796391753,192.17820133581264,4.813305412371134,0.23058956185567012
nist,no_input_age,sensitivity,normal,physical_availability,12416,0.0,0.001369201030927835,363.20207796391753,150.48428577875336,4.813305412371134,0.24838917525773196
nist,no_input_age,sensitivity,normal,physical_recovery,12416,0.0,0.0032216494845360823,363.20207796391753,145.261718834756,4.813305412371134,0.24742268041237114
nist,no_input_age,sensitivity,normal,recency,12416,0.0,0.0,363.20207796391753,268.4589006947524,4.813305412371134,0.2189110824742268
nist,no_input_age,sensitivity,outage,physical,1191,0.0,0.0,355.48026868178,192.45715204912523,13.932829554995802,0.20486985726280438
nist,no_input_age,sensitivity,outage,physical_availability,1191,0.0,0.011754827875734676,355.48026868178,114.97736150809703,13.932829554995802,0.2367758186397985
nist,no_input_age,sensitivity,outage,physical_recovery,1191,0.0,0.012594458438287154,355.48026868178,108.90030944353049,13.932829554995802,0.23509655751469352
nist,no_input_age,sensitivity,outage,recency,1191,0.0,0.0,355.48026868178,263.77766890485015,13.932829554995802,0.20906801007556675
nist,no_input_age,sensitivity,recovery_0_6,physical,518,0.0,0.0,368.7567567567568,195.6549271002942,5.22007722007722,0.2413127413127413
nist,no_input_age,sensitivity,recovery_0_6,physical_availability,518,0.0,0.011583011583011582,368.7567567567568,137.99567624264878,5.22007722007722,0.23938223938223938
nist,no_input_age,sensitivity,recovery_0_6,physical_recovery,518,0.0,0.04826254826254826,368.7567567567568,138.85757579174862,5.22007722007722,0.25096525096525096
nist,no_input_age,sensitivity,recovery_0_6,recency,518,0.0,0.0,368.7567567567568,273.47097172680344,5.22007722007722,0.23166023166023167
nist,no_input_age,sensitivity,recovery_6_24,physical,1787,0.0,0.0,361.56855064353664,194.14481789727876,4.561835478455512,0.22887520984890877
nist,no_input_age,sensitivity,recovery_6_24,physical_availability,1787,0.0,0.0,361.56855064353664,151.26649583451547,4.561835478455512,0.2518186905428092
nist,no_input_age,sensitivity,recovery_6_24,physical_recovery,1787,0.0,0.0005595970900951316,361.56855064353664,139.27945222589094,4.561835478455512,0.24286513710128707
nist,no_input_age,sensitivity,recovery_6_24,recency,1787,0.0,0.0,361.56855064353664,267.0236987779097,4.561835478455512,0.21040850587576945
nist,no_block_augmentation,sensitivity,normal,physical,12416,0.0,0.0,363.20207796391753,192.1979876041479,4.813305412371134,0.21351481958762886
nist,no_block_augmentation,sensitivity,normal,physical_availability,12416,0.0,0.0023356958762886597,363.20207796391753,149.39542370446688,4.813305412371134,0.22164948453608246
nist,no_block_augmentation,sensitivity,normal,physical_recovery,12416,0.0,0.0033827319587628867,363.20207796391753,145.874558502293,4.813305412371134,0.22237435567010308
nist,no_block_augmentation,sensitivity,normal,recency,12416,0.0,0.0,363.20207796391753,268.4589006947524,4.813305412371134,0.21230670103092783
nist,no_block_augmentation,sensitivity,outage,physical,1191,0.0,0.0,355.48026868178,191.76174379935563,13.932829554995802,0.5046179680940386
nist,no_block_augmentation,sensitivity,outage,physical_availability,1191,0.0,0.012594458438287154,355.48026868178,122.66438103183275,13.932829554995802,0.5507976490344249
nist,no_block_augmentation,sensitivity,outage,physical_recovery,1191,0.0,0.012594458438287154,355.48026868178,122.66438103183275,13.932829554995802,0.5507976490344249
nist,no_block_augmentation,sensitivity,outage,recency,1191,0.0,0.0,355.48026868178,263.77766890485015,13.932829554995802,0.4869857262804366
nist,no_block_augmentation,sensitivity,recovery_0_6,physical,518,0.0,0.0,368.7567567567568,195.726818970022,5.22007722007722,0.34555984555984554
nist,no_block_augmentation,sensitivity,recovery_0_6,physical_availability,518,0.0,0.019305019305019305,368.7567567567568,135.9268898867529,5.22007722007722,0.361003861003861
nist,no_block_augmentation,sensitivity,recovery_0_6,physical_recovery,518,0.0,0.04826254826254826,368.7567567567568,138.90893020262374,5.22007722007722,0.36486486486486486
nist,no_block_augmentation,sensitivity,recovery_0_6,recency,518,0.0,0.0,368.7567567567568,273.47097172680344,5.22007722007722,0.3416988416988417
nist,no_block_augmentation,sensitivity,recovery_6_24,physical,1787,0.0,0.0,361.56855064353664,194.15703024153225,4.561835478455512,0.22775601566871853
nist,no_block_augmentation,sensitivity,recovery_6_24,physical_availability,1787,0.0,0.0,361.56855064353664,149.76485217185282,4.561835478455512,0.23391158365976497
nist,no_block_augmentation,sensitivity,recovery_6_24,physical_recovery,1787,0.0,0.0005595970900951316,361.56855064353664,139.36639078756176,4.561835478455512,0.2305540011191942
nist,no_block_augmentation,sensitivity,recovery_6_24,recency,1787,0.0,0.0,361.56855064353664,267.0236987779097,4.561835478455512,0.22048125349748182
nist,privileged_labels,diagnostic,normal,physical,12416,0.0,0.0,363.20207796391753,191.4743254690519,4.813305412371134,0.233972293814433
nist,privileged_labels,diagnostic,normal,physical_availability,12416,0.0,0.0023356958762886597,363.20207796391753,148.9296779264024,4.813305412371134,0.24814755154639176
nist,privileged_labels,diagnostic,normal,physical_recovery,12416,0.0,0.0033827319587628867,363.20207796391753,145.441313368634,4.813305412371134,0.24597293814432988
nist,privileged_labels,diagnostic,normal,recency,12416,0.0,0.0,363.20207796391753,268.4589006947524,4.813305412371134,0.21746134020618557
nist,privileged_labels,diagnostic,outage,physical,1191,0.0,0.0,358.8497061293031,184.63213757446806,4.558354324097397,0.20654911838790932
nist,privileged_labels,diagnostic,outage,physical_availability,1191,0.0,0.011754827875734676,358.8497061293031,115.19946634781223,4.558354324097397,0.20990764063811923
nist,privileged_labels,diagnostic,outage,physical_recovery,1191,0.0,0.011754827875734676,358.8497061293031,115.19946634781223,4.558354324097397,0.20990764063811923
nist,privileged_labels,diagnostic,outage,recency,1191,0.0,0.0,358.8497061293031,265.0121054213546,4.558354324097397,0.2040302267002519
nist,privileged_labels,diagnostic,recovery_0_6,physical,518,0.0,0.0,370.2316602316602,195.89699933974345,5.111969111969112,0.23745173745173745
nist,privileged_labels,diagnostic,recovery_0_6,physical_availability,518,0.0,0.019305019305019305,370.2316602316602,135.8422294448955,5.111969111969112,0.23745173745173745
nist,privileged_labels,diagnostic,recovery_0_6,physical_recovery,518,0.0,0.04826254826254826,370.2316602316602,139.00290599293464,5.111969111969112,0.2471042471042471
nist,privileged_labels,diagnostic,recovery_0_6,recency,518,0.0,0.0,370.2316602316602,274.0292465738281,5.111969111969112,0.22972972972972974
nist,privileged_labels,diagnostic,recovery_6_24,physical,1787,0.0,0.0,361.56855064353664,193.43552418525766,4.561835478455512,0.2305540011191942
nist,privileged_labels,diagnostic,recovery_6_24,physical_availability,1787,0.0,0.0,361.56855064353664,149.31313386683055,4.561835478455512,0.2518186905428092
nist,privileged_labels,diagnostic,recovery_6_24,physical_recovery,1787,0.0,0.0005595970900951316,361.56855064353664,139.01623206647224,4.561835478455512,0.2484611080022384
nist,privileged_labels,diagnostic,recovery_6_24,recency,1787,0.0,0.0,361.56855064353664,267.0236987779097,4.561835478455512,0.21152770005595972
nist,cross_site_weights,sensitivity,normal,physical,12416,0.0,0.0,363.20207796391753,190.37267571094898,4.813305412371134,0.7038498711340206
nist,cross_site_weights,sensitivity,normal,physical_availability,12416,0.0,0.0023356958762886597,363.20207796391753,148.22213923503688,4.813305412371134,0.7100515463917526
nist,cross_site_weights,sensitivity,normal,physical_recovery,12416,0.0,0.0033827319587628867,363.20207796391753,144.7983137630449,4.813305412371134,0.7181056701030928
nist,cross_site_weights,sensitivity,normal,recency,12416,0.0,0.0,363.20207796391753,268.4589006947524,4.813305412371134,0.8146746134020618
nist,cross_site_weights,sensitivity,outage,physical,1191,0.0,0.0,355.48026868178,190.21933614096923,13.932829554995802,0.9017632241813602
nist,cross_site_weights,sensitivity,outage,physical_availability,1191,0.0,0.012594458438287154,355.48026868178,122.44950183342091,13.932829554995802,0.8832913518052057
nist,cross_site_weights,sensitivity,outage,physical_recovery,1191,0.0,0.012594458438287154,355.48026868178,122.44950183342091,13.932829554995802,0.8832913518052057
nist,cross_site_weights,sensitivity,outage,recency,1191,0.0,0.0,355.48026868178,263.77766890485015,13.932829554995802,0.9689336691855583
nist,cross_site_weights,sensitivity,recovery_0_6,physical,518,0.0,0.0,368.7567567567568,193.83540282286722,5.22007722007722,0.747104247104247
nist,cross_site_weights,sensitivity,recovery_0_6,physical_availability,518,0.0,0.019305019305019305,368.7567567567568,134.88361014675658,5.22007722007722,0.7548262548262549
nist,cross_site_weights,sensitivity,recovery_0_6,physical_recovery,518,0.0,0.04826254826254826,368.7567567567568,138.0774261332276,5.22007722007722,0.7239382239382239
nist,cross_site_weights,sensitivity,recovery_0_6,recency,518,0.0,0.0,368.7567567567568,273.47097172680344,5.22007722007722,0.832046332046332
nist,cross_site_weights,sensitivity,recovery_6_24,physical,1787,0.0,0.0,361.56855064353664,192.32112472171755,4.561835478455512,0.7129266927811976
nist,cross_site_weights,sensitivity,recovery_6_24,physical_availability,1787,0.0,0.0,361.56855064353664,148.64146674792954,4.561835478455512,0.7257974258533856
nist,cross_site_weights,sensitivity,recovery_6_24,physical_recovery,1787,0.0,0.0005595970900951316,361.56855064353664,138.48254639863643,4.561835478455512,0.6961387800783436
nist,cross_site_weights,sensitivity,recovery_6_24,recency,1787,0.0,0.0,361.56855064353664,267.0236987779097,4.561835478455512,0.8192501398992725
nist,stale_transport,sensitivity,normal,physical,12416,0.0,0.0,337.46085695876286,179.61211875362818,4.819748711340206,0.24017396907216496
nist,stale_transport,sensitivity,normal,physical_availability,12416,0.0,0.0016108247422680412,337.46085695876286,131.12970543053444,4.819748711340206,0.25644329896907214
nist,stale_transport,sensitivity,normal,physical_recovery,12416,0.0,0.0023356958762886597,337.46085695876286,128.32306059273063,4.819748711340206,0.25596005154639173
nist,stale_transport,sensitivity,normal,recency,12416,0.0,0.0,337.46085695876286,249.03736483908796,4.819748711340206,0.22326030927835053
nist,stale_transport,sensitivity,outage,physical,1191,0.0,0.0,330.2174643157011,179.43795627053555,13.932829554995802,0.218303946263644
nist,stale_transport,sensitivity,outage,physical_availability,1191,0.0,0.056255247691015954,330.2174643157011,146.11685156627985,13.932829554995802,0.2040302267002519
nist,stale_transport,sensitivity,outage,physical_recovery,1191,0.0,0.056255247691015954,330.2174643157011,146.11685156627985,13.932829554995802,0.2040302267002519
nist,stale_transport,sensitivity,outage,recency,1191,0.0,0.0,330.2174643157011,245.25714612095587,13.932829554995802,0.21494542401343408
nist,stale_transport,sensitivity,recovery_0_6,physical,518,0.0,0.0,342.23359073359075,183.9942077992979,6.378378378378378,0.2471042471042471
nist,stale_transport,sensitivity,recovery_0_6,physical_availability,518,0.0,0.015444015444015444,342.23359073359075,123.24653591198376,6.378378378378378,0.25675675675675674
nist,stale_transport,sensitivity,recovery_0_6,physical_recovery,518,0.0,0.03667953667953668,342.23359073359075,133.06690319926327,6.378378378378378,0.2413127413127413
nist,stale_transport,sensitivity,recovery_0_6,recency,518,0.0,0.0,342.23359073359075,254.5248986433322,6.378378378378378,0.2413127413127413
nist,stale_transport,sensitivity,recovery_6_24,physical,1787,0.0,0.0,329.5405707890319,179.0976098258647,5.040850587576944,0.2730833799664242
nist,stale_transport,sensitivity,recovery_6_24,physical_availability,1787,0.0,0.005595970900951315,329.5405707890319,117.86770765062366,5.040850587576944,0.2825965304980414
nist,stale_transport,sensitivity,recovery_6_24,physical_recovery,1787,0.0,0.005595970900951315,329.5405707890319,112.06734918253869,5.040850587576944,0.2831561275881365
nist,stale_transport,sensitivity,recovery_6_24,recency,1787,0.0,0.0,329.5405707890319,245.56014471024247,5.040850587576944,0.251259093452714
colorado,clean,primary,normal,aci_bounded,15828,0.0,0.0,368.2393858984079,368.2393858984079,4.85841546626232,0.9196360879454132
colorado,clean,primary,normal,mask50,15828,0.0,0.0032853171594642407,368.2393858984079,271.68785387401454,4.85841546626232,0.9092115238817285
colorado,clean,primary,normal,mi_recency,15828,0.0,0.0,368.2393858984079,272.00948697993294,4.85841546626232,0.3881096790497852
colorado,clean,primary,normal,physical,15828,0.0,0.0,368.2393858984079,199.53414784811085,4.85841546626232,0.9370103613848876
colorado,clean,primary,normal,physical_availability,15828,0.0,0.001516300227445034,368.2393858984079,199.27910989850673,4.85841546626232,0.9373894364417488
colorado,clean,primary,normal,physical_recovery,15828,0.0,0.0018953752843062926,368.2393858984079,198.7776488044989,4.85841546626232,0.9368840030326004
colorado,clean,primary,normal,recency,15828,0.0,0.0,368.2393858984079,272.00948697993294,4.85841546626232,0.9087060904725802
colorado,clean,primary,normal,rolling,15828,0.0,0.0,368.2393858984079,368.2393858984079,4.85841546626232,0.9033358605003791
colorado,pv_only,primary,normal,aci_bounded,12384,0.0,0.0,368.92587209302326,368.92587209302326,4.921753875968992,0.9222383720930233
colorado,pv_only,primary,normal,mask50,12384,0.0,0.004198966408268734,368.92587209302326,258.0444341026629,4.921753875968992,0.9073804909560723
colorado,pv_only,primary,normal,mi_recency,12384,0.0,0.0,368.92587209302326,272.5347020097711,4.921753875968992,0.44363695090439276
colorado,pv_only,primary,normal,physical,12384,0.0,0.0,368.92587209302326,199.40420010199247,4.921753875968992,0.9400032299741602
colorado,pv_only,primary,normal,physical_availability,12384,0.0,0.001937984496124031,368.92587209302326,189.59861479404356,4.921753875968992,0.9366925064599483
colorado,pv_only,primary,normal,physical_recovery,12384,0.0,0.001937984496124031,368.92587209302326,179.84497967269678,4.921753875968992,0.9366117571059431
colorado,pv_only,primary,normal,recency,12384,0.0,0.0,368.92587209302326,272.5347020097711,4.921753875968992,0.9125484496124031
colorado,pv_only,primary,normal,rolling,12384,0.0,0.0,368.92587209302326,368.92587209302326,4.921753875968992,0.9052002583979328
colorado,pv_only,primary,partial_restoration,aci_bounded,1173,0.0,0.0,359.97271952259166,359.97271952259166,14.044330775788577,0.8567774936061381
colorado,pv_only,primary,partial_restoration,mask50,1173,0.0,0.08695652173913043,359.97271952259166,229.522317430102,14.044330775788577,0.8422847399829497
colorado,pv_only,primary,partial_restoration,mi_recency,1173,0.0,0.0,359.97271952259166,266.93235286510304,14.044330775788577,0.31628303495311166
colorado,pv_only,primary,partial_restoration,physical,1173,0.0,0.0,359.97271952259166,195.58736562241498,14.044330775788577,0.8780903665814151
colorado,pv_only,primary,partial_restoration,physical_availability,1173,0.0,0.023870417732310314,359.97271952259166,137.39222163911674,14.044330775788577,0.8908780903665814
colorado,pv_only,primary,partial_restoration,physical_recovery,1173,0.0,0.028132992327365727,359.97271952259166,137.3897703195812,14.044330775788577,0.8908780903665814
colorado,pv_only,primary,partial_restoration,recency,1173,0.0,0.0,359.97271952259166,266.93235286510304,14.044330775788577,0.8422847399829497
colorado,pv_only,primary,partial_restoration,rolling,1173,0.0,0.0,359.97271952259166,359.97271952259166,14.044330775788577,0.8465473145780051
colorado,pv_only,primary,recovery_0_6,aci_bounded,509,0.0,0.0,373.1532416502947,373.1532416502947,4.68369351669941,0.9449901768172888
colorado,pv_only,primary,recovery_0_6,mask50,509,0.0,0.0,373.1532416502947,262.7072691353823,4.68369351669941,0.9351669941060904
colorado,pv_only,primary,recovery_0_6,mi_recency,509,0.0,0.0,373.1532416502947,276.3384650798305,4.68369351669941,0.4518664047151277
colorado,pv_only,primary,recovery_0_6,physical,509,0.0,0.0,373.1532416502947,202.12546668932512,4.68369351669941,0.9528487229862476
colorado,pv_only,primary,recovery_0_6,physical_availability,509,0.0,0.0,373.1532416502947,191.31415099340518,4.68369351669941,0.9508840864440079
colorado,pv_only,primary,recovery_0_6,physical_recovery,509,0.0,0.023575638506876228,373.1532416502947,146.59389627716243,4.68369351669941,0.9528487229862476
colorado,pv_only,primary,recovery_0_6,recency,509,0.0,0.0,373.1532416502947,276.3384650798305,4.68369351669941,0.9292730844793713
colorado,pv_only,primary,recovery_0_6,rolling,509,0.0,0.0,373.1532416502947,373.1532416502947,4.68369351669941,0.9351669941060904
colorado,pv_only,primary,recovery_6_24,aci_bounded,1762,0.0,0.0,365.2622020431328,365.2622020431328,4.670261066969353,0.9267877412031782
colorado,pv_only,primary,recovery_6_24,mask50,1762,0.0,0.0,365.2622020431328,255.6105804467294,4.670261066969353,0.91316685584563
colorado,pv_only,primary,recovery_6_24,mi_recency,1762,0.0,0.0,365.2622020431328,269.61197379865024,4.670261066969353,0.48637911464245176
colorado,pv_only,primary,recovery_6_24,physical,1762,0.0,0.0,365.2622020431328,198.53476188848157,4.670261066969353,0.9398410896708286
colorado,pv_only,primary,recovery_6_24,physical_availability,1762,0.0,0.0,365.2622020431328,189.55974558811067,4.670261066969353,0.9353007945516458
colorado,pv_only,primary,recovery_6_24,physical_recovery,1762,0.0,0.0073779795686719635,365.2622020431328,158.68354635484553,4.670261066969353,0.9353007945516458
colorado,pv_only,primary,recovery_6_24,recency,1762,0.0,0.0,365.2622020431328,269.61197379865024,4.670261066969353,0.9216799091940976
colorado,pv_only,primary,recovery_6_24,rolling,1762,0.0,0.0,365.2622020431328,365.2622020431328,4.670261066969353,0.91316685584563
colorado,irradiance_only,primary,normal,aci_bounded,12384,0.0,0.0,368.92587209302326,368.92587209302326,4.921753875968992,0.9135981912144703
colorado,irradiance_only,primary,normal,mask50,12384,0.0,0.004198966408268734,368.92587209302326,258.0444341026629,4.921753875968992,0.906734496124031
colorado,irradiance_only,primary,normal,mi_recency,12384,0.0,0.0,368.92587209302326,272.5347020097711,4.921753875968992,0.37839147286821706
colorado,irradiance_only,primary,normal,physical,12384,0.0,0.0,368.92587209302326,196.5330260795103,4.921753875968992,0.9347545219638242
colorado,irradiance_only,primary,normal,physical_availability,12384,0.0,0.001937984496124031,368.92587209302326,187.93775703033398,4.921753875968992,0.9358850129198967
colorado,irradiance_only,primary,normal,physical_recovery,12384,0.0,0.001937984496124031,368.92587209302326,178.26005207790502,4.921753875968992,0.9361272609819121
colorado,irradiance_only,primary,normal,recency,12384,0.0,0.0,368.92587209302326,272.5347020097711,4.921753875968992,0.9030200258397932
colorado,irradiance_only,primary,normal,rolling,12384,0.0,0.0,368.92587209302326,368.92587209302326,4.921753875968992,0.8954295865633075
colorado,irradiance_only,primary,partial_restoration,aci_bounded,1173,0.0,0.0,363.33162830349534,363.33162830349534,4.5481670929241265,0.9658994032395567
colorado,irradiance_only,primary,partial_restoration,mask50,1173,0.0,0.08695652173913043,363.33162830349534,230.61021462979326,4.5481670929241265,0.959079283887468
colorado,irradiance_only,primary,partial_restoration,mi_recency,1173,0.0,0.0,363.33162830349534,268.18741148381787,4.5481670929241265,0.4416027280477408
colorado,irradiance_only,primary,partial_restoration,physical,1173,0.0,0.0,363.33162830349534,193.25406518605237,4.5481670929241265,0.9624893435635123
colorado,irradiance_only,primary,partial_restoration,physical_availability,1173,0.0,0.017902813299232736,363.33162830349534,119.64237571574272,4.5481670929241265,0.9624893435635123
colorado,irradiance_only,primary,partial_restoration,physical_recovery,1173,0.0,0.020460358056265986,363.33162830349534,119.64077640053108,4.5481670929241265,0.9624893435635123
colorado,irradiance_only,primary,partial_restoration,recency,1173,0.0,0.0,363.33162830349534,268.18741148381787,4.5481670929241265,0.9607843137254902
colorado,irradiance_only,primary,partial_restoration,rolling,1173,0.0,0.0,363.33162830349534,363.33162830349534,4.5481670929241265,0.959079283887468
colorado,irradiance_only,primary,recovery_0_6,aci_bounded,509,0.0,0.0,373.1532416502947,373.1532416502947,4.68369351669941,0.9390962671905697
colorado,irradiance_only,primary,recovery_0_6,mask50,509,0.0,0.0,373.1532416502947,262.7072691353823,4.68369351669941,0.931237721021611
colorado,irradiance_only,primary,recovery_0_6,mi_recency,509,0.0,0.0,373.1532416502947,276.3384650798305,4.68369351669941,0.37721021611001965
colorado,irradiance_only,primary,recovery_0_6,physical,509,0.0,0.0,373.1532416502947,198.22869211968887,4.68369351669941,0.9508840864440079
colorado,irradiance_only,primary,recovery_0_6,physical_availability,509,0.0,0.0,373.1532416502947,189.63693090635672,4.68369351669941,0.9528487229862476
colorado,irradiance_only,primary,recovery_0_6,physical_recovery,509,0.0,0.023575638506876228,373.1532416502947,144.43866484973427,4.68369351669941,0.9528487229862476
colorado,irradiance_only,primary,recovery_0_6,recency,509,0.0,0.0,373.1532416502947,276.3384650798305,4.68369351669941,0.9233791748526523
colorado,irradiance_only,primary,recovery_0_6,rolling,509,0.0,0.0,373.1532416502947,373.1532416502947,4.68369351669941,0.925343811394892
colorado,irradiance_only,primary,recovery_6_24,aci_bounded,1762,0.0,0.0,365.2622020431328,365.2622020431328,4.670261066969353,0.923950056753689
colorado,irradiance_only,primary,recovery_6_24,mask50,1762,0.0,0.0,365.2622020431328,255.6105804467294,4.670261066969353,0.9097616345062429
colorado,irradiance_only,primary,recovery_6_24,mi_recency,1762,0.0,0.0,365.2622020431328,269.61197379865024,4.670261066969353,0.3995459704880817
colorado,irradiance_only,primary,recovery_6_24,physical,1762,0.0,0.0,365.2622020431328,197.4527483589829,4.670261066969353,0.9358683314415437
colorado,irradiance_only,primary,recovery_6_24,physical_availability,1762,0.0,0.0,365.2622020431328,187.31221185540608,4.670261066969353,0.9341657207718501
colorado,irradiance_only,primary,recovery_6_24,physical_recovery,1762,0.0,0.0073779795686719635,365.2622020431328,156.65019869555817,4.670261066969353,0.934733257661748
colorado,irradiance_only,primary,recovery_6_24,recency,1762,0.0,0.0,365.2622020431328,269.61197379865024,4.670261066969353,0.9029511918274687
colorado,irradiance_only,primary,recovery_6_24,rolling,1762,0.0,0.0,365.2622020431328,365.2622020431328,4.670261066969353,0.9046538024971623
colorado,joint_immediate,primary,normal,aci_bounded,12384,0.0,0.0,368.92587209302326,368.92587209302326,4.921753875968992,0.9187661498708011
colorado,joint_immediate,primary,normal,mask50,12384,0.0,0.004198966408268734,368.92587209302326,258.0444341026629,4.921753875968992,0.9075419896640827
colorado,joint_immediate,primary,normal,mi_recency,12384,0.0,0.0,368.92587209302326,272.5347020097711,4.921753875968992,0.4416182170542636
colorado,joint_immediate,primary,normal,physical,12384,0.0,0.0,368.92587209302326,195.65595008969163,4.921753875968992,0.9368540051679587
colorado,joint_immediate,primary,normal,physical_availability,12384,0.0,0.001937984496124031,368.92587209302326,187.64094171074169,4.921753875968992,0.9362080103359173
colorado,joint_immediate,primary,normal,physical_recovery,12384,0.0,0.001937984496124031,368.92587209302326,178.36059704225076,4.921753875968992,0.9371770025839793
colorado,joint_immediate,primary,normal,recency,12384,0.0,0.0,368.92587209302326,272.5347020097711,4.921753875968992,0.908187984496124
colorado,joint_immediate,primary,normal,rolling,12384,0.0,0.0,368.92587209302326,368.92587209302326,4.921753875968992,0.9022125322997416
colorado,joint_immediate,primary,outage,aci_bounded,1173,0.0,0.0,359.97271952259166,359.97271952259166,14.044330775788577,0.9241261722080136
colorado,joint_immediate,primary,outage,mask50,1173,0.0,0.08695652173913043,359.97271952259166,229.522317430102,14.044330775788577,0.9173060528559249
colorado,joint_immediate,primary,outage,mi_recency,1173,0.0,0.0,359.97271952259166,266.93235286510304,14.044330775788577,0.31628303495311166
colorado,joint_immediate,primary,outage,physical,1173,0.0,0.0,359.97271952259166,196.09324716549628,14.044330775788577,0.9309462915601023
colorado,joint_immediate,primary,outage,physical_availability,1173,0.0,0.023017902813299233,359.97271952259166,124.23749528000923,14.044330775788577,0.9258312020460358
colorado,joint_immediate,primary,outage,physical_recovery,1173,0.0,0.023017902813299233,359.97271952259166,124.23749528000923,14.044330775788577,0.9258312020460358
colorado,joint_immediate,primary,outage,recency,1173,0.0,0.0,359.97271952259166,266.93235286510304,14.044330775788577,0.9130434782608695
colorado,joint_immediate,primary,outage,rolling,1173,0.0,0.0,359.97271952259166,359.97271952259166,14.044330775788577,0.9190110826939472
colorado,joint_immediate,primary,recovery_0_6,aci_bounded,509,0.0,0.0,373.1532416502947,373.1532416502947,4.68369351669941,0.9508840864440079
colorado,joint_immediate,primary,recovery_0_6,mask50,509,0.0,0.0,373.1532416502947,262.7072691353823,4.68369351669941,0.9332023575638507
colorado,joint_immediate,primary,recovery_0_6,mi_recency,509,0.0,0.0,373.1532416502947,276.3384650798305,4.68369351669941,0.4381139489194499
colorado,joint_immediate,primary,recovery_0_6,physical,509,0.0,0.0,373.1532416502947,197.19543965153187,4.68369351669941,0.9528487229862476
colorado,joint_immediate,primary,recovery_0_6,physical_availability,509,0.0,0.0,373.1532416502947,189.31621657110344,4.68369351669941,0.9528487229862476
colorado,joint_immediate,primary,recovery_0_6,physical_recovery,509,0.0,0.01768172888015717,373.1532416502947,143.9020183429847,4.68369351669941,0.9528487229862476
colorado,joint_immediate,primary,recovery_0_6,recency,509,0.0,0.0,373.1532416502947,276.3384650798305,4.68369351669941,0.925343811394892
colorado,joint_immediate,primary,recovery_0_6,rolling,509,0.0,0.0,373.1532416502947,373.1532416502947,4.68369351669941,0.9292730844793713
colorado,joint_immediate,primary,recovery_6_24,aci_bounded,1762,0.0,0.0,365.2622020431328,365.2622020431328,4.670261066969353,0.9279228149829739
colorado,joint_immediate,primary,recovery_6_24,mask50,1762,0.0,0.0,365.2622020431328,255.6105804467294,4.670261066969353,0.9125993189557321
colorado,joint_immediate,primary,recovery_6_24,mi_recency,1762,0.0,0.0,365.2622020431328,269.61197379865024,4.670261066969353,0.46878547105561863
colorado,joint_immediate,primary,recovery_6_24,physical,1762,0.0,0.0,365.2622020431328,196.5643602087222,4.670261066969353,0.9353007945516458
colorado,joint_immediate,primary,recovery_6_24,physical_availability,1762,0.0,0.0,365.2622020431328,186.92903844174336,4.670261066969353,0.9358683314415437
colorado,joint_immediate,primary,recovery_6_24,physical_recovery,1762,0.0,0.0,365.2622020431328,156.5446165853204,4.670261066969353,0.9358683314415437
colorado,joint_immediate,primary,recovery_6_24,recency,1762,0.0,0.0,365.2622020431328,269.61197379865024,4.670261066969353,0.916572077185017
colorado,joint_immediate,primary,recovery_6_24,rolling,1762,0.0,0.0,365.2622020431328,365.2622020431328,4.670261066969353,0.9103291713961408
colorado,joint_gradual,primary,normal,aci_bounded,12384,0.0,0.0,368.92587209302326,368.92587209302326,4.921753875968992,0.9185239018087855
colorado,joint_gradual,primary,normal,mask50,12384,0.0,0.004198966408268734,368.92587209302326,254.79033737252482,4.921753875968992,0.9070574935400517
colorado,joint_gradual,primary,normal,mi_recency,12384,0.0,0.0,368.92587209302326,272.5347020097711,4.921753875968992,0.44492894056847543
colorado,joint_gradual,primary,normal,physical,12384,0.0,0.0,368.92587209302326,195.6287081373786,4.921753875968992,0.9367732558139535
colorado,joint_gradual,primary,normal,physical_availability,12384,0.0,0.0011304909560723513,368.92587209302326,185.52132751336526,4.921753875968992,0.9368540051679587
colorado,joint_gradual,primary,normal,physical_recovery,12384,0.0,0.001937984496124031,368.92587209302326,178.25408856655156,4.921753875968992,0.9369347545219638
colorado,joint_gradual,primary,normal,recency,12384,0.0,0.0,368.92587209302326,272.5347020097711,4.921753875968992,0.9085917312661499
colorado,joint_gradual,primary,normal,rolling,12384,0.0,0.0,368.92587209302326,368.92587209302326,4.921753875968992,0.9026970284237726
colorado,joint_gradual,primary,outage,aci_bounded,1173,0.0,0.0,359.97271952259166,359.97271952259166,14.044330775788577,0.9249786871270247
colorado,joint_gradual,primary,outage,mask50,1173,0.0,0.08695652173913043,359.97271952259166,229.522317430102,14.044330775788577,0.9173060528559249
colorado,joint_gradual,primary,outage,mi_recency,1173,0.0,0.0,359.97271952259166,266.93235286510304,14.044330775788577,0.3248081841432225
colorado,joint_gradual,primary,outage,physical,1173,0.0,0.0,359.97271952259166,196.13749125862756,14.044330775788577,0.9309462915601023
colorado,joint_gradual,primary,outage,physical_availability,1173,0.0,0.023017902813299233,359.97271952259166,124.26283131742261,14.044330775788577,0.9258312020460358
colorado,joint_gradual,primary,outage,physical_recovery,1173,0.0,0.023017902813299233,359.97271952259166,124.26283131742261,14.044330775788577,0.9258312020460358
colorado,joint_gradual,primary,outage,recency,1173,0.0,0.0,359.97271952259166,266.93235286510304,14.044330775788577,0.9138959931798807
colorado,joint_gradual,primary,outage,rolling,1173,0.0,0.0,359.97271952259166,359.97271952259166,14.044330775788577,0.9190110826939472
colorado,joint_gradual,primary,recovery_0_6,aci_bounded,509,0.0,0.0,371.4066797642436,371.4066797642436,4.81532416502947,0.9332023575638507
colorado,joint_gradual,primary,recovery_0_6,mask50,509,0.0,0.0550098231827112,371.4066797642436,247.84697054630195,4.81532416502947,0.9155206286836935
colorado,joint_gradual,primary,recovery_0_6,mi_recency,509,0.0,0.0,371.4066797642436,275.64255435601063,4.81532416502947,0.44204322200392926
colorado,joint_gradual,primary,recovery_0_6,physical,509,0.0,0.0,371.4066797642436,197.06846495625297,4.81532416502947,0.9449901768172888
colorado,joint_gradual,primary,recovery_0_6,physical_availability,509,0.0,0.003929273084479371,371.4066797642436,171.06765205890764,4.81532416502947,0.9469548133595285
colorado,joint_gradual,primary,recovery_0_6,physical_recovery,509,0.0,0.0412573673870334,371.4066797642436,151.3850113258651,4.81532416502947,0.9449901768172888
colorado,joint_gradual,primary,recovery_0_6,recency,509,0.0,0.0,371.4066797642436,275.64255435601063,4.81532416502947,0.9194499017681729
colorado,joint_gradual,primary,recovery_0_6,rolling,509,0.0,0.0,371.4066797642436,371.4066797642436,4.81532416502947,0.9194499017681729
colorado,joint_gradual,primary,recovery_6_24,aci_bounded,1762,0.0,0.0,365.2622020431328,365.2622020431328,4.670261066969353,0.927355278093076
colorado,joint_gradual,primary,recovery_6_24,mask50,1762,0.0,0.0,365.2622020431328,252.4867798216269,4.670261066969353,0.9108967082860386
colorado,joint_gradual,primary,recovery_6_24,mi_recency,1762,0.0,0.0,365.2622020431328,269.61197379865024,4.670261066969353,0.46935300794551643
colorado,joint_gradual,primary,recovery_6_24,physical,1762,0.0,0.0,365.2622020431328,196.4904486932241,4.670261066969353,0.9341657207718501
colorado,joint_gradual,primary,recovery_6_24,physical_availability,1762,0.0,0.0,365.2622020431328,184.37707971994746,4.670261066969353,0.9358683314415437
colorado,joint_gradual,primary,recovery_6_24,physical_recovery,1762,0.0,0.0,365.2622020431328,156.43015020099372,4.670261066969353,0.9358683314415437
colorado,joint_gradual,primary,recovery_6_24,recency,1762,0.0,0.0,365.2622020431328,269.61197379865024,4.670261066969353,0.9154370034052214
colorado,joint_gradual,primary,recovery_6_24,rolling,1762,0.0,0.0,365.2622020431328,365.2622020431328,4.670261066969353,0.9103291713961408
colorado,joint_none,primary,normal,aci_bounded,12384,0.0,0.0,342.1463985788114,342.1463985788114,4.921753875968992,0.9229651162790697
colorado,joint_none,primary,normal,mask50,12384,0.0,0.003714470284237726,342.1463985788114,202.89534695596535,4.921753875968992,0.9099644702842378
colorado,joint_none,primary,normal,mi_recency,12384,0.0,0.0,342.1463985788114,252.31071263531618,4.921753875968992,0.4814276485788114
colorado,joint_none,primary,normal,physical,12384,0.0,0.0,342.1463985788114,183.41934354425047,4.921753875968992,0.9453326873385013
colorado,joint_none,primary,normal,physical_availability,12384,0.0,0.0011304909560723513,342.1463985788114,151.58051416727193,4.921753875968992,0.9421834625322998
colorado,joint_none,primary,normal,physical_recovery,12384,0.0,0.0011304909560723513,342.1463985788114,151.32843852280257,4.921753875968992,0.9420219638242894
colorado,joint_none,primary,normal,recency,12384,0.0,0.0,342.1463985788114,252.31071263531618,4.921753875968992,0.9145671834625323
colorado,joint_none,primary,normal,rolling,12384,0.0,0.0,342.1463985788114,342.1463985788114,4.921753875968992,0.9092377260981912
colorado,joint_none,primary,outage,aci_bounded,1173,0.0,0.0,333.4919011082694,333.4919011082694,14.044330775788577,0.9317988064791134
colorado,joint_none,primary,outage,mask50,1173,0.0,0.8269394714407502,333.4919011082694,241.39700538236775,14.044330775788577,0.9249786871270247
colorado,joint_none,primary,outage,mi_recency,1173,0.0,0.0,333.4919011082694,247.3422355623898,14.044330775788577,0.3554987212276215
colorado,joint_none,primary,outage,physical,1173,0.0,0.0,333.4919011082694,185.11623838524534,14.044330775788577,0.9360613810741688
colorado,joint_none,primary,outage,physical_availability,1173,0.0,0.3290707587382779,333.4919011082694,157.46785659367907,14.044330775788577,0.9326513213981245
colorado,joint_none,primary,outage,physical_recovery,1173,0.0,0.3290707587382779,333.4919011082694,157.46785659367907,14.044330775788577,0.9326513213981245
colorado,joint_none,primary,outage,recency,1173,0.0,0.0,333.4919011082694,247.3422355623898,14.044330775788577,0.9258312020460358
colorado,joint_none,primary,outage,rolling,1173,0.0,0.0,333.4919011082694,333.4919011082694,14.044330775788577,0.9258312020460358
colorado,joint_none,primary,recovery_0_6,aci_bounded,509,0.0,0.0,343.61689587426326,343.61689587426326,5.699410609037328,0.9587426326129665
colorado,joint_none,primary,recovery_0_6,mask50,509,0.0,0.10412573673870335,343.61689587426326,222.92612711792478,5.699410609037328,0.9508840864440079
colorado,joint_none,primary,recovery_0_6,mi_recency,509,0.0,0.0,343.61689587426326,255.83439751300003,5.699410609037328,0.44793713163064836
colorado,joint_none,primary,recovery_0_6,physical,509,0.0,0.0,343.61689587426326,186.20176790331303,5.699410609037328,0.9724950884086444
colorado,joint_none,primary,recovery_0_6,physical_availability,509,0.0,0.0,343.61689587426326,108.37826148579765,5.699410609037328,0.9685658153241651
colorado,joint_none,primary,recovery_0_6,physical_recovery,509,0.0,0.01768172888015717,343.61689587426326,134.65819928867091,5.699410609037328,0.9685658153241651
colorado,joint_none,primary,recovery_0_6,recency,509,0.0,0.0,343.61689587426326,255.83439751300003,5.699410609037328,0.9528487229862476
colorado,joint_none,primary,recovery_0_6,rolling,509,0.0,0.0,343.61689587426326,343.61689587426326,5.699410609037328,0.9607072691552063
colorado,joint_none,primary,recovery_6_24,aci_bounded,1762,0.0,0.0,331.8496027241771,331.8496027241771,5.6577752553916,0.8138479001135074
colorado,joint_none,primary,recovery_6_24,mask50,1762,0.0,0.06980703745743473,331.8496027241771,213.98726942049,5.6577752553916,0.7956867196367764
colorado,joint_none,primary,recovery_6_24,mi_recency,1762,0.0,0.0,331.8496027241771,247.1003447537253,5.6577752553916,0.40124858115777523
colorado,joint_none,primary,recovery_6_24,physical,1762,0.0,0.0,331.8496027241771,181.56014872566772,5.6577752553916,0.8178206583427923
colorado,joint_none,primary,recovery_6_24,physical_availability,1762,0.0,0.0,331.8496027241771,110.53808026082507,5.6577752553916,0.8450624290578888
colorado,joint_none,primary,recovery_6_24,physical_recovery,1762,0.0,0.0,331.8496027241771,114.37847030503033,5.6577752553916,0.8376844494892168
colorado,joint_none,primary,recovery_6_24,recency,1762,0.0,0.0,331.8496027241771,247.1003447537253,5.6577752553916,0.7883087400681045
colorado,joint_none,primary,recovery_6_24,rolling,1762,0.0,0.0,331.8496027241771,331.8496027241771,5.6577752553916,0.7849035187287173
colorado,irradiance_first,primary,normal,aci_bounded,12115,0.0,0.0,368.81378456458935,368.81378456458935,4.933058192323566,0.9201815930664465
colorado,irradiance_first,primary,normal,mask50,12115,0.0,0.004292199752373091,368.81378456458935,250.65139426228123,4.933058192323566,0.9074700784151878
colorado,irradiance_first,primary,normal,mi_recency,12115,0.0,0.0,368.81378456458935,272.4307173177333,4.933058192323566,0.4566240198101527
colorado,irradiance_first,primary,normal,physical,12115,0.0,0.0,368.81378456458935,195.30948216992977,4.933058192323566,0.9386710689228229
colorado,irradiance_first,primary,normal,physical_availability,12115,0.0,0.001981015270326042,368.81378456458935,182.60782174291273,4.933058192323566,0.9363598844407759
colorado,irradiance_first,primary,normal,physical_recovery,12115,0.0,0.001981015270326042,368.81378456458935,175.68894611111662,4.933058192323566,0.9375154766817995
colorado,irradiance_first,primary,normal,recency,12115,0.0,0.0,368.81378456458935,272.4307173177333,4.933058192323566,0.9102765167148164
colorado,irradiance_first,primary,normal,rolling,12115,0.0,0.0,368.81378456458935,368.81378456458935,4.933058192323566,0.9028477094510937
colorado,irradiance_first,primary,outage,aci_bounded,1173,0.0,0.0,359.97271952259166,359.97271952259166,14.044330775788577,0.9266837169650469
colorado,irradiance_first,primary,outage,mask50,1173,0.0,0.08695652173913043,359.97271952259166,229.522317430102,14.044330775788577,0.9190110826939472
colorado,irradiance_first,primary,outage,mi_recency,1173,0.0,0.0,359.97271952259166,266.93235286510304,14.044330775788577,0.33418584825234443
colorado,irradiance_first,primary,outage,physical,1173,0.0,0.0,359.97271952259166,196.0741986506828,14.044330775788577,0.9292412617220801
colorado,irradiance_first,primary,outage,physical_availability,1173,0.0,0.023017902813299233,359.97271952259166,124.22921514645589,14.044330775788577,0.927536231884058
colorado,irradiance_first,primary,outage,physical_recovery,1173,0.0,0.023017902813299233,359.97271952259166,124.22921514645589,14.044330775788577,0.927536231884058
colorado,irradiance_first,primary,outage,recency,1173,0.0,0.0,359.97271952259166,266.93235286510304,14.044330775788577,0.9156010230179028
colorado,irradiance_first,primary,outage,rolling,1173,0.0,0.0,359.97271952259166,359.97271952259166,14.044330775788577,0.9207161125319693
colorado,irradiance_first,primary,partial_restoration,aci_bounded,268,0.0,0.0,367.77985074626866,367.77985074626866,19.42910447761194,0.8805970149253731
colorado,irradiance_first,primary,partial_restoration,mask50,268,0.0,0.1044776119402985,367.77985074626866,236.78311551759413,19.42910447761194,0.8656716417910447
colorado,irradiance_first,primary,partial_restoration,mi_recency,268,0.0,0.0,367.77985074626866,274.66549306437315,19.42910447761194,0.34701492537313433
colorado,irradiance_first,primary,partial_restoration,physical,268,0.0,0.0,367.77985074626866,195.15658979833717,19.42910447761194,0.9067164179104478
colorado,irradiance_first,primary,partial_restoration,physical_availability,268,0.0,0.05970149253731343,367.77985074626866,154.09177925281713,19.42910447761194,0.9029850746268657
colorado,irradiance_first,primary,partial_restoration,physical_recovery,268,0.0,0.05970149253731343,367.77985074626866,154.09177925281713,19.42910447761194,0.9029850746268657
colorado,irradiance_first,primary,partial_restoration,recency,268,0.0,0.0,367.77985074626866,274.66549306437315,19.42910447761194,0.8619402985074627
colorado,irradiance_first,primary,partial_restoration,rolling,268,0.0,0.0,367.77985074626866,367.77985074626866,19.42910447761194,0.8656716417910447
colorado,irradiance_first,primary,recovery_0_6,aci_bounded,523,0.0,0.0,371.06692160611857,371.06692160611857,5.330783938814531,0.8852772466539197
colorado,irradiance_first,primary,recovery_0_6,mask50,523,0.0,0.05736137667304015,371.06692160611857,244.07416083069185,5.330783938814531,0.8565965583173997
colorado,irradiance_first,primary,recovery_0_6,mi_recency,523,0.0,0.0,371.06692160611857,274.6446641320458,5.330783938814531,0.4397705544933078
colorado,irradiance_first,primary,recovery_0_6,physical,523,0.0,0.0,371.06692160611857,195.5369148668596,5.330783938814531,0.9005736137667304
colorado,irradiance_first,primary,recovery_0_6,physical_availability,523,0.0,0.0248565965583174,371.06692160611857,168.7986377434763,5.330783938814531,0.904397705544933
colorado,irradiance_first,primary,recovery_0_6,physical_recovery,523,0.0,0.0248565965583174,371.06692160611857,152.85804885675242,5.330783938814531,0.9024856596558317
colorado,irradiance_first,primary,recovery_0_6,recency,523,0.0,0.0,371.06692160611857,274.6446641320458,5.330783938814531,0.8604206500956023
colorado,irradiance_first,primary,recovery_0_6,rolling,523,0.0,0.0,371.06692160611857,371.06692160611857,5.330783938814531,0.8527724665391969
colorado,irradiance_first,primary,recovery_6_24,aci_bounded,1749,0.0,0.0,365.32761578044597,365.32761578044597,4.513436249285306,0.9256718124642653
colorado,irradiance_first,primary,recovery_6_24,mask50,1749,0.0,0.0,365.32761578044597,248.50268899700674,4.513436249285306,0.9102344196683819
colorado,irradiance_first,primary,recovery_6_24,mi_recency,1749,0.0,0.0,365.32761578044597,269.88583085751446,4.513436249285306,0.4779874213836478
colorado,irradiance_first,primary,recovery_6_24,physical,1749,0.0,0.0,365.32761578044597,196.62253950050032,4.513436249285306,0.9336763865065751
colorado,irradiance_first,primary,recovery_6_24,physical_availability,1749,0.0,0.0,365.32761578044597,181.14793650122024,4.513436249285306,0.9336763865065751
colorado,irradiance_first,primary,recovery_6_24,physical_recovery,1749,0.0,0.007432818753573471,365.32761578044597,161.09456976510123,4.513436249285306,0.9296740994854202
colorado,irradiance_first,primary,recovery_6_24,recency,1749,0.0,0.0,365.32761578044597,269.88583085751446,4.513436249285306,0.9182389937106918
colorado,irradiance_first,primary,recovery_6_24,rolling,1749,0.0,0.0,365.32761578044597,365.32761578044597,4.513436249285306,0.9113779302458548
colorado,pv_first,primary,normal,aci_bounded,12115,0.0,0.0,368.81378456458935,368.81378456458935,4.933058192323566,0.9163021048287248
colorado,pv_first,primary,normal,mask50,12115,0.0,0.004292199752373091,368.81378456458935,250.65139426228123,4.933058192323566,0.906562113082955
colorado,pv_first,primary,normal,mi_recency,12115,0.0,0.0,368.81378456458935,272.4307173177333,4.933058192323566,0.4389599669830788
colorado,pv_first,primary,normal,physical,12115,0.0,0.0,368.81378456458935,194.49956648746019,4.933058192323566,0.9358646306231944
colorado,pv_first,primary,normal,physical_availability,12115,0.0,0.001981015270326042,368.81378456458935,182.30275681748196,4.933058192323566,0.9357820883202641
colorado,pv_first,primary,normal,physical_recovery,12115,0.0,0.001981015270326042,368.81378456458935,175.39246032072333,4.933058192323566,0.9367725959554272
colorado,pv_first,primary,normal,recency,12115,0.0,0.0,368.81378456458935,272.4307173177333,4.933058192323566,0.9063144861741642
colorado,pv_first,primary,normal,rolling,12115,0.0,0.0,368.81378456458935,368.81378456458935,4.933058192323566,0.9003714403631862
colorado,pv_first,primary,outage,aci_bounded,1173,0.0,0.0,359.97271952259166,359.97271952259166,14.044330775788577,0.9232736572890026
colorado,pv_first,primary,outage,mask50,1173,0.0,0.08695652173913043,359.97271952259166,229.522317430102,14.044330775788577,0.9156010230179028
colorado,pv_first,primary,outage,mi_recency,1173,0.0,0.0,359.97271952259166,266.93235286510304,14.044330775788577,0.3154305200341006
colorado,pv_first,primary,outage,physical,1173,0.0,0.0,359.97271952259166,195.71418698254053,14.044330775788577,0.9300937766410913
colorado,pv_first,primary,outage,physical_availability,1173,0.0,0.023017902813299233,359.97271952259166,124.48347224568705,14.044330775788577,0.9232736572890026
colorado,pv_first,primary,outage,physical_recovery,1173,0.0,0.023017902813299233,359.97271952259166,124.48347224568705,14.044330775788577,0.9232736572890026
colorado,pv_first,primary,outage,recency,1173,0.0,0.0,359.97271952259166,266.93235286510304,14.044330775788577,0.9138959931798807
colorado,pv_first,primary,outage,rolling,1173,0.0,0.0,359.97271952259166,359.97271952259166,14.044330775788577,0.9181585677749361
colorado,pv_first,primary,partial_restoration,aci_bounded,268,0.0,0.0,370.3880597014925,370.3880597014925,4.802238805970149,0.9552238805970149
colorado,pv_first,primary,partial_restoration,mask50,268,0.0,0.1044776119402985,370.3880597014925,237.61649907855235,4.802238805970149,0.9514925373134329
colorado,pv_first,primary,partial_restoration,mi_recency,268,0.0,0.0,370.3880597014925,275.62740135071283,4.802238805970149,0.458955223880597
colorado,pv_first,primary,partial_restoration,physical,268,0.0,0.0,370.3880597014925,183.50307256704843,4.802238805970149,0.9626865671641791
colorado,pv_first,primary,partial_restoration,physical_availability,268,0.0,0.041044776119402986,370.3880597014925,136.60108764850443,4.802238805970149,0.9626865671641791
colorado,pv_first,primary,partial_restoration,physical_recovery,268,0.0,0.041044776119402986,370.3880597014925,136.60108764850443,4.802238805970149,0.9626865671641791
colorado,pv_first,primary,partial_restoration,recency,268,0.0,0.0,370.3880597014925,275.62740135071283,4.802238805970149,0.9514925373134329
colorado,pv_first,primary,partial_restoration,rolling,268,0.0,0.0,370.3880597014925,370.3880597014925,4.802238805970149,0.9589552238805971
colorado,pv_first,primary,recovery_0_6,aci_bounded,523,0.0,0.0,372.8776290630975,372.8776290630975,5.135755258126195,0.9502868068833652
colorado,pv_first,primary,recovery_0_6,mask50,523,0.0,0.05736137667304015,372.8776290630975,244.70719536139316,5.135755258126195,0.9273422562141491
colorado,pv_first,primary,recovery_0_6,mi_recency,523,0.0,0.0,372.8776290630975,275.3948482854933,5.135755258126195,0.4646271510516252
colorado,pv_first,primary,recovery_0_6,physical,523,0.0,0.0,372.8776290630975,195.69044495111567,5.135755258126195,0.9617590822179732
colorado,pv_first,primary,recovery_0_6,physical_availability,523,0.0,0.0248565965583174,372.8776290630975,169.10380945673717,5.135755258126195,0.9636711281070746
colorado,pv_first,primary,recovery_0_6,physical_recovery,523,0.0,0.0248565965583174,372.8776290630975,153.10149359046179,5.135755258126195,0.9579349904397706
colorado,pv_first,primary,recovery_0_6,recency,523,0.0,0.0,372.8776290630975,275.3948482854933,5.135755258126195,0.9292543021032504
colorado,pv_first,primary,recovery_0_6,rolling,523,0.0,0.0,372.8776290630975,372.8776290630975,5.135755258126195,0.9196940726577438
colorado,pv_first,primary,recovery_6_24,aci_bounded,1749,0.0,0.0,365.32761578044597,365.32761578044597,4.513436249285306,0.9205260148656375
colorado,pv_first,primary,recovery_6_24,mask50,1749,0.0,0.0,365.32761578044597,248.50268899700674,4.513436249285306,0.9102344196683819
colorado,pv_first,primary,recovery_6_24,mi_recency,1749,0.0,0.0,365.32761578044597,269.88583085751446,4.513436249285306,0.465980560320183
colorado,pv_first,primary,recovery_6_24,physical,1749,0.0,0.0,365.32761578044597,195.87504027254838,4.513436249285306,0.9302458547741567
colorado,pv_first,primary,recovery_6_24,physical_availability,1749,0.0,0.0,365.32761578044597,180.76577228578114,4.513436249285306,0.9331046312178388
colorado,pv_first,primary,recovery_6_24,physical_recovery,1749,0.0,0.007432818753573471,365.32761578044597,160.64556746814853,4.513436249285306,0.9302458547741567
colorado,pv_first,primary,recovery_6_24,recency,1749,0.0,0.0,365.32761578044597,269.88583085751446,4.513436249285306,0.9096626643796455
colorado,pv_first,primary,recovery_6_24,rolling,1749,0.0,0.0,365.32761578044597,365.32761578044597,4.513436249285306,0.9085191538021726
colorado,duration_6h,sensitivity,normal,physical,12962,0.0,0.0,368.66293781823794,197.95505469001796,4.892763462428637,0.93450084863447
colorado,duration_6h,sensitivity,normal,physical_availability,12962,0.0,0.001311525999074217,368.66293781823794,191.80003305842808,4.892763462428637,0.9350408887517359
colorado,duration_6h,sensitivity,normal,physical_recovery,12962,0.0,0.001851566116340071,368.66293781823794,184.29762615124744,4.892763462428637,0.9343465514581083
colorado,duration_6h,sensitivity,normal,recency,12962,0.0,0.0,368.66293781823794,272.36719266256534,4.892763462428637,0.9067273568893689
colorado,duration_6h,sensitivity,outage,physical,598,0.0,0.0,361.25418060200667,200.5378148098121,10.693979933110368,0.9247491638795987
colorado,duration_6h,sensitivity,outage,physical_availability,598,0.0,0.05518394648829431,361.25418060200667,150.2560996076988,10.693979933110368,0.9147157190635451
colorado,duration_6h,sensitivity,outage,physical_recovery,598,0.0,0.05518394648829431,361.25418060200667,150.2560996076988,10.693979933110368,0.9147157190635451
colorado,duration_6h,sensitivity,outage,recency,598,0.0,0.0,361.25418060200667,266.9323621479289,10.693979933110368,0.903010033444816
colorado,duration_6h,sensitivity,recovery_0_6,physical,575,0.0,0.0,362.3895652173913,195.79381496711105,4.236521739130435,0.9339130434782609
colorado,duration_6h,sensitivity,recovery_0_6,physical_availability,575,0.0,0.008695652173913044,362.3895652173913,180.82666488549668,4.236521739130435,0.928695652173913
colorado,duration_6h,sensitivity,recovery_0_6,physical_recovery,575,0.0,0.03826086956521739,362.3895652173913,155.97094118855432,4.236521739130435,0.928695652173913
colorado,duration_6h,sensitivity,recovery_0_6,recency,575,0.0,0.0,362.3895652173913,268.331318749518,4.236521739130435,0.9095652173913044
colorado,duration_6h,sensitivity,recovery_6_24,physical,1693,0.0,0.0,368.39692852923804,199.24045691029977,4.810395747194329,0.9527466036621383
colorado,duration_6h,sensitivity,recovery_6_24,physical_availability,1693,0.0,0.0,368.39692852923804,192.78954192068247,4.810395747194329,0.9527466036621383
colorado,duration_6h,sensitivity,recovery_6_24,physical_recovery,1693,0.0,0.0,368.39692852923804,164.04431263966543,4.810395747194329,0.954518606024808
colorado,duration_6h,sensitivity,recovery_6_24,recency,1693,0.0,0.0,368.39692852923804,271.9189456324209,4.810395747194329,0.9297105729474306
colorado,duration_24h,sensitivity,normal,physical,11288,0.0,0.0,368.68311481218996,185.70368576167607,4.937898653437278,0.9376328844790929
colorado,duration_24h,sensitivity,normal,physical_availability,11288,0.0,0.001151665485471297,368.68311481218996,169.90526613351497,4.937898653437278,0.9374557051736357
colorado,duration_24h,sensitivity,normal,physical_recovery,11288,0.0,0.001151665485471297,368.68311481218996,165.12843086438474,4.937898653437278,0.9367469879518072
colorado,duration_24h,sensitivity,normal,recency,11288,0.0,0.0,368.68311481218996,272.3498799563609,4.937898653437278,0.9080439404677534
colorado,duration_24h,sensitivity,outage,physical,2268,0.0,0.0,361.23059964726633,166.45139293642657,18.185185185185187,0.9409171075837742
colorado,duration_24h,sensitivity,outage,physical_availability,2268,0.0,0.011904761904761904,361.23059964726633,102.41069747442657,18.185185185185187,0.937389770723104
colorado,duration_24h,sensitivity,outage,physical_recovery,2268,0.0,0.011904761904761904,361.23059964726633,102.41069747442657,18.185185185185187,0.937389770723104
colorado,duration_24h,sensitivity,outage,recency,2268,0.0,0.0,361.23059964726633,268.81831559816663,18.185185185185187,0.9281305114638448
colorado,duration_24h,sensitivity,recovery_0_6,physical,598,0.0,0.0,357.82107023411373,189.69902752469224,6.714046822742475,0.9515050167224081
colorado,duration_24h,sensitivity,recovery_0_6,physical_availability,598,0.0,0.026755852842809364,357.82107023411373,145.57025362312473,6.714046822742475,0.9498327759197325
colorado,duration_24h,sensitivity,recovery_0_6,physical_recovery,598,0.0,0.05016722408026756,357.82107023411373,153.14923919432925,6.714046822742475,0.9515050167224081
colorado,duration_24h,sensitivity,recovery_0_6,recency,598,0.0,0.0,357.82107023411373,265.4752437562502,6.714046822742475,0.9297658862876255
colorado,duration_24h,sensitivity,recovery_6_24,physical,1674,0.0,0.0,368.5268817204301,187.0546502055275,4.588410991636798,0.9223416965352449
colorado,duration_24h,sensitivity,recovery_6_24,physical_availability,1674,0.0,0.0,368.5268817204301,168.33351464542756,4.588410991636798,0.9217443249701314
colorado,duration_24h,sensitivity,recovery_6_24,physical_recovery,1674,0.0,0.0035842293906810036,368.5268817204301,149.7023024937358,4.588410991636798,0.9229390681003584
colorado,duration_24h,sensitivity,recovery_6_24,recency,1674,0.0,0.0,368.5268817204301,272.4839344950835,4.588410991636798,0.8966547192353644
colorado,backfill_60min,sensitivity,normal,physical,12384,0.0,0.0,368.92587209302326,195.6101894128466,4.921753875968992,0.9356427648578811
colorado,backfill_60min,sensitivity,normal,physical_availability,12384,0.0,0.0011304909560723513,368.92587209302326,178.8104339225616,4.921753875968992,0.936531007751938
colorado,backfill_60min,sensitivity,normal,physical_recovery,12384,0.0,0.001937984496124031,368.92587209302326,178.04376892090633,4.921753875968992,0.9372577519379846
colorado,backfill_60min,sensitivity,normal,recency,12384,0.0,0.0,368.92587209302326,272.5347020097711,4.921753875968992,0.9055232558139535
colorado,backfill_60min,sensitivity,outage,physical,1173,0.0,0.0,359.97271952259166,196.29415724455924,14.044330775788577,0.9309462915601023
colorado,backfill_60min,sensitivity,outage,physical_availability,1173,0.0,0.023017902813299233,359.97271952259166,124.34523846589455,14.044330775788577,0.9241261722080136
colorado,backfill_60min,sensitivity,outage,physical_recovery,1173,0.0,0.023017902813299233,359.97271952259166,124.34523846589455,14.044330775788577,0.9241261722080136
colorado,backfill_60min,sensitivity,outage,recency,1173,0.0,0.0,359.97271952259166,266.93235286510304,14.044330775788577,0.9147485080988917
colorado,backfill_60min,sensitivity,recovery_0_6,physical,509,0.0,0.0,370.21021611001964,197.3282844679135,5.196463654223969,0.9705304518664047
colorado,backfill_60min,sensitivity,recovery_0_6,physical_availability,509,0.0,0.0,370.21021611001964,121.11405551263894,5.196463654223969,0.9666011787819253
colorado,backfill_60min,sensitivity,recovery_0_6,physical_recovery,509,0.0,0.01768172888015717,370.21021611001964,142.74177570278536,5.196463654223969,0.9685658153241651
colorado,backfill_60min,sensitivity,recovery_0_6,recency,509,0.0,0.0,370.21021611001964,275.12755189562097,5.196463654223969,0.9508840864440079
colorado,backfill_60min,sensitivity,recovery_6_24,physical,1762,0.0,0.0,365.0158910329171,196.37347179173085,4.811010215664018,0.9432463110102156
colorado,backfill_60min,sensitivity,recovery_6_24,physical_availability,1762,0.0,0.0,365.0158910329171,158.087348721016,4.811010215664018,0.9438138479001135
colorado,backfill_60min,sensitivity,recovery_6_24,physical_recovery,1762,0.0,0.003972758229284903,365.0158910329171,160.14141553129772,4.811010215664018,0.9438138479001135
colorado,backfill_60min,sensitivity,recovery_6_24,recency,1762,0.0,0.0,365.0158910329171,269.5035500573108,4.811010215664018,0.9284903518728718
colorado,channel_gap_6h,sensitivity,normal,physical,11874,0.0,0.0,368.72881926899106,194.68169375668637,4.9351524338891695,0.9403739262253663
colorado,channel_gap_6h,sensitivity,normal,physical_availability,11874,0.0,0.00202122283981809,368.72881926899106,178.92572671247683,4.9351524338891695,0.9381842681488968
colorado,channel_gap_6h,sensitivity,normal,physical_recovery,11874,0.0,0.00202122283981809,368.72881926899106,172.8636874518807,4.9351524338891695,0.938436921003874
colorado,channel_gap_6h,sensitivity,normal,recency,11874,0.0,0.0,368.72881926899106,272.3575512534417,4.9351524338891695,0.9126663297961933
colorado,channel_gap_6h,sensitivity,outage,physical,1173,0.0,0.0,359.97271952259166,195.9341521986635,14.044330775788577,0.9326513213981245
colorado,channel_gap_6h,sensitivity,outage,physical_availability,1173,0.0,0.023017902813299233,359.97271952259166,124.13364395803339,14.044330775788577,0.9292412617220801
colorado,channel_gap_6h,sensitivity,outage,physical_recovery,1173,0.0,0.023017902813299233,359.97271952259166,124.13364395803339,14.044330775788577,0.9292412617220801
colorado,channel_gap_6h,sensitivity,outage,recency,1173,0.0,0.0,359.97271952259166,266.93235286510304,14.044330775788577,0.9190110826939472
colorado,channel_gap_6h,sensitivity,partial_restoration,physical,509,0.0,0.0,366.7662082514735,196.31411495207726,19.87033398821218,0.8467583497053045
colorado,channel_gap_6h,sensitivity,partial_restoration,physical_availability,509,0.0,0.04518664047151277,366.7662082514735,154.03672561068961,19.87033398821218,0.8447937131630648
colorado,channel_gap_6h,sensitivity,partial_restoration,physical_recovery,509,0.0,0.06679764243614932,366.7662082514735,160.34073996638105,19.87033398821218,0.8369351669941061
colorado,channel_gap_6h,sensitivity,partial_restoration,recency,509,0.0,0.0,366.7662082514735,273.8451225893936,19.87033398821218,0.8133595284872298
colorado,channel_gap_6h,sensitivity,recovery_0_6,physical,586,0.0,0.0,366.5392491467577,191.2801829511946,5.563139931740614,0.9180887372013652
colorado,channel_gap_6h,sensitivity,recovery_0_6,physical_availability,586,0.0,0.015358361774744027,366.5392491467577,158.78440997111755,5.563139931740614,0.9129692832764505
colorado,channel_gap_6h,sensitivity,recovery_0_6,physical_recovery,586,0.0,0.040955631399317405,366.5392491467577,163.4172018673495,5.563139931740614,0.9163822525597269
colorado,channel_gap_6h,sensitivity,recovery_0_6,recency,586,0.0,0.0,366.5392491467577,271.12931744389965,5.563139931740614,0.8617747440273038
colorado,channel_gap_6h,sensitivity,recovery_6_24,physical,1686,0.0,0.0,366.3333333333333,197.71060245588572,4.57829181494662,0.928232502965599
colorado,channel_gap_6h,sensitivity,recovery_6_24,physical_availability,1686,0.0,0.0,366.3333333333333,178.41263260087885,4.57829181494662,0.9264531435349941
colorado,channel_gap_6h,sensitivity,recovery_6_24,physical_recovery,1686,0.0,0.010083036773428233,366.3333333333333,158.31090983086625,4.57829181494662,0.9258600237247924
colorado,channel_gap_6h,sensitivity,recovery_6_24,recency,1686,0.0,0.0,366.3333333333333,270.816040234727,4.57829181494662,0.9074733096085409
colorado,schedule_seed_2,sensitivity,normal,physical,12559,0.0,0.0,368.9882952464368,196.541052002625,4.8829524643681825,0.9355840433155506
colorado,schedule_seed_2,sensitivity,normal,physical_availability,12559,0.0,0.0011147384345887412,368.9882952464368,187.53509020167778,4.8829524643681825,0.9359025400111474
colorado,schedule_seed_2,sensitivity,normal,physical_recovery,12559,0.0,0.0019109801735806991,368.9882952464368,179.04334558655634,4.8829524643681825,0.9346285532287603
colorado,schedule_seed_2,sensitivity,normal,recency,12559,0.0,0.0,368.9882952464368,272.5614899565023,4.8829524643681825,0.9042121187992674
colorado,schedule_seed_2,sensitivity,outage,physical,997,0.0,0.0,358.6810431293882,192.78837381045088,12.181544633901705,0.9197592778335005
colorado,schedule_seed_2,sensitivity,outage,physical_availability,997,0.0,0.022066198595787363,358.6810431293882,129.18371162649171,12.181544633901705,0.9187562688064193
colorado,schedule_seed_2,sensitivity,outage,physical_recovery,997,0.0,0.022066198595787363,358.6810431293882,129.18371162649171,12.181544633901705,0.9187562688064193
colorado,schedule_seed_2,sensitivity,outage,recency,997,0.0,0.0,358.6810431293882,266.0352304923772,12.181544633901705,0.9117352056168505
colorado,schedule_seed_2,sensitivity,recovery_0_6,physical,642,0.0,0.0,371.8644859813084,195.5536121899614,4.641744548286605,0.9579439252336449
colorado,schedule_seed_2,sensitivity,recovery_0_6,physical_availability,642,0.0,0.001557632398753894,371.8644859813084,169.080387413077,4.641744548286605,0.9517133956386293
colorado,schedule_seed_2,sensitivity,recovery_0_6,physical_recovery,642,0.0,0.014018691588785047,371.8644859813084,147.50983861194558,4.641744548286605,0.9501557632398754
colorado,schedule_seed_2,sensitivity,recovery_0_6,recency,642,0.0,0.0,371.8644859813084,274.513353843703,4.641744548286605,0.9252336448598131
colorado,schedule_seed_2,sensitivity,recovery_6_24,physical,1630,0.0,0.0,364.65766871165647,197.8570304866107,4.696319018404908,0.941717791411043
colorado,schedule_seed_2,sensitivity,recovery_6_24,physical_availability,1630,0.0,0.0,364.65766871165647,186.7930235221707,4.696319018404908,0.941717791411043
colorado,schedule_seed_2,sensitivity,recovery_6_24,physical_recovery,1630,0.0,0.0018404907975460123,364.65766871165647,152.4520590341678,4.696319018404908,0.9429447852760736
colorado,schedule_seed_2,sensitivity,recovery_6_24,recency,1630,0.0,0.0,364.65766871165647,269.5915663118021,4.696319018404908,0.9141104294478528
colorado,schedule_seed_3,sensitivity,normal,physical,12334,0.0,0.0,368.33533322523107,195.00731528282606,4.943570617804443,0.9376520188097941
colorado,schedule_seed_3,sensitivity,normal,physical_availability,12334,0.0,0.0011350737797956867,368.33533322523107,184.5546551015859,4.943570617804443,0.9372466353170099
colorado,schedule_seed_3,sensitivity,normal,physical_recovery,12334,0.0,0.0019458407653640344,368.33533322523107,177.90967319158887,4.943570617804443,0.9372466353170099
colorado,schedule_seed_3,sensitivity,normal,recency,12334,0.0,0.0,368.33533322523107,272.0185058329716,4.943570617804443,0.9084644073293335
colorado,schedule_seed_3,sensitivity,outage,physical,1223,0.0,0.0,365.5805396565822,197.93677672703402,14.89533932951758,0.919869174161897
colorado,schedule_seed_3,sensitivity,outage,physical_availability,1223,0.0,0.0024529844644317253,365.5805396565822,123.37901895296696,14.89533932951758,0.9223221586263287
colorado,schedule_seed_3,sensitivity,outage,physical_recovery,1223,0.0,0.0024529844644317253,365.5805396565822,123.37901895296696,14.89533932951758,0.9223221586263287
colorado,schedule_seed_3,sensitivity,outage,recency,1223,0.0,0.0,365.5805396565822,271.93840404349453,14.89533932951758,0.8937040065412919
colorado,schedule_seed_3,sensitivity,recovery_0_6,physical,494,0.0,0.0,368.6599190283401,192.5791686939925,5.47165991902834,0.97165991902834
colorado,schedule_seed_3,sensitivity,recovery_0_6,physical_availability,494,0.0,0.02834008097165992,368.6599190283401,171.25611369231433,5.47165991902834,0.97165991902834
colorado,schedule_seed_3,sensitivity,recovery_0_6,physical_recovery,494,0.0,0.058704453441295545,368.6599190283401,154.92375662078678,5.47165991902834,0.9696356275303644
colorado,schedule_seed_3,sensitivity,recovery_0_6,recency,494,0.0,0.0,368.6599190283401,272.0937317022402,5.47165991902834,0.9635627530364372
colorado,schedule_seed_3,sensitivity,recovery_6_24,physical,1777,0.0,0.0,366.23635340461453,197.2174632416562,4.467642093415869,0.9251547552054024
colorado,schedule_seed_3,sensitivity,recovery_6_24,physical_availability,1777,0.0,0.0,366.23635340461453,184.33665540850208,4.467642093415869,0.9245920090039392
colorado,schedule_seed_3,sensitivity,recovery_6_24,physical_recovery,1777,0.0,0.0,366.23635340461453,158.79069130819764,4.467642093415869,0.9251547552054024
colorado,schedule_seed_3,sensitivity,recovery_6_24,recency,1777,0.0,0.0,366.23635340461453,270.76740194787857,4.467642093415869,0.9015194147439505
colorado,narrow_quality,sensitivity,normal,physical,12384,0.0,0.0,368.92587209302326,195.62042190438967,4.921753875968992,0.9316052971576227
colorado,narrow_quality,sensitivity,normal,physical_availability,12384,0.0,0.0028262273901808787,368.92587209302326,184.2487369167355,4.921753875968992,0.9310400516795866
colorado,narrow_quality,sensitivity,normal,physical_recovery,12384,0.0,0.005248708010335917,368.92587209302326,177.17768615741852,4.921753875968992,0.9313630490956072
colorado,narrow_quality,sensitivity,normal,recency,12384,0.0,0.0,368.92587209302326,272.5347020097711,4.921753875968992,0.9002745478036176
colorado,narrow_quality,sensitivity,outage,physical,1173,0.0,0.0,359.97271952259166,196.16163515655248,14.044330775788577,0.8721227621483376
colorado,narrow_quality,sensitivity,outage,physical_availability,1173,0.0,0.023017902813299233,359.97271952259166,124.33833823835114,14.044330775788577,0.8891730605285593
colorado,narrow_quality,sensitivity,outage,physical_recovery,1173,0.0,0.023017902813299233,359.97271952259166,124.33833823835114,14.044330775788577,0.8891730605285593
colorado,narrow_quality,sensitivity,outage,recency,1173,0.0,0.0,359.97271952259166,266.93235286510304,14.044330775788577,0.8439897698209718
colorado,narrow_quality,sensitivity,recovery_0_6,physical,509,0.0,0.0,371.4066797642436,197.09647019721442,4.81532416502947,0.9292730844793713
colorado,narrow_quality,sensitivity,recovery_0_6,physical_availability,509,0.0,0.003929273084479371,371.4066797642436,170.57515528846085,4.81532416502947,0.9233791748526523
colorado,narrow_quality,sensitivity,recovery_0_6,physical_recovery,509,0.0,0.0412573673870334,371.4066797642436,151.39946905874388,4.81532416502947,0.925343811394892
colorado,narrow_quality,sensitivity,recovery_0_6,recency,509,0.0,0.0,371.4066797642436,275.64255435601063,4.81532416502947,0.8840864440078585
colorado,narrow_quality,sensitivity,recovery_6_24,physical,1762,0.0,0.0,365.2622020431328,196.49074024837577,4.670261066969353,0.9324631101021567
colorado,narrow_quality,sensitivity,recovery_6_24,physical_availability,1762,0.0,0.0,365.2622020431328,183.3988057486412,4.670261066969353,0.9330306469920545
colorado,narrow_quality,sensitivity,recovery_6_24,physical_recovery,1762,0.0,0.0,365.2622020431328,155.91865399210394,4.670261066969353,0.9324631101021567
colorado,narrow_quality,sensitivity,recovery_6_24,recency,1762,0.0,0.0,365.2622020431328,269.61197379865024,4.670261066969353,0.905788876276958
colorado,right_aligned,sensitivity,normal,physical,12384,0.0,0.0,368.92587209302326,196.02819943523434,4.921753875968992,0.9216731266149871
colorado,right_aligned,sensitivity,normal,physical_availability,12384,0.0,0.0011304909560723513,368.92587209302326,185.9060626230725,4.921753875968992,0.9204618863049095
colorado,right_aligned,sensitivity,normal,physical_recovery,12384,0.0,0.001937984496124031,368.92587209302326,178.61670815982697,4.921753875968992,0.9213501291989664
colorado,right_aligned,sensitivity,normal,recency,12384,0.0,0.0,368.92587209302326,272.5347020097711,4.921753875968992,0.8884043927648578
colorado,right_aligned,sensitivity,outage,physical,1173,0.0,0.0,359.97271952259166,196.43781252265575,14.044330775788577,0.9011082693947144
colorado,right_aligned,sensitivity,outage,physical_availability,1173,0.0,0.023017902813299233,359.97271952259166,124.39264071003471,14.044330775788577,0.8976982097186701
colorado,right_aligned,sensitivity,outage,physical_recovery,1173,0.0,0.023017902813299233,359.97271952259166,124.39264071003471,14.044330775788577,0.8976982097186701
colorado,right_aligned,sensitivity,outage,recency,1173,0.0,0.0,359.97271952259166,266.93235286510304,14.044330775788577,0.876385336743393
colorado,right_aligned,sensitivity,recovery_0_6,physical,509,0.0,0.0,371.4066797642436,197.42585447765785,4.81532416502947,0.9273084479371316
colorado,right_aligned,sensitivity,recovery_0_6,physical_availability,509,0.0,0.003929273084479371,371.4066797642436,171.3416027141371,4.81532416502947,0.925343811394892
colorado,right_aligned,sensitivity,recovery_0_6,physical_recovery,509,0.0,0.0412573673870334,371.4066797642436,151.5652593101217,4.81532416502947,0.931237721021611
colorado,right_aligned,sensitivity,recovery_0_6,recency,509,0.0,0.0,371.4066797642436,275.64255435601063,4.81532416502947,0.8978388998035364
colorado,right_aligned,sensitivity,recovery_6_24,physical,1762,0.0,0.0,365.2622020431328,196.874427083519,4.670261066969353,0.9313280363223609
colorado,right_aligned,sensitivity,recovery_6_24,physical_availability,1762,0.0,0.0,365.2622020431328,184.74410887092836,4.670261066969353,0.927355278093076
colorado,right_aligned,sensitivity,recovery_6_24,physical_recovery,1762,0.0,0.0,365.2622020431328,156.67538406787568,4.670261066969353,0.9284903518728718
colorado,right_aligned,sensitivity,recovery_6_24,recency,1762,0.0,0.0,365.2622020431328,269.61197379865024,4.670261066969353,0.9074914869466515
colorado,training_2015,sensitivity,normal,physical,12384,0.0,0.0,368.92587209302326,193.2968423732056,4.921753875968992,0.9546188630490956
colorado,training_2015,sensitivity,normal,physical_availability,12384,0.0,0.0011304909560723513,368.92587209302326,183.30625870649672,4.921753875968992,0.9546188630490956
colorado,training_2015,sensitivity,normal,physical_recovery,12384,0.0,0.001937984496124031,368.92587209302326,176.16233054053214,4.921753875968992,0.9542958656330749
colorado,training_2015,sensitivity,normal,recency,12384,0.0,0.0,368.92587209302326,272.5347020097711,4.921753875968992,0.9041505167958657
colorado,training_2015,sensitivity,outage,physical,1173,0.0,0.0,359.97271952259166,194.36793766965764,14.044330775788577,0.9582267689684569
colorado,training_2015,sensitivity,outage,physical_availability,1173,0.0,0.023017902813299233,359.97271952259166,123.8556437027938,14.044330775788577,0.9633418584825234
colorado,training_2015,sensitivity,outage,physical_recovery,1173,0.0,0.023017902813299233,359.97271952259166,123.8556437027938,14.044330775788577,0.9633418584825234
colorado,training_2015,sensitivity,outage,recency,1173,0.0,0.0,359.97271952259166,266.93235286510304,14.044330775788577,0.928388746803069
colorado,training_2015,sensitivity,recovery_0_6,physical,509,0.0,0.0,371.4066797642436,194.9847742912799,4.81532416502947,0.9508840864440079
colorado,training_2015,sensitivity,recovery_0_6,physical_availability,509,0.0,0.003929273084479371,371.4066797642436,169.45324914123822,4.81532416502947,0.9508840864440079
colorado,training_2015,sensitivity,recovery_0_6,physical_recovery,509,0.0,0.0412573673870334,371.4066797642436,150.3473264949851,4.81532416502947,0.9528487229862476
colorado,training_2015,sensitivity,recovery_0_6,recency,509,0.0,0.0,371.4066797642436,275.64255435601063,4.81532416502947,0.9096267190569745
colorado,training_2015,sensitivity,recovery_6_24,physical,1762,0.0,0.0,365.2622020431328,194.35761843587198,4.670261066969353,0.9597048808172531
colorado,training_2015,sensitivity,recovery_6_24,physical_availability,1762,0.0,0.0,365.2622020431328,182.37280020813196,4.670261066969353,0.9597048808172531
colorado,training_2015,sensitivity,recovery_6_24,physical_recovery,1762,0.0,0.0,365.2622020431328,155.06046017180762,4.670261066969353,0.9614074914869466
colorado,training_2015,sensitivity,recovery_6_24,recency,1762,0.0,0.0,365.2622020431328,269.61197379865024,4.670261066969353,0.9188422247446084
colorado,receipt_5min,sensitivity,normal,physical,12384,0.0,0.0,368.92587209302326,195.6287081373786,4.921753875968992,0.9367732558139535
colorado,receipt_5min,sensitivity,normal,physical_availability,12384,0.0,0.0011304909560723513,368.92587209302326,185.5213275133653,4.921753875968992,0.9368540051679587
colorado,receipt_5min,sensitivity,normal,physical_recovery,12384,0.0,0.001937984496124031,368.92587209302326,178.25408856655156,4.921753875968992,0.9369347545219638
colorado,receipt_5min,sensitivity,normal,recency,12384,0.0,0.0,368.92587209302326,272.5347020097711,4.921753875968992,0.9085917312661499
colorado,receipt_5min,sensitivity,outage,physical,1173,0.0,0.0,359.97271952259166,196.13749125862756,14.044330775788577,0.9309462915601023
colorado,receipt_5min,sensitivity,outage,physical_availability,1173,0.0,0.023017902813299233,359.97271952259166,124.26283131742261,14.044330775788577,0.9258312020460358
colorado,receipt_5min,sensitivity,outage,physical_recovery,1173,0.0,0.023017902813299233,359.97271952259166,124.26283131742261,14.044330775788577,0.9258312020460358
colorado,receipt_5min,sensitivity,outage,recency,1173,0.0,0.0,359.97271952259166,266.93235286510304,14.044330775788577,0.9138959931798807
colorado,receipt_5min,sensitivity,recovery_0_6,physical,509,0.0,0.0,371.4066797642436,197.068464956253,4.81532416502947,0.9449901768172888
colorado,receipt_5min,sensitivity,recovery_0_6,physical_availability,509,0.0,0.003929273084479371,371.4066797642436,171.06765205890764,4.81532416502947,0.9469548133595285
colorado,receipt_5min,sensitivity,recovery_0_6,physical_recovery,509,0.0,0.0412573673870334,371.4066797642436,151.3850113258651,4.81532416502947,0.9449901768172888
colorado,receipt_5min,sensitivity,recovery_0_6,recency,509,0.0,0.0,371.4066797642436,275.64255435601063,4.81532416502947,0.9194499017681729
colorado,receipt_5min,sensitivity,recovery_6_24,physical,1762,0.0,0.0,365.2622020431328,196.4904486932241,4.670261066969353,0.9341657207718501
colorado,receipt_5min,sensitivity,recovery_6_24,physical_availability,1762,0.0,0.0,365.2622020431328,184.37707971994746,4.670261066969353,0.9358683314415437
colorado,receipt_5min,sensitivity,recovery_6_24,physical_recovery,1762,0.0,0.0,365.2622020431328,156.43015020099378,4.670261066969353,0.9358683314415437
colorado,receipt_5min,sensitivity,recovery_6_24,recency,1762,0.0,0.0,365.2622020431328,269.61197379865024,4.670261066969353,0.9154370034052214
colorado,schedule_seed_4,sensitivity,normal,physical,12376,0.0,0.0,369.1557045895281,195.82600720992906,4.927521008403361,0.9377828054298643
colorado,schedule_seed_4,sensitivity,normal,physical_availability,12376,0.0,0.0011312217194570137,369.1557045895281,185.80383067689115,4.927521008403361,0.9386716224951519
colorado,schedule_seed_4,sensitivity,normal,physical_recovery,12376,0.0,0.0019392372333548805,369.1557045895281,178.47318881629775,4.927521008403361,0.9381060116354234
colorado,schedule_seed_4,sensitivity,normal,recency,12376,0.0,0.0,369.1557045895281,272.728069945536,4.927521008403361,0.9097446670976083
colorado,schedule_seed_4,sensitivity,outage,physical,1180,0.0,0.0,357.4838983050847,196.2234830208384,13.711864406779661,0.9177966101694915
colorado,schedule_seed_4,sensitivity,outage,physical_availability,1180,0.0,0.002542372881355932,357.4838983050847,125.52858969397471,13.711864406779661,0.9169491525423729
colorado,schedule_seed_4,sensitivity,outage,physical_recovery,1180,0.0,0.002542372881355932,357.4838983050847,125.52858969397471,13.711864406779661,0.9169491525423729
colorado,schedule_seed_4,sensitivity,outage,recency,1180,0.0,0.0,357.4838983050847,264.9549650121158,13.711864406779661,0.8932203389830509
colorado,schedule_seed_4,sensitivity,recovery_0_6,physical,518,0.0,0.0,368.6332046332046,190.62866002024865,5.335907335907336,0.9420849420849421
colorado,schedule_seed_4,sensitivity,recovery_0_6,physical_availability,518,0.0,0.021235521235521235,368.6332046332046,169.2327824517179,5.335907335907336,0.9362934362934363
colorado,schedule_seed_4,sensitivity,recovery_0_6,physical_recovery,518,0.0,0.06177606177606178,368.6332046332046,151.128693864427,5.335907335907336,0.9343629343629344
colorado,schedule_seed_4,sensitivity,recovery_0_6,recency,518,0.0,0.0,368.6332046332046,273.6254112162409,5.335907335907336,0.9073359073359073
colorado,schedule_seed_4,sensitivity,recovery_6_24,physical,1754,0.0,0.0,366.0769669327252,198.41516808292718,4.494868871151653,0.936145952109464
colorado,schedule_seed_4,sensitivity,recovery_6_24,physical_availability,1754,0.0,0.0,366.0769669327252,186.14840508075167,4.494868871151653,0.9338654503990877
colorado,schedule_seed_4,sensitivity,recovery_6_24,physical_recovery,1754,0.0,0.0,366.0769669327252,157.22985558316248,4.494868871151653,0.9327251995438997
colorado,schedule_seed_4,sensitivity,recovery_6_24,recency,1754,0.0,0.0,366.0769669327252,270.16932300236437,4.494868871151653,0.9093500570125428
colorado,schedule_seed_5,sensitivity,normal,physical,12381,0.0,0.0,369.56829012196107,195.97257413182908,4.897261933607948,0.9381310071884339
colorado,schedule_seed_5,sensitivity,normal,physical_availability,12381,0.0,0.001130764881673532,369.56829012196107,185.89409685058916,4.897261933607948,0.9382117761085534
colorado,schedule_seed_5,sensitivity,normal,physical_recovery,12381,0.0,0.001938454082868912,369.56829012196107,178.67996697165532,4.897261933607948,0.9382117761085534
colorado,schedule_seed_5,sensitivity,normal,recency,12381,0.0,0.0,369.56829012196107,272.9873885916427,4.897261933607948,0.9111541878685082
colorado,schedule_seed_5,sensitivity,outage,physical,1175,0.0,0.0,353.1582978723404,193.60312583059326,14.368510638297872,0.9097872340425532
colorado,schedule_seed_5,sensitivity,outage,physical_availability,1175,0.0,0.000851063829787234,353.1582978723404,123.731321781817,14.368510638297872,0.9080851063829787
colorado,schedule_seed_5,sensitivity,outage,physical_recovery,1175,0.0,0.000851063829787234,353.1582978723404,123.731321781817,14.368510638297872,0.9080851063829787
colorado,schedule_seed_5,sensitivity,outage,recency,1175,0.0,0.0,353.1582978723404,262.09037411097216,14.368510638297872,0.8953191489361703
colorado,schedule_seed_5,sensitivity,recovery_0_6,physical,541,0.0,0.0,381.67097966728284,201.8780582238374,4.231053604436229,0.9611829944547134
colorado,schedule_seed_5,sensitivity,recovery_0_6,physical_availability,541,0.0,0.0036968576709796672,381.67097966728284,175.324226789321,4.231053604436229,0.9630314232902033
colorado,schedule_seed_5,sensitivity,recovery_0_6,physical_recovery,541,0.0,0.0166358595194085,381.67097966728284,156.89928637473005,4.231053604436229,0.9648798521256932
colorado,schedule_seed_5,sensitivity,recovery_0_6,recency,541,0.0,0.0,381.67097966728284,282.4136733118365,4.231053604436229,0.9260628465804066
colorado,schedule_seed_5,sensitivity,recovery_6_24,physical,1731,0.0,0.0,362.0687463893703,194.72516535495458,4.850375505488157,0.9231658001155402
colorado,schedule_seed_5,sensitivity,recovery_6_24,physical_availability,1731,0.0,0.0,362.0687463893703,182.7794215480901,4.850375505488157,0.9202772963604853
colorado,schedule_seed_5,sensitivity,recovery_6_24,physical_recovery,1731,0.0,0.0005777007510109763,362.0687463893703,156.03638473627902,4.850375505488157,0.9237435008665511
colorado,schedule_seed_5,sensitivity,recovery_6_24,recency,1731,0.0,0.0,362.0687463893703,267.4759646833161,4.850375505488157,0.9046793760831889
colorado,no_input_age,sensitivity,normal,physical,12384,0.0,0.0,368.92587209302326,196.33978577467937,4.921753875968992,0.9364502583979328
colorado,no_input_age,sensitivity,normal,physical_availability,12384,0.0,0.0008074935400516795,368.92587209302326,185.76159105297015,4.921753875968992,0.9374192506459949
colorado,no_input_age,sensitivity,normal,physical_recovery,12384,0.0,0.001937984496124031,368.92587209302326,178.49905566447947,4.921753875968992,0.9370962532299741
colorado,no_input_age,sensitivity,normal,recency,12384,0.0,0.0,368.92587209302326,272.5347020097711,4.921753875968992,0.9048772609819121
colorado,no_input_age,sensitivity,outage,physical,1173,0.0,0.0,359.97271952259166,197.96252099339736,14.044330775788577,0.9156010230179028
colorado,no_input_age,sensitivity,outage,physical_availability,1173,0.0,0.0,359.97271952259166,107.71977008596551,14.044330775788577,0.9190110826939472
colorado,no_input_age,sensitivity,outage,physical_recovery,1173,0.0,0.0,359.97271952259166,110.78725670078869,14.044330775788577,0.9249786871270247
colorado,no_input_age,sensitivity,outage,recency,1173,0.0,0.0,359.97271952259166,266.93235286510304,14.044330775788577,0.8985507246376812
colorado,no_input_age,sensitivity,recovery_0_6,physical,509,0.0,0.0,371.4066797642436,197.81491774045026,4.81532416502947,0.9410609037328095
colorado,no_input_age,sensitivity,recovery_0_6,physical_availability,509,0.0,0.0,371.4066797642436,156.11649731142006,4.81532416502947,0.93713163064833
colorado,no_input_age,sensitivity,recovery_0_6,physical_recovery,509,0.0,0.0412573673870334,371.4066797642436,151.83351429915146,4.81532416502947,0.9430255402750491
colorado,no_input_age,sensitivity,recovery_0_6,recency,509,0.0,0.0,371.4066797642436,275.64255435601063,4.81532416502947,0.9135559921414538
colorado,no_input_age,sensitivity,recovery_6_24,physical,1762,0.0,0.0,365.2622020431328,197.2291966096084,4.670261066969353,0.9375709421112373
colorado,no_input_age,sensitivity,recovery_6_24,physical_availability,1762,0.0,0.0,365.2622020431328,184.69446886861917,4.670261066969353,0.9370034052213394
colorado,no_input_age,sensitivity,recovery_6_24,physical_recovery,1762,0.0,0.0,365.2622020431328,156.76718167335198,4.670261066969353,0.9364358683314415
colorado,no_input_age,sensitivity,recovery_6_24,recency,1762,0.0,0.0,365.2622020431328,269.61197379865024,4.670261066969353,0.9143019296254257
colorado,no_block_augmentation,sensitivity,normal,physical,12384,0.0,0.0,368.92587209302326,197.21193151804445,4.921753875968992,0.9388727390180879
colorado,no_block_augmentation,sensitivity,normal,physical_availability,12384,0.0,0.0011304909560723513,368.92587209302326,186.863108734127,4.921753875968992,0.9372577519379846
colorado,no_block_augmentation,sensitivity,normal,physical_recovery,12384,0.0,0.001937984496124031,368.92587209302326,179.516449587979,4.921753875968992,0.9372577519379846
colorado,no_block_augmentation,sensitivity,normal,recency,12384,0.0,0.0,368.92587209302326,272.5347020097711,4.921753875968992,0.9182009043927648
colorado,no_block_augmentation,sensitivity,outage,physical,1173,0.0,0.0,359.97271952259166,198.5058371776669,14.044330775788577,0.8815004262574595
colorado,no_block_augmentation,sensitivity,outage,physical_availability,1173,0.0,0.023017902813299233,359.97271952259166,125.18819385122923,14.044330775788577,0.9028132992327366
colorado,no_block_augmentation,sensitivity,outage,physical_recovery,1173,0.0,0.023017902813299233,359.97271952259166,125.18819385122923,14.044330775788577,0.9028132992327366
colorado,no_block_augmentation,sensitivity,outage,recency,1173,0.0,0.0,359.97271952259166,266.93235286510304,14.044330775788577,0.8712702472293266
colorado,no_block_augmentation,sensitivity,recovery_0_6,physical,509,0.0,0.0,371.4066797642436,198.70711791898833,4.81532416502947,0.9194499017681729
colorado,no_block_augmentation,sensitivity,recovery_0_6,physical_availability,509,0.0,0.003929273084479371,371.4066797642436,172.18117297162706,4.81532416502947,0.9174852652259332
colorado,no_block_augmentation,sensitivity,recovery_0_6,physical_recovery,509,0.0,0.0412573673870334,371.4066797642436,152.22855450431695,4.81532416502947,0.925343811394892
colorado,no_block_augmentation,sensitivity,recovery_0_6,recency,509,0.0,0.0,371.4066797642436,275.64255435601063,4.81532416502947,0.8919449901768173
colorado,no_block_augmentation,sensitivity,recovery_6_24,physical,1762,0.0,0.0,365.2622020431328,198.07911024289479,4.670261066969353,0.9341657207718501
colorado,no_block_augmentation,sensitivity,recovery_6_24,physical_availability,1762,0.0,0.0,365.2622020431328,185.7275743330122,4.670261066969353,0.9313280363223609
colorado,no_block_augmentation,sensitivity,recovery_6_24,physical_recovery,1762,0.0,0.0,365.2622020431328,157.37810367449845,4.670261066969353,0.9318955732122588
colorado,no_block_augmentation,sensitivity,recovery_6_24,recency,1762,0.0,0.0,365.2622020431328,269.61197379865024,4.670261066969353,0.9228149829738933
colorado,privileged_labels,diagnostic,normal,physical,12384,0.0,0.0,368.92587209302326,195.6287081373786,4.921753875968992,0.9367732558139535
colorado,privileged_labels,diagnostic,normal,physical_availability,12384,0.0,0.0011304909560723513,368.92587209302326,185.52132751336526,4.921753875968992,0.9368540051679587
colorado,privileged_labels,diagnostic,normal,physical_recovery,12384,0.0,0.001937984496124031,368.92587209302326,178.25408856655156,4.921753875968992,0.9369347545219638
colorado,privileged_labels,diagnostic,normal,recency,12384,0.0,0.0,368.92587209302326,272.5347020097711,4.921753875968992,0.9085917312661499
colorado,privileged_labels,diagnostic,outage,physical,1173,0.0,0.0,363.33162830349534,188.23495424450041,4.5481670929241265,0.9343563512361467
colorado,privileged_labels,diagnostic,outage,physical_availability,1173,0.0,0.01619778346121057,363.33162830349534,116.40668212054584,4.5481670929241265,0.9394714407502132
colorado,privileged_labels,diagnostic,outage,physical_recovery,1173,0.0,0.01619778346121057,363.33162830349534,116.40668212054584,4.5481670929241265,0.9394714407502132
colorado,privileged_labels,diagnostic,outage,recency,1173,0.0,0.0,363.33162830349534,268.18741148381787,4.5481670929241265,0.9164535379369139
colorado,privileged_labels,diagnostic,recovery_0_6,physical,509,0.0,0.0,373.1532416502947,198.14081984924243,4.68369351669941,0.9469548133595285
colorado,privileged_labels,diagnostic,recovery_0_6,physical_availability,509,0.0,0.003929273084479371,373.1532416502947,171.7089107581046,4.68369351669941,0.9469548133595285
colorado,privileged_labels,diagnostic,recovery_0_6,physical_recovery,509,0.0,0.0412573673870334,373.1532416502947,152.04995304928957,4.68369351669941,0.9469548133595285
colorado,privileged_labels,diagnostic,recovery_0_6,recency,509,0.0,0.0,373.1532416502947,276.3384650798305,4.68369351669941,0.9155206286836935
colorado,privileged_labels,diagnostic,recovery_6_24,physical,1762,0.0,0.0,365.2622020431328,196.4904486932241,4.670261066969353,0.9341657207718501
colorado,privileged_labels,diagnostic,recovery_6_24,physical_availability,1762,0.0,0.0,365.2622020431328,184.37707971994746,4.670261066969353,0.9358683314415437
colorado,privileged_labels,diagnostic,recovery_6_24,physical_recovery,1762,0.0,0.0,365.2622020431328,156.43015020099372,4.670261066969353,0.9358683314415437
colorado,privileged_labels,diagnostic,recovery_6_24,recency,1762,0.0,0.0,365.2622020431328,269.61197379865024,4.670261066969353,0.9154370034052214
colorado,cross_site_weights,sensitivity,normal,physical,12384,0.0,0.0,368.92587209302326,196.09152970756915,4.921753875968992,0.9388727390180879
colorado,cross_site_weights,sensitivity,normal,physical_availability,12384,0.0,0.0011304909560723513,368.92587209302326,186.0225425295073,4.921753875968992,0.9381459948320413
colorado,cross_site_weights,sensitivity,normal,physical_recovery,12384,0.0,0.001937984496124031,368.92587209302326,178.72209176377896,4.921753875968992,0.938953488372093
colorado,cross_site_weights,sensitivity,normal,recency,12384,0.0,0.0,368.92587209302326,272.5347020097711,4.921753875968992,0.9027777777777778
colorado,cross_site_weights,sensitivity,outage,physical,1173,0.0,0.0,359.97271952259166,196.11942326988262,14.044330775788577,0.9266837169650469
colorado,cross_site_weights,sensitivity,outage,physical_availability,1173,0.0,0.023017902813299233,359.97271952259166,124.21260476405863,14.044330775788577,0.9411764705882353
colorado,cross_site_weights,sensitivity,outage,physical_recovery,1173,0.0,0.023017902813299233,359.97271952259166,124.21260476405863,14.044330775788577,0.9411764705882353
colorado,cross_site_weights,sensitivity,outage,recency,1173,0.0,0.0,359.97271952259166,266.93235286510304,14.044330775788577,0.9062233589087809
colorado,cross_site_weights,sensitivity,recovery_0_6,physical,509,0.0,0.0,371.4066797642436,197.5979526540154,4.81532416502947,0.9390962671905697
colorado,cross_site_weights,sensitivity,recovery_0_6,physical_availability,509,0.0,0.003929273084479371,371.4066797642436,171.4398455353233,4.81532416502947,0.9449901768172888
colorado,cross_site_weights,sensitivity,recovery_0_6,physical_recovery,509,0.0,0.0412573673870334,371.4066797642436,151.59855831486124,4.81532416502947,0.9351669941060904
colorado,cross_site_weights,sensitivity,recovery_0_6,recency,509,0.0,0.0,371.4066797642436,275.64255435601063,4.81532416502947,0.8899803536345776
colorado,cross_site_weights,sensitivity,recovery_6_24,physical,1762,0.0,0.0,365.2622020431328,196.90331985391006,4.670261066969353,0.934733257661748
colorado,cross_site_weights,sensitivity,recovery_6_24,physical_availability,1762,0.0,0.0,365.2622020431328,184.81809671883502,4.670261066969353,0.9284903518728718
colorado,cross_site_weights,sensitivity,recovery_6_24,physical_recovery,1762,0.0,0.0,365.2622020431328,156.70844744880856,4.670261066969353,0.9267877412031782
colorado,cross_site_weights,sensitivity,recovery_6_24,recency,1762,0.0,0.0,365.2622020431328,269.61197379865024,4.670261066969353,0.9046538024971623
colorado,stale_transport,sensitivity,normal,physical,12384,0.0,0.0,342.1463985788114,183.41934354425047,4.921753875968992,0.9453326873385013
colorado,stale_transport,sensitivity,normal,physical_availability,12384,0.0,0.0011304909560723513,342.1463985788114,151.58051416727193,4.921753875968992,0.9421834625322998
colorado,stale_transport,sensitivity,normal,physical_recovery,12384,0.0,0.0011304909560723513,342.1463985788114,151.32843852280257,4.921753875968992,0.9420219638242894
colorado,stale_transport,sensitivity,normal,recency,12384,0.0,0.0,342.1463985788114,252.31071263531618,4.921753875968992,0.9145671834625323
colorado,stale_transport,sensitivity,outage,physical,1173,0.0,0.0,333.4919011082694,185.11623838524534,14.044330775788577,0.9360613810741688
colorado,stale_transport,sensitivity,outage,physical_availability,1173,0.0,0.3290707587382779,333.4919011082694,157.46785659367907,14.044330775788577,0.9326513213981245
colorado,stale_transport,sensitivity,outage,physical_recovery,1173,0.0,0.3290707587382779,333.4919011082694,157.46785659367907,14.044330775788577,0.9326513213981245
colorado,stale_transport,sensitivity,outage,recency,1173,0.0,0.0,333.4919011082694,247.3422355623898,14.044330775788577,0.9258312020460358
colorado,stale_transport,sensitivity,recovery_0_6,physical,509,0.0,0.0,343.61689587426326,186.20176790331303,5.699410609037328,0.9724950884086444
colorado,stale_transport,sensitivity,recovery_0_6,physical_availability,509,0.0,0.0,343.61689587426326,108.37826148579765,5.699410609037328,0.9685658153241651
colorado,stale_transport,sensitivity,recovery_0_6,physical_recovery,509,0.0,0.01768172888015717,343.61689587426326,134.65819928867091,5.699410609037328,0.9685658153241651
colorado,stale_transport,sensitivity,recovery_0_6,recency,509,0.0,0.0,343.61689587426326,255.83439751300003,5.699410609037328,0.9528487229862476
colorado,stale_transport,sensitivity,recovery_6_24,physical,1762,0.0,0.0,331.8496027241771,181.56014872566772,5.6577752553916,0.8178206583427923
colorado,stale_transport,sensitivity,recovery_6_24,physical_availability,1762,0.0,0.0,331.8496027241771,110.53808026082507,5.6577752553916,0.8450624290578888
colorado,stale_transport,sensitivity,recovery_6_24,physical_recovery,1762,0.0,0.0,331.8496027241771,114.37847030503033,5.6577752553916,0.8376844494892168
colorado,stale_transport,sensitivity,recovery_6_24,recency,1762,0.0,0.0,331.8496027241771,247.1003447537253,5.6577752553916,0.7883087400681045
