site,case_id,case_group,period,phase,method,horizon,n,nwis,nmae,coverage50,coverage80,coverage90,nwidth90,events
reserve10,clean,primary,evaluation,normal,aci_bounded,1,3959,0.03895239063958365,0.0638454784439916,0.5006314725940895,0.8022227835311947,0.9012376862844153,0.30187862762820067,0
reserve10,clean,primary,evaluation,normal,aci_bounded,2,3959,0.05231289611176625,0.08984076565607398,0.5016418287446325,0.7984339479666582,0.8994695630209649,0.40169012716773633,0
reserve10,clean,primary,evaluation,normal,aci_bounded,3,3959,0.058267508930517915,0.10293251575327553,0.49785299318009596,0.7969184137408436,0.9009850972467794,0.43206622788298327,0
reserve10,clean,primary,evaluation,normal,aci_bounded,4,3959,0.06134742374489241,0.11060764603197361,0.4940641576155595,0.8009598383430159,0.9032583985855014,0.4414475528807096,0
reserve10,clean,primary,evaluation,normal,carry_forward,1,3959,0.04145973887979563,0.06677483440562959,0.4160141449861076,0.7011871684768881,0.844152563778732,0.31910421502429714,0
reserve10,clean,primary,evaluation,normal,carry_forward,2,3959,0.053767597096689344,0.09186429006005845,0.3937863096741601,0.6812326345036626,0.8348067693862087,0.38473039885522875,0
reserve10,clean,primary,evaluation,normal,carry_forward,3,3959,0.05986038697268444,0.10576407005125321,0.3867138166203587,0.6809800454660268,0.8186410709775196,0.40096112196352435,0
reserve10,clean,primary,evaluation,normal,carry_forward,4,3959,0.062226393020351316,0.11077454056444631,0.38090426875473604,0.6797171002778479,0.8181358929022481,0.40558228744730535,0
reserve10,clean,primary,evaluation,normal,geometric_persistence,1,3959,0.05165170099211217,0.08001419375801196,0.5423086638039909,0.8590553169992422,0.9421571103814095,0.4766182078785057,0
reserve10,clean,primary,evaluation,normal,geometric_persistence,2,3959,0.07824811834118736,0.13104460531563014,0.5397827734276333,0.8451629199292751,0.931800959838343,0.596460144930769,0
reserve10,clean,primary,evaluation,normal,geometric_persistence,3,3959,0.09950573780006869,0.17635941629050852,0.5294266228845668,0.836574892649659,0.9232129325587269,0.7060798003057419,0
reserve10,clean,primary,evaluation,normal,geometric_persistence,4,3959,0.11556283845899458,0.21430402412677219,0.5271533215458449,0.8259661530689568,0.91765597373074,0.7724368493699157,0
reserve10,clean,primary,evaluation,normal,mask50,1,3959,0.03893442563249341,0.0638454784439916,0.5084617327607982,0.8055064410204598,0.9062894670371305,0.30562317199262357,0
reserve10,clean,primary,evaluation,normal,mask50,2,3959,0.05228324227178285,0.08984076565607398,0.5117453902500632,0.8022227835311947,0.9030058095478656,0.4027756832012461,0
reserve10,clean,primary,evaluation,normal,mask50,3,3959,0.05822872372000351,0.10293251575327553,0.5082091437231624,0.801970194493559,0.9014902753220511,0.4308228693791166,0
reserve10,clean,primary,evaluation,normal,mask50,4,3959,0.061314484324308555,0.11060764603197361,0.4983581712553675,0.8027279616064663,0.8979540287951503,0.43829008269875663,0
reserve10,clean,primary,evaluation,normal,mi_recency,1,3959,0.04467829934101477,0.06802106296469793,0.5117453902500632,0.810558221773175,0.9002273301338722,0.30821062956475864,0
reserve10,clean,primary,evaluation,normal,mi_recency,2,3959,0.059140367574700044,0.09428175625538267,0.5117453902500632,0.7984339479666582,0.9002273301338722,0.4015822495237834,0
reserve10,clean,primary,evaluation,normal,mi_recency,3,3959,0.06543139709469459,0.10459475267897707,0.5099772669866128,0.8027279616064663,0.9004799191715079,0.443249205964398,0
reserve10,clean,primary,evaluation,normal,mi_recency,4,3959,0.06925480455290811,0.11147466396101502,0.5034099520080828,0.8024753725688305,0.8997221520586006,0.4713725153068365,0
reserve10,clean,primary,evaluation,normal,multiple_imputation,1,3959,0.04507368860769569,0.06802106296469793,0.6327355392775954,0.81384187926244,0.8676433442788583,0.25916292210611913,0
reserve10,clean,primary,evaluation,normal,multiple_imputation,2,3959,0.06020489521362117,0.09428175625538267,0.5519070472341501,0.7638292498105582,0.8363223036120232,0.31275200178041906,0
reserve10,clean,primary,evaluation,normal,multiple_imputation,3,3959,0.06704209730095224,0.10459475267897707,0.5344784036372822,0.7441273048749685,0.8204091942409699,0.3324080047764277,0
reserve10,clean,primary,evaluation,normal,multiple_imputation,4,3959,0.0714725849996565,0.11147466396101502,0.5213437736802223,0.73149785299318,0.8095478656226319,0.3452146459640673,0
reserve10,clean,primary,evaluation,normal,persistence,1,3959,0.06907954973814776,0.12526869476306243,0.5572114170245012,0.8605708512250568,0.9472088911341248,0.5504619810569497,0
reserve10,clean,primary,evaluation,normal,persistence,2,3959,0.10636226782879102,0.2100986164658358,0.5564536499115939,0.8403637282141955,0.931800959838343,0.7067710787777095,0
reserve10,clean,primary,evaluation,normal,persistence,3,3959,0.13127507701578697,0.27134876221001125,0.5294266228845668,0.8254609749936853,0.9224551654458196,0.8164139226157586,0
reserve10,clean,primary,evaluation,normal,persistence,4,3959,0.14699114398648286,0.3063850955740161,0.5218489517554938,0.8178833038646123,0.91765597373074,0.8805218310750292,0
reserve10,clean,primary,evaluation,normal,physical,1,3959,0.03883180304187609,0.0638454784439916,0.5029047739328113,0.8072745642839101,0.9083101793382167,0.30789834280591544,0
reserve10,clean,primary,evaluation,normal,physical,2,3959,0.05211941499586046,0.08984076565607398,0.5077039656478909,0.8115685779237181,0.9085627683758525,0.40648016915859114,0
reserve10,clean,primary,evaluation,normal,physical,3,3959,0.0580598918739499,0.10293251575327553,0.5049254862338974,0.8123263450366254,0.908057590300581,0.4346881664855464,0
reserve10,clean,primary,evaluation,normal,physical,4,3959,0.06114962377131079,0.11060764603197361,0.5039151300833544,0.8110633998484466,0.9060368779994948,0.4423769793320328,0
reserve10,clean,primary,evaluation,normal,physical_availability,1,3959,0.03882274649094967,0.0638454784439916,0.5034099520080828,0.8077797423591816,0.9070472341500379,0.30849169747578925,0
reserve10,clean,primary,evaluation,normal,physical_availability,2,3959,0.052112158092472466,0.08984076565607398,0.5099772669866128,0.8108108108108109,0.9083101793382167,0.40673257614298336,0
reserve10,clean,primary,evaluation,normal,physical_availability,3,3959,0.058062009794547856,0.10293251575327553,0.5051780752715332,0.8095478656226319,0.9067946451124022,0.43447494219880906,0
reserve10,clean,primary,evaluation,normal,physical_availability,4,3959,0.06114715472235957,0.11060764603197361,0.5008840616317252,0.8082849204344531,0.9060368779994948,0.4420121143296032,0
reserve10,clean,primary,evaluation,normal,physical_recovery,1,3959,0.03882256001282562,0.0638454784439916,0.5034099520080828,0.8085375094720889,0.9075524122253095,0.30871598265618255,0
reserve10,clean,primary,evaluation,normal,physical_recovery,2,3959,0.05211556231694656,0.08984076565607398,0.509724677948977,0.8118211669613539,0.9095731245263956,0.4066309124837719,0
reserve10,clean,primary,evaluation,normal,physical_recovery,3,3959,0.0580653149770915,0.10293251575327553,0.5046728971962616,0.8110633998484466,0.9070472341500379,0.4343938549961594,0
reserve10,clean,primary,evaluation,normal,physical_recovery,4,3959,0.06114680944438834,0.11060764603197361,0.5001262945188178,0.8085375094720889,0.905784288961859,0.4420275411649028,0
reserve10,clean,primary,evaluation,normal,previous_day,1,3959,0.10109003444500297,0.15702112509175145,0.4839605961101288,0.7779742359181612,0.8777469057842889,0.6562651621509797,0
reserve10,clean,primary,evaluation,normal,previous_day,2,3959,0.10143702157451114,0.15842476707325231,0.4922960343521091,0.7847941399343269,0.8827986865370043,0.673305479169636,0
reserve10,clean,primary,evaluation,normal,previous_day,3,3959,0.10172901997397807,0.15942717353543462,0.49431674665319525,0.7918666329881283,0.893912604192978,0.6922869288415332,0
reserve10,clean,primary,evaluation,normal,previous_day,4,3959,0.10235468527069501,0.16041557552968522,0.49355897954028793,0.7959080575903006,0.8949229603435211,0.7027287262954208,0
reserve10,clean,primary,evaluation,normal,raw,1,3959,0.0391329878937853,0.0638454784439916,0.4175296792119222,0.7062389492296034,0.8557716595099772,0.29068990723397514,0
reserve10,clean,primary,evaluation,normal,raw,2,3959,0.052773212539999635,0.08984076565607398,0.39151300833543823,0.6870421823692852,0.8259661530689568,0.38093148205815713,0
reserve10,clean,primary,evaluation,normal,raw,3,3959,0.058903601375688355,0.10293251575327553,0.3771154331901995,0.6744127304874968,0.8221773175044204,0.4011768458044131,0
reserve10,clean,primary,evaluation,normal,raw,4,3959,0.061974499526640525,0.11060764603197361,0.37686284415256377,0.6686031826218742,0.8188936600151553,0.4064028513875382,0
reserve10,clean,primary,evaluation,normal,recency,1,3959,0.03893602149254597,0.0638454784439916,0.5064410204597121,0.8037383177570093,0.9050265218489517,0.3048413664979119,0
reserve10,clean,primary,evaluation,normal,recency,2,3959,0.05229195956741179,0.08984076565607398,0.5122505683253347,0.8042434958322808,0.9012376862844153,0.4023854691855835,0
reserve10,clean,primary,evaluation,normal,recency,3,3959,0.05823573988324462,0.10293251575327553,0.5069461985349836,0.8027279616064663,0.9025006314725941,0.4309040541930668,0
reserve10,clean,primary,evaluation,normal,recency,4,3959,0.061329346557314916,0.11060764603197361,0.5001262945188178,0.8012124273806517,0.8984592068704218,0.438711451161106,0
reserve10,clean,primary,evaluation,normal,rolling,1,3959,0.03895127191379529,0.0638454784439916,0.5051780752715332,0.8024753725688305,0.9072998231876737,0.30416435113588575,0
reserve10,clean,primary,evaluation,normal,rolling,2,3959,0.0523063246831997,0.08984076565607398,0.5117453902500632,0.8017176054559232,0.9007325082091437,0.40219892318555456,0
reserve10,clean,primary,evaluation,normal,rolling,3,3959,0.05825450100407028,0.10293251575327553,0.5082091437231624,0.798686537004294,0.9022480424349584,0.43110632513359537,0
reserve10,clean,primary,evaluation,normal,rolling,4,3959,0.06133297622550268,0.11060764603197361,0.5008840616317252,0.8007072493053802,0.8997221520586006,0.43839421098240006,0
reserve10,clean,primary,evaluation,normal,single_imputation,1,3959,0.04518217050641428,0.06804648515116346,0.6322303612023238,0.81384187926244,0.8681485223541299,0.25836896287963285,0
reserve10,clean,primary,evaluation,normal,single_imputation,2,3959,0.06027801908528925,0.09427667833908909,0.5524122253094216,0.7645870169234655,0.8358171255367517,0.3122924176002212,0
reserve10,clean,primary,evaluation,normal,single_imputation,3,3959,0.06708419437686305,0.10460439355107913,0.5339732255620107,0.7438747158373327,0.8199040161656984,0.33207292528542437,0
reserve10,clean,primary,evaluation,normal,single_imputation,4,3959,0.07149847552438125,0.11147314238912574,0.5221015407931295,0.7302349078050012,0.8075271533215459,0.3448972026441972,0
reserve10,clean,primary,warmup,normal,aci_bounded,1,286,0.04213812318832184,0.06961039269337761,0.46503496503496505,0.7517482517482518,0.8951048951048951,0.3445563539663226,0
reserve10,clean,primary,warmup,normal,aci_bounded,2,286,0.062293234778026466,0.10887925219921098,0.45104895104895104,0.7727272727272727,0.9020979020979021,0.48659592363922993,0
reserve10,clean,primary,warmup,normal,aci_bounded,3,286,0.07284754778863292,0.1329415955949235,0.5,0.7902097902097902,0.8951048951048951,0.5123407287992993,0
reserve10,clean,primary,warmup,normal,aci_bounded,4,286,0.07747546604782238,0.14523299662975467,0.513986013986014,0.7447552447552448,0.8496503496503497,0.5158893279473392,0
reserve10,clean,primary,warmup,normal,carry_forward,1,286,0.047171243447147945,0.07472008829610513,0.3951048951048951,0.6888111888111889,0.8601398601398601,0.3940022784909573,0
reserve10,clean,primary,warmup,normal,carry_forward,2,286,0.06534729433978799,0.11320031892827129,0.34965034965034963,0.6503496503496503,0.8251748251748252,0.47852199326522304,0
reserve10,clean,primary,warmup,normal,carry_forward,3,286,0.07464310547612171,0.13170151471792838,0.3706293706293706,0.6258741258741258,0.7832167832167832,0.4948163565582252,0
reserve10,clean,primary,warmup,normal,carry_forward,4,286,0.07938616121778609,0.1424002208413471,0.34965034965034963,0.6258741258741258,0.7552447552447552,0.49701333367500355,0
reserve10,clean,primary,warmup,normal,geometric_persistence,1,286,0.05129473326171633,0.0805771639079057,0.44755244755244755,0.8111888111888111,0.8881118881118881,0.37541977702652246,0
reserve10,clean,primary,warmup,normal,geometric_persistence,2,286,0.07884261650912479,0.13143002178215413,0.479020979020979,0.7937062937062938,0.8916083916083916,0.5211883134657005,0
reserve10,clean,primary,warmup,normal,geometric_persistence,3,286,0.09794926037014834,0.17605379113490294,0.45104895104895104,0.7972027972027972,0.9055944055944056,0.6400954187406485,0
reserve10,clean,primary,warmup,normal,geometric_persistence,4,286,0.11403349031942467,0.21669128038791158,0.45454545454545453,0.7972027972027972,0.8951048951048951,0.6838214596160992,0
reserve10,clean,primary,warmup,normal,mask50,1,286,0.042139366089410324,0.06961039269337761,0.46853146853146854,0.7587412587412588,0.8951048951048951,0.34640687907732837,0
reserve10,clean,primary,warmup,normal,mask50,2,286,0.0622852729311615,0.10887925219921098,0.44405594405594406,0.7657342657342657,0.9020979020979021,0.48811017289297065,0
reserve10,clean,primary,warmup,normal,mask50,3,286,0.07286819694484967,0.1329415955949235,0.486013986013986,0.7692307692307693,0.8951048951048951,0.5119542300851644,0
reserve10,clean,primary,warmup,normal,mask50,4,286,0.07751346841044505,0.14523299662975467,0.4825174825174825,0.7377622377622378,0.8566433566433567,0.5165546962522617,0
reserve10,clean,primary,warmup,normal,mi_recency,1,286,0.04609856476705183,0.07523170805405324,0.5664335664335665,0.8076923076923077,0.9020979020979021,0.31033908761057855,0
reserve10,clean,primary,warmup,normal,mi_recency,2,286,0.0654794706932268,0.11170125432071669,0.5,0.8146853146853147,0.8951048951048951,0.4338283960553452,0
reserve10,clean,primary,warmup,normal,mi_recency,3,286,0.07696792501232388,0.13243594821653754,0.486013986013986,0.7692307692307693,0.8706293706293706,0.5044731034618275,0
reserve10,clean,primary,warmup,normal,mi_recency,4,286,0.08313463845803234,0.14461609901151334,0.5104895104895105,0.7552447552447552,0.8811188811188811,0.5375525482665061,0
reserve10,clean,primary,warmup,normal,multiple_imputation,1,286,0.046333802697607535,0.07523170805405324,0.5769230769230769,0.7937062937062938,0.8566433566433567,0.2593769820099139,0
reserve10,clean,primary,warmup,normal,multiple_imputation,2,286,0.06808943247831714,0.11170125432071669,0.4405594405594406,0.6783216783216783,0.7972027972027972,0.31596648021434376,0
reserve10,clean,primary,warmup,normal,multiple_imputation,3,286,0.08119836417174664,0.13243594821653754,0.3776223776223776,0.6538461538461539,0.7622377622377622,0.337528735489988,0
reserve10,clean,primary,warmup,normal,multiple_imputation,4,286,0.08931813543774961,0.14461609901151334,0.36013986013986016,0.5979020979020979,0.7132867132867133,0.35348188502433814,0
reserve10,clean,primary,warmup,normal,persistence,1,286,0.07273404812976457,0.12889964607111637,0.5594405594405595,0.8041958041958042,0.916083916083916,0.47000029463765397,0
reserve10,clean,primary,warmup,normal,persistence,2,286,0.10987862373076328,0.21317118297015483,0.5244755244755245,0.8216783216783217,0.8776223776223776,0.6638040476632742,0
reserve10,clean,primary,warmup,normal,persistence,3,286,0.13221396898655288,0.27126033851721193,0.48951048951048953,0.7902097902097902,0.8846153846153846,0.7675209362431838,0
reserve10,clean,primary,warmup,normal,persistence,4,286,0.14110218527964224,0.30405758958125206,0.486013986013986,0.8181818181818182,0.8916083916083916,0.8051160081486222,0
reserve10,clean,primary,warmup,normal,physical,1,286,0.042124101421797885,0.06961039269337761,0.4755244755244755,0.7622377622377622,0.9055944055944056,0.34937997778688534,0
reserve10,clean,primary,warmup,normal,physical,2,286,0.06222788959011024,0.10887925219921098,0.458041958041958,0.7692307692307693,0.9090909090909091,0.4903624220696668,0
reserve10,clean,primary,warmup,normal,physical,3,286,0.07276949984574789,0.1329415955949235,0.4965034965034965,0.7762237762237763,0.8916083916083916,0.5154013672577317,0
reserve10,clean,primary,warmup,normal,physical,4,286,0.07753628922220754,0.14523299662975467,0.506993006993007,0.7482517482517482,0.8636363636363636,0.5191365140192085,0
reserve10,clean,primary,warmup,normal,physical_availability,1,286,0.04212625490205005,0.06961039269337761,0.46503496503496505,0.7622377622377622,0.9020979020979021,0.3501528359120096,0
reserve10,clean,primary,warmup,normal,physical_availability,2,286,0.06223484433570175,0.10887925219921098,0.44755244755244755,0.7657342657342657,0.916083916083916,0.4910621955152307,0
reserve10,clean,primary,warmup,normal,physical_availability,3,286,0.07281546163393784,0.1329415955949235,0.486013986013986,0.7692307692307693,0.8916083916083916,0.5159071401712508,0
reserve10,clean,primary,warmup,normal,physical_availability,4,286,0.07758464198865768,0.14523299662975467,0.5034965034965035,0.7342657342657343,0.8636363636363636,0.5188166742928371,0
reserve10,clean,primary,warmup,normal,physical_recovery,1,286,0.04213877951454405,0.06961039269337761,0.4825174825174825,0.7727272727272727,0.9020979020979021,0.3494039233884532,0
reserve10,clean,primary,warmup,normal,physical_recovery,2,286,0.06225708746293322,0.10887925219921098,0.45454545454545453,0.7657342657342657,0.9195804195804196,0.4913590606585126,0
reserve10,clean,primary,warmup,normal,physical_recovery,3,286,0.07285308230762517,0.1329415955949235,0.5,0.7797202797202797,0.8951048951048951,0.5177928306661015,0
reserve10,clean,primary,warmup,normal,physical_recovery,4,286,0.07772324384213602,0.14523299662975467,0.506993006993007,0.7622377622377622,0.8776223776223776,0.5260615031777672,0
reserve10,clean,primary,warmup,normal,previous_day,1,286,0.1196394734008365,0.18443303204295702,0.3006993006993007,0.6258741258741258,0.8076923076923077,0.5582789159733496,0
reserve10,clean,primary,warmup,normal,previous_day,2,286,0.11851716458505036,0.18464018180829586,0.3006993006993007,0.6398601398601399,0.8181818181818182,0.5792188746342198,0
reserve10,clean,primary,warmup,normal,previous_day,3,286,0.11770556337817688,0.18464699880171911,0.3006993006993007,0.6468531468531469,0.8356643356643356,0.6007625293888402,0
reserve10,clean,primary,warmup,normal,previous_day,4,286,0.11732130149844201,0.1846477818379537,0.3006993006993007,0.6538461538461539,0.8356643356643356,0.6063743993631369,0
reserve10,clean,primary,warmup,normal,raw,1,286,0.0422608576643953,0.06961039269337761,0.3916083916083916,0.7062937062937062,0.8706293706293706,0.33757798371526565,0
reserve10,clean,primary,warmup,normal,raw,2,286,0.06270055888462638,0.10887925219921098,0.33916083916083917,0.6083916083916084,0.8461538461538461,0.47559075014523783,0
reserve10,clean,primary,warmup,normal,raw,3,286,0.07325511950105057,0.1329415955949235,0.3776223776223776,0.5944055944055944,0.8006993006993007,0.4889361749551026,0
reserve10,clean,primary,warmup,normal,raw,4,286,0.07821424430028732,0.14523299662975467,0.3951048951048951,0.5804195804195804,0.7657342657342657,0.4938612127803784,0
reserve10,clean,primary,warmup,normal,recency,1,286,0.04213631114994207,0.06961039269337761,0.47202797202797203,0.7587412587412588,0.8951048951048951,0.346078395442071,0
reserve10,clean,primary,warmup,normal,recency,2,286,0.06227815810186928,0.10887925219921098,0.44755244755244755,0.7657342657342657,0.9020979020979021,0.4873927259665314,0
reserve10,clean,primary,warmup,normal,recency,3,286,0.07283385406037925,0.1329415955949235,0.493006993006993,0.7797202797202797,0.8916083916083916,0.5114954281570816,0
reserve10,clean,primary,warmup,normal,recency,4,286,0.07746721246946706,0.14523299662975467,0.4965034965034965,0.7447552447552448,0.8531468531468531,0.5169986719435509,0
reserve10,clean,primary,warmup,normal,rolling,1,286,0.042146488342264095,0.06961039269337761,0.46153846153846156,0.7412587412587412,0.8951048951048951,0.34444577301666957,0
reserve10,clean,primary,warmup,normal,rolling,2,286,0.06226885812666215,0.10887925219921098,0.44405594405594406,0.7727272727272727,0.8986013986013986,0.48561029587864657,0
reserve10,clean,primary,warmup,normal,rolling,3,286,0.07281873862150387,0.1329415955949235,0.4965034965034965,0.7832167832167832,0.8916083916083916,0.5104131552369471,0
reserve10,clean,primary,warmup,normal,rolling,4,286,0.07747538057695084,0.14523299662975467,0.5034965034965035,0.7412587412587412,0.8496503496503497,0.5130433931831347,0
reserve10,clean,primary,warmup,normal,single_imputation,1,286,0.04691812591831072,0.07578729011281804,0.5734265734265734,0.7972027972027972,0.8566433566433567,0.25670942800770824,0
reserve10,clean,primary,warmup,normal,single_imputation,2,286,0.06824848015017525,0.111536845740053,0.4405594405594406,0.6748251748251748,0.7972027972027972,0.3132866788504653,0
reserve10,clean,primary,warmup,normal,single_imputation,3,286,0.0818433332519048,0.13288545090593915,0.3776223776223776,0.6468531468531469,0.7552447552447552,0.33573610160247763,0
reserve10,clean,primary,warmup,normal,single_imputation,4,286,0.08993620113409842,0.1450998235228099,0.36013986013986016,0.5979020979020979,0.7132867132867133,0.35258797256935526,0
reserve10,pv_only,primary,evaluation,normal,aci_bounded,1,3111,0.03920396180023404,0.06462650868284732,0.49855351976856316,0.7955641272902604,0.896817743490839,0.29891272241650896,0
reserve10,pv_only,primary,evaluation,normal,aci_bounded,2,3113,0.05237297922811911,0.08986230285398311,0.49887568262126564,0.793768069386444,0.8972052682300032,0.3994351605380803,0
reserve10,pv_only,primary,evaluation,normal,aci_bounded,3,3113,0.05828032483506198,0.10267084460972248,0.49534211371667203,0.7963379376806938,0.9017025377449406,0.428962197536785,0
reserve10,pv_only,primary,evaluation,normal,aci_bounded,4,3113,0.061378521223401705,0.11021058209581264,0.4921297783488596,0.8001927401220688,0.9039511725024093,0.4392235220062275,0
reserve10,pv_only,primary,evaluation,normal,carry_forward,1,3111,0.04170291473493954,0.06733307411119771,0.40822886531661845,0.6955962712954034,0.8444230151076824,0.3173287504738635,0
reserve10,pv_only,primary,evaluation,normal,carry_forward,2,3113,0.05384291678421041,0.09157832650468868,0.39158368133633153,0.680051397365885,0.8336010279473177,0.3824704419032796,0
reserve10,pv_only,primary,evaluation,normal,carry_forward,3,3113,0.05992292486300567,0.10562244534267623,0.38676517828461293,0.6768390619980726,0.8210729200128494,0.3989647280464445,0
reserve10,pv_only,primary,evaluation,normal,carry_forward,4,3113,0.062406329400330744,0.11072273427550615,0.37648570510761326,0.6758753613877289,0.8181818181818182,0.40391895230353403,0
reserve10,pv_only,primary,evaluation,normal,geometric_persistence,1,3111,0.05218059504778093,0.08080049740999089,0.5390549662487946,0.8592092574734812,0.9405335904853744,0.4772556552781465,0
reserve10,pv_only,primary,evaluation,normal,geometric_persistence,2,3113,0.07881885458649227,0.13161820893186776,0.5387086411821395,0.8448442017346611,0.9299710889816897,0.5968514792055301,0
reserve10,pv_only,primary,evaluation,normal,geometric_persistence,3,3113,0.10007820905345864,0.17745392761848208,0.527465467394796,0.8345647285576614,0.9206553164150337,0.7062553969664953,0
reserve10,pv_only,primary,evaluation,normal,geometric_persistence,4,3113,0.11625615473486307,0.21608497978845514,0.52071956312239,0.8255701895277867,0.9161580469000964,0.7731373985355269,0
reserve10,pv_only,primary,evaluation,normal,mask50,1,3111,0.03918184497153841,0.06462650868284732,0.5081967213114754,0.8023143683702989,0.9016393442622951,0.30294125520968995,0
reserve10,pv_only,primary,evaluation,normal,mask50,2,3113,0.0523436470072247,0.08986230285398311,0.5130099582396402,0.7995502730485062,0.9026662383552843,0.40132186355289806,0
reserve10,pv_only,primary,evaluation,normal,mask50,3,3113,0.05822905995741997,0.10267084460972248,0.5075489881143591,0.8050112431737874,0.904914873112753,0.42977127340936644,0
reserve10,pv_only,primary,evaluation,normal,mask50,4,3113,0.061351931945694486,0.11021058209581264,0.49726951493735944,0.80051397365885,0.9013813042081593,0.4380669147667734,0
reserve10,pv_only,primary,evaluation,normal,mi_recency,1,3111,0.04516346388301708,0.06860097813518296,0.5120540019286403,0.8119575699132112,0.9000321440051431,0.308332641517688,0
reserve10,pv_only,primary,evaluation,normal,mi_recency,2,3113,0.059157865699993845,0.09382001262588728,0.5178284612913588,0.8043687761002248,0.9017025377449406,0.3999135680014751,0
reserve10,pv_only,primary,evaluation,normal,mi_recency,3,3113,0.06557340219477466,0.1045302051655915,0.5146161259235464,0.809829746225506,0.9023450048185031,0.4432735740088896,0
reserve10,pv_only,primary,evaluation,normal,mi_recency,4,3113,0.06932768428060675,0.11112506463380227,0.5101188564086091,0.8056537102473498,0.9000963700610344,0.4708877469253012,0
reserve10,pv_only,primary,evaluation,normal,multiple_imputation,1,3111,0.04559665110685975,0.06860097813518296,0.6300225008036001,0.8148505303760849,0.8675666988106718,0.2595145656459626,0
reserve10,pv_only,primary,evaluation,normal,multiple_imputation,2,3113,0.060262550042477006,0.09382001262588728,0.5592675875361388,0.7664632187600385,0.8400256986829425,0.31299696944928135,0
reserve10,pv_only,primary,evaluation,normal,multiple_imputation,3,3113,0.06731324435358663,0.1045302051655915,0.5358175393511082,0.7468679730163829,0.8226790876967556,0.3328123367880498,0
reserve10,pv_only,primary,evaluation,normal,multiple_imputation,4,3113,0.0716862803379573,0.11112506463380227,0.5255380661741086,0.734982332155477,0.8082235785415998,0.3457706777350321,0
reserve10,pv_only,primary,evaluation,normal,persistence,1,3111,0.06975091471213485,0.12650478564444903,0.5564127290260367,0.859852137576342,0.9459980713596914,0.5512141227230372,0
reserve10,pv_only,primary,evaluation,normal,persistence,2,3113,0.10736042198126468,0.21179620447451547,0.5538066174108577,0.8380982974622551,0.9286861548345647,0.7070871021255907,0
reserve10,pv_only,primary,evaluation,normal,persistence,3,3113,0.132305650440661,0.27363330967328825,0.5258592997108898,0.8239640218438805,0.9203340828782525,0.8168404908351522,0
reserve10,pv_only,primary,evaluation,normal,persistence,4,3113,0.14805107310016108,0.30888000653949255,0.5162222936074526,0.8168968840346932,0.9171217475104401,0.8812252537445217,0
reserve10,pv_only,primary,evaluation,normal,physical,1,3111,0.03907054316527547,0.06462650868284732,0.5004821600771456,0.8045644487303117,0.9061395049823208,0.30426643206660614,0
reserve10,pv_only,primary,evaluation,normal,physical,2,3113,0.052138047760346945,0.08986230285398311,0.5040154192097654,0.8114359139094122,0.9052361066495342,0.40393860128082343,0
reserve10,pv_only,primary,evaluation,normal,physical,3,3113,0.058022855692930725,0.10267084460972248,0.5040154192097654,0.8133633151300996,0.9087696755541278,0.4325686819481716,0
reserve10,pv_only,primary,evaluation,normal,physical,4,3113,0.061134451246157864,0.11021058209581264,0.503372952136203,0.8091872791519434,0.9071635078702216,0.4410263865680028,0
reserve10,pv_only,primary,evaluation,normal,physical_availability,1,3111,0.03906753557294038,0.06462650868284732,0.500803600128576,0.8052073288331726,0.9061395049823208,0.3061340118510987,0
reserve10,pv_only,primary,evaluation,normal,physical_availability,2,3113,0.052141705105953236,0.08986230285398311,0.5091551557982653,0.8101509797622872,0.9068422743334404,0.40547474896091956,0
reserve10,pv_only,primary,evaluation,normal,physical_availability,3,3113,0.058035924273681046,0.10267084460972248,0.5062640539672342,0.8111146803726309,0.911660777385159,0.433853171977749,0
reserve10,pv_only,primary,evaluation,normal,physical_availability,4,3113,0.06114194414633878,0.11021058209581264,0.49887568262126564,0.8091872791519434,0.9084484420173466,0.4421401114585784,0
reserve10,pv_only,primary,evaluation,normal,physical_recovery,1,3111,0.03905513335989321,0.06462650868284732,0.5049823207971713,0.8071359691417551,0.9083895853423336,0.3072914996074225,0
reserve10,pv_only,primary,evaluation,normal,physical_recovery,2,3113,0.05214142778288709,0.08986230285398311,0.508833922261484,0.8114359139094122,0.9126244779955027,0.4074709646750092,0
reserve10,pv_only,primary,evaluation,normal,physical_recovery,3,3113,0.05804546251597853,0.10267084460972248,0.5075489881143591,0.8172181175714744,0.9132669450690653,0.43495848788094704,0
reserve10,pv_only,primary,evaluation,normal,physical_recovery,4,3113,0.06115690412183302,0.11021058209581264,0.5024092515258592,0.8091872791519434,0.9071635078702216,0.442922591340531,0
reserve10,pv_only,primary,evaluation,normal,previous_day,1,3111,0.10126659853486414,0.15688080866266588,0.48633879781420764,0.7804564448730312,0.8794599807135969,0.6599615232429139,0
reserve10,pv_only,primary,evaluation,normal,previous_day,2,3113,0.10136583164239368,0.15782652923402052,0.49630581432701576,0.7847735303565693,0.8846771602955349,0.6763677540993486,0
reserve10,pv_only,primary,evaluation,normal,previous_day,3,3113,0.10173164385440293,0.15897992275595427,0.49887568262126564,0.792483135239319,0.8952778670093158,0.6954758525941995,0
reserve10,pv_only,primary,evaluation,normal,previous_day,4,3113,0.10272183168853088,0.16059030533491464,0.49791198201092196,0.7956954706071314,0.8949566334725345,0.7062175004003947,0
reserve10,pv_only,primary,evaluation,normal,raw,1,3111,0.03942591208009183,0.06462650868284732,0.41305046608807455,0.6997749919639987,0.8514946962391514,0.2887164804412001,0
reserve10,pv_only,primary,evaluation,normal,raw,2,3113,0.05289894730678714,0.08986230285398311,0.39190491487311274,0.6810150979762287,0.8226790876967556,0.3787946335252224,0
reserve10,pv_only,primary,evaluation,normal,raw,3,3113,0.05896697044873823,0.10267084460972248,0.37423707035014453,0.6710568583360103,0.8207516864760681,0.39937266830621715,0
reserve10,pv_only,primary,evaluation,normal,raw,4,3113,0.06208357512106924,0.11021058209581264,0.37680693864439446,0.6659171217475104,0.8194667523289432,0.40480298090922806,0
reserve10,pv_only,primary,evaluation,normal,recency,1,3111,0.039189618525149,0.06462650868284732,0.5030536804885889,0.7974927675988428,0.9006750241080038,0.30114269240817676,0
reserve10,pv_only,primary,evaluation,normal,recency,2,3113,0.05234999777066637,0.08986230285398311,0.5040154192097654,0.7985865724381626,0.8988114359139094,0.39953605172546724,0
reserve10,pv_only,primary,evaluation,normal,recency,3,3113,0.05822786912384692,0.10267084460972248,0.5059428204304529,0.8046900096370061,0.9023450048185031,0.4285028915274075,0
reserve10,pv_only,primary,evaluation,normal,recency,4,3113,0.061352714753756435,0.11021058209581264,0.49823321554770317,0.799229039511725,0.9004176035978156,0.4370593916595892,0
reserve10,pv_only,primary,evaluation,normal,rolling,1,3111,0.039202377431549945,0.06462650868284732,0.5033751205400193,0.79524268723883,0.9032465445194471,0.30062634742184224,0
reserve10,pv_only,primary,evaluation,normal,rolling,2,3113,0.052370123797097545,0.08986230285398311,0.5101188564086091,0.7963379376806938,0.8988114359139094,0.39960803376886456,0
reserve10,pv_only,primary,evaluation,normal,rolling,3,3113,0.05826171133292534,0.10267084460972248,0.5059428204304529,0.8001927401220688,0.9020237712817218,0.4284823794227247,0
reserve10,pv_only,primary,evaluation,normal,rolling,4,3113,0.06136836160393282,0.11021058209581264,0.49951814969482816,0.8008352071956312,0.9013813042081593,0.4369054724535917,0
reserve10,pv_only,primary,evaluation,normal,single_imputation,1,3111,0.04573659111630161,0.06863887135112158,0.6297010607521697,0.8148505303760849,0.8682095789135327,0.2585224221043255,0
reserve10,pv_only,primary,evaluation,normal,single_imputation,2,3113,0.06035665018249366,0.09381779199239004,0.55958882107292,0.7674269193703823,0.83938323160938,0.31242736018513606,0
reserve10,pv_only,primary,evaluation,normal,single_imputation,3,3113,0.06735945365991416,0.10453229285349186,0.5351750722775458,0.7465467394796017,0.8223578541599743,0.3324021835095693,0
reserve10,pv_only,primary,evaluation,normal,single_imputation,4,3113,0.07170839626021851,0.11110652983454453,0.5268230003212335,0.7336973980083521,0.805974943784131,0.34539153631619546,0
reserve10,pv_only,primary,evaluation,partial_restoration,aci_bounded,1,301,0.05061271736424864,0.08741375190395467,0.5614617940199336,0.8571428571428571,0.9401993355481728,0.4483644728487921,47
reserve10,pv_only,primary,evaluation,partial_restoration,aci_bounded,2,298,0.05717214695677355,0.10221151021647676,0.5536912751677853,0.8389261744966443,0.9295302013422819,0.45858249778658466,46
reserve10,pv_only,primary,evaluation,partial_restoration,aci_bounded,3,297,0.06075986831739066,0.11484145954726092,0.5050505050505051,0.8383838383838383,0.936026936026936,0.46589332826591756,45
reserve10,pv_only,primary,evaluation,partial_restoration,aci_bounded,4,297,0.06274359236811677,0.1211143702719192,0.5151515151515151,0.8148148148148148,0.9225589225589226,0.45702464646181246,44
reserve10,pv_only,primary,evaluation,partial_restoration,carry_forward,1,301,0.05295349423037169,0.089111404570811,0.53156146179402,0.7840531561461794,0.8837209302325582,0.42031401291098497,47
reserve10,pv_only,primary,evaluation,partial_restoration,carry_forward,2,298,0.05700718720672259,0.1048888742301345,0.4697986577181208,0.7718120805369127,0.8825503355704698,0.4299625385132263,46
reserve10,pv_only,primary,evaluation,partial_restoration,carry_forward,3,297,0.06058885334443221,0.11529291026466272,0.4208754208754209,0.7239057239057239,0.8552188552188552,0.43078978265650003,45
reserve10,pv_only,primary,evaluation,partial_restoration,carry_forward,4,297,0.06135238354242825,0.11706680831061964,0.4074074074074074,0.7003367003367004,0.8585858585858586,0.42453600724607515,44
reserve10,pv_only,primary,evaluation,partial_restoration,geometric_persistence,1,301,0.18671380711611907,0.2754548013533605,0.2757475083056478,0.43853820598006643,0.5880398671096345,0.3750937594303075,47
reserve10,pv_only,primary,evaluation,partial_restoration,geometric_persistence,2,298,0.16049697490357426,0.2815157092120766,0.3624161073825503,0.5838926174496645,0.6812080536912751,0.47218331992513496,46
reserve10,pv_only,primary,evaluation,partial_restoration,geometric_persistence,3,297,0.13705239806922379,0.27003997926129064,0.42424242424242425,0.6902356902356902,0.7946127946127947,0.5786446981645467,45
reserve10,pv_only,primary,evaluation,partial_restoration,geometric_persistence,4,297,0.11669346380720041,0.24613287708503992,0.5488215488215489,0.7912457912457912,0.8922558922558923,0.6586027438353587,44
reserve10,pv_only,primary,evaluation,partial_restoration,mask50,1,301,0.05062018075160488,0.08741375190395467,0.5548172757475083,0.867109634551495,0.9435215946843853,0.45143057879501935,47
reserve10,pv_only,primary,evaluation,partial_restoration,mask50,2,298,0.05717345002123786,0.10221151021647676,0.5671140939597316,0.8456375838926175,0.9328859060402684,0.4594674068151989,46
reserve10,pv_only,primary,evaluation,partial_restoration,mask50,3,297,0.06073058524227487,0.11484145954726092,0.5084175084175084,0.835016835016835,0.9427609427609428,0.46586010699988906,45
reserve10,pv_only,primary,evaluation,partial_restoration,mask50,4,297,0.06263703895599725,0.1211143702719192,0.5117845117845118,0.8114478114478114,0.9326599326599326,0.45540777625734813,44
reserve10,pv_only,primary,evaluation,partial_restoration,mi_recency,1,301,0.049496275720652586,0.07584842423989288,0.5149501661129569,0.7873754152823921,0.8870431893687708,0.3336195634070939,47
reserve10,pv_only,primary,evaluation,partial_restoration,mi_recency,2,298,0.06177204940028659,0.1015137912062045,0.47315436241610737,0.7651006711409396,0.889261744966443,0.4140752990788124,46
reserve10,pv_only,primary,evaluation,partial_restoration,mi_recency,3,297,0.06611370837581669,0.10778204959009388,0.494949494949495,0.7811447811447811,0.8754208754208754,0.443864265542982,45
reserve10,pv_only,primary,evaluation,partial_restoration,mi_recency,4,297,0.06882218440480249,0.11096614697426768,0.5016835016835017,0.7777777777777778,0.898989898989899,0.4697569874352344,44
reserve10,pv_only,primary,evaluation,partial_restoration,multiple_imputation,1,301,0.049712555260955846,0.07584842423989288,0.6378737541528239,0.7873754152823921,0.8438538205980066,0.2831291487670098,47
reserve10,pv_only,primary,evaluation,partial_restoration,multiple_imputation,2,298,0.0628339566598779,0.1015137912062045,0.5436241610738255,0.7483221476510067,0.8053691275167785,0.32483262385800626,46
reserve10,pv_only,primary,evaluation,partial_restoration,multiple_imputation,3,297,0.06742409793452732,0.10778204959009388,0.5218855218855218,0.734006734006734,0.8080808080808081,0.3372196059483634,45
reserve10,pv_only,primary,evaluation,partial_restoration,multiple_imputation,4,297,0.07024488181206545,0.11096614697426768,0.5286195286195287,0.7205387205387206,0.8013468013468014,0.34677429341172,44
reserve10,pv_only,primary,evaluation,partial_restoration,persistence,1,301,0.2042347746124384,0.316572519475261,0.3122923588039867,0.43853820598006643,0.5681063122923588,0.4230816328340055,47
reserve10,pv_only,primary,evaluation,partial_restoration,persistence,2,298,0.16186228292889207,0.30176357555878475,0.4228187919463087,0.6006711409395973,0.7046979865771812,0.5451412820519734,46
reserve10,pv_only,primary,evaluation,partial_restoration,persistence,3,297,0.13256478733249263,0.2730749577516233,0.5151515151515151,0.7306397306397306,0.8282828282828283,0.6409138261522717,45
reserve10,pv_only,primary,evaluation,partial_restoration,persistence,4,297,0.11601816222979333,0.23817871233164983,0.6397306397306397,0.8383838383838383,0.9158249158249159,0.7047049393232923,44
reserve10,pv_only,primary,evaluation,partial_restoration,physical,1,301,0.050715365936751654,0.08741375190395467,0.5647840531561462,0.8604651162790697,0.946843853820598,0.45550707489176107,47
reserve10,pv_only,primary,evaluation,partial_restoration,physical,2,298,0.05720729859879461,0.10221151021647676,0.5637583892617449,0.8523489932885906,0.9328859060402684,0.4640050105959514,46
reserve10,pv_only,primary,evaluation,partial_restoration,physical,3,297,0.06067500348603965,0.11484145954726092,0.5218855218855218,0.8451178451178452,0.9461279461279462,0.4698523020205949,45
reserve10,pv_only,primary,evaluation,partial_restoration,physical,4,297,0.06255044143896411,0.1211143702719192,0.494949494949495,0.8282828282828283,0.9326599326599326,0.45948797505114636,44
reserve10,pv_only,primary,evaluation,partial_restoration,physical_availability,1,301,0.050616463332041645,0.08741375190395467,0.5614617940199336,0.8637873754152824,0.9368770764119602,0.4505440618980693,47
reserve10,pv_only,primary,evaluation,partial_restoration,physical_availability,2,298,0.05720880087008115,0.10221151021647676,0.5503355704697986,0.8389261744966443,0.9261744966442953,0.4594859497170953,46
reserve10,pv_only,primary,evaluation,partial_restoration,physical_availability,3,297,0.060600750637952394,0.11484145954726092,0.5286195286195287,0.8282828282828283,0.9393939393939394,0.4657952555461748,45
reserve10,pv_only,primary,evaluation,partial_restoration,physical_availability,4,297,0.06245522332945183,0.1211143702719192,0.4983164983164983,0.8181818181818182,0.9326599326599326,0.45519320416117554,44
reserve10,pv_only,primary,evaluation,partial_restoration,physical_recovery,1,301,0.050614483844557266,0.08741375190395467,0.5614617940199336,0.8637873754152824,0.9368770764119602,0.45051256728545797,47
reserve10,pv_only,primary,evaluation,partial_restoration,physical_recovery,2,298,0.05721713308980776,0.10221151021647676,0.5503355704697986,0.8389261744966443,0.9261744966442953,0.45954116688397495,46
reserve10,pv_only,primary,evaluation,partial_restoration,physical_recovery,3,297,0.06060457155492191,0.11484145954726092,0.5286195286195287,0.8282828282828283,0.9393939393939394,0.46588598966808775,45
reserve10,pv_only,primary,evaluation,partial_restoration,physical_recovery,4,297,0.062455674859892014,0.1211143702719192,0.4983164983164983,0.8181818181818182,0.9326599326599326,0.45530818473432544,44
reserve10,pv_only,primary,evaluation,partial_restoration,previous_day,1,301,0.09975009232551076,0.15763426135451272,0.4684385382059801,0.760797342192691,0.8770764119601329,0.6416006580446132,47
reserve10,pv_only,primary,evaluation,partial_restoration,previous_day,2,298,0.1011843568921459,0.16060154485308803,0.48322147651006714,0.7785234899328859,0.8758389261744967,0.665062843202201,46
reserve10,pv_only,primary,evaluation,partial_restoration,previous_day,3,297,0.10182802512668493,0.16264500405944363,0.46464646464646464,0.7912457912457912,0.8821548821548821,0.6794921313331727,45
reserve10,pv_only,primary,evaluation,partial_restoration,previous_day,4,297,0.10002731029235093,0.1595339000964506,0.45791245791245794,0.8013468013468014,0.8922558922558923,0.6828772356611752,44
reserve10,pv_only,primary,evaluation,partial_restoration,raw,1,301,0.05039966590244235,0.08741375190395467,0.5116279069767442,0.7973421926910299,0.9401993355481728,0.43842123221442275,47
reserve10,pv_only,primary,evaluation,partial_restoration,raw,2,298,0.05707783336150787,0.10221151021647676,0.4798657718120805,0.7818791946308725,0.8859060402684564,0.4388873656794682,46
reserve10,pv_only,primary,evaluation,partial_restoration,raw,3,297,0.06071857007749651,0.11484145954726092,0.4006734006734007,0.7205387205387206,0.8653198653198653,0.43735927941782404,45
reserve10,pv_only,primary,evaluation,partial_restoration,raw,4,297,0.0625859597893646,0.1211143702719192,0.41414141414141414,0.7003367003367004,0.8484848484848485,0.4245355816659865,44
reserve10,pv_only,primary,evaluation,partial_restoration,recency,1,301,0.05062667453035365,0.08741375190395467,0.5581395348837209,0.8637873754152824,0.9435215946843853,0.4519717707909764,47
reserve10,pv_only,primary,evaluation,partial_restoration,recency,2,298,0.057208082865898825,0.10221151021647676,0.5604026845637584,0.8489932885906041,0.9328859060402684,0.4598210238273313,46
reserve10,pv_only,primary,evaluation,partial_restoration,recency,3,297,0.06075836143019672,0.11484145954726092,0.5084175084175084,0.835016835016835,0.9427609427609428,0.4666273668635804,45
reserve10,pv_only,primary,evaluation,partial_restoration,recency,4,297,0.06269427654533663,0.1211143702719192,0.5117845117845118,0.8148148148148148,0.9326599326599326,0.4566565370619939,44
reserve10,pv_only,primary,evaluation,partial_restoration,rolling,1,301,0.05059540926915854,0.08741375190395467,0.5614617940199336,0.8571428571428571,0.9435215946843853,0.44989157306005306,47
reserve10,pv_only,primary,evaluation,partial_restoration,rolling,2,298,0.05716737297006355,0.10221151021647676,0.5671140939597316,0.8355704697986577,0.9295302013422819,0.45865696391387223,46
reserve10,pv_only,primary,evaluation,partial_restoration,rolling,3,297,0.06072949319679789,0.11484145954726092,0.5185185185185185,0.835016835016835,0.9461279461279462,0.4654601083493569,45
reserve10,pv_only,primary,evaluation,partial_restoration,rolling,4,297,0.06265936001956775,0.1211143702719192,0.5151515151515151,0.8114478114478114,0.9225589225589226,0.45520691598360224,44
reserve10,pv_only,primary,evaluation,partial_restoration,single_imputation,1,301,0.04934384181826716,0.0741476269074669,0.6212624584717608,0.7807308970099668,0.8272425249169435,0.2569684152105911,47
reserve10,pv_only,primary,evaluation,partial_restoration,single_imputation,2,298,0.06314591238535922,0.10086659616932005,0.5335570469798657,0.7416107382550335,0.8053691275167785,0.3120145879841509,46
reserve10,pv_only,primary,evaluation,partial_restoration,single_imputation,3,297,0.06786556707813539,0.1077508917870204,0.5218855218855218,0.7373737373737373,0.8013468013468014,0.332709491692303,45
reserve10,pv_only,primary,evaluation,partial_restoration,single_imputation,4,297,0.07043744943819438,0.11132351556953839,0.5252525252525253,0.7104377104377104,0.797979797979798,0.3443283382362362,44
reserve10,pv_only,primary,evaluation,recovery_0_6,aci_bounded,1,135,0.035654584749387715,0.0610886167951651,0.5555555555555556,0.8592592592592593,0.9333333333333333,0.3013356114934849,32
reserve10,pv_only,primary,evaluation,recovery_0_6,aci_bounded,2,130,0.04576749992175419,0.08715450711732123,0.5230769230769231,0.9153846153846154,0.9692307692307692,0.38918386500659075,31
reserve10,pv_only,primary,evaluation,recovery_0_6,aci_bounded,3,125,0.04818611473493856,0.0888818534379826,0.576,0.896,0.968,0.428697064198116,33
reserve10,pv_only,primary,evaluation,recovery_0_6,aci_bounded,4,120,0.05241203557088269,0.1033550308313087,0.45,0.9166666666666666,0.975,0.4602200466980985,29
reserve10,pv_only,primary,evaluation,recovery_0_6,carry_forward,1,135,0.037551578312803084,0.06503126813699492,0.45925925925925926,0.8,0.9111111111111111,0.305591130300254,32
reserve10,pv_only,primary,evaluation,recovery_0_6,carry_forward,2,130,0.04587452822518825,0.09062949716157342,0.4076923076923077,0.7692307692307693,0.9153846153846154,0.3713893906374667,31
reserve10,pv_only,primary,evaluation,recovery_0_6,carry_forward,3,125,0.04946812475418693,0.0944053490667668,0.4,0.816,0.912,0.3995428603451632,33
reserve10,pv_only,primary,evaluation,recovery_0_6,carry_forward,4,120,0.052469933777441496,0.10087937852825751,0.3333333333333333,0.7583333333333333,0.9083333333333333,0.42525417966531,29
reserve10,pv_only,primary,evaluation,recovery_0_6,geometric_persistence,1,135,0.05105054148850704,0.0816466890271019,0.4666666666666667,0.8296296296296296,0.9407407407407408,0.47883961304741324,32
reserve10,pv_only,primary,evaluation,recovery_0_6,geometric_persistence,2,130,0.0735687181971726,0.13080201721872617,0.4846153846153846,0.8307692307692308,0.9230769230769231,0.5976527433927358,31
reserve10,pv_only,primary,evaluation,recovery_0_6,geometric_persistence,3,125,0.0913533727764113,0.16534079117515987,0.528,0.816,0.92,0.6991335747559405,33
reserve10,pv_only,primary,evaluation,recovery_0_6,geometric_persistence,4,120,0.10409355037129622,0.1928065239104004,0.6,0.8583333333333333,0.95,0.7916790620234657,29
reserve10,pv_only,primary,evaluation,recovery_0_6,mask50,1,135,0.03563645224612043,0.0610886167951651,0.5777777777777777,0.8666666666666667,0.9407407407407408,0.3067495155017784,32
reserve10,pv_only,primary,evaluation,recovery_0_6,mask50,2,130,0.04568901193282696,0.08715450711732123,0.5384615384615384,0.9153846153846154,0.9692307692307692,0.39019974668324303,31
reserve10,pv_only,primary,evaluation,recovery_0_6,mask50,3,125,0.04813980351257432,0.0888818534379826,0.576,0.896,0.976,0.42892004816247703,33
reserve10,pv_only,primary,evaluation,recovery_0_6,mask50,4,120,0.05229598951173796,0.1033550308313087,0.4666666666666667,0.9333333333333333,0.975,0.45864893194581235,29
reserve10,pv_only,primary,evaluation,recovery_0_6,mi_recency,1,135,0.04273174637756384,0.06540766787959613,0.5259259259259259,0.8074074074074075,0.8962962962962963,0.3115579396278322,32
reserve10,pv_only,primary,evaluation,recovery_0_6,mi_recency,2,130,0.051669864944283946,0.08834067585157834,0.45384615384615384,0.8,0.9307692307692308,0.40824547637760333,31
reserve10,pv_only,primary,evaluation,recovery_0_6,mi_recency,3,125,0.05313573746971115,0.09092478391569188,0.528,0.808,0.96,0.4555746693359016,33
reserve10,pv_only,primary,evaluation,recovery_0_6,mi_recency,4,120,0.057868901340469486,0.10174229216112608,0.5166666666666667,0.8,0.9666666666666667,0.49832261938345324,29
reserve10,pv_only,primary,evaluation,recovery_0_6,multiple_imputation,1,135,0.043470034455833195,0.06540766787959613,0.6370370370370371,0.8148148148148148,0.8592592592592593,0.2586940220850369,32
reserve10,pv_only,primary,evaluation,recovery_0_6,multiple_imputation,2,130,0.05295063503405106,0.08834067585157834,0.5230769230769231,0.7692307692307693,0.8307692307692308,0.3111868918801814,31
reserve10,pv_only,primary,evaluation,recovery_0_6,multiple_imputation,3,125,0.053298740947528234,0.09092478391569188,0.584,0.744,0.864,0.33158884513194214,33
reserve10,pv_only,primary,evaluation,recovery_0_6,multiple_imputation,4,120,0.05929926624551227,0.10174229216112608,0.5583333333333333,0.7,0.8333333333333334,0.3506774429829385,29
reserve10,pv_only,primary,evaluation,recovery_0_6,persistence,1,135,0.06794948196912792,0.12797210972993828,0.4962962962962963,0.8740740740740741,0.9629629629629629,0.5569092446469907,32
reserve10,pv_only,primary,evaluation,recovery_0_6,persistence,2,130,0.10372066658204555,0.21177647754464285,0.5692307692307692,0.8538461538461538,0.9384615384615385,0.7075938045112178,31
reserve10,pv_only,primary,evaluation,recovery_0_6,persistence,3,125,0.12423035612377975,0.2585699932904762,0.552,0.832,0.944,0.8042110014336308,33
reserve10,pv_only,primary,evaluation,recovery_0_6,persistence,4,120,0.13555770590138266,0.2757189005282738,0.5833333333333334,0.85,0.925,0.8749423311408727,29
reserve10,pv_only,primary,evaluation,recovery_0_6,physical,1,135,0.03561299191030655,0.0610886167951651,0.5555555555555556,0.8740740740740741,0.9333333333333333,0.30719502516313507,32
reserve10,pv_only,primary,evaluation,recovery_0_6,physical,2,130,0.04586604738073189,0.08715450711732123,0.5307692307692308,0.8923076923076924,0.9692307692307692,0.39434321705527464,31
reserve10,pv_only,primary,evaluation,recovery_0_6,physical,3,125,0.0483620078647931,0.0888818534379826,0.552,0.896,0.976,0.4319460339212149,33
reserve10,pv_only,primary,evaluation,recovery_0_6,physical,4,120,0.05260085290143671,0.1033550308313087,0.49166666666666664,0.925,0.975,0.4625199511967689,29
reserve10,pv_only,primary,evaluation,recovery_0_6,physical_availability,1,135,0.03560486980218924,0.0610886167951651,0.562962962962963,0.8740740740740741,0.9333333333333333,0.309073282871235,32
reserve10,pv_only,primary,evaluation,recovery_0_6,physical_availability,2,130,0.045831722683645465,0.08715450711732123,0.5461538461538461,0.8923076923076924,0.9769230769230769,0.39567211113636697,31
reserve10,pv_only,primary,evaluation,recovery_0_6,physical_availability,3,125,0.04834694477304292,0.0888818534379826,0.56,0.896,0.976,0.43301735752931675,33
reserve10,pv_only,primary,evaluation,recovery_0_6,physical_availability,4,120,0.05254286810072971,0.1033550308313087,0.49166666666666664,0.95,0.975,0.46299718508130067,29
reserve10,pv_only,primary,evaluation,recovery_0_6,physical_recovery,1,135,0.035611792735775895,0.0610886167951651,0.562962962962963,0.8592592592592593,0.9333333333333333,0.30660388301018676,32
reserve10,pv_only,primary,evaluation,recovery_0_6,physical_recovery,2,130,0.04566490744227296,0.08715450711732123,0.5307692307692308,0.9076923076923077,0.9692307692307692,0.38920384255779694,31
reserve10,pv_only,primary,evaluation,recovery_0_6,physical_recovery,3,125,0.04809306011759499,0.0888818534379826,0.536,0.88,0.968,0.42848181094771826,33
reserve10,pv_only,primary,evaluation,recovery_0_6,physical_recovery,4,120,0.052357548534934364,0.1033550308313087,0.48333333333333334,0.925,0.975,0.45787924254821133,29
reserve10,pv_only,primary,evaluation,recovery_0_6,previous_day,1,135,0.08157356003109016,0.12655746951609345,0.48148148148148145,0.8518518518518519,0.8962962962962963,0.6172774459102182,32
reserve10,pv_only,primary,evaluation,recovery_0_6,previous_day,2,130,0.07532748755450352,0.11631239618246336,0.5,0.8615384615384616,0.9230769230769231,0.6398702435634157,31
reserve10,pv_only,primary,evaluation,recovery_0_6,previous_day,3,125,0.06928599000692176,0.10501287160238094,0.504,0.888,0.968,0.6829138215809522,33
reserve10,pv_only,primary,evaluation,recovery_0_6,previous_day,4,120,0.07841423643443522,0.1191525891313244,0.5,0.875,0.9666666666666667,0.7298181836011904,29
reserve10,pv_only,primary,evaluation,recovery_0_6,raw,1,135,0.035501027198958986,0.0610886167951651,0.5037037037037037,0.7777777777777778,0.9185185185185185,0.2900383459387183,32
reserve10,pv_only,primary,evaluation,recovery_0_6,raw,2,130,0.045350351573396064,0.08715450711732123,0.38461538461538464,0.7846153846153846,0.9307692307692308,0.3680521100968481,31
reserve10,pv_only,primary,evaluation,recovery_0_6,raw,3,125,0.047706846807891605,0.0888818534379826,0.408,0.784,0.92,0.39885231850380054,33
reserve10,pv_only,primary,evaluation,recovery_0_6,raw,4,120,0.052054024560742665,0.1033550308313087,0.30833333333333335,0.7416666666666667,0.8916666666666667,0.4241662772490603,29
reserve10,pv_only,primary,evaluation,recovery_0_6,recency,1,135,0.035625189370933764,0.0610886167951651,0.562962962962963,0.8666666666666667,0.9333333333333333,0.3044108417241668,32
reserve10,pv_only,primary,evaluation,recovery_0_6,recency,2,130,0.04572235599289629,0.08715450711732123,0.5461538461538461,0.9076923076923077,0.9692307692307692,0.3891548247401375,31
reserve10,pv_only,primary,evaluation,recovery_0_6,recency,3,125,0.04806578353160842,0.0888818534379826,0.576,0.896,0.976,0.4277275322106499,33
reserve10,pv_only,primary,evaluation,recovery_0_6,recency,4,120,0.05230703436800207,0.1033550308313087,0.4583333333333333,0.9166666666666666,0.975,0.45814297750544636,29
reserve10,pv_only,primary,evaluation,recovery_0_6,rolling,1,135,0.03566621485923952,0.0610886167951651,0.562962962962963,0.8592592592592593,0.9333333333333333,0.3028717319316668,32
reserve10,pv_only,primary,evaluation,recovery_0_6,rolling,2,130,0.045789960112166496,0.08715450711732123,0.5230769230769231,0.9153846153846154,0.9692307692307692,0.3896549996324517,31
reserve10,pv_only,primary,evaluation,recovery_0_6,rolling,3,125,0.04819008315728929,0.0888818534379826,0.568,0.904,0.968,0.42857940667073363,33
reserve10,pv_only,primary,evaluation,recovery_0_6,rolling,4,120,0.05232584249651335,0.1033550308313087,0.4666666666666667,0.9083333333333333,0.975,0.45822021720488926,29
reserve10,pv_only,primary,evaluation,recovery_0_6,single_imputation,1,135,0.04343570697193175,0.0653719081852249,0.6370370370370371,0.8148148148148148,0.8592592592592593,0.25868822142350884,32
reserve10,pv_only,primary,evaluation,recovery_0_6,single_imputation,2,130,0.052940335333318725,0.08827817355166663,0.5230769230769231,0.7692307692307693,0.8307692307692308,0.3111152200727439,31
reserve10,pv_only,primary,evaluation,recovery_0_6,single_imputation,3,125,0.05341373321271182,0.09104217839028583,0.584,0.744,0.856,0.33142618025543163,33
reserve10,pv_only,primary,evaluation,recovery_0_6,single_imputation,4,120,0.05929480581425171,0.10172910813258075,0.5583333333333333,0.7,0.8333333333333334,0.3506546846912899,29
reserve10,pv_only,primary,evaluation,recovery_6_24,aci_bounded,1,412,0.03745286002327318,0.05866703115109794,0.4684466019417476,0.7839805825242718,0.8786407766990292,0.30613194787282416,45
reserve10,pv_only,primary,evaluation,recovery_6_24,aci_bounded,2,418,0.05375568705655892,0.08961226703412552,0.4784688995215311,0.7703349282296651,0.8755980861244019,0.4071485203262663,45
reserve10,pv_only,primary,evaluation,recovery_6_24,aci_bounded,3,424,0.06060218410169124,0.10582274001577409,0.49292452830188677,0.7523584905660378,0.8561320754716981,0.43031686679730313,45
reserve10,pv_only,primary,evaluation,recovery_6_24,aci_bounded,4,429,0.06275180160286285,0.10911590758061598,0.5104895104895105,0.7738927738927739,0.8648018648018648,0.43571768902653923,45
reserve10,pv_only,primary,evaluation,recovery_6_24,carry_forward,1,412,0.03975941902670152,0.06159080142392368,0.42718446601941745,0.6844660194174758,0.8106796116504854,0.32519009570375945,45
reserve10,pv_only,primary,evaluation,recovery_6_24,carry_forward,2,418,0.055544358382022464,0.09195465232364729,0.38516746411483255,0.6363636363636364,0.8038277511961722,0.3918349716823984,45
reserve10,pv_only,primary,evaluation,recovery_6_24,carry_forward,3,424,0.06233266263784493,0.10735038264366731,0.3608490566037736,0.6533018867924528,0.7617924528301887,0.4028888737327044,45
reserve10,pv_only,primary,evaluation,recovery_6_24,carry_forward,4,429,0.06405884035553897,0.10980605935908952,0.38461538461538464,0.6666666666666666,0.7738927738927739,0.401641300529234,45
reserve10,pv_only,primary,evaluation,recovery_6_24,geometric_persistence,1,412,0.047858060223875155,0.0743530725338834,0.5606796116504854,0.8689320388349514,0.9514563106796117,0.47600389813064375,45
reserve10,pv_only,primary,evaluation,recovery_6_24,geometric_persistence,2,418,0.07489649601484244,0.1261659661893705,0.5598086124401914,0.8588516746411483,0.9473684210526315,0.5955189043325331,45
reserve10,pv_only,primary,evaluation,recovery_6_24,geometric_persistence,3,424,0.09665516414151358,0.17058660626138977,0.5400943396226415,0.8514150943396226,0.9363207547169812,0.7084234493112497,45
reserve10,pv_only,primary,evaluation,recovery_6_24,geometric_persistence,4,429,0.11392239668796551,0.21078772714632396,0.5431235431235432,0.8251748251748252,0.9207459207459208,0.7659070021533617,45
reserve10,pv_only,primary,evaluation,recovery_6_24,mask50,1,412,0.037422935027732744,0.05866703115109794,0.470873786407767,0.7912621359223301,0.8883495145631068,0.3109676628860862,45
reserve10,pv_only,primary,evaluation,recovery_6_24,mask50,2,418,0.05367672236647099,0.08961226703412552,0.49282296650717705,0.7751196172248804,0.8899521531100478,0.4101262004254543,45
reserve10,pv_only,primary,evaluation,recovery_6_24,mask50,3,424,0.06060571466113011,0.10582274001577409,0.5023584905660378,0.7523584905660378,0.8561320754716981,0.43258442326362573,45
reserve10,pv_only,primary,evaluation,recovery_6_24,mask50,4,429,0.06278492357223793,0.10911590758061598,0.5198135198135199,0.7738927738927739,0.8554778554778555,0.43620143582624293,45
reserve10,pv_only,primary,evaluation,recovery_6_24,mi_recency,1,412,0.041786151914692156,0.06557965847023521,0.4975728155339806,0.8106796116504854,0.9101941747572816,0.3071353506812331,45
reserve10,pv_only,primary,evaluation,recovery_6_24,mi_recency,2,418,0.06043838965599054,0.0975244231642605,0.49282296650717705,0.7822966507177034,0.8827751196172249,0.4026147114790919,45
reserve10,pv_only,primary,evaluation,recovery_6_24,mi_recency,3,424,0.06765552806521792,0.10913890274825942,0.49056603773584906,0.7806603773584906,0.8938679245283019,0.4435294491739479,45
reserve10,pv_only,primary,evaluation,recovery_6_24,mi_recency,4,429,0.07263797746629712,0.11788706294357659,0.46853146853146854,0.7972027972027972,0.8834498834498834,0.47066661616312727,45
reserve10,pv_only,primary,evaluation,recovery_6_24,multiple_imputation,1,412,0.04181741834470658,0.06557965847023521,0.6213592233009708,0.808252427184466,0.8689320388349514,0.2586875581718624,45
reserve10,pv_only,primary,evaluation,recovery_6_24,multiple_imputation,2,418,0.061406423818631393,0.0975244231642605,0.5191387559808612,0.7535885167464115,0.8181818181818182,0.31185613949119056,45
reserve10,pv_only,primary,evaluation,recovery_6_24,multiple_imputation,3,424,0.06929175965796139,0.10913890274825942,0.5094339622641509,0.7216981132075472,0.8042452830188679,0.32950211699752374,45
reserve10,pv_only,primary,evaluation,recovery_6_24,multiple_imputation,4,429,0.07497046702194247,0.11788706294357659,0.4731934731934732,0.710955710955711,0.8111888111888111,0.34030012280181515,45
reserve10,pv_only,primary,evaluation,recovery_6_24,persistence,1,412,0.066104770750113,0.12024420632837782,0.5679611650485437,0.8470873786407767,0.9563106796116505,0.5498826795572013,45
reserve10,pv_only,primary,evaluation,recovery_6_24,persistence,2,418,0.10470908125811688,0.20670912339584754,0.5454545454545454,0.8325358851674641,0.9401913875598086,0.7108883443146216,45
reserve10,pv_only,primary,evaluation,recovery_6_24,persistence,3,424,0.13183392710182046,0.2717629968620142,0.5259433962264151,0.8113207547169812,0.9221698113207547,0.8227314636824916,45
reserve10,pv_only,primary,evaluation,recovery_6_24,persistence,4,429,0.14930978481162563,0.31488990357593794,0.5128205128205128,0.7948717948717948,0.916083916083916,0.8855517845199938,45
reserve10,pv_only,primary,evaluation,recovery_6_24,physical,1,412,0.037337685562677664,0.05866703115109794,0.4684466019417476,0.7912621359223301,0.8932038834951457,0.3109745124562173,45
reserve10,pv_only,primary,evaluation,recovery_6_24,physical,2,418,0.053750163008299726,0.08961226703412552,0.5023923444976076,0.784688995215311,0.8923444976076556,0.4113508888734025,45
reserve10,pv_only,primary,evaluation,recovery_6_24,physical,3,424,0.0605863129055056,0.10582274001577409,0.49528301886792453,0.7641509433962265,0.8608490566037735,0.43367275192744315,45
reserve10,pv_only,primary,evaluation,recovery_6_24,physical,4,429,0.06281257805707728,0.10911590758061598,0.5198135198135199,0.7855477855477856,0.8624708624708625,0.43834065673336153,45
reserve10,pv_only,primary,evaluation,recovery_6_24,physical_availability,1,412,0.037318344426588664,0.05866703115109794,0.46601941747572817,0.7912621359223301,0.9029126213592233,0.3139338907816381,45
reserve10,pv_only,primary,evaluation,recovery_6_24,physical_availability,2,418,0.05361244297728278,0.08961226703412552,0.507177033492823,0.7870813397129187,0.8923444976076556,0.41335452803962175,45
reserve10,pv_only,primary,evaluation,recovery_6_24,physical_availability,3,424,0.06054228015145632,0.10582274001577409,0.4858490566037736,0.7594339622641509,0.8608490566037735,0.4355266823257932,45
reserve10,pv_only,primary,evaluation,recovery_6_24,physical_availability,4,429,0.062779701241023,0.10911590758061598,0.5268065268065268,0.7762237762237763,0.8578088578088578,0.4396690326715093,45
reserve10,pv_only,primary,evaluation,recovery_6_24,physical_recovery,1,412,0.0373470291577429,0.05866703115109794,0.4684466019417476,0.7936893203883495,0.9004854368932039,0.3128889484153697,45
reserve10,pv_only,primary,evaluation,recovery_6_24,physical_recovery,2,418,0.05368431495336508,0.08961226703412552,0.507177033492823,0.777511961722488,0.8947368421052632,0.4125924374522527,45
reserve10,pv_only,primary,evaluation,recovery_6_24,physical_recovery,3,424,0.060640886911124584,0.10582274001577409,0.5023584905660378,0.7641509433962265,0.8632075471698113,0.4358729083484325,45
reserve10,pv_only,primary,evaluation,recovery_6_24,physical_recovery,4,429,0.06295615001910626,0.10911590758061598,0.5291375291375291,0.7832167832167832,0.8601398601398601,0.4411658544586041,45
reserve10,pv_only,primary,evaluation,recovery_6_24,previous_day,1,412,0.10889419761871248,0.17085990525384304,0.47572815533980584,0.7378640776699029,0.8567961165048543,0.6483746871175919,45
reserve10,pv_only,primary,evaluation,recovery_6_24,previous_day,2,418,0.1113325220564258,0.17616352324775003,0.4665071770334928,0.7583732057416268,0.8588516746411483,0.6641296965009291,45
reserve10,pv_only,primary,evaluation,recovery_6_24,previous_day,3,424,0.11158866463022739,0.17707823268966194,0.47877358490566035,0.7617924528301887,0.8679245283018868,0.6789999697656949,45
reserve10,pv_only,primary,evaluation,recovery_6_24,previous_day,4,429,0.10880090048532816,0.1723175940805722,0.4825174825174825,0.7715617715617715,0.8741258741258742,0.6820275534146408,45
reserve10,pv_only,primary,evaluation,recovery_6_24,raw,1,412,0.037618788361641196,0.05866703115109794,0.38349514563106796,0.6723300970873787,0.8446601941747572,0.2963682838930496,45
reserve10,pv_only,primary,evaluation,recovery_6_24,raw,2,418,0.054269584392060144,0.08961226703412552,0.37559808612440193,0.6626794258373205,0.7966507177033493,0.3871182371561597,45
reserve10,pv_only,primary,evaluation,recovery_6_24,raw,3,424,0.06149160144973542,0.10582274001577409,0.37028301886792453,0.6533018867924528,0.7759433962264151,0.4019626408788276,45
reserve10,pv_only,primary,evaluation,recovery_6_24,raw,4,429,0.06363274409906566,0.10911590758061598,0.3752913752913753,0.6503496503496503,0.7785547785547785,0.40243093017785975,45
reserve10,pv_only,primary,evaluation,recovery_6_24,recency,1,412,0.03744918567234224,0.05866703115109794,0.46601941747572817,0.7815533980582524,0.8859223300970874,0.30849393940162745,45
reserve10,pv_only,primary,evaluation,recovery_6_24,recency,2,418,0.05376383435519423,0.08961226703412552,0.49282296650717705,0.7727272727272727,0.8779904306220095,0.4074221045682718,45
reserve10,pv_only,primary,evaluation,recovery_6_24,recency,3,424,0.060667956997092196,0.10582274001577409,0.5,0.7523584905660378,0.8537735849056604,0.4309094055192941,45
reserve10,pv_only,primary,evaluation,recovery_6_24,recency,4,429,0.06285433257356217,0.10911590758061598,0.5221445221445221,0.7808857808857809,0.8508158508158508,0.43444801280478906,45
reserve10,pv_only,primary,evaluation,recovery_6_24,rolling,1,412,0.03744555790609943,0.05866703115109794,0.470873786407767,0.7864077669902912,0.8907766990291263,0.30798319378312455,45
reserve10,pv_only,primary,evaluation,recovery_6_24,rolling,2,418,0.05375619863725546,0.08961226703412552,0.48325358851674644,0.7751196172248804,0.8779904306220095,0.40739703660429843,45
reserve10,pv_only,primary,evaluation,recovery_6_24,rolling,3,424,0.060581237511773765,0.10582274001577409,0.5,0.7547169811320755,0.8537735849056604,0.4301330320788194,45
reserve10,pv_only,primary,evaluation,recovery_6_24,rolling,4,429,0.06278761104634818,0.10911590758061598,0.5151515151515151,0.7738927738927739,0.8578088578088578,0.4331815546957801,45
reserve10,pv_only,primary,evaluation,recovery_6_24,single_imputation,1,412,0.04182613312211397,0.06558872873315712,0.6213592233009708,0.808252427184466,0.8689320388349514,0.25857578253078434,45
reserve10,pv_only,primary,evaluation,recovery_6_24,single_imputation,2,418,0.061404789160299726,0.09752172286594565,0.5191387559808612,0.7535885167464115,0.8181818181818182,0.3118410954956582,45
reserve10,pv_only,primary,evaluation,recovery_6_24,single_imputation,3,424,0.06928233889656647,0.10912670508871272,0.5094339622641509,0.7216981132075472,0.8042452830188679,0.32947537326390913,45
reserve10,pv_only,primary,evaluation,recovery_6_24,single_imputation,4,429,0.07495718545032302,0.11786689077170862,0.4731934731934732,0.710955710955711,0.8111888111888111,0.34028894522628084,45
reserve10,pv_only,primary,warmup,normal,aci_bounded,1,220,0.04199081646648627,0.06723836438626632,0.4590909090909091,0.75,0.9,0.3377150027092052,0
reserve10,pv_only,primary,warmup,normal,aci_bounded,2,220,0.06092194064574328,0.10395639449483692,0.42727272727272725,0.7318181818181818,0.8727272727272727,0.47901263241788183,0
reserve10,pv_only,primary,warmup,normal,aci_bounded,3,221,0.07128539229535462,0.12863576657347217,0.46153846153846156,0.7647058823529411,0.8687782805429864,0.5028993621220887,0
reserve10,pv_only,primary,warmup,normal,aci_bounded,4,222,0.07595854699994514,0.1404906986458725,0.4864864864864865,0.7297297297297297,0.8288288288288288,0.5094740161247074,0
reserve10,pv_only,primary,warmup,normal,carry_forward,1,220,0.046283793324978346,0.0720274909689731,0.40454545454545454,0.7045454545454546,0.8772727272727273,0.3898676221442182,0
reserve10,pv_only,primary,warmup,normal,carry_forward,2,220,0.063078805841058,0.1065065692841127,0.33181818181818185,0.6409090909090909,0.8363636363636363,0.4738405424556916,0
reserve10,pv_only,primary,warmup,normal,carry_forward,3,221,0.07209553125160287,0.12349772760561249,0.3393665158371041,0.6244343891402715,0.7873303167420814,0.4898872530916992,0
reserve10,pv_only,primary,warmup,normal,carry_forward,4,222,0.07600816531888642,0.13493154537244656,0.34684684684684686,0.6216216216216216,0.7657657657657657,0.4935258321924975,0
reserve10,pv_only,primary,warmup,normal,geometric_persistence,1,220,0.05280543816976869,0.08212385934489862,0.45,0.8090909090909091,0.8863636363636364,0.37023515550771785,0
reserve10,pv_only,primary,warmup,normal,geometric_persistence,2,220,0.08063739219003098,0.13226837520964096,0.4863636363636364,0.7909090909090909,0.8818181818181818,0.513909701446525,0
reserve10,pv_only,primary,warmup,normal,geometric_persistence,3,221,0.09912279554715844,0.17525192216595467,0.45248868778280543,0.7782805429864253,0.8959276018099548,0.6297290098674387,0
reserve10,pv_only,primary,warmup,normal,geometric_persistence,4,222,0.11628328115953623,0.21808406331777672,0.45495495495495497,0.7702702702702703,0.8828828828828829,0.6758956913174107,0
reserve10,pv_only,primary,warmup,normal,mask50,1,220,0.04200970181760932,0.06723836438626632,0.4681818181818182,0.740909090909091,0.9,0.3369859248717606,0
reserve10,pv_only,primary,warmup,normal,mask50,2,220,0.06096278947535548,0.10395639449483692,0.4318181818181818,0.7272727272727273,0.8818181818181818,0.4830199206060136,0
reserve10,pv_only,primary,warmup,normal,mask50,3,221,0.07134723928633635,0.12863576657347217,0.45701357466063347,0.7420814479638009,0.8733031674208145,0.5049985875584678,0
reserve10,pv_only,primary,warmup,normal,mask50,4,222,0.07600770183048777,0.1404906986458725,0.4774774774774775,0.7252252252252253,0.8243243243243243,0.5109572293021468,0
reserve10,pv_only,primary,warmup,normal,mi_recency,1,220,0.0469159503520426,0.07503835448996134,0.5909090909090909,0.8136363636363636,0.9045454545454545,0.3084481150257952,0
reserve10,pv_only,primary,warmup,normal,mi_recency,2,220,0.06268059549525845,0.10624741074421575,0.5181818181818182,0.8181818181818182,0.9,0.4299152065173341,0
reserve10,pv_only,primary,warmup,normal,mi_recency,3,221,0.07240375770401265,0.12465127721251913,0.502262443438914,0.7873303167420814,0.9004524886877828,0.5017219823245627,0
reserve10,pv_only,primary,warmup,normal,mi_recency,4,222,0.07856096920033429,0.13643493083233915,0.5135135135135135,0.7747747747747747,0.8918918918918919,0.5241081844327701,0
reserve10,pv_only,primary,warmup,normal,multiple_imputation,1,220,0.04731426827018763,0.07503835448996134,0.5954545454545455,0.7954545454545454,0.85,0.2539041425600869,0
reserve10,pv_only,primary,warmup,normal,multiple_imputation,2,220,0.06443478100848164,0.10624741074421575,0.4590909090909091,0.6909090909090909,0.8136363636363636,0.30963237364255275,0
reserve10,pv_only,primary,warmup,normal,multiple_imputation,3,221,0.07562801001544651,0.12465127721251913,0.3891402714932127,0.665158371040724,0.7828054298642534,0.33152793999023594,0
reserve10,pv_only,primary,warmup,normal,multiple_imputation,4,222,0.08261549826262335,0.13643493083233915,0.3738738738738739,0.6261261261261262,0.7477477477477478,0.34995629555983965,0
reserve10,pv_only,primary,warmup,normal,persistence,1,220,0.07311435320776805,0.1282073105790043,0.5681818181818182,0.8045454545454546,0.9136363636363637,0.46144644685352404,0
reserve10,pv_only,primary,warmup,normal,persistence,2,220,0.10895671172173585,0.20823266878787877,0.5409090909090909,0.8136363636363636,0.8636363636363636,0.6470390988460497,0
reserve10,pv_only,primary,warmup,normal,persistence,3,221,0.13148051223344387,0.2654381621114792,0.502262443438914,0.7828054298642534,0.8733031674208145,0.7478635598741179,0
reserve10,pv_only,primary,warmup,normal,persistence,4,222,0.1418049735615103,0.300916808600118,0.481981981981982,0.8063063063063063,0.8783783783783784,0.7903364733396343,0
reserve10,pv_only,primary,warmup,normal,physical,1,220,0.041975699958952443,0.06723836438626632,0.4727272727272727,0.7636363636363637,0.8954545454545455,0.3413683710417588,0
reserve10,pv_only,primary,warmup,normal,physical,2,220,0.06089974057538327,0.10395639449483692,0.4409090909090909,0.7272727272727273,0.8863636363636364,0.48348505284986965,0
reserve10,pv_only,primary,warmup,normal,physical,3,221,0.0712671198117136,0.12863576657347217,0.4660633484162896,0.751131221719457,0.8642533936651584,0.5055997964786194,0
reserve10,pv_only,primary,warmup,normal,physical,4,222,0.07601564213531899,0.1404906986458725,0.4864864864864865,0.7342342342342343,0.8333333333333334,0.5126335146242436,0
reserve10,pv_only,primary,warmup,normal,physical_availability,1,220,0.04200937945789128,0.06723836438626632,0.4681818181818182,0.7636363636363637,0.8909090909090909,0.3406859449814349,0
reserve10,pv_only,primary,warmup,normal,physical_availability,2,220,0.06091461953168403,0.10395639449483692,0.42727272727272725,0.7318181818181818,0.8909090909090909,0.4852963996810456,0
reserve10,pv_only,primary,warmup,normal,physical_availability,3,221,0.07128486435735547,0.12863576657347217,0.47058823529411764,0.755656108597285,0.8642533936651584,0.5075753163774807,0
reserve10,pv_only,primary,warmup,normal,physical_availability,4,222,0.07607363447069332,0.1404906986458725,0.481981981981982,0.7207207207207207,0.8333333333333334,0.5138004479951588,0
reserve10,pv_only,primary,warmup,normal,physical_recovery,1,220,0.042006870341110766,0.06723836438626632,0.4727272727272727,0.7636363636363637,0.8863636363636364,0.33982431634476734,0
reserve10,pv_only,primary,warmup,normal,physical_recovery,2,220,0.06093869636691693,0.10395639449483692,0.45,0.7318181818181818,0.8954545454545455,0.48400669706606186,0
reserve10,pv_only,primary,warmup,normal,physical_recovery,3,221,0.07133366842390612,0.12863576657347217,0.4796380090497738,0.746606334841629,0.8778280542986425,0.5080581311428201,0
reserve10,pv_only,primary,warmup,normal,physical_recovery,4,222,0.07624204968482506,0.1404906986458725,0.4774774774774775,0.7387387387387387,0.8423423423423423,0.5217878374847567,0
reserve10,pv_only,primary,warmup,normal,previous_day,1,220,0.1110356295515398,0.1687831453652597,0.32727272727272727,0.6681818181818182,0.8318181818181818,0.5509150182912269,0
reserve10,pv_only,primary,warmup,normal,previous_day,2,220,0.10946512129103132,0.1672442015029762,0.33636363636363636,0.6909090909090909,0.8409090909090909,0.571182169687669,0
reserve10,pv_only,primary,warmup,normal,previous_day,3,221,0.10847259057524933,0.1666583324929972,0.334841628959276,0.7013574660633484,0.8597285067873304,0.5906799123915911,0
reserve10,pv_only,primary,warmup,normal,previous_day,4,222,0.10839541721008955,0.16726133875382077,0.3333333333333333,0.7162162162162162,0.8603603603603603,0.5998052703312687,0
reserve10,pv_only,primary,warmup,normal,raw,1,220,0.04211563604903419,0.06723836438626632,0.38181818181818183,0.6863636363636364,0.8681818181818182,0.3271313891430648,0
reserve10,pv_only,primary,warmup,normal,raw,2,220,0.0614218321947888,0.10395639449483692,0.3181818181818182,0.5818181818181818,0.8272727272727273,0.4689763912943176,0
reserve10,pv_only,primary,warmup,normal,raw,3,221,0.07191860829642455,0.12863576657347217,0.3665158371040724,0.5882352941176471,0.7828054298642534,0.4814962238541265,0
reserve10,pv_only,primary,warmup,normal,raw,4,222,0.07665839499975012,0.1404906986458725,0.3918918918918919,0.5720720720720721,0.7657657657657657,0.48823551798359094,0
reserve10,pv_only,primary,warmup,normal,recency,1,220,0.04198432287717461,0.06723836438626632,0.4636363636363636,0.75,0.9,0.3382550639173357,0
reserve10,pv_only,primary,warmup,normal,recency,2,220,0.060968402088484884,0.10395639449483692,0.43636363636363634,0.7272727272727273,0.8772727272727273,0.48045627140511415,0
reserve10,pv_only,primary,warmup,normal,recency,3,221,0.07131519946499919,0.12863576657347217,0.45701357466063347,0.751131221719457,0.8642533936651584,0.5026587077477597,0
reserve10,pv_only,primary,warmup,normal,recency,4,222,0.07599165923617322,0.1404906986458725,0.4774774774774775,0.7297297297297297,0.8243243243243243,0.5107786603322058,0
reserve10,pv_only,primary,warmup,normal,rolling,1,220,0.04198426877932169,0.06723836438626632,0.4590909090909091,0.740909090909091,0.9045454545454545,0.33816908754804603,0
reserve10,pv_only,primary,warmup,normal,rolling,2,220,0.06093191217280404,0.10395639449483692,0.41818181818181815,0.7318181818181818,0.8727272727272727,0.47850412566801137,0
reserve10,pv_only,primary,warmup,normal,rolling,3,221,0.07126202673148667,0.12863576657347217,0.45701357466063347,0.751131221719457,0.8642533936651584,0.5011697418242378,0
reserve10,pv_only,primary,warmup,normal,rolling,4,222,0.0759528113671077,0.1404906986458725,0.4774774774774775,0.7252252252252253,0.8288288288288288,0.5068521745269452,0
reserve10,pv_only,primary,warmup,normal,single_imputation,1,220,0.0473380775686415,0.07513111812312799,0.5954545454545455,0.7954545454545454,0.85,0.25389610406179136,0
reserve10,pv_only,primary,warmup,normal,single_imputation,2,220,0.0644361305917547,0.10629795761613636,0.4590909090909091,0.6909090909090909,0.8136363636363636,0.3094646424078994,0
reserve10,pv_only,primary,warmup,normal,single_imputation,3,221,0.07559253555013236,0.12461764624305158,0.3891402714932127,0.665158371040724,0.7828054298642534,0.3313843765434757,0
reserve10,pv_only,primary,warmup,normal,single_imputation,4,222,0.0827411118362743,0.13664922807811034,0.3738738738738739,0.6261261261261262,0.7477477477477478,0.3497673811566771,0
reserve10,pv_only,primary,warmup,partial_restoration,aci_bounded,1,30,0.07204948760483956,0.11943658345819681,0.5333333333333333,0.7333333333333333,0.8333333333333334,0.5651631987432355,4
reserve10,pv_only,primary,warmup,partial_restoration,aci_bounded,2,30,0.07126796996165341,0.12703035319641012,0.5666666666666667,0.8333333333333334,0.9333333333333333,0.5766703629426412,4
reserve10,pv_only,primary,warmup,partial_restoration,aci_bounded,3,29,0.07531670632945317,0.1424344440284984,0.5862068965517241,0.8620689655172413,0.9310344827586207,0.5732242239896818,4
reserve10,pv_only,primary,warmup,partial_restoration,aci_bounded,4,28,0.07619282061822444,0.1623442875276832,0.6428571428571429,0.8214285714285714,0.9285714285714286,0.5387591724198352,4
reserve10,pv_only,primary,warmup,partial_restoration,carry_forward,1,30,0.08111643229408841,0.15802598552583902,0.23333333333333334,0.6,0.7333333333333333,0.5202353153198243,4
reserve10,pv_only,primary,warmup,partial_restoration,carry_forward,2,30,0.08573210408873773,0.19776217014108977,0.36666666666666664,0.6333333333333333,0.8,0.5388196078612597,4
reserve10,pv_only,primary,warmup,partial_restoration,carry_forward,3,29,0.08357967771403246,0.16923093085771757,0.3448275862068966,0.5517241379310345,0.7241379310344828,0.532927437756401,4
reserve10,pv_only,primary,warmup,partial_restoration,carry_forward,4,28,0.08376668741408659,0.17628322263545806,0.17857142857142858,0.5714285714285714,0.6428571428571429,0.5165400929935714,4
reserve10,pv_only,primary,warmup,partial_restoration,geometric_persistence,1,30,0.2810865143930146,0.37537766734299693,0.23333333333333334,0.3,0.4,0.2916443356034129,4
reserve10,pv_only,primary,warmup,partial_restoration,geometric_persistence,2,30,0.22078316855625013,0.37515417167133,0.23333333333333334,0.4666666666666667,0.5333333333333333,0.42442873551009097,4
reserve10,pv_only,primary,warmup,partial_restoration,geometric_persistence,3,29,0.18697855238427033,0.38057192040629967,0.2413793103448276,0.5862068965517241,0.7241379310344828,0.5628148085284231,4
reserve10,pv_only,primary,warmup,partial_restoration,geometric_persistence,4,28,0.1661016822170757,0.37354281498673375,0.25,0.6785714285714286,0.8214285714285714,0.603162528970247,4
reserve10,pv_only,primary,warmup,partial_restoration,mask50,1,30,0.0720977229920139,0.11943658345819681,0.5333333333333333,0.7333333333333333,0.8333333333333334,0.5657628817453308,4
reserve10,pv_only,primary,warmup,partial_restoration,mask50,2,30,0.07083111631919721,0.12703035319641012,0.6,0.8333333333333334,0.9333333333333333,0.5714206566824884,4
reserve10,pv_only,primary,warmup,partial_restoration,mask50,3,29,0.07517035273829559,0.1424344440284984,0.5517241379310345,0.8620689655172413,0.9310344827586207,0.5702293211674397,4
reserve10,pv_only,primary,warmup,partial_restoration,mask50,4,28,0.07621367029271219,0.1623442875276832,0.5714285714285714,0.8214285714285714,0.9285714285714286,0.540043177207062,4
reserve10,pv_only,primary,warmup,partial_restoration,mi_recency,1,30,0.0670367548186766,0.11159920510049001,0.36666666666666664,0.8333333333333334,0.9,0.4373406320210585,4
reserve10,pv_only,primary,warmup,partial_restoration,mi_recency,2,30,0.09013541995145495,0.1507129656657811,0.43333333333333335,0.7333333333333333,0.8666666666666667,0.47309024714866166,4
reserve10,pv_only,primary,warmup,partial_restoration,mi_recency,3,29,0.10031787841253129,0.16759757586359011,0.3793103448275862,0.7241379310344828,0.7241379310344828,0.49512492510536965,4
reserve10,pv_only,primary,warmup,partial_restoration,mi_recency,4,28,0.09238529634133731,0.16563350126552193,0.5,0.6071428571428571,0.8214285714285714,0.5129710071269128,4
reserve10,pv_only,primary,warmup,partial_restoration,multiple_imputation,1,30,0.0662692314886166,0.11159920510049001,0.4,0.7666666666666667,0.8666666666666667,0.3657502789940096,4
reserve10,pv_only,primary,warmup,partial_restoration,multiple_imputation,2,30,0.09412767695585522,0.1507129656657811,0.4,0.6,0.7333333333333333,0.3673171963724143,4
reserve10,pv_only,primary,warmup,partial_restoration,multiple_imputation,3,29,0.10801795064685935,0.16759757586359011,0.3103448275862069,0.5172413793103449,0.6206896551724138,0.3581033846321283,4
reserve10,pv_only,primary,warmup,partial_restoration,multiple_imputation,4,28,0.10351310484183819,0.16563350126552193,0.25,0.5357142857142857,0.5714285714285714,0.3654628520191733,4
reserve10,pv_only,primary,warmup,partial_restoration,persistence,1,30,0.252432258506413,0.37050129122023806,0.26666666666666666,0.3333333333333333,0.43333333333333335,0.34274136180431547,4
reserve10,pv_only,primary,warmup,partial_restoration,persistence,2,30,0.19713380563688704,0.37149949626488094,0.3,0.4666666666666667,0.6333333333333333,0.4935630088541666,4
reserve10,pv_only,primary,warmup,partial_restoration,persistence,3,29,0.17681891764596894,0.3830219368688424,0.3103448275862069,0.6206896551724138,0.7586206896551724,0.6021148391587129,4
reserve10,pv_only,primary,warmup,partial_restoration,persistence,4,28,0.15439387725013662,0.37033603936543363,0.35714285714285715,0.6785714285714286,0.8214285714285714,0.6338287016369047,4
reserve10,pv_only,primary,warmup,partial_restoration,physical,1,30,0.07184912059281928,0.11943658345819681,0.5333333333333333,0.7333333333333333,0.8666666666666667,0.5724095218688842,4
reserve10,pv_only,primary,warmup,partial_restoration,physical,2,30,0.07132108924219736,0.12703035319641012,0.6,0.8333333333333334,0.9333333333333333,0.5799408422801483,4
reserve10,pv_only,primary,warmup,partial_restoration,physical,3,29,0.07502235460960864,0.1424344440284984,0.6206896551724138,0.8620689655172413,0.9310344827586207,0.576058203472608,4
reserve10,pv_only,primary,warmup,partial_restoration,physical,4,28,0.07620130347021692,0.1623442875276832,0.6071428571428571,0.8214285714285714,0.9642857142857143,0.5448394274726559,4
reserve10,pv_only,primary,warmup,partial_restoration,physical_availability,1,30,0.07188705772979814,0.11943658345819681,0.5333333333333333,0.7666666666666667,0.8666666666666667,0.5717181466763549,4
reserve10,pv_only,primary,warmup,partial_restoration,physical_availability,2,30,0.07142804445235948,0.12703035319641012,0.6,0.8333333333333334,0.9333333333333333,0.575671607818407,4
reserve10,pv_only,primary,warmup,partial_restoration,physical_availability,3,29,0.07535832284931261,0.1424344440284984,0.5862068965517241,0.8620689655172413,0.9310344827586207,0.5718541559214901,4
reserve10,pv_only,primary,warmup,partial_restoration,physical_availability,4,28,0.0763441275457921,0.1623442875276832,0.5357142857142857,0.8214285714285714,0.9285714285714286,0.5400387645632477,4
reserve10,pv_only,primary,warmup,partial_restoration,physical_recovery,1,30,0.07183122162263732,0.11943658345819681,0.5333333333333333,0.7333333333333333,0.8666666666666667,0.5713950879621666,4
reserve10,pv_only,primary,warmup,partial_restoration,physical_recovery,2,30,0.07120148524237327,0.12703035319641012,0.6,0.8333333333333334,0.9333333333333333,0.5787407386000727,4
reserve10,pv_only,primary,warmup,partial_restoration,physical_recovery,3,29,0.07501788793236128,0.1424344440284984,0.6206896551724138,0.8620689655172413,0.9310344827586207,0.5755414388342246,4
reserve10,pv_only,primary,warmup,partial_restoration,physical_recovery,4,28,0.07625131789789244,0.1623442875276832,0.5714285714285714,0.8214285714285714,0.9642857142857143,0.5446687766827248,4
reserve10,pv_only,primary,warmup,partial_restoration,previous_day,1,30,0.09475988959185444,0.1549969332093254,0.3333333333333333,0.7666666666666667,0.8333333333333334,0.538878527079613,4
reserve10,pv_only,primary,warmup,partial_restoration,previous_day,2,30,0.09789898683887825,0.16706163421626982,0.26666666666666666,0.7333333333333333,0.8333333333333334,0.5599665399243551,4
reserve10,pv_only,primary,warmup,partial_restoration,previous_day,3,29,0.10316944339029145,0.17874120949302133,0.27586206896551724,0.6896551724137931,0.8275862068965517,0.5821761117046387,4
reserve10,pv_only,primary,warmup,partial_restoration,previous_day,4,28,0.10003824961970055,0.17280988115433674,0.2857142857142857,0.6428571428571429,0.8214285714285714,0.5563965762967688,4
reserve10,pv_only,primary,warmup,partial_restoration,raw,1,30,0.07232902961148091,0.11943658345819681,0.5333333333333333,0.7,0.8,0.5497520855987476,4
reserve10,pv_only,primary,warmup,partial_restoration,raw,2,30,0.0709180298045393,0.12703035319641012,0.4666666666666667,0.6666666666666666,0.8,0.5484222434711712,4
reserve10,pv_only,primary,warmup,partial_restoration,raw,3,29,0.0752672997065829,0.1424344440284984,0.3103448275862069,0.6206896551724138,0.7241379310344828,0.5364284262981687,4
reserve10,pv_only,primary,warmup,partial_restoration,raw,4,28,0.07821284366450718,0.1623442875276832,0.17857142857142858,0.5357142857142857,0.6428571428571429,0.5136146676308581,4
reserve10,pv_only,primary,warmup,partial_restoration,recency,1,30,0.07207123130731688,0.11943658345819681,0.5333333333333333,0.7333333333333333,0.8333333333333334,0.5656341770409815,4
reserve10,pv_only,primary,warmup,partial_restoration,recency,2,30,0.07083027103412887,0.12703035319641012,0.6333333333333333,0.8333333333333334,0.9333333333333333,0.572052386922434,4
reserve10,pv_only,primary,warmup,partial_restoration,recency,3,29,0.07510651565930719,0.1424344440284984,0.5862068965517241,0.8620689655172413,0.9310344827586207,0.5703271359271642,4
reserve10,pv_only,primary,warmup,partial_restoration,recency,4,28,0.07615986810256625,0.1623442875276832,0.5714285714285714,0.8214285714285714,0.9285714285714286,0.5400235332693433,4
reserve10,pv_only,primary,warmup,partial_restoration,rolling,1,30,0.07204966357219753,0.11943658345819681,0.5333333333333333,0.7333333333333333,0.8333333333333334,0.564628310864501,4
reserve10,pv_only,primary,warmup,partial_restoration,rolling,2,30,0.0708462078734428,0.12703035319641012,0.5666666666666667,0.8333333333333334,0.9333333333333333,0.5683809564740588,4
reserve10,pv_only,primary,warmup,partial_restoration,rolling,3,29,0.07512865061717923,0.1424344440284984,0.5862068965517241,0.8620689655172413,0.9310344827586207,0.566132511621287,4
reserve10,pv_only,primary,warmup,partial_restoration,rolling,4,28,0.07627473003713134,0.1623442875276832,0.5714285714285714,0.8214285714285714,0.8928571428571429,0.5357215619730518,4
reserve10,pv_only,primary,warmup,partial_restoration,single_imputation,1,30,0.07160070799419457,0.11243792832708889,0.3,0.7333333333333333,0.7666666666666667,0.26642154646649774,4
reserve10,pv_only,primary,warmup,partial_restoration,single_imputation,2,30,0.09836302847967725,0.15246866933835232,0.36666666666666664,0.5333333333333333,0.6666666666666666,0.32066434531492843,4
reserve10,pv_only,primary,warmup,partial_restoration,single_imputation,3,29,0.10947119514224203,0.1698296472033382,0.27586206896551724,0.5172413793103449,0.6206896551724138,0.34645716331170817,4
reserve10,pv_only,primary,warmup,partial_restoration,single_imputation,4,28,0.10435531899206342,0.16561252278848684,0.21428571428571427,0.5357142857142857,0.5714285714285714,0.3585485072277929,4
reserve10,pv_only,primary,warmup,recovery_0_6,aci_bounded,1,4,0.011270054958668294,0.010248432202208734,0.75,0.75,1.0,0.2100270544547661,2
reserve10,pv_only,primary,warmup,recovery_0_6,aci_bounded,2,3,0.015877348396246535,0.02459139862476749,0.3333333333333333,1.0,1.0,0.19874219102279225,2
reserve10,pv_only,primary,warmup,recovery_0_6,aci_bounded,3,3,0.021760509439490077,0.01177737276473744,1.0,1.0,1.0,0.236958989439229,2
reserve10,pv_only,primary,warmup,recovery_0_6,aci_bounded,4,3,0.03874499346691687,0.042351336493680496,0.6666666666666666,1.0,1.0,0.3815158150741702,1
reserve10,pv_only,primary,warmup,recovery_0_6,carry_forward,1,4,0.0132540405237993,0.011148846214003562,0.75,0.75,0.75,0.22541507775573824,2
reserve10,pv_only,primary,warmup,recovery_0_6,carry_forward,2,3,0.020823304278507815,0.030290051740625556,0.0,0.3333333333333333,0.3333333333333333,0.18874786789621192,2
reserve10,pv_only,primary,warmup,recovery_0_6,carry_forward,3,3,0.022975517985471636,0.03629464157895315,0.6666666666666666,0.6666666666666666,0.6666666666666666,0.22978713591177027,2
reserve10,pv_only,primary,warmup,recovery_0_6,carry_forward,4,3,0.037210420351310315,0.050356696133767066,0.6666666666666666,0.6666666666666666,0.6666666666666666,0.36344131608879865,1
reserve10,pv_only,primary,warmup,recovery_0_6,geometric_persistence,1,4,0.027224556438926992,0.02876984399008753,0.5,0.75,1.0,0.3679917240823903,2
reserve10,pv_only,primary,warmup,recovery_0_6,geometric_persistence,2,3,0.028613336810482518,0.023693162611141818,0.6666666666666666,1.0,1.0,0.4046718595209972,2
reserve10,pv_only,primary,warmup,recovery_0_6,geometric_persistence,3,3,0.06544570105864013,0.10184950558303973,0.3333333333333333,0.6666666666666666,0.6666666666666666,0.25142152162880077,2
reserve10,pv_only,primary,warmup,recovery_0_6,geometric_persistence,4,3,0.10319975751028032,0.21549252905125327,0.3333333333333333,0.6666666666666666,0.6666666666666666,0.3865162790674603,1
reserve10,pv_only,primary,warmup,recovery_0_6,mask50,1,4,0.01117677994640243,0.010248432202208734,0.75,0.75,1.0,0.20788521875842825,2
reserve10,pv_only,primary,warmup,recovery_0_6,mask50,2,3,0.016142105686840488,0.02459139862476749,0.3333333333333333,1.0,1.0,0.2079273857600312,2
reserve10,pv_only,primary,warmup,recovery_0_6,mask50,3,3,0.021567406552945492,0.01177737276473744,0.6666666666666666,1.0,1.0,0.2404752876433658,2
reserve10,pv_only,primary,warmup,recovery_0_6,mask50,4,3,0.03828222969544947,0.042351336493680496,0.6666666666666666,1.0,1.0,0.3819978397883313,1
reserve10,pv_only,primary,warmup,recovery_0_6,mi_recency,1,4,0.023724340454917406,0.03799260551544162,1.0,1.0,1.0,0.31903784886114456,2
reserve10,pv_only,primary,warmup,recovery_0_6,mi_recency,2,3,0.03494135883633565,0.060601182664397506,1.0,1.0,1.0,0.38071164889168735,2
reserve10,pv_only,primary,warmup,recovery_0_6,mi_recency,3,3,0.03632130940700592,0.0402890604588313,1.0,1.0,1.0,0.4644715450281968,2
reserve10,pv_only,primary,warmup,recovery_0_6,mi_recency,4,3,0.03783983548996409,0.023978187713139695,1.0,1.0,1.0,0.5362862337197293,1
reserve10,pv_only,primary,warmup,recovery_0_6,multiple_imputation,1,4,0.02262083659762992,0.03799260551544162,1.0,1.0,1.0,0.25796413313525335,2
reserve10,pv_only,primary,warmup,recovery_0_6,multiple_imputation,2,3,0.03109074481301881,0.060601182664397506,0.6666666666666666,1.0,1.0,0.2872329030255408,2
reserve10,pv_only,primary,warmup,recovery_0_6,multiple_imputation,3,3,0.028285634252650085,0.0402890604588313,1.0,1.0,1.0,0.3096603486441599,2
reserve10,pv_only,primary,warmup,recovery_0_6,multiple_imputation,4,3,0.02690514877215941,0.023978187713139695,1.0,1.0,1.0,0.34179358249157277,1
reserve10,pv_only,primary,warmup,recovery_0_6,persistence,1,4,0.11507372619525934,0.2581114601934523,0.0,0.75,1.0,0.5812150512834822,2
reserve10,pv_only,primary,warmup,recovery_0_6,persistence,2,3,0.1350490685000354,0.31450930828373014,0.3333333333333333,0.6666666666666666,1.0,0.6509906478670634,2
reserve10,pv_only,primary,warmup,recovery_0_6,persistence,3,3,0.14415143216198978,0.3149991197916666,0.3333333333333333,0.3333333333333333,0.6666666666666666,0.43657037212301586,2
reserve10,pv_only,primary,warmup,recovery_0_6,persistence,4,3,0.10004596157667232,0.2104479144345238,0.3333333333333333,0.6666666666666666,0.6666666666666666,0.3914876488095238,1
reserve10,pv_only,primary,warmup,recovery_0_6,physical,1,4,0.01120746135643906,0.010248432202208734,0.75,0.75,1.0,0.21433545712960428,2
reserve10,pv_only,primary,warmup,recovery_0_6,physical,2,3,0.01602841046426236,0.02459139862476749,0.3333333333333333,1.0,1.0,0.20794853623262907,2
reserve10,pv_only,primary,warmup,recovery_0_6,physical,3,3,0.021737780109833016,0.01177737276473744,0.6666666666666666,1.0,1.0,0.23266951635975397,2
reserve10,pv_only,primary,warmup,recovery_0_6,physical,4,3,0.03864365872592586,0.042351336493680496,0.6666666666666666,1.0,1.0,0.37807096389739897,1
reserve10,pv_only,primary,warmup,recovery_0_6,physical_availability,1,4,0.011186084968341236,0.010248432202208734,0.75,0.75,1.0,0.2097699572575422,2
reserve10,pv_only,primary,warmup,recovery_0_6,physical_availability,2,3,0.016050857686616172,0.02459139862476749,0.3333333333333333,1.0,1.0,0.20735579977576202,2
reserve10,pv_only,primary,warmup,recovery_0_6,physical_availability,3,3,0.021518517371795595,0.01177737276473744,0.6666666666666666,1.0,1.0,0.23359158749453734,2
reserve10,pv_only,primary,warmup,recovery_0_6,physical_availability,4,3,0.03814629767186876,0.042351336493680496,0.6666666666666666,1.0,1.0,0.3773341684044606,1
reserve10,pv_only,primary,warmup,recovery_0_6,physical_recovery,1,4,0.011298009414554718,0.010248432202208734,0.75,0.75,1.0,0.21378404294938022,2
reserve10,pv_only,primary,warmup,recovery_0_6,physical_recovery,2,3,0.01602841046426236,0.02459139862476749,0.3333333333333333,1.0,1.0,0.20794853623262907,2
reserve10,pv_only,primary,warmup,recovery_0_6,physical_recovery,3,3,0.021737780109833016,0.01177737276473744,0.6666666666666666,1.0,1.0,0.23266951635975397,2
reserve10,pv_only,primary,warmup,recovery_0_6,physical_recovery,4,3,0.03864365872592586,0.042351336493680496,0.6666666666666666,1.0,1.0,0.37807096389739897,1
reserve10,pv_only,primary,warmup,recovery_0_6,previous_day,1,4,0.10132057439492985,0.19427786640624997,0.0,0.0,1.0,0.4277074116629464,2
reserve10,pv_only,primary,warmup,recovery_0_6,previous_day,2,3,0.07058438146258503,0.13559241160714283,0.3333333333333333,0.3333333333333333,1.0,0.3022987376240079,2
reserve10,pv_only,primary,warmup,recovery_0_6,previous_day,3,3,0.07743733261621315,0.09861561101190475,0.3333333333333333,0.3333333333333333,0.6666666666666666,0.14301631135912699,2
reserve10,pv_only,primary,warmup,recovery_0_6,previous_day,4,3,0.11917042745677438,0.18925942408234123,0.3333333333333333,0.3333333333333333,0.6666666666666666,0.273842787202381,1
reserve10,pv_only,primary,warmup,recovery_0_6,raw,1,4,0.011024305464478582,0.010248432202208734,0.5,0.75,1.0,0.19101532490289158,2
reserve10,pv_only,primary,warmup,recovery_0_6,raw,2,3,0.017464412086428904,0.02459139862476749,0.3333333333333333,0.3333333333333333,0.6666666666666666,0.18293386924186605,2
reserve10,pv_only,primary,warmup,recovery_0_6,raw,3,3,0.019484253073271018,0.01177737276473744,0.6666666666666666,0.6666666666666666,1.0,0.20777466742934494,2
reserve10,pv_only,primary,warmup,recovery_0_6,raw,4,3,0.0366963625781228,0.042351336493680496,0.6666666666666666,0.6666666666666666,0.6666666666666666,0.3579232430521771,1
reserve10,pv_only,primary,warmup,recovery_0_6,recency,1,4,0.01129399687293111,0.010248432202208734,0.75,0.75,1.0,0.21102521527673443,2
reserve10,pv_only,primary,warmup,recovery_0_6,recency,2,3,0.016083650574781522,0.02459139862476749,0.3333333333333333,1.0,1.0,0.205248568970268,2
reserve10,pv_only,primary,warmup,recovery_0_6,recency,3,3,0.021564646174746505,0.01177737276473744,0.6666666666666666,1.0,1.0,0.23720030206915,2
reserve10,pv_only,primary,warmup,recovery_0_6,recency,4,3,0.03854861754043335,0.042351336493680496,0.6666666666666666,1.0,1.0,0.3815158150741702,1
reserve10,pv_only,primary,warmup,recovery_0_6,rolling,1,4,0.011183829209480717,0.010248432202208734,0.75,0.75,1.0,0.20933381677443752,2
reserve10,pv_only,primary,warmup,recovery_0_6,rolling,2,3,0.015831023801305747,0.02459139862476749,0.3333333333333333,1.0,1.0,0.19721002228284942,2
reserve10,pv_only,primary,warmup,recovery_0_6,rolling,3,3,0.021654167076758716,0.01177737276473744,0.6666666666666666,1.0,1.0,0.23658576929475827,2
reserve10,pv_only,primary,warmup,recovery_0_6,rolling,4,3,0.038608777667590126,0.042351336493680496,0.6666666666666666,1.0,1.0,0.3806096896693119,1
reserve10,pv_only,primary,warmup,recovery_0_6,single_imputation,1,4,0.022620836597629916,0.037992605515441605,1.0,1.0,1.0,0.25796413313525335,2
reserve10,pv_only,primary,warmup,recovery_0_6,single_imputation,2,3,0.031090744813018822,0.06060118266439752,0.6666666666666666,1.0,1.0,0.2872329030255408,2
reserve10,pv_only,primary,warmup,recovery_0_6,single_imputation,3,3,0.02828563425265007,0.040289060458831245,1.0,1.0,1.0,0.30966034864416,2
reserve10,pv_only,primary,warmup,recovery_0_6,single_imputation,4,3,0.026905148772159413,0.0239781877131397,1.0,1.0,1.0,0.3417935824915728,1
reserve10,pv_only,primary,warmup,recovery_6_24,aci_bounded,1,32,0.04914346489618227,0.09408771774615472,0.40625,0.84375,1.0,0.4183408725353122,4
reserve10,pv_only,primary,warmup,recovery_6_24,aci_bounded,2,33,0.07585112704732411,0.14340036286539154,0.5151515151515151,0.8787878787878788,1.0,0.5331551126175518,4
reserve10,pv_only,primary,warmup,recovery_6_24,aci_bounded,3,33,0.09200404032591106,0.17537672677973956,0.5757575757575758,0.7878787878787878,0.9696969696969697,0.5690308996624783,4
reserve10,pv_only,primary,warmup,recovery_6_24,aci_bounded,4,33,0.09606913754412567,0.1890782745604259,0.5757575757575758,0.7272727272727273,0.9090909090909091,0.5528157245329385,4
reserve10,pv_only,primary,warmup,recovery_6_24,carry_forward,1,32,0.05797808752762423,0.0964551678518026,0.34375,0.65625,0.84375,0.42106515019807444,4
reserve10,pv_only,primary,warmup,recovery_6_24,carry_forward,2,33,0.08506955132049196,0.1456029245387268,0.5151515151515151,0.696969696969697,0.7878787878787878,0.5081716781901866,4
reserve10,pv_only,primary,warmup,recovery_6_24,carry_forward,3,33,0.0995738146694862,0.18979189147063333,0.5757575757575758,0.6666666666666666,0.7878787878787878,0.5268583611359636,4
reserve10,pv_only,primary,warmup,recovery_6_24,carry_forward,4,33,0.10978341658394389,0.19989453943149085,0.48484848484848486,0.6666666666666666,0.7878787878787878,0.5186072317520045,4
reserve10,pv_only,primary,warmup,recovery_6_24,geometric_persistence,1,32,0.048337366829297713,0.07445683312918336,0.46875,0.875,0.875,0.3985020156884208,4
reserve10,pv_only,primary,warmup,recovery_6_24,geometric_persistence,2,33,0.07747479154411346,0.13079987238415314,0.3939393939393939,0.7575757575757576,0.9090909090909091,0.5606559872897794,4
reserve10,pv_only,primary,warmup,recovery_6_24,geometric_persistence,3,33,0.09817874410227317,0.1820028962636626,0.3939393939393939,0.8484848484848485,0.9393939393939394,0.7095009457969481,4
reserve10,pv_only,primary,warmup,recovery_6_24,geometric_persistence,4,33,0.10741613512057498,0.20672910353599835,0.45454545454545453,0.8787878787878788,0.9393939393939394,0.7485122900053579,4
reserve10,pv_only,primary,warmup,recovery_6_24,mask50,1,32,0.049087209942058924,0.09408771774615472,0.40625,0.84375,1.0,0.4166524993550917,4
reserve10,pv_only,primary,warmup,recovery_6_24,mask50,2,33,0.07578156702413032,0.14340036286539154,0.5151515151515151,0.8787878787878788,1.0,0.5350533396300984,4
reserve10,pv_only,primary,warmup,recovery_6_24,mask50,3,33,0.09216748800054708,0.17537672677973956,0.5757575757575758,0.7878787878787878,0.9696969696969697,0.5709689028667594,4
reserve10,pv_only,primary,warmup,recovery_6_24,mask50,4,33,0.09592813917699972,0.1890782745604259,0.5757575757575758,0.7272727272727273,0.9090909090909091,0.55393199479707,4
reserve10,pv_only,primary,warmup,recovery_6_24,mi_recency,1,32,0.04762406361101687,0.08347682422414095,0.4375,0.8125,0.9375,0.37709239533083994,4
reserve10,pv_only,primary,warmup,recovery_6_24,mi_recency,2,33,0.07945874792903167,0.1360787465451988,0.3939393939393939,0.7272727272727273,0.8787878787878788,0.5070256241062941,4
reserve10,pv_only,primary,warmup,recovery_6_24,mi_recency,3,33,0.09763396780930986,0.16812257985409226,0.3939393939393939,0.7575757575757576,0.7878787878787878,0.5772765738635859,4
reserve10,pv_only,primary,warmup,recovery_6_24,mi_recency,4,33,0.11020203500495379,0.19011848412603027,0.45454545454545453,0.696969696969697,0.8181818181818182,0.5889024553283431,4
reserve10,pv_only,primary,warmup,recovery_6_24,multiple_imputation,1,32,0.04817422731067013,0.08347682422414095,0.4375,0.75,0.875,0.2994075385408266,4
reserve10,pv_only,primary,warmup,recovery_6_24,multiple_imputation,2,33,0.08670426806124192,0.1360787465451988,0.3939393939393939,0.6363636363636364,0.7272727272727273,0.3562836107681142,4
reserve10,pv_only,primary,warmup,recovery_6_24,multiple_imputation,3,33,0.10908828040699502,0.16812257985409226,0.36363636363636365,0.6060606060606061,0.6666666666666666,0.3711933941697994,4
reserve10,pv_only,primary,warmup,recovery_6_24,multiple_imputation,4,33,0.12616258337540162,0.19011848412603027,0.30303030303030304,0.48484848484848486,0.6060606060606061,0.37393538942421667,4
reserve10,pv_only,primary,warmup,recovery_6_24,persistence,1,32,0.06712455304089604,0.12020888062686011,0.5625,0.90625,0.9375,0.4948779461425781,4
reserve10,pv_only,primary,warmup,recovery_6_24,persistence,2,33,0.10838183946103251,0.2168573823006854,0.45454545454545453,0.9393939393939394,0.9393939393939394,0.7188923905573592,4
reserve10,pv_only,primary,warmup,recovery_6_24,persistence,3,33,0.12967211997829053,0.274348216896645,0.48484848484848486,0.8484848484848485,0.9393939393939394,0.8520905713113275,4
reserve10,pv_only,primary,warmup,recovery_6_24,persistence,4,33,0.1381455593256223,0.30228902357052667,0.5757575757575758,0.8484848484848485,0.9696969696969697,0.8877765133703103,4
reserve10,pv_only,primary,warmup,recovery_6_24,physical,1,32,0.049235598748954834,0.09408771774615472,0.40625,0.875,1.0,0.42250519827351607,4
reserve10,pv_only,primary,warmup,recovery_6_24,physical,2,33,0.07562230813309564,0.14340036286539154,0.5151515151515151,0.8787878787878788,1.0,0.5371865665917808,4
reserve10,pv_only,primary,warmup,recovery_6_24,physical,3,33,0.09160050197970676,0.17537672677973956,0.5757575757575758,0.7878787878787878,0.9696969696969697,0.5738826987764507,4
reserve10,pv_only,primary,warmup,recovery_6_24,physical,4,33,0.09599544415630823,0.1890782745604259,0.6060606060606061,0.7272727272727273,0.9393939393939394,0.5585719726134344,4
reserve10,pv_only,primary,warmup,recovery_6_24,physical_availability,1,32,0.0491241534551642,0.09408771774615472,0.40625,0.875,1.0,0.4189868284607782,4
reserve10,pv_only,primary,warmup,recovery_6_24,physical_availability,2,33,0.07561404918032377,0.14340036286539154,0.5151515151515151,0.8787878787878788,1.0,0.5379438070394966,4
reserve10,pv_only,primary,warmup,recovery_6_24,physical_availability,3,33,0.09171923446074227,0.17537672677973956,0.5757575757575758,0.7878787878787878,0.9696969696969697,0.5752712045447828,4
reserve10,pv_only,primary,warmup,recovery_6_24,physical_availability,4,33,0.09609786354793845,0.1890782745604259,0.6060606060606061,0.7272727272727273,0.9393939393939394,0.5583128470853013,4
reserve10,pv_only,primary,warmup,recovery_6_24,physical_recovery,1,32,0.049187670261077725,0.09408771774615472,0.40625,0.875,1.0,0.42009172607191286,4
reserve10,pv_only,primary,warmup,recovery_6_24,physical_recovery,2,33,0.07542866806960499,0.14340036286539154,0.5151515151515151,0.8787878787878788,1.0,0.5368126650612728,4
reserve10,pv_only,primary,warmup,recovery_6_24,physical_recovery,3,33,0.09123849938143132,0.17537672677973956,0.5757575757575758,0.7878787878787878,0.9696969696969697,0.5735112324588887,4
reserve10,pv_only,primary,warmup,recovery_6_24,physical_recovery,4,33,0.09587899156571164,0.1890782745604259,0.6060606060606061,0.7272727272727273,0.9393939393939394,0.5619203857475022,4
reserve10,pv_only,primary,warmup,recovery_6_24,previous_day,1,32,0.2044053720614105,0.318391741313244,0.125,0.28125,0.59375,0.6434150151646205,4
reserve10,pv_only,primary,warmup,recovery_6_24,previous_day,2,33,0.2019654435679821,0.3210527698547979,0.09090909090909091,0.24242424242424243,0.6363636363636364,0.6754735879847582,4
reserve10,pv_only,primary,warmup,recovery_6_24,previous_day,3,33,0.19597341675337557,0.3181275232729076,0.09090909090909091,0.2727272727272727,0.696969696969697,0.7262323210046896,4
reserve10,pv_only,primary,warmup,recovery_6_24,previous_day,4,33,0.19186446473310914,0.31123616538600285,0.09090909090909091,0.2727272727272727,0.696969696969697,0.7232022941332973,4
reserve10,pv_only,primary,warmup,recovery_6_24,raw,1,32,0.04914498031120144,0.09408771774615472,0.375,0.8125,0.9375,0.40189445469247004,4
reserve10,pv_only,primary,warmup,recovery_6_24,raw,2,33,0.07553241519929227,0.14340036286539154,0.48484848484848486,0.7575757575757576,0.9696969696969697,0.5174446996127279,4
reserve10,pv_only,primary,warmup,recovery_6_24,raw,3,33,0.09103426993138712,0.17537672677973956,0.5454545454545454,0.6363636363636364,0.9090909090909091,0.5362501112562185,4
reserve10,pv_only,primary,warmup,recovery_6_24,raw,4,33,0.09636203821922203,0.1890782745604259,0.48484848484848486,0.6363636363636364,0.8787878787878788,0.5284060783082415,4
reserve10,pv_only,primary,warmup,recovery_6_24,recency,1,32,0.049130897379799,0.09408771774615472,0.40625,0.84375,1.0,0.41895346505486275,4
reserve10,pv_only,primary,warmup,recovery_6_24,recency,2,33,0.07567292478843002,0.14340036286539154,0.5151515151515151,0.8787878787878788,1.0,0.5339104735061927,4
reserve10,pv_only,primary,warmup,recovery_6_24,recency,3,33,0.09189720138956815,0.17537672677973956,0.5757575757575758,0.7878787878787878,0.9696969696969697,0.5683638699834355,4
reserve10,pv_only,primary,warmup,recovery_6_24,recency,4,33,0.09588868512816826,0.1890782745604259,0.5757575757575758,0.7272727272727273,0.9090909090909091,0.553637923012216,4
reserve10,pv_only,primary,warmup,recovery_6_24,rolling,1,32,0.049162718127705944,0.09408771774615472,0.40625,0.8125,1.0,0.4187191755825032,4
reserve10,pv_only,primary,warmup,recovery_6_24,rolling,2,33,0.07583642752495506,0.14340036286539154,0.5151515151515151,0.8787878787878788,1.0,0.5314359094247425,4
reserve10,pv_only,primary,warmup,recovery_6_24,rolling,3,33,0.09211627459961737,0.17537672677973956,0.5757575757575758,0.7878787878787878,0.9696969696969697,0.5657969876261159,4
reserve10,pv_only,primary,warmup,recovery_6_24,rolling,4,33,0.09607629951737015,0.1890782745604259,0.5757575757575758,0.7272727272727273,0.9090909090909091,0.5498932403968753,4
reserve10,pv_only,primary,warmup,recovery_6_24,single_imputation,1,32,0.05323292716883442,0.08780458889633082,0.40625,0.78125,0.875,0.2756215393218958,4
reserve10,pv_only,primary,warmup,recovery_6_24,single_imputation,2,33,0.08807368399552505,0.1343168930333094,0.3939393939393939,0.6060606060606061,0.7272727272727273,0.3341768738455238,4
reserve10,pv_only,primary,warmup,recovery_6_24,single_imputation,3,33,0.1149155838542575,0.17224349541231038,0.36363636363636365,0.5454545454545454,0.6060606060606061,0.3566186738639219,4
reserve10,pv_only,primary,warmup,recovery_6_24,single_imputation,4,33,0.13067411597556075,0.19286912720692728,0.30303030303030304,0.48484848484848486,0.6060606060606061,0.3674590268598825,4
reserve10,irradiance_only,primary,evaluation,normal,aci_bounded,1,3111,0.039203765900815535,0.06462650868284732,0.49855351976856316,0.7942783670845387,0.8971391835422694,0.29931438117343,0
reserve10,irradiance_only,primary,evaluation,normal,aci_bounded,2,3113,0.05237663927918151,0.08986230285398311,0.5020880179890781,0.7963379376806938,0.8978477353035657,0.3997146791929465,0
reserve10,irradiance_only,primary,evaluation,normal,aci_bounded,3,3113,0.05827682249135879,0.10267084460972248,0.49630581432701576,0.7998715065852875,0.901060070671378,0.42887939741894454,0
reserve10,irradiance_only,primary,evaluation,normal,aci_bounded,4,3113,0.061377000185276594,0.11021058209581264,0.49405717956954703,0.8001927401220688,0.9033087054288468,0.4394630951270192,0
reserve10,irradiance_only,primary,evaluation,normal,carry_forward,1,3111,0.04170291473493954,0.06733307411119771,0.40822886531661845,0.6955962712954034,0.8444230151076824,0.3173287504738635,0
reserve10,irradiance_only,primary,evaluation,normal,carry_forward,2,3113,0.05384291678421041,0.09157832650468868,0.39158368133633153,0.680051397365885,0.8336010279473177,0.3824704419032796,0
reserve10,irradiance_only,primary,evaluation,normal,carry_forward,3,3113,0.05992292486300567,0.10562244534267623,0.38676517828461293,0.6768390619980726,0.8210729200128494,0.3989647280464445,0
reserve10,irradiance_only,primary,evaluation,normal,carry_forward,4,3113,0.062406329400330744,0.11072273427550615,0.37648570510761326,0.6758753613877289,0.8181818181818182,0.40391895230353403,0
reserve10,irradiance_only,primary,evaluation,normal,geometric_persistence,1,3111,0.05218059504778093,0.08080049740999089,0.5390549662487946,0.8592092574734812,0.9405335904853744,0.4772556552781465,0
reserve10,irradiance_only,primary,evaluation,normal,geometric_persistence,2,3113,0.07881885458649227,0.13161820893186776,0.5387086411821395,0.8448442017346611,0.9299710889816897,0.5968514792055301,0
reserve10,irradiance_only,primary,evaluation,normal,geometric_persistence,3,3113,0.10007820905345864,0.17745392761848208,0.527465467394796,0.8345647285576614,0.9206553164150337,0.7062553969664953,0
reserve10,irradiance_only,primary,evaluation,normal,geometric_persistence,4,3113,0.11625615473486307,0.21608497978845514,0.52071956312239,0.8255701895277867,0.9161580469000964,0.7731373985355269,0
reserve10,irradiance_only,primary,evaluation,normal,mask50,1,3111,0.0391881691888248,0.06462650868284732,0.5081967213114754,0.8029572484731597,0.9029251044680168,0.3031046109903718,0
reserve10,irradiance_only,primary,evaluation,normal,mask50,2,3113,0.05234389205574951,0.08986230285398311,0.5136524253132027,0.799229039511725,0.9029874718920655,0.4014457465686086,0
reserve10,irradiance_only,primary,evaluation,normal,mask50,3,3113,0.05822872426242104,0.10267084460972248,0.5075489881143591,0.8062961773209123,0.904914873112753,0.42971820969970553,0
reserve10,irradiance_only,primary,evaluation,normal,mask50,4,3113,0.06135466114118091,0.11021058209581264,0.49726951493735944,0.8001927401220688,0.9004176035978156,0.4379685736134791,0
reserve10,irradiance_only,primary,evaluation,normal,mi_recency,1,3111,0.04515153715210093,0.06860097813518296,0.5188042430086789,0.8138862102217936,0.9013179042108647,0.3104275018385577,0
reserve10,irradiance_only,primary,evaluation,normal,mi_recency,2,3113,0.059150585244066696,0.09382001262588728,0.5203983295856087,0.805974943784131,0.9020237712817218,0.401924896943395,0
reserve10,irradiance_only,primary,evaluation,normal,mi_recency,3,3113,0.06557979916401031,0.1045302051655915,0.5159010600706714,0.8120783809829746,0.9042724060391905,0.44525364137258033,0
reserve10,irradiance_only,primary,evaluation,normal,mi_recency,4,3113,0.06933864779734009,0.11112506463380227,0.5136524253132027,0.8066174108576936,0.9004176035978156,0.47216908017221587,0
reserve10,irradiance_only,primary,evaluation,normal,multiple_imputation,1,3111,0.04559665110685975,0.06860097813518296,0.6300225008036001,0.8148505303760849,0.8675666988106718,0.2595145656459626,0
reserve10,irradiance_only,primary,evaluation,normal,multiple_imputation,2,3113,0.060262550042477006,0.09382001262588728,0.5592675875361388,0.7664632187600385,0.8400256986829425,0.31299696944928135,0
reserve10,irradiance_only,primary,evaluation,normal,multiple_imputation,3,3113,0.06731324435358663,0.1045302051655915,0.5358175393511082,0.7468679730163829,0.8226790876967556,0.3328123367880498,0
reserve10,irradiance_only,primary,evaluation,normal,multiple_imputation,4,3113,0.0716862803379573,0.11112506463380227,0.5255380661741086,0.734982332155477,0.8082235785415998,0.3457706777350321,0
reserve10,irradiance_only,primary,evaluation,normal,persistence,1,3111,0.06975091471213485,0.12650478564444903,0.5564127290260367,0.859852137576342,0.9459980713596914,0.5512141227230372,0
reserve10,irradiance_only,primary,evaluation,normal,persistence,2,3113,0.10736042198126468,0.21179620447451547,0.5538066174108577,0.8380982974622551,0.9286861548345647,0.7070871021255907,0
reserve10,irradiance_only,primary,evaluation,normal,persistence,3,3113,0.132305650440661,0.27363330967328825,0.5258592997108898,0.8239640218438805,0.9203340828782525,0.8168404908351522,0
reserve10,irradiance_only,primary,evaluation,normal,persistence,4,3113,0.14805107310016108,0.30888000653949255,0.5162222936074526,0.8168968840346932,0.9171217475104401,0.8812252537445217,0
reserve10,irradiance_only,primary,evaluation,normal,physical,1,3111,0.039072958777002495,0.06462650868284732,0.5011250401800065,0.8026358084217293,0.9077467052394729,0.3054500378711008,0
reserve10,irradiance_only,primary,evaluation,normal,physical,2,3113,0.05213734759619693,0.08986230285398311,0.5072277545775778,0.8114359139094122,0.9061998072598779,0.4048504830506917,0
reserve10,irradiance_only,primary,evaluation,normal,physical,3,3113,0.058027590527702906,0.10267084460972248,0.5056215868936716,0.8130420815933184,0.9097333761644716,0.43335257434943075,0
reserve10,irradiance_only,primary,evaluation,normal,physical,4,3113,0.06113497118125067,0.11021058209581264,0.504657886283328,0.8107934468358496,0.9081272084805654,0.4417017147480014,0
reserve10,irradiance_only,primary,evaluation,normal,physical_availability,1,3111,0.03907123988302462,0.06462650868284732,0.5027322404371585,0.8058502089360334,0.907103825136612,0.30659105393096603,0
reserve10,irradiance_only,primary,evaluation,normal,physical_availability,2,3113,0.052139971536509976,0.08986230285398311,0.5097976228718278,0.809829746225506,0.9078059749437841,0.4057372229864821,0
reserve10,irradiance_only,primary,evaluation,normal,physical_availability,3,3113,0.058040611321024976,0.10267084460972248,0.5075489881143591,0.8111146803726309,0.911660777385159,0.43403890849534815,0
reserve10,irradiance_only,primary,evaluation,normal,physical_availability,4,3113,0.06114428179350944,0.11021058209581264,0.5001606167683906,0.8101509797622872,0.9087696755541278,0.44236491885221413,0
reserve10,irradiance_only,primary,evaluation,normal,physical_recovery,1,3111,0.03905898392367618,0.06462650868284732,0.5056252009000322,0.8071359691417551,0.908711025393764,0.3077778960269239,0
reserve10,irradiance_only,primary,evaluation,normal,physical_recovery,2,3113,0.05214365535991867,0.08986230285398311,0.5107613234821715,0.8127208480565371,0.9126244779955027,0.40782691249356046,0
reserve10,irradiance_only,primary,evaluation,normal,physical_recovery,3,3113,0.05804821192745889,0.10267084460972248,0.5078702216511404,0.816575650497912,0.9132669450690653,0.43516300663749874,0
reserve10,irradiance_only,primary,evaluation,normal,physical_recovery,4,3113,0.06115681744195044,0.11021058209581264,0.5014455509155156,0.8114359139094122,0.9074847414070029,0.4431900667349483,0
reserve10,irradiance_only,primary,evaluation,normal,previous_day,1,3111,0.10126659853486414,0.15688080866266588,0.48633879781420764,0.7804564448730312,0.8794599807135969,0.6599615232429139,0
reserve10,irradiance_only,primary,evaluation,normal,previous_day,2,3113,0.10136583164239368,0.15782652923402052,0.49630581432701576,0.7847735303565693,0.8846771602955349,0.6763677540993486,0
reserve10,irradiance_only,primary,evaluation,normal,previous_day,3,3113,0.10173164385440293,0.15897992275595427,0.49887568262126564,0.792483135239319,0.8952778670093158,0.6954758525941995,0
reserve10,irradiance_only,primary,evaluation,normal,previous_day,4,3113,0.10272183168853088,0.16059030533491464,0.49791198201092196,0.7956954706071314,0.8949566334725345,0.7062175004003947,0
reserve10,irradiance_only,primary,evaluation,normal,raw,1,3111,0.03942591208009183,0.06462650868284732,0.41305046608807455,0.6997749919639987,0.8514946962391514,0.2887164804412001,0
reserve10,irradiance_only,primary,evaluation,normal,raw,2,3113,0.05289894730678714,0.08986230285398311,0.39190491487311274,0.6810150979762287,0.8226790876967556,0.3787946335252224,0
reserve10,irradiance_only,primary,evaluation,normal,raw,3,3113,0.05896697044873823,0.10267084460972248,0.37423707035014453,0.6710568583360103,0.8207516864760681,0.39937266830621715,0
reserve10,irradiance_only,primary,evaluation,normal,raw,4,3113,0.06208357512106924,0.11021058209581264,0.37680693864439446,0.6659171217475104,0.8194667523289432,0.40480298090922806,0
reserve10,irradiance_only,primary,evaluation,normal,recency,1,3111,0.039193875950900646,0.06462650868284732,0.5014464802314368,0.7949212471873995,0.9016393442622951,0.301522509847671,0
reserve10,irradiance_only,primary,evaluation,normal,recency,2,3113,0.05234707606978101,0.08986230285398311,0.5107613234821715,0.801798907805975,0.8991326694506907,0.4001021199238552,0
reserve10,irradiance_only,primary,evaluation,normal,recency,3,3113,0.05823381602326699,0.10267084460972248,0.5085126887247029,0.805974943784131,0.9017025377449406,0.42840081282543246,0
reserve10,irradiance_only,primary,evaluation,normal,recency,4,3113,0.061361527106081615,0.11021058209581264,0.5001606167683906,0.7998715065852875,0.8988114359139094,0.43687157867407955,0
reserve10,irradiance_only,primary,evaluation,normal,rolling,1,3111,0.039204385248896065,0.06462650868284732,0.5043394406943105,0.7945998071359691,0.9035679845708775,0.3007492207737719,0
reserve10,irradiance_only,primary,evaluation,normal,rolling,2,3113,0.05237075357998747,0.08986230285398311,0.5120462576292965,0.7989078059749438,0.8991326694506907,0.3999330929143572,0
reserve10,irradiance_only,primary,evaluation,normal,rolling,3,3113,0.058261920346571947,0.10267084460972248,0.508833922261484,0.8021201413427562,0.9013813042081593,0.4287046997306776,0
reserve10,irradiance_only,primary,evaluation,normal,rolling,4,3113,0.061363528671743106,0.11021058209581264,0.500803083841953,0.80051397365885,0.901060070671378,0.4368888884862717,0
reserve10,irradiance_only,primary,evaluation,normal,single_imputation,1,3111,0.04573659111630161,0.06863887135112158,0.6297010607521697,0.8148505303760849,0.8682095789135327,0.2585224221043255,0
reserve10,irradiance_only,primary,evaluation,normal,single_imputation,2,3113,0.06035665018249366,0.09381779199239004,0.55958882107292,0.7674269193703823,0.83938323160938,0.31242736018513606,0
reserve10,irradiance_only,primary,evaluation,normal,single_imputation,3,3113,0.06735945365991416,0.10453229285349186,0.5351750722775458,0.7465467394796017,0.8223578541599743,0.3324021835095693,0
reserve10,irradiance_only,primary,evaluation,normal,single_imputation,4,3113,0.07170839626021851,0.11110652983454453,0.5268230003212335,0.7336973980083521,0.805974943784131,0.34539153631619546,0
reserve10,irradiance_only,primary,evaluation,partial_restoration,aci_bounded,1,301,0.04795453335384289,0.07777274027528659,0.5647840531561462,0.8870431893687708,0.9401993355481728,0.3934497052487259,47
reserve10,irradiance_only,primary,evaluation,partial_restoration,aci_bounded,2,298,0.05857912493140734,0.10586635199857265,0.5100671140939598,0.8187919463087249,0.9161073825503355,0.4558249141986142,46
reserve10,irradiance_only,primary,evaluation,partial_restoration,aci_bounded,3,297,0.06429818194606217,0.12155241574694675,0.48148148148148145,0.8047138047138047,0.9326599326599326,0.479873332635608,45
reserve10,irradiance_only,primary,evaluation,partial_restoration,aci_bounded,4,297,0.06635860021209904,0.12839804941533126,0.49158249158249157,0.8080808080808081,0.936026936026936,0.48810004279269187,44
reserve10,irradiance_only,primary,evaluation,partial_restoration,carry_forward,1,301,0.061157538267893545,0.12153548712119239,0.47840531561461797,0.7408637873754153,0.8571428571428571,0.41162966743584134,47
reserve10,irradiance_only,primary,evaluation,partial_restoration,carry_forward,2,298,0.06368902007323247,0.12294886017603804,0.4395973154362416,0.697986577181208,0.8557046979865772,0.43787606608812996,46
reserve10,irradiance_only,primary,evaluation,partial_restoration,carry_forward,3,297,0.06612018397185326,0.12486286460579703,0.3367003367003367,0.7070707070707071,0.8114478114478114,0.42922172336347625,45
reserve10,irradiance_only,primary,evaluation,partial_restoration,carry_forward,4,297,0.06808878710429193,0.1344201089135488,0.367003367003367,0.696969696969697,0.8282828282828283,0.4263844966397553,44
reserve10,irradiance_only,primary,evaluation,partial_restoration,geometric_persistence,1,301,0.05164753860777611,0.07890390944474744,0.584717607973422,0.8571428571428571,0.946843853820598,0.4698743775065256,47
reserve10,irradiance_only,primary,evaluation,partial_restoration,geometric_persistence,2,298,0.07902864927910655,0.1320015836714232,0.5469798657718121,0.8355704697986577,0.9328859060402684,0.593172148865923,46
reserve10,irradiance_only,primary,evaluation,partial_restoration,geometric_persistence,3,297,0.10100602684849166,0.17776610257934064,0.5353535353535354,0.8451178451178452,0.9326599326599326,0.7038169673443427,45
reserve10,irradiance_only,primary,evaluation,partial_restoration,geometric_persistence,4,297,0.11529943954827637,0.2094019246512096,0.5420875420875421,0.8181818181818182,0.9158249158249159,0.7667514264235462,44
reserve10,irradiance_only,primary,evaluation,partial_restoration,mask50,1,301,0.04795246588152295,0.07777274027528659,0.5647840531561462,0.8870431893687708,0.9435215946843853,0.39657313526655474,47
reserve10,irradiance_only,primary,evaluation,partial_restoration,mask50,2,298,0.05853325247106536,0.10586635199857265,0.5167785234899329,0.8221476510067114,0.9261744966442953,0.45644924153771266,46
reserve10,irradiance_only,primary,evaluation,partial_restoration,mask50,3,297,0.06425094182858793,0.12155241574694675,0.47474747474747475,0.7946127946127947,0.9326599326599326,0.48014480882038035,45
reserve10,irradiance_only,primary,evaluation,partial_restoration,mask50,4,297,0.06623899126785486,0.12839804941533126,0.49158249158249157,0.8148148148148148,0.9393939393939394,0.4860016965531972,44
reserve10,irradiance_only,primary,evaluation,partial_restoration,mi_recency,1,301,0.04993444425998671,0.07726992533322236,0.4418604651162791,0.7574750830564784,0.8870431893687708,0.3120445428838817,47
reserve10,irradiance_only,primary,evaluation,partial_restoration,mi_recency,2,298,0.06482295195508714,0.10517906749169256,0.44966442953020136,0.7483221476510067,0.8758389261744967,0.4115044384490792,46
reserve10,irradiance_only,primary,evaluation,partial_restoration,mi_recency,3,297,0.07276433408975176,0.11751276668264865,0.468013468013468,0.7373737373737373,0.8585858585858586,0.4535268099829158,45
reserve10,irradiance_only,primary,evaluation,partial_restoration,mi_recency,4,297,0.07649680375663333,0.12476171174603946,0.4511784511784512,0.7643097643097643,0.8821548821548821,0.4814993270223052,44
reserve10,irradiance_only,primary,evaluation,partial_restoration,multiple_imputation,1,301,0.050098707314906364,0.07726992533322236,0.5614617940199336,0.7641196013289037,0.8504983388704319,0.25939540477051626,47
reserve10,irradiance_only,primary,evaluation,partial_restoration,multiple_imputation,2,298,0.06618626150751243,0.10517906749169256,0.4966442953020134,0.7181208053691275,0.7953020134228188,0.31781124854114756,46
reserve10,irradiance_only,primary,evaluation,partial_restoration,multiple_imputation,3,297,0.07485779135548586,0.11751276668264865,0.49158249158249157,0.6801346801346801,0.7845117845117845,0.34111938413568443,45
reserve10,irradiance_only,primary,evaluation,partial_restoration,multiple_imputation,4,297,0.07871365647492555,0.12476171174603946,0.468013468013468,0.6801346801346801,0.7912457912457912,0.3528935104345089,44
reserve10,irradiance_only,primary,evaluation,partial_restoration,persistence,1,301,0.06671925624251361,0.11815789570182723,0.5780730897009967,0.8803986710963455,0.9401993355481728,0.5405894857414767,47
reserve10,irradiance_only,primary,evaluation,partial_restoration,persistence,2,298,0.09940651706358361,0.19638752482821986,0.5939597315436241,0.8691275167785235,0.9496644295302014,0.6973356693087847,46
reserve10,irradiance_only,primary,evaluation,partial_restoration,persistence,3,297,0.12264027096659445,0.2521902247329445,0.5622895622895623,0.8585858585858586,0.936026936026936,0.8080597841258567,45
reserve10,irradiance_only,primary,evaluation,partial_restoration,persistence,4,297,0.13715193969471678,0.28034039165865,0.569023569023569,0.8484848484848485,0.9225589225589226,0.868137774489438,44
reserve10,irradiance_only,primary,evaluation,partial_restoration,physical,1,301,0.04791377454987534,0.07777274027528659,0.574750830564784,0.8870431893687708,0.9435215946843853,0.39763644818773464,47
reserve10,irradiance_only,primary,evaluation,partial_restoration,physical,2,298,0.05847347610063518,0.10586635199857265,0.5134228187919463,0.8355704697986577,0.9328859060402684,0.45898250402826396,46
reserve10,irradiance_only,primary,evaluation,partial_restoration,physical,3,297,0.06418078373963952,0.12155241574694675,0.494949494949495,0.8148148148148148,0.9427609427609428,0.48243096217911374,45
reserve10,irradiance_only,primary,evaluation,partial_restoration,physical,4,297,0.06624709717157631,0.12839804941533126,0.5016835016835017,0.8249158249158249,0.9427609427609428,0.4896600875647916,44
reserve10,irradiance_only,primary,evaluation,partial_restoration,physical_availability,1,301,0.04780665544807103,0.07777274027528659,0.5714285714285714,0.8837209302325582,0.9435215946843853,0.3959437057247495,47
reserve10,irradiance_only,primary,evaluation,partial_restoration,physical_availability,2,298,0.0584044390178529,0.10586635199857265,0.5201342281879194,0.825503355704698,0.9228187919463087,0.4558446841614731,46
reserve10,irradiance_only,primary,evaluation,partial_restoration,physical_availability,3,297,0.06408635843677855,0.12155241574694675,0.494949494949495,0.8047138047138047,0.9393939393939394,0.47934463446670406,45
reserve10,irradiance_only,primary,evaluation,partial_restoration,physical_availability,4,297,0.0661246965730541,0.12839804941533126,0.5050505050505051,0.835016835016835,0.9427609427609428,0.4856092313019381,44
reserve10,irradiance_only,primary,evaluation,partial_restoration,physical_recovery,1,301,0.04780900839086975,0.07777274027528659,0.574750830564784,0.8837209302325582,0.9435215946843853,0.39601220450822683,47
reserve10,irradiance_only,primary,evaluation,partial_restoration,physical_recovery,2,298,0.05840737493229383,0.10586635199857265,0.5201342281879194,0.825503355704698,0.9228187919463087,0.45586163504883986,46
reserve10,irradiance_only,primary,evaluation,partial_restoration,physical_recovery,3,297,0.06409351906662357,0.12155241574694675,0.494949494949495,0.8047138047138047,0.9393939393939394,0.4794196403794103,45
reserve10,irradiance_only,primary,evaluation,partial_restoration,physical_recovery,4,297,0.06612525306754473,0.12839804941533126,0.5050505050505051,0.835016835016835,0.9427609427609428,0.4856538996212705,44
reserve10,irradiance_only,primary,evaluation,partial_restoration,previous_day,1,301,0.09733627343088938,0.1531923559449652,0.4717607973421927,0.7740863787375415,0.8803986710963455,0.6463476805870313,47
reserve10,irradiance_only,primary,evaluation,partial_restoration,previous_day,2,298,0.0996904929833777,0.15816343327590682,0.48322147651006714,0.7885906040268457,0.8791946308724832,0.6687725795996123,46
reserve10,irradiance_only,primary,evaluation,partial_restoration,previous_day,3,297,0.10128027004761332,0.16181784806998556,0.46464646464646464,0.7878787878787878,0.8855218855218855,0.6817757820862391,45
reserve10,irradiance_only,primary,evaluation,partial_restoration,previous_day,4,297,0.0988681557573968,0.1580642574347142,0.4612794612794613,0.8013468013468014,0.8956228956228957,0.6851176640071348,44
reserve10,irradiance_only,primary,evaluation,partial_restoration,raw,1,301,0.04773639614087564,0.07777274027528659,0.5116279069767442,0.8538205980066446,0.9269102990033222,0.383641956364733,47
reserve10,irradiance_only,primary,evaluation,partial_restoration,raw,2,298,0.058765017900048365,0.10586635199857265,0.436241610738255,0.7416107382550335,0.8624161073825504,0.4353846048817729,46
reserve10,irradiance_only,primary,evaluation,partial_restoration,raw,3,297,0.06434811424130084,0.12155241574694675,0.3838383838383838,0.7104377104377104,0.8787878787878788,0.45140335151933453,45
reserve10,irradiance_only,primary,evaluation,partial_restoration,raw,4,297,0.06617129676710813,0.12839804941533126,0.4006734006734007,0.734006734006734,0.8686868686868687,0.4553108254639042,44
reserve10,irradiance_only,primary,evaluation,partial_restoration,recency,1,301,0.047955835546813805,0.07777274027528659,0.5647840531561462,0.8870431893687708,0.9401993355481728,0.39668427188435545,47
reserve10,irradiance_only,primary,evaluation,partial_restoration,recency,2,298,0.05855536764044008,0.10586635199857265,0.5167785234899329,0.8221476510067114,0.9261744966442953,0.45669001273690313,46
reserve10,irradiance_only,primary,evaluation,partial_restoration,recency,3,297,0.0642891512473906,0.12155241574694675,0.4781144781144781,0.7946127946127947,0.9326599326599326,0.4803269971431597,45
reserve10,irradiance_only,primary,evaluation,partial_restoration,recency,4,297,0.06630032900534835,0.12839804941533126,0.4983164983164983,0.8181818181818182,0.9393939393939394,0.4870005750988481,44
reserve10,irradiance_only,primary,evaluation,partial_restoration,rolling,1,301,0.04794787733240372,0.07777274027528659,0.5714285714285714,0.8870431893687708,0.9401993355481728,0.3947545288088322,47
reserve10,irradiance_only,primary,evaluation,partial_restoration,rolling,2,298,0.058566703078218804,0.10586635199857265,0.5167785234899329,0.8087248322147651,0.9194630872483222,0.45596164774338027,46
reserve10,irradiance_only,primary,evaluation,partial_restoration,rolling,3,297,0.06427343204676116,0.12155241574694675,0.48484848484848486,0.8013468013468014,0.9393939393939394,0.48010069772468844,45
reserve10,irradiance_only,primary,evaluation,partial_restoration,rolling,4,297,0.06626978538516319,0.12839804941533126,0.49158249158249157,0.8148148148148148,0.936026936026936,0.48576358658490365,44
reserve10,irradiance_only,primary,evaluation,partial_restoration,single_imputation,1,301,0.05092736371395949,0.0783430005385806,0.5481727574750831,0.7641196013289037,0.840531561461794,0.25854568908220743,47
reserve10,irradiance_only,primary,evaluation,partial_restoration,single_imputation,2,298,0.06815658199357329,0.1065414825161402,0.4865771812080537,0.7013422818791947,0.7785234899328859,0.31504495776122393,46
reserve10,irradiance_only,primary,evaluation,partial_restoration,single_imputation,3,297,0.07631471924018234,0.11862497508320236,0.48148148148148145,0.6767676767676768,0.7710437710437711,0.33740140405422964,45
reserve10,irradiance_only,primary,evaluation,partial_restoration,single_imputation,4,297,0.08092910846130022,0.12670111518539365,0.45791245791245794,0.6868686868686869,0.7878787878787878,0.3485115237856575,44
reserve10,irradiance_only,primary,evaluation,recovery_0_6,aci_bounded,1,135,0.03567235183712316,0.0610886167951651,0.5555555555555556,0.8592592592592593,0.9333333333333333,0.30163402125079763,32
reserve10,irradiance_only,primary,evaluation,recovery_0_6,aci_bounded,2,130,0.045779903449955146,0.08715450711732123,0.5230769230769231,0.9153846153846154,0.9692307692307692,0.3896966213225447,31
reserve10,irradiance_only,primary,evaluation,recovery_0_6,aci_bounded,3,125,0.0481746683122158,0.0888818534379826,0.576,0.896,0.968,0.4284253766824245,33
reserve10,irradiance_only,primary,evaluation,recovery_0_6,aci_bounded,4,120,0.05241285281122312,0.1033550308313087,0.45,0.9166666666666666,0.975,0.4601551506090264,29
reserve10,irradiance_only,primary,evaluation,recovery_0_6,carry_forward,1,135,0.037551578312803084,0.06503126813699492,0.45925925925925926,0.8,0.9111111111111111,0.305591130300254,32
reserve10,irradiance_only,primary,evaluation,recovery_0_6,carry_forward,2,130,0.04587452822518825,0.09062949716157342,0.4076923076923077,0.7692307692307693,0.9153846153846154,0.3713893906374667,31
reserve10,irradiance_only,primary,evaluation,recovery_0_6,carry_forward,3,125,0.04946812475418693,0.0944053490667668,0.4,0.816,0.912,0.3995428603451632,33
reserve10,irradiance_only,primary,evaluation,recovery_0_6,carry_forward,4,120,0.052469933777441496,0.10087937852825751,0.3333333333333333,0.7583333333333333,0.9083333333333333,0.42525417966531,29
reserve10,irradiance_only,primary,evaluation,recovery_0_6,geometric_persistence,1,135,0.05105054148850704,0.0816466890271019,0.4666666666666667,0.8296296296296296,0.9407407407407408,0.47883961304741324,32
reserve10,irradiance_only,primary,evaluation,recovery_0_6,geometric_persistence,2,130,0.0735687181971726,0.13080201721872617,0.4846153846153846,0.8307692307692308,0.9230769230769231,0.5976527433927358,31
reserve10,irradiance_only,primary,evaluation,recovery_0_6,geometric_persistence,3,125,0.0913533727764113,0.16534079117515987,0.528,0.816,0.92,0.6991335747559405,33
reserve10,irradiance_only,primary,evaluation,recovery_0_6,geometric_persistence,4,120,0.10409355037129622,0.1928065239104004,0.6,0.8583333333333333,0.95,0.7916790620234657,29
reserve10,irradiance_only,primary,evaluation,recovery_0_6,mask50,1,135,0.035641232960898155,0.0610886167951651,0.5777777777777777,0.8666666666666667,0.9407407407407408,0.3069940558647187,32
reserve10,irradiance_only,primary,evaluation,recovery_0_6,mask50,2,130,0.045688846946342815,0.08715450711732123,0.5384615384615384,0.9153846153846154,0.9692307692307692,0.3903075837049736,31
reserve10,irradiance_only,primary,evaluation,recovery_0_6,mask50,3,125,0.04812901769386155,0.0888818534379826,0.568,0.896,0.976,0.42894915122763677,33
reserve10,irradiance_only,primary,evaluation,recovery_0_6,mask50,4,120,0.05228502956044166,0.1033550308313087,0.475,0.9333333333333333,0.975,0.458449966326085,29
reserve10,irradiance_only,primary,evaluation,recovery_0_6,mi_recency,1,135,0.04279258035744606,0.06540766787959613,0.5259259259259259,0.8148148148148148,0.8962962962962963,0.3128166169650765,32
reserve10,irradiance_only,primary,evaluation,recovery_0_6,mi_recency,2,130,0.051715928142627994,0.08834067585157834,0.45384615384615384,0.8,0.9307692307692308,0.4090693718686212,31
reserve10,irradiance_only,primary,evaluation,recovery_0_6,mi_recency,3,125,0.0530793119498965,0.09092478391569188,0.528,0.808,0.96,0.45842286690605283,33
reserve10,irradiance_only,primary,evaluation,recovery_0_6,mi_recency,4,120,0.05782263171804036,0.10174229216112608,0.5166666666666667,0.8,0.9666666666666667,0.4990113577378279,29
reserve10,irradiance_only,primary,evaluation,recovery_0_6,multiple_imputation,1,135,0.043470034455833195,0.06540766787959613,0.6370370370370371,0.8148148148148148,0.8592592592592593,0.2586940220850369,32
reserve10,irradiance_only,primary,evaluation,recovery_0_6,multiple_imputation,2,130,0.05295063503405106,0.08834067585157834,0.5230769230769231,0.7692307692307693,0.8307692307692308,0.3111868918801814,31
reserve10,irradiance_only,primary,evaluation,recovery_0_6,multiple_imputation,3,125,0.053298740947528234,0.09092478391569188,0.584,0.744,0.864,0.33158884513194214,33
reserve10,irradiance_only,primary,evaluation,recovery_0_6,multiple_imputation,4,120,0.05929926624551227,0.10174229216112608,0.5583333333333333,0.7,0.8333333333333334,0.3506774429829385,29
reserve10,irradiance_only,primary,evaluation,recovery_0_6,persistence,1,135,0.06794948196912792,0.12797210972993828,0.4962962962962963,0.8740740740740741,0.9629629629629629,0.5569092446469907,32
reserve10,irradiance_only,primary,evaluation,recovery_0_6,persistence,2,130,0.10372066658204555,0.21177647754464285,0.5692307692307692,0.8538461538461538,0.9384615384615385,0.7075938045112178,31
reserve10,irradiance_only,primary,evaluation,recovery_0_6,persistence,3,125,0.12423035612377975,0.2585699932904762,0.552,0.832,0.944,0.8042110014336308,33
reserve10,irradiance_only,primary,evaluation,recovery_0_6,persistence,4,120,0.13555770590138266,0.2757189005282738,0.5833333333333334,0.85,0.925,0.8749423311408727,29
reserve10,irradiance_only,primary,evaluation,recovery_0_6,physical,1,135,0.03563043440859224,0.0610886167951651,0.5555555555555556,0.8740740740740741,0.9333333333333333,0.308789671202832,32
reserve10,irradiance_only,primary,evaluation,recovery_0_6,physical,2,130,0.045896130482629485,0.08715450711732123,0.5384615384615384,0.8923076923076924,0.9692307692307692,0.3954606610106334,31
reserve10,irradiance_only,primary,evaluation,recovery_0_6,physical,3,125,0.048409763998522266,0.0888818534379826,0.56,0.896,0.976,0.4328837757482743,33
reserve10,irradiance_only,primary,evaluation,recovery_0_6,physical,4,120,0.05263408789241884,0.1033550308313087,0.49166666666666664,0.925,0.975,0.4630430519100954,29
reserve10,irradiance_only,primary,evaluation,recovery_0_6,physical_availability,1,135,0.03561216291149228,0.0610886167951651,0.562962962962963,0.8666666666666667,0.9333333333333333,0.3092666944605424,32
reserve10,irradiance_only,primary,evaluation,recovery_0_6,physical_availability,2,130,0.045822038389290956,0.08715450711732123,0.5461538461538461,0.8923076923076924,0.9769230769230769,0.3958209157135091,31
reserve10,irradiance_only,primary,evaluation,recovery_0_6,physical_availability,3,125,0.04835779798675946,0.0888818534379826,0.568,0.896,0.976,0.43315682797442784,33
reserve10,irradiance_only,primary,evaluation,recovery_0_6,physical_availability,4,120,0.0525454322598,0.1033550308313087,0.5,0.95,0.975,0.4632116113117446,29
reserve10,irradiance_only,primary,evaluation,recovery_0_6,physical_recovery,1,135,0.03562054673789707,0.0610886167951651,0.562962962962963,0.8592592592592593,0.9333333333333333,0.30827236236228966,32
reserve10,irradiance_only,primary,evaluation,recovery_0_6,physical_recovery,2,130,0.04568034777971876,0.08715450711732123,0.5384615384615384,0.9076923076923077,0.9692307692307692,0.39002785541315166,31
reserve10,irradiance_only,primary,evaluation,recovery_0_6,physical_recovery,3,125,0.04814153574681958,0.0888818534379826,0.536,0.88,0.976,0.42927695223150486,33
reserve10,irradiance_only,primary,evaluation,recovery_0_6,physical_recovery,4,120,0.052386851590056474,0.1033550308313087,0.48333333333333334,0.925,0.975,0.45844194585236103,29
reserve10,irradiance_only,primary,evaluation,recovery_0_6,previous_day,1,135,0.08157356003109016,0.12655746951609345,0.48148148148148145,0.8518518518518519,0.8962962962962963,0.6172774459102182,32
reserve10,irradiance_only,primary,evaluation,recovery_0_6,previous_day,2,130,0.07532748755450352,0.11631239618246336,0.5,0.8615384615384616,0.9230769230769231,0.6398702435634157,31
reserve10,irradiance_only,primary,evaluation,recovery_0_6,previous_day,3,125,0.06928599000692176,0.10501287160238094,0.504,0.888,0.968,0.6829138215809522,33
reserve10,irradiance_only,primary,evaluation,recovery_0_6,previous_day,4,120,0.07841423643443522,0.1191525891313244,0.5,0.875,0.9666666666666667,0.7298181836011904,29
reserve10,irradiance_only,primary,evaluation,recovery_0_6,raw,1,135,0.035501027198958986,0.0610886167951651,0.5037037037037037,0.7777777777777778,0.9185185185185185,0.2900383459387183,32
reserve10,irradiance_only,primary,evaluation,recovery_0_6,raw,2,130,0.045350351573396064,0.08715450711732123,0.38461538461538464,0.7846153846153846,0.9307692307692308,0.3680521100968481,31
reserve10,irradiance_only,primary,evaluation,recovery_0_6,raw,3,125,0.047706846807891605,0.0888818534379826,0.408,0.784,0.92,0.39885231850380054,33
reserve10,irradiance_only,primary,evaluation,recovery_0_6,raw,4,120,0.052054024560742665,0.1033550308313087,0.30833333333333335,0.7416666666666667,0.8916666666666667,0.4241662772490603,29
reserve10,irradiance_only,primary,evaluation,recovery_0_6,recency,1,135,0.03564301709618144,0.0610886167951651,0.562962962962963,0.8518518518518519,0.9333333333333333,0.3050499582201605,32
reserve10,irradiance_only,primary,evaluation,recovery_0_6,recency,2,130,0.04572492241514128,0.08715450711732123,0.5538461538461539,0.9076923076923077,0.9692307692307692,0.389501495705587,31
reserve10,irradiance_only,primary,evaluation,recovery_0_6,recency,3,125,0.04806038295924751,0.0888818534379826,0.576,0.896,0.968,0.42769650224854516,33
reserve10,irradiance_only,primary,evaluation,recovery_0_6,recency,4,120,0.05232470343288095,0.1033550308313087,0.4583333333333333,0.9166666666666666,0.975,0.4583283573582873,29
reserve10,irradiance_only,primary,evaluation,recovery_0_6,rolling,1,135,0.03567021178066732,0.0610886167951651,0.562962962962963,0.8592592592592593,0.9333333333333333,0.3033721608954136,32
reserve10,irradiance_only,primary,evaluation,recovery_0_6,rolling,2,130,0.04581334128033364,0.08715450711732123,0.5307692307692308,0.9153846153846154,0.9692307692307692,0.3905685454635849,31
reserve10,irradiance_only,primary,evaluation,recovery_0_6,rolling,3,125,0.04818675209124965,0.0888818534379826,0.576,0.904,0.968,0.4284959222055638,33
reserve10,irradiance_only,primary,evaluation,recovery_0_6,rolling,4,120,0.052331099236549224,0.1033550308313087,0.4666666666666667,0.9083333333333333,0.975,0.4581088558393181,29
reserve10,irradiance_only,primary,evaluation,recovery_0_6,single_imputation,1,135,0.04343570697193175,0.0653719081852249,0.6370370370370371,0.8148148148148148,0.8592592592592593,0.25868822142350884,32
reserve10,irradiance_only,primary,evaluation,recovery_0_6,single_imputation,2,130,0.052940335333318725,0.08827817355166663,0.5230769230769231,0.7692307692307693,0.8307692307692308,0.3111152200727439,31
reserve10,irradiance_only,primary,evaluation,recovery_0_6,single_imputation,3,125,0.05341373321271182,0.09104217839028583,0.584,0.744,0.856,0.33142618025543163,33
reserve10,irradiance_only,primary,evaluation,recovery_0_6,single_imputation,4,120,0.05929480581425171,0.10172910813258075,0.5583333333333333,0.7,0.8333333333333334,0.3506546846912899,29
reserve10,irradiance_only,primary,evaluation,recovery_6_24,aci_bounded,1,412,0.037469736079904295,0.05866703115109794,0.4684466019417476,0.7839805825242718,0.8859223300970874,0.3066038959144437,45
reserve10,irradiance_only,primary,evaluation,recovery_6_24,aci_bounded,2,418,0.05374997056103737,0.08961226703412552,0.48564593301435405,0.7751196172248804,0.8755980861244019,0.40740202354543925,45
reserve10,irradiance_only,primary,evaluation,recovery_6_24,aci_bounded,3,424,0.06061553439554431,0.10582274001577409,0.49292452830188677,0.75,0.8514150943396226,0.4302452081560414,45
reserve10,irradiance_only,primary,evaluation,recovery_6_24,aci_bounded,4,429,0.06273954605906706,0.10911590758061598,0.5128205128205128,0.7762237762237763,0.8624708624708625,0.43579078786903125,45
reserve10,irradiance_only,primary,evaluation,recovery_6_24,carry_forward,1,412,0.03975941902670152,0.06159080142392368,0.42718446601941745,0.6844660194174758,0.8106796116504854,0.32519009570375945,45
reserve10,irradiance_only,primary,evaluation,recovery_6_24,carry_forward,2,418,0.055544358382022464,0.09195465232364729,0.38516746411483255,0.6363636363636364,0.8038277511961722,0.3918349716823984,45
reserve10,irradiance_only,primary,evaluation,recovery_6_24,carry_forward,3,424,0.06233266263784493,0.10735038264366731,0.3608490566037736,0.6533018867924528,0.7617924528301887,0.4028888737327044,45
reserve10,irradiance_only,primary,evaluation,recovery_6_24,carry_forward,4,429,0.06405884035553897,0.10980605935908952,0.38461538461538464,0.6666666666666666,0.7738927738927739,0.401641300529234,45
reserve10,irradiance_only,primary,evaluation,recovery_6_24,geometric_persistence,1,412,0.047858060223875155,0.0743530725338834,0.5606796116504854,0.8689320388349514,0.9514563106796117,0.47600389813064375,45
reserve10,irradiance_only,primary,evaluation,recovery_6_24,geometric_persistence,2,418,0.07489649601484244,0.1261659661893705,0.5598086124401914,0.8588516746411483,0.9473684210526315,0.5955189043325331,45
reserve10,irradiance_only,primary,evaluation,recovery_6_24,geometric_persistence,3,424,0.09665516414151358,0.17058660626138977,0.5400943396226415,0.8514150943396226,0.9363207547169812,0.7084234493112497,45
reserve10,irradiance_only,primary,evaluation,recovery_6_24,geometric_persistence,4,429,0.11392239668796551,0.21078772714632396,0.5431235431235432,0.8251748251748252,0.9207459207459208,0.7659070021533617,45
reserve10,irradiance_only,primary,evaluation,recovery_6_24,mask50,1,412,0.03742109388575968,0.05866703115109794,0.470873786407767,0.7912621359223301,0.8883495145631068,0.3109479543282293,45
reserve10,irradiance_only,primary,evaluation,recovery_6_24,mask50,2,418,0.05367679833686699,0.08961226703412552,0.49521531100478466,0.7751196172248804,0.8899521531100478,0.4101754767066606,45
reserve10,irradiance_only,primary,evaluation,recovery_6_24,mask50,3,424,0.060617835264075666,0.10582274001577409,0.5023584905660378,0.7523584905660378,0.8561320754716981,0.43249688061628866,45
reserve10,irradiance_only,primary,evaluation,recovery_6_24,mask50,4,429,0.06278215763551175,0.10911590758061598,0.5221445221445221,0.7715617715617715,0.8554778554778555,0.4361713205588896,45
reserve10,irradiance_only,primary,evaluation,recovery_6_24,mi_recency,1,412,0.04181541061278479,0.06557965847023521,0.5048543689320388,0.8131067961165048,0.9053398058252428,0.30955809528487627,45
reserve10,irradiance_only,primary,evaluation,recovery_6_24,mi_recency,2,418,0.060431617437681336,0.0975244231642605,0.49282296650717705,0.7894736842105263,0.8899521531100478,0.40609480208838333,45
reserve10,irradiance_only,primary,evaluation,recovery_6_24,mi_recency,3,424,0.06746946796235734,0.10913890274825942,0.4882075471698113,0.7830188679245284,0.8962264150943396,0.44576421715871223,45
reserve10,irradiance_only,primary,evaluation,recovery_6_24,mi_recency,4,429,0.07241063704820909,0.11788706294357659,0.4755244755244755,0.7995337995337995,0.8857808857808858,0.47247418300105465,45
reserve10,irradiance_only,primary,evaluation,recovery_6_24,multiple_imputation,1,412,0.04181741834470658,0.06557965847023521,0.6213592233009708,0.808252427184466,0.8689320388349514,0.2586875581718624,45
reserve10,irradiance_only,primary,evaluation,recovery_6_24,multiple_imputation,2,418,0.061406423818631393,0.0975244231642605,0.5191387559808612,0.7535885167464115,0.8181818181818182,0.31185613949119056,45
reserve10,irradiance_only,primary,evaluation,recovery_6_24,multiple_imputation,3,424,0.06929175965796139,0.10913890274825942,0.5094339622641509,0.7216981132075472,0.8042452830188679,0.32950211699752374,45
reserve10,irradiance_only,primary,evaluation,recovery_6_24,multiple_imputation,4,429,0.07497046702194247,0.11788706294357659,0.4731934731934732,0.710955710955711,0.8111888111888111,0.34030012280181515,45
reserve10,irradiance_only,primary,evaluation,recovery_6_24,persistence,1,412,0.066104770750113,0.12024420632837782,0.5679611650485437,0.8470873786407767,0.9563106796116505,0.5498826795572013,45
reserve10,irradiance_only,primary,evaluation,recovery_6_24,persistence,2,418,0.10470908125811688,0.20670912339584754,0.5454545454545454,0.8325358851674641,0.9401913875598086,0.7108883443146216,45
reserve10,irradiance_only,primary,evaluation,recovery_6_24,persistence,3,424,0.13183392710182046,0.2717629968620142,0.5259433962264151,0.8113207547169812,0.9221698113207547,0.8227314636824916,45
reserve10,irradiance_only,primary,evaluation,recovery_6_24,persistence,4,429,0.14930978481162563,0.31488990357593794,0.5128205128205128,0.7948717948717948,0.916083916083916,0.8855517845199938,45
reserve10,irradiance_only,primary,evaluation,recovery_6_24,physical,1,412,0.037313658252299854,0.05866703115109794,0.46601941747572817,0.7888349514563107,0.8932038834951457,0.31252562262774886,45
reserve10,irradiance_only,primary,evaluation,recovery_6_24,physical,2,418,0.05369938995259268,0.08961226703412552,0.5119617224880383,0.7870813397129187,0.8923444976076556,0.41280673331486134,45
reserve10,irradiance_only,primary,evaluation,recovery_6_24,physical,3,424,0.06056548866325949,0.10582274001577409,0.4882075471698113,0.7712264150943396,0.8608490566037735,0.4347575164729989,45
reserve10,irradiance_only,primary,evaluation,recovery_6_24,physical,4,429,0.06276673091153642,0.10911590758061598,0.5268065268065268,0.7808857808857809,0.8624708624708625,0.43920675974182516,45
reserve10,irradiance_only,primary,evaluation,recovery_6_24,physical_availability,1,412,0.03731456117766104,0.05866703115109794,0.4684466019417476,0.7936893203883495,0.9029126213592233,0.3144657075755742,45
reserve10,irradiance_only,primary,evaluation,recovery_6_24,physical_availability,2,418,0.05361696871579852,0.08961226703412552,0.507177033492823,0.7870813397129187,0.8923444976076556,0.4137613799090115,45
reserve10,irradiance_only,primary,evaluation,recovery_6_24,physical_availability,3,424,0.06053480464539089,0.10582274001577409,0.49056603773584906,0.7641509433962265,0.8608490566037735,0.4358253740039186,45
reserve10,irradiance_only,primary,evaluation,recovery_6_24,physical_availability,4,429,0.06277752997391209,0.10911590758061598,0.5221445221445221,0.7715617715617715,0.8578088578088578,0.43989465213150497,45
reserve10,irradiance_only,primary,evaluation,recovery_6_24,physical_recovery,1,412,0.03733839301324322,0.05866703115109794,0.470873786407767,0.7912621359223301,0.9004854368932039,0.3134963690545436,45
reserve10,irradiance_only,primary,evaluation,recovery_6_24,physical_recovery,2,418,0.05368578926207991,0.08961226703412552,0.5143540669856459,0.7822966507177034,0.8971291866028708,0.4133266998667659,45
reserve10,irradiance_only,primary,evaluation,recovery_6_24,physical_recovery,3,424,0.06064430870895679,0.10582274001577409,0.5023584905660378,0.7665094339622641,0.8632075471698113,0.43611904204392943,45
reserve10,irradiance_only,primary,evaluation,recovery_6_24,physical_recovery,4,429,0.06293657846520319,0.10911590758061598,0.5268065268065268,0.7808857808857809,0.8601398601398601,0.4416397691197134,45
reserve10,irradiance_only,primary,evaluation,recovery_6_24,previous_day,1,412,0.10889419761871248,0.17085990525384304,0.47572815533980584,0.7378640776699029,0.8567961165048543,0.6483746871175919,45
reserve10,irradiance_only,primary,evaluation,recovery_6_24,previous_day,2,418,0.1113325220564258,0.17616352324775003,0.4665071770334928,0.7583732057416268,0.8588516746411483,0.6641296965009291,45
reserve10,irradiance_only,primary,evaluation,recovery_6_24,previous_day,3,424,0.11158866463022739,0.17707823268966194,0.47877358490566035,0.7617924528301887,0.8679245283018868,0.6789999697656949,45
reserve10,irradiance_only,primary,evaluation,recovery_6_24,previous_day,4,429,0.10880090048532816,0.1723175940805722,0.4825174825174825,0.7715617715617715,0.8741258741258742,0.6820275534146408,45
reserve10,irradiance_only,primary,evaluation,recovery_6_24,raw,1,412,0.037618788361641196,0.05866703115109794,0.38349514563106796,0.6723300970873787,0.8446601941747572,0.2963682838930496,45
reserve10,irradiance_only,primary,evaluation,recovery_6_24,raw,2,418,0.054269584392060144,0.08961226703412552,0.37559808612440193,0.6626794258373205,0.7966507177033493,0.3871182371561597,45
reserve10,irradiance_only,primary,evaluation,recovery_6_24,raw,3,424,0.06149160144973542,0.10582274001577409,0.37028301886792453,0.6533018867924528,0.7759433962264151,0.4019626408788276,45
reserve10,irradiance_only,primary,evaluation,recovery_6_24,raw,4,429,0.06363274409906566,0.10911590758061598,0.3752913752913753,0.6503496503496503,0.7785547785547785,0.40243093017785975,45
reserve10,irradiance_only,primary,evaluation,recovery_6_24,recency,1,412,0.03746058591476168,0.05866703115109794,0.4733009708737864,0.779126213592233,0.8883495145631068,0.3088074439488969,45
reserve10,irradiance_only,primary,evaluation,recovery_6_24,recency,2,418,0.05378672855539684,0.08961226703412552,0.5,0.7751196172248804,0.8803827751196173,0.407957140595868,45
reserve10,irradiance_only,primary,evaluation,recovery_6_24,recency,3,424,0.06068947233960014,0.10582274001577409,0.5,0.75,0.8537735849056604,0.43092480030944,45
reserve10,irradiance_only,primary,evaluation,recovery_6_24,recency,4,429,0.06284247035857418,0.10911590758061598,0.5198135198135199,0.7785547785547785,0.8484848484848485,0.43415215645052485,45
reserve10,irradiance_only,primary,evaluation,recovery_6_24,rolling,1,412,0.03744588970644137,0.05866703115109794,0.47572815533980584,0.7839805825242718,0.8932038834951457,0.3082755641391948,45
reserve10,irradiance_only,primary,evaluation,recovery_6_24,rolling,2,418,0.05374920816433202,0.08961226703412552,0.49760765550239233,0.7799043062200957,0.8732057416267942,0.40777301681255523,45
reserve10,irradiance_only,primary,evaluation,recovery_6_24,rolling,3,424,0.06056842280901966,0.10582274001577409,0.49764150943396224,0.7594339622641509,0.8561320754716981,0.43042998543835254,45
reserve10,irradiance_only,primary,evaluation,recovery_6_24,rolling,4,429,0.0627771745056489,0.10911590758061598,0.5221445221445221,0.7692307692307693,0.8531468531468531,0.43280354716840524,45
reserve10,irradiance_only,primary,evaluation,recovery_6_24,single_imputation,1,412,0.04182613312211397,0.06558872873315712,0.6213592233009708,0.808252427184466,0.8689320388349514,0.25857578253078434,45
reserve10,irradiance_only,primary,evaluation,recovery_6_24,single_imputation,2,418,0.061404789160299726,0.09752172286594565,0.5191387559808612,0.7535885167464115,0.8181818181818182,0.3118410954956582,45
reserve10,irradiance_only,primary,evaluation,recovery_6_24,single_imputation,3,424,0.06928233889656647,0.10912670508871272,0.5094339622641509,0.7216981132075472,0.8042452830188679,0.32947537326390913,45
reserve10,irradiance_only,primary,evaluation,recovery_6_24,single_imputation,4,429,0.07495718545032302,0.11786689077170862,0.4731934731934732,0.710955710955711,0.8111888111888111,0.34028894522628084,45
reserve10,irradiance_only,primary,warmup,normal,aci_bounded,1,220,0.042009040622088316,0.06723836438626632,0.4590909090909091,0.7272727272727273,0.8772727272727273,0.3317773461007052,0
reserve10,irradiance_only,primary,warmup,normal,aci_bounded,2,220,0.060914884962489466,0.10395639449483692,0.45,0.7272727272727273,0.8727272727272727,0.4782922705034906,0
reserve10,irradiance_only,primary,warmup,normal,aci_bounded,3,221,0.07128899368032851,0.12863576657347217,0.49321266968325794,0.7692307692307693,0.8778280542986425,0.5022797135589636,0
reserve10,irradiance_only,primary,warmup,normal,aci_bounded,4,222,0.0759677109398726,0.1404906986458725,0.5045045045045045,0.7252252252252253,0.8288288288288288,0.5086707456916826,0
reserve10,irradiance_only,primary,warmup,normal,carry_forward,1,220,0.046283793324978346,0.0720274909689731,0.40454545454545454,0.7045454545454546,0.8772727272727273,0.3898676221442182,0
reserve10,irradiance_only,primary,warmup,normal,carry_forward,2,220,0.063078805841058,0.1065065692841127,0.33181818181818185,0.6409090909090909,0.8363636363636363,0.4738405424556916,0
reserve10,irradiance_only,primary,warmup,normal,carry_forward,3,221,0.07209553125160287,0.12349772760561249,0.3393665158371041,0.6244343891402715,0.7873303167420814,0.4898872530916992,0
reserve10,irradiance_only,primary,warmup,normal,carry_forward,4,222,0.07600816531888642,0.13493154537244656,0.34684684684684686,0.6216216216216216,0.7657657657657657,0.4935258321924975,0
reserve10,irradiance_only,primary,warmup,normal,geometric_persistence,1,220,0.05280543816976869,0.08212385934489862,0.45,0.8090909090909091,0.8863636363636364,0.37023515550771785,0
reserve10,irradiance_only,primary,warmup,normal,geometric_persistence,2,220,0.08063739219003098,0.13226837520964096,0.4863636363636364,0.7909090909090909,0.8818181818181818,0.513909701446525,0
reserve10,irradiance_only,primary,warmup,normal,geometric_persistence,3,221,0.09912279554715844,0.17525192216595467,0.45248868778280543,0.7782805429864253,0.8959276018099548,0.6297290098674387,0
reserve10,irradiance_only,primary,warmup,normal,geometric_persistence,4,222,0.11628328115953623,0.21808406331777672,0.45495495495495497,0.7702702702702703,0.8828828828828829,0.6758956913174107,0
reserve10,irradiance_only,primary,warmup,normal,mask50,1,220,0.042011455481312666,0.06723836438626632,0.4681818181818182,0.740909090909091,0.8818181818181818,0.3345866825359904,0
reserve10,irradiance_only,primary,warmup,normal,mask50,2,220,0.06094875711970071,0.10395639449483692,0.4409090909090909,0.7272727272727273,0.8772727272727273,0.48246921388471276,0
reserve10,irradiance_only,primary,warmup,normal,mask50,3,221,0.07132680505713375,0.12863576657347217,0.4751131221719457,0.751131221719457,0.8733031674208145,0.5046152031844898,0
reserve10,irradiance_only,primary,warmup,normal,mask50,4,222,0.07601575890406786,0.1404906986458725,0.4864864864864865,0.7162162162162162,0.8243243243243243,0.5105063942775193,0
reserve10,irradiance_only,primary,warmup,normal,mi_recency,1,220,0.04704296812916021,0.07503835448996134,0.5818181818181818,0.8090909090909091,0.8954545454545455,0.3053979778537805,0
reserve10,irradiance_only,primary,warmup,normal,mi_recency,2,220,0.06279422291658329,0.10624741074421575,0.5181818181818182,0.8136363636363636,0.8818181818181818,0.41508661794703916,0
reserve10,irradiance_only,primary,warmup,normal,mi_recency,3,221,0.07246226305236214,0.12465127721251913,0.5113122171945701,0.7873303167420814,0.8823529411764706,0.49565352984744493,0
reserve10,irradiance_only,primary,warmup,normal,mi_recency,4,222,0.07850808178741335,0.13643493083233915,0.5180180180180181,0.7792792792792793,0.8918918918918919,0.5232393511592425,0
reserve10,irradiance_only,primary,warmup,normal,multiple_imputation,1,220,0.04731426827018763,0.07503835448996134,0.5954545454545455,0.7954545454545454,0.85,0.2539041425600869,0
reserve10,irradiance_only,primary,warmup,normal,multiple_imputation,2,220,0.06443478100848164,0.10624741074421575,0.4590909090909091,0.6909090909090909,0.8136363636363636,0.30963237364255275,0
reserve10,irradiance_only,primary,warmup,normal,multiple_imputation,3,221,0.07562801001544651,0.12465127721251913,0.3891402714932127,0.665158371040724,0.7828054298642534,0.33152793999023594,0
reserve10,irradiance_only,primary,warmup,normal,multiple_imputation,4,222,0.08261549826262335,0.13643493083233915,0.3738738738738739,0.6261261261261262,0.7477477477477478,0.34995629555983965,0
reserve10,irradiance_only,primary,warmup,normal,persistence,1,220,0.07311435320776805,0.1282073105790043,0.5681818181818182,0.8045454545454546,0.9136363636363637,0.46144644685352404,0
reserve10,irradiance_only,primary,warmup,normal,persistence,2,220,0.10895671172173585,0.20823266878787877,0.5409090909090909,0.8136363636363636,0.8636363636363636,0.6470390988460497,0
reserve10,irradiance_only,primary,warmup,normal,persistence,3,221,0.13148051223344387,0.2654381621114792,0.502262443438914,0.7828054298642534,0.8733031674208145,0.7478635598741179,0
reserve10,irradiance_only,primary,warmup,normal,persistence,4,222,0.1418049735615103,0.300916808600118,0.481981981981982,0.8063063063063063,0.8783783783783784,0.7903364733396343,0
reserve10,irradiance_only,primary,warmup,normal,physical,1,220,0.042005145651058756,0.06723836438626632,0.4727272727272727,0.740909090909091,0.8863636363636364,0.3367329297209934,0
reserve10,irradiance_only,primary,warmup,normal,physical,2,220,0.06090087345238219,0.10395639449483692,0.45,0.7272727272727273,0.8863636363636364,0.48335525498996773,0
reserve10,irradiance_only,primary,warmup,normal,physical,3,221,0.07129061972760953,0.12863576657347217,0.48868778280542985,0.7601809954751131,0.8733031674208145,0.5061482082823152,0
reserve10,irradiance_only,primary,warmup,normal,physical,4,222,0.07603919079111329,0.1404906986458725,0.49099099099099097,0.7387387387387387,0.8378378378378378,0.5128920342156857,0
reserve10,irradiance_only,primary,warmup,normal,physical_availability,1,220,0.04201095293377374,0.06723836438626632,0.4727272727272727,0.75,0.8909090909090909,0.3388059352416848,0
reserve10,irradiance_only,primary,warmup,normal,physical_availability,2,220,0.06091268092171613,0.10395639449483692,0.43636363636363634,0.7318181818181818,0.8909090909090909,0.48520417476117467,0
reserve10,irradiance_only,primary,warmup,normal,physical_availability,3,221,0.07132428127305278,0.12863576657347217,0.4796380090497738,0.755656108597285,0.8642533936651584,0.50799783907668,0
reserve10,irradiance_only,primary,warmup,normal,physical_availability,4,222,0.07608362250502591,0.1404906986458725,0.481981981981982,0.7252252252252253,0.8333333333333334,0.5138690577259196,0
reserve10,irradiance_only,primary,warmup,normal,physical_recovery,1,220,0.04202348665605958,0.06723836438626632,0.4681818181818182,0.7636363636363637,0.8863636363636364,0.33758665399409116,0
reserve10,irradiance_only,primary,warmup,normal,physical_recovery,2,220,0.06094787395258971,0.10395639449483692,0.4590909090909091,0.7318181818181818,0.8909090909090909,0.48383480245596794,0
reserve10,irradiance_only,primary,warmup,normal,physical_recovery,3,221,0.07133865982337805,0.12863576657347217,0.4841628959276018,0.751131221719457,0.8778280542986425,0.5085448492782748,0
reserve10,irradiance_only,primary,warmup,normal,physical_recovery,4,222,0.076279380194523,0.1404906986458725,0.4774774774774775,0.7387387387387387,0.8423423423423423,0.5220717092780998,0
reserve10,irradiance_only,primary,warmup,normal,previous_day,1,220,0.1110356295515398,0.1687831453652597,0.32727272727272727,0.6681818181818182,0.8318181818181818,0.5509150182912269,0
reserve10,irradiance_only,primary,warmup,normal,previous_day,2,220,0.10946512129103132,0.1672442015029762,0.33636363636363636,0.6909090909090909,0.8409090909090909,0.571182169687669,0
reserve10,irradiance_only,primary,warmup,normal,previous_day,3,221,0.10847259057524933,0.1666583324929972,0.334841628959276,0.7013574660633484,0.8597285067873304,0.5906799123915911,0
reserve10,irradiance_only,primary,warmup,normal,previous_day,4,222,0.10839541721008955,0.16726133875382077,0.3333333333333333,0.7162162162162162,0.8603603603603603,0.5998052703312687,0
reserve10,irradiance_only,primary,warmup,normal,raw,1,220,0.04211563604903419,0.06723836438626632,0.38181818181818183,0.6863636363636364,0.8681818181818182,0.3271313891430648,0
reserve10,irradiance_only,primary,warmup,normal,raw,2,220,0.0614218321947888,0.10395639449483692,0.3181818181818182,0.5818181818181818,0.8272727272727273,0.4689763912943176,0
reserve10,irradiance_only,primary,warmup,normal,raw,3,221,0.07191860829642455,0.12863576657347217,0.3665158371040724,0.5882352941176471,0.7828054298642534,0.4814962238541265,0
reserve10,irradiance_only,primary,warmup,normal,raw,4,222,0.07665839499975012,0.1404906986458725,0.3918918918918919,0.5720720720720721,0.7657657657657657,0.48823551798359094,0
reserve10,irradiance_only,primary,warmup,normal,recency,1,220,0.042015512054980914,0.06723836438626632,0.4681818181818182,0.7272727272727273,0.8818181818181818,0.3327361329016805,0
reserve10,irradiance_only,primary,warmup,normal,recency,2,220,0.06096146069275912,0.10395639449483692,0.44545454545454544,0.7227272727272728,0.8681818181818182,0.4791847943081613,0
reserve10,irradiance_only,primary,warmup,normal,recency,3,221,0.07129050973201835,0.12863576657347217,0.4841628959276018,0.755656108597285,0.8733031674208145,0.5022389095973,0
reserve10,irradiance_only,primary,warmup,normal,recency,4,222,0.07604324300030693,0.1404906986458725,0.5,0.7207207207207207,0.8243243243243243,0.5097658840705799,0
reserve10,irradiance_only,primary,warmup,normal,rolling,1,220,0.04202643120726434,0.06723836438626632,0.4590909090909091,0.7227272727272728,0.8772727272727273,0.3318148777482114,0
reserve10,irradiance_only,primary,warmup,normal,rolling,2,220,0.0609294495904501,0.10395639449483692,0.4318181818181818,0.7227272727272728,0.8681818181818182,0.4774386942042539,0
reserve10,irradiance_only,primary,warmup,normal,rolling,3,221,0.07124439240554821,0.12863576657347217,0.49321266968325794,0.7647058823529411,0.8733031674208145,0.5010040374878203,0
reserve10,irradiance_only,primary,warmup,normal,rolling,4,222,0.07596790105238083,0.1404906986458725,0.5045045045045045,0.7162162162162162,0.8153153153153153,0.5058034623923874,0
reserve10,irradiance_only,primary,warmup,normal,single_imputation,1,220,0.0473380775686415,0.07513111812312799,0.5954545454545455,0.7954545454545454,0.85,0.25389610406179136,0
reserve10,irradiance_only,primary,warmup,normal,single_imputation,2,220,0.0644361305917547,0.10629795761613636,0.4590909090909091,0.6909090909090909,0.8136363636363636,0.3094646424078994,0
reserve10,irradiance_only,primary,warmup,normal,single_imputation,3,221,0.07559253555013236,0.12461764624305158,0.3891402714932127,0.665158371040724,0.7828054298642534,0.3313843765434757,0
reserve10,irradiance_only,primary,warmup,normal,single_imputation,4,222,0.0827411118362743,0.13664922807811034,0.3738738738738739,0.6261261261261262,0.7477477477477478,0.3497673811566771,0
reserve10,irradiance_only,primary,warmup,partial_restoration,aci_bounded,1,30,0.05665395064294665,0.10048851635238365,0.4666666666666667,0.8,0.9333333333333333,0.44397291098604647,4
reserve10,irradiance_only,primary,warmup,partial_restoration,aci_bounded,2,30,0.07125984262612692,0.1397606166092718,0.36666666666666664,0.8333333333333334,0.9666666666666667,0.558261015958911,4
reserve10,irradiance_only,primary,warmup,partial_restoration,aci_bounded,3,29,0.07703838201701409,0.16454425957781404,0.4827586206896552,0.9310344827586207,1.0,0.5763693998383997,4
reserve10,irradiance_only,primary,warmup,partial_restoration,aci_bounded,4,28,0.07947933607467186,0.16678122203110807,0.42857142857142855,0.8928571428571429,0.9642857142857143,0.5643847261304129,4
reserve10,irradiance_only,primary,warmup,partial_restoration,carry_forward,1,30,0.08554541242465957,0.18871296871479953,0.23333333333333334,0.6333333333333333,0.8,0.4585776509028141,4
reserve10,irradiance_only,primary,warmup,partial_restoration,carry_forward,2,30,0.08764629869109355,0.19046634096948362,0.23333333333333334,0.6666666666666666,0.8666666666666667,0.527647552413948,4
reserve10,irradiance_only,primary,warmup,partial_restoration,carry_forward,3,29,0.08584419228666344,0.19826163975624853,0.20689655172413793,0.6206896551724138,0.7931034482758621,0.527560618704372,4
reserve10,irradiance_only,primary,warmup,partial_restoration,carry_forward,4,28,0.08593884569676635,0.18729397957319985,0.07142857142857142,0.4642857142857143,0.6785714285714286,0.5095336974170898,4
reserve10,irradiance_only,primary,warmup,partial_restoration,geometric_persistence,1,30,0.046580111706950825,0.08267072618963724,0.4,0.7666666666666667,0.9,0.3898096873176156,4
reserve10,irradiance_only,primary,warmup,partial_restoration,geometric_persistence,2,30,0.072208463613856,0.13674894690215314,0.5,0.8333333333333334,0.9333333333333333,0.5428020057943047,4
reserve10,irradiance_only,primary,warmup,partial_restoration,geometric_persistence,3,29,0.09210741349618869,0.1830712197398714,0.5172413793103449,0.896551724137931,0.9655172413793104,0.6803235449288207,4
reserve10,irradiance_only,primary,warmup,partial_restoration,geometric_persistence,4,28,0.1051556458010213,0.217518076091235,0.4642857142857143,0.9285714285714286,0.9642857142857143,0.7022728417985709,4
reserve10,irradiance_only,primary,warmup,partial_restoration,mask50,1,30,0.05671413576831818,0.10048851635238365,0.4666666666666667,0.8333333333333334,0.9333333333333333,0.44573640707844253,4
reserve10,irradiance_only,primary,warmup,partial_restoration,mask50,2,30,0.07108685197061357,0.1397606166092718,0.3333333333333333,0.8333333333333334,0.9666666666666667,0.5593234962853769,4
reserve10,irradiance_only,primary,warmup,partial_restoration,mask50,3,29,0.07697036380226693,0.16454425957781404,0.4827586206896552,0.896551724137931,1.0,0.57573139905931,4
reserve10,irradiance_only,primary,warmup,partial_restoration,mask50,4,28,0.07959994305860127,0.16678122203110807,0.4642857142857143,0.8928571428571429,0.9642857142857143,0.5653436317450621,4
reserve10,irradiance_only,primary,warmup,partial_restoration,mi_recency,1,30,0.042738863436827756,0.07050493326740376,0.5333333333333333,0.8333333333333334,0.9333333333333333,0.3222281984804354,4
reserve10,irradiance_only,primary,warmup,partial_restoration,mi_recency,2,30,0.06488341335882553,0.11687157209296327,0.3333333333333333,0.8333333333333334,0.8666666666666667,0.42481247438590997,4
reserve10,irradiance_only,primary,warmup,partial_restoration,mi_recency,3,29,0.09222745786832083,0.16383351334390986,0.3103448275862069,0.6896551724137931,0.7586206896551724,0.5041972742615175,4
reserve10,irradiance_only,primary,warmup,partial_restoration,mi_recency,4,28,0.09507221858323037,0.17396474514022725,0.39285714285714285,0.6428571428571429,0.75,0.5102193608098782,4
reserve10,irradiance_only,primary,warmup,partial_restoration,multiple_imputation,1,30,0.04392814613862899,0.07050493326740376,0.5333333333333333,0.7333333333333333,0.8666666666666667,0.2538174829458058,4
reserve10,irradiance_only,primary,warmup,partial_restoration,multiple_imputation,2,30,0.06686565150958845,0.11687157209296327,0.3333333333333333,0.7666666666666667,0.8333333333333334,0.31883399580822913,4
reserve10,irradiance_only,primary,warmup,partial_restoration,multiple_imputation,3,29,0.09980520875078368,0.16383351334390986,0.20689655172413793,0.5172413793103449,0.6896551724137931,0.35096879609468346,4
reserve10,irradiance_only,primary,warmup,partial_restoration,multiple_imputation,4,28,0.10870945327676781,0.17396474514022725,0.25,0.4642857142857143,0.5,0.3515632063720978,4
reserve10,irradiance_only,primary,warmup,partial_restoration,persistence,1,30,0.07028331524379959,0.1260186809375,0.5666666666666667,0.7,0.9,0.49136371589657735,4
reserve10,irradiance_only,primary,warmup,partial_restoration,persistence,2,30,0.11576873001674107,0.23519832184523806,0.5,0.7666666666666667,0.9,0.7274311684523808,4
reserve10,irradiance_only,primary,warmup,partial_restoration,persistence,3,29,0.1394609541652922,0.30759084387315266,0.41379310344827586,0.8275862068965517,0.9310344827586207,0.855325553921644,4
reserve10,irradiance_only,primary,warmup,partial_restoration,persistence,4,28,0.14341355417310114,0.3410734853528911,0.42857142857142855,0.8928571428571429,0.9285714285714286,0.8691926200520833,4
reserve10,irradiance_only,primary,warmup,partial_restoration,physical,1,30,0.05660551675043414,0.10048851635238365,0.4666666666666667,0.8666666666666667,0.9666666666666667,0.4454524635411865,4
reserve10,irradiance_only,primary,warmup,partial_restoration,physical,2,30,0.07100455565551242,0.1397606166092718,0.4,0.8333333333333334,1.0,0.5605582722481282,4
reserve10,irradiance_only,primary,warmup,partial_restoration,physical,3,29,0.07666596234667558,0.16454425957781404,0.5517241379310345,0.9310344827586207,1.0,0.5821788929680828,4
reserve10,irradiance_only,primary,warmup,partial_restoration,physical,4,28,0.07925726451221593,0.16678122203110807,0.4642857142857143,0.8928571428571429,0.9642857142857143,0.5724146656194352,4
reserve10,irradiance_only,primary,warmup,partial_restoration,physical_availability,1,30,0.05667273919297024,0.10048851635238365,0.4666666666666667,0.8666666666666667,0.9333333333333333,0.4423880273974846,4
reserve10,irradiance_only,primary,warmup,partial_restoration,physical_availability,2,30,0.07081753026526001,0.1397606166092718,0.43333333333333335,0.8333333333333334,0.9666666666666667,0.5560042526056956,4
reserve10,irradiance_only,primary,warmup,partial_restoration,physical_availability,3,29,0.07684560583828702,0.16454425957781404,0.5172413793103449,0.9310344827586207,1.0,0.5771863590148529,4
reserve10,irradiance_only,primary,warmup,partial_restoration,physical_availability,4,28,0.0795551416153005,0.16678122203110807,0.5,0.8928571428571429,0.9642857142857143,0.5664151050461236,4
reserve10,irradiance_only,primary,warmup,partial_restoration,physical_recovery,1,30,0.056605069789453774,0.10048851635238365,0.4666666666666667,0.8666666666666667,0.9333333333333333,0.4424875092023385,4
reserve10,irradiance_only,primary,warmup,partial_restoration,physical_recovery,2,30,0.07078092446436579,0.1397606166092718,0.4666666666666667,0.8666666666666667,0.9666666666666667,0.5579065103691275,4
reserve10,irradiance_only,primary,warmup,partial_restoration,physical_recovery,3,29,0.07679118139007861,0.16454425957781404,0.5172413793103449,0.9310344827586207,1.0,0.5797328571059979,4
reserve10,irradiance_only,primary,warmup,partial_restoration,physical_recovery,4,28,0.0795152314052699,0.16678122203110807,0.4642857142857143,0.8928571428571429,0.9642857142857143,0.5712705750051247,4
reserve10,irradiance_only,primary,warmup,partial_restoration,previous_day,1,30,0.09475988959185444,0.1549969332093254,0.3333333333333333,0.7666666666666667,0.8333333333333334,0.538878527079613,4
reserve10,irradiance_only,primary,warmup,partial_restoration,previous_day,2,30,0.09789898683887825,0.16706163421626982,0.26666666666666666,0.7333333333333333,0.8333333333333334,0.5599665399243551,4
reserve10,irradiance_only,primary,warmup,partial_restoration,previous_day,3,29,0.10316944339029145,0.17874120949302133,0.27586206896551724,0.6896551724137931,0.8275862068965517,0.5821761117046387,4
reserve10,irradiance_only,primary,warmup,partial_restoration,previous_day,4,28,0.10003824961970055,0.17280988115433674,0.2857142857142857,0.6428571428571429,0.8214285714285714,0.5563965762967688,4
reserve10,irradiance_only,primary,warmup,partial_restoration,raw,1,30,0.05676659616697328,0.10048851635238365,0.4,0.7333333333333333,0.9333333333333333,0.43297148314720874,4
reserve10,irradiance_only,primary,warmup,partial_restoration,raw,2,30,0.07169778200423392,0.1397606166092718,0.3333333333333333,0.7333333333333333,0.9333333333333333,0.5394794526514354,4
reserve10,irradiance_only,primary,warmup,partial_restoration,raw,3,29,0.07873336302119646,0.16454425957781404,0.2413793103448276,0.5517241379310345,0.7586206896551724,0.5466690236200517,4
reserve10,irradiance_only,primary,warmup,partial_restoration,raw,4,28,0.08167592938173594,0.16678122203110807,0.17857142857142858,0.5714285714285714,0.7142857142857143,0.5420790000287518,4
reserve10,irradiance_only,primary,warmup,partial_restoration,recency,1,30,0.056675417610034536,0.10048851635238365,0.4666666666666667,0.8333333333333334,0.9333333333333333,0.4465580067094187,4
reserve10,irradiance_only,primary,warmup,partial_restoration,recency,2,30,0.07108804306105697,0.1397606166092718,0.3333333333333333,0.8333333333333334,0.9666666666666667,0.5600468527570812,4
reserve10,irradiance_only,primary,warmup,partial_restoration,recency,3,29,0.07698295870716526,0.16454425957781404,0.4482758620689655,0.896551724137931,1.0,0.576272238997513,4
reserve10,irradiance_only,primary,warmup,partial_restoration,recency,4,28,0.07955573718003446,0.16678122203110807,0.42857142857142855,0.8928571428571429,0.9642857142857143,0.566030535783664,4
reserve10,irradiance_only,primary,warmup,partial_restoration,rolling,1,30,0.056705703462253745,0.10048851635238365,0.4666666666666667,0.8,0.9333333333333333,0.44397782482772286,4
reserve10,irradiance_only,primary,warmup,partial_restoration,rolling,2,30,0.07121400564077951,0.1397606166092718,0.3333333333333333,0.8333333333333334,0.9666666666666667,0.5567696058828084,4
reserve10,irradiance_only,primary,warmup,partial_restoration,rolling,3,29,0.07694287886129918,0.16454425957781404,0.4827586206896552,0.896551724137931,1.0,0.5737021005904275,4
reserve10,irradiance_only,primary,warmup,partial_restoration,rolling,4,28,0.07949422935753923,0.16678122203110807,0.42857142857142855,0.8928571428571429,0.9642857142857143,0.5612831111608546,4
reserve10,irradiance_only,primary,warmup,partial_restoration,single_imputation,1,30,0.04345757352799383,0.06984100101985037,0.5333333333333333,0.7333333333333333,0.8666666666666667,0.2526059626545965,4
reserve10,irradiance_only,primary,warmup,partial_restoration,single_imputation,2,30,0.0665467647492667,0.1139985629628392,0.4,0.7666666666666667,0.8333333333333334,0.3156213834324873,4
reserve10,irradiance_only,primary,warmup,partial_restoration,single_imputation,3,29,0.09748216135168329,0.15998893699716984,0.20689655172413793,0.4827586206896552,0.6551724137931034,0.3457835136084718,4
reserve10,irradiance_only,primary,warmup,partial_restoration,single_imputation,4,28,0.11034771945642499,0.17499432301932197,0.25,0.4642857142857143,0.5,0.34942542515480357,4
reserve10,irradiance_only,primary,warmup,recovery_0_6,aci_bounded,1,4,0.011042118442660126,0.010248432202208734,0.75,0.75,1.0,0.19802070414797465,2
reserve10,irradiance_only,primary,warmup,recovery_0_6,aci_bounded,2,3,0.016111236620441335,0.02459139862476749,0.6666666666666666,1.0,1.0,0.19837861375530186,2
reserve10,irradiance_only,primary,warmup,recovery_0_6,aci_bounded,3,3,0.022251859638692455,0.01177737276473744,1.0,1.0,1.0,0.23658576929475827,2
reserve10,irradiance_only,primary,warmup,recovery_0_6,aci_bounded,4,3,0.038989741873895256,0.042351336493680496,1.0,1.0,1.0,0.381255277498604,1
reserve10,irradiance_only,primary,warmup,recovery_0_6,carry_forward,1,4,0.0132540405237993,0.011148846214003562,0.75,0.75,0.75,0.22541507775573824,2
reserve10,irradiance_only,primary,warmup,recovery_0_6,carry_forward,2,3,0.020823304278507815,0.030290051740625556,0.0,0.3333333333333333,0.3333333333333333,0.18874786789621192,2
reserve10,irradiance_only,primary,warmup,recovery_0_6,carry_forward,3,3,0.022975517985471636,0.03629464157895315,0.6666666666666666,0.6666666666666666,0.6666666666666666,0.22978713591177027,2
reserve10,irradiance_only,primary,warmup,recovery_0_6,carry_forward,4,3,0.037210420351310315,0.050356696133767066,0.6666666666666666,0.6666666666666666,0.6666666666666666,0.36344131608879865,1
reserve10,irradiance_only,primary,warmup,recovery_0_6,geometric_persistence,1,4,0.027224556438926992,0.02876984399008753,0.5,0.75,1.0,0.3679917240823903,2
reserve10,irradiance_only,primary,warmup,recovery_0_6,geometric_persistence,2,3,0.028613336810482518,0.023693162611141818,0.6666666666666666,1.0,1.0,0.4046718595209972,2
reserve10,irradiance_only,primary,warmup,recovery_0_6,geometric_persistence,3,3,0.06544570105864013,0.10184950558303973,0.3333333333333333,0.6666666666666666,0.6666666666666666,0.25142152162880077,2
reserve10,irradiance_only,primary,warmup,recovery_0_6,geometric_persistence,4,3,0.10319975751028032,0.21549252905125327,0.3333333333333333,0.6666666666666666,0.6666666666666666,0.3865162790674603,1
reserve10,irradiance_only,primary,warmup,recovery_0_6,mask50,1,4,0.01110961284920414,0.010248432202208734,0.75,0.75,1.0,0.2029185712926739,2
reserve10,irradiance_only,primary,warmup,recovery_0_6,mask50,2,3,0.016159586473931245,0.02459139862476749,0.3333333333333333,1.0,1.0,0.207901201750572,2
reserve10,irradiance_only,primary,warmup,recovery_0_6,mask50,3,3,0.02160609964989232,0.01177737276473744,0.6666666666666666,1.0,1.0,0.2404752876433658,2
reserve10,irradiance_only,primary,warmup,recovery_0_6,mask50,4,3,0.03828222969544947,0.042351336493680496,0.6666666666666666,1.0,1.0,0.3819978397883313,1
reserve10,irradiance_only,primary,warmup,recovery_0_6,mi_recency,1,4,0.023545457228611396,0.03799260551544162,1.0,1.0,1.0,0.3095158405698149,2
reserve10,irradiance_only,primary,warmup,recovery_0_6,mi_recency,2,3,0.034626217416615986,0.060601182664397506,1.0,1.0,1.0,0.38071164889168735,2
reserve10,irradiance_only,primary,warmup,recovery_0_6,mi_recency,3,3,0.03688681327034079,0.0402890604588313,1.0,1.0,1.0,0.4753043618149322,2
reserve10,irradiance_only,primary,warmup,recovery_0_6,mi_recency,4,3,0.0387545782048406,0.023978187713139695,1.0,1.0,1.0,0.5394803862143637,1
reserve10,irradiance_only,primary,warmup,recovery_0_6,multiple_imputation,1,4,0.02262083659762992,0.03799260551544162,1.0,1.0,1.0,0.25796413313525335,2
reserve10,irradiance_only,primary,warmup,recovery_0_6,multiple_imputation,2,3,0.03109074481301881,0.060601182664397506,0.6666666666666666,1.0,1.0,0.2872329030255408,2
reserve10,irradiance_only,primary,warmup,recovery_0_6,multiple_imputation,3,3,0.028285634252650085,0.0402890604588313,1.0,1.0,1.0,0.3096603486441599,2
reserve10,irradiance_only,primary,warmup,recovery_0_6,multiple_imputation,4,3,0.02690514877215941,0.023978187713139695,1.0,1.0,1.0,0.34179358249157277,1
reserve10,irradiance_only,primary,warmup,recovery_0_6,persistence,1,4,0.11507372619525934,0.2581114601934523,0.0,0.75,1.0,0.5812150512834822,2
reserve10,irradiance_only,primary,warmup,recovery_0_6,persistence,2,3,0.1350490685000354,0.31450930828373014,0.3333333333333333,0.6666666666666666,1.0,0.6509906478670634,2
reserve10,irradiance_only,primary,warmup,recovery_0_6,persistence,3,3,0.14415143216198978,0.3149991197916666,0.3333333333333333,0.3333333333333333,0.6666666666666666,0.43657037212301586,2
reserve10,irradiance_only,primary,warmup,recovery_0_6,persistence,4,3,0.10004596157667232,0.2104479144345238,0.3333333333333333,0.6666666666666666,0.6666666666666666,0.3914876488095238,1
reserve10,irradiance_only,primary,warmup,recovery_0_6,physical,1,4,0.011153453097438357,0.010248432202208734,0.75,0.75,1.0,0.20429534007721412,2
reserve10,irradiance_only,primary,warmup,recovery_0_6,physical,2,3,0.015989210428875893,0.02459139862476749,0.3333333333333333,1.0,1.0,0.20684924296294718,2
reserve10,irradiance_only,primary,warmup,recovery_0_6,physical,3,3,0.02186065387217573,0.01177737276473744,0.6666666666666666,1.0,1.0,0.23308440711737777,2
reserve10,irradiance_only,primary,warmup,recovery_0_6,physical,4,3,0.03860830205936655,0.042351336493680496,0.6666666666666666,1.0,1.0,0.3778727707915275,1
reserve10,irradiance_only,primary,warmup,recovery_0_6,physical_availability,1,4,0.011103805230585424,0.010248432202208734,0.75,0.75,1.0,0.20398582066700516,2
reserve10,irradiance_only,primary,warmup,recovery_0_6,physical_availability,2,3,0.01599664009870126,0.02459139862476749,0.3333333333333333,1.0,1.0,0.20735579977576202,2
reserve10,irradiance_only,primary,warmup,recovery_0_6,physical_availability,3,3,0.021632768329736193,0.01177737276473744,0.6666666666666666,1.0,1.0,0.23359158749453734,2
reserve10,irradiance_only,primary,warmup,recovery_0_6,physical_availability,4,3,0.03813041853242125,0.042351336493680496,0.6666666666666666,1.0,1.0,0.3773341684044606,1
reserve10,irradiance_only,primary,warmup,recovery_0_6,physical_recovery,1,4,0.011191388740346187,0.010248432202208734,0.75,0.75,1.0,0.20373218402495044,2
reserve10,irradiance_only,primary,warmup,recovery_0_6,physical_recovery,2,3,0.015989210428875893,0.02459139862476749,0.3333333333333333,1.0,1.0,0.20684924296294718,2
reserve10,irradiance_only,primary,warmup,recovery_0_6,physical_recovery,3,3,0.02186065387217573,0.01177737276473744,0.6666666666666666,1.0,1.0,0.23308440711737777,2
reserve10,irradiance_only,primary,warmup,recovery_0_6,physical_recovery,4,3,0.03860830205936655,0.042351336493680496,0.6666666666666666,1.0,1.0,0.3778727707915275,1
reserve10,irradiance_only,primary,warmup,recovery_0_6,previous_day,1,4,0.10132057439492985,0.19427786640624997,0.0,0.0,1.0,0.4277074116629464,2
reserve10,irradiance_only,primary,warmup,recovery_0_6,previous_day,2,3,0.07058438146258503,0.13559241160714283,0.3333333333333333,0.3333333333333333,1.0,0.3022987376240079,2
reserve10,irradiance_only,primary,warmup,recovery_0_6,previous_day,3,3,0.07743733261621315,0.09861561101190475,0.3333333333333333,0.3333333333333333,0.6666666666666666,0.14301631135912699,2
reserve10,irradiance_only,primary,warmup,recovery_0_6,previous_day,4,3,0.11917042745677438,0.18925942408234123,0.3333333333333333,0.3333333333333333,0.6666666666666666,0.273842787202381,1
reserve10,irradiance_only,primary,warmup,recovery_0_6,raw,1,4,0.011024305464478582,0.010248432202208734,0.5,0.75,1.0,0.19101532490289158,2
reserve10,irradiance_only,primary,warmup,recovery_0_6,raw,2,3,0.017464412086428904,0.02459139862476749,0.3333333333333333,0.3333333333333333,0.6666666666666666,0.18293386924186605,2
reserve10,irradiance_only,primary,warmup,recovery_0_6,raw,3,3,0.019484253073271018,0.01177737276473744,0.6666666666666666,0.6666666666666666,1.0,0.20777466742934494,2
reserve10,irradiance_only,primary,warmup,recovery_0_6,raw,4,3,0.0366963625781228,0.042351336493680496,0.6666666666666666,0.6666666666666666,0.6666666666666666,0.3579232430521771,1
reserve10,irradiance_only,primary,warmup,recovery_0_6,recency,1,4,0.011082106180771191,0.010248432202208734,0.75,0.75,1.0,0.19891894543890368,2
reserve10,irradiance_only,primary,warmup,recovery_0_6,recency,2,3,0.0160861117414892,0.02459139862476749,1.0,1.0,1.0,0.20246842806924606,2
reserve10,irradiance_only,primary,warmup,recovery_0_6,recency,3,3,0.021986084529826977,0.01177737276473744,1.0,1.0,1.0,0.23542136932394597,2
reserve10,irradiance_only,primary,warmup,recovery_0_6,recency,4,3,0.03850767592141579,0.042351336493680496,0.6666666666666666,1.0,1.0,0.381255277498604,1
reserve10,irradiance_only,primary,warmup,recovery_0_6,rolling,1,4,0.011004641401289973,0.010248432202208734,0.75,0.75,1.0,0.19802070414797465,2
reserve10,irradiance_only,primary,warmup,recovery_0_6,rolling,2,3,0.01589539134462881,0.02459139862476749,0.6666666666666666,1.0,1.0,0.19712922309190783,2
reserve10,irradiance_only,primary,warmup,recovery_0_6,rolling,3,3,0.022242715797452236,0.01177737276473744,1.0,1.0,1.0,0.23647948015740985,2
reserve10,irradiance_only,primary,warmup,recovery_0_6,rolling,4,3,0.038932241028879065,0.042351336493680496,1.0,1.0,1.0,0.38059830997229166,1
reserve10,irradiance_only,primary,warmup,recovery_0_6,single_imputation,1,4,0.022620836597629916,0.037992605515441605,1.0,1.0,1.0,0.25796413313525335,2
reserve10,irradiance_only,primary,warmup,recovery_0_6,single_imputation,2,3,0.031090744813018822,0.06060118266439752,0.6666666666666666,1.0,1.0,0.2872329030255408,2
reserve10,irradiance_only,primary,warmup,recovery_0_6,single_imputation,3,3,0.02828563425265007,0.040289060458831245,1.0,1.0,1.0,0.30966034864416,2
reserve10,irradiance_only,primary,warmup,recovery_0_6,single_imputation,4,3,0.026905148772159413,0.0239781877131397,1.0,1.0,1.0,0.3417935824915728,1
reserve10,irradiance_only,primary,warmup,recovery_6_24,aci_bounded,1,32,0.04899745309585508,0.09408771774615472,0.40625,0.8125,0.96875,0.4063382166828905,4
reserve10,irradiance_only,primary,warmup,recovery_6_24,aci_bounded,2,33,0.0758894585937767,0.14340036286539154,0.5454545454545454,0.8787878787878788,1.0,0.5326139965606328,4
reserve10,irradiance_only,primary,warmup,recovery_6_24,aci_bounded,3,33,0.09206248447266739,0.17537672677973956,0.6060606060606061,0.7878787878787878,0.9696969696969697,0.5679829496334389,4
reserve10,irradiance_only,primary,warmup,recovery_6_24,aci_bounded,4,33,0.09625376665100688,0.1890782745604259,0.5757575757575758,0.7272727272727273,0.9090909090909091,0.551578910681629,4
reserve10,irradiance_only,primary,warmup,recovery_6_24,carry_forward,1,32,0.05797808752762423,0.0964551678518026,0.34375,0.65625,0.84375,0.42106515019807444,4
reserve10,irradiance_only,primary,warmup,recovery_6_24,carry_forward,2,33,0.08506955132049196,0.1456029245387268,0.5151515151515151,0.696969696969697,0.7878787878787878,0.5081716781901866,4
reserve10,irradiance_only,primary,warmup,recovery_6_24,carry_forward,3,33,0.0995738146694862,0.18979189147063333,0.5757575757575758,0.6666666666666666,0.7878787878787878,0.5268583611359636,4
reserve10,irradiance_only,primary,warmup,recovery_6_24,carry_forward,4,33,0.10978341658394389,0.19989453943149085,0.48484848484848486,0.6666666666666666,0.7878787878787878,0.5186072317520045,4
reserve10,irradiance_only,primary,warmup,recovery_6_24,geometric_persistence,1,32,0.048337366829297713,0.07445683312918336,0.46875,0.875,0.875,0.3985020156884208,4
reserve10,irradiance_only,primary,warmup,recovery_6_24,geometric_persistence,2,33,0.07747479154411346,0.13079987238415314,0.3939393939393939,0.7575757575757576,0.9090909090909091,0.5606559872897794,4
reserve10,irradiance_only,primary,warmup,recovery_6_24,geometric_persistence,3,33,0.09817874410227317,0.1820028962636626,0.3939393939393939,0.8484848484848485,0.9393939393939394,0.7095009457969481,4
reserve10,irradiance_only,primary,warmup,recovery_6_24,geometric_persistence,4,33,0.10741613512057498,0.20672910353599835,0.45454545454545453,0.8787878787878788,0.9393939393939394,0.7485122900053579,4
reserve10,irradiance_only,primary,warmup,recovery_6_24,mask50,1,32,0.048998607859292526,0.09408771774615472,0.40625,0.8125,0.96875,0.4078559502951285,4
reserve10,irradiance_only,primary,warmup,recovery_6_24,mask50,2,33,0.07561252439423857,0.14340036286539154,0.5151515151515151,0.8787878787878788,1.0,0.533344363780896,4
reserve10,irradiance_only,primary,warmup,recovery_6_24,mask50,3,33,0.09197112861861126,0.17537672677973956,0.6060606060606061,0.7878787878787878,0.9696969696969697,0.5690104848986582,4
reserve10,irradiance_only,primary,warmup,recovery_6_24,mask50,4,33,0.09606033764264056,0.1890782745604259,0.5757575757575758,0.7272727272727273,0.9090909090909091,0.5534250260498161,4
reserve10,irradiance_only,primary,warmup,recovery_6_24,mi_recency,1,32,0.04734551051247013,0.08347682422414095,0.4375,0.8125,0.9375,0.36295428302828425,4
reserve10,irradiance_only,primary,warmup,recovery_6_24,mi_recency,2,33,0.07934278193497156,0.1360787465451988,0.3939393939393939,0.696969696969697,0.8787878787878788,0.4712685886569874,4
reserve10,irradiance_only,primary,warmup,recovery_6_24,mi_recency,3,33,0.09739103495896975,0.16812257985409226,0.3939393939393939,0.7575757575757576,0.7878787878787878,0.559778816304365,4
reserve10,irradiance_only,primary,warmup,recovery_6_24,mi_recency,4,33,0.11005110369992259,0.19011848412603027,0.45454545454545453,0.6666666666666666,0.8181818181818182,0.5872994126785201,4
reserve10,irradiance_only,primary,warmup,recovery_6_24,multiple_imputation,1,32,0.04817422731067013,0.08347682422414095,0.4375,0.75,0.875,0.2994075385408266,4
reserve10,irradiance_only,primary,warmup,recovery_6_24,multiple_imputation,2,33,0.08670426806124192,0.1360787465451988,0.3939393939393939,0.6363636363636364,0.7272727272727273,0.3562836107681142,4
reserve10,irradiance_only,primary,warmup,recovery_6_24,multiple_imputation,3,33,0.10908828040699502,0.16812257985409226,0.36363636363636365,0.6060606060606061,0.6666666666666666,0.3711933941697994,4
reserve10,irradiance_only,primary,warmup,recovery_6_24,multiple_imputation,4,33,0.12616258337540162,0.19011848412603027,0.30303030303030304,0.48484848484848486,0.6060606060606061,0.37393538942421667,4
reserve10,irradiance_only,primary,warmup,recovery_6_24,persistence,1,32,0.06712455304089604,0.12020888062686011,0.5625,0.90625,0.9375,0.4948779461425781,4
reserve10,irradiance_only,primary,warmup,recovery_6_24,persistence,2,33,0.10838183946103251,0.2168573823006854,0.45454545454545453,0.9393939393939394,0.9393939393939394,0.7188923905573592,4
reserve10,irradiance_only,primary,warmup,recovery_6_24,persistence,3,33,0.12967211997829053,0.274348216896645,0.48484848484848486,0.8484848484848485,0.9393939393939394,0.8520905713113275,4
reserve10,irradiance_only,primary,warmup,recovery_6_24,persistence,4,33,0.1381455593256223,0.30228902357052667,0.5757575757575758,0.8484848484848485,0.9696969696969697,0.8877765133703103,4
reserve10,irradiance_only,primary,warmup,recovery_6_24,physical,1,32,0.04902200953082657,0.09408771774615472,0.40625,0.84375,1.0,0.41291591999012717,4
reserve10,irradiance_only,primary,warmup,recovery_6_24,physical,2,33,0.07559235014679493,0.14340036286539154,0.5151515151515151,0.8787878787878788,1.0,0.5372173367212061,4
reserve10,irradiance_only,primary,warmup,recovery_6_24,physical,3,33,0.0918885153402874,0.17537672677973956,0.6060606060606061,0.7878787878787878,0.9696969696969697,0.5747425443006137,4
reserve10,irradiance_only,primary,warmup,recovery_6_24,physical,4,33,0.09632984497841829,0.1890782745604259,0.6060606060606061,0.7272727272727273,0.9090909090909091,0.5589093276666864,4
reserve10,irradiance_only,primary,warmup,recovery_6_24,physical_availability,1,32,0.04896242485093805,0.09408771774615472,0.40625,0.84375,0.96875,0.411944398243899,4
reserve10,irradiance_only,primary,warmup,recovery_6_24,physical_availability,2,33,0.0754971109736952,0.14340036286539154,0.5151515151515151,0.8787878787878788,1.0,0.537748485920785,4
reserve10,irradiance_only,primary,warmup,recovery_6_24,physical_availability,3,33,0.09175838739114073,0.17537672677973956,0.6060606060606061,0.7878787878787878,0.9696969696969697,0.5759179581158955,4
reserve10,irradiance_only,primary,warmup,recovery_6_24,physical_availability,4,33,0.09638215830841448,0.1890782745604259,0.6060606060606061,0.7272727272727273,0.9090909090909091,0.558181779981137,4
reserve10,irradiance_only,primary,warmup,recovery_6_24,physical_recovery,1,32,0.04898288617643758,0.09408771774615472,0.40625,0.84375,1.0,0.41159253554646164,4
reserve10,irradiance_only,primary,warmup,recovery_6_24,physical_recovery,2,33,0.0753813460742195,0.14340036286539154,0.5151515151515151,0.8787878787878788,1.0,0.536854658587029,4
reserve10,irradiance_only,primary,warmup,recovery_6_24,physical_recovery,3,33,0.0914748990921896,0.17537672677973956,0.5757575757575758,0.7878787878787878,0.9696969696969697,0.5752780866978987,4
reserve10,irradiance_only,primary,warmup,recovery_6_24,physical_recovery,4,33,0.09618583779530165,0.1890782745604259,0.6060606060606061,0.7272727272727273,0.9090909090909091,0.5623894604219374,4
reserve10,irradiance_only,primary,warmup,recovery_6_24,previous_day,1,32,0.2044053720614105,0.318391741313244,0.125,0.28125,0.59375,0.6434150151646205,4
reserve10,irradiance_only,primary,warmup,recovery_6_24,previous_day,2,33,0.2019654435679821,0.3210527698547979,0.09090909090909091,0.24242424242424243,0.6363636363636364,0.6754735879847582,4
reserve10,irradiance_only,primary,warmup,recovery_6_24,previous_day,3,33,0.19597341675337557,0.3181275232729076,0.09090909090909091,0.2727272727272727,0.696969696969697,0.7262323210046896,4
reserve10,irradiance_only,primary,warmup,recovery_6_24,previous_day,4,33,0.19186446473310914,0.31123616538600285,0.09090909090909091,0.2727272727272727,0.696969696969697,0.7232022941332973,4
reserve10,irradiance_only,primary,warmup,recovery_6_24,raw,1,32,0.04914498031120144,0.09408771774615472,0.375,0.8125,0.9375,0.40189445469247004,4
reserve10,irradiance_only,primary,warmup,recovery_6_24,raw,2,33,0.07553241519929227,0.14340036286539154,0.48484848484848486,0.7575757575757576,0.9696969696969697,0.5174446996127279,4
reserve10,irradiance_only,primary,warmup,recovery_6_24,raw,3,33,0.09103426993138712,0.17537672677973956,0.5454545454545454,0.6363636363636364,0.9090909090909091,0.5362501112562185,4
reserve10,irradiance_only,primary,warmup,recovery_6_24,raw,4,33,0.09636203821922203,0.1890782745604259,0.48484848484848486,0.6363636363636364,0.8787878787878788,0.5284060783082415,4
reserve10,irradiance_only,primary,warmup,recovery_6_24,recency,1,32,0.0489887998051015,0.09408771774615472,0.40625,0.8125,0.96875,0.4070217059889,4
reserve10,irradiance_only,primary,warmup,recovery_6_24,recency,2,33,0.07556304545158361,0.14340036286539154,0.5151515151515151,0.8787878787878788,1.0,0.5314737763397148,4
reserve10,irradiance_only,primary,warmup,recovery_6_24,recency,3,33,0.09199082418815353,0.17537672677973956,0.6060606060606061,0.7878787878787878,0.9696969696969697,0.5661248563799204,4
reserve10,irradiance_only,primary,warmup,recovery_6_24,recency,4,33,0.09604283227455136,0.1890782745604259,0.5757575757575758,0.7272727272727273,0.9090909090909091,0.552758476132749,4
reserve10,irradiance_only,primary,warmup,recovery_6_24,rolling,1,32,0.049004496393446964,0.09408771774615472,0.40625,0.8125,0.96875,0.4060611203377583,4
reserve10,irradiance_only,primary,warmup,recovery_6_24,rolling,2,33,0.07584869765732148,0.14340036286539154,0.5151515151515151,0.8787878787878788,1.0,0.5306645584872949,4
reserve10,irradiance_only,primary,warmup,recovery_6_24,rolling,3,33,0.09215316494062273,0.17537672677973956,0.6060606060606061,0.7878787878787878,0.9696969696969697,0.5657589769105809,4
reserve10,irradiance_only,primary,warmup,recovery_6_24,rolling,4,33,0.09629352741853946,0.1890782745604259,0.5757575757575758,0.7272727272727273,0.9090909090909091,0.5485694839586809,4
reserve10,irradiance_only,primary,warmup,recovery_6_24,single_imputation,1,32,0.05323292716883442,0.08780458889633082,0.40625,0.78125,0.875,0.2756215393218958,4
reserve10,irradiance_only,primary,warmup,recovery_6_24,single_imputation,2,33,0.08807368399552505,0.1343168930333094,0.3939393939393939,0.6060606060606061,0.7272727272727273,0.3341768738455238,4
reserve10,irradiance_only,primary,warmup,recovery_6_24,single_imputation,3,33,0.1149155838542575,0.17224349541231038,0.36363636363636365,0.5454545454545454,0.6060606060606061,0.3566186738639219,4
reserve10,irradiance_only,primary,warmup,recovery_6_24,single_imputation,4,33,0.13067411597556075,0.19286912720692728,0.30303030303030304,0.48484848484848486,0.6060606060606061,0.3674590268598825,4
reserve10,joint_immediate,primary,evaluation,normal,aci_bounded,1,3111,0.03920159844908659,0.06462650868284732,0.49823207971713274,0.7974927675988428,0.8971391835422694,0.2987469631659487,0
reserve10,joint_immediate,primary,evaluation,normal,aci_bounded,2,3113,0.052373929245792455,0.08986230285398311,0.49887568262126564,0.7966591712174751,0.8975265017667845,0.39924127385515873,0
reserve10,joint_immediate,primary,evaluation,normal,aci_bounded,3,3113,0.05826869735271032,0.10267084460972248,0.4921297783488596,0.7989078059749438,0.9000963700610344,0.4285772178617554,0
reserve10,joint_immediate,primary,evaluation,normal,aci_bounded,4,3113,0.06137782575019754,0.11021058209581264,0.49309347895920336,0.8008352071956312,0.9033087054288468,0.4398058081038812,0
reserve10,joint_immediate,primary,evaluation,normal,carry_forward,1,3111,0.04170291473493954,0.06733307411119771,0.40822886531661845,0.6955962712954034,0.8444230151076824,0.3173287504738635,0
reserve10,joint_immediate,primary,evaluation,normal,carry_forward,2,3113,0.05384291678421041,0.09157832650468868,0.39158368133633153,0.680051397365885,0.8336010279473177,0.3824704419032796,0
reserve10,joint_immediate,primary,evaluation,normal,carry_forward,3,3113,0.05992292486300567,0.10562244534267623,0.38676517828461293,0.6768390619980726,0.8210729200128494,0.3989647280464445,0
reserve10,joint_immediate,primary,evaluation,normal,carry_forward,4,3113,0.062406329400330744,0.11072273427550615,0.37648570510761326,0.6758753613877289,0.8181818181818182,0.40391895230353403,0
reserve10,joint_immediate,primary,evaluation,normal,geometric_persistence,1,3111,0.05218059504778093,0.08080049740999089,0.5390549662487946,0.8592092574734812,0.9405335904853744,0.4772556552781465,0
reserve10,joint_immediate,primary,evaluation,normal,geometric_persistence,2,3113,0.07881885458649227,0.13161820893186776,0.5387086411821395,0.8448442017346611,0.9299710889816897,0.5968514792055301,0
reserve10,joint_immediate,primary,evaluation,normal,geometric_persistence,3,3113,0.10007820905345864,0.17745392761848208,0.527465467394796,0.8345647285576614,0.9206553164150337,0.7062553969664953,0
reserve10,joint_immediate,primary,evaluation,normal,geometric_persistence,4,3113,0.11625615473486307,0.21608497978845514,0.52071956312239,0.8255701895277867,0.9161580469000964,0.7731373985355269,0
reserve10,joint_immediate,primary,evaluation,normal,mask50,1,3111,0.03918375605627449,0.06462650868284732,0.5081967213114754,0.8032786885245902,0.9009964641594342,0.3028780873672255,0
reserve10,joint_immediate,primary,evaluation,normal,mask50,2,3113,0.05234481923059542,0.08986230285398311,0.5117250240925153,0.7998715065852875,0.9029874718920655,0.4013614163116212,0
reserve10,joint_immediate,primary,evaluation,normal,mask50,3,3113,0.05822678056077219,0.10267084460972248,0.5069065210407967,0.8046900096370061,0.9045936395759717,0.42962462275749735,0
reserve10,joint_immediate,primary,evaluation,normal,mask50,4,3113,0.06135301209901105,0.11021058209581264,0.49726951493735944,0.8001927401220688,0.9004176035978156,0.4379842937162086,0
reserve10,joint_immediate,primary,evaluation,normal,mi_recency,1,3111,0.04515533213987312,0.06860097813518296,0.5191256830601093,0.8148505303760849,0.9006750241080038,0.30742376748453293,0
reserve10,joint_immediate,primary,evaluation,normal,mi_recency,2,3113,0.059177929346806254,0.09382001262588728,0.5223257308062962,0.801798907805975,0.9000963700610344,0.3966597924481435,0
reserve10,joint_immediate,primary,evaluation,normal,mi_recency,3,3113,0.06562839124986028,0.1045302051655915,0.5175072277545776,0.8107934468358496,0.9007388371345969,0.44020627728774236,0
reserve10,joint_immediate,primary,evaluation,normal,mi_recency,4,3113,0.0693897129709582,0.11112506463380227,0.5146161259235464,0.8053324767105686,0.8994539029874719,0.4688931972988929,0
reserve10,joint_immediate,primary,evaluation,normal,multiple_imputation,1,3111,0.04559665110685975,0.06860097813518296,0.6300225008036001,0.8148505303760849,0.8675666988106718,0.2595145656459626,0
reserve10,joint_immediate,primary,evaluation,normal,multiple_imputation,2,3113,0.060262550042477006,0.09382001262588728,0.5592675875361388,0.7664632187600385,0.8400256986829425,0.31299696944928135,0
reserve10,joint_immediate,primary,evaluation,normal,multiple_imputation,3,3113,0.06731324435358663,0.1045302051655915,0.5358175393511082,0.7468679730163829,0.8226790876967556,0.3328123367880498,0
reserve10,joint_immediate,primary,evaluation,normal,multiple_imputation,4,3113,0.0716862803379573,0.11112506463380227,0.5255380661741086,0.734982332155477,0.8082235785415998,0.3457706777350321,0
reserve10,joint_immediate,primary,evaluation,normal,persistence,1,3111,0.06975091471213485,0.12650478564444903,0.5564127290260367,0.859852137576342,0.9459980713596914,0.5512141227230372,0
reserve10,joint_immediate,primary,evaluation,normal,persistence,2,3113,0.10736042198126468,0.21179620447451547,0.5538066174108577,0.8380982974622551,0.9286861548345647,0.7070871021255907,0
reserve10,joint_immediate,primary,evaluation,normal,persistence,3,3113,0.132305650440661,0.27363330967328825,0.5258592997108898,0.8239640218438805,0.9203340828782525,0.8168404908351522,0
reserve10,joint_immediate,primary,evaluation,normal,persistence,4,3113,0.14805107310016108,0.30888000653949255,0.5162222936074526,0.8168968840346932,0.9171217475104401,0.8812252537445217,0
reserve10,joint_immediate,primary,evaluation,normal,physical,1,3111,0.03907050473510002,0.06462650868284732,0.5033751205400193,0.805528768884603,0.9074252651880425,0.3052429601930118,0
reserve10,joint_immediate,primary,evaluation,normal,physical,2,3113,0.05213862047994316,0.08986230285398311,0.5072277545775778,0.8123996145197558,0.9065210407966592,0.40490244589929575,0
reserve10,joint_immediate,primary,evaluation,normal,physical,3,3113,0.0580271874422898,0.10267084460972248,0.5056215868936716,0.8133633151300996,0.9094121426276903,0.43332549183782776,0
reserve10,joint_immediate,primary,evaluation,normal,physical,4,3113,0.061135639275518676,0.11021058209581264,0.504657886283328,0.8107934468358496,0.9078059749437841,0.44184946190216623,0
reserve10,joint_immediate,primary,evaluation,normal,physical_availability,1,3111,0.03906901427049854,0.06462650868284732,0.5027322404371585,0.8068145290903247,0.9064609450337512,0.3064581510816825,0
reserve10,joint_immediate,primary,evaluation,normal,physical_availability,2,3113,0.05214207281146383,0.08986230285398311,0.5094763893350466,0.8095085126887247,0.9074847414070029,0.40575175112799544,0
reserve10,joint_immediate,primary,evaluation,normal,physical_availability,3,3113,0.05803829845502736,0.10267084460972248,0.5049791198201092,0.8111146803726309,0.911660777385159,0.43403578168221824,0
reserve10,joint_immediate,primary,evaluation,normal,physical_availability,4,3113,0.061143459768124554,0.11021058209581264,0.49983938323160937,0.8101509797622872,0.9087696755541278,0.4424159042118717,0
reserve10,joint_immediate,primary,evaluation,normal,physical_recovery,1,3111,0.039058714390854024,0.06462650868284732,0.5069109611057537,0.8090646094503375,0.9080681452909033,0.30767328524128174,0
reserve10,joint_immediate,primary,evaluation,normal,physical_recovery,2,3113,0.05214301895507572,0.08986230285398311,0.5107613234821715,0.8130420815933184,0.9132669450690653,0.40784748781206287,0
reserve10,joint_immediate,primary,evaluation,normal,physical_recovery,3,3113,0.05804464902968979,0.10267084460972248,0.5069065210407967,0.816575650497912,0.9132669450690653,0.43509924170768843,0
reserve10,joint_immediate,primary,evaluation,normal,physical_recovery,4,3113,0.06115439008595121,0.11021058209581264,0.5014455509155156,0.8107934468358496,0.9074847414070029,0.44312001351356767,0
reserve10,joint_immediate,primary,evaluation,normal,previous_day,1,3111,0.10126659853486414,0.15688080866266588,0.48633879781420764,0.7804564448730312,0.8794599807135969,0.6599615232429139,0
reserve10,joint_immediate,primary,evaluation,normal,previous_day,2,3113,0.10136583164239368,0.15782652923402052,0.49630581432701576,0.7847735303565693,0.8846771602955349,0.6763677540993486,0
reserve10,joint_immediate,primary,evaluation,normal,previous_day,3,3113,0.10173164385440293,0.15897992275595427,0.49887568262126564,0.792483135239319,0.8952778670093158,0.6954758525941995,0
reserve10,joint_immediate,primary,evaluation,normal,previous_day,4,3113,0.10272183168853088,0.16059030533491464,0.49791198201092196,0.7956954706071314,0.8949566334725345,0.7062175004003947,0
reserve10,joint_immediate,primary,evaluation,normal,raw,1,3111,0.03942591208009183,0.06462650868284732,0.41305046608807455,0.6997749919639987,0.8514946962391514,0.2887164804412001,0
reserve10,joint_immediate,primary,evaluation,normal,raw,2,3113,0.05289894730678714,0.08986230285398311,0.39190491487311274,0.6810150979762287,0.8226790876967556,0.3787946335252224,0
reserve10,joint_immediate,primary,evaluation,normal,raw,3,3113,0.05896697044873823,0.10267084460972248,0.37423707035014453,0.6710568583360103,0.8207516864760681,0.39937266830621715,0
reserve10,joint_immediate,primary,evaluation,normal,raw,4,3113,0.06208357512106924,0.11021058209581264,0.37680693864439446,0.6659171217475104,0.8194667523289432,0.40480298090922806,0
reserve10,joint_immediate,primary,evaluation,normal,recency,1,3111,0.03918836731388433,0.06462650868284732,0.5036965605914497,0.7994214079074252,0.8993892639022822,0.30111156488302554,0
reserve10,joint_immediate,primary,evaluation,normal,recency,2,3113,0.05234832138983175,0.08986230285398311,0.5075489881143591,0.8011564407324124,0.9000963700610344,0.39996986656710004,0
reserve10,joint_immediate,primary,evaluation,normal,recency,3,3113,0.058234681256650885,0.10267084460972248,0.5020880179890781,0.8037263090266624,0.901060070671378,0.4281225667981705,0
reserve10,joint_immediate,primary,evaluation,normal,recency,4,3113,0.06136052327152507,0.11021058209581264,0.49951814969482816,0.7998715065852875,0.8988114359139094,0.43696013296158925,0
reserve10,joint_immediate,primary,evaluation,normal,rolling,1,3111,0.039200962222936474,0.06462650868284732,0.5053037608486017,0.796849887495982,0.9032465445194471,0.3004415482816459,0
reserve10,joint_immediate,primary,evaluation,normal,rolling,2,3113,0.05236716334685631,0.08986230285398311,0.5075489881143591,0.7998715065852875,0.8994539029874719,0.3997691769355556,0
reserve10,joint_immediate,primary,evaluation,normal,rolling,3,3113,0.05825768648495006,0.10267084460972248,0.5059428204304529,0.801798907805975,0.9017025377449406,0.4282211660251382,0
reserve10,joint_immediate,primary,evaluation,normal,rolling,4,3113,0.06136302566516259,0.11021058209581264,0.49983938323160937,0.8014776742691937,0.9013813042081593,0.4369562615428189,0
reserve10,joint_immediate,primary,evaluation,normal,single_imputation,1,3111,0.04573659111630161,0.06863887135112158,0.6297010607521697,0.8148505303760849,0.8682095789135327,0.2585224221043255,0
reserve10,joint_immediate,primary,evaluation,normal,single_imputation,2,3113,0.06035665018249366,0.09381779199239004,0.55958882107292,0.7674269193703823,0.83938323160938,0.31242736018513606,0
reserve10,joint_immediate,primary,evaluation,normal,single_imputation,3,3113,0.06735945365991416,0.10453229285349186,0.5351750722775458,0.7465467394796017,0.8223578541599743,0.3324021835095693,0
reserve10,joint_immediate,primary,evaluation,normal,single_imputation,4,3113,0.07170839626021851,0.11110652983454453,0.5268230003212335,0.7336973980083521,0.805974943784131,0.34539153631619546,0
reserve10,joint_immediate,primary,evaluation,outage,aci_bounded,1,301,0.06980496334702727,0.1389758663068556,0.5448504983388704,0.840531561461794,0.9435215946843853,0.5227713233954812,47
reserve10,joint_immediate,primary,evaluation,outage,aci_bounded,2,298,0.06820029447425834,0.13752853152221994,0.540268456375839,0.8154362416107382,0.9295302013422819,0.49269503807160137,46
reserve10,joint_immediate,primary,evaluation,outage,aci_bounded,3,297,0.06790992859217915,0.1359482289270497,0.5286195286195287,0.8080808080808081,0.9461279461279462,0.4947859558605946,45
reserve10,joint_immediate,primary,evaluation,outage,aci_bounded,4,297,0.06722661959690054,0.13216526579252993,0.4983164983164983,0.8047138047138047,0.936026936026936,0.48968059403408765,44
reserve10,joint_immediate,primary,evaluation,outage,carry_forward,1,301,0.07534917239998723,0.14051375430643545,0.42857142857142855,0.717607973421927,0.8272425249169435,0.4649178646821881,47
reserve10,joint_immediate,primary,evaluation,outage,carry_forward,2,298,0.06906209335198789,0.13749544376097292,0.4429530201342282,0.7214765100671141,0.8691275167785235,0.4587975314017454,46
reserve10,joint_immediate,primary,evaluation,outage,carry_forward,3,297,0.06806546365279076,0.13421500502282094,0.35353535353535354,0.696969696969697,0.8114478114478114,0.43483522554215953,45
reserve10,joint_immediate,primary,evaluation,outage,carry_forward,4,297,0.06896777082799323,0.13717975482918282,0.3468013468013468,0.6835016835016835,0.8249158249158249,0.4263904863661442,44
reserve10,joint_immediate,primary,evaluation,outage,geometric_persistence,1,301,0.18671380711611907,0.2754548013533605,0.2757475083056478,0.43853820598006643,0.5880398671096345,0.3750937594303075,47
reserve10,joint_immediate,primary,evaluation,outage,geometric_persistence,2,298,0.16049697490357426,0.2815157092120766,0.3624161073825503,0.5838926174496645,0.6812080536912751,0.47218331992513496,46
reserve10,joint_immediate,primary,evaluation,outage,geometric_persistence,3,297,0.13705239806922379,0.27003997926129064,0.42424242424242425,0.6902356902356902,0.7946127946127947,0.5786446981645467,45
reserve10,joint_immediate,primary,evaluation,outage,geometric_persistence,4,297,0.11669346380720041,0.24613287708503992,0.5488215488215489,0.7912457912457912,0.8922558922558923,0.6586027438353587,44
reserve10,joint_immediate,primary,evaluation,outage,mask50,1,301,0.06982252339017654,0.1389758663068556,0.5448504983388704,0.8471760797342193,0.9534883720930233,0.525816370370781,47
reserve10,joint_immediate,primary,evaluation,outage,mask50,2,298,0.06817267433148276,0.13752853152221994,0.5503355704697986,0.8221476510067114,0.9328859060402684,0.49392051275105286,46
reserve10,joint_immediate,primary,evaluation,outage,mask50,3,297,0.06785303699372698,0.1359482289270497,0.5252525252525253,0.8148148148148148,0.9494949494949495,0.4947632514974713,45
reserve10,joint_immediate,primary,evaluation,outage,mask50,4,297,0.0671427353031169,0.13216526579252993,0.49158249158249157,0.8080808080808081,0.9393939393939394,0.4877070654193676,44
reserve10,joint_immediate,primary,evaluation,outage,mi_recency,1,301,0.07544974183442917,0.12727137403259337,0.4219269102990033,0.7774086378737541,0.8903654485049833,0.505916989791794,47
reserve10,joint_immediate,primary,evaluation,outage,mi_recency,2,298,0.07227686661467839,0.12303462192368618,0.4597315436241611,0.7550335570469798,0.9161073825503355,0.499830175080485,46
reserve10,joint_immediate,primary,evaluation,outage,mi_recency,3,297,0.07404452873457779,0.12520215206355179,0.48148148148148145,0.7474747474747475,0.898989898989899,0.498921143426123,45
reserve10,joint_immediate,primary,evaluation,outage,mi_recency,4,297,0.07463544958472039,0.12586882819960296,0.4478114478114478,0.7878787878787878,0.9124579124579124,0.5078129716998726,44
reserve10,joint_immediate,primary,evaluation,outage,multiple_imputation,1,301,0.07524528892644582,0.12727137403259337,0.5415282392026578,0.7906976744186046,0.867109634551495,0.4565328843171002,47
reserve10,joint_immediate,primary,evaluation,outage,multiple_imputation,2,298,0.0727264510042479,0.12303462192368618,0.5100671140939598,0.7449664429530202,0.8557046979865772,0.411424851039306,46
reserve10,joint_immediate,primary,evaluation,outage,multiple_imputation,3,297,0.07567305432970002,0.12520215206355179,0.4983164983164983,0.6767676767676768,0.8013468013468014,0.3904974084484624,45
reserve10,joint_immediate,primary,evaluation,outage,multiple_imputation,4,297,0.07627259313696992,0.12586882819960296,0.48148148148148145,0.6666666666666666,0.8181818181818182,0.3802404346308965,44
reserve10,joint_immediate,primary,evaluation,outage,persistence,1,301,0.2042347746124384,0.316572519475261,0.3122923588039867,0.43853820598006643,0.5681063122923588,0.4230816328340055,47
reserve10,joint_immediate,primary,evaluation,outage,persistence,2,298,0.16186228292889207,0.30176357555878475,0.4228187919463087,0.6006711409395973,0.7046979865771812,0.5451412820519734,46
reserve10,joint_immediate,primary,evaluation,outage,persistence,3,297,0.13256478733249263,0.2730749577516233,0.5151515151515151,0.7306397306397306,0.8282828282828283,0.6409138261522717,45
reserve10,joint_immediate,primary,evaluation,outage,persistence,4,297,0.11601816222979333,0.23817871233164983,0.6397306397306397,0.8383838383838383,0.9158249158249159,0.7047049393232923,44
reserve10,joint_immediate,primary,evaluation,outage,physical,1,301,0.06988940611068174,0.1389758663068556,0.5448504983388704,0.8538205980066446,0.9568106312292359,0.5274411861594676,47
reserve10,joint_immediate,primary,evaluation,outage,physical,2,298,0.06822775180830733,0.13752853152221994,0.5536912751677853,0.8322147651006712,0.9261744966442953,0.49644122309563304,46
reserve10,joint_immediate,primary,evaluation,outage,physical,3,297,0.06789464135786373,0.1359482289270497,0.5353535353535354,0.8316498316498316,0.9494949494949495,0.49741077822970314,45
reserve10,joint_immediate,primary,evaluation,outage,physical,4,297,0.06712818945160903,0.13216526579252993,0.494949494949495,0.8181818181818182,0.9427609427609428,0.49076119611857244,44
reserve10,joint_immediate,primary,evaluation,outage,physical_availability,1,301,0.06985201643113853,0.1389758663068556,0.5382059800664452,0.8372093023255814,0.9435215946843853,0.5227572479205637,47
reserve10,joint_immediate,primary,evaluation,outage,physical_availability,2,298,0.06827398788990907,0.13752853152221994,0.5469798657718121,0.8187919463087249,0.9228187919463087,0.49267216061429814,46
reserve10,joint_immediate,primary,evaluation,outage,physical_availability,3,297,0.06794528909573784,0.1359482289270497,0.5151515151515151,0.835016835016835,0.9461279461279462,0.49344073854283155,45
reserve10,joint_immediate,primary,evaluation,outage,physical_availability,4,297,0.06708320612097134,0.13216526579252993,0.5016835016835017,0.8282828282828283,0.9461279461279462,0.4871810641019252,44
reserve10,joint_immediate,primary,evaluation,outage,physical_recovery,1,301,0.06985201643113853,0.1389758663068556,0.5382059800664452,0.8372093023255814,0.9435215946843853,0.5227572479205637,47
reserve10,joint_immediate,primary,evaluation,outage,physical_recovery,2,298,0.06827398788990907,0.13752853152221994,0.5469798657718121,0.8187919463087249,0.9228187919463087,0.49267216061429814,46
reserve10,joint_immediate,primary,evaluation,outage,physical_recovery,3,297,0.06794528909573784,0.1359482289270497,0.5151515151515151,0.835016835016835,0.9461279461279462,0.49344073854283155,45
reserve10,joint_immediate,primary,evaluation,outage,physical_recovery,4,297,0.06708320612097134,0.13216526579252993,0.5016835016835017,0.8282828282828283,0.9461279461279462,0.4871810641019252,44
reserve10,joint_immediate,primary,evaluation,outage,previous_day,1,301,0.09975009232551076,0.15763426135451272,0.4684385382059801,0.760797342192691,0.8770764119601329,0.6416006580446132,47
reserve10,joint_immediate,primary,evaluation,outage,previous_day,2,298,0.1011843568921459,0.16060154485308803,0.48322147651006714,0.7785234899328859,0.8758389261744967,0.665062843202201,46
reserve10,joint_immediate,primary,evaluation,outage,previous_day,3,297,0.10182802512668493,0.16264500405944363,0.46464646464646464,0.7912457912457912,0.8821548821548821,0.6794921313331727,45
reserve10,joint_immediate,primary,evaluation,outage,previous_day,4,297,0.10002731029235093,0.1595339000964506,0.45791245791245794,0.8013468013468014,0.8922558922558923,0.6828772356611752,44
reserve10,joint_immediate,primary,evaluation,outage,raw,1,301,0.06970846141928175,0.1389758663068556,0.5049833887043189,0.7906976744186046,0.9136212624584718,0.5129707786401817,47
reserve10,joint_immediate,primary,evaluation,outage,raw,2,298,0.06818513594840477,0.13752853152221994,0.4697986577181208,0.7550335570469798,0.8791946308724832,0.4730595609160716,46
reserve10,joint_immediate,primary,evaluation,outage,raw,3,297,0.06764361104782105,0.1359482289270497,0.43097643097643096,0.7239057239057239,0.8888888888888888,0.4665905980348166,45
reserve10,joint_immediate,primary,evaluation,outage,raw,4,297,0.066962611151015,0.13216526579252993,0.42424242424242425,0.7138047138047138,0.8619528619528619,0.4564779858711298,44
reserve10,joint_immediate,primary,evaluation,outage,recency,1,301,0.06984772957104525,0.1389758663068556,0.5448504983388704,0.840531561461794,0.9501661129568106,0.5264847496995819,47
reserve10,joint_immediate,primary,evaluation,outage,recency,2,298,0.06819666863156403,0.13752853152221994,0.5536912751677853,0.8221476510067114,0.9295302013422819,0.49425370602200386,46
reserve10,joint_immediate,primary,evaluation,outage,recency,3,297,0.06789012129475322,0.1359482289270497,0.531986531986532,0.8148148148148148,0.9494949494949495,0.4955473509776878,45
reserve10,joint_immediate,primary,evaluation,outage,recency,4,297,0.0671900295042829,0.13216526579252993,0.4983164983164983,0.8114478114478114,0.9427609427609428,0.48870058017401974,44
reserve10,joint_immediate,primary,evaluation,outage,rolling,1,301,0.06980529467475093,0.1389758663068556,0.5481727574750831,0.840531561461794,0.946843853820598,0.5242567454330345,47
reserve10,joint_immediate,primary,evaluation,outage,rolling,2,298,0.06817045678005555,0.13752853152221994,0.5469798657718121,0.8087248322147651,0.9261744966442953,0.49300237462405494,46
reserve10,joint_immediate,primary,evaluation,outage,rolling,3,297,0.06786254156281496,0.1359482289270497,0.5252525252525253,0.8047138047138047,0.9494949494949495,0.4945400884320005,45
reserve10,joint_immediate,primary,evaluation,outage,rolling,4,297,0.06715077060764638,0.13216526579252993,0.5016835016835017,0.8013468013468014,0.9326599326599326,0.48715470374164266,44
reserve10,joint_immediate,primary,evaluation,outage,single_imputation,1,301,0.08496743506029306,0.12336520109569714,0.4318936877076412,0.5913621262458472,0.6843853820598007,0.26564359141891997,47
reserve10,joint_immediate,primary,evaluation,outage,single_imputation,2,298,0.08015580672641655,0.12270640495485256,0.46308724832214765,0.6208053691275168,0.738255033557047,0.3175599018007508,46
reserve10,joint_immediate,primary,evaluation,outage,single_imputation,3,297,0.08064265270469376,0.1258424949897762,0.4511784511784512,0.6498316498316499,0.7306397306397306,0.33761439961673334,45
reserve10,joint_immediate,primary,evaluation,outage,single_imputation,4,297,0.08126685692991728,0.12748753289273834,0.4444444444444444,0.6599326599326599,0.7676767676767676,0.34861067728359707,44
reserve10,joint_immediate,primary,evaluation,recovery_0_6,aci_bounded,1,135,0.035660055432105174,0.0610886167951651,0.562962962962963,0.8592592592592593,0.9333333333333333,0.30095670609242703,32
reserve10,joint_immediate,primary,evaluation,recovery_0_6,aci_bounded,2,130,0.04575452171206629,0.08715450711732123,0.5230769230769231,0.9153846153846154,0.9692307692307692,0.38909668681410575,31
reserve10,joint_immediate,primary,evaluation,recovery_0_6,aci_bounded,3,125,0.048148234639456354,0.0888818534379826,0.576,0.896,0.968,0.42799590100904505,33
reserve10,joint_immediate,primary,evaluation,recovery_0_6,aci_bounded,4,120,0.0524138515662927,0.1033550308313087,0.45,0.9166666666666666,0.975,0.46064676481720185,29
reserve10,joint_immediate,primary,evaluation,recovery_0_6,carry_forward,1,135,0.037551578312803084,0.06503126813699492,0.45925925925925926,0.8,0.9111111111111111,0.305591130300254,32
reserve10,joint_immediate,primary,evaluation,recovery_0_6,carry_forward,2,130,0.04587452822518825,0.09062949716157342,0.4076923076923077,0.7692307692307693,0.9153846153846154,0.3713893906374667,31
reserve10,joint_immediate,primary,evaluation,recovery_0_6,carry_forward,3,125,0.04946812475418693,0.0944053490667668,0.4,0.816,0.912,0.3995428603451632,33
reserve10,joint_immediate,primary,evaluation,recovery_0_6,carry_forward,4,120,0.052469933777441496,0.10087937852825751,0.3333333333333333,0.7583333333333333,0.9083333333333333,0.42525417966531,29
reserve10,joint_immediate,primary,evaluation,recovery_0_6,geometric_persistence,1,135,0.05105054148850704,0.0816466890271019,0.4666666666666667,0.8296296296296296,0.9407407407407408,0.47883961304741324,32
reserve10,joint_immediate,primary,evaluation,recovery_0_6,geometric_persistence,2,130,0.0735687181971726,0.13080201721872617,0.4846153846153846,0.8307692307692308,0.9230769230769231,0.5976527433927358,31
reserve10,joint_immediate,primary,evaluation,recovery_0_6,geometric_persistence,3,125,0.0913533727764113,0.16534079117515987,0.528,0.816,0.92,0.6991335747559405,33
reserve10,joint_immediate,primary,evaluation,recovery_0_6,geometric_persistence,4,120,0.10409355037129622,0.1928065239104004,0.6,0.8583333333333333,0.95,0.7916790620234657,29
reserve10,joint_immediate,primary,evaluation,recovery_0_6,mask50,1,135,0.03563483644757433,0.0610886167951651,0.5777777777777777,0.8666666666666667,0.9407407407407408,0.3066968705359374,32
reserve10,joint_immediate,primary,evaluation,recovery_0_6,mask50,2,130,0.045679594061209826,0.08715450711732123,0.5384615384615384,0.9076923076923077,0.9692307692307692,0.3901806635026944,31
reserve10,joint_immediate,primary,evaluation,recovery_0_6,mask50,3,125,0.048120877428087974,0.0888818534379826,0.568,0.896,0.976,0.4288966144357337,33
reserve10,joint_immediate,primary,evaluation,recovery_0_6,mask50,4,120,0.05229488142011354,0.1033550308313087,0.475,0.9333333333333333,0.975,0.4584378789387744,29
reserve10,joint_immediate,primary,evaluation,recovery_0_6,mi_recency,1,135,0.042803653718149405,0.06540766787959613,0.5259259259259259,0.8148148148148148,0.8962962962962963,0.3129271072203863,32
reserve10,joint_immediate,primary,evaluation,recovery_0_6,mi_recency,2,130,0.05175264141417776,0.08834067585157834,0.46153846153846156,0.8,0.9230769230769231,0.40439786044266646,31
reserve10,joint_immediate,primary,evaluation,recovery_0_6,mi_recency,3,125,0.05293002958730083,0.09092478391569188,0.536,0.808,0.96,0.4520457307538511,33
reserve10,joint_immediate,primary,evaluation,recovery_0_6,mi_recency,4,120,0.05784324576476025,0.10174229216112608,0.5166666666666667,0.8,0.9666666666666667,0.49442834420622295,29
reserve10,joint_immediate,primary,evaluation,recovery_0_6,multiple_imputation,1,135,0.043470034455833195,0.06540766787959613,0.6370370370370371,0.8148148148148148,0.8592592592592593,0.2586940220850369,32
reserve10,joint_immediate,primary,evaluation,recovery_0_6,multiple_imputation,2,130,0.05295063503405106,0.08834067585157834,0.5230769230769231,0.7692307692307693,0.8307692307692308,0.3111868918801814,31
reserve10,joint_immediate,primary,evaluation,recovery_0_6,multiple_imputation,3,125,0.053298740947528234,0.09092478391569188,0.584,0.744,0.864,0.33158884513194214,33
reserve10,joint_immediate,primary,evaluation,recovery_0_6,multiple_imputation,4,120,0.05929926624551227,0.10174229216112608,0.5583333333333333,0.7,0.8333333333333334,0.3506774429829385,29
reserve10,joint_immediate,primary,evaluation,recovery_0_6,persistence,1,135,0.06794948196912792,0.12797210972993828,0.4962962962962963,0.8740740740740741,0.9629629629629629,0.5569092446469907,32
reserve10,joint_immediate,primary,evaluation,recovery_0_6,persistence,2,130,0.10372066658204555,0.21177647754464285,0.5692307692307692,0.8538461538461538,0.9384615384615385,0.7075938045112178,31
reserve10,joint_immediate,primary,evaluation,recovery_0_6,persistence,3,125,0.12423035612377975,0.2585699932904762,0.552,0.832,0.944,0.8042110014336308,33
reserve10,joint_immediate,primary,evaluation,recovery_0_6,persistence,4,120,0.13555770590138266,0.2757189005282738,0.5833333333333334,0.85,0.925,0.8749423311408727,29
reserve10,joint_immediate,primary,evaluation,recovery_0_6,physical,1,135,0.03561694050380941,0.0610886167951651,0.5555555555555556,0.8740740740740741,0.9333333333333333,0.3082319344635126,32
reserve10,joint_immediate,primary,evaluation,recovery_0_6,physical,2,130,0.04589737728962618,0.08715450711732123,0.5461538461538461,0.8923076923076924,0.9769230769230769,0.3956478914389617,31
reserve10,joint_immediate,primary,evaluation,recovery_0_6,physical,3,125,0.04839479816134892,0.0888818534379826,0.56,0.896,0.976,0.43273543621589433,33
reserve10,joint_immediate,primary,evaluation,recovery_0_6,physical,4,120,0.052632593172246535,0.1033550308313087,0.49166666666666664,0.925,0.975,0.4631698560595233,29
reserve10,joint_immediate,primary,evaluation,recovery_0_6,physical_availability,1,135,0.035614803295645904,0.0610886167951651,0.562962962962963,0.8666666666666667,0.9333333333333333,0.30926581957540517,32
reserve10,joint_immediate,primary,evaluation,recovery_0_6,physical_availability,2,130,0.0458299136077643,0.08715450711732123,0.5461538461538461,0.8923076923076924,0.9769230769230769,0.3959849107858398,31
reserve10,joint_immediate,primary,evaluation,recovery_0_6,physical_availability,3,125,0.04835400257047886,0.0888818534379826,0.568,0.896,0.976,0.43309731034347954,33
reserve10,joint_immediate,primary,evaluation,recovery_0_6,physical_availability,4,120,0.05254456719048424,0.1033550308313087,0.5,0.95,0.975,0.4632115257966633,29
reserve10,joint_immediate,primary,evaluation,recovery_0_6,physical_recovery,1,135,0.0356379136471726,0.0610886167951651,0.562962962962963,0.8592592592592593,0.9333333333333333,0.30742520774697346,32
reserve10,joint_immediate,primary,evaluation,recovery_0_6,physical_recovery,2,130,0.04568467092752296,0.08715450711732123,0.5384615384615384,0.9076923076923077,0.9692307692307692,0.39016449656965196,31
reserve10,joint_immediate,primary,evaluation,recovery_0_6,physical_recovery,3,125,0.048126214399268334,0.0888818534379826,0.536,0.88,0.976,0.4292320721655905,33
reserve10,joint_immediate,primary,evaluation,recovery_0_6,physical_recovery,4,120,0.052386423606299234,0.1033550308313087,0.49166666666666664,0.925,0.975,0.4586304993356922,29
reserve10,joint_immediate,primary,evaluation,recovery_0_6,previous_day,1,135,0.08157356003109016,0.12655746951609345,0.48148148148148145,0.8518518518518519,0.8962962962962963,0.6172774459102182,32
reserve10,joint_immediate,primary,evaluation,recovery_0_6,previous_day,2,130,0.07532748755450352,0.11631239618246336,0.5,0.8615384615384616,0.9230769230769231,0.6398702435634157,31
reserve10,joint_immediate,primary,evaluation,recovery_0_6,previous_day,3,125,0.06928599000692176,0.10501287160238094,0.504,0.888,0.968,0.6829138215809522,33
reserve10,joint_immediate,primary,evaluation,recovery_0_6,previous_day,4,120,0.07841423643443522,0.1191525891313244,0.5,0.875,0.9666666666666667,0.7298181836011904,29
reserve10,joint_immediate,primary,evaluation,recovery_0_6,raw,1,135,0.035501027198958986,0.0610886167951651,0.5037037037037037,0.7777777777777778,0.9185185185185185,0.2900383459387183,32
reserve10,joint_immediate,primary,evaluation,recovery_0_6,raw,2,130,0.045350351573396064,0.08715450711732123,0.38461538461538464,0.7846153846153846,0.9307692307692308,0.3680521100968481,31
reserve10,joint_immediate,primary,evaluation,recovery_0_6,raw,3,125,0.047706846807891605,0.0888818534379826,0.408,0.784,0.92,0.39885231850380054,33
reserve10,joint_immediate,primary,evaluation,recovery_0_6,raw,4,120,0.052054024560742665,0.1033550308313087,0.30833333333333335,0.7416666666666667,0.8916666666666667,0.4241662772490603,29
reserve10,joint_immediate,primary,evaluation,recovery_0_6,recency,1,135,0.035630229342300375,0.0610886167951651,0.5555555555555556,0.8592592592592593,0.9333333333333333,0.3042252999027162,32
reserve10,joint_immediate,primary,evaluation,recovery_0_6,recency,2,130,0.045725722979940965,0.08715450711732123,0.5461538461538461,0.9076923076923077,0.9692307692307692,0.3895882510866381,31
reserve10,joint_immediate,primary,evaluation,recovery_0_6,recency,3,125,0.04803603729834774,0.0888818534379826,0.568,0.896,0.968,0.4272020550545134,33
reserve10,joint_immediate,primary,evaluation,recovery_0_6,recency,4,120,0.05231313731077307,0.1033550308313087,0.4583333333333333,0.9083333333333333,0.9666666666666667,0.458164953366103,29
reserve10,joint_immediate,primary,evaluation,recovery_0_6,rolling,1,135,0.035662300149128176,0.0610886167951651,0.562962962962963,0.8592592592592593,0.9333333333333333,0.30288437672121854,32
reserve10,joint_immediate,primary,evaluation,recovery_0_6,rolling,2,130,0.04579861774261927,0.08715450711732123,0.5076923076923077,0.9153846153846154,0.9692307692307692,0.3900691069315861,31
reserve10,joint_immediate,primary,evaluation,recovery_0_6,rolling,3,125,0.04816232810246814,0.0888818534379826,0.568,0.896,0.968,0.42788741822696635,33
reserve10,joint_immediate,primary,evaluation,recovery_0_6,rolling,4,120,0.05232656084080267,0.1033550308313087,0.4666666666666667,0.9083333333333333,0.975,0.4581080173920268,29
reserve10,joint_immediate,primary,evaluation,recovery_0_6,single_imputation,1,135,0.04343570697193175,0.0653719081852249,0.6370370370370371,0.8148148148148148,0.8592592592592593,0.25868822142350884,32
reserve10,joint_immediate,primary,evaluation,recovery_0_6,single_imputation,2,130,0.052940335333318725,0.08827817355166663,0.5230769230769231,0.7692307692307693,0.8307692307692308,0.3111152200727439,31
reserve10,joint_immediate,primary,evaluation,recovery_0_6,single_imputation,3,125,0.05341373321271182,0.09104217839028583,0.584,0.744,0.856,0.33142618025543163,33
reserve10,joint_immediate,primary,evaluation,recovery_0_6,single_imputation,4,120,0.05929480581425171,0.10172910813258075,0.5583333333333333,0.7,0.8333333333333334,0.3506546846912899,29
reserve10,joint_immediate,primary,evaluation,recovery_6_24,aci_bounded,1,412,0.037450854588595754,0.05866703115109794,0.46601941747572817,0.7888349514563107,0.8786407766990292,0.3060036069541112,45
reserve10,joint_immediate,primary,evaluation,recovery_6_24,aci_bounded,2,418,0.053748917271730354,0.08961226703412552,0.48086124401913877,0.7727272727272727,0.8755980861244019,0.4068832070265052,45
reserve10,joint_immediate,primary,evaluation,recovery_6_24,aci_bounded,3,424,0.060591655619419746,0.10582274001577409,0.4858490566037736,0.7523584905660378,0.8584905660377359,0.4298820726684412,45
reserve10,joint_immediate,primary,evaluation,recovery_6_24,aci_bounded,4,429,0.06272317805548674,0.10911590758061598,0.5128205128205128,0.7762237762237763,0.8624708624708625,0.436173729651114,45
reserve10,joint_immediate,primary,evaluation,recovery_6_24,carry_forward,1,412,0.03975941902670152,0.06159080142392368,0.42718446601941745,0.6844660194174758,0.8106796116504854,0.32519009570375945,45
reserve10,joint_immediate,primary,evaluation,recovery_6_24,carry_forward,2,418,0.055544358382022464,0.09195465232364729,0.38516746411483255,0.6363636363636364,0.8038277511961722,0.3918349716823984,45
reserve10,joint_immediate,primary,evaluation,recovery_6_24,carry_forward,3,424,0.06233266263784493,0.10735038264366731,0.3608490566037736,0.6533018867924528,0.7617924528301887,0.4028888737327044,45
reserve10,joint_immediate,primary,evaluation,recovery_6_24,carry_forward,4,429,0.06405884035553897,0.10980605935908952,0.38461538461538464,0.6666666666666666,0.7738927738927739,0.401641300529234,45
reserve10,joint_immediate,primary,evaluation,recovery_6_24,geometric_persistence,1,412,0.047858060223875155,0.0743530725338834,0.5606796116504854,0.8689320388349514,0.9514563106796117,0.47600389813064375,45
reserve10,joint_immediate,primary,evaluation,recovery_6_24,geometric_persistence,2,418,0.07489649601484244,0.1261659661893705,0.5598086124401914,0.8588516746411483,0.9473684210526315,0.5955189043325331,45
reserve10,joint_immediate,primary,evaluation,recovery_6_24,geometric_persistence,3,424,0.09665516414151358,0.17058660626138977,0.5400943396226415,0.8514150943396226,0.9363207547169812,0.7084234493112497,45
reserve10,joint_immediate,primary,evaluation,recovery_6_24,geometric_persistence,4,429,0.11392239668796551,0.21078772714632396,0.5431235431235432,0.8251748251748252,0.9207459207459208,0.7659070021533617,45
reserve10,joint_immediate,primary,evaluation,recovery_6_24,mask50,1,412,0.03741879221409962,0.05866703115109794,0.470873786407767,0.7936893203883495,0.8883495145631068,0.3108670658536985,45
reserve10,joint_immediate,primary,evaluation,recovery_6_24,mask50,2,418,0.053678350233272325,0.08961226703412552,0.49282296650717705,0.7727272727272727,0.8899521531100478,0.4101850264798467,45
reserve10,joint_immediate,primary,evaluation,recovery_6_24,mask50,3,424,0.06061522345101655,0.10582274001577409,0.5023584905660378,0.7523584905660378,0.8537735849056604,0.4323893511689115,45
reserve10,joint_immediate,primary,evaluation,recovery_6_24,mask50,4,429,0.06278206331543018,0.10911590758061598,0.5221445221445221,0.7715617715617715,0.8554778554778555,0.43617479762529987,45
reserve10,joint_immediate,primary,evaluation,recovery_6_24,mi_recency,1,412,0.04176555919931385,0.06557965847023521,0.5242718446601942,0.808252427184466,0.9150485436893204,0.3068326136731878,45
reserve10,joint_immediate,primary,evaluation,recovery_6_24,mi_recency,2,418,0.06043550201022437,0.0975244231642605,0.49521531100478466,0.7870813397129187,0.8875598086124402,0.3965834602868196,45
reserve10,joint_immediate,primary,evaluation,recovery_6_24,mi_recency,3,424,0.06736583221849346,0.10913890274825942,0.4882075471698113,0.785377358490566,0.8962264150943396,0.43798744071976053,45
reserve10,joint_immediate,primary,evaluation,recovery_6_24,mi_recency,4,429,0.07243558288697674,0.11788706294357659,0.4662004662004662,0.7948717948717948,0.8857808857808858,0.467203137632067,45
reserve10,joint_immediate,primary,evaluation,recovery_6_24,multiple_imputation,1,412,0.04181741834470658,0.06557965847023521,0.6213592233009708,0.808252427184466,0.8689320388349514,0.2586875581718624,45
reserve10,joint_immediate,primary,evaluation,recovery_6_24,multiple_imputation,2,418,0.061406423818631393,0.0975244231642605,0.5191387559808612,0.7535885167464115,0.8181818181818182,0.31185613949119056,45
reserve10,joint_immediate,primary,evaluation,recovery_6_24,multiple_imputation,3,424,0.06929175965796139,0.10913890274825942,0.5094339622641509,0.7216981132075472,0.8042452830188679,0.32950211699752374,45
reserve10,joint_immediate,primary,evaluation,recovery_6_24,multiple_imputation,4,429,0.07497046702194247,0.11788706294357659,0.4731934731934732,0.710955710955711,0.8111888111888111,0.34030012280181515,45
reserve10,joint_immediate,primary,evaluation,recovery_6_24,persistence,1,412,0.066104770750113,0.12024420632837782,0.5679611650485437,0.8470873786407767,0.9563106796116505,0.5498826795572013,45
reserve10,joint_immediate,primary,evaluation,recovery_6_24,persistence,2,418,0.10470908125811688,0.20670912339584754,0.5454545454545454,0.8325358851674641,0.9401913875598086,0.7108883443146216,45
reserve10,joint_immediate,primary,evaluation,recovery_6_24,persistence,3,424,0.13183392710182046,0.2717629968620142,0.5259433962264151,0.8113207547169812,0.9221698113207547,0.8227314636824916,45
reserve10,joint_immediate,primary,evaluation,recovery_6_24,persistence,4,429,0.14930978481162563,0.31488990357593794,0.5128205128205128,0.7948717948717948,0.916083916083916,0.8855517845199938,45
reserve10,joint_immediate,primary,evaluation,recovery_6_24,physical,1,412,0.037309942795092796,0.05866703115109794,0.46601941747572817,0.7936893203883495,0.8932038834951457,0.31229179531426465,45
reserve10,joint_immediate,primary,evaluation,recovery_6_24,physical,2,418,0.05368640745123405,0.08961226703412552,0.5119617224880383,0.7870813397129187,0.8923444976076556,0.41283659881444484,45
reserve10,joint_immediate,primary,evaluation,recovery_6_24,physical,3,424,0.060549731528344856,0.10582274001577409,0.49056603773584906,0.7712264150943396,0.8608490566037735,0.4347559499487457,45
reserve10,joint_immediate,primary,evaluation,recovery_6_24,physical,4,429,0.06276507580368378,0.10911590758061598,0.5268065268065268,0.7855477855477856,0.8648018648018648,0.43939407856724555,45
reserve10,joint_immediate,primary,evaluation,recovery_6_24,physical_availability,1,412,0.037313706254493983,0.05866703115109794,0.4684466019417476,0.7936893203883495,0.9029126213592233,0.31453160993514495,45
reserve10,joint_immediate,primary,evaluation,recovery_6_24,physical_availability,2,418,0.053614210454801386,0.08961226703412552,0.507177033492823,0.7870813397129187,0.8923444976076556,0.41375990689284914,45
reserve10,joint_immediate,primary,evaluation,recovery_6_24,physical_availability,3,424,0.060535192183202025,0.10582274001577409,0.4882075471698113,0.7641509433962265,0.8608490566037735,0.4357648013494567,45
reserve10,joint_immediate,primary,evaluation,recovery_6_24,physical_availability,4,429,0.0627747834396251,0.10911590758061598,0.5244755244755245,0.7738927738927739,0.8578088578088578,0.44001101826333,45
reserve10,joint_immediate,primary,evaluation,recovery_6_24,physical_recovery,1,412,0.03733177162593014,0.05866703115109794,0.470873786407767,0.7912621359223301,0.9029126213592233,0.31355696459651516,45
reserve10,joint_immediate,primary,evaluation,recovery_6_24,physical_recovery,2,418,0.053674828011573854,0.08961226703412552,0.5143540669856459,0.7822966507177034,0.8995215311004785,0.413174221679078,45
reserve10,joint_immediate,primary,evaluation,recovery_6_24,physical_recovery,3,424,0.060646249303550684,0.10582274001577409,0.5,0.7641509433962265,0.8608490566037735,0.4359629806706043,45
reserve10,joint_immediate,primary,evaluation,recovery_6_24,physical_recovery,4,429,0.06294296474604119,0.10911590758061598,0.5291375291375291,0.7832167832167832,0.8601398601398601,0.4416291451337602,45
reserve10,joint_immediate,primary,evaluation,recovery_6_24,previous_day,1,412,0.10889419761871248,0.17085990525384304,0.47572815533980584,0.7378640776699029,0.8567961165048543,0.6483746871175919,45
reserve10,joint_immediate,primary,evaluation,recovery_6_24,previous_day,2,418,0.1113325220564258,0.17616352324775003,0.4665071770334928,0.7583732057416268,0.8588516746411483,0.6641296965009291,45
reserve10,joint_immediate,primary,evaluation,recovery_6_24,previous_day,3,424,0.11158866463022739,0.17707823268966194,0.47877358490566035,0.7617924528301887,0.8679245283018868,0.6789999697656949,45
reserve10,joint_immediate,primary,evaluation,recovery_6_24,previous_day,4,429,0.10880090048532816,0.1723175940805722,0.4825174825174825,0.7715617715617715,0.8741258741258742,0.6820275534146408,45
reserve10,joint_immediate,primary,evaluation,recovery_6_24,raw,1,412,0.037618788361641196,0.05866703115109794,0.38349514563106796,0.6723300970873787,0.8446601941747572,0.2963682838930496,45
reserve10,joint_immediate,primary,evaluation,recovery_6_24,raw,2,418,0.054269584392060144,0.08961226703412552,0.37559808612440193,0.6626794258373205,0.7966507177033493,0.3871182371561597,45
reserve10,joint_immediate,primary,evaluation,recovery_6_24,raw,3,424,0.06149160144973542,0.10582274001577409,0.37028301886792453,0.6533018867924528,0.7759433962264151,0.4019626408788276,45
reserve10,joint_immediate,primary,evaluation,recovery_6_24,raw,4,429,0.06363274409906566,0.10911590758061598,0.3752913752913753,0.6503496503496503,0.7785547785547785,0.40243093017785975,45
reserve10,joint_immediate,primary,evaluation,recovery_6_24,recency,1,412,0.037444901063530864,0.05866703115109794,0.46601941747572817,0.7815533980582524,0.883495145631068,0.3083111573887979,45
reserve10,joint_immediate,primary,evaluation,recovery_6_24,recency,2,418,0.05375666720507949,0.08961226703412552,0.49521531100478466,0.7799043062200957,0.8803827751196173,0.4077365126532224,45
reserve10,joint_immediate,primary,evaluation,recovery_6_24,recency,3,424,0.060653091621412886,0.10582274001577409,0.49292452830188677,0.7523584905660378,0.8514150943396226,0.4305180030859151,45
reserve10,joint_immediate,primary,evaluation,recovery_6_24,recency,4,429,0.06284166549747418,0.10911590758061598,0.5198135198135199,0.7785547785547785,0.8484848484848485,0.4341742414132409,45
reserve10,joint_immediate,primary,evaluation,recovery_6_24,rolling,1,412,0.037440277626458414,0.05866703115109794,0.4684466019417476,0.7864077669902912,0.8859223300970874,0.30791167489778964,45
reserve10,joint_immediate,primary,evaluation,recovery_6_24,rolling,2,418,0.05374414838402974,0.08961226703412552,0.49282296650717705,0.7799043062200957,0.8732057416267942,0.4073224057859698,45
reserve10,joint_immediate,primary,evaluation,recovery_6_24,rolling,3,424,0.060565964758368514,0.10582274001577409,0.49528301886792453,0.7594339622641509,0.8537735849056604,0.4298204554389556,45
reserve10,joint_immediate,primary,evaluation,recovery_6_24,rolling,4,429,0.06276684066478713,0.10911590758061598,0.5198135198135199,0.7692307692307693,0.8531468531468531,0.43291652551050475,45
reserve10,joint_immediate,primary,evaluation,recovery_6_24,single_imputation,1,412,0.04182613312211397,0.06558872873315712,0.6213592233009708,0.808252427184466,0.8689320388349514,0.25857578253078434,45
reserve10,joint_immediate,primary,evaluation,recovery_6_24,single_imputation,2,418,0.061404789160299726,0.09752172286594565,0.5191387559808612,0.7535885167464115,0.8181818181818182,0.3118410954956582,45
reserve10,joint_immediate,primary,evaluation,recovery_6_24,single_imputation,3,424,0.06928233889656647,0.10912670508871272,0.5094339622641509,0.7216981132075472,0.8042452830188679,0.32947537326390913,45
reserve10,joint_immediate,primary,evaluation,recovery_6_24,single_imputation,4,429,0.07495718545032302,0.11786689077170862,0.4731934731934732,0.710955710955711,0.8111888111888111,0.34028894522628084,45
reserve10,joint_immediate,primary,warmup,normal,aci_bounded,1,220,0.042003400090691485,0.06723836438626632,0.4590909090909091,0.740909090909091,0.8818181818181818,0.33254227418327614,0
reserve10,joint_immediate,primary,warmup,normal,aci_bounded,2,220,0.060936225425681764,0.10395639449483692,0.43636363636363634,0.7272727272727273,0.8727272727272727,0.4787616961545353,0
reserve10,joint_immediate,primary,warmup,normal,aci_bounded,3,221,0.07131328631505165,0.12863576657347217,0.4796380090497738,0.7647058823529411,0.8733031674208145,0.5028814282562465,0
reserve10,joint_immediate,primary,warmup,normal,aci_bounded,4,222,0.0759851581427666,0.1404906986458725,0.4954954954954955,0.7252252252252253,0.8288288288288288,0.5089796451636279,0
reserve10,joint_immediate,primary,warmup,normal,carry_forward,1,220,0.046283793324978346,0.0720274909689731,0.40454545454545454,0.7045454545454546,0.8772727272727273,0.3898676221442182,0
reserve10,joint_immediate,primary,warmup,normal,carry_forward,2,220,0.063078805841058,0.1065065692841127,0.33181818181818185,0.6409090909090909,0.8363636363636363,0.4738405424556916,0
reserve10,joint_immediate,primary,warmup,normal,carry_forward,3,221,0.07209553125160287,0.12349772760561249,0.3393665158371041,0.6244343891402715,0.7873303167420814,0.4898872530916992,0
reserve10,joint_immediate,primary,warmup,normal,carry_forward,4,222,0.07600816531888642,0.13493154537244656,0.34684684684684686,0.6216216216216216,0.7657657657657657,0.4935258321924975,0
reserve10,joint_immediate,primary,warmup,normal,geometric_persistence,1,220,0.05280543816976869,0.08212385934489862,0.45,0.8090909090909091,0.8863636363636364,0.37023515550771785,0
reserve10,joint_immediate,primary,warmup,normal,geometric_persistence,2,220,0.08063739219003098,0.13226837520964096,0.4863636363636364,0.7909090909090909,0.8818181818181818,0.513909701446525,0
reserve10,joint_immediate,primary,warmup,normal,geometric_persistence,3,221,0.09912279554715844,0.17525192216595467,0.45248868778280543,0.7782805429864253,0.8959276018099548,0.6297290098674387,0
reserve10,joint_immediate,primary,warmup,normal,geometric_persistence,4,222,0.11628328115953623,0.21808406331777672,0.45495495495495497,0.7702702702702703,0.8828828828828829,0.6758956913174107,0
reserve10,joint_immediate,primary,warmup,normal,mask50,1,220,0.04200761633185861,0.06723836438626632,0.4681818181818182,0.740909090909091,0.8863636363636364,0.3348857423401136,0
reserve10,joint_immediate,primary,warmup,normal,mask50,2,220,0.060967750851267155,0.10395639449483692,0.43636363636363634,0.7272727272727273,0.8818181818181818,0.48289291332193884,0
reserve10,joint_immediate,primary,warmup,normal,mask50,3,221,0.07135173107223645,0.12863576657347217,0.4660633484162896,0.746606334841629,0.8733031674208145,0.5050658582635671,0
reserve10,joint_immediate,primary,warmup,normal,mask50,4,222,0.07603155138958738,0.1404906986458725,0.481981981981982,0.7162162162162162,0.8198198198198198,0.5107341009349877,0
reserve10,joint_immediate,primary,warmup,normal,mi_recency,1,220,0.04698498091064241,0.07503835448996134,0.5909090909090909,0.8136363636363636,0.8954545454545455,0.3051308315511713,0
reserve10,joint_immediate,primary,warmup,normal,mi_recency,2,220,0.06278120177067531,0.10624741074421575,0.5181818181818182,0.8136363636363636,0.8818181818181818,0.41526757686681387,0
reserve10,joint_immediate,primary,warmup,normal,mi_recency,3,221,0.07261004565734737,0.12465127721251913,0.5067873303167421,0.7828054298642534,0.8914027149321267,0.49711658579582685,0
reserve10,joint_immediate,primary,warmup,normal,mi_recency,4,222,0.07872181021807949,0.13643493083233915,0.5225225225225225,0.7702702702702703,0.8873873873873874,0.5200999904942352,0
reserve10,joint_immediate,primary,warmup,normal,multiple_imputation,1,220,0.04731426827018763,0.07503835448996134,0.5954545454545455,0.7954545454545454,0.85,0.2539041425600869,0
reserve10,joint_immediate,primary,warmup,normal,multiple_imputation,2,220,0.06443478100848164,0.10624741074421575,0.4590909090909091,0.6909090909090909,0.8136363636363636,0.30963237364255275,0
reserve10,joint_immediate,primary,warmup,normal,multiple_imputation,3,221,0.07562801001544651,0.12465127721251913,0.3891402714932127,0.665158371040724,0.7828054298642534,0.33152793999023594,0
reserve10,joint_immediate,primary,warmup,normal,multiple_imputation,4,222,0.08261549826262335,0.13643493083233915,0.3738738738738739,0.6261261261261262,0.7477477477477478,0.34995629555983965,0
reserve10,joint_immediate,primary,warmup,normal,persistence,1,220,0.07311435320776805,0.1282073105790043,0.5681818181818182,0.8045454545454546,0.9136363636363637,0.46144644685352404,0
reserve10,joint_immediate,primary,warmup,normal,persistence,2,220,0.10895671172173585,0.20823266878787877,0.5409090909090909,0.8136363636363636,0.8636363636363636,0.6470390988460497,0
reserve10,joint_immediate,primary,warmup,normal,persistence,3,221,0.13148051223344387,0.2654381621114792,0.502262443438914,0.7828054298642534,0.8733031674208145,0.7478635598741179,0
reserve10,joint_immediate,primary,warmup,normal,persistence,4,222,0.1418049735615103,0.300916808600118,0.481981981981982,0.8063063063063063,0.8783783783783784,0.7903364733396343,0
reserve10,joint_immediate,primary,warmup,normal,physical,1,220,0.04199866809394026,0.06723836438626632,0.4727272727272727,0.7545454545454545,0.8863636363636364,0.3371659738210647,0
reserve10,joint_immediate,primary,warmup,normal,physical,2,220,0.06089388907804559,0.10395639449483692,0.4409090909090909,0.7272727272727273,0.8909090909090909,0.48401319729160097,0
reserve10,joint_immediate,primary,warmup,normal,physical,3,221,0.0712735318173436,0.12863576657347217,0.4796380090497738,0.7647058823529411,0.8733031674208145,0.5065120103823105,0
reserve10,joint_immediate,primary,warmup,normal,physical,4,222,0.07603150984055798,0.1404906986458725,0.4864864864864865,0.7432432432432432,0.8378378378378378,0.5131427940406222,0
reserve10,joint_immediate,primary,warmup,normal,physical_availability,1,220,0.04200933570268271,0.06723836438626632,0.4681818181818182,0.759090909090909,0.8909090909090909,0.3390409526338525,0
reserve10,joint_immediate,primary,warmup,normal,physical_availability,2,220,0.060929539734750626,0.10395639449483692,0.42727272727272725,0.7318181818181818,0.8909090909090909,0.48540387094870785,0
reserve10,joint_immediate,primary,warmup,normal,physical_availability,3,221,0.0713230475867875,0.12863576657347217,0.47058823529411764,0.7601809954751131,0.8642533936651584,0.5082918000226256,0
reserve10,joint_immediate,primary,warmup,normal,physical_availability,4,222,0.07610767847302663,0.1404906986458725,0.4774774774774775,0.7252252252252253,0.8333333333333334,0.5139405698640142,0
reserve10,joint_immediate,primary,warmup,normal,physical_recovery,1,220,0.04202379069902858,0.06723836438626632,0.4727272727272727,0.7636363636363637,0.8954545454545455,0.3415356452431354,0
reserve10,joint_immediate,primary,warmup,normal,physical_recovery,2,220,0.06091136838323629,0.10395639449483692,0.45,0.7272727272727273,0.8909090909090909,0.48504481720407283,0
reserve10,joint_immediate,primary,warmup,normal,physical_recovery,3,221,0.07134513978061553,0.12863576657347217,0.45701357466063347,0.746606334841629,0.8642533936651584,0.5064463321155077,0
reserve10,joint_immediate,primary,warmup,normal,physical_recovery,4,222,0.0761167580524919,0.1404906986458725,0.4774774774774775,0.7207207207207207,0.8198198198198198,0.5161073205577932,0
reserve10,joint_immediate,primary,warmup,normal,previous_day,1,220,0.1110356295515398,0.1687831453652597,0.32727272727272727,0.6681818181818182,0.8318181818181818,0.5509150182912269,0
reserve10,joint_immediate,primary,warmup,normal,previous_day,2,220,0.10946512129103132,0.1672442015029762,0.33636363636363636,0.6909090909090909,0.8409090909090909,0.571182169687669,0
reserve10,joint_immediate,primary,warmup,normal,previous_day,3,221,0.10847259057524933,0.1666583324929972,0.334841628959276,0.7013574660633484,0.8597285067873304,0.5906799123915911,0
reserve10,joint_immediate,primary,warmup,normal,previous_day,4,222,0.10839541721008955,0.16726133875382077,0.3333333333333333,0.7162162162162162,0.8603603603603603,0.5998052703312687,0
reserve10,joint_immediate,primary,warmup,normal,raw,1,220,0.04211563604903419,0.06723836438626632,0.38181818181818183,0.6863636363636364,0.8681818181818182,0.3271313891430648,0
reserve10,joint_immediate,primary,warmup,normal,raw,2,220,0.0614218321947888,0.10395639449483692,0.3181818181818182,0.5818181818181818,0.8272727272727273,0.4689763912943176,0
reserve10,joint_immediate,primary,warmup,normal,raw,3,221,0.07191860829642455,0.12863576657347217,0.3665158371040724,0.5882352941176471,0.7828054298642534,0.4814962238541265,0
reserve10,joint_immediate,primary,warmup,normal,raw,4,222,0.07665839499975012,0.1404906986458725,0.3918918918918919,0.5720720720720721,0.7657657657657657,0.48823551798359094,0
reserve10,joint_immediate,primary,warmup,normal,recency,1,220,0.04200633191312016,0.06723836438626632,0.4636363636363636,0.7454545454545455,0.8818181818181818,0.3335879797274123,0
reserve10,joint_immediate,primary,warmup,normal,recency,2,220,0.06097193591597052,0.10395639449483692,0.43636363636363634,0.7227272727272728,0.8772727272727273,0.48021024434104,0
reserve10,joint_immediate,primary,warmup,normal,recency,3,221,0.07130266013883826,0.12863576657347217,0.47058823529411764,0.755656108597285,0.8733031674208145,0.5029400073420724,0
reserve10,joint_immediate,primary,warmup,normal,recency,4,222,0.07604540982867444,0.1404906986458725,0.4864864864864865,0.7207207207207207,0.8198198198198198,0.5102213510792019,0
reserve10,joint_immediate,primary,warmup,normal,rolling,1,220,0.04200154490534359,0.06723836438626632,0.4590909090909091,0.7363636363636363,0.8818181818181818,0.3328584867760209,0
reserve10,joint_immediate,primary,warmup,normal,rolling,2,220,0.06096711955614142,0.10395639449483692,0.42272727272727273,0.7227272727272728,0.8727272727272727,0.47809742423659934,0
reserve10,joint_immediate,primary,warmup,normal,rolling,3,221,0.07125833547631842,0.12863576657347217,0.4751131221719457,0.755656108597285,0.8687782805429864,0.5012339867829011,0
reserve10,joint_immediate,primary,warmup,normal,rolling,4,222,0.0759855805044713,0.1404906986458725,0.4954954954954955,0.7162162162162162,0.8153153153153153,0.5059310963696962,0
reserve10,joint_immediate,primary,warmup,normal,single_imputation,1,220,0.0473380775686415,0.07513111812312799,0.5954545454545455,0.7954545454545454,0.85,0.25389610406179136,0
reserve10,joint_immediate,primary,warmup,normal,single_imputation,2,220,0.0644361305917547,0.10629795761613636,0.4590909090909091,0.6909090909090909,0.8136363636363636,0.3094646424078994,0
reserve10,joint_immediate,primary,warmup,normal,single_imputation,3,221,0.07559253555013236,0.12461764624305158,0.3891402714932127,0.665158371040724,0.7828054298642534,0.3313843765434757,0
reserve10,joint_immediate,primary,warmup,normal,single_imputation,4,222,0.0827411118362743,0.13664922807811034,0.3738738738738739,0.6261261261261262,0.7477477477477478,0.3497673811566771,0
reserve10,joint_immediate,primary,warmup,outage,aci_bounded,1,30,0.0862083840664427,0.16410429257883405,0.5333333333333333,0.7666666666666667,0.9333333333333333,0.6230625078148975,4
reserve10,joint_immediate,primary,warmup,outage,aci_bounded,2,30,0.08098184149998769,0.149657521573865,0.5666666666666667,0.8,0.9,0.602157279316709,4
reserve10,joint_immediate,primary,warmup,outage,aci_bounded,3,29,0.08358124289076982,0.17436674412678063,0.5517241379310345,0.8275862068965517,0.9310344827586207,0.593783312256203,4
reserve10,joint_immediate,primary,warmup,outage,aci_bounded,4,28,0.08278416438188996,0.18606392255864593,0.5357142857142857,0.8928571428571429,0.9285714285714286,0.5643092877520421,4
reserve10,joint_immediate,primary,warmup,outage,carry_forward,1,30,0.11366285833153272,0.2326007965665398,0.23333333333333334,0.5666666666666667,0.7,0.5196765438419578,4
reserve10,joint_immediate,primary,warmup,outage,carry_forward,2,30,0.10626255969220483,0.23014356612140505,0.16666666666666666,0.6,0.7666666666666667,0.5540603360677917,4
reserve10,joint_immediate,primary,warmup,outage,carry_forward,3,29,0.09792764393396808,0.22911216608137272,0.1724137931034483,0.5517241379310345,0.7241379310344828,0.5328705615499656,4
reserve10,joint_immediate,primary,warmup,outage,carry_forward,4,28,0.09422873871336235,0.21274626682700215,0.07142857142857142,0.4642857142857143,0.6785714285714286,0.5122216655664814,4
reserve10,joint_immediate,primary,warmup,outage,geometric_persistence,1,30,0.2810865143930146,0.37537766734299693,0.23333333333333334,0.3,0.4,0.2916443356034129,4
reserve10,joint_immediate,primary,warmup,outage,geometric_persistence,2,30,0.22078316855625013,0.37515417167133,0.23333333333333334,0.4666666666666667,0.5333333333333333,0.42442873551009097,4
reserve10,joint_immediate,primary,warmup,outage,geometric_persistence,3,29,0.18697855238427033,0.38057192040629967,0.2413793103448276,0.5862068965517241,0.7241379310344828,0.5628148085284231,4
reserve10,joint_immediate,primary,warmup,outage,geometric_persistence,4,28,0.1661016822170757,0.37354281498673375,0.25,0.6785714285714286,0.8214285714285714,0.603162528970247,4
reserve10,joint_immediate,primary,warmup,outage,mask50,1,30,0.08624841901790185,0.16410429257883405,0.5333333333333333,0.7666666666666667,0.9333333333333333,0.6235670517118684,4
reserve10,joint_immediate,primary,warmup,outage,mask50,2,30,0.08057444731984871,0.149657521573865,0.5666666666666667,0.8,0.9333333333333333,0.5978289783440904,4
reserve10,joint_immediate,primary,warmup,outage,mask50,3,29,0.08340851881511156,0.17436674412678063,0.5517241379310345,0.8275862068965517,0.9310344827586207,0.5905671452038843,4
reserve10,joint_immediate,primary,warmup,outage,mask50,4,28,0.08287737143310334,0.18606392255864593,0.5,0.8928571428571429,0.9285714285714286,0.5658273280438924,4
reserve10,joint_immediate,primary,warmup,outage,mi_recency,1,30,0.07998307117514578,0.15638721144952486,0.4,0.7666666666666667,0.9333333333333333,0.5300347388662916,4
reserve10,joint_immediate,primary,warmup,outage,mi_recency,2,30,0.08408304620139098,0.1612092068971706,0.26666666666666666,0.7666666666666667,0.9,0.5026399141281577,4
reserve10,joint_immediate,primary,warmup,outage,mi_recency,3,29,0.10029721305178516,0.18205049990498254,0.3448275862068966,0.6551724137931034,0.7931034482758621,0.5214961817420485,4
reserve10,joint_immediate,primary,warmup,outage,mi_recency,4,28,0.09508032992140954,0.1763635765110326,0.35714285714285715,0.6071428571428571,0.8214285714285714,0.5155988157987491,4
reserve10,joint_immediate,primary,warmup,outage,multiple_imputation,1,30,0.07998494676321609,0.15638721144952486,0.4,0.7333333333333333,0.8666666666666667,0.4744871687026995,4
reserve10,joint_immediate,primary,warmup,outage,multiple_imputation,2,30,0.088053125096878,0.1612092068971706,0.26666666666666666,0.6333333333333333,0.7666666666666667,0.409347022486696,4
reserve10,joint_immediate,primary,warmup,outage,multiple_imputation,3,29,0.11092495481619126,0.18205049990498254,0.3103448275862069,0.4482758620689655,0.5517241379310345,0.3896110226351272,4
reserve10,joint_immediate,primary,warmup,outage,multiple_imputation,4,28,0.10849842069260654,0.1763635765110326,0.2857142857142857,0.5,0.5714285714285714,0.37721360609649374,4
reserve10,joint_immediate,primary,warmup,outage,persistence,1,30,0.252432258506413,0.37050129122023806,0.26666666666666666,0.3333333333333333,0.43333333333333335,0.34274136180431547,4
reserve10,joint_immediate,primary,warmup,outage,persistence,2,30,0.19713380563688704,0.37149949626488094,0.3,0.4666666666666667,0.6333333333333333,0.4935630088541666,4
reserve10,joint_immediate,primary,warmup,outage,persistence,3,29,0.17681891764596894,0.3830219368688424,0.3103448275862069,0.6206896551724138,0.7586206896551724,0.6021148391587129,4
reserve10,joint_immediate,primary,warmup,outage,persistence,4,28,0.15439387725013662,0.37033603936543363,0.35714285714285715,0.6785714285714286,0.8214285714285714,0.6338287016369047,4
reserve10,joint_immediate,primary,warmup,outage,physical,1,30,0.0861413998087002,0.16410429257883405,0.5333333333333333,0.8,0.9333333333333333,0.6262243261113887,4
reserve10,joint_immediate,primary,warmup,outage,physical,2,30,0.08083962042233835,0.149657521573865,0.5666666666666667,0.8,0.9333333333333333,0.6040251046225689,4
reserve10,joint_immediate,primary,warmup,outage,physical,3,29,0.08320295077000349,0.17436674412678063,0.6551724137931034,0.8620689655172413,0.9655172413793104,0.595981609843254,4
reserve10,joint_immediate,primary,warmup,outage,physical,4,28,0.08242440763727188,0.18606392255864593,0.5357142857142857,0.8928571428571429,0.9285714285714286,0.572233290747627,4
reserve10,joint_immediate,primary,warmup,outage,physical_availability,1,30,0.08615028802985486,0.16410429257883405,0.5333333333333333,0.8,0.9333333333333333,0.6241238078844525,4
reserve10,joint_immediate,primary,warmup,outage,physical_availability,2,30,0.08087880113291192,0.149657521573865,0.5666666666666667,0.8,0.9,0.6000176385234017,4
reserve10,joint_immediate,primary,warmup,outage,physical_availability,3,29,0.08342161731378499,0.17436674412678063,0.6551724137931034,0.8275862068965517,0.9310344827586207,0.5921672352609512,4
reserve10,joint_immediate,primary,warmup,outage,physical_availability,4,28,0.08249333504384841,0.18606392255864593,0.5714285714285714,0.8928571428571429,0.9285714285714286,0.5728605870488847,4
reserve10,joint_immediate,primary,warmup,outage,physical_recovery,1,30,0.08615028802985486,0.16410429257883405,0.5333333333333333,0.8,0.9333333333333333,0.6241238078844525,4
reserve10,joint_immediate,primary,warmup,outage,physical_recovery,2,30,0.08087880113291192,0.149657521573865,0.5666666666666667,0.8,0.9,0.6000176385234017,4
reserve10,joint_immediate,primary,warmup,outage,physical_recovery,3,29,0.08342161731378499,0.17436674412678063,0.6551724137931034,0.8275862068965517,0.9310344827586207,0.5921672352609512,4
reserve10,joint_immediate,primary,warmup,outage,physical_recovery,4,28,0.08249333504384841,0.18606392255864593,0.5714285714285714,0.8928571428571429,0.9285714285714286,0.5728605870488847,4
reserve10,joint_immediate,primary,warmup,outage,previous_day,1,30,0.09475988959185444,0.1549969332093254,0.3333333333333333,0.7666666666666667,0.8333333333333334,0.538878527079613,4
reserve10,joint_immediate,primary,warmup,outage,previous_day,2,30,0.09789898683887825,0.16706163421626982,0.26666666666666666,0.7333333333333333,0.8333333333333334,0.5599665399243551,4
reserve10,joint_immediate,primary,warmup,outage,previous_day,3,29,0.10316944339029145,0.17874120949302133,0.27586206896551724,0.6896551724137931,0.8275862068965517,0.5821761117046387,4
reserve10,joint_immediate,primary,warmup,outage,previous_day,4,28,0.10003824961970055,0.17280988115433674,0.2857142857142857,0.6428571428571429,0.8214285714285714,0.5563965762967688,4
reserve10,joint_immediate,primary,warmup,outage,raw,1,30,0.08629282553690772,0.16410429257883405,0.5,0.7333333333333333,0.8333333333333334,0.611780724096339,4
reserve10,joint_immediate,primary,warmup,outage,raw,2,30,0.08066205794270519,0.149657521573865,0.5,0.7666666666666667,0.8333333333333334,0.5789050252539126,4
reserve10,joint_immediate,primary,warmup,outage,raw,3,29,0.08444266630699637,0.17436674412678063,0.41379310344827586,0.5517241379310345,0.7586206896551724,0.5596795956170307,4
reserve10,joint_immediate,primary,warmup,outage,raw,4,28,0.0851894670618972,0.18606392255864593,0.14285714285714285,0.5357142857142857,0.7142857142857143,0.5418468801689256,4
reserve10,joint_immediate,primary,warmup,outage,recency,1,30,0.0862072535854588,0.16410429257883405,0.5333333333333333,0.7666666666666667,0.9333333333333333,0.6236914395414868,4
reserve10,joint_immediate,primary,warmup,outage,recency,2,30,0.08052880918800637,0.149657521573865,0.5666666666666667,0.8,0.9333333333333333,0.5984351091636851,4
reserve10,joint_immediate,primary,warmup,outage,recency,3,29,0.08339752443727268,0.17436674412678063,0.5517241379310345,0.8275862068965517,0.9310344827586207,0.5904730407953619,4
reserve10,joint_immediate,primary,warmup,outage,recency,4,28,0.08278023475523641,0.18606392255864593,0.5,0.8928571428571429,0.9285714285714286,0.56585860093053,4
reserve10,joint_immediate,primary,warmup,outage,rolling,1,30,0.08615987675355898,0.16410429257883405,0.5333333333333333,0.7666666666666667,0.9333333333333333,0.6215256272389628,4
reserve10,joint_immediate,primary,warmup,outage,rolling,2,30,0.08059069496273019,0.149657521573865,0.5666666666666667,0.8,0.9,0.5950151597613786,4
reserve10,joint_immediate,primary,warmup,outage,rolling,3,29,0.08340483679798676,0.17436674412678063,0.5517241379310345,0.8275862068965517,0.9310344827586207,0.5860158205871843,4
reserve10,joint_immediate,primary,warmup,outage,rolling,4,28,0.08288262898865552,0.18606392255864593,0.5,0.8571428571428571,0.9285714285714286,0.5614627957246993,4
reserve10,joint_immediate,primary,warmup,outage,single_imputation,1,30,0.09571840243572897,0.14655678222465374,0.26666666666666666,0.43333333333333335,0.5333333333333333,0.26591427004100926,4
reserve10,joint_immediate,primary,warmup,outage,single_imputation,2,30,0.10239649672930613,0.160008635914398,0.3,0.5333333333333333,0.6333333333333333,0.3149271024895551,4
reserve10,joint_immediate,primary,warmup,outage,single_imputation,3,29,0.11491274919614825,0.17477433001871043,0.3103448275862069,0.4827586206896552,0.5517241379310345,0.34078262087286554,4
reserve10,joint_immediate,primary,warmup,outage,single_imputation,4,28,0.11353558860947933,0.17821659360993594,0.25,0.4642857142857143,0.5357142857142857,0.35014157523576594,4
reserve10,joint_immediate,primary,warmup,recovery_0_6,aci_bounded,1,4,0.011039600503335995,0.010248432202208734,0.75,0.75,1.0,0.19829990661848573,2
reserve10,joint_immediate,primary,warmup,recovery_0_6,aci_bounded,2,3,0.015903310170457804,0.02459139862476749,0.6666666666666666,1.0,1.0,0.19991674217424493,2
reserve10,joint_immediate,primary,warmup,recovery_0_6,aci_bounded,3,3,0.021792128459584992,0.01177737276473744,1.0,1.0,1.0,0.236958989439229,2
reserve10,joint_immediate,primary,warmup,recovery_0_6,aci_bounded,4,3,0.038989741873895256,0.042351336493680496,1.0,1.0,1.0,0.381255277498604,1
reserve10,joint_immediate,primary,warmup,recovery_0_6,carry_forward,1,4,0.0132540405237993,0.011148846214003562,0.75,0.75,0.75,0.22541507775573824,2
reserve10,joint_immediate,primary,warmup,recovery_0_6,carry_forward,2,3,0.020823304278507815,0.030290051740625556,0.0,0.3333333333333333,0.3333333333333333,0.18874786789621192,2
reserve10,joint_immediate,primary,warmup,recovery_0_6,carry_forward,3,3,0.022975517985471636,0.03629464157895315,0.6666666666666666,0.6666666666666666,0.6666666666666666,0.22978713591177027,2
reserve10,joint_immediate,primary,warmup,recovery_0_6,carry_forward,4,3,0.037210420351310315,0.050356696133767066,0.6666666666666666,0.6666666666666666,0.6666666666666666,0.36344131608879865,1
reserve10,joint_immediate,primary,warmup,recovery_0_6,geometric_persistence,1,4,0.027224556438926992,0.02876984399008753,0.5,0.75,1.0,0.3679917240823903,2
reserve10,joint_immediate,primary,warmup,recovery_0_6,geometric_persistence,2,3,0.028613336810482518,0.023693162611141818,0.6666666666666666,1.0,1.0,0.4046718595209972,2
reserve10,joint_immediate,primary,warmup,recovery_0_6,geometric_persistence,3,3,0.06544570105864013,0.10184950558303973,0.3333333333333333,0.6666666666666666,0.6666666666666666,0.25142152162880077,2
reserve10,joint_immediate,primary,warmup,recovery_0_6,geometric_persistence,4,3,0.10319975751028032,0.21549252905125327,0.3333333333333333,0.6666666666666666,0.6666666666666666,0.3865162790674603,1
reserve10,joint_immediate,primary,warmup,recovery_0_6,mask50,1,4,0.011110249545608923,0.010248432202208734,0.75,0.75,1.0,0.20322809070288286,2
reserve10,joint_immediate,primary,warmup,recovery_0_6,mask50,2,3,0.016136773261473305,0.02459139862476749,0.3333333333333333,1.0,1.0,0.2079273857600312,2
reserve10,joint_immediate,primary,warmup,recovery_0_6,mask50,3,3,0.021567406552945492,0.01177737276473744,0.6666666666666666,1.0,1.0,0.2404752876433658,2
reserve10,joint_immediate,primary,warmup,recovery_0_6,mask50,4,3,0.03828222969544947,0.042351336493680496,0.6666666666666666,1.0,1.0,0.3819978397883313,1
reserve10,joint_immediate,primary,warmup,recovery_0_6,mi_recency,1,4,0.023897924278428496,0.03799260551544162,1.0,1.0,1.0,0.3271081818145426,2
reserve10,joint_immediate,primary,warmup,recovery_0_6,mi_recency,2,3,0.03504965064989538,0.060601182664397506,1.0,1.0,1.0,0.37931115553788114,2
reserve10,joint_immediate,primary,warmup,recovery_0_6,mi_recency,3,3,0.036827285671303944,0.0402890604588313,1.0,1.0,1.0,0.4644715450281968,2
reserve10,joint_immediate,primary,warmup,recovery_0_6,mi_recency,4,3,0.03801591344695097,0.023978187713139695,1.0,1.0,1.0,0.5394803862143637,1
reserve10,joint_immediate,primary,warmup,recovery_0_6,multiple_imputation,1,4,0.02262083659762992,0.03799260551544162,1.0,1.0,1.0,0.25796413313525335,2
reserve10,joint_immediate,primary,warmup,recovery_0_6,multiple_imputation,2,3,0.03109074481301881,0.060601182664397506,0.6666666666666666,1.0,1.0,0.2872329030255408,2
reserve10,joint_immediate,primary,warmup,recovery_0_6,multiple_imputation,3,3,0.028285634252650085,0.0402890604588313,1.0,1.0,1.0,0.3096603486441599,2
reserve10,joint_immediate,primary,warmup,recovery_0_6,multiple_imputation,4,3,0.02690514877215941,0.023978187713139695,1.0,1.0,1.0,0.34179358249157277,1
reserve10,joint_immediate,primary,warmup,recovery_0_6,persistence,1,4,0.11507372619525934,0.2581114601934523,0.0,0.75,1.0,0.5812150512834822,2
reserve10,joint_immediate,primary,warmup,recovery_0_6,persistence,2,3,0.1350490685000354,0.31450930828373014,0.3333333333333333,0.6666666666666666,1.0,0.6509906478670634,2
reserve10,joint_immediate,primary,warmup,recovery_0_6,persistence,3,3,0.14415143216198978,0.3149991197916666,0.3333333333333333,0.3333333333333333,0.6666666666666666,0.43657037212301586,2
reserve10,joint_immediate,primary,warmup,recovery_0_6,persistence,4,3,0.10004596157667232,0.2104479144345238,0.3333333333333333,0.6666666666666666,0.6666666666666666,0.3914876488095238,1
reserve10,joint_immediate,primary,warmup,recovery_0_6,physical,1,4,0.011177489700924442,0.010248432202208734,0.75,0.75,1.0,0.20522810289911617,2
reserve10,joint_immediate,primary,warmup,recovery_0_6,physical,2,3,0.01599237963556429,0.02459139862476749,0.3333333333333333,1.0,1.0,0.20735579977576202,2
reserve10,joint_immediate,primary,warmup,recovery_0_6,physical,3,3,0.021737347163821755,0.01177737276473744,0.6666666666666666,1.0,1.0,0.23299250137419647,2
reserve10,joint_immediate,primary,warmup,recovery_0_6,physical,4,3,0.03858095021394824,0.042351336493680496,0.6666666666666666,1.0,1.0,0.3778727707915275,1
reserve10,joint_immediate,primary,warmup,recovery_0_6,physical_availability,1,4,0.0111231888313394,0.010248432202208734,0.75,0.75,1.0,0.20441817400977702,2
reserve10,joint_immediate,primary,warmup,recovery_0_6,physical_availability,2,3,0.01603454339784233,0.02459139862476749,0.3333333333333333,1.0,1.0,0.20735579977576202,2
reserve10,joint_immediate,primary,warmup,recovery_0_6,physical_availability,3,3,0.021644105373524142,0.01177737276473744,0.6666666666666666,1.0,1.0,0.23359158749453734,2
reserve10,joint_immediate,primary,warmup,recovery_0_6,physical_availability,4,3,0.038145844237944045,0.042351336493680496,0.6666666666666666,1.0,1.0,0.3773341684044606,1
reserve10,joint_immediate,primary,warmup,recovery_0_6,physical_recovery,1,4,0.011136181599706436,0.010248432202208734,0.75,0.75,1.0,0.20434781774758345,2
reserve10,joint_immediate,primary,warmup,recovery_0_6,physical_recovery,2,3,0.01599237963556429,0.02459139862476749,0.3333333333333333,1.0,1.0,0.20735579977576202,2
reserve10,joint_immediate,primary,warmup,recovery_0_6,physical_recovery,3,3,0.021737347163821755,0.01177737276473744,0.6666666666666666,1.0,1.0,0.23299250137419647,2
reserve10,joint_immediate,primary,warmup,recovery_0_6,physical_recovery,4,3,0.038356799075279065,0.042351336493680496,0.6666666666666666,1.0,1.0,0.377596431362713,1
reserve10,joint_immediate,primary,warmup,recovery_0_6,previous_day,1,4,0.10132057439492985,0.19427786640624997,0.0,0.0,1.0,0.4277074116629464,2
reserve10,joint_immediate,primary,warmup,recovery_0_6,previous_day,2,3,0.07058438146258503,0.13559241160714283,0.3333333333333333,0.3333333333333333,1.0,0.3022987376240079,2
reserve10,joint_immediate,primary,warmup,recovery_0_6,previous_day,3,3,0.07743733261621315,0.09861561101190475,0.3333333333333333,0.3333333333333333,0.6666666666666666,0.14301631135912699,2
reserve10,joint_immediate,primary,warmup,recovery_0_6,previous_day,4,3,0.11917042745677438,0.18925942408234123,0.3333333333333333,0.3333333333333333,0.6666666666666666,0.273842787202381,1
reserve10,joint_immediate,primary,warmup,recovery_0_6,raw,1,4,0.011024305464478582,0.010248432202208734,0.5,0.75,1.0,0.19101532490289158,2
reserve10,joint_immediate,primary,warmup,recovery_0_6,raw,2,3,0.017464412086428904,0.02459139862476749,0.3333333333333333,0.3333333333333333,0.6666666666666666,0.18293386924186605,2
reserve10,joint_immediate,primary,warmup,recovery_0_6,raw,3,3,0.019484253073271018,0.01177737276473744,0.6666666666666666,0.6666666666666666,1.0,0.20777466742934494,2
reserve10,joint_immediate,primary,warmup,recovery_0_6,raw,4,3,0.0366963625781228,0.042351336493680496,0.6666666666666666,0.6666666666666666,0.6666666666666666,0.3579232430521771,1
reserve10,joint_immediate,primary,warmup,recovery_0_6,recency,1,4,0.011073183613124015,0.010248432202208734,0.75,0.75,1.0,0.20088270738978473,2
reserve10,joint_immediate,primary,warmup,recovery_0_6,recency,2,3,0.016080466908565797,0.02459139862476749,0.3333333333333333,1.0,1.0,0.205248568970268,2
reserve10,joint_immediate,primary,warmup,recovery_0_6,recency,3,3,0.021618259839489094,0.01177737276473744,0.6666666666666666,1.0,1.0,0.2375022334658635,2
reserve10,joint_immediate,primary,warmup,recovery_0_6,recency,4,3,0.03850767592141579,0.042351336493680496,0.6666666666666666,1.0,1.0,0.381255277498604,1
reserve10,joint_immediate,primary,warmup,recovery_0_6,rolling,1,4,0.011011780159853038,0.010248432202208734,0.75,0.75,1.0,0.19829990661848573,2
reserve10,joint_immediate,primary,warmup,recovery_0_6,rolling,2,3,0.015889283679589018,0.02459139862476749,0.3333333333333333,1.0,1.0,0.1983020059441475,2
reserve10,joint_immediate,primary,warmup,recovery_0_6,rolling,3,3,0.021749845690083227,0.01177737276473744,1.0,1.0,1.0,0.23658576929475827,2
reserve10,joint_immediate,primary,warmup,recovery_0_6,rolling,4,3,0.038932241028879065,0.042351336493680496,1.0,1.0,1.0,0.38059830997229166,1
reserve10,joint_immediate,primary,warmup,recovery_0_6,single_imputation,1,4,0.022620836597629916,0.037992605515441605,1.0,1.0,1.0,0.25796413313525335,2
reserve10,joint_immediate,primary,warmup,recovery_0_6,single_imputation,2,3,0.031090744813018822,0.06060118266439752,0.6666666666666666,1.0,1.0,0.2872329030255408,2
reserve10,joint_immediate,primary,warmup,recovery_0_6,single_imputation,3,3,0.02828563425265007,0.040289060458831245,1.0,1.0,1.0,0.30966034864416,2
reserve10,joint_immediate,primary,warmup,recovery_0_6,single_imputation,4,3,0.026905148772159413,0.0239781877131397,1.0,1.0,1.0,0.3417935824915728,1
reserve10,joint_immediate,primary,warmup,recovery_6_24,aci_bounded,1,32,0.048986296703033866,0.09408771774615472,0.40625,0.84375,1.0,0.4073380627882208,4
reserve10,joint_immediate,primary,warmup,recovery_6_24,aci_bounded,2,33,0.07585486055882962,0.14340036286539154,0.5151515151515151,0.8787878787878788,1.0,0.5332139415101933,4
reserve10,joint_immediate,primary,warmup,recovery_6_24,aci_bounded,3,33,0.09229992915319528,0.17537672677973956,0.6060606060606061,0.7878787878787878,0.9696969696969697,0.5689361578208314,4
reserve10,joint_immediate,primary,warmup,recovery_6_24,aci_bounded,4,33,0.09610108772524593,0.1890782745604259,0.5757575757575758,0.7272727272727273,0.9090909090909091,0.5518074188873339,4
reserve10,joint_immediate,primary,warmup,recovery_6_24,carry_forward,1,32,0.05797808752762423,0.0964551678518026,0.34375,0.65625,0.84375,0.42106515019807444,4
reserve10,joint_immediate,primary,warmup,recovery_6_24,carry_forward,2,33,0.08506955132049196,0.1456029245387268,0.5151515151515151,0.696969696969697,0.7878787878787878,0.5081716781901866,4
reserve10,joint_immediate,primary,warmup,recovery_6_24,carry_forward,3,33,0.0995738146694862,0.18979189147063333,0.5757575757575758,0.6666666666666666,0.7878787878787878,0.5268583611359636,4
reserve10,joint_immediate,primary,warmup,recovery_6_24,carry_forward,4,33,0.10978341658394389,0.19989453943149085,0.48484848484848486,0.6666666666666666,0.7878787878787878,0.5186072317520045,4
reserve10,joint_immediate,primary,warmup,recovery_6_24,geometric_persistence,1,32,0.048337366829297713,0.07445683312918336,0.46875,0.875,0.875,0.3985020156884208,4
reserve10,joint_immediate,primary,warmup,recovery_6_24,geometric_persistence,2,33,0.07747479154411346,0.13079987238415314,0.3939393939393939,0.7575757575757576,0.9090909090909091,0.5606559872897794,4
reserve10,joint_immediate,primary,warmup,recovery_6_24,geometric_persistence,3,33,0.09817874410227317,0.1820028962636626,0.3939393939393939,0.8484848484848485,0.9393939393939394,0.7095009457969481,4
reserve10,joint_immediate,primary,warmup,recovery_6_24,geometric_persistence,4,33,0.10741613512057498,0.20672910353599835,0.45454545454545453,0.8787878787878788,0.9393939393939394,0.7485122900053579,4
reserve10,joint_immediate,primary,warmup,recovery_6_24,mask50,1,32,0.04897987219148094,0.09408771774615472,0.40625,0.84375,1.0,0.40822088429868203,4
reserve10,joint_immediate,primary,warmup,recovery_6_24,mask50,2,33,0.07583042166210091,0.14340036286539154,0.5151515151515151,0.8787878787878788,1.0,0.5339819342884492,4
reserve10,joint_immediate,primary,warmup,recovery_6_24,mask50,3,33,0.0921688022847139,0.17537672677973956,0.6060606060606061,0.7878787878787878,0.9696969696969697,0.5713604748033941,4
reserve10,joint_immediate,primary,warmup,recovery_6_24,mask50,4,33,0.09604009060345568,0.1890782745604259,0.5757575757575758,0.7272727272727273,0.9090909090909091,0.5544698442501498,4
reserve10,joint_immediate,primary,warmup,recovery_6_24,mi_recency,1,32,0.047513848365800276,0.08347682422414095,0.40625,0.84375,0.9375,0.3725870689337569,4
reserve10,joint_immediate,primary,warmup,recovery_6_24,mi_recency,2,33,0.07904095528044469,0.1360787465451988,0.42424242424242425,0.696969696969697,0.8787878787878788,0.4742308514876008,4
reserve10,joint_immediate,primary,warmup,recovery_6_24,mi_recency,3,33,0.09750089068412666,0.16812257985409226,0.3939393939393939,0.7575757575757576,0.7878787878787878,0.5625624177483421,4
reserve10,joint_immediate,primary,warmup,recovery_6_24,mi_recency,4,33,0.10965500807003724,0.19011848412603027,0.45454545454545453,0.696969696969697,0.7878787878787878,0.5578368363821441,4
reserve10,joint_immediate,primary,warmup,recovery_6_24,multiple_imputation,1,32,0.04817422731067013,0.08347682422414095,0.4375,0.75,0.875,0.2994075385408266,4
reserve10,joint_immediate,primary,warmup,recovery_6_24,multiple_imputation,2,33,0.08670426806124192,0.1360787465451988,0.3939393939393939,0.6363636363636364,0.7272727272727273,0.3562836107681142,4
reserve10,joint_immediate,primary,warmup,recovery_6_24,multiple_imputation,3,33,0.10908828040699502,0.16812257985409226,0.36363636363636365,0.6060606060606061,0.6666666666666666,0.3711933941697994,4
reserve10,joint_immediate,primary,warmup,recovery_6_24,multiple_imputation,4,33,0.12616258337540162,0.19011848412603027,0.30303030303030304,0.48484848484848486,0.6060606060606061,0.37393538942421667,4
reserve10,joint_immediate,primary,warmup,recovery_6_24,persistence,1,32,0.06712455304089604,0.12020888062686011,0.5625,0.90625,0.9375,0.4948779461425781,4
reserve10,joint_immediate,primary,warmup,recovery_6_24,persistence,2,33,0.10838183946103251,0.2168573823006854,0.45454545454545453,0.9393939393939394,0.9393939393939394,0.7188923905573592,4
reserve10,joint_immediate,primary,warmup,recovery_6_24,persistence,3,33,0.12967211997829053,0.274348216896645,0.48484848484848486,0.8484848484848485,0.9393939393939394,0.8520905713113275,4
reserve10,joint_immediate,primary,warmup,recovery_6_24,persistence,4,33,0.1381455593256223,0.30228902357052667,0.5757575757575758,0.8484848484848485,0.9696969696969697,0.8877765133703103,4
reserve10,joint_immediate,primary,warmup,recovery_6_24,physical,1,32,0.04906900485828486,0.09408771774615472,0.40625,0.875,1.0,0.41389721130368584,4
reserve10,joint_immediate,primary,warmup,recovery_6_24,physical,2,33,0.07571282321891643,0.14340036286539154,0.5151515151515151,0.8787878787878788,1.0,0.5382247839184349,4
reserve10,joint_immediate,primary,warmup,recovery_6_24,physical,3,33,0.09220578876212637,0.17537672677973956,0.6060606060606061,0.7878787878787878,0.9696969696969697,0.5756166170231574,4
reserve10,joint_immediate,primary,warmup,recovery_6_24,physical,4,33,0.0961045044344696,0.1890782745604259,0.6060606060606061,0.7272727272727273,0.9090909090909091,0.5589943194647689,4
reserve10,joint_immediate,primary,warmup,recovery_6_24,physical_availability,1,32,0.04900427636681138,0.09408771774615472,0.40625,0.875,1.0,0.41343556517244645,4
reserve10,joint_immediate,primary,warmup,recovery_6_24,physical_availability,2,33,0.07578271366675932,0.14340036286539154,0.5151515151515151,0.8787878787878788,1.0,0.5379704183004084,4
reserve10,joint_immediate,primary,warmup,recovery_6_24,physical_availability,3,33,0.09199705067304773,0.17537672677973956,0.6060606060606061,0.7878787878787878,0.9696969696969697,0.576630700116051,4
reserve10,joint_immediate,primary,warmup,recovery_6_24,physical_availability,4,33,0.09631350885686558,0.1890782745604259,0.6060606060606061,0.7272727272727273,0.9090909090909091,0.5574151173630645,4
reserve10,joint_immediate,primary,warmup,recovery_6_24,physical_recovery,1,32,0.049036240864216096,0.09408771774615472,0.40625,0.875,1.0,0.4130285245063875,4
reserve10,joint_immediate,primary,warmup,recovery_6_24,physical_recovery,2,33,0.07568868884697441,0.14340036286539154,0.5151515151515151,0.8787878787878788,1.0,0.5373695815347839,4
reserve10,joint_immediate,primary,warmup,recovery_6_24,physical_recovery,3,33,0.09175361481168046,0.17537672677973956,0.5757575757575758,0.7878787878787878,0.9696969696969697,0.5752970758091547,4
reserve10,joint_immediate,primary,warmup,recovery_6_24,physical_recovery,4,33,0.095943384932964,0.1890782745604259,0.6060606060606061,0.7272727272727273,0.9090909090909091,0.5590192004875744,4
reserve10,joint_immediate,primary,warmup,recovery_6_24,previous_day,1,32,0.2044053720614105,0.318391741313244,0.125,0.28125,0.59375,0.6434150151646205,4
reserve10,joint_immediate,primary,warmup,recovery_6_24,previous_day,2,33,0.2019654435679821,0.3210527698547979,0.09090909090909091,0.24242424242424243,0.6363636363636364,0.6754735879847582,4
reserve10,joint_immediate,primary,warmup,recovery_6_24,previous_day,3,33,0.19597341675337557,0.3181275232729076,0.09090909090909091,0.2727272727272727,0.696969696969697,0.7262323210046896,4
reserve10,joint_immediate,primary,warmup,recovery_6_24,previous_day,4,33,0.19186446473310914,0.31123616538600285,0.09090909090909091,0.2727272727272727,0.696969696969697,0.7232022941332973,4
reserve10,joint_immediate,primary,warmup,recovery_6_24,raw,1,32,0.04914498031120144,0.09408771774615472,0.375,0.8125,0.9375,0.40189445469247004,4
reserve10,joint_immediate,primary,warmup,recovery_6_24,raw,2,33,0.07553241519929227,0.14340036286539154,0.48484848484848486,0.7575757575757576,0.9696969696969697,0.5174446996127279,4
reserve10,joint_immediate,primary,warmup,recovery_6_24,raw,3,33,0.09103426993138712,0.17537672677973956,0.5454545454545454,0.6363636363636364,0.9090909090909091,0.5362501112562185,4
reserve10,joint_immediate,primary,warmup,recovery_6_24,raw,4,33,0.09636203821922203,0.1890782745604259,0.48484848484848486,0.6363636363636364,0.8787878787878788,0.5284060783082415,4
reserve10,joint_immediate,primary,warmup,recovery_6_24,recency,1,32,0.04897525111033295,0.09408771774615472,0.40625,0.84375,1.0,0.40759228601939423,4
reserve10,joint_immediate,primary,warmup,recovery_6_24,recency,2,33,0.07568312182130457,0.14340036286539154,0.5151515151515151,0.8787878787878788,1.0,0.5334290915076927,4
reserve10,joint_immediate,primary,warmup,recovery_6_24,recency,3,33,0.09210732759768128,0.17537672677973956,0.6060606060606061,0.7878787878787878,0.9696969696969697,0.5684410836302076,4
reserve10,joint_immediate,primary,warmup,recovery_6_24,recency,4,33,0.09589260989440809,0.1890782745604259,0.5757575757575758,0.7272727272727273,0.9090909090909091,0.5545285825410312,4
reserve10,joint_immediate,primary,warmup,recovery_6_24,rolling,1,32,0.04902000228691336,0.09408771774615472,0.40625,0.8125,1.0,0.40783051700906015,4
reserve10,joint_immediate,primary,warmup,recovery_6_24,rolling,2,33,0.07585290057512262,0.14340036286539154,0.5151515151515151,0.8787878787878788,1.0,0.5312265877947995,4
reserve10,joint_immediate,primary,warmup,recovery_6_24,rolling,3,33,0.09235663809794585,0.17537672677973956,0.6060606060606061,0.7878787878787878,0.9696969696969697,0.5661157237144371,4
reserve10,joint_immediate,primary,warmup,recovery_6_24,rolling,4,33,0.09620142775025645,0.1890782745604259,0.5757575757575758,0.7272727272727273,0.9090909090909091,0.5493591566385501,4
reserve10,joint_immediate,primary,warmup,recovery_6_24,single_imputation,1,32,0.05323292716883442,0.08780458889633082,0.40625,0.78125,0.875,0.2756215393218958,4
reserve10,joint_immediate,primary,warmup,recovery_6_24,single_imputation,2,33,0.08807368399552505,0.1343168930333094,0.3939393939393939,0.6060606060606061,0.7272727272727273,0.3341768738455238,4
reserve10,joint_immediate,primary,warmup,recovery_6_24,single_imputation,3,33,0.1149155838542575,0.17224349541231038,0.36363636363636365,0.5454545454545454,0.6060606060606061,0.3566186738639219,4
reserve10,joint_immediate,primary,warmup,recovery_6_24,single_imputation,4,33,0.13067411597556075,0.19286912720692728,0.30303030303030304,0.48484848484848486,0.6060606060606061,0.3674590268598825,4
reserve10,joint_gradual,primary,evaluation,normal,aci_bounded,1,3111,0.039199897662931533,0.06462650868284732,0.49855351976856316,0.7974927675988428,0.896817743490839,0.29875822619304143,0
reserve10,joint_gradual,primary,evaluation,normal,aci_bounded,2,3113,0.052371962976516556,0.08986230285398311,0.49855444908448443,0.7966591712174751,0.8975265017667845,0.39936622224220025,0
reserve10,joint_gradual,primary,evaluation,normal,aci_bounded,3,3113,0.05827275505648999,0.10267084460972248,0.4937359460327658,0.7982653389013813,0.9000963700610344,0.42847437008758654,0
reserve10,joint_gradual,primary,evaluation,normal,aci_bounded,4,3113,0.06138245332170938,0.11021058209581264,0.4911660777385159,0.80051397365885,0.9033087054288468,0.43976187736001837,0
reserve10,joint_gradual,primary,evaluation,normal,carry_forward,1,3111,0.04170291473493954,0.06733307411119771,0.40822886531661845,0.6955962712954034,0.8444230151076824,0.3173287504738635,0
reserve10,joint_gradual,primary,evaluation,normal,carry_forward,2,3113,0.05384291678421041,0.09157832650468868,0.39158368133633153,0.680051397365885,0.8336010279473177,0.3824704419032796,0
reserve10,joint_gradual,primary,evaluation,normal,carry_forward,3,3113,0.05992292486300567,0.10562244534267623,0.38676517828461293,0.6768390619980726,0.8210729200128494,0.3989647280464445,0
reserve10,joint_gradual,primary,evaluation,normal,carry_forward,4,3113,0.062406329400330744,0.11072273427550615,0.37648570510761326,0.6758753613877289,0.8181818181818182,0.40391895230353403,0
reserve10,joint_gradual,primary,evaluation,normal,geometric_persistence,1,3111,0.05218059504778093,0.08080049740999089,0.5390549662487946,0.8592092574734812,0.9405335904853744,0.4772556552781465,0
reserve10,joint_gradual,primary,evaluation,normal,geometric_persistence,2,3113,0.07881885458649227,0.13161820893186776,0.5387086411821395,0.8448442017346611,0.9299710889816897,0.5968514792055301,0
reserve10,joint_gradual,primary,evaluation,normal,geometric_persistence,3,3113,0.10007820905345864,0.17745392761848208,0.527465467394796,0.8345647285576614,0.9206553164150337,0.7062553969664953,0
reserve10,joint_gradual,primary,evaluation,normal,geometric_persistence,4,3113,0.11625615473486307,0.21608497978845514,0.52071956312239,0.8255701895277867,0.9161580469000964,0.7731373985355269,0
reserve10,joint_gradual,primary,evaluation,normal,mask50,1,3111,0.03918119570228422,0.06462650868284732,0.5065895210543234,0.8026358084217293,0.9022822243651559,0.3028243950603102,0
reserve10,joint_gradual,primary,evaluation,normal,mask50,2,3113,0.05234598036947784,0.08986230285398311,0.5133311917764215,0.8001927401220688,0.9029874718920655,0.401829876286091,0
reserve10,joint_gradual,primary,evaluation,normal,mask50,3,3113,0.058228509178067635,0.10267084460972248,0.5075489881143591,0.8062961773209123,0.9058785737230967,0.4303515432524456,0
reserve10,joint_gradual,primary,evaluation,normal,mask50,4,3113,0.06135139759886217,0.11021058209581264,0.49823321554770317,0.8030838419530999,0.9017025377449406,0.4385491136992715,0
reserve10,joint_gradual,primary,evaluation,normal,mi_recency,1,3111,0.045156879055250315,0.06860097813518296,0.5191256830601093,0.8145290903246545,0.9006750241080038,0.30728467593269765,0
reserve10,joint_gradual,primary,evaluation,normal,mi_recency,2,3113,0.0591780333074561,0.09382001262588728,0.5232894314166399,0.801798907805975,0.9000963700610344,0.39615846613566585,0
reserve10,joint_gradual,primary,evaluation,normal,mi_recency,3,3113,0.06563451533115766,0.1045302051655915,0.5178284612913588,0.809829746225506,0.9007388371345969,0.43980852086254835,0
reserve10,joint_gradual,primary,evaluation,normal,mi_recency,4,3113,0.06938844893511181,0.11112506463380227,0.5162222936074526,0.8046900096370061,0.8994539029874719,0.46878138144566034,0
reserve10,joint_gradual,primary,evaluation,normal,multiple_imputation,1,3111,0.04559665110685975,0.06860097813518296,0.6300225008036001,0.8148505303760849,0.8675666988106718,0.2595145656459626,0
reserve10,joint_gradual,primary,evaluation,normal,multiple_imputation,2,3113,0.060262550042477006,0.09382001262588728,0.5592675875361388,0.7664632187600385,0.8400256986829425,0.31299696944928135,0
reserve10,joint_gradual,primary,evaluation,normal,multiple_imputation,3,3113,0.06731324435358663,0.1045302051655915,0.5358175393511082,0.7468679730163829,0.8226790876967556,0.3328123367880498,0
reserve10,joint_gradual,primary,evaluation,normal,multiple_imputation,4,3113,0.0716862803379573,0.11112506463380227,0.5255380661741086,0.734982332155477,0.8082235785415998,0.3457706777350321,0
reserve10,joint_gradual,primary,evaluation,normal,persistence,1,3111,0.06975091471213485,0.12650478564444903,0.5564127290260367,0.859852137576342,0.9459980713596914,0.5512141227230372,0
reserve10,joint_gradual,primary,evaluation,normal,persistence,2,3113,0.10736042198126468,0.21179620447451547,0.5538066174108577,0.8380982974622551,0.9286861548345647,0.7070871021255907,0
reserve10,joint_gradual,primary,evaluation,normal,persistence,3,3113,0.132305650440661,0.27363330967328825,0.5258592997108898,0.8239640218438805,0.9203340828782525,0.8168404908351522,0
reserve10,joint_gradual,primary,evaluation,normal,persistence,4,3113,0.14805107310016108,0.30888000653949255,0.5162222936074526,0.8168968840346932,0.9171217475104401,0.8812252537445217,0
reserve10,joint_gradual,primary,evaluation,normal,physical,1,3111,0.039068990144692645,0.06462650868284732,0.50401800064288,0.805528768884603,0.907103825136612,0.3051170039207592,0
reserve10,joint_gradual,primary,evaluation,normal,physical,2,3113,0.05213560164403433,0.08986230285398311,0.5094763893350466,0.8127208480565371,0.9078059749437841,0.40503336086833935,0
reserve10,joint_gradual,primary,evaluation,normal,physical,3,3113,0.0580280945010381,0.10267084460972248,0.5062640539672342,0.8133633151300996,0.9094121426276903,0.433392305456586,0
reserve10,joint_gradual,primary,evaluation,normal,physical,4,3113,0.061134219626033236,0.11021058209581264,0.5036941856729843,0.8111146803726309,0.9081272084805654,0.44189886456771843,0
reserve10,joint_gradual,primary,evaluation,normal,physical_availability,1,3111,0.039062915794917705,0.06462650868284732,0.5027322404371585,0.8058502089360334,0.9067823850851816,0.3063461551133256,0
reserve10,joint_gradual,primary,evaluation,normal,physical_availability,2,3113,0.052143569087063815,0.08986230285398311,0.5101188564086091,0.8107934468358496,0.9081272084805654,0.4061757570758644,0
reserve10,joint_gradual,primary,evaluation,normal,physical_availability,3,3113,0.05804476950193811,0.10267084460972248,0.5072277545775778,0.8123996145197558,0.9126244779955027,0.4344439651265057,0
reserve10,joint_gradual,primary,evaluation,normal,physical_availability,4,3113,0.06114341051284033,0.11021058209581264,0.49983938323160937,0.8111146803726309,0.9078059749437841,0.4428273548183893,0
reserve10,joint_gradual,primary,evaluation,normal,physical_recovery,1,3111,0.03906014534826915,0.06462650868284732,0.5059466409514626,0.8097074895531984,0.9080681452909033,0.30767890342200377,0
reserve10,joint_gradual,primary,evaluation,normal,physical_recovery,2,3113,0.05214426663700285,0.08986230285398311,0.5110825570189528,0.8133633151300996,0.9135881786058464,0.4078960977448412,0
reserve10,joint_gradual,primary,evaluation,normal,physical_recovery,3,3113,0.058049872496287194,0.10267084460972248,0.5078702216511404,0.8159331834243495,0.9132669450690653,0.4350928569185708,0
reserve10,joint_gradual,primary,evaluation,normal,physical_recovery,4,3113,0.06115830612073596,0.11021058209581264,0.49951814969482816,0.8104722132990684,0.9074847414070029,0.4430980923672729,0
reserve10,joint_gradual,primary,evaluation,normal,previous_day,1,3111,0.10126659853486414,0.15688080866266588,0.48633879781420764,0.7804564448730312,0.8794599807135969,0.6599615232429139,0
reserve10,joint_gradual,primary,evaluation,normal,previous_day,2,3113,0.10136583164239368,0.15782652923402052,0.49630581432701576,0.7847735303565693,0.8846771602955349,0.6763677540993486,0
reserve10,joint_gradual,primary,evaluation,normal,previous_day,3,3113,0.10173164385440293,0.15897992275595427,0.49887568262126564,0.792483135239319,0.8952778670093158,0.6954758525941995,0
reserve10,joint_gradual,primary,evaluation,normal,previous_day,4,3113,0.10272183168853088,0.16059030533491464,0.49791198201092196,0.7956954706071314,0.8949566334725345,0.7062175004003947,0
reserve10,joint_gradual,primary,evaluation,normal,raw,1,3111,0.03942591208009183,0.06462650868284732,0.41305046608807455,0.6997749919639987,0.8514946962391514,0.2887164804412001,0
reserve10,joint_gradual,primary,evaluation,normal,raw,2,3113,0.05289894730678714,0.08986230285398311,0.39190491487311274,0.6810150979762287,0.8226790876967556,0.3787946335252224,0
reserve10,joint_gradual,primary,evaluation,normal,raw,3,3113,0.05896697044873823,0.10267084460972248,0.37423707035014453,0.6710568583360103,0.8207516864760681,0.39937266830621715,0
reserve10,joint_gradual,primary,evaluation,normal,raw,4,3113,0.06208357512106924,0.11021058209581264,0.37680693864439446,0.6659171217475104,0.8194667523289432,0.40480298090922806,0
reserve10,joint_gradual,primary,evaluation,normal,recency,1,3111,0.03918614712881577,0.06462650868284732,0.5017679202828672,0.7984570877531341,0.8987463837994214,0.3009708706327102,0
reserve10,joint_gradual,primary,evaluation,normal,recency,2,3113,0.05234841201687766,0.08986230285398311,0.5078702216511404,0.8011564407324124,0.8997751365242531,0.40008690264595276,0
reserve10,joint_gradual,primary,evaluation,normal,recency,3,3113,0.05823675845147461,0.10267084460972248,0.5036941856729843,0.8043687761002248,0.901060070671378,0.42815668468730994,0
reserve10,joint_gradual,primary,evaluation,normal,recency,4,3113,0.061363093727146364,0.11021058209581264,0.49726951493735944,0.799229039511725,0.8988114359139094,0.43682286919095376,0
reserve10,joint_gradual,primary,evaluation,normal,rolling,1,3111,0.03920059604481903,0.06462650868284732,0.5046608807457409,0.7962070073931212,0.9029251044680168,0.30037275160480964,0
reserve10,joint_gradual,primary,evaluation,normal,rolling,2,3113,0.052366013585288716,0.08986230285398311,0.5072277545775778,0.7989078059749438,0.8997751365242531,0.39984000234366696,0
reserve10,joint_gradual,primary,evaluation,normal,rolling,3,3113,0.05826040590056808,0.10267084460972248,0.5065852875040154,0.8014776742691937,0.9020237712817218,0.42823247292871625,0
reserve10,joint_gradual,primary,evaluation,normal,rolling,4,3113,0.06136712476784961,0.11021058209581264,0.49855444908448443,0.80051397365885,0.9013813042081593,0.43682003266420505,0
reserve10,joint_gradual,primary,evaluation,normal,single_imputation,1,3111,0.04573659111630161,0.06863887135112158,0.6297010607521697,0.8148505303760849,0.8682095789135327,0.2585224221043255,0
reserve10,joint_gradual,primary,evaluation,normal,single_imputation,2,3113,0.06035665018249366,0.09381779199239004,0.55958882107292,0.7674269193703823,0.83938323160938,0.31242736018513606,0
reserve10,joint_gradual,primary,evaluation,normal,single_imputation,3,3113,0.06735945365991416,0.10453229285349186,0.5351750722775458,0.7465467394796017,0.8223578541599743,0.3324021835095693,0
reserve10,joint_gradual,primary,evaluation,normal,single_imputation,4,3113,0.07170839626021851,0.11110652983454453,0.5268230003212335,0.7336973980083521,0.805974943784131,0.34539153631619546,0
reserve10,joint_gradual,primary,evaluation,outage,aci_bounded,1,301,0.06980607313166111,0.1389758663068556,0.5448504983388704,0.8372093023255814,0.9435215946843853,0.5227806165472042,47
reserve10,joint_gradual,primary,evaluation,outage,aci_bounded,2,298,0.06819601263660878,0.13752853152221994,0.540268456375839,0.8154362416107382,0.9295302013422819,0.49284755809319847,46
reserve10,joint_gradual,primary,evaluation,outage,aci_bounded,3,297,0.0679089736758602,0.1359482289270497,0.5286195286195287,0.8080808080808081,0.9461279461279462,0.49461090553996034,45
reserve10,joint_gradual,primary,evaluation,outage,aci_bounded,4,297,0.06722698834423715,0.13216526579252993,0.4983164983164983,0.8047138047138047,0.9326599326599326,0.48951565715546663,44
reserve10,joint_gradual,primary,evaluation,outage,carry_forward,1,301,0.07534917239998723,0.14051375430643545,0.42857142857142855,0.717607973421927,0.8272425249169435,0.4649178646821881,47
reserve10,joint_gradual,primary,evaluation,outage,carry_forward,2,298,0.06906209335198789,0.13749544376097292,0.4429530201342282,0.7214765100671141,0.8691275167785235,0.4587975314017454,46
reserve10,joint_gradual,primary,evaluation,outage,carry_forward,3,297,0.06806546365279076,0.13421500502282094,0.35353535353535354,0.696969696969697,0.8114478114478114,0.43483522554215953,45
reserve10,joint_gradual,primary,evaluation,outage,carry_forward,4,297,0.06896777082799323,0.13717975482918282,0.3468013468013468,0.6835016835016835,0.8249158249158249,0.4263904863661442,44
reserve10,joint_gradual,primary,evaluation,outage,geometric_persistence,1,301,0.18671380711611907,0.2754548013533605,0.2757475083056478,0.43853820598006643,0.5880398671096345,0.3750937594303075,47
reserve10,joint_gradual,primary,evaluation,outage,geometric_persistence,2,298,0.16049697490357426,0.2815157092120766,0.3624161073825503,0.5838926174496645,0.6812080536912751,0.47218331992513496,46
reserve10,joint_gradual,primary,evaluation,outage,geometric_persistence,3,297,0.13705239806922379,0.27003997926129064,0.42424242424242425,0.6902356902356902,0.7946127946127947,0.5786446981645467,45
reserve10,joint_gradual,primary,evaluation,outage,geometric_persistence,4,297,0.11669346380720041,0.24613287708503992,0.5488215488215489,0.7912457912457912,0.8922558922558923,0.6586027438353587,44
reserve10,joint_gradual,primary,evaluation,outage,mask50,1,301,0.06982225235493497,0.1389758663068556,0.5481727574750831,0.8471760797342193,0.9534883720930233,0.5258037442748635,47
reserve10,joint_gradual,primary,evaluation,outage,mask50,2,298,0.06817674574212826,0.13752853152221994,0.5469798657718121,0.8221476510067114,0.9328859060402684,0.49393068915216887,46
reserve10,joint_gradual,primary,evaluation,outage,mask50,3,297,0.06785345152840525,0.1359482289270497,0.5286195286195287,0.8148148148148148,0.9494949494949495,0.49473842220809433,45
reserve10,joint_gradual,primary,evaluation,outage,mask50,4,297,0.0671400413301406,0.13216526579252993,0.494949494949495,0.8080808080808081,0.9393939393939394,0.4876227384460118,44
reserve10,joint_gradual,primary,evaluation,outage,mi_recency,1,301,0.07547323326505909,0.12727137403259337,0.4219269102990033,0.7774086378737541,0.8903654485049833,0.5054457692987646,47
reserve10,joint_gradual,primary,evaluation,outage,mi_recency,2,298,0.07230759662450019,0.12303462192368618,0.4597315436241611,0.7550335570469798,0.9161073825503355,0.4994675955219035,46
reserve10,joint_gradual,primary,evaluation,outage,mi_recency,3,297,0.07404668290361693,0.12520215206355179,0.48148148148148145,0.7474747474747475,0.898989898989899,0.49874404422034585,45
reserve10,joint_gradual,primary,evaluation,outage,mi_recency,4,297,0.074625626536261,0.12586882819960296,0.4478114478114478,0.7878787878787878,0.9124579124579124,0.5078139210164511,44
reserve10,joint_gradual,primary,evaluation,outage,multiple_imputation,1,301,0.07524528892644582,0.12727137403259337,0.5415282392026578,0.7906976744186046,0.867109634551495,0.4565328843171002,47
reserve10,joint_gradual,primary,evaluation,outage,multiple_imputation,2,298,0.0727264510042479,0.12303462192368618,0.5100671140939598,0.7449664429530202,0.8557046979865772,0.411424851039306,46
reserve10,joint_gradual,primary,evaluation,outage,multiple_imputation,3,297,0.07567305432970002,0.12520215206355179,0.4983164983164983,0.6767676767676768,0.8013468013468014,0.3904974084484624,45
reserve10,joint_gradual,primary,evaluation,outage,multiple_imputation,4,297,0.07627259313696992,0.12586882819960296,0.48148148148148145,0.6666666666666666,0.8181818181818182,0.3802404346308965,44
reserve10,joint_gradual,primary,evaluation,outage,persistence,1,301,0.2042347746124384,0.316572519475261,0.3122923588039867,0.43853820598006643,0.5681063122923588,0.4230816328340055,47
reserve10,joint_gradual,primary,evaluation,outage,persistence,2,298,0.16186228292889207,0.30176357555878475,0.4228187919463087,0.6006711409395973,0.7046979865771812,0.5451412820519734,46
reserve10,joint_gradual,primary,evaluation,outage,persistence,3,297,0.13256478733249263,0.2730749577516233,0.5151515151515151,0.7306397306397306,0.8282828282828283,0.6409138261522717,45
reserve10,joint_gradual,primary,evaluation,outage,persistence,4,297,0.11601816222979333,0.23817871233164983,0.6397306397306397,0.8383838383838383,0.9158249158249159,0.7047049393232923,44
reserve10,joint_gradual,primary,evaluation,outage,physical,1,301,0.06988782974770026,0.1389758663068556,0.5481727574750831,0.8504983388704319,0.9568106312292359,0.5274031568487862,47
reserve10,joint_gradual,primary,evaluation,outage,physical,2,298,0.06822512604562805,0.13752853152221994,0.5536912751677853,0.8322147651006712,0.9261744966442953,0.4964854856945675,46
reserve10,joint_gradual,primary,evaluation,outage,physical,3,297,0.06788587527392693,0.1359482289270497,0.5353535353535354,0.8316498316498316,0.9494949494949495,0.49728150518200726,45
reserve10,joint_gradual,primary,evaluation,outage,physical,4,297,0.06711831981422658,0.13216526579252993,0.494949494949495,0.8181818181818182,0.9427609427609428,0.4907133135257136,44
reserve10,joint_gradual,primary,evaluation,outage,physical_availability,1,301,0.0698507806556951,0.1389758663068556,0.5382059800664452,0.8372093023255814,0.9435215946843853,0.5227114436880494,47
reserve10,joint_gradual,primary,evaluation,outage,physical_availability,2,298,0.06826962672201653,0.13752853152221994,0.5469798657718121,0.8154362416107382,0.9228187919463087,0.4927313159795328,46
reserve10,joint_gradual,primary,evaluation,outage,physical_availability,3,297,0.06794219122975362,0.1359482289270497,0.5151515151515151,0.835016835016835,0.9461279461279462,0.4934126276087112,45
reserve10,joint_gradual,primary,evaluation,outage,physical_availability,4,297,0.06707442325088016,0.13216526579252993,0.5016835016835017,0.8282828282828283,0.9461279461279462,0.4871630654801618,44
reserve10,joint_gradual,primary,evaluation,outage,physical_recovery,1,301,0.0698507806556951,0.1389758663068556,0.5382059800664452,0.8372093023255814,0.9435215946843853,0.5227114436880494,47
reserve10,joint_gradual,primary,evaluation,outage,physical_recovery,2,298,0.06826962672201653,0.13752853152221994,0.5469798657718121,0.8154362416107382,0.9228187919463087,0.4927313159795328,46
reserve10,joint_gradual,primary,evaluation,outage,physical_recovery,3,297,0.06794219122975362,0.1359482289270497,0.5151515151515151,0.835016835016835,0.9461279461279462,0.4934126276087112,45
reserve10,joint_gradual,primary,evaluation,outage,physical_recovery,4,297,0.06707442325088016,0.13216526579252993,0.5016835016835017,0.8282828282828283,0.9461279461279462,0.4871630654801618,44
reserve10,joint_gradual,primary,evaluation,outage,previous_day,1,301,0.09975009232551076,0.15763426135451272,0.4684385382059801,0.760797342192691,0.8770764119601329,0.6416006580446132,47
reserve10,joint_gradual,primary,evaluation,outage,previous_day,2,298,0.1011843568921459,0.16060154485308803,0.48322147651006714,0.7785234899328859,0.8758389261744967,0.665062843202201,46
reserve10,joint_gradual,primary,evaluation,outage,previous_day,3,297,0.10182802512668493,0.16264500405944363,0.46464646464646464,0.7912457912457912,0.8821548821548821,0.6794921313331727,45
reserve10,joint_gradual,primary,evaluation,outage,previous_day,4,297,0.10002731029235093,0.1595339000964506,0.45791245791245794,0.8013468013468014,0.8922558922558923,0.6828772356611752,44
reserve10,joint_gradual,primary,evaluation,outage,raw,1,301,0.06970846141928175,0.1389758663068556,0.5049833887043189,0.7906976744186046,0.9136212624584718,0.5129707786401817,47
reserve10,joint_gradual,primary,evaluation,outage,raw,2,298,0.06818513594840477,0.13752853152221994,0.4697986577181208,0.7550335570469798,0.8791946308724832,0.4730595609160716,46
reserve10,joint_gradual,primary,evaluation,outage,raw,3,297,0.06764361104782105,0.1359482289270497,0.43097643097643096,0.7239057239057239,0.8888888888888888,0.4665905980348166,45
reserve10,joint_gradual,primary,evaluation,outage,raw,4,297,0.066962611151015,0.13216526579252993,0.42424242424242425,0.7138047138047138,0.8619528619528619,0.4564779858711298,44
reserve10,joint_gradual,primary,evaluation,outage,recency,1,301,0.06984879571172642,0.1389758663068556,0.5481727574750831,0.8372093023255814,0.9501661129568106,0.5264644213210674,47
reserve10,joint_gradual,primary,evaluation,outage,recency,2,298,0.06819134844539336,0.13752853152221994,0.5469798657718121,0.8221476510067114,0.9295302013422819,0.4942787979135899,46
reserve10,joint_gradual,primary,evaluation,outage,recency,3,297,0.06788992786783712,0.1359482289270497,0.531986531986532,0.8148148148148148,0.9494949494949495,0.4955362378508198,45
reserve10,joint_gradual,primary,evaluation,outage,recency,4,297,0.06718182576679861,0.13216526579252993,0.4983164983164983,0.8114478114478114,0.9427609427609428,0.48860217902389663,44
reserve10,joint_gradual,primary,evaluation,outage,rolling,1,301,0.06980276590153736,0.1389758663068556,0.5481727574750831,0.840531561461794,0.946843853820598,0.5241176744211253,47
reserve10,joint_gradual,primary,evaluation,outage,rolling,2,298,0.06816516518450173,0.13752853152221994,0.5469798657718121,0.8087248322147651,0.9261744966442953,0.4930847909654905,46
reserve10,joint_gradual,primary,evaluation,outage,rolling,3,297,0.06786793628563702,0.1359482289270497,0.5286195286195287,0.8047138047138047,0.9494949494949495,0.49452416611946404,45
reserve10,joint_gradual,primary,evaluation,outage,rolling,4,297,0.06714470239789155,0.13216526579252993,0.5016835016835017,0.8013468013468014,0.9326599326599326,0.4869977182498204,44
reserve10,joint_gradual,primary,evaluation,outage,single_imputation,1,301,0.08496743506029306,0.12336520109569714,0.4318936877076412,0.5913621262458472,0.6843853820598007,0.26564359141891997,47
reserve10,joint_gradual,primary,evaluation,outage,single_imputation,2,298,0.08015580672641655,0.12270640495485256,0.46308724832214765,0.6208053691275168,0.738255033557047,0.3175599018007508,46
reserve10,joint_gradual,primary,evaluation,outage,single_imputation,3,297,0.08064265270469376,0.1258424949897762,0.4511784511784512,0.6498316498316499,0.7306397306397306,0.33761439961673334,45
reserve10,joint_gradual,primary,evaluation,outage,single_imputation,4,297,0.08126685692991728,0.12748753289273834,0.4444444444444444,0.6599326599326599,0.7676767676767676,0.34861067728359707,44
reserve10,joint_gradual,primary,evaluation,recovery_0_6,aci_bounded,1,135,0.03671626241904314,0.06357063288302697,0.562962962962963,0.8666666666666667,0.9333333333333333,0.31103009692732503,32
reserve10,joint_gradual,primary,evaluation,recovery_0_6,aci_bounded,2,130,0.04580500463966697,0.08546536763957152,0.5153846153846153,0.9153846153846154,0.9692307692307692,0.3991167039309278,31
reserve10,joint_gradual,primary,evaluation,recovery_0_6,aci_bounded,3,125,0.04993975934877033,0.09176450249365303,0.52,0.92,0.976,0.45580113001038225,33
reserve10,joint_gradual,primary,evaluation,recovery_0_6,aci_bounded,4,120,0.054764989463419476,0.10226681546329487,0.5166666666666667,0.9333333333333333,0.975,0.4956112845543404,29
reserve10,joint_gradual,primary,evaluation,recovery_0_6,carry_forward,1,135,0.041412025848446735,0.07147759518554433,0.4222222222222222,0.7481481481481481,0.8814814814814815,0.30113365684233284,32
reserve10,joint_gradual,primary,evaluation,recovery_0_6,carry_forward,2,130,0.04921566174765813,0.0931389736144064,0.38461538461538464,0.7538461538461538,0.8923076923076924,0.3721619340859777,31
reserve10,joint_gradual,primary,evaluation,recovery_0_6,carry_forward,3,125,0.053620722850009316,0.09996868159715916,0.424,0.776,0.888,0.40354662502641725,33
reserve10,joint_gradual,primary,evaluation,recovery_0_6,carry_forward,4,120,0.05685380746101706,0.11160959789649512,0.39166666666666666,0.7416666666666667,0.9,0.43586361436909693,29
reserve10,joint_gradual,primary,evaluation,recovery_0_6,geometric_persistence,1,135,0.05105054148850704,0.0816466890271019,0.4666666666666667,0.8296296296296296,0.9407407407407408,0.47883961304741324,32
reserve10,joint_gradual,primary,evaluation,recovery_0_6,geometric_persistence,2,130,0.0735687181971726,0.13080201721872617,0.4846153846153846,0.8307692307692308,0.9230769230769231,0.5976527433927358,31
reserve10,joint_gradual,primary,evaluation,recovery_0_6,geometric_persistence,3,125,0.0913533727764113,0.16534079117515987,0.528,0.816,0.92,0.6991335747559405,33
reserve10,joint_gradual,primary,evaluation,recovery_0_6,geometric_persistence,4,120,0.10409355037129622,0.1928065239104004,0.6,0.8583333333333333,0.95,0.7916790620234657,29
reserve10,joint_gradual,primary,evaluation,recovery_0_6,mask50,1,135,0.036749022462935974,0.06357063288302697,0.5851851851851851,0.8740740740740741,0.9407407407407408,0.3147844530576971,32
reserve10,joint_gradual,primary,evaluation,recovery_0_6,mask50,2,130,0.04579963012006261,0.08546536763957152,0.5230769230769231,0.9153846153846154,0.9692307692307692,0.39957939887946253,31
reserve10,joint_gradual,primary,evaluation,recovery_0_6,mask50,3,125,0.04987483053230503,0.09176450249365303,0.544,0.92,0.976,0.45524882361701696,33
reserve10,joint_gradual,primary,evaluation,recovery_0_6,mask50,4,120,0.054625755240509485,0.10226681546329487,0.525,0.95,0.9833333333333333,0.49293642168737845,29
reserve10,joint_gradual,primary,evaluation,recovery_0_6,mi_recency,1,135,0.042797680033717936,0.06564442719111588,0.5259259259259259,0.8,0.8888888888888888,0.3152308707053133,32
reserve10,joint_gradual,primary,evaluation,recovery_0_6,mi_recency,2,130,0.052344365950127814,0.0915544907077928,0.4153846153846154,0.8153846153846154,0.9384615384615385,0.4103894671886457,31
reserve10,joint_gradual,primary,evaluation,recovery_0_6,mi_recency,3,125,0.054194928037607,0.09499315180374665,0.48,0.808,0.96,0.45722356806303177,33
reserve10,joint_gradual,primary,evaluation,recovery_0_6,mi_recency,4,120,0.06013335004818754,0.10811980854760536,0.45,0.8,0.9666666666666667,0.5006138708613571,29
reserve10,joint_gradual,primary,evaluation,recovery_0_6,multiple_imputation,1,135,0.04343993132518238,0.06564442719111588,0.6518518518518519,0.8074074074074075,0.8592592592592593,0.2614839406878283,32
reserve10,joint_gradual,primary,evaluation,recovery_0_6,multiple_imputation,2,130,0.05327247000252082,0.0915544907077928,0.47692307692307695,0.7615384615384615,0.8615384615384616,0.31558097007066876,31
reserve10,joint_gradual,primary,evaluation,recovery_0_6,multiple_imputation,3,125,0.0545103666332914,0.09499315180374665,0.512,0.784,0.856,0.33657929719496715,33
reserve10,joint_gradual,primary,evaluation,recovery_0_6,multiple_imputation,4,120,0.06186004046328213,0.10811980854760536,0.5,0.6916666666666667,0.8166666666666667,0.35595637935502294,29
reserve10,joint_gradual,primary,evaluation,recovery_0_6,persistence,1,135,0.06794948196912792,0.12797210972993828,0.4962962962962963,0.8740740740740741,0.9629629629629629,0.5569092446469907,32
reserve10,joint_gradual,primary,evaluation,recovery_0_6,persistence,2,130,0.10372066658204555,0.21177647754464285,0.5692307692307692,0.8538461538461538,0.9384615384615385,0.7075938045112178,31
reserve10,joint_gradual,primary,evaluation,recovery_0_6,persistence,3,125,0.12423035612377975,0.2585699932904762,0.552,0.832,0.944,0.8042110014336308,33
reserve10,joint_gradual,primary,evaluation,recovery_0_6,persistence,4,120,0.13555770590138266,0.2757189005282738,0.5833333333333334,0.85,0.925,0.8749423311408727,29
reserve10,joint_gradual,primary,evaluation,recovery_0_6,physical,1,135,0.03666740788809107,0.06357063288302697,0.5777777777777777,0.8888888888888888,0.9407407407407408,0.3180963695445216,32
reserve10,joint_gradual,primary,evaluation,recovery_0_6,physical,2,130,0.04599594307172582,0.08546536763957152,0.5,0.9,0.9769230769230769,0.4053921713991294,31
reserve10,joint_gradual,primary,evaluation,recovery_0_6,physical,3,125,0.05015201117196608,0.09176450249365303,0.536,0.928,0.976,0.460208699729038,33
reserve10,joint_gradual,primary,evaluation,recovery_0_6,physical,4,120,0.0549149164714473,0.10226681546329487,0.55,0.95,0.9833333333333333,0.4981472561208765,29
reserve10,joint_gradual,primary,evaluation,recovery_0_6,physical_availability,1,135,0.03677967537332685,0.06357063288302697,0.5703703703703704,0.8888888888888888,0.9555555555555556,0.31788967121924727,32
reserve10,joint_gradual,primary,evaluation,recovery_0_6,physical_availability,2,130,0.046012355044946544,0.08546536763957152,0.5384615384615384,0.9076923076923077,0.9769230769230769,0.405532495134211,31
reserve10,joint_gradual,primary,evaluation,recovery_0_6,physical_availability,3,125,0.05021542389768208,0.09176450249365303,0.56,0.928,0.976,0.46045141515133853,33
reserve10,joint_gradual,primary,evaluation,recovery_0_6,physical_availability,4,120,0.054918889614377166,0.10226681546329487,0.55,0.95,0.9833333333333333,0.49910678776048967,29
reserve10,joint_gradual,primary,evaluation,recovery_0_6,physical_recovery,1,135,0.03669887697907553,0.06357063288302697,0.562962962962963,0.8888888888888888,0.9407407407407408,0.31592159419412336,32
reserve10,joint_gradual,primary,evaluation,recovery_0_6,physical_recovery,2,130,0.04586613453438034,0.08546536763957152,0.5230769230769231,0.9076923076923077,0.9769230769230769,0.4015491525818317,31
reserve10,joint_gradual,primary,evaluation,recovery_0_6,physical_recovery,3,125,0.050033702051986075,0.09176450249365303,0.528,0.92,0.976,0.45724845976081346,33
reserve10,joint_gradual,primary,evaluation,recovery_0_6,physical_recovery,4,120,0.05478062311643968,0.10226681546329487,0.5416666666666666,0.95,0.9833333333333333,0.49464196012676387,29
reserve10,joint_gradual,primary,evaluation,recovery_0_6,previous_day,1,135,0.08157356003109016,0.12655746951609345,0.48148148148148145,0.8518518518518519,0.8962962962962963,0.6172774459102182,32
reserve10,joint_gradual,primary,evaluation,recovery_0_6,previous_day,2,130,0.07532748755450352,0.11631239618246336,0.5,0.8615384615384616,0.9230769230769231,0.6398702435634157,31
reserve10,joint_gradual,primary,evaluation,recovery_0_6,previous_day,3,125,0.06928599000692176,0.10501287160238094,0.504,0.888,0.968,0.6829138215809522,33
reserve10,joint_gradual,primary,evaluation,recovery_0_6,previous_day,4,120,0.07841423643443522,0.1191525891313244,0.5,0.875,0.9666666666666667,0.7298181836011904,29
reserve10,joint_gradual,primary,evaluation,recovery_0_6,raw,1,135,0.03651436615091841,0.06357063288302697,0.5259259259259259,0.7925925925925926,0.9185185185185185,0.29980362792769033,32
reserve10,joint_gradual,primary,evaluation,recovery_0_6,raw,2,130,0.04538566086264884,0.08546536763957152,0.3769230769230769,0.8076923076923077,0.9307692307692308,0.37808120266354556,31
reserve10,joint_gradual,primary,evaluation,recovery_0_6,raw,3,125,0.049276992079114804,0.09176450249365303,0.376,0.816,0.936,0.42646254470323136,33
reserve10,joint_gradual,primary,evaluation,recovery_0_6,raw,4,120,0.05417617589462256,0.10226681546329487,0.36666666666666664,0.775,0.925,0.4601975668051066,29
reserve10,joint_gradual,primary,evaluation,recovery_0_6,recency,1,135,0.036698106061210545,0.06357063288302697,0.5555555555555556,0.8666666666666667,0.9407407407407408,0.3143624034901217,32
reserve10,joint_gradual,primary,evaluation,recovery_0_6,recency,2,130,0.045791193829107235,0.08546536763957152,0.5153846153846153,0.9153846153846154,0.9769230769230769,0.39964362819249927,31
reserve10,joint_gradual,primary,evaluation,recovery_0_6,recency,3,125,0.04988448765265963,0.09176450249365303,0.544,0.928,0.976,0.4550677943565848,33
reserve10,joint_gradual,primary,evaluation,recovery_0_6,recency,4,120,0.05472081819183038,0.10226681546329487,0.525,0.9166666666666666,0.975,0.4931541135211522,29
reserve10,joint_gradual,primary,evaluation,recovery_0_6,rolling,1,135,0.0367139921097816,0.06357063288302697,0.5703703703703704,0.8666666666666667,0.9407407407407408,0.3126700327362538,32
reserve10,joint_gradual,primary,evaluation,recovery_0_6,rolling,2,130,0.0458329780633345,0.08546536763957152,0.5153846153846153,0.9153846153846154,0.9692307692307692,0.39983566968242235,31
reserve10,joint_gradual,primary,evaluation,recovery_0_6,rolling,3,125,0.049933656911466236,0.09176450249365303,0.52,0.92,0.976,0.4553101734561051,33
reserve10,joint_gradual,primary,evaluation,recovery_0_6,rolling,4,120,0.05469541333441449,0.10226681546329487,0.525,0.9166666666666666,0.975,0.49312100916199747,29
reserve10,joint_gradual,primary,evaluation,recovery_0_6,single_imputation,1,135,0.044431364087632964,0.06696777501668812,0.6222222222222222,0.8,0.8592592592592593,0.25919447886178365,32
reserve10,joint_gradual,primary,evaluation,recovery_0_6,single_imputation,2,130,0.05464892533215244,0.09186214689297488,0.4846153846153846,0.7615384615384615,0.823076923076923,0.3112092747311414,31
reserve10,joint_gradual,primary,evaluation,recovery_0_6,single_imputation,3,125,0.05475405231535385,0.0940284334107601,0.512,0.768,0.856,0.33130102861222294,33
reserve10,joint_gradual,primary,evaluation,recovery_0_6,single_imputation,4,120,0.06182664983242727,0.10740103809907235,0.5083333333333333,0.6666666666666666,0.8083333333333333,0.35010534450376907,29
reserve10,joint_gradual,primary,evaluation,recovery_6_24,aci_bounded,1,412,0.03745087345447494,0.05866703115109794,0.46601941747572817,0.7888349514563107,0.8786407766990292,0.3060049103043399,45
reserve10,joint_gradual,primary,evaluation,recovery_6_24,aci_bounded,2,418,0.05375151483036856,0.08961226703412552,0.48086124401913877,0.7727272727272727,0.8755980861244019,0.4070311120170615,45
reserve10,joint_gradual,primary,evaluation,recovery_6_24,aci_bounded,3,424,0.06060736595258216,0.10582274001577409,0.4858490566037736,0.7547169811320755,0.8584905660377359,0.42949882637562947,45
reserve10,joint_gradual,primary,evaluation,recovery_6_24,aci_bounded,4,429,0.06270838456268728,0.10911590758061598,0.5128205128205128,0.7738927738927739,0.8648018648018648,0.43612550470616274,45
reserve10,joint_gradual,primary,evaluation,recovery_6_24,carry_forward,1,412,0.03975941902670152,0.06159080142392368,0.42718446601941745,0.6844660194174758,0.8106796116504854,0.32519009570375945,45
reserve10,joint_gradual,primary,evaluation,recovery_6_24,carry_forward,2,418,0.055544358382022464,0.09195465232364729,0.38516746411483255,0.6363636363636364,0.8038277511961722,0.3918349716823984,45
reserve10,joint_gradual,primary,evaluation,recovery_6_24,carry_forward,3,424,0.06233266263784493,0.10735038264366731,0.3608490566037736,0.6533018867924528,0.7617924528301887,0.4028888737327044,45
reserve10,joint_gradual,primary,evaluation,recovery_6_24,carry_forward,4,429,0.06405884035553897,0.10980605935908952,0.38461538461538464,0.6666666666666666,0.7738927738927739,0.401641300529234,45
reserve10,joint_gradual,primary,evaluation,recovery_6_24,geometric_persistence,1,412,0.047858060223875155,0.0743530725338834,0.5606796116504854,0.8689320388349514,0.9514563106796117,0.47600389813064375,45
reserve10,joint_gradual,primary,evaluation,recovery_6_24,geometric_persistence,2,418,0.07489649601484244,0.1261659661893705,0.5598086124401914,0.8588516746411483,0.9473684210526315,0.5955189043325331,45
reserve10,joint_gradual,primary,evaluation,recovery_6_24,geometric_persistence,3,424,0.09665516414151358,0.17058660626138977,0.5400943396226415,0.8514150943396226,0.9363207547169812,0.7084234493112497,45
reserve10,joint_gradual,primary,evaluation,recovery_6_24,geometric_persistence,4,429,0.11392239668796551,0.21078772714632396,0.5431235431235432,0.8251748251748252,0.9207459207459208,0.7659070021533617,45
reserve10,joint_gradual,primary,evaluation,recovery_6_24,mask50,1,412,0.03744330772523456,0.05866703115109794,0.470873786407767,0.7912621359223301,0.8883495145631068,0.3106225325454053,45
reserve10,joint_gradual,primary,evaluation,recovery_6_24,mask50,2,418,0.05369789232009021,0.08961226703412552,0.49521531100478466,0.7751196172248804,0.8899521531100478,0.4107316598861279,45
reserve10,joint_gradual,primary,evaluation,recovery_6_24,mask50,3,424,0.06063124944488624,0.10582274001577409,0.5047169811320755,0.7547169811320755,0.8561320754716981,0.4331309275015918,45
reserve10,joint_gradual,primary,evaluation,recovery_6_24,mask50,4,429,0.06277265092395191,0.10911590758061598,0.5221445221445221,0.7738927738927739,0.8554778554778555,0.4366452508112734,45
reserve10,joint_gradual,primary,evaluation,recovery_6_24,mi_recency,1,412,0.041772693248760324,0.06557965847023521,0.5218446601941747,0.808252427184466,0.9150485436893204,0.3068983931814407,45
reserve10,joint_gradual,primary,evaluation,recovery_6_24,mi_recency,2,418,0.06042317261092835,0.0975244231642605,0.5,0.7870813397129187,0.8899521531100478,0.39634836842133725,45
reserve10,joint_gradual,primary,evaluation,recovery_6_24,mi_recency,3,424,0.0673705628570729,0.10913890274825942,0.4882075471698113,0.7877358490566038,0.8962264150943396,0.4378725463479916,45
reserve10,joint_gradual,primary,evaluation,recovery_6_24,mi_recency,4,429,0.07243152009394124,0.11788706294357659,0.4801864801864802,0.7948717948717948,0.8834498834498834,0.4669117727685357,45
reserve10,joint_gradual,primary,evaluation,recovery_6_24,multiple_imputation,1,412,0.04181741834470658,0.06557965847023521,0.6213592233009708,0.808252427184466,0.8689320388349514,0.2586875581718624,45
reserve10,joint_gradual,primary,evaluation,recovery_6_24,multiple_imputation,2,418,0.061406423818631393,0.0975244231642605,0.5191387559808612,0.7535885167464115,0.8181818181818182,0.31185613949119056,45
reserve10,joint_gradual,primary,evaluation,recovery_6_24,multiple_imputation,3,424,0.06929175965796139,0.10913890274825942,0.5094339622641509,0.7216981132075472,0.8042452830188679,0.32950211699752374,45
reserve10,joint_gradual,primary,evaluation,recovery_6_24,multiple_imputation,4,429,0.07497046702194247,0.11788706294357659,0.4731934731934732,0.710955710955711,0.8111888111888111,0.34030012280181515,45
reserve10,joint_gradual,primary,evaluation,recovery_6_24,persistence,1,412,0.066104770750113,0.12024420632837782,0.5679611650485437,0.8470873786407767,0.9563106796116505,0.5498826795572013,45
reserve10,joint_gradual,primary,evaluation,recovery_6_24,persistence,2,418,0.10470908125811688,0.20670912339584754,0.5454545454545454,0.8325358851674641,0.9401913875598086,0.7108883443146216,45
reserve10,joint_gradual,primary,evaluation,recovery_6_24,persistence,3,424,0.13183392710182046,0.2717629968620142,0.5259433962264151,0.8113207547169812,0.9221698113207547,0.8227314636824916,45
reserve10,joint_gradual,primary,evaluation,recovery_6_24,persistence,4,429,0.14930978481162563,0.31488990357593794,0.5128205128205128,0.7948717948717948,0.916083916083916,0.8855517845199938,45
reserve10,joint_gradual,primary,evaluation,recovery_6_24,physical,1,412,0.03730817341133648,0.05866703115109794,0.46359223300970875,0.7936893203883495,0.8932038834951457,0.312286893526388,45
reserve10,joint_gradual,primary,evaluation,recovery_6_24,physical,2,418,0.05369400047829442,0.08961226703412552,0.5119617224880383,0.7870813397129187,0.8923444976076556,0.41295465213725174,45
reserve10,joint_gradual,primary,evaluation,recovery_6_24,physical,3,424,0.060554761148100246,0.10582274001577409,0.4882075471698113,0.7665094339622641,0.8608490566037735,0.43490652508037614,45
reserve10,joint_gradual,primary,evaluation,recovery_6_24,physical,4,429,0.06276563521036041,0.10911590758061598,0.5244755244755245,0.7855477855477856,0.8648018648018648,0.43949205453277607,45
reserve10,joint_gradual,primary,evaluation,recovery_6_24,physical_availability,1,412,0.03731755572500674,0.05866703115109794,0.46601941747572817,0.7936893203883495,0.9029126213592233,0.31413777426300366,45
reserve10,joint_gradual,primary,evaluation,recovery_6_24,physical_availability,2,418,0.053628445561054304,0.08961226703412552,0.507177033492823,0.7894736842105263,0.8923444976076556,0.4144303220308571,45
reserve10,joint_gradual,primary,evaluation,recovery_6_24,physical_availability,3,424,0.060567918503046325,0.10582274001577409,0.4882075471698113,0.7641509433962265,0.8608490566037735,0.43659251099992785,45
reserve10,joint_gradual,primary,evaluation,recovery_6_24,physical_availability,4,429,0.06278452765713126,0.10911590758061598,0.5291375291375291,0.7785547785547785,0.8648018648018648,0.4404812854752757,45
reserve10,joint_gradual,primary,evaluation,recovery_6_24,physical_recovery,1,412,0.03733070388521988,0.05866703115109794,0.4684466019417476,0.7912621359223301,0.9029126213592233,0.31351354245435203,45
reserve10,joint_gradual,primary,evaluation,recovery_6_24,physical_recovery,2,418,0.053670863477582036,0.08961226703412552,0.5143540669856459,0.7822966507177034,0.8995215311004785,0.4132443335999319,45
reserve10,joint_gradual,primary,evaluation,recovery_6_24,physical_recovery,3,424,0.0606513625830538,0.10582274001577409,0.5023584905660378,0.7617924528301887,0.8608490566037735,0.4360003970760264,45
reserve10,joint_gradual,primary,evaluation,recovery_6_24,physical_recovery,4,429,0.06294476894693285,0.10911590758061598,0.5268065268065268,0.7832167832167832,0.8578088578088578,0.44162336297026,45
reserve10,joint_gradual,primary,evaluation,recovery_6_24,previous_day,1,412,0.10889419761871248,0.17085990525384304,0.47572815533980584,0.7378640776699029,0.8567961165048543,0.6483746871175919,45
reserve10,joint_gradual,primary,evaluation,recovery_6_24,previous_day,2,418,0.1113325220564258,0.17616352324775003,0.4665071770334928,0.7583732057416268,0.8588516746411483,0.6641296965009291,45
reserve10,joint_gradual,primary,evaluation,recovery_6_24,previous_day,3,424,0.11158866463022739,0.17707823268966194,0.47877358490566035,0.7617924528301887,0.8679245283018868,0.6789999697656949,45
reserve10,joint_gradual,primary,evaluation,recovery_6_24,previous_day,4,429,0.10880090048532816,0.1723175940805722,0.4825174825174825,0.7715617715617715,0.8741258741258742,0.6820275534146408,45
reserve10,joint_gradual,primary,evaluation,recovery_6_24,raw,1,412,0.037618788361641196,0.05866703115109794,0.38349514563106796,0.6723300970873787,0.8446601941747572,0.2963682838930496,45
reserve10,joint_gradual,primary,evaluation,recovery_6_24,raw,2,418,0.054269584392060144,0.08961226703412552,0.37559808612440193,0.6626794258373205,0.7966507177033493,0.3871182371561597,45
reserve10,joint_gradual,primary,evaluation,recovery_6_24,raw,3,424,0.06149160144973542,0.10582274001577409,0.37028301886792453,0.6533018867924528,0.7759433962264151,0.4019626408788276,45
reserve10,joint_gradual,primary,evaluation,recovery_6_24,raw,4,429,0.06363274409906566,0.10911590758061598,0.3752913752913753,0.6503496503496503,0.7785547785547785,0.40243093017785975,45
reserve10,joint_gradual,primary,evaluation,recovery_6_24,recency,1,412,0.0374493592152764,0.05866703115109794,0.46601941747572817,0.7815533980582524,0.883495145631068,0.30819837308914166,45
reserve10,joint_gradual,primary,evaluation,recovery_6_24,recency,2,418,0.0537630241157079,0.08961226703412552,0.49760765550239233,0.7751196172248804,0.8803827751196173,0.4077617239997577,45
reserve10,joint_gradual,primary,evaluation,recovery_6_24,recency,3,424,0.06065629194726502,0.10582274001577409,0.49528301886792453,0.7547169811320755,0.8514150943396226,0.43053564651183657,45
reserve10,joint_gradual,primary,evaluation,recovery_6_24,recency,4,429,0.06283877203206364,0.10911590758061598,0.5151515151515151,0.7762237762237763,0.8484848484848485,0.43410134345978374,45
reserve10,joint_gradual,primary,evaluation,recovery_6_24,rolling,1,412,0.03744391282246071,0.05866703115109794,0.470873786407767,0.7864077669902912,0.883495145631068,0.30775648248840565,45
reserve10,joint_gradual,primary,evaluation,recovery_6_24,rolling,2,418,0.05375022467662678,0.08961226703412552,0.4904306220095694,0.777511961722488,0.8732057416267942,0.4073926247076566,45
reserve10,joint_gradual,primary,evaluation,recovery_6_24,rolling,3,424,0.060567088840305316,0.10582274001577409,0.49764150943396224,0.7523584905660378,0.8537735849056604,0.4297478090310063,45
reserve10,joint_gradual,primary,evaluation,recovery_6_24,rolling,4,429,0.06275975370259575,0.10911590758061598,0.5174825174825175,0.7692307692307693,0.8531468531468531,0.4328604429812511,45
reserve10,joint_gradual,primary,evaluation,recovery_6_24,single_imputation,1,412,0.04182613312211397,0.06558872873315712,0.6213592233009708,0.808252427184466,0.8689320388349514,0.25857578253078434,45
reserve10,joint_gradual,primary,evaluation,recovery_6_24,single_imputation,2,418,0.061404789160299726,0.09752172286594565,0.5191387559808612,0.7535885167464115,0.8181818181818182,0.3118410954956582,45
reserve10,joint_gradual,primary,evaluation,recovery_6_24,single_imputation,3,424,0.06928233889656647,0.10912670508871272,0.5094339622641509,0.7216981132075472,0.8042452830188679,0.32947537326390913,45
reserve10,joint_gradual,primary,evaluation,recovery_6_24,single_imputation,4,429,0.07495718545032302,0.11786689077170862,0.4731934731934732,0.710955710955711,0.8111888111888111,0.34028894522628084,45
reserve10,joint_gradual,primary,warmup,normal,aci_bounded,1,220,0.04200089090195597,0.06723836438626632,0.4590909090909091,0.740909090909091,0.8818181818181818,0.3325404769707659,0
reserve10,joint_gradual,primary,warmup,normal,aci_bounded,2,220,0.06093468558045736,0.10395639449483692,0.4318181818181818,0.7272727272727273,0.8727272727272727,0.4787616961545353,0
reserve10,joint_gradual,primary,warmup,normal,aci_bounded,3,221,0.07131328631505165,0.12863576657347217,0.4796380090497738,0.7647058823529411,0.8733031674208145,0.5028814282562465,0
reserve10,joint_gradual,primary,warmup,normal,aci_bounded,4,222,0.0759851581427666,0.1404906986458725,0.4954954954954955,0.7252252252252253,0.8288288288288288,0.5089796451636279,0
reserve10,joint_gradual,primary,warmup,normal,carry_forward,1,220,0.046283793324978346,0.0720274909689731,0.40454545454545454,0.7045454545454546,0.8772727272727273,0.3898676221442182,0
reserve10,joint_gradual,primary,warmup,normal,carry_forward,2,220,0.063078805841058,0.1065065692841127,0.33181818181818185,0.6409090909090909,0.8363636363636363,0.4738405424556916,0
reserve10,joint_gradual,primary,warmup,normal,carry_forward,3,221,0.07209553125160287,0.12349772760561249,0.3393665158371041,0.6244343891402715,0.7873303167420814,0.4898872530916992,0
reserve10,joint_gradual,primary,warmup,normal,carry_forward,4,222,0.07600816531888642,0.13493154537244656,0.34684684684684686,0.6216216216216216,0.7657657657657657,0.4935258321924975,0
reserve10,joint_gradual,primary,warmup,normal,geometric_persistence,1,220,0.05280543816976869,0.08212385934489862,0.45,0.8090909090909091,0.8863636363636364,0.37023515550771785,0
reserve10,joint_gradual,primary,warmup,normal,geometric_persistence,2,220,0.08063739219003098,0.13226837520964096,0.4863636363636364,0.7909090909090909,0.8818181818181818,0.513909701446525,0
reserve10,joint_gradual,primary,warmup,normal,geometric_persistence,3,221,0.09912279554715844,0.17525192216595467,0.45248868778280543,0.7782805429864253,0.8959276018099548,0.6297290098674387,0
reserve10,joint_gradual,primary,warmup,normal,geometric_persistence,4,222,0.11628328115953623,0.21808406331777672,0.45495495495495497,0.7702702702702703,0.8828828828828829,0.6758956913174107,0
reserve10,joint_gradual,primary,warmup,normal,mask50,1,220,0.04200744363626511,0.06723836438626632,0.4681818181818182,0.740909090909091,0.8863636363636364,0.33513849400437773,0
reserve10,joint_gradual,primary,warmup,normal,mask50,2,220,0.06096320125144361,0.10395639449483692,0.43636363636363634,0.7272727272727273,0.8818181818181818,0.4830031162704933,0
reserve10,joint_gradual,primary,warmup,normal,mask50,3,221,0.07135637654136379,0.12863576657347217,0.4660633484162896,0.746606334841629,0.8733031674208145,0.5051048210077651,0
reserve10,joint_gradual,primary,warmup,normal,mask50,4,222,0.07603155138958738,0.1404906986458725,0.481981981981982,0.7162162162162162,0.8198198198198198,0.5107341009349877,0
reserve10,joint_gradual,primary,warmup,normal,mi_recency,1,220,0.04698498091064241,0.07503835448996134,0.5909090909090909,0.8136363636363636,0.8954545454545455,0.3051308315511713,0
reserve10,joint_gradual,primary,warmup,normal,mi_recency,2,220,0.06278822628750257,0.10624741074421575,0.5227272727272727,0.8136363636363636,0.8818181818181818,0.41526757686681387,0
reserve10,joint_gradual,primary,warmup,normal,mi_recency,3,221,0.07261004565734737,0.12465127721251913,0.5067873303167421,0.7828054298642534,0.8914027149321267,0.49711658579582685,0
reserve10,joint_gradual,primary,warmup,normal,mi_recency,4,222,0.07872181021807949,0.13643493083233915,0.5225225225225225,0.7702702702702703,0.8873873873873874,0.5200999904942352,0
reserve10,joint_gradual,primary,warmup,normal,multiple_imputation,1,220,0.04731426827018763,0.07503835448996134,0.5954545454545455,0.7954545454545454,0.85,0.2539041425600869,0
reserve10,joint_gradual,primary,warmup,normal,multiple_imputation,2,220,0.06443478100848164,0.10624741074421575,0.4590909090909091,0.6909090909090909,0.8136363636363636,0.30963237364255275,0
reserve10,joint_gradual,primary,warmup,normal,multiple_imputation,3,221,0.07562801001544651,0.12465127721251913,0.3891402714932127,0.665158371040724,0.7828054298642534,0.33152793999023594,0
reserve10,joint_gradual,primary,warmup,normal,multiple_imputation,4,222,0.08261549826262335,0.13643493083233915,0.3738738738738739,0.6261261261261262,0.7477477477477478,0.34995629555983965,0
reserve10,joint_gradual,primary,warmup,normal,persistence,1,220,0.07311435320776805,0.1282073105790043,0.5681818181818182,0.8045454545454546,0.9136363636363637,0.46144644685352404,0
reserve10,joint_gradual,primary,warmup,normal,persistence,2,220,0.10895671172173585,0.20823266878787877,0.5409090909090909,0.8136363636363636,0.8636363636363636,0.6470390988460497,0
reserve10,joint_gradual,primary,warmup,normal,persistence,3,221,0.13148051223344387,0.2654381621114792,0.502262443438914,0.7828054298642534,0.8733031674208145,0.7478635598741179,0
reserve10,joint_gradual,primary,warmup,normal,persistence,4,222,0.1418049735615103,0.300916808600118,0.481981981981982,0.8063063063063063,0.8783783783783784,0.7903364733396343,0
reserve10,joint_gradual,primary,warmup,normal,physical,1,220,0.04198754497070819,0.06723836438626632,0.4727272727272727,0.75,0.8863636363636364,0.3372032715732299,0
reserve10,joint_gradual,primary,warmup,normal,physical,2,220,0.06088976857295922,0.10395639449483692,0.4409090909090909,0.7272727272727273,0.8909090909090909,0.4840221759481381,0
reserve10,joint_gradual,primary,warmup,normal,physical,3,221,0.07127418005154289,0.12863576657347217,0.4796380090497738,0.7647058823529411,0.8733031674208145,0.5065360788307596,0
reserve10,joint_gradual,primary,warmup,normal,physical,4,222,0.07603150984055798,0.1404906986458725,0.4864864864864865,0.7432432432432432,0.8378378378378378,0.5131427940406222,0
reserve10,joint_gradual,primary,warmup,normal,physical_availability,1,220,0.042006214170888186,0.06723836438626632,0.4727272727272727,0.7545454545454545,0.8909090909090909,0.3393525632364487,0
reserve10,joint_gradual,primary,warmup,normal,physical_availability,2,220,0.06091657206604403,0.10395639449483692,0.42727272727272725,0.7318181818181818,0.8909090909090909,0.4854170362225153,0
reserve10,joint_gradual,primary,warmup,normal,physical_availability,3,221,0.07131669204268747,0.12863576657347217,0.47058823529411764,0.7601809954751131,0.8642533936651584,0.5082960491696397,0
reserve10,joint_gradual,primary,warmup,normal,physical_availability,4,222,0.07610767847302663,0.1404906986458725,0.4774774774774775,0.7252252252252253,0.8333333333333334,0.5139405698640142,0
reserve10,joint_gradual,primary,warmup,normal,physical_recovery,1,220,0.04201821253445714,0.06723836438626632,0.4727272727272727,0.7636363636363637,0.8954545454545455,0.34153028654477147,0
reserve10,joint_gradual,primary,warmup,normal,physical_recovery,2,220,0.06090981077070668,0.10395639449483692,0.45,0.7272727272727273,0.8909090909090909,0.48506223526148656,0
reserve10,joint_gradual,primary,warmup,normal,physical_recovery,3,221,0.07134565250431384,0.12863576657347217,0.45701357466063347,0.746606334841629,0.8642533936651584,0.5064463321155077,0
reserve10,joint_gradual,primary,warmup,normal,physical_recovery,4,222,0.0761167580524919,0.1404906986458725,0.4774774774774775,0.7207207207207207,0.8198198198198198,0.5161073205577932,0
reserve10,joint_gradual,primary,warmup,normal,previous_day,1,220,0.1110356295515398,0.1687831453652597,0.32727272727272727,0.6681818181818182,0.8318181818181818,0.5509150182912269,0
reserve10,joint_gradual,primary,warmup,normal,previous_day,2,220,0.10946512129103132,0.1672442015029762,0.33636363636363636,0.6909090909090909,0.8409090909090909,0.571182169687669,0
reserve10,joint_gradual,primary,warmup,normal,previous_day,3,221,0.10847259057524933,0.1666583324929972,0.334841628959276,0.7013574660633484,0.8597285067873304,0.5906799123915911,0
reserve10,joint_gradual,primary,warmup,normal,previous_day,4,222,0.10839541721008955,0.16726133875382077,0.3333333333333333,0.7162162162162162,0.8603603603603603,0.5998052703312687,0
reserve10,joint_gradual,primary,warmup,normal,raw,1,220,0.04211563604903419,0.06723836438626632,0.38181818181818183,0.6863636363636364,0.8681818181818182,0.3271313891430648,0
reserve10,joint_gradual,primary,warmup,normal,raw,2,220,0.0614218321947888,0.10395639449483692,0.3181818181818182,0.5818181818181818,0.8272727272727273,0.4689763912943176,0
reserve10,joint_gradual,primary,warmup,normal,raw,3,221,0.07191860829642455,0.12863576657347217,0.3665158371040724,0.5882352941176471,0.7828054298642534,0.4814962238541265,0
reserve10,joint_gradual,primary,warmup,normal,raw,4,222,0.07665839499975012,0.1404906986458725,0.3918918918918919,0.5720720720720721,0.7657657657657657,0.48823551798359094,0
reserve10,joint_gradual,primary,warmup,normal,recency,1,220,0.042000739634992325,0.06723836438626632,0.4636363636363636,0.7454545454545455,0.8818181818181818,0.33358454626753015,0
reserve10,joint_gradual,primary,warmup,normal,recency,2,220,0.06096593146783958,0.10395639449483692,0.4318181818181818,0.7227272727272728,0.8772727272727273,0.48021024434104,0
reserve10,joint_gradual,primary,warmup,normal,recency,3,221,0.07130266013883826,0.12863576657347217,0.47058823529411764,0.755656108597285,0.8733031674208145,0.5029400073420724,0
reserve10,joint_gradual,primary,warmup,normal,recency,4,222,0.07604540982867444,0.1404906986458725,0.4864864864864865,0.7207207207207207,0.8198198198198198,0.5102213510792019,0
reserve10,joint_gradual,primary,warmup,normal,rolling,1,220,0.04199865368783301,0.06723836438626632,0.4590909090909091,0.7363636363636363,0.8818181818181818,0.33285789281515027,0
reserve10,joint_gradual,primary,warmup,normal,rolling,2,220,0.06096433256049816,0.10395639449483692,0.42272727272727273,0.7227272727272728,0.8727272727272727,0.47809742423659934,0
reserve10,joint_gradual,primary,warmup,normal,rolling,3,221,0.07125833547631842,0.12863576657347217,0.4751131221719457,0.755656108597285,0.8687782805429864,0.5012339867829011,0
reserve10,joint_gradual,primary,warmup,normal,rolling,4,222,0.0759855805044713,0.1404906986458725,0.4954954954954955,0.7162162162162162,0.8153153153153153,0.5059310963696962,0
reserve10,joint_gradual,primary,warmup,normal,single_imputation,1,220,0.0473380775686415,0.07513111812312799,0.5954545454545455,0.7954545454545454,0.85,0.25389610406179136,0
reserve10,joint_gradual,primary,warmup,normal,single_imputation,2,220,0.0644361305917547,0.10629795761613636,0.4590909090909091,0.6909090909090909,0.8136363636363636,0.3094646424078994,0
reserve10,joint_gradual,primary,warmup,normal,single_imputation,3,221,0.07559253555013236,0.12461764624305158,0.3891402714932127,0.665158371040724,0.7828054298642534,0.3313843765434757,0
reserve10,joint_gradual,primary,warmup,normal,single_imputation,4,222,0.0827411118362743,0.13664922807811034,0.3738738738738739,0.6261261261261262,0.7477477477477478,0.3497673811566771,0
reserve10,joint_gradual,primary,warmup,outage,aci_bounded,1,30,0.0862083840664427,0.16410429257883405,0.5333333333333333,0.7666666666666667,0.9333333333333333,0.6230625078148975,4
reserve10,joint_gradual,primary,warmup,outage,aci_bounded,2,30,0.08098184149998769,0.149657521573865,0.5666666666666667,0.8,0.9,0.602157279316709,4
reserve10,joint_gradual,primary,warmup,outage,aci_bounded,3,29,0.08358124289076982,0.17436674412678063,0.5517241379310345,0.8275862068965517,0.9310344827586207,0.593783312256203,4
reserve10,joint_gradual,primary,warmup,outage,aci_bounded,4,28,0.08278416438188996,0.18606392255864593,0.5357142857142857,0.8928571428571429,0.9285714285714286,0.5643092877520421,4
reserve10,joint_gradual,primary,warmup,outage,carry_forward,1,30,0.11366285833153272,0.2326007965665398,0.23333333333333334,0.5666666666666667,0.7,0.5196765438419578,4
reserve10,joint_gradual,primary,warmup,outage,carry_forward,2,30,0.10626255969220483,0.23014356612140505,0.16666666666666666,0.6,0.7666666666666667,0.5540603360677917,4
reserve10,joint_gradual,primary,warmup,outage,carry_forward,3,29,0.09792764393396808,0.22911216608137272,0.1724137931034483,0.5517241379310345,0.7241379310344828,0.5328705615499656,4
reserve10,joint_gradual,primary,warmup,outage,carry_forward,4,28,0.09422873871336235,0.21274626682700215,0.07142857142857142,0.4642857142857143,0.6785714285714286,0.5122216655664814,4
reserve10,joint_gradual,primary,warmup,outage,geometric_persistence,1,30,0.2810865143930146,0.37537766734299693,0.23333333333333334,0.3,0.4,0.2916443356034129,4
reserve10,joint_gradual,primary,warmup,outage,geometric_persistence,2,30,0.22078316855625013,0.37515417167133,0.23333333333333334,0.4666666666666667,0.5333333333333333,0.42442873551009097,4
reserve10,joint_gradual,primary,warmup,outage,geometric_persistence,3,29,0.18697855238427033,0.38057192040629967,0.2413793103448276,0.5862068965517241,0.7241379310344828,0.5628148085284231,4
reserve10,joint_gradual,primary,warmup,outage,geometric_persistence,4,28,0.1661016822170757,0.37354281498673375,0.25,0.6785714285714286,0.8214285714285714,0.603162528970247,4
reserve10,joint_gradual,primary,warmup,outage,mask50,1,30,0.08624728572683692,0.16410429257883405,0.5333333333333333,0.7666666666666667,0.9333333333333333,0.6235670517118684,4
reserve10,joint_gradual,primary,warmup,outage,mask50,2,30,0.08057444731984871,0.149657521573865,0.5666666666666667,0.8,0.9333333333333333,0.5978289783440904,4
reserve10,joint_gradual,primary,warmup,outage,mask50,3,29,0.08340851881511156,0.17436674412678063,0.5517241379310345,0.8275862068965517,0.9310344827586207,0.5905671452038843,4
reserve10,joint_gradual,primary,warmup,outage,mask50,4,28,0.08287737143310334,0.18606392255864593,0.5,0.8928571428571429,0.9285714285714286,0.5658273280438924,4
reserve10,joint_gradual,primary,warmup,outage,mi_recency,1,30,0.07998307117514578,0.15638721144952486,0.4,0.7666666666666667,0.9333333333333333,0.5300347388662916,4
reserve10,joint_gradual,primary,warmup,outage,mi_recency,2,30,0.08408304620139098,0.1612092068971706,0.26666666666666666,0.7666666666666667,0.9,0.5026399141281577,4
reserve10,joint_gradual,primary,warmup,outage,mi_recency,3,29,0.10029721305178516,0.18205049990498254,0.3448275862068966,0.6551724137931034,0.7931034482758621,0.5214961817420485,4
reserve10,joint_gradual,primary,warmup,outage,mi_recency,4,28,0.09508032992140954,0.1763635765110326,0.35714285714285715,0.6071428571428571,0.8214285714285714,0.5155988157987491,4
reserve10,joint_gradual,primary,warmup,outage,multiple_imputation,1,30,0.07998494676321609,0.15638721144952486,0.4,0.7333333333333333,0.8666666666666667,0.4744871687026995,4
reserve10,joint_gradual,primary,warmup,outage,multiple_imputation,2,30,0.088053125096878,0.1612092068971706,0.26666666666666666,0.6333333333333333,0.7666666666666667,0.409347022486696,4
reserve10,joint_gradual,primary,warmup,outage,multiple_imputation,3,29,0.11092495481619126,0.18205049990498254,0.3103448275862069,0.4482758620689655,0.5517241379310345,0.3896110226351272,4
reserve10,joint_gradual,primary,warmup,outage,multiple_imputation,4,28,0.10849842069260654,0.1763635765110326,0.2857142857142857,0.5,0.5714285714285714,0.37721360609649374,4
reserve10,joint_gradual,primary,warmup,outage,persistence,1,30,0.252432258506413,0.37050129122023806,0.26666666666666666,0.3333333333333333,0.43333333333333335,0.34274136180431547,4
reserve10,joint_gradual,primary,warmup,outage,persistence,2,30,0.19713380563688704,0.37149949626488094,0.3,0.4666666666666667,0.6333333333333333,0.4935630088541666,4
reserve10,joint_gradual,primary,warmup,outage,persistence,3,29,0.17681891764596894,0.3830219368688424,0.3103448275862069,0.6206896551724138,0.7586206896551724,0.6021148391587129,4
reserve10,joint_gradual,primary,warmup,outage,persistence,4,28,0.15439387725013662,0.37033603936543363,0.35714285714285715,0.6785714285714286,0.8214285714285714,0.6338287016369047,4
reserve10,joint_gradual,primary,warmup,outage,physical,1,30,0.0861413998087002,0.16410429257883405,0.5333333333333333,0.8,0.9333333333333333,0.6262243261113887,4
reserve10,joint_gradual,primary,warmup,outage,physical,2,30,0.08083962042233835,0.149657521573865,0.5666666666666667,0.8,0.9333333333333333,0.6040251046225689,4
reserve10,joint_gradual,primary,warmup,outage,physical,3,29,0.08320295077000349,0.17436674412678063,0.6551724137931034,0.8620689655172413,0.9655172413793104,0.595981609843254,4
reserve10,joint_gradual,primary,warmup,outage,physical,4,28,0.08242440763727188,0.18606392255864593,0.5357142857142857,0.8928571428571429,0.9285714285714286,0.572233290747627,4
reserve10,joint_gradual,primary,warmup,outage,physical_availability,1,30,0.0861501084272033,0.16410429257883405,0.5333333333333333,0.8,0.9333333333333333,0.6241238078844525,4
reserve10,joint_gradual,primary,warmup,outage,physical_availability,2,30,0.08087880113291192,0.149657521573865,0.5666666666666667,0.8,0.9,0.6000176385234017,4
reserve10,joint_gradual,primary,warmup,outage,physical_availability,3,29,0.08342161731378499,0.17436674412678063,0.6551724137931034,0.8275862068965517,0.9310344827586207,0.5921672352609512,4
reserve10,joint_gradual,primary,warmup,outage,physical_availability,4,28,0.08249333504384841,0.18606392255864593,0.5714285714285714,0.8928571428571429,0.9285714285714286,0.5728605870488847,4
reserve10,joint_gradual,primary,warmup,outage,physical_recovery,1,30,0.0861501084272033,0.16410429257883405,0.5333333333333333,0.8,0.9333333333333333,0.6241238078844525,4
reserve10,joint_gradual,primary,warmup,outage,physical_recovery,2,30,0.08087880113291192,0.149657521573865,0.5666666666666667,0.8,0.9,0.6000176385234017,4
reserve10,joint_gradual,primary,warmup,outage,physical_recovery,3,29,0.08342161731378499,0.17436674412678063,0.6551724137931034,0.8275862068965517,0.9310344827586207,0.5921672352609512,4
reserve10,joint_gradual,primary,warmup,outage,physical_recovery,4,28,0.08249333504384841,0.18606392255864593,0.5714285714285714,0.8928571428571429,0.9285714285714286,0.5728605870488847,4
reserve10,joint_gradual,primary,warmup,outage,previous_day,1,30,0.09475988959185444,0.1549969332093254,0.3333333333333333,0.7666666666666667,0.8333333333333334,0.538878527079613,4
reserve10,joint_gradual,primary,warmup,outage,previous_day,2,30,0.09789898683887825,0.16706163421626982,0.26666666666666666,0.7333333333333333,0.8333333333333334,0.5599665399243551,4
reserve10,joint_gradual,primary,warmup,outage,previous_day,3,29,0.10316944339029145,0.17874120949302133,0.27586206896551724,0.6896551724137931,0.8275862068965517,0.5821761117046387,4
reserve10,joint_gradual,primary,warmup,outage,previous_day,4,28,0.10003824961970055,0.17280988115433674,0.2857142857142857,0.6428571428571429,0.8214285714285714,0.5563965762967688,4
reserve10,joint_gradual,primary,warmup,outage,raw,1,30,0.08629282553690772,0.16410429257883405,0.5,0.7333333333333333,0.8333333333333334,0.611780724096339,4
reserve10,joint_gradual,primary,warmup,outage,raw,2,30,0.08066205794270519,0.149657521573865,0.5,0.7666666666666667,0.8333333333333334,0.5789050252539126,4
reserve10,joint_gradual,primary,warmup,outage,raw,3,29,0.08444266630699637,0.17436674412678063,0.41379310344827586,0.5517241379310345,0.7586206896551724,0.5596795956170307,4
reserve10,joint_gradual,primary,warmup,outage,raw,4,28,0.0851894670618972,0.18606392255864593,0.14285714285714285,0.5357142857142857,0.7142857142857143,0.5418468801689256,4
reserve10,joint_gradual,primary,warmup,outage,recency,1,30,0.0862072535854588,0.16410429257883405,0.5333333333333333,0.7666666666666667,0.9333333333333333,0.6236914395414868,4
reserve10,joint_gradual,primary,warmup,outage,recency,2,30,0.08052880918800637,0.149657521573865,0.5666666666666667,0.8,0.9333333333333333,0.5984351091636851,4
reserve10,joint_gradual,primary,warmup,outage,recency,3,29,0.08339752443727268,0.17436674412678063,0.5517241379310345,0.8275862068965517,0.9310344827586207,0.5904730407953619,4
reserve10,joint_gradual,primary,warmup,outage,recency,4,28,0.08278023475523641,0.18606392255864593,0.5,0.8928571428571429,0.9285714285714286,0.56585860093053,4
reserve10,joint_gradual,primary,warmup,outage,rolling,1,30,0.08615987675355898,0.16410429257883405,0.5333333333333333,0.7666666666666667,0.9333333333333333,0.6215256272389628,4
reserve10,joint_gradual,primary,warmup,outage,rolling,2,30,0.08059069496273019,0.149657521573865,0.5666666666666667,0.8,0.9,0.5950151597613786,4
reserve10,joint_gradual,primary,warmup,outage,rolling,3,29,0.08340483679798676,0.17436674412678063,0.5517241379310345,0.8275862068965517,0.9310344827586207,0.5860158205871843,4
reserve10,joint_gradual,primary,warmup,outage,rolling,4,28,0.08288262898865552,0.18606392255864593,0.5,0.8571428571428571,0.9285714285714286,0.5614627957246993,4
reserve10,joint_gradual,primary,warmup,outage,single_imputation,1,30,0.09571840243572897,0.14655678222465374,0.26666666666666666,0.43333333333333335,0.5333333333333333,0.26591427004100926,4
reserve10,joint_gradual,primary,warmup,outage,single_imputation,2,30,0.10239649672930613,0.160008635914398,0.3,0.5333333333333333,0.6333333333333333,0.3149271024895551,4
reserve10,joint_gradual,primary,warmup,outage,single_imputation,3,29,0.11491274919614825,0.17477433001871043,0.3103448275862069,0.4827586206896552,0.5517241379310345,0.34078262087286554,4
reserve10,joint_gradual,primary,warmup,outage,single_imputation,4,28,0.11353558860947933,0.17821659360993594,0.25,0.4642857142857143,0.5357142857142857,0.35014157523576594,4
reserve10,joint_gradual,primary,warmup,recovery_0_6,aci_bounded,1,4,0.011029522273087448,0.008838256501239903,0.5,1.0,1.0,0.21438381322118547,2
reserve10,joint_gradual,primary,warmup,recovery_0_6,aci_bounded,2,3,0.01582260130491536,0.024615906689268195,1.0,1.0,1.0,0.2071915004114231,2
reserve10,joint_gradual,primary,warmup,recovery_0_6,aci_bounded,3,3,0.022370770585011662,0.013673819917776267,1.0,1.0,1.0,0.23773850538081898,2
reserve10,joint_gradual,primary,warmup,recovery_0_6,aci_bounded,4,3,0.038989741873895256,0.042351336493680496,1.0,1.0,1.0,0.381255277498604,1
reserve10,joint_gradual,primary,warmup,recovery_0_6,carry_forward,1,4,0.011056917838131699,0.009913836890141234,1.0,1.0,1.0,0.23635359139025985,2
reserve10,joint_gradual,primary,warmup,recovery_0_6,carry_forward,2,3,0.015444461287403892,0.023923875152347358,0.3333333333333333,0.6666666666666666,0.6666666666666666,0.18936739595705218,2
reserve10,joint_gradual,primary,warmup,recovery_0_6,carry_forward,3,3,0.022756280069399466,0.03702242758313632,0.6666666666666666,0.6666666666666666,0.6666666666666666,0.2298323309752726,2
reserve10,joint_gradual,primary,warmup,recovery_0_6,carry_forward,4,3,0.037210420351310315,0.050356696133767066,0.6666666666666666,0.6666666666666666,0.6666666666666666,0.36344131608879865,1
reserve10,joint_gradual,primary,warmup,recovery_0_6,geometric_persistence,1,4,0.027224556438926992,0.02876984399008753,0.5,0.75,1.0,0.3679917240823903,2
reserve10,joint_gradual,primary,warmup,recovery_0_6,geometric_persistence,2,3,0.028613336810482518,0.023693162611141818,0.6666666666666666,1.0,1.0,0.4046718595209972,2
reserve10,joint_gradual,primary,warmup,recovery_0_6,geometric_persistence,3,3,0.06544570105864013,0.10184950558303973,0.3333333333333333,0.6666666666666666,0.6666666666666666,0.25142152162880077,2
reserve10,joint_gradual,primary,warmup,recovery_0_6,geometric_persistence,4,3,0.10319975751028032,0.21549252905125327,0.3333333333333333,0.6666666666666666,0.6666666666666666,0.3865162790674603,1
reserve10,joint_gradual,primary,warmup,recovery_0_6,mask50,1,4,0.011085904300233027,0.008838256501239903,0.5,1.0,1.0,0.21706725570122098,2
reserve10,joint_gradual,primary,warmup,recovery_0_6,mask50,2,3,0.016165623105944167,0.024615906689268195,0.6666666666666666,1.0,1.0,0.21680476937280524,2
reserve10,joint_gradual,primary,warmup,recovery_0_6,mask50,3,3,0.022191943938928847,0.013673819917776267,0.6666666666666666,1.0,1.0,0.2388443678808875,2
reserve10,joint_gradual,primary,warmup,recovery_0_6,mask50,4,3,0.03828222969544947,0.042351336493680496,0.6666666666666666,1.0,1.0,0.3819978397883313,1
reserve10,joint_gradual,primary,warmup,recovery_0_6,mi_recency,1,4,0.02566529845765814,0.04532992121945264,1.0,1.0,1.0,0.3344459584298859,2
reserve10,joint_gradual,primary,warmup,recovery_0_6,mi_recency,2,3,0.03924786918219183,0.07121726004022819,0.6666666666666666,1.0,1.0,0.3870200317223223,2
reserve10,joint_gradual,primary,warmup,recovery_0_6,mi_recency,3,3,0.03703454439060099,0.04290270667427278,1.0,1.0,1.0,0.46821467553997653,2
reserve10,joint_gradual,primary,warmup,recovery_0_6,mi_recency,4,3,0.03801591344695097,0.023978187713139695,1.0,1.0,1.0,0.5394803862143637,1
reserve10,joint_gradual,primary,warmup,recovery_0_6,multiple_imputation,1,4,0.024347934475288328,0.04532992121945264,1.0,1.0,1.0,0.26831067968225686,2
reserve10,joint_gradual,primary,warmup,recovery_0_6,multiple_imputation,2,3,0.035450071031079146,0.07121726004022819,0.6666666666666666,1.0,1.0,0.28798546311392254,2
reserve10,joint_gradual,primary,warmup,recovery_0_6,multiple_imputation,3,3,0.02857207252447047,0.04290270667427278,1.0,1.0,1.0,0.3073102843091409,2
reserve10,joint_gradual,primary,warmup,recovery_0_6,multiple_imputation,4,3,0.02690514877215941,0.023978187713139695,1.0,1.0,1.0,0.34179358249157277,1
reserve10,joint_gradual,primary,warmup,recovery_0_6,persistence,1,4,0.11507372619525934,0.2581114601934523,0.0,0.75,1.0,0.5812150512834822,2
reserve10,joint_gradual,primary,warmup,recovery_0_6,persistence,2,3,0.1350490685000354,0.31450930828373014,0.3333333333333333,0.6666666666666666,1.0,0.6509906478670634,2
reserve10,joint_gradual,primary,warmup,recovery_0_6,persistence,3,3,0.14415143216198978,0.3149991197916666,0.3333333333333333,0.3333333333333333,0.6666666666666666,0.43657037212301586,2
reserve10,joint_gradual,primary,warmup,recovery_0_6,persistence,4,3,0.10004596157667232,0.2104479144345238,0.3333333333333333,0.6666666666666666,0.6666666666666666,0.3914876488095238,1
reserve10,joint_gradual,primary,warmup,recovery_0_6,physical,1,4,0.01102395507962816,0.008838256501239903,0.25,1.0,1.0,0.218980670227121,2
reserve10,joint_gradual,primary,warmup,recovery_0_6,physical,2,3,0.01605007523346876,0.024615906689268195,0.6666666666666666,1.0,1.0,0.2157055511811232,2
reserve10,joint_gradual,primary,warmup,recovery_0_6,physical,3,3,0.02220917647624308,0.013673819917776267,0.6666666666666666,1.0,1.0,0.2331177222603501,2
reserve10,joint_gradual,primary,warmup,recovery_0_6,physical,4,3,0.03858095021394824,0.042351336493680496,0.6666666666666666,1.0,1.0,0.3778727707915275,1
reserve10,joint_gradual,primary,warmup,recovery_0_6,physical_availability,1,4,0.010881281985956252,0.008838256501239903,0.25,1.0,1.0,0.21579616099184248,2
reserve10,joint_gradual,primary,warmup,recovery_0_6,physical_availability,2,3,0.01643056298694859,0.024615906689268195,0.6666666666666666,1.0,1.0,0.21041413610335066,2
reserve10,joint_gradual,primary,warmup,recovery_0_6,physical_availability,3,3,0.022185328853397464,0.013673819917776267,0.6666666666666666,1.0,1.0,0.23371680838069098,2
reserve10,joint_gradual,primary,warmup,recovery_0_6,physical_availability,4,3,0.038145844237944045,0.042351336493680496,0.6666666666666666,1.0,1.0,0.3773341684044606,1
reserve10,joint_gradual,primary,warmup,recovery_0_6,physical_recovery,1,4,0.01091711375125544,0.008838256501239903,0.25,1.0,1.0,0.21500011854292228,2
reserve10,joint_gradual,primary,warmup,recovery_0_6,physical_recovery,2,3,0.01655122659387435,0.024615906689268195,0.6666666666666666,1.0,1.0,0.21569245917639357,2
reserve10,joint_gradual,primary,warmup,recovery_0_6,physical_recovery,3,3,0.022511076223111177,0.013673819917776267,0.6666666666666666,1.0,1.0,0.23402495192139958,2
reserve10,joint_gradual,primary,warmup,recovery_0_6,physical_recovery,4,3,0.038356799075279065,0.042351336493680496,0.6666666666666666,1.0,1.0,0.377596431362713,1
reserve10,joint_gradual,primary,warmup,recovery_0_6,previous_day,1,4,0.10132057439492985,0.19427786640624997,0.0,0.0,1.0,0.4277074116629464,2
reserve10,joint_gradual,primary,warmup,recovery_0_6,previous_day,2,3,0.07058438146258503,0.13559241160714283,0.3333333333333333,0.3333333333333333,1.0,0.3022987376240079,2
reserve10,joint_gradual,primary,warmup,recovery_0_6,previous_day,3,3,0.07743733261621315,0.09861561101190475,0.3333333333333333,0.3333333333333333,0.6666666666666666,0.14301631135912699,2
reserve10,joint_gradual,primary,warmup,recovery_0_6,previous_day,4,3,0.11917042745677438,0.18925942408234123,0.3333333333333333,0.3333333333333333,0.6666666666666666,0.273842787202381,1
reserve10,joint_gradual,primary,warmup,recovery_0_6,raw,1,4,0.01115579261056303,0.008838256501239903,0.25,0.75,1.0,0.2039621463686631,2
reserve10,joint_gradual,primary,warmup,recovery_0_6,raw,2,3,0.015703419160261276,0.024615906689268195,0.3333333333333333,0.3333333333333333,1.0,0.19128362064722726,2
reserve10,joint_gradual,primary,warmup,recovery_0_6,raw,3,3,0.01992802420065673,0.013673819917776267,0.6666666666666666,0.6666666666666666,1.0,0.20614374766686672,2
reserve10,joint_gradual,primary,warmup,recovery_0_6,raw,4,3,0.0366963625781228,0.042351336493680496,0.6666666666666666,0.6666666666666666,0.6666666666666666,0.3579232430521771,1
reserve10,joint_gradual,primary,warmup,recovery_0_6,recency,1,4,0.011090425175984053,0.008838256501239903,0.5,1.0,1.0,0.2178277191640244,2
reserve10,joint_gradual,primary,warmup,recovery_0_6,recency,2,3,0.016144957322161254,0.024615906689268195,0.6666666666666666,1.0,1.0,0.2167716601219283,2
reserve10,joint_gradual,primary,warmup,recovery_0_6,recency,3,3,0.022184247476647292,0.013673819917776267,0.6666666666666666,1.0,1.0,0.23706792179255476,2
reserve10,joint_gradual,primary,warmup,recovery_0_6,recency,4,3,0.03850767592141579,0.042351336493680496,0.6666666666666666,1.0,1.0,0.381255277498604,1
reserve10,joint_gradual,primary,warmup,recovery_0_6,rolling,1,4,0.011002611392052539,0.008838256501239903,0.5,1.0,1.0,0.21438381322118547,2
reserve10,joint_gradual,primary,warmup,recovery_0_6,rolling,2,3,0.01569499134619889,0.024615906689268195,0.6666666666666666,1.0,1.0,0.20515966959858098,2
reserve10,joint_gradual,primary,warmup,recovery_0_6,rolling,3,3,0.02222077822909205,0.013673819917776267,1.0,1.0,1.0,0.23648290603188918,2
reserve10,joint_gradual,primary,warmup,recovery_0_6,rolling,4,3,0.038932241028879065,0.042351336493680496,1.0,1.0,1.0,0.38059830997229166,1
reserve10,joint_gradual,primary,warmup,recovery_0_6,single_imputation,1,4,0.02684706563609781,0.058147125656394905,0.75,1.0,1.0,0.25695225559332163,2
reserve10,joint_gradual,primary,warmup,recovery_0_6,single_imputation,2,3,0.03940619582472447,0.08159497827992725,0.6666666666666666,0.6666666666666666,1.0,0.2834592020557857,2
reserve10,joint_gradual,primary,warmup,recovery_0_6,single_imputation,3,3,0.028866758199024938,0.04610029992257985,1.0,1.0,1.0,0.30384910918041136,2
reserve10,joint_gradual,primary,warmup,recovery_0_6,single_imputation,4,3,0.026905148772159413,0.0239781877131397,1.0,1.0,1.0,0.3417935824915728,1
reserve10,joint_gradual,primary,warmup,recovery_6_24,aci_bounded,1,32,0.04898757675147034,0.09408771774615472,0.40625,0.8125,1.0,0.4073380627882208,4
reserve10,joint_gradual,primary,warmup,recovery_6_24,aci_bounded,2,33,0.07586307052043241,0.14340036286539154,0.5151515151515151,0.8787878787878788,1.0,0.5332139415101933,4
reserve10,joint_gradual,primary,warmup,recovery_6_24,aci_bounded,3,33,0.09229992915319528,0.17537672677973956,0.6060606060606061,0.7878787878787878,0.9696969696969697,0.5689361578208314,4
reserve10,joint_gradual,primary,warmup,recovery_6_24,aci_bounded,4,33,0.09610108772524593,0.1890782745604259,0.5757575757575758,0.7272727272727273,0.9090909090909091,0.5518074188873339,4
reserve10,joint_gradual,primary,warmup,recovery_6_24,carry_forward,1,32,0.05797808752762423,0.0964551678518026,0.34375,0.65625,0.84375,0.42106515019807444,4
reserve10,joint_gradual,primary,warmup,recovery_6_24,carry_forward,2,33,0.08506955132049196,0.1456029245387268,0.5151515151515151,0.696969696969697,0.7878787878787878,0.5081716781901866,4
reserve10,joint_gradual,primary,warmup,recovery_6_24,carry_forward,3,33,0.0995738146694862,0.18979189147063333,0.5757575757575758,0.6666666666666666,0.7878787878787878,0.5268583611359636,4
reserve10,joint_gradual,primary,warmup,recovery_6_24,carry_forward,4,33,0.10978341658394389,0.19989453943149085,0.48484848484848486,0.6666666666666666,0.7878787878787878,0.5186072317520045,4
reserve10,joint_gradual,primary,warmup,recovery_6_24,geometric_persistence,1,32,0.048337366829297713,0.07445683312918336,0.46875,0.875,0.875,0.3985020156884208,4
reserve10,joint_gradual,primary,warmup,recovery_6_24,geometric_persistence,2,33,0.07747479154411346,0.13079987238415314,0.3939393939393939,0.7575757575757576,0.9090909090909091,0.5606559872897794,4
reserve10,joint_gradual,primary,warmup,recovery_6_24,geometric_persistence,3,33,0.09817874410227317,0.1820028962636626,0.3939393939393939,0.8484848484848485,0.9393939393939394,0.7095009457969481,4
reserve10,joint_gradual,primary,warmup,recovery_6_24,geometric_persistence,4,33,0.10741613512057498,0.20672910353599835,0.45454545454545453,0.8787878787878788,0.9393939393939394,0.7485122900053579,4
reserve10,joint_gradual,primary,warmup,recovery_6_24,mask50,1,32,0.048988827194517116,0.09408771774615472,0.40625,0.8125,1.0,0.40822088429868203,4
reserve10,joint_gradual,primary,warmup,recovery_6_24,mask50,2,33,0.07584299116178707,0.14340036286539154,0.5151515151515151,0.8787878787878788,1.0,0.5339819342884492,4
reserve10,joint_gradual,primary,warmup,recovery_6_24,mask50,3,33,0.0921688022847139,0.17537672677973956,0.6060606060606061,0.7878787878787878,0.9696969696969697,0.5713604748033941,4
reserve10,joint_gradual,primary,warmup,recovery_6_24,mask50,4,33,0.09604009060345568,0.1890782745604259,0.5757575757575758,0.7272727272727273,0.9090909090909091,0.5544698442501498,4
reserve10,joint_gradual,primary,warmup,recovery_6_24,mi_recency,1,32,0.047513848365800276,0.08347682422414095,0.40625,0.84375,0.9375,0.3725870689337569,4
reserve10,joint_gradual,primary,warmup,recovery_6_24,mi_recency,2,33,0.07902740402498701,0.1360787465451988,0.42424242424242425,0.696969696969697,0.8787878787878788,0.4742308514876008,4
reserve10,joint_gradual,primary,warmup,recovery_6_24,mi_recency,3,33,0.09750089068412666,0.16812257985409226,0.3939393939393939,0.7575757575757576,0.7878787878787878,0.5625624177483421,4
reserve10,joint_gradual,primary,warmup,recovery_6_24,mi_recency,4,33,0.10965500807003724,0.19011848412603027,0.45454545454545453,0.696969696969697,0.7878787878787878,0.5578368363821441,4
reserve10,joint_gradual,primary,warmup,recovery_6_24,multiple_imputation,1,32,0.04817422731067013,0.08347682422414095,0.4375,0.75,0.875,0.2994075385408266,4
reserve10,joint_gradual,primary,warmup,recovery_6_24,multiple_imputation,2,33,0.08670426806124192,0.1360787465451988,0.3939393939393939,0.6363636363636364,0.7272727272727273,0.3562836107681142,4
reserve10,joint_gradual,primary,warmup,recovery_6_24,multiple_imputation,3,33,0.10908828040699502,0.16812257985409226,0.36363636363636365,0.6060606060606061,0.6666666666666666,0.3711933941697994,4
reserve10,joint_gradual,primary,warmup,recovery_6_24,multiple_imputation,4,33,0.12616258337540162,0.19011848412603027,0.30303030303030304,0.48484848484848486,0.6060606060606061,0.37393538942421667,4
reserve10,joint_gradual,primary,warmup,recovery_6_24,persistence,1,32,0.06712455304089604,0.12020888062686011,0.5625,0.90625,0.9375,0.4948779461425781,4
reserve10,joint_gradual,primary,warmup,recovery_6_24,persistence,2,33,0.10838183946103251,0.2168573823006854,0.45454545454545453,0.9393939393939394,0.9393939393939394,0.7188923905573592,4
reserve10,joint_gradual,primary,warmup,recovery_6_24,persistence,3,33,0.12967211997829053,0.274348216896645,0.48484848484848486,0.8484848484848485,0.9393939393939394,0.8520905713113275,4
reserve10,joint_gradual,primary,warmup,recovery_6_24,persistence,4,33,0.1381455593256223,0.30228902357052667,0.5757575757575758,0.8484848484848485,0.9696969696969697,0.8877765133703103,4
reserve10,joint_gradual,primary,warmup,recovery_6_24,physical,1,32,0.04906035784572649,0.09408771774615472,0.40625,0.875,1.0,0.41389721130368584,4
reserve10,joint_gradual,primary,warmup,recovery_6_24,physical,2,33,0.07571442493374644,0.14340036286539154,0.5151515151515151,0.8787878787878788,1.0,0.5382525935906279,4
reserve10,joint_gradual,primary,warmup,recovery_6_24,physical,3,33,0.09220578876212637,0.17537672677973956,0.6060606060606061,0.7878787878787878,0.9696969696969697,0.5756166170231574,4
reserve10,joint_gradual,primary,warmup,recovery_6_24,physical,4,33,0.0961045044344696,0.1890782745604259,0.6060606060606061,0.7272727272727273,0.9090909090909091,0.5589943194647689,4
reserve10,joint_gradual,primary,warmup,recovery_6_24,physical_availability,1,32,0.04901252689106654,0.09408771774615472,0.40625,0.875,1.0,0.41321931673881285,4
reserve10,joint_gradual,primary,warmup,recovery_6_24,physical_availability,2,33,0.07583257578334025,0.14340036286539154,0.5151515151515151,0.8787878787878788,1.0,0.5377128418023908,4
reserve10,joint_gradual,primary,warmup,recovery_6_24,physical_availability,3,33,0.09199819847873641,0.17537672677973956,0.6060606060606061,0.7878787878787878,0.9696969696969697,0.576536439205045,4
reserve10,joint_gradual,primary,warmup,recovery_6_24,physical_availability,4,33,0.09631350885686558,0.1890782745604259,0.6060606060606061,0.7272727272727273,0.9090909090909091,0.5574151173630645,4
reserve10,joint_gradual,primary,warmup,recovery_6_24,physical_recovery,1,32,0.049052060969965006,0.09408771774615472,0.40625,0.875,1.0,0.4132148098882011,4
reserve10,joint_gradual,primary,warmup,recovery_6_24,physical_recovery,2,33,0.07577484376039004,0.14340036286539154,0.5151515151515151,0.8787878787878788,1.0,0.5371581946722955,4
reserve10,joint_gradual,primary,warmup,recovery_6_24,physical_recovery,3,33,0.09173909906153106,0.17537672677973956,0.5757575757575758,0.7878787878787878,0.9696969696969697,0.5752955392891138,4
reserve10,joint_gradual,primary,warmup,recovery_6_24,physical_recovery,4,33,0.095943384932964,0.1890782745604259,0.6060606060606061,0.7272727272727273,0.9090909090909091,0.5590192004875744,4
reserve10,joint_gradual,primary,warmup,recovery_6_24,previous_day,1,32,0.2044053720614105,0.318391741313244,0.125,0.28125,0.59375,0.6434150151646205,4
reserve10,joint_gradual,primary,warmup,recovery_6_24,previous_day,2,33,0.2019654435679821,0.3210527698547979,0.09090909090909091,0.24242424242424243,0.6363636363636364,0.6754735879847582,4
reserve10,joint_gradual,primary,warmup,recovery_6_24,previous_day,3,33,0.19597341675337557,0.3181275232729076,0.09090909090909091,0.2727272727272727,0.696969696969697,0.7262323210046896,4
reserve10,joint_gradual,primary,warmup,recovery_6_24,previous_day,4,33,0.19186446473310914,0.31123616538600285,0.09090909090909091,0.2727272727272727,0.696969696969697,0.7232022941332973,4
reserve10,joint_gradual,primary,warmup,recovery_6_24,raw,1,32,0.04914498031120144,0.09408771774615472,0.375,0.8125,0.9375,0.40189445469247004,4
reserve10,joint_gradual,primary,warmup,recovery_6_24,raw,2,33,0.07553241519929227,0.14340036286539154,0.48484848484848486,0.7575757575757576,0.9696969696969697,0.5174446996127279,4
reserve10,joint_gradual,primary,warmup,recovery_6_24,raw,3,33,0.09103426993138712,0.17537672677973956,0.5454545454545454,0.6363636363636364,0.9090909090909091,0.5362501112562185,4
reserve10,joint_gradual,primary,warmup,recovery_6_24,raw,4,33,0.09636203821922203,0.1890782745604259,0.48484848484848486,0.6363636363636364,0.8787878787878788,0.5284060783082415,4
reserve10,joint_gradual,primary,warmup,recovery_6_24,recency,1,32,0.04897203206267768,0.09408771774615472,0.40625,0.8125,1.0,0.40759228601939423,4
reserve10,joint_gradual,primary,warmup,recovery_6_24,recency,2,33,0.07568950124757107,0.14340036286539154,0.5151515151515151,0.8787878787878788,1.0,0.5334290915076927,4
reserve10,joint_gradual,primary,warmup,recovery_6_24,recency,3,33,0.09210732759768128,0.17537672677973956,0.6060606060606061,0.7878787878787878,0.9696969696969697,0.5684410836302076,4
reserve10,joint_gradual,primary,warmup,recovery_6_24,recency,4,33,0.09589260989440809,0.1890782745604259,0.5757575757575758,0.7272727272727273,0.9090909090909091,0.5545285825410312,4
reserve10,joint_gradual,primary,warmup,recovery_6_24,rolling,1,32,0.04902086053828655,0.09408771774615472,0.40625,0.8125,1.0,0.40783051700906015,4
reserve10,joint_gradual,primary,warmup,recovery_6_24,rolling,2,33,0.07585774738634159,0.14340036286539154,0.5151515151515151,0.8787878787878788,1.0,0.5312265877947995,4
reserve10,joint_gradual,primary,warmup,recovery_6_24,rolling,3,33,0.09235663809794585,0.17537672677973956,0.6060606060606061,0.7878787878787878,0.9696969696969697,0.5661157237144371,4
reserve10,joint_gradual,primary,warmup,recovery_6_24,rolling,4,33,0.09620142775025645,0.1890782745604259,0.5757575757575758,0.7272727272727273,0.9090909090909091,0.5493591566385501,4
reserve10,joint_gradual,primary,warmup,recovery_6_24,single_imputation,1,32,0.05323292716883442,0.08780458889633082,0.40625,0.78125,0.875,0.2756215393218958,4
reserve10,joint_gradual,primary,warmup,recovery_6_24,single_imputation,2,33,0.08807368399552505,0.1343168930333094,0.3939393939393939,0.6060606060606061,0.7272727272727273,0.3341768738455238,4
reserve10,joint_gradual,primary,warmup,recovery_6_24,single_imputation,3,33,0.1149155838542575,0.17224349541231038,0.36363636363636365,0.5454545454545454,0.6060606060606061,0.3566186738639219,4
reserve10,joint_gradual,primary,warmup,recovery_6_24,single_imputation,4,33,0.13067411597556075,0.19286912720692728,0.30303030303030304,0.48484848484848486,0.6060606060606061,0.3674590268598825,4
reserve10,joint_none,primary,evaluation,normal,aci_bounded,1,3111,0.03928712136480531,0.06479162648801942,0.49662487945998074,0.7955641272902604,0.8993892639022822,0.30252304454595935,0
reserve10,joint_none,primary,evaluation,normal,aci_bounded,2,3113,0.052658278243559425,0.09111034820272787,0.5030517185994218,0.7995502730485062,0.8984902023771282,0.4015742783077454,0
reserve10,joint_none,primary,evaluation,normal,aci_bounded,3,3113,0.05852858117112908,0.1036246322729314,0.49469964664310956,0.7960167041439127,0.8997751365242531,0.430235710608527,0
reserve10,joint_none,primary,evaluation,normal,aci_bounded,4,3113,0.061929599961432276,0.11261890494358459,0.4927722454224221,0.7985865724381626,0.9004176035978156,0.4394102464303274,0
reserve10,joint_none,primary,evaluation,normal,carry_forward,1,3111,0.04177859450188543,0.06754100827373721,0.4104789456766313,0.6997749919639987,0.8482802957248473,0.3193233192056841,0
reserve10,joint_none,primary,evaluation,normal,carry_forward,2,3113,0.05394221604275584,0.09187561462255908,0.3970446514616126,0.6861548345647286,0.8361708962415676,0.3850298215407983,0
reserve10,joint_none,primary,evaluation,normal,carry_forward,3,3113,0.06019212784033583,0.10675268072516213,0.38997751365242533,0.6797301638291038,0.823321554770318,0.40089479888442353,0
reserve10,joint_none,primary,evaluation,normal,carry_forward,4,3113,0.06245785751755128,0.11115832578906334,0.38194667523289433,0.6784452296819788,0.8213941535496306,0.4055058154860905,0
reserve10,joint_none,primary,evaluation,normal,geometric_persistence,1,3111,0.05218059504778093,0.08080049740999089,0.5390549662487946,0.8592092574734812,0.9405335904853744,0.4772556552781465,0
reserve10,joint_none,primary,evaluation,normal,geometric_persistence,2,3113,0.07881885458649227,0.13161820893186776,0.5387086411821395,0.8448442017346611,0.9299710889816897,0.5968514792055301,0
reserve10,joint_none,primary,evaluation,normal,geometric_persistence,3,3113,0.10007820905345864,0.17745392761848208,0.527465467394796,0.8345647285576614,0.9206553164150337,0.7062553969664953,0
reserve10,joint_none,primary,evaluation,normal,geometric_persistence,4,3113,0.11625615473486307,0.21608497978845514,0.52071956312239,0.8255701895277867,0.9161580469000964,0.7731373985355269,0
reserve10,joint_none,primary,evaluation,normal,mask50,1,3111,0.039282404101936196,0.06479162648801942,0.5085181613629058,0.8016714882674382,0.9038894246223079,0.3060846711696424,0
reserve10,joint_none,primary,evaluation,normal,mask50,2,3113,0.05264085446772332,0.09111034820272787,0.5159010600706714,0.8050112431737874,0.9039511725024093,0.4037672583363695,0
reserve10,joint_none,primary,evaluation,normal,mask50,3,3113,0.05851863554182516,0.1036246322729314,0.5110825570189528,0.8075811114680372,0.903629938965628,0.4318532122521288,0
reserve10,joint_none,primary,evaluation,normal,mask50,4,3113,0.061929239206341274,0.11261890494358459,0.5001606167683906,0.8040475425634436,0.8997751365242531,0.4393718931219845,0
reserve10,joint_none,primary,evaluation,normal,mi_recency,1,3111,0.04516091918881253,0.06861503967170905,0.5162327225972356,0.8100289296046287,0.898424943747991,0.3055080293227294,0
reserve10,joint_none,primary,evaluation,normal,mi_recency,2,3113,0.05919757703996539,0.0938837005154899,0.519434628975265,0.8030838419530999,0.8965628011564407,0.3914905387602847,0
reserve10,joint_none,primary,evaluation,normal,mi_recency,3,3113,0.06561723227761633,0.10456843799755193,0.5162222936074526,0.8079023450048185,0.9007388371345969,0.43910434204728116,0
reserve10,joint_none,primary,evaluation,normal,mi_recency,4,3113,0.06943969211542211,0.11122343824416363,0.5155798265338901,0.8043687761002248,0.8978477353035657,0.4664175589980883,0
reserve10,joint_none,primary,evaluation,normal,multiple_imputation,1,3111,0.045602093065306305,0.06861503967170905,0.6303439408550305,0.8151719704275152,0.8675666988106718,0.2595329038840312,0
reserve10,joint_none,primary,evaluation,normal,multiple_imputation,2,3113,0.060290138937772304,0.0938837005154899,0.5586251204625763,0.7661419852232573,0.8403469322197238,0.3130256634221883,0
reserve10,joint_none,primary,evaluation,normal,multiple_imputation,3,3113,0.06732226774509771,0.10456843799755193,0.5351750722775458,0.7465467394796017,0.8223578541599743,0.3328757147822886,0
reserve10,joint_none,primary,evaluation,normal,multiple_imputation,4,3113,0.07174319798181743,0.11122343824416363,0.5245743655637649,0.734982332155477,0.8075811114680372,0.34585753623742393,0
reserve10,joint_none,primary,evaluation,normal,persistence,1,3111,0.06975091471213485,0.12650478564444903,0.5564127290260367,0.859852137576342,0.9459980713596914,0.5512141227230372,0
reserve10,joint_none,primary,evaluation,normal,persistence,2,3113,0.10736042198126468,0.21179620447451547,0.5538066174108577,0.8380982974622551,0.9286861548345647,0.7070871021255907,0
reserve10,joint_none,primary,evaluation,normal,persistence,3,3113,0.132305650440661,0.27363330967328825,0.5258592997108898,0.8239640218438805,0.9203340828782525,0.8168404908351522,0
reserve10,joint_none,primary,evaluation,normal,persistence,4,3113,0.14805107310016108,0.30888000653949255,0.5162222936074526,0.8168968840346932,0.9171217475104401,0.8812252537445217,0
reserve10,joint_none,primary,evaluation,normal,physical,1,3111,0.039152622016027705,0.06479162648801942,0.502410800385728,0.8048858887817422,0.908711025393764,0.3077508579242974,0
reserve10,joint_none,primary,evaluation,normal,physical,2,3113,0.052418844986250955,0.09111034820272787,0.5152585929971089,0.8127208480565371,0.9068422743334404,0.40655660979933306,0
reserve10,joint_none,primary,evaluation,normal,physical,3,3113,0.05827557707242747,0.1036246322729314,0.5075489881143591,0.8149694828140058,0.9065210407966592,0.4347513073215055,0
reserve10,joint_none,primary,evaluation,normal,physical,4,3113,0.06170492273819595,0.11261890494358459,0.5011243173787343,0.8101509797622872,0.9042724060391905,0.44241689250134786,0
reserve10,joint_none,primary,evaluation,normal,physical_availability,1,3111,0.03915215833874861,0.06479162648801942,0.5053037608486017,0.8077788492446158,0.9122468659594986,0.30919165114569386,0
reserve10,joint_none,primary,evaluation,normal,physical_availability,2,3113,0.052437684815727435,0.09111034820272787,0.5187921619017025,0.8146482492772246,0.9061998072598779,0.4084302771956217,0
reserve10,joint_none,primary,evaluation,normal,physical_availability,3,3113,0.05829675392055853,0.1036246322729314,0.5101188564086091,0.8120783809829746,0.9094121426276903,0.4355229033618629,0
reserve10,joint_none,primary,evaluation,normal,physical_availability,4,3113,0.061740708533890076,0.11261890494358459,0.500803083841953,0.8133633151300996,0.9026662383552843,0.4431837006896398,0
reserve10,joint_none,primary,evaluation,normal,physical_recovery,1,3111,0.03914847617765804,0.06479162648801942,0.5069109611057537,0.809386049501768,0.9128897460623594,0.3097168860214177,0
reserve10,joint_none,primary,evaluation,normal,physical_recovery,2,3113,0.052443914765531834,0.09111034820272787,0.519434628975265,0.816575650497912,0.9078059749437841,0.4086849735923903,0
reserve10,joint_none,primary,evaluation,normal,physical_recovery,3,3113,0.05829559775445508,0.1036246322729314,0.5107613234821715,0.8146482492772246,0.9106970767748153,0.4359605765360908,0
reserve10,joint_none,primary,evaluation,normal,physical_recovery,4,3113,0.06171712421973521,0.11261890494358459,0.49983938323160937,0.8136845486668808,0.9042724060391905,0.4437295783009179,0
reserve10,joint_none,primary,evaluation,normal,previous_day,1,3111,0.10126659853486414,0.15688080866266588,0.48633879781420764,0.7804564448730312,0.8794599807135969,0.6599615232429139,0
reserve10,joint_none,primary,evaluation,normal,previous_day,2,3113,0.10136583164239368,0.15782652923402052,0.49630581432701576,0.7847735303565693,0.8846771602955349,0.6763677540993486,0
reserve10,joint_none,primary,evaluation,normal,previous_day,3,3113,0.10173164385440293,0.15897992275595427,0.49887568262126564,0.792483135239319,0.8952778670093158,0.6954758525941995,0
reserve10,joint_none,primary,evaluation,normal,previous_day,4,3113,0.10272183168853088,0.16059030533491464,0.49791198201092196,0.7956954706071314,0.8949566334725345,0.7062175004003947,0
reserve10,joint_none,primary,evaluation,normal,raw,1,3111,0.039491054950197675,0.06479162648801942,0.41980070716811313,0.7058823529411765,0.8550305368048859,0.29068787660947537,0
reserve10,joint_none,primary,evaluation,normal,raw,2,3113,0.05315658340321417,0.09111034820272787,0.39800835207195634,0.6855123674911661,0.8262126566013491,0.3805486605276341,0
reserve10,joint_none,primary,evaluation,normal,raw,3,3113,0.059216598490020964,0.1036246322729314,0.37359460327658206,0.6723417924831352,0.8236427883070992,0.4019224981254239,0
reserve10,joint_none,primary,evaluation,normal,raw,4,3113,0.06259507528293969,0.11261890494358459,0.38066174108576933,0.669450690652104,0.8210729200128494,0.40785797980305877,0
reserve10,joint_none,primary,evaluation,normal,recency,1,3111,0.03927947076026677,0.06479162648801942,0.49758919961427195,0.7974927675988428,0.9006750241080038,0.3042651220902675,0
reserve10,joint_none,primary,evaluation,normal,recency,2,3113,0.05262814745538769,0.09111034820272787,0.5110825570189528,0.8034050754898812,0.9013813042081593,0.402262237966331,0
reserve10,joint_none,primary,evaluation,normal,recency,3,3113,0.05849879201271808,0.1036246322729314,0.5036941856729843,0.8030838419530999,0.9023450048185031,0.43005434623683625,0
reserve10,joint_none,primary,evaluation,normal,recency,4,3113,0.061927943653910494,0.11261890494358459,0.49469964664310956,0.799229039511725,0.8972052682300032,0.4381691170222944,0
reserve10,joint_none,primary,evaluation,normal,rolling,1,3111,0.03928926820165639,0.06479162648801942,0.4988749598199936,0.7933140469302475,0.9035679845708775,0.3034373885772016,0
reserve10,joint_none,primary,evaluation,normal,rolling,2,3113,0.05265633939192823,0.09111034820272787,0.5149373594603277,0.8027626084163186,0.9017025377449406,0.4019192461856188,0
reserve10,joint_none,primary,evaluation,normal,rolling,3,3113,0.058520062851649526,0.1036246322729314,0.5040154192097654,0.7982653389013813,0.9000963700610344,0.429897288731007,0
reserve10,joint_none,primary,evaluation,normal,rolling,4,3113,0.06191806042134404,0.11261890494358459,0.4959845807902345,0.7998715065852875,0.8997751365242531,0.43831388497552703,0
reserve10,joint_none,primary,evaluation,normal,single_imputation,1,3111,0.04575474073779659,0.06867361242723106,0.6293796207007393,0.8151719704275152,0.8682095789135327,0.2585313898363974,0
reserve10,joint_none,primary,evaluation,normal,single_imputation,2,3113,0.06039329431882099,0.0938935217427951,0.558303886925795,0.7671056858336011,0.8390619980725987,0.31241578509477286,0
reserve10,joint_none,primary,evaluation,normal,single_imputation,3,3113,0.0673633562301806,0.1045542908745514,0.534211371667202,0.7465467394796017,0.8226790876967556,0.33241114068316646,0
reserve10,joint_none,primary,evaluation,normal,single_imputation,4,3113,0.07175449766475214,0.11117033877366433,0.5255380661741086,0.7336973980083521,0.8056537102473498,0.3453969624490479,0
reserve10,joint_none,primary,evaluation,outage,aci_bounded,1,301,0.06982655389499921,0.1389758663068556,0.5348837209302325,0.8372093023255814,0.946843853820598,0.5241861157733457,47
reserve10,joint_none,primary,evaluation,outage,aci_bounded,2,298,0.06819819046767508,0.13752853152221994,0.540268456375839,0.8120805369127517,0.9328859060402684,0.49424523850226665,46
reserve10,joint_none,primary,evaluation,outage,aci_bounded,3,297,0.0679250473106535,0.1359482289270497,0.5353535353535354,0.8114478114478114,0.9461279461279462,0.49398612713108975,45
reserve10,joint_none,primary,evaluation,outage,aci_bounded,4,297,0.06720235704194856,0.13216526579252993,0.4983164983164983,0.797979797979798,0.9225589225589226,0.48631087566364184,44
reserve10,joint_none,primary,evaluation,outage,carry_forward,1,301,0.07534917239998723,0.14051375430643545,0.42857142857142855,0.717607973421927,0.8272425249169435,0.4649178646821881,47
reserve10,joint_none,primary,evaluation,outage,carry_forward,2,298,0.06906209335198789,0.13749544376097292,0.4429530201342282,0.7214765100671141,0.8691275167785235,0.4587975314017454,46
reserve10,joint_none,primary,evaluation,outage,carry_forward,3,297,0.06806546365279076,0.13421500502282094,0.35353535353535354,0.696969696969697,0.8114478114478114,0.43483522554215953,45
reserve10,joint_none,primary,evaluation,outage,carry_forward,4,297,0.06896777082799323,0.13717975482918282,0.3468013468013468,0.6835016835016835,0.8249158249158249,0.4263904863661442,44
reserve10,joint_none,primary,evaluation,outage,geometric_persistence,1,301,0.18671380711611907,0.2754548013533605,0.2757475083056478,0.43853820598006643,0.5880398671096345,0.3750937594303075,47
reserve10,joint_none,primary,evaluation,outage,geometric_persistence,2,298,0.16049697490357426,0.2815157092120766,0.3624161073825503,0.5838926174496645,0.6812080536912751,0.47218331992513496,46
reserve10,joint_none,primary,evaluation,outage,geometric_persistence,3,297,0.13705239806922379,0.27003997926129064,0.42424242424242425,0.6902356902356902,0.7946127946127947,0.5786446981645467,45
reserve10,joint_none,primary,evaluation,outage,geometric_persistence,4,297,0.11669346380720041,0.24613287708503992,0.5488215488215489,0.7912457912457912,0.8922558922558923,0.6586027438353587,44
reserve10,joint_none,primary,evaluation,outage,mask50,1,301,0.06986714907307778,0.1389758663068556,0.5348837209302325,0.8438538205980066,0.9534883720930233,0.5273452934191784,47
reserve10,joint_none,primary,evaluation,outage,mask50,2,298,0.06820795840612216,0.13752853152221994,0.5436241610738255,0.8187919463087249,0.9328859060402684,0.4957747587794811,46
reserve10,joint_none,primary,evaluation,outage,mask50,3,297,0.06788820738408696,0.1359482289270497,0.531986531986532,0.8148148148148148,0.9494949494949495,0.4946850926712127,45
reserve10,joint_none,primary,evaluation,outage,mask50,4,297,0.06716293774367275,0.13216526579252993,0.494949494949495,0.8114478114478114,0.9326599326599326,0.4869426926718708,44
reserve10,joint_none,primary,evaluation,outage,mi_recency,1,301,0.07553395821761684,0.12727137403259337,0.4152823920265781,0.7774086378737541,0.8837209302325582,0.5037509238621142,47
reserve10,joint_none,primary,evaluation,outage,mi_recency,2,298,0.07229291032484901,0.12303462192368618,0.46308724832214765,0.7651006711409396,0.9060402684563759,0.49640180447241516,46
reserve10,joint_none,primary,evaluation,outage,mi_recency,3,297,0.07406328217588246,0.12520215206355179,0.4781144781144781,0.7407407407407407,0.9023569023569024,0.5004682352825187,45
reserve10,joint_none,primary,evaluation,outage,mi_recency,4,297,0.07458174488543227,0.12586882819960296,0.4478114478114478,0.7744107744107744,0.9124579124579124,0.5066192924935633,44
reserve10,joint_none,primary,evaluation,outage,multiple_imputation,1,301,0.07524528892644582,0.12727137403259337,0.5415282392026578,0.7906976744186046,0.867109634551495,0.4565328843171002,47
reserve10,joint_none,primary,evaluation,outage,multiple_imputation,2,298,0.0727264510042479,0.12303462192368618,0.5100671140939598,0.7449664429530202,0.8557046979865772,0.411424851039306,46
reserve10,joint_none,primary,evaluation,outage,multiple_imputation,3,297,0.07567305432970002,0.12520215206355179,0.4983164983164983,0.6767676767676768,0.8013468013468014,0.3904974084484624,45
reserve10,joint_none,primary,evaluation,outage,multiple_imputation,4,297,0.07627259313696992,0.12586882819960296,0.48148148148148145,0.6666666666666666,0.8181818181818182,0.3802404346308965,44
reserve10,joint_none,primary,evaluation,outage,persistence,1,301,0.2042347746124384,0.316572519475261,0.3122923588039867,0.43853820598006643,0.5681063122923588,0.4230816328340055,47
reserve10,joint_none,primary,evaluation,outage,persistence,2,298,0.16186228292889207,0.30176357555878475,0.4228187919463087,0.6006711409395973,0.7046979865771812,0.5451412820519734,46
reserve10,joint_none,primary,evaluation,outage,persistence,3,297,0.13256478733249263,0.2730749577516233,0.5151515151515151,0.7306397306397306,0.8282828282828283,0.6409138261522717,45
reserve10,joint_none,primary,evaluation,outage,persistence,4,297,0.11601816222979333,0.23817871233164983,0.6397306397306397,0.8383838383838383,0.9158249158249159,0.7047049393232923,44
reserve10,joint_none,primary,evaluation,outage,physical,1,301,0.06990714101284885,0.1389758663068556,0.5348837209302325,0.8571428571428571,0.9534883720930233,0.5307845281896229,47
reserve10,joint_none,primary,evaluation,outage,physical,2,298,0.06816641652274923,0.13752853152221994,0.540268456375839,0.8355704697986577,0.9295302013422819,0.4979341629870812,46
reserve10,joint_none,primary,evaluation,outage,physical,3,297,0.0679196237935269,0.1359482289270497,0.5286195286195287,0.8282828282828283,0.9494949494949495,0.49894990259234645,45
reserve10,joint_none,primary,evaluation,outage,physical,4,297,0.0670920926685716,0.13216526579252993,0.47474747474747475,0.8215488215488216,0.9427609427609428,0.49023340692183487,44
reserve10,joint_none,primary,evaluation,outage,physical_availability,1,301,0.06989512524964438,0.1389758663068556,0.5348837209302325,0.867109634551495,0.9568106312292359,0.5301419128129823,47
reserve10,joint_none,primary,evaluation,outage,physical_availability,2,298,0.06820824614867255,0.13752853152221994,0.5469798657718121,0.8355704697986577,0.9295302013422819,0.4972768069688419,46
reserve10,joint_none,primary,evaluation,outage,physical_availability,3,297,0.06796759643331296,0.1359482289270497,0.5218855218855218,0.8316498316498316,0.9461279461279462,0.49744698257371767,45
reserve10,joint_none,primary,evaluation,outage,physical_availability,4,297,0.0670652637706781,0.13216526579252993,0.4781144781144781,0.8249158249158249,0.9427609427609428,0.4875380213828217,44
reserve10,joint_none,primary,evaluation,outage,physical_recovery,1,301,0.06989512524964438,0.1389758663068556,0.5348837209302325,0.867109634551495,0.9568106312292359,0.5301419128129823,47
reserve10,joint_none,primary,evaluation,outage,physical_recovery,2,298,0.06820824614867255,0.13752853152221994,0.5469798657718121,0.8355704697986577,0.9295302013422819,0.4972768069688419,46
reserve10,joint_none,primary,evaluation,outage,physical_recovery,3,297,0.06796759643331296,0.1359482289270497,0.5218855218855218,0.8316498316498316,0.9461279461279462,0.49744698257371767,45
reserve10,joint_none,primary,evaluation,outage,physical_recovery,4,297,0.0670652637706781,0.13216526579252993,0.4781144781144781,0.8249158249158249,0.9427609427609428,0.4875380213828217,44
reserve10,joint_none,primary,evaluation,outage,previous_day,1,301,0.09975009232551076,0.15763426135451272,0.4684385382059801,0.760797342192691,0.8770764119601329,0.6416006580446132,47
reserve10,joint_none,primary,evaluation,outage,previous_day,2,298,0.1011843568921459,0.16060154485308803,0.48322147651006714,0.7785234899328859,0.8758389261744967,0.665062843202201,46
reserve10,joint_none,primary,evaluation,outage,previous_day,3,297,0.10182802512668493,0.16264500405944363,0.46464646464646464,0.7912457912457912,0.8821548821548821,0.6794921313331727,45
reserve10,joint_none,primary,evaluation,outage,previous_day,4,297,0.10002731029235093,0.1595339000964506,0.45791245791245794,0.8013468013468014,0.8922558922558923,0.6828772356611752,44
reserve10,joint_none,primary,evaluation,outage,raw,1,301,0.06970846141928175,0.1389758663068556,0.5049833887043189,0.7906976744186046,0.9136212624584718,0.5129707786401817,47
reserve10,joint_none,primary,evaluation,outage,raw,2,298,0.06818513594840477,0.13752853152221994,0.4697986577181208,0.7550335570469798,0.8791946308724832,0.4730595609160716,46
reserve10,joint_none,primary,evaluation,outage,raw,3,297,0.06764361104782105,0.1359482289270497,0.43097643097643096,0.7239057239057239,0.8888888888888888,0.4665905980348166,45
reserve10,joint_none,primary,evaluation,outage,raw,4,297,0.066962611151015,0.13216526579252993,0.42424242424242425,0.7138047138047138,0.8619528619528619,0.4564779858711298,44
reserve10,joint_none,primary,evaluation,outage,recency,1,301,0.06986883235002453,0.1389758663068556,0.5348837209302325,0.8438538205980066,0.9501661129568106,0.527396279555544,47
reserve10,joint_none,primary,evaluation,outage,recency,2,298,0.0681960273819462,0.13752853152221994,0.5436241610738255,0.8221476510067114,0.9328859060402684,0.49575393118641436,46
reserve10,joint_none,primary,evaluation,outage,recency,3,297,0.06788166287301618,0.1359482289270497,0.531986531986532,0.8148148148148148,0.9494949494949495,0.49489458047068574,45
reserve10,joint_none,primary,evaluation,outage,recency,4,297,0.06716515337524523,0.13216526579252993,0.494949494949495,0.8114478114478114,0.936026936026936,0.48718431925113653,44
reserve10,joint_none,primary,evaluation,outage,rolling,1,301,0.06982304948010026,0.1389758663068556,0.5382059800664452,0.8305647840531561,0.9501661129568106,0.5254265440754093,47
reserve10,joint_none,primary,evaluation,outage,rolling,2,298,0.06817977125517209,0.13752853152221994,0.5469798657718121,0.8120805369127517,0.9328859060402684,0.49396003725506404,46
reserve10,joint_none,primary,evaluation,outage,rolling,3,297,0.06788640909559299,0.1359482289270497,0.5420875420875421,0.8047138047138047,0.9461279461279462,0.49403722306102743,45
reserve10,joint_none,primary,evaluation,outage,rolling,4,297,0.06714788364656256,0.13216526579252993,0.4983164983164983,0.8047138047138047,0.9326599326599326,0.4853605479665039,44
reserve10,joint_none,primary,evaluation,outage,single_imputation,1,301,0.08496743506029306,0.12336520109569714,0.4318936877076412,0.5913621262458472,0.6843853820598007,0.26564359141891997,47
reserve10,joint_none,primary,evaluation,outage,single_imputation,2,298,0.08015580672641655,0.12270640495485256,0.46308724832214765,0.6208053691275168,0.738255033557047,0.3175599018007508,46
reserve10,joint_none,primary,evaluation,outage,single_imputation,3,297,0.08064265270469376,0.1258424949897762,0.4511784511784512,0.6498316498316499,0.7306397306397306,0.33761439961673334,45
reserve10,joint_none,primary,evaluation,outage,single_imputation,4,297,0.08126685692991728,0.12748753289273834,0.4444444444444444,0.6599326599326599,0.7676767676767676,0.34861067728359707,44
reserve10,joint_none,primary,evaluation,recovery_0_6,aci_bounded,1,135,0.03856028256508659,0.06424338380592777,0.5925925925925926,0.8888888888888888,0.9481481481481482,0.33416004980583214,32
reserve10,joint_none,primary,evaluation,recovery_0_6,aci_bounded,2,130,0.048525818236085,0.09080908275907422,0.5076923076923077,0.9230769230769231,0.9692307692307692,0.4200410436512426,31
reserve10,joint_none,primary,evaluation,recovery_0_6,aci_bounded,3,125,0.052958922276956026,0.0959578089783734,0.584,0.936,0.968,0.486518648030919,33
reserve10,joint_none,primary,evaluation,recovery_0_6,aci_bounded,4,120,0.05707904332583873,0.10222206249607456,0.5333333333333333,0.9166666666666666,0.9833333333333333,0.5270112741129429,29
reserve10,joint_none,primary,evaluation,recovery_0_6,carry_forward,1,135,0.04954248797568292,0.08228619407773716,0.42962962962962964,0.7037037037037037,0.8296296296296296,0.3336154713500744,32
reserve10,joint_none,primary,evaluation,recovery_0_6,carry_forward,2,130,0.05657238271521206,0.10555747784189082,0.4846153846153846,0.7692307692307693,0.9076923076923077,0.4058546098113453,31
reserve10,joint_none,primary,evaluation,recovery_0_6,carry_forward,3,125,0.06251813560586753,0.11750146564990041,0.544,0.8,0.88,0.44057469073131944,33
reserve10,joint_none,primary,evaluation,recovery_0_6,carry_forward,4,120,0.06726377506934056,0.1337118039090487,0.5833333333333334,0.8,0.9,0.4802759118143999,29
reserve10,joint_none,primary,evaluation,recovery_0_6,geometric_persistence,1,135,0.05105054148850704,0.0816466890271019,0.4666666666666667,0.8296296296296296,0.9407407407407408,0.47883961304741324,32
reserve10,joint_none,primary,evaluation,recovery_0_6,geometric_persistence,2,130,0.0735687181971726,0.13080201721872617,0.4846153846153846,0.8307692307692308,0.9230769230769231,0.5976527433927358,31
reserve10,joint_none,primary,evaluation,recovery_0_6,geometric_persistence,3,125,0.0913533727764113,0.16534079117515987,0.528,0.816,0.92,0.6991335747559405,33
reserve10,joint_none,primary,evaluation,recovery_0_6,geometric_persistence,4,120,0.10409355037129622,0.1928065239104004,0.6,0.8583333333333333,0.95,0.7916790620234657,29
reserve10,joint_none,primary,evaluation,recovery_0_6,mask50,1,135,0.03854418461270332,0.06424338380592777,0.6074074074074074,0.8962962962962963,0.9481481481481482,0.33727982075643037,32
reserve10,joint_none,primary,evaluation,recovery_0_6,mask50,2,130,0.04846906482542417,0.09080908275907422,0.5230769230769231,0.9076923076923077,0.9769230769230769,0.4195825705004329,31
reserve10,joint_none,primary,evaluation,recovery_0_6,mask50,3,125,0.05285866442253005,0.0959578089783734,0.592,0.944,0.968,0.484404929832834,33
reserve10,joint_none,primary,evaluation,recovery_0_6,mask50,4,120,0.05697997569110016,0.10222206249607456,0.55,0.925,0.9833333333333333,0.5248701096519397,29
reserve10,joint_none,primary,evaluation,recovery_0_6,mi_recency,1,135,0.04313980668727554,0.06720786429342507,0.5333333333333333,0.8,0.8962962962962963,0.317362218067624,32
reserve10,joint_none,primary,evaluation,recovery_0_6,mi_recency,2,130,0.05308856197391921,0.09332164939964431,0.36923076923076925,0.8307692307692308,0.9461538461538461,0.41286280465612923,31
reserve10,joint_none,primary,evaluation,recovery_0_6,mi_recency,3,125,0.05540606945851341,0.09883833509402257,0.448,0.816,0.952,0.465318926235741,33
reserve10,joint_none,primary,evaluation,recovery_0_6,mi_recency,4,120,0.05957849130382794,0.10765889261398708,0.45,0.8083333333333333,0.9666666666666667,0.5062469920734854,29
reserve10,joint_none,primary,evaluation,recovery_0_6,multiple_imputation,1,135,0.04379678605586782,0.06720786429342507,0.6592592592592592,0.8074074074074075,0.8666666666666667,0.26358401346916566,32
reserve10,joint_none,primary,evaluation,recovery_0_6,multiple_imputation,2,130,0.05418333388544931,0.09332164939964431,0.45384615384615384,0.7846153846153846,0.8538461538461538,0.3191705008525498,31
reserve10,joint_none,primary,evaluation,recovery_0_6,multiple_imputation,3,125,0.0556762707630564,0.09883833509402257,0.456,0.792,0.832,0.340612942056094,33
reserve10,joint_none,primary,evaluation,recovery_0_6,multiple_imputation,4,120,0.06101402165057527,0.10765889261398708,0.475,0.7166666666666667,0.7916666666666666,0.3605741829602545,29
reserve10,joint_none,primary,evaluation,recovery_0_6,persistence,1,135,0.06794948196912792,0.12797210972993828,0.4962962962962963,0.8740740740740741,0.9629629629629629,0.5569092446469907,32
reserve10,joint_none,primary,evaluation,recovery_0_6,persistence,2,130,0.10372066658204555,0.21177647754464285,0.5692307692307692,0.8538461538461538,0.9384615384615385,0.7075938045112178,31
reserve10,joint_none,primary,evaluation,recovery_0_6,persistence,3,125,0.12423035612377975,0.2585699932904762,0.552,0.832,0.944,0.8042110014336308,33
reserve10,joint_none,primary,evaluation,recovery_0_6,persistence,4,120,0.13555770590138266,0.2757189005282738,0.5833333333333334,0.85,0.925,0.8749423311408727,29
reserve10,joint_none,primary,evaluation,recovery_0_6,physical,1,135,0.03855085246778132,0.06424338380592777,0.5925925925925926,0.8962962962962963,0.9407407407407408,0.3396624687964404,32
reserve10,joint_none,primary,evaluation,recovery_0_6,physical,2,130,0.04849513290712799,0.09080908275907422,0.5615384615384615,0.9307692307692308,0.9846153846153847,0.4244480488227226,31
reserve10,joint_none,primary,evaluation,recovery_0_6,physical,3,125,0.052962836858871196,0.0959578089783734,0.608,0.944,0.968,0.4899459735237616,33
reserve10,joint_none,primary,evaluation,recovery_0_6,physical,4,120,0.05694703983474596,0.10222206249607456,0.5666666666666667,0.9333333333333333,1.0,0.52911387470021,29
reserve10,joint_none,primary,evaluation,recovery_0_6,physical_availability,1,135,0.03840958172291882,0.06424338380592777,0.5777777777777777,0.9037037037037037,0.9629629629629629,0.3351402347693779,32
reserve10,joint_none,primary,evaluation,recovery_0_6,physical_availability,2,130,0.04842268194562527,0.09080908275907422,0.5384615384615384,0.9230769230769231,0.9769230769230769,0.42226867694618947,31
reserve10,joint_none,primary,evaluation,recovery_0_6,physical_availability,3,125,0.052956714233834176,0.0959578089783734,0.584,0.944,0.968,0.4893568178006071,33
reserve10,joint_none,primary,evaluation,recovery_0_6,physical_availability,4,120,0.057153356549931054,0.10222206249607456,0.55,0.9333333333333333,0.9916666666666667,0.533606146425559,29
reserve10,joint_none,primary,evaluation,recovery_0_6,physical_recovery,1,135,0.03849786074488313,0.06424338380592777,0.5851851851851851,0.9037037037037037,0.9481481481481482,0.33765633324679667,32
reserve10,joint_none,primary,evaluation,recovery_0_6,physical_recovery,2,130,0.04840962712979218,0.09080908275907422,0.5307692307692308,0.9307692307692308,0.9846153846153847,0.4208424264934516,31
reserve10,joint_none,primary,evaluation,recovery_0_6,physical_recovery,3,125,0.052806659231835175,0.0959578089783734,0.592,0.944,0.968,0.48553164685650646,33
reserve10,joint_none,primary,evaluation,recovery_0_6,physical_recovery,4,120,0.05692338333151496,0.10222206249607456,0.5416666666666666,0.9083333333333333,0.9916666666666667,0.5245906360363979,29
reserve10,joint_none,primary,evaluation,recovery_0_6,previous_day,1,135,0.08157356003109016,0.12655746951609345,0.48148148148148145,0.8518518518518519,0.8962962962962963,0.6172774459102182,32
reserve10,joint_none,primary,evaluation,recovery_0_6,previous_day,2,130,0.07532748755450352,0.11631239618246336,0.5,0.8615384615384616,0.9230769230769231,0.6398702435634157,31
reserve10,joint_none,primary,evaluation,recovery_0_6,previous_day,3,125,0.06928599000692176,0.10501287160238094,0.504,0.888,0.968,0.6829138215809522,33
reserve10,joint_none,primary,evaluation,recovery_0_6,previous_day,4,120,0.07841423643443522,0.1191525891313244,0.5,0.875,0.9666666666666667,0.7298181836011904,29
reserve10,joint_none,primary,evaluation,recovery_0_6,raw,1,135,0.03828134524091041,0.06424338380592777,0.5407407407407407,0.8592592592592593,0.9185185185185185,0.3215876471819066,32
reserve10,joint_none,primary,evaluation,recovery_0_6,raw,2,130,0.048076532168848565,0.09080908275907422,0.4076923076923077,0.8153846153846154,0.9461538461538461,0.3995348404354172,31
reserve10,joint_none,primary,evaluation,recovery_0_6,raw,3,125,0.052217623003363585,0.0959578089783734,0.48,0.824,0.96,0.4589744354406338,33
reserve10,joint_none,primary,evaluation,recovery_0_6,raw,4,120,0.05670303016991891,0.10222206249607456,0.4583333333333333,0.825,0.925,0.49459979483774946,29
reserve10,joint_none,primary,evaluation,recovery_0_6,recency,1,135,0.03856830946920524,0.06424338380592777,0.6074074074074074,0.8888888888888888,0.9481481481481482,0.3379584333999016,32
reserve10,joint_none,primary,evaluation,recovery_0_6,recency,2,130,0.048471464157186776,0.09080908275907422,0.5230769230769231,0.9076923076923077,0.9846153846153847,0.4206793629843232,31
reserve10,joint_none,primary,evaluation,recovery_0_6,recency,3,125,0.052912062623329814,0.0959578089783734,0.592,0.944,0.968,0.4858374857425299,33
reserve10,joint_none,primary,evaluation,recovery_0_6,recency,4,120,0.05700692181270794,0.10222206249607456,0.5583333333333333,0.925,0.9833333333333333,0.52589633682974,29
reserve10,joint_none,primary,evaluation,recovery_0_6,rolling,1,135,0.038563669844202814,0.06424338380592777,0.5925925925925926,0.8888888888888888,0.9481481481481482,0.33531862207001967,32
reserve10,joint_none,primary,evaluation,recovery_0_6,rolling,2,130,0.04853499748278888,0.09080908275907422,0.5153846153846153,0.9230769230769231,0.9692307692307692,0.42074862779582173,31
reserve10,joint_none,primary,evaluation,recovery_0_6,rolling,3,125,0.05298008512363069,0.0959578089783734,0.592,0.936,0.968,0.4859413173307963,33
reserve10,joint_none,primary,evaluation,recovery_0_6,rolling,4,120,0.05709057122340501,0.10222206249607456,0.5333333333333333,0.9083333333333333,0.9833333333333333,0.5261396537997645,29
reserve10,joint_none,primary,evaluation,recovery_0_6,single_imputation,1,135,0.045047233421107925,0.06941684155558865,0.6296296296296297,0.7925925925925926,0.8518518518518519,0.2587869465126848,32
reserve10,joint_none,primary,evaluation,recovery_0_6,single_imputation,2,130,0.05624349868942846,0.09589174959854857,0.45384615384615384,0.7384615384615385,0.823076923076923,0.31013388420490284,31
reserve10,joint_none,primary,evaluation,recovery_0_6,single_imputation,3,125,0.05599311197733251,0.09736676069827926,0.472,0.752,0.84,0.3304702411590728,33
reserve10,joint_none,primary,evaluation,recovery_0_6,single_imputation,4,120,0.062009158086944884,0.10857360658064463,0.4583333333333333,0.6666666666666666,0.7833333333333333,0.34927774314587684,29
reserve10,joint_none,primary,evaluation,recovery_6_24,aci_bounded,1,412,0.03886232938418282,0.060963842980768145,0.5,0.7936893203883495,0.8859223300970874,0.32751372843453236,45
reserve10,joint_none,primary,evaluation,recovery_6_24,aci_bounded,2,418,0.0544032066102816,0.09077555056613434,0.49282296650717705,0.7535885167464115,0.8875598086124402,0.4231424265691034,45
reserve10,joint_none,primary,evaluation,recovery_6_24,aci_bounded,3,424,0.06059445772551478,0.10641337231390435,0.49292452830188677,0.7712264150943396,0.8891509433962265,0.45976277181325426,45
reserve10,joint_none,primary,evaluation,recovery_6_24,aci_bounded,4,429,0.06336693896633135,0.11455777704677753,0.48951048951048953,0.7762237762237763,0.8927738927738927,0.46442790513074067,45
reserve10,joint_none,primary,evaluation,recovery_6_24,carry_forward,1,412,0.04335179981279159,0.06893625454057506,0.4223300970873786,0.7233009708737864,0.8179611650485437,0.3415182149230636,45
reserve10,joint_none,primary,evaluation,recovery_6_24,carry_forward,2,418,0.06050091311943238,0.09991507300813471,0.41626794258373206,0.638755980861244,0.7990430622009569,0.4072350205627924,45
reserve10,joint_none,primary,evaluation,recovery_6_24,carry_forward,3,424,0.06702895718440326,0.11612249974897317,0.37735849056603776,0.6415094339622641,0.7641509433962265,0.42086181713214704,45
reserve10,joint_none,primary,evaluation,recovery_6_24,carry_forward,4,429,0.0703079844251344,0.12355492912626131,0.41025641025641024,0.6456876456876457,0.7505827505827506,0.4261491165459585,45
reserve10,joint_none,primary,evaluation,recovery_6_24,geometric_persistence,1,412,0.047858060223875155,0.0743530725338834,0.5606796116504854,0.8689320388349514,0.9514563106796117,0.47600389813064375,45
reserve10,joint_none,primary,evaluation,recovery_6_24,geometric_persistence,2,418,0.07489649601484244,0.1261659661893705,0.5598086124401914,0.8588516746411483,0.9473684210526315,0.5955189043325331,45
reserve10,joint_none,primary,evaluation,recovery_6_24,geometric_persistence,3,424,0.09665516414151358,0.17058660626138977,0.5400943396226415,0.8514150943396226,0.9363207547169812,0.7084234493112497,45
reserve10,joint_none,primary,evaluation,recovery_6_24,geometric_persistence,4,429,0.11392239668796551,0.21078772714632396,0.5431235431235432,0.8251748251748252,0.9207459207459208,0.7659070021533617,45
reserve10,joint_none,primary,evaluation,recovery_6_24,mask50,1,412,0.038874016690018276,0.060963842980768145,0.5072815533980582,0.8058252427184466,0.8859223300970874,0.32989117243039684,45
reserve10,joint_none,primary,evaluation,recovery_6_24,mask50,2,418,0.05437430038496114,0.09077555056613434,0.49760765550239233,0.7464114832535885,0.9019138755980861,0.4244220782513579,45
reserve10,joint_none,primary,evaluation,recovery_6_24,mask50,3,424,0.060618322548944094,0.10641337231390435,0.49528301886792453,0.7712264150943396,0.8915094339622641,0.4606325993325115,45
reserve10,joint_none,primary,evaluation,recovery_6_24,mask50,4,429,0.06344612615527061,0.11455777704677753,0.4988344988344988,0.7692307692307693,0.8834498834498834,0.46482785034383844,45
reserve10,joint_none,primary,evaluation,recovery_6_24,mi_recency,1,412,0.04176354768080451,0.06578969036939436,0.5194174757281553,0.8203883495145631,0.9077669902912622,0.3062683561002272,45
reserve10,joint_none,primary,evaluation,recovery_6_24,mi_recency,2,418,0.059316086330711726,0.09644008991067676,0.5023923444976076,0.7799043062200957,0.8995215311004785,0.3992313089071273,45
reserve10,joint_none,primary,evaluation,recovery_6_24,mi_recency,3,424,0.06683077666664196,0.1101314732284975,0.49292452830188677,0.7900943396226415,0.9056603773584906,0.44461396998271496,45
reserve10,joint_none,primary,evaluation,recovery_6_24,mi_recency,4,429,0.07106380566038421,0.11676492696281938,0.4755244755244755,0.7995337995337995,0.9020979020979021,0.4748629286730128,45
reserve10,joint_none,primary,evaluation,recovery_6_24,multiple_imputation,1,412,0.04165759525749881,0.06578969036939436,0.6189320388349514,0.8276699029126213,0.8786407766990292,0.2628067449200056,45
reserve10,joint_none,primary,evaluation,recovery_6_24,multiple_imputation,2,418,0.059984448602881095,0.09644008991067676,0.5239234449760766,0.7679425837320574,0.8229665071770335,0.3180297888000624,45
reserve10,joint_none,primary,evaluation,recovery_6_24,multiple_imputation,3,424,0.06847350048396214,0.1101314732284975,0.49292452830188677,0.7169811320754716,0.8183962264150944,0.3379495872750844,45
reserve10,joint_none,primary,evaluation,recovery_6_24,multiple_imputation,4,429,0.07310186435187807,0.11676492696281938,0.47785547785547783,0.7249417249417249,0.8251748251748252,0.3505276377578674,45
reserve10,joint_none,primary,evaluation,recovery_6_24,persistence,1,412,0.066104770750113,0.12024420632837782,0.5679611650485437,0.8470873786407767,0.9563106796116505,0.5498826795572013,45
reserve10,joint_none,primary,evaluation,recovery_6_24,persistence,2,418,0.10470908125811688,0.20670912339584754,0.5454545454545454,0.8325358851674641,0.9401913875598086,0.7108883443146216,45
reserve10,joint_none,primary,evaluation,recovery_6_24,persistence,3,424,0.13183392710182046,0.2717629968620142,0.5259433962264151,0.8113207547169812,0.9221698113207547,0.8227314636824916,45
reserve10,joint_none,primary,evaluation,recovery_6_24,persistence,4,429,0.14930978481162563,0.31488990357593794,0.5128205128205128,0.7948717948717948,0.916083916083916,0.8855517845199938,45
reserve10,joint_none,primary,evaluation,recovery_6_24,physical,1,412,0.038757416366923016,0.060963842980768145,0.5024271844660194,0.7912621359223301,0.8956310679611651,0.3322842437740019,45
reserve10,joint_none,primary,evaluation,recovery_6_24,physical,2,418,0.05439321906873897,0.09077555056613434,0.5,0.7464114832535885,0.8899521531100478,0.42672337765650814,45
reserve10,joint_none,primary,evaluation,recovery_6_24,physical,3,424,0.06053661594043507,0.10641337231390435,0.49764150943396224,0.7759433962264151,0.8962264150943396,0.46439419420956934,45
reserve10,joint_none,primary,evaluation,recovery_6_24,physical,4,429,0.0634085368562367,0.11455777704677753,0.5058275058275058,0.7762237762237763,0.8904428904428905,0.46836778754034747,45
reserve10,joint_none,primary,evaluation,recovery_6_24,physical_availability,1,412,0.03875928822271074,0.060963842980768145,0.49514563106796117,0.7985436893203883,0.8932038834951457,0.3291214696153516,45
reserve10,joint_none,primary,evaluation,recovery_6_24,physical_availability,2,418,0.054468881247783894,0.09077555056613434,0.49282296650717705,0.7416267942583732,0.8851674641148325,0.42459994408026597,45
reserve10,joint_none,primary,evaluation,recovery_6_24,physical_availability,3,424,0.060645727391369544,0.10641337231390435,0.5023584905660378,0.7594339622641509,0.8891509433962265,0.4616008327255962,45
reserve10,joint_none,primary,evaluation,recovery_6_24,physical_availability,4,429,0.06368081317148505,0.11455777704677753,0.49417249417249415,0.7645687645687645,0.8881118881118881,0.4651374202606316,45
reserve10,joint_none,primary,evaluation,recovery_6_24,physical_recovery,1,412,0.03875178946810503,0.060963842980768145,0.49271844660194175,0.7961165048543689,0.8932038834951457,0.3301388840251141,45
reserve10,joint_none,primary,evaluation,recovery_6_24,physical_recovery,2,418,0.05449401727668015,0.09077555056613434,0.5,0.7416267942583732,0.8851674641148325,0.42581042590093104,45
reserve10,joint_none,primary,evaluation,recovery_6_24,physical_recovery,3,424,0.06073344478947795,0.10641337231390435,0.5023584905660378,0.7712264150943396,0.8915094339622641,0.4631976925469395,45
reserve10,joint_none,primary,evaluation,recovery_6_24,physical_recovery,4,429,0.06373459579477282,0.11455777704677753,0.49417249417249415,0.7738927738927739,0.8927738927738927,0.46681982469417405,45
reserve10,joint_none,primary,evaluation,recovery_6_24,previous_day,1,412,0.08574599861233338,0.13764879915698683,0.42961165048543687,0.8155339805825242,0.9150485436893204,0.6464259986230604,45
reserve10,joint_none,primary,evaluation,recovery_6_24,previous_day,2,418,0.1280168497084826,0.20955746334657666,0.3229665071770335,0.6818181818181818,0.8229665071770335,0.6490269354754962,45
reserve10,joint_none,primary,evaluation,recovery_6_24,previous_day,3,424,0.16096540248534466,0.2585079475256907,0.29952830188679247,0.5966981132075472,0.7665094339622641,0.6474150353920989,45
reserve10,joint_none,primary,evaluation,recovery_6_24,previous_day,4,429,0.18334820897363052,0.28889456441943473,0.2913752913752914,0.5710955710955711,0.710955710955711,0.6305828109744422,45
reserve10,joint_none,primary,evaluation,recovery_6_24,raw,1,412,0.03898158306355814,0.060963842980768145,0.46116504854368934,0.7305825242718447,0.8519417475728155,0.3160157782141085,45
reserve10,joint_none,primary,evaluation,recovery_6_24,raw,2,418,0.05502843743547269,0.09077555056613434,0.4090909090909091,0.6483253588516746,0.7990430622009569,0.4012971704521796,45
reserve10,joint_none,primary,evaluation,recovery_6_24,raw,3,424,0.06126772755635653,0.10641337231390435,0.4033018867924528,0.6698113207547169,0.7924528301886793,0.4315034142403443,45
reserve10,joint_none,primary,evaluation,recovery_6_24,raw,4,429,0.06409443678403105,0.11455777704677753,0.372960372960373,0.6433566433566433,0.8135198135198135,0.43293240707020086,45
reserve10,joint_none,primary,evaluation,recovery_6_24,recency,1,412,0.038849763972381546,0.060963842980768145,0.5024271844660194,0.8033980582524272,0.8883495145631068,0.3296525460184973,45
reserve10,joint_none,primary,evaluation,recovery_6_24,recency,2,418,0.05437913189893332,0.09077555056613434,0.49760765550239233,0.7368421052631579,0.8971291866028708,0.4239172539389807,45
reserve10,joint_none,primary,evaluation,recovery_6_24,recency,3,424,0.06060904775555697,0.10641337231390435,0.49764150943396224,0.7688679245283019,0.8962264150943396,0.46018561948681147,45
reserve10,joint_none,primary,evaluation,recovery_6_24,recency,4,429,0.06337666224668073,0.11455777704677753,0.4988344988344988,0.7622377622377622,0.8857808857808858,0.4648729415167973,45
reserve10,joint_none,primary,evaluation,recovery_6_24,rolling,1,412,0.03884478261903838,0.060963842980768145,0.5024271844660194,0.7912621359223301,0.883495145631068,0.328814523444512,45
reserve10,joint_none,primary,evaluation,recovery_6_24,rolling,2,418,0.054398192079432604,0.09077555056613434,0.49521531100478466,0.7583732057416268,0.8755980861244019,0.4229297019556569,45
reserve10,joint_none,primary,evaluation,recovery_6_24,rolling,3,424,0.060555466630377204,0.10641337231390435,0.49764150943396224,0.7759433962264151,0.8938679245283019,0.4592364929815823,45
reserve10,joint_none,primary,evaluation,recovery_6_24,rolling,4,429,0.06336632352606955,0.11455777704677753,0.49417249417249415,0.7738927738927739,0.8811188811188811,0.4634455898055281,45
reserve10,joint_none,primary,evaluation,recovery_6_24,single_imputation,1,412,0.04165333236523549,0.06538086767622954,0.6043689320388349,0.8252427184466019,0.8786407766990292,0.2593267621740811,45
reserve10,joint_none,primary,evaluation,recovery_6_24,single_imputation,2,418,0.05936141992672659,0.09591105864998872,0.5167464114832536,0.7631578947368421,0.8277511961722488,0.31253260106501274,45
reserve10,joint_none,primary,evaluation,recovery_6_24,single_imputation,3,424,0.06796116091630929,0.1092579649399663,0.49292452830188677,0.7216981132075472,0.8113207547169812,0.3323122056720956,45
reserve10,joint_none,primary,evaluation,recovery_6_24,single_imputation,4,429,0.07258380350059275,0.11531452192089467,0.4755244755244755,0.703962703962704,0.8181818181818182,0.34298704343533587,45
reserve10,joint_none,primary,warmup,normal,aci_bounded,1,220,0.041943029547708385,0.06734894904234047,0.4681818181818182,0.7363636363636363,0.8818181818181818,0.3356974629664042,0
reserve10,joint_none,primary,warmup,normal,aci_bounded,2,220,0.06106768022067981,0.10555651249352473,0.4318181818181818,0.740909090909091,0.8818181818181818,0.48451691489034304,0
reserve10,joint_none,primary,warmup,normal,aci_bounded,3,221,0.07126462107036842,0.1280268671888856,0.4796380090497738,0.7601809954751131,0.8687782805429864,0.5025702015833763,0
reserve10,joint_none,primary,warmup,normal,aci_bounded,4,222,0.07606501944201235,0.1420438924997346,0.4864864864864865,0.7207207207207207,0.8288288288288288,0.5088601199692122,0
reserve10,joint_none,primary,warmup,normal,carry_forward,1,220,0.046202933296989504,0.0718595156113926,0.41818181818181815,0.7272727272727273,0.8772727272727273,0.39137896396820265,0
reserve10,joint_none,primary,warmup,normal,carry_forward,2,220,0.06293529388548832,0.10642810868883568,0.33181818181818185,0.6409090909090909,0.8454545454545455,0.47765160313228233,0
reserve10,joint_none,primary,warmup,normal,carry_forward,3,221,0.07197646028149278,0.12522965010765927,0.3438914027149321,0.6289592760180995,0.7918552036199095,0.4924096677999991,0
reserve10,joint_none,primary,warmup,normal,carry_forward,4,222,0.07602547226175442,0.13550234866646663,0.34234234234234234,0.6171171171171171,0.7747747747747747,0.49513624452607274,0
reserve10,joint_none,primary,warmup,normal,geometric_persistence,1,220,0.05280543816976869,0.08212385934489862,0.45,0.8090909090909091,0.8863636363636364,0.37023515550771785,0
reserve10,joint_none,primary,warmup,normal,geometric_persistence,2,220,0.08063739219003098,0.13226837520964096,0.4863636363636364,0.7909090909090909,0.8818181818181818,0.513909701446525,0
reserve10,joint_none,primary,warmup,normal,geometric_persistence,3,221,0.09912279554715844,0.17525192216595467,0.45248868778280543,0.7782805429864253,0.8959276018099548,0.6297290098674387,0
reserve10,joint_none,primary,warmup,normal,geometric_persistence,4,222,0.11628328115953623,0.21808406331777672,0.45495495495495497,0.7702702702702703,0.8828828828828829,0.6758956913174107,0
reserve10,joint_none,primary,warmup,normal,mask50,1,220,0.04193902481244167,0.06734894904234047,0.4727272727272727,0.7454545454545455,0.9045454545454545,0.3411997238716528,0
reserve10,joint_none,primary,warmup,normal,mask50,2,220,0.061064780180574825,0.10555651249352473,0.4409090909090909,0.7363636363636363,0.8909090909090909,0.48785044719992393,0
reserve10,joint_none,primary,warmup,normal,mask50,3,221,0.07131063039235347,0.1280268671888856,0.4751131221719457,0.755656108597285,0.8778280542986425,0.5085066441544396,0
reserve10,joint_none,primary,warmup,normal,mask50,4,222,0.07605045903070452,0.1420438924997346,0.5,0.7342342342342343,0.8288288288288288,0.5134967075202431,0
reserve10,joint_none,primary,warmup,normal,mi_recency,1,220,0.04707286331681395,0.07516334652640862,0.5772727272727273,0.8181818181818182,0.9,0.30668817649274543,0
reserve10,joint_none,primary,warmup,normal,mi_recency,2,220,0.06299044299570679,0.10619202964668852,0.5,0.7954545454545454,0.8772727272727273,0.41025831543937513,0
reserve10,joint_none,primary,warmup,normal,mi_recency,3,221,0.07301505632847005,0.1244856978992256,0.4841628959276018,0.7647058823529411,0.8552036199095022,0.47118429399782,0
reserve10,joint_none,primary,warmup,normal,mi_recency,4,222,0.07909597223150655,0.13628370284449817,0.4954954954954955,0.7657657657657657,0.8783783783783784,0.5107022511954247,0
reserve10,joint_none,primary,warmup,normal,multiple_imputation,1,220,0.04734547427136965,0.07516334652640862,0.5863636363636363,0.7954545454545454,0.85,0.2539082486733402,0
reserve10,joint_none,primary,warmup,normal,multiple_imputation,2,220,0.06430597098027904,0.10619202964668852,0.4590909090909091,0.6954545454545454,0.8090909090909091,0.30964186850877473,0
reserve10,joint_none,primary,warmup,normal,multiple_imputation,3,221,0.07538851105527612,0.1244856978992256,0.3891402714932127,0.669683257918552,0.7828054298642534,0.33179779254357694,0
reserve10,joint_none,primary,warmup,normal,multiple_imputation,4,222,0.08244449605833909,0.13628370284449817,0.3738738738738739,0.6261261261261262,0.7477477477477478,0.35017733097668285,0
reserve10,joint_none,primary,warmup,normal,persistence,1,220,0.07311435320776805,0.1282073105790043,0.5681818181818182,0.8045454545454546,0.9136363636363637,0.46144644685352404,0
reserve10,joint_none,primary,warmup,normal,persistence,2,220,0.10895671172173585,0.20823266878787877,0.5409090909090909,0.8136363636363636,0.8636363636363636,0.6470390988460497,0
reserve10,joint_none,primary,warmup,normal,persistence,3,221,0.13148051223344387,0.2654381621114792,0.502262443438914,0.7828054298642534,0.8733031674208145,0.7478635598741179,0
reserve10,joint_none,primary,warmup,normal,persistence,4,222,0.1418049735615103,0.300916808600118,0.481981981981982,0.8063063063063063,0.8783783783783784,0.7903364733396343,0
reserve10,joint_none,primary,warmup,normal,physical,1,220,0.04194356119338187,0.06734894904234047,0.4681818181818182,0.740909090909091,0.8909090909090909,0.3399865920618142,0
reserve10,joint_none,primary,warmup,normal,physical,2,220,0.0610856613851365,0.10555651249352473,0.41818181818181815,0.7363636363636363,0.8863636363636364,0.48712176695250925,0
reserve10,joint_none,primary,warmup,normal,physical,3,221,0.0712859855952512,0.1280268671888856,0.45701357466063347,0.751131221719457,0.8642533936651584,0.506360376234793,0
reserve10,joint_none,primary,warmup,normal,physical,4,222,0.07622616771963617,0.1420438924997346,0.4864864864864865,0.7297297297297297,0.8378378378378378,0.5140382951226512,0
reserve10,joint_none,primary,warmup,normal,physical_availability,1,220,0.04191451251879399,0.06734894904234047,0.4727272727272727,0.7545454545454545,0.9045454545454545,0.3457739867989666,0
reserve10,joint_none,primary,warmup,normal,physical_availability,2,220,0.061037164501717533,0.10555651249352473,0.4318181818181818,0.75,0.9,0.48864583192928984,0
reserve10,joint_none,primary,warmup,normal,physical_availability,3,221,0.07132061219994776,0.1280268671888856,0.49321266968325794,0.755656108597285,0.8823529411764706,0.5109184164031272,0
reserve10,joint_none,primary,warmup,normal,physical_availability,4,222,0.07618822287823565,0.1420438924997346,0.49099099099099097,0.7297297297297297,0.8378378378378378,0.517959779469664,0
reserve10,joint_none,primary,warmup,normal,physical_recovery,1,220,0.04193238005743561,0.06734894904234047,0.4727272727272727,0.759090909090909,0.9090909090909091,0.347270513336105,0
reserve10,joint_none,primary,warmup,normal,physical_recovery,2,220,0.06105995233468235,0.10555651249352473,0.42727272727272725,0.7363636363636363,0.9,0.4880450531186177,0
reserve10,joint_none,primary,warmup,normal,physical_recovery,3,221,0.07138294513241238,0.1280268671888856,0.4660633484162896,0.7375565610859729,0.8642533936651584,0.5084525857344144,0
reserve10,joint_none,primary,warmup,normal,physical_recovery,4,222,0.07627190017156237,0.1420438924997346,0.481981981981982,0.7297297297297297,0.8468468468468469,0.5195311544273845,0
reserve10,joint_none,primary,warmup,normal,previous_day,1,220,0.1110356295515398,0.1687831453652597,0.32727272727272727,0.6681818181818182,0.8318181818181818,0.5509150182912269,0
reserve10,joint_none,primary,warmup,normal,previous_day,2,220,0.10946512129103132,0.1672442015029762,0.33636363636363636,0.6909090909090909,0.8409090909090909,0.571182169687669,0
reserve10,joint_none,primary,warmup,normal,previous_day,3,221,0.10847259057524933,0.1666583324929972,0.334841628959276,0.7013574660633484,0.8597285067873304,0.5906799123915911,0
reserve10,joint_none,primary,warmup,normal,previous_day,4,222,0.10839541721008955,0.16726133875382077,0.3333333333333333,0.7162162162162162,0.8603603603603603,0.5998052703312687,0
reserve10,joint_none,primary,warmup,normal,raw,1,220,0.04203873571365157,0.06734894904234047,0.39545454545454545,0.6818181818181818,0.8727272727272727,0.329489510613503,0
reserve10,joint_none,primary,warmup,normal,raw,2,220,0.06153716008136934,0.10555651249352473,0.3181818181818182,0.5909090909090909,0.8454545454545455,0.4719966355049413,0
reserve10,joint_none,primary,warmup,normal,raw,3,221,0.07174151125755399,0.1280268671888856,0.37104072398190047,0.5882352941176471,0.7918552036199095,0.4844683724160338,0
reserve10,joint_none,primary,warmup,normal,raw,4,222,0.07667826860869874,0.1420438924997346,0.4009009009009009,0.5855855855855856,0.7747747747747747,0.4910357581255807,0
reserve10,joint_none,primary,warmup,normal,recency,1,220,0.041948448398953966,0.06734894904234047,0.4772727272727273,0.7363636363636363,0.8909090909090909,0.3360546190044865,0
reserve10,joint_none,primary,warmup,normal,recency,2,220,0.0610973068388693,0.10555651249352473,0.42272727272727273,0.7318181818181818,0.8818181818181818,0.48497492451628177,0
reserve10,joint_none,primary,warmup,normal,recency,3,221,0.07130392339251697,0.1280268671888856,0.4660633484162896,0.746606334841629,0.8552036199095022,0.501717966557046,0
reserve10,joint_none,primary,warmup,normal,recency,4,222,0.0761061256632174,0.1420438924997346,0.47297297297297297,0.7207207207207207,0.8288288288288288,0.5096272311884946,0
reserve10,joint_none,primary,warmup,normal,rolling,1,220,0.04195067146551803,0.06734894904234047,0.4590909090909091,0.7272727272727273,0.8818181818181818,0.3355140189828676,0
reserve10,joint_none,primary,warmup,normal,rolling,2,220,0.06108533953807316,0.10555651249352473,0.42727272727272725,0.7318181818181818,0.8818181818181818,0.48407140605055105,0
reserve10,joint_none,primary,warmup,normal,rolling,3,221,0.07125472480464849,0.1280268671888856,0.4841628959276018,0.755656108597285,0.8687782805429864,0.5009093036427525,0
reserve10,joint_none,primary,warmup,normal,rolling,4,222,0.07608527966062995,0.1420438924997346,0.4774774774774775,0.7162162162162162,0.8288288288288288,0.5071643916803903,0
reserve10,joint_none,primary,warmup,normal,single_imputation,1,220,0.04734592734847641,0.07518464520294917,0.5909090909090909,0.7954545454545454,0.85,0.2538547282712091,0
reserve10,joint_none,primary,warmup,normal,single_imputation,2,220,0.06434300554735341,0.1062734139223671,0.4590909090909091,0.6954545454545454,0.8136363636363636,0.30943869659737944,0
reserve10,joint_none,primary,warmup,normal,single_imputation,3,221,0.07534965191104233,0.1243883528320009,0.3936651583710407,0.669683257918552,0.7828054298642534,0.33137473725930794,0
reserve10,joint_none,primary,warmup,normal,single_imputation,4,222,0.0827065055649445,0.13663516467315837,0.3738738738738739,0.6261261261261262,0.7522522522522522,0.3498270876810556,0
reserve10,joint_none,primary,warmup,outage,aci_bounded,1,30,0.0861934578181978,0.16410429257883405,0.5333333333333333,0.7666666666666667,0.9333333333333333,0.6232514461350079,4
reserve10,joint_none,primary,warmup,outage,aci_bounded,2,30,0.08105207507180759,0.149657521573865,0.5666666666666667,0.8333333333333334,0.9,0.6036148667900145,4
reserve10,joint_none,primary,warmup,outage,aci_bounded,3,29,0.08374977277509721,0.17436674412678063,0.5517241379310345,0.8275862068965517,0.9310344827586207,0.5932905407506555,4
reserve10,joint_none,primary,warmup,outage,aci_bounded,4,28,0.08304485945830441,0.18606392255864593,0.4642857142857143,0.8571428571428571,0.9285714285714286,0.5624596255843918,4
reserve10,joint_none,primary,warmup,outage,carry_forward,1,30,0.11366285833153272,0.2326007965665398,0.23333333333333334,0.5666666666666667,0.7,0.5196765438419578,4
reserve10,joint_none,primary,warmup,outage,carry_forward,2,30,0.10626255969220483,0.23014356612140505,0.16666666666666666,0.6,0.7666666666666667,0.5540603360677917,4
reserve10,joint_none,primary,warmup,outage,carry_forward,3,29,0.09792764393396808,0.22911216608137272,0.1724137931034483,0.5517241379310345,0.7241379310344828,0.5328705615499656,4
reserve10,joint_none,primary,warmup,outage,carry_forward,4,28,0.09422873871336235,0.21274626682700215,0.07142857142857142,0.4642857142857143,0.6785714285714286,0.5122216655664814,4
reserve10,joint_none,primary,warmup,outage,geometric_persistence,1,30,0.2810865143930146,0.37537766734299693,0.23333333333333334,0.3,0.4,0.2916443356034129,4
reserve10,joint_none,primary,warmup,outage,geometric_persistence,2,30,0.22078316855625013,0.37515417167133,0.23333333333333334,0.4666666666666667,0.5333333333333333,0.42442873551009097,4
reserve10,joint_none,primary,warmup,outage,geometric_persistence,3,29,0.18697855238427033,0.38057192040629967,0.2413793103448276,0.5862068965517241,0.7241379310344828,0.5628148085284231,4
reserve10,joint_none,primary,warmup,outage,geometric_persistence,4,28,0.1661016822170757,0.37354281498673375,0.25,0.6785714285714286,0.8214285714285714,0.603162528970247,4
reserve10,joint_none,primary,warmup,outage,mask50,1,30,0.08621111925760293,0.16410429257883405,0.5333333333333333,0.7666666666666667,0.9333333333333333,0.623316634573796,4
reserve10,joint_none,primary,warmup,outage,mask50,2,30,0.0805789621541728,0.149657521573865,0.5666666666666667,0.8,0.9333333333333333,0.5982507830597501,4
reserve10,joint_none,primary,warmup,outage,mask50,3,29,0.08354015735782419,0.17436674412678063,0.5517241379310345,0.8275862068965517,0.9310344827586207,0.5883685235095863,4
reserve10,joint_none,primary,warmup,outage,mask50,4,28,0.08304072116707537,0.18606392255864593,0.4642857142857143,0.8571428571428571,0.9285714285714286,0.563761428490501,4
reserve10,joint_none,primary,warmup,outage,mi_recency,1,30,0.07985478401435324,0.15638721144952486,0.36666666666666664,0.7666666666666667,0.9333333333333333,0.5308860897193813,4
reserve10,joint_none,primary,warmup,outage,mi_recency,2,30,0.08413424420838993,0.1612092068971706,0.26666666666666666,0.7666666666666667,0.9,0.49353211192455365,4
reserve10,joint_none,primary,warmup,outage,mi_recency,3,29,0.10059023705910859,0.18205049990498254,0.3448275862068966,0.5862068965517241,0.7931034482758621,0.5135877174634031,4
reserve10,joint_none,primary,warmup,outage,mi_recency,4,28,0.09612006504383348,0.1763635765110326,0.35714285714285715,0.6071428571428571,0.8214285714285714,0.5166588053034229,4
reserve10,joint_none,primary,warmup,outage,multiple_imputation,1,30,0.07998494676321609,0.15638721144952486,0.4,0.7333333333333333,0.8666666666666667,0.4744871687026995,4
reserve10,joint_none,primary,warmup,outage,multiple_imputation,2,30,0.088053125096878,0.1612092068971706,0.26666666666666666,0.6333333333333333,0.7666666666666667,0.409347022486696,4
reserve10,joint_none,primary,warmup,outage,multiple_imputation,3,29,0.11092495481619126,0.18205049990498254,0.3103448275862069,0.4482758620689655,0.5517241379310345,0.3896110226351272,4
reserve10,joint_none,primary,warmup,outage,multiple_imputation,4,28,0.10849842069260654,0.1763635765110326,0.2857142857142857,0.5,0.5714285714285714,0.37721360609649374,4
reserve10,joint_none,primary,warmup,outage,persistence,1,30,0.252432258506413,0.37050129122023806,0.26666666666666666,0.3333333333333333,0.43333333333333335,0.34274136180431547,4
reserve10,joint_none,primary,warmup,outage,persistence,2,30,0.19713380563688704,0.37149949626488094,0.3,0.4666666666666667,0.6333333333333333,0.4935630088541666,4
reserve10,joint_none,primary,warmup,outage,persistence,3,29,0.17681891764596894,0.3830219368688424,0.3103448275862069,0.6206896551724138,0.7586206896551724,0.6021148391587129,4
reserve10,joint_none,primary,warmup,outage,persistence,4,28,0.15439387725013662,0.37033603936543363,0.35714285714285715,0.6785714285714286,0.8214285714285714,0.6338287016369047,4
reserve10,joint_none,primary,warmup,outage,physical,1,30,0.08616326136543889,0.16410429257883405,0.5333333333333333,0.7666666666666667,0.9333333333333333,0.6273414597977298,4
reserve10,joint_none,primary,warmup,outage,physical,2,30,0.08089996491319526,0.149657521573865,0.5666666666666667,0.8,0.9333333333333333,0.6052559913331268,4
reserve10,joint_none,primary,warmup,outage,physical,3,29,0.08352694593449772,0.17436674412678063,0.6551724137931034,0.8620689655172413,0.9655172413793104,0.5982540387725558,4
reserve10,joint_none,primary,warmup,outage,physical,4,28,0.08245333198775114,0.18606392255864593,0.5357142857142857,0.8928571428571429,0.9642857142857143,0.5724627975624036,4
reserve10,joint_none,primary,warmup,outage,physical_availability,1,30,0.08616935506642666,0.16410429257883405,0.5333333333333333,0.7666666666666667,0.9333333333333333,0.6272999095225615,4
reserve10,joint_none,primary,warmup,outage,physical_availability,2,30,0.08092990557584692,0.149657521573865,0.5666666666666667,0.8,0.9333333333333333,0.6049415962127915,4
reserve10,joint_none,primary,warmup,outage,physical_availability,3,29,0.08355661994341683,0.17436674412678063,0.6551724137931034,0.8620689655172413,0.9655172413793104,0.5971621173854648,4
reserve10,joint_none,primary,warmup,outage,physical_availability,4,28,0.08259371021121656,0.18606392255864593,0.5357142857142857,0.8928571428571429,0.9285714285714286,0.5698849170888052,4
reserve10,joint_none,primary,warmup,outage,physical_recovery,1,30,0.08616935506642666,0.16410429257883405,0.5333333333333333,0.7666666666666667,0.9333333333333333,0.6272999095225615,4
reserve10,joint_none,primary,warmup,outage,physical_recovery,2,30,0.08092990557584692,0.149657521573865,0.5666666666666667,0.8,0.9333333333333333,0.6049415962127915,4
reserve10,joint_none,primary,warmup,outage,physical_recovery,3,29,0.08355661994341683,0.17436674412678063,0.6551724137931034,0.8620689655172413,0.9655172413793104,0.5971621173854648,4
reserve10,joint_none,primary,warmup,outage,physical_recovery,4,28,0.08259371021121656,0.18606392255864593,0.5357142857142857,0.8928571428571429,0.9285714285714286,0.5698849170888052,4
reserve10,joint_none,primary,warmup,outage,previous_day,1,30,0.09475988959185444,0.1549969332093254,0.3333333333333333,0.7666666666666667,0.8333333333333334,0.538878527079613,4
reserve10,joint_none,primary,warmup,outage,previous_day,2,30,0.09789898683887825,0.16706163421626982,0.26666666666666666,0.7333333333333333,0.8333333333333334,0.5599665399243551,4
reserve10,joint_none,primary,warmup,outage,previous_day,3,29,0.10316944339029145,0.17874120949302133,0.27586206896551724,0.6896551724137931,0.8275862068965517,0.5821761117046387,4
reserve10,joint_none,primary,warmup,outage,previous_day,4,28,0.10003824961970055,0.17280988115433674,0.2857142857142857,0.6428571428571429,0.8214285714285714,0.5563965762967688,4
reserve10,joint_none,primary,warmup,outage,raw,1,30,0.08629282553690772,0.16410429257883405,0.5,0.7333333333333333,0.8333333333333334,0.611780724096339,4
reserve10,joint_none,primary,warmup,outage,raw,2,30,0.08066205794270519,0.149657521573865,0.5,0.7666666666666667,0.8333333333333334,0.5789050252539126,4
reserve10,joint_none,primary,warmup,outage,raw,3,29,0.08444266630699637,0.17436674412678063,0.41379310344827586,0.5517241379310345,0.7586206896551724,0.5596795956170307,4
reserve10,joint_none,primary,warmup,outage,raw,4,28,0.0851894670618972,0.18606392255864593,0.14285714285714285,0.5357142857142857,0.7142857142857143,0.5418468801689256,4
reserve10,joint_none,primary,warmup,outage,recency,1,30,0.086212244303828,0.16410429257883405,0.5333333333333333,0.7666666666666667,0.9333333333333333,0.623316634573796,4
reserve10,joint_none,primary,warmup,outage,recency,2,30,0.08057600870104352,0.149657521573865,0.5666666666666667,0.8,0.9333333333333333,0.5982507830597501,4
reserve10,joint_none,primary,warmup,outage,recency,3,29,0.08352327289062579,0.17436674412678063,0.5517241379310345,0.8275862068965517,0.9310344827586207,0.5883685235095863,4
reserve10,joint_none,primary,warmup,outage,recency,4,28,0.08304322059430612,0.18606392255864593,0.4642857142857143,0.8571428571428571,0.9285714285714286,0.563898916762643,4
reserve10,joint_none,primary,warmup,outage,rolling,1,30,0.08618675937053061,0.16410429257883405,0.5333333333333333,0.7666666666666667,0.9333333333333333,0.6232307438399272,4
reserve10,joint_none,primary,warmup,outage,rolling,2,30,0.08063850077244614,0.149657521573865,0.5666666666666667,0.8,0.9,0.5963602084347536,4
reserve10,joint_none,primary,warmup,outage,rolling,3,29,0.08365659360324951,0.17436674412678063,0.5517241379310345,0.7931034482758621,0.9310344827586207,0.5868072341983503,4
reserve10,joint_none,primary,warmup,outage,rolling,4,28,0.08313463430506728,0.18606392255864593,0.4642857142857143,0.8571428571428571,0.9285714285714286,0.5601241279114263,4
reserve10,joint_none,primary,warmup,outage,single_imputation,1,30,0.09571840243572897,0.14655678222465374,0.26666666666666666,0.43333333333333335,0.5333333333333333,0.26591427004100926,4
reserve10,joint_none,primary,warmup,outage,single_imputation,2,30,0.10239649672930613,0.160008635914398,0.3,0.5333333333333333,0.6333333333333333,0.3149271024895551,4
reserve10,joint_none,primary,warmup,outage,single_imputation,3,29,0.11491274919614825,0.17477433001871043,0.3103448275862069,0.4827586206896552,0.5517241379310345,0.34078262087286554,4
reserve10,joint_none,primary,warmup,outage,single_imputation,4,28,0.11353558860947933,0.17821659360993594,0.25,0.4642857142857143,0.5357142857142857,0.35014157523576594,4
reserve10,joint_none,primary,warmup,recovery_0_6,aci_bounded,1,4,0.011184666864903237,0.007686535102349578,0.5,1.0,1.0,0.21945897331527334,2
reserve10,joint_none,primary,warmup,recovery_0_6,aci_bounded,2,3,0.015104438554465624,0.02224490632600494,1.0,1.0,1.0,0.21007815561600676,2
reserve10,joint_none,primary,warmup,recovery_0_6,aci_bounded,3,3,0.023650918725368047,0.02171294774815997,1.0,1.0,1.0,0.22930284574084778,2
reserve10,joint_none,primary,warmup,recovery_0_6,aci_bounded,4,3,0.042271050897202365,0.03459475812744332,1.0,1.0,1.0,0.3938825115843436,1
reserve10,joint_none,primary,warmup,recovery_0_6,carry_forward,1,4,0.011834839135080006,0.013579467907830758,0.75,0.75,1.0,0.21560964478364442,2
reserve10,joint_none,primary,warmup,recovery_0_6,carry_forward,2,3,0.014389758030422679,0.02258161781508125,0.3333333333333333,1.0,1.0,0.19079393963001134,2
reserve10,joint_none,primary,warmup,recovery_0_6,carry_forward,3,3,0.02109309701593991,0.018998903310321974,1.0,1.0,1.0,0.24588055242555118,2
reserve10,joint_none,primary,warmup,recovery_0_6,carry_forward,4,3,0.03924925600922539,0.0383478923782094,0.6666666666666666,1.0,1.0,0.39394596429107764,1
reserve10,joint_none,primary,warmup,recovery_0_6,geometric_persistence,1,4,0.027224556438926992,0.02876984399008753,0.5,0.75,1.0,0.3679917240823903,2
reserve10,joint_none,primary,warmup,recovery_0_6,geometric_persistence,2,3,0.028613336810482518,0.023693162611141818,0.6666666666666666,1.0,1.0,0.4046718595209972,2
reserve10,joint_none,primary,warmup,recovery_0_6,geometric_persistence,3,3,0.06544570105864013,0.10184950558303973,0.3333333333333333,0.6666666666666666,0.6666666666666666,0.25142152162880077,2
reserve10,joint_none,primary,warmup,recovery_0_6,geometric_persistence,4,3,0.10319975751028032,0.21549252905125327,0.3333333333333333,0.6666666666666666,0.6666666666666666,0.3865162790674603,1
reserve10,joint_none,primary,warmup,recovery_0_6,mask50,1,4,0.011211026357829475,0.007686535102349578,0.5,1.0,1.0,0.21973817578578442,2
reserve10,joint_none,primary,warmup,recovery_0_6,mask50,2,3,0.015072547227388605,0.02224490632600494,1.0,1.0,1.0,0.2171858307400342,2
reserve10,joint_none,primary,warmup,recovery_0_6,mask50,3,3,0.023409634898515417,0.02171294774815997,1.0,1.0,1.0,0.23388197723727577,2
reserve10,joint_none,primary,warmup,recovery_0_6,mask50,4,3,0.04190473005107705,0.03459475812744332,1.0,1.0,1.0,0.39380705764790647,1
reserve10,joint_none,primary,warmup,recovery_0_6,mi_recency,1,4,0.025485123553240042,0.04497514315106822,1.0,1.0,1.0,0.3321066500542784,2
reserve10,joint_none,primary,warmup,recovery_0_6,mi_recency,2,3,0.03816823095154784,0.07007559994702771,0.6666666666666666,1.0,1.0,0.36685175374646334,2
reserve10,joint_none,primary,warmup,recovery_0_6,mi_recency,3,3,0.0350810874767879,0.040991712394182075,1.0,1.0,1.0,0.45448721218650706,2
reserve10,joint_none,primary,warmup,recovery_0_6,mi_recency,4,3,0.0365669769780346,0.0194367139140789,1.0,1.0,1.0,0.5321580792606035,1
reserve10,joint_none,primary,warmup,recovery_0_6,multiple_imputation,1,4,0.02434231685436352,0.04497514315106822,1.0,1.0,1.0,0.2689951771578291,2
reserve10,joint_none,primary,warmup,recovery_0_6,multiple_imputation,2,3,0.035267507920896043,0.07007559994702771,0.6666666666666666,1.0,1.0,0.28826025309651887,2
reserve10,joint_none,primary,warmup,recovery_0_6,multiple_imputation,3,3,0.02822856627214432,0.040991712394182075,1.0,1.0,1.0,0.3068980636663509,2
reserve10,joint_none,primary,warmup,recovery_0_6,multiple_imputation,4,3,0.026257038298926536,0.0194367139140789,1.0,1.0,1.0,0.3426730938707499,1
reserve10,joint_none,primary,warmup,recovery_0_6,persistence,1,4,0.11507372619525934,0.2581114601934523,0.0,0.75,1.0,0.5812150512834822,2
reserve10,joint_none,primary,warmup,recovery_0_6,persistence,2,3,0.1350490685000354,0.31450930828373014,0.3333333333333333,0.6666666666666666,1.0,0.6509906478670634,2
reserve10,joint_none,primary,warmup,recovery_0_6,persistence,3,3,0.14415143216198978,0.3149991197916666,0.3333333333333333,0.3333333333333333,0.6666666666666666,0.43657037212301586,2
reserve10,joint_none,primary,warmup,recovery_0_6,persistence,4,3,0.10004596157667232,0.2104479144345238,0.3333333333333333,0.6666666666666666,0.6666666666666666,0.3914876488095238,1
reserve10,joint_none,primary,warmup,recovery_0_6,physical,1,4,0.011170913951757545,0.007686535102349578,0.25,1.0,1.0,0.21848893253082577,2
reserve10,joint_none,primary,warmup,recovery_0_6,physical,2,3,0.014886500425256924,0.02224490632600494,1.0,1.0,1.0,0.21680617674562552,2
reserve10,joint_none,primary,warmup,recovery_0_6,physical,3,3,0.022585690521853174,0.02171294774815997,1.0,1.0,1.0,0.22391607504205793,2
reserve10,joint_none,primary,warmup,recovery_0_6,physical,4,3,0.041781999162833754,0.03459475812744332,1.0,1.0,1.0,0.3920671663508803,1
reserve10,joint_none,primary,warmup,recovery_0_6,physical_availability,1,4,0.011030047541760847,0.007686535102349578,0.25,0.75,1.0,0.21401767544932312,2
reserve10,joint_none,primary,warmup,recovery_0_6,physical_availability,2,3,0.014747457232226773,0.02224490632600494,1.0,1.0,1.0,0.20762273043078128,2
reserve10,joint_none,primary,warmup,recovery_0_6,physical_availability,3,3,0.022525520628055597,0.02171294774815997,1.0,1.0,1.0,0.21740946378522155,2
reserve10,joint_none,primary,warmup,recovery_0_6,physical_availability,4,3,0.04221387414801812,0.03459475812744332,1.0,1.0,1.0,0.39217151480609563,1
reserve10,joint_none,primary,warmup,recovery_0_6,physical_recovery,1,4,0.011102151125803929,0.007686535102349578,0.25,1.0,1.0,0.21820065137931813,2
reserve10,joint_none,primary,warmup,recovery_0_6,physical_recovery,2,3,0.014941542400593186,0.02224490632600494,1.0,1.0,1.0,0.21612070486968002,2
reserve10,joint_none,primary,warmup,recovery_0_6,physical_recovery,3,3,0.02239919561938962,0.02171294774815997,1.0,1.0,1.0,0.22293904784482765,2
reserve10,joint_none,primary,warmup,recovery_0_6,physical_recovery,4,3,0.04173074592291757,0.03459475812744332,1.0,1.0,1.0,0.3920179701699178,1
reserve10,joint_none,primary,warmup,recovery_0_6,previous_day,1,4,0.10132057439492985,0.19427786640624997,0.0,0.0,1.0,0.4277074116629464,2
reserve10,joint_none,primary,warmup,recovery_0_6,previous_day,2,3,0.07058438146258503,0.13559241160714283,0.3333333333333333,0.3333333333333333,1.0,0.3022987376240079,2
reserve10,joint_none,primary,warmup,recovery_0_6,previous_day,3,3,0.07743733261621315,0.09861561101190475,0.3333333333333333,0.3333333333333333,0.6666666666666666,0.14301631135912699,2
reserve10,joint_none,primary,warmup,recovery_0_6,previous_day,4,3,0.11917042745677438,0.18925942408234123,0.3333333333333333,0.3333333333333333,0.6666666666666666,0.273842787202381,1
reserve10,joint_none,primary,warmup,recovery_0_6,raw,1,4,0.011297214181311192,0.007686535102349578,0.25,0.75,1.0,0.20962602834347102,2
reserve10,joint_none,primary,warmup,recovery_0_6,raw,2,3,0.014022582947698661,0.02224490632600494,0.3333333333333333,0.3333333333333333,1.0,0.19271188796141372,2
reserve10,joint_none,primary,warmup,recovery_0_6,raw,3,3,0.020346911630783556,0.02171294774815997,1.0,1.0,1.0,0.20947292017859645,2
reserve10,joint_none,primary,warmup,recovery_0_6,raw,4,3,0.039629032371227384,0.03459475812744332,0.6666666666666666,1.0,1.0,0.3785775554748038,1
reserve10,joint_none,primary,warmup,recovery_0_6,recency,1,4,0.011206682910685772,0.007686535102349578,0.5,1.0,1.0,0.21973817578578442,2
reserve10,joint_none,primary,warmup,recovery_0_6,recency,2,3,0.015072547227388605,0.02224490632600494,1.0,1.0,1.0,0.2171858307400342,2
reserve10,joint_none,primary,warmup,recovery_0_6,recency,3,3,0.023409634898515417,0.02171294774815997,1.0,1.0,1.0,0.23388197723727577,2
reserve10,joint_none,primary,warmup,recovery_0_6,recency,4,3,0.04190473005107705,0.03459475812744332,1.0,1.0,1.0,0.39380705764790647,1
reserve10,joint_none,primary,warmup,recovery_0_6,rolling,1,4,0.011168882710625924,0.007686535102349578,0.5,0.75,1.0,0.21945897331527334,2
reserve10,joint_none,primary,warmup,recovery_0_6,rolling,2,3,0.014871463853694188,0.02224490632600494,1.0,1.0,1.0,0.20897368017590648,2
reserve10,joint_none,primary,warmup,recovery_0_6,rolling,3,3,0.023348803878558574,0.02171294774815997,1.0,1.0,1.0,0.2278405909621665,2
reserve10,joint_none,primary,warmup,recovery_0_6,rolling,4,3,0.04217711698134535,0.03459475812744332,1.0,1.0,1.0,0.3927377028120942,1
reserve10,joint_none,primary,warmup,recovery_0_6,single_imputation,1,4,0.0268798155175849,0.05837637482680452,0.75,1.0,1.0,0.25695225559332163,2
reserve10,joint_none,primary,warmup,recovery_0_6,single_imputation,2,3,0.03895303705026817,0.08013303719892384,0.6666666666666666,0.6666666666666666,1.0,0.28101432011044064,2
reserve10,joint_none,primary,warmup,recovery_0_6,single_imputation,3,3,0.027760574549250214,0.04048709530315137,1.0,1.0,1.0,0.3011865080191682,2
reserve10,joint_none,primary,warmup,recovery_0_6,single_imputation,4,3,0.0262997960598918,0.022008403046000744,1.0,1.0,1.0,0.33895897709315487,1
reserve10,joint_none,primary,warmup,recovery_6_24,aci_bounded,1,32,0.04849592984846491,0.08688557578833962,0.53125,0.9375,1.0,0.42838913257444,4
reserve10,joint_none,primary,warmup,recovery_6_24,aci_bounded,2,33,0.07089457418716452,0.13722807187312,0.6363636363636364,0.9090909090909091,0.9696969696969697,0.5525912510833823,4
reserve10,joint_none,primary,warmup,recovery_6_24,aci_bounded,3,33,0.08297340075074448,0.17051124973391163,0.7575757575757576,0.9393939393939394,1.0,0.5976355066635524,4
reserve10,joint_none,primary,warmup,recovery_6_24,aci_bounded,4,33,0.08591957119543303,0.17378132072203628,0.6666666666666666,0.9090909090909091,1.0,0.5747948054235306,4
reserve10,joint_none,primary,warmup,recovery_6_24,carry_forward,1,32,0.06270679285386944,0.10415919597171175,0.375,0.625,0.8125,0.4378745688218642,4
reserve10,joint_none,primary,warmup,recovery_6_24,carry_forward,2,33,0.0948926661952746,0.16123835037942133,0.48484848484848486,0.696969696969697,0.7575757575757576,0.5326019708223072,4
reserve10,joint_none,primary,warmup,recovery_6_24,carry_forward,3,33,0.1022845582757939,0.19709486821506372,0.45454545454545453,0.6666666666666666,0.7878787878787878,0.5563273560156523,4
reserve10,joint_none,primary,warmup,recovery_6_24,carry_forward,4,33,0.10645156395607296,0.20113736107873362,0.5151515151515151,0.696969696969697,0.8484848484848485,0.5572506444906937,4
reserve10,joint_none,primary,warmup,recovery_6_24,geometric_persistence,1,32,0.048337366829297713,0.07445683312918336,0.46875,0.875,0.875,0.3985020156884208,4
reserve10,joint_none,primary,warmup,recovery_6_24,geometric_persistence,2,33,0.07747479154411346,0.13079987238415314,0.3939393939393939,0.7575757575757576,0.9090909090909091,0.5606559872897794,4
reserve10,joint_none,primary,warmup,recovery_6_24,geometric_persistence,3,33,0.09817874410227317,0.1820028962636626,0.3939393939393939,0.8484848484848485,0.9393939393939394,0.7095009457969481,4
reserve10,joint_none,primary,warmup,recovery_6_24,geometric_persistence,4,33,0.10741613512057498,0.20672910353599835,0.45454545454545453,0.8787878787878788,0.9393939393939394,0.7485122900053579,4
reserve10,joint_none,primary,warmup,recovery_6_24,mask50,1,32,0.04844735354329614,0.08688557578833962,0.53125,0.9375,1.0,0.42881450594116477,4
reserve10,joint_none,primary,warmup,recovery_6_24,mask50,2,33,0.07062457189889387,0.13722807187312,0.6666666666666666,0.9090909090909091,0.9696969696969697,0.5531398734091691,4
reserve10,joint_none,primary,warmup,recovery_6_24,mask50,3,33,0.08277951543030047,0.17051124973391163,0.7272727272727273,0.9393939393939394,1.0,0.5988805162404931,4
reserve10,joint_none,primary,warmup,recovery_6_24,mask50,4,33,0.08584098027058595,0.17378132072203628,0.6666666666666666,0.9090909090909091,1.0,0.5775171793933912,4
reserve10,joint_none,primary,warmup,recovery_6_24,mi_recency,1,32,0.047110020917891224,0.08044956804544293,0.46875,0.8125,0.9375,0.371279188396249,4
reserve10,joint_none,primary,warmup,recovery_6_24,mi_recency,2,33,0.07461016466737624,0.12521269916678712,0.5151515151515151,0.7878787878787878,0.8484848484848485,0.4638954386018561,4
reserve10,joint_none,primary,warmup,recovery_6_24,mi_recency,3,33,0.0948012954400357,0.15486112454216505,0.5151515151515151,0.7575757575757576,0.7878787878787878,0.5247764880860685,4
reserve10,joint_none,primary,warmup,recovery_6_24,mi_recency,4,33,0.10595649822105054,0.16587673455536528,0.5454545454545454,0.7272727272727273,0.8181818181818182,0.5505003613733181,4
reserve10,joint_none,primary,warmup,recovery_6_24,multiple_imputation,1,32,0.04815938537890186,0.08044956804544293,0.5,0.75,0.84375,0.30035760830743446,4
reserve10,joint_none,primary,warmup,recovery_6_24,multiple_imputation,2,33,0.08155025139196738,0.12521269916678712,0.5151515151515151,0.696969696969697,0.7272727272727273,0.36135424529066584,4
reserve10,joint_none,primary,warmup,recovery_6_24,multiple_imputation,3,33,0.1036072422198552,0.15486112454216505,0.48484848484848486,0.6060606060606061,0.7272727272727273,0.3796527127297114,4
reserve10,joint_none,primary,warmup,recovery_6_24,multiple_imputation,4,33,0.1142711267253321,0.16587673455536528,0.45454545454545453,0.6060606060606061,0.7272727272727273,0.3851733135317259,4
reserve10,joint_none,primary,warmup,recovery_6_24,persistence,1,32,0.06712455304089604,0.12020888062686011,0.5625,0.90625,0.9375,0.4948779461425781,4
reserve10,joint_none,primary,warmup,recovery_6_24,persistence,2,33,0.10838183946103251,0.2168573823006854,0.45454545454545453,0.9393939393939394,0.9393939393939394,0.7188923905573592,4
reserve10,joint_none,primary,warmup,recovery_6_24,persistence,3,33,0.12967211997829053,0.274348216896645,0.48484848484848486,0.8484848484848485,0.9393939393939394,0.8520905713113275,4
reserve10,joint_none,primary,warmup,recovery_6_24,persistence,4,33,0.1381455593256223,0.30228902357052667,0.5757575757575758,0.8484848484848485,0.9696969696969697,0.8877765133703103,4
reserve10,joint_none,primary,warmup,recovery_6_24,physical,1,32,0.048516449725637484,0.08688557578833962,0.53125,0.90625,1.0,0.43211311733741403,4
reserve10,joint_none,primary,warmup,recovery_6_24,physical,2,33,0.07073714879368924,0.13722807187312,0.696969696969697,0.9090909090909091,0.9696969696969697,0.5559522862885452,4
reserve10,joint_none,primary,warmup,recovery_6_24,physical,3,33,0.0830389677750345,0.17051124973391163,0.7272727272727273,0.9393939393939394,1.0,0.6047576715200077,4
reserve10,joint_none,primary,warmup,recovery_6_24,physical,4,33,0.08601517290792554,0.17378132072203628,0.6666666666666666,0.9393939393939394,1.0,0.5850913952735914,4
reserve10,joint_none,primary,warmup,recovery_6_24,physical_availability,1,32,0.048511172236955905,0.08688557578833962,0.5625,0.90625,1.0,0.42870694714804397,4
reserve10,joint_none,primary,warmup,recovery_6_24,physical_availability,2,33,0.07081640687339945,0.13722807187312,0.6060606060606061,0.9090909090909091,0.9696969696969697,0.5521383512699033,4
reserve10,joint_none,primary,warmup,recovery_6_24,physical_availability,3,33,0.08234461079417969,0.17051124973391163,0.696969696969697,0.9393939393939394,1.0,0.5955833904262138,4
reserve10,joint_none,primary,warmup,recovery_6_24,physical_availability,4,33,0.08581231884298053,0.17378132072203628,0.6060606060606061,0.9090909090909091,1.0,0.5760901762681733,4
reserve10,joint_none,primary,warmup,recovery_6_24,physical_recovery,1,32,0.048531458625248235,0.08688557578833962,0.53125,0.90625,1.0,0.4305960715318242,4
reserve10,joint_none,primary,warmup,recovery_6_24,physical_recovery,2,33,0.0706193024783611,0.13722807187312,0.696969696969697,0.9090909090909091,0.9696969696969697,0.5561154802281848,4
reserve10,joint_none,primary,warmup,recovery_6_24,physical_recovery,3,33,0.08280698888516896,0.17051124973391163,0.696969696969697,0.9393939393939394,1.0,0.6015681832981914,4
reserve10,joint_none,primary,warmup,recovery_6_24,physical_recovery,4,33,0.08580389914531261,0.17378132072203628,0.6666666666666666,0.9393939393939394,1.0,0.5814030081577903,4
reserve10,joint_none,primary,warmup,recovery_6_24,previous_day,1,32,0.09379745803578071,0.14982180482235863,0.3125,0.75,0.875,0.5998953707263764,4
reserve10,joint_none,primary,warmup,recovery_6_24,previous_day,2,33,0.12696000155055012,0.21284053143037515,0.15151515151515152,0.5454545454545454,0.8484848484848485,0.6062057048678751,4
reserve10,joint_none,primary,warmup,recovery_6_24,previous_day,3,33,0.15267636411429342,0.256755067288961,0.15151515151515152,0.48484848484848486,0.7878787878787878,0.6225221904130591,4
reserve10,joint_none,primary,warmup,recovery_6_24,previous_day,4,33,0.17353913233405482,0.28636960900748554,0.12121212121212122,0.45454545454545453,0.696969696969697,0.5854522643668831,4
reserve10,joint_none,primary,warmup,recovery_6_24,raw,1,32,0.04831132030869817,0.08688557578833962,0.53125,0.875,0.96875,0.4173704961385012,4
reserve10,joint_none,primary,warmup,recovery_6_24,raw,2,33,0.07004676746830252,0.13722807187312,0.5454545454545454,0.8484848484848485,0.9393939393939394,0.5322245777065607,4
reserve10,joint_none,primary,warmup,recovery_6_24,raw,3,33,0.07967034984558795,0.17051124973391163,0.6060606060606061,0.8181818181818182,1.0,0.5617988247254624,4
reserve10,joint_none,primary,warmup,recovery_6_24,raw,4,33,0.08388792289768736,0.17378132072203628,0.5151515151515151,0.7878787878787878,0.9696969696969697,0.5520717108499708,4
reserve10,joint_none,primary,warmup,recovery_6_24,recency,1,32,0.048441358583698295,0.08688557578833962,0.53125,0.9375,1.0,0.42827586278316737,4
reserve10,joint_none,primary,warmup,recovery_6_24,recency,2,33,0.07061139612309171,0.13722807187312,0.6666666666666666,0.9090909090909091,0.9696969696969697,0.553122445433948,4
reserve10,joint_none,primary,warmup,recovery_6_24,recency,3,33,0.0827847876894329,0.17051124973391163,0.7272727272727273,0.9393939393939394,1.0,0.5988820527605337,4
reserve10,joint_none,primary,warmup,recovery_6_24,recency,4,33,0.08585241314333654,0.17378132072203628,0.6666666666666666,0.9090909090909091,1.0,0.5782713073963663,4
reserve10,joint_none,primary,warmup,recovery_6_24,rolling,1,32,0.04847719140351041,0.08688557578833962,0.53125,0.9375,1.0,0.4288487185102678,4
reserve10,joint_none,primary,warmup,recovery_6_24,rolling,2,33,0.0707050185241636,0.13722807187312,0.6363636363636364,0.9090909090909091,0.9696969696969697,0.5515796616508742,4
reserve10,joint_none,primary,warmup,recovery_6_24,rolling,3,33,0.08287386182445043,0.17051124973391163,0.7575757575757576,0.9393939393939394,1.0,0.5957156487032441,4
reserve10,joint_none,primary,warmup,recovery_6_24,rolling,4,33,0.08581038468918425,0.17378132072203628,0.6666666666666666,0.9090909090909091,1.0,0.5724102203470159,4
reserve10,joint_none,primary,warmup,recovery_6_24,single_imputation,1,32,0.05266549380675413,0.08453712601071754,0.53125,0.75,0.84375,0.2747953426845907,4
reserve10,joint_none,primary,warmup,recovery_6_24,single_imputation,2,33,0.07940463164766536,0.12062679465124672,0.48484848484848486,0.696969696969697,0.7575757575757576,0.3329281996756482,4
reserve10,joint_none,primary,warmup,recovery_6_24,single_imputation,3,33,0.1078064339477565,0.1558856426907499,0.48484848484848486,0.5454545454545454,0.7272727272727273,0.3547006460183608,4
reserve10,joint_none,primary,warmup,recovery_6_24,single_imputation,4,33,0.11587285546941835,0.1648513955838054,0.42424242424242425,0.6060606060606061,0.6666666666666666,0.3652655556201975,4
reserve10,irradiance_first,primary,evaluation,normal,aci_bounded,1,3038,0.039363651371508164,0.06496896626234751,0.4970375246872943,0.7965766951942067,0.8963133640552995,0.2994958868567854,0
reserve10,irradiance_first,primary,evaluation,normal,aci_bounded,2,3041,0.052738124115820365,0.09051958226979083,0.4962183492272279,0.7951331798750411,0.8974021703387044,0.40079858687597686,0
reserve10,irradiance_first,primary,evaluation,normal,aci_bounded,3,3044,0.05841437228481136,0.10280620061540634,0.49178712220762155,0.7979632063074902,0.8991458607095927,0.43003967821517664,0
reserve10,irradiance_first,primary,evaluation,normal,aci_bounded,4,3049,0.06121634038280495,0.10989621774123329,0.494260413250246,0.8022302394227616,0.9042308953755329,0.44020751105064804,0
reserve10,irradiance_first,primary,evaluation,normal,carry_forward,1,3038,0.041738132239904344,0.06738452134765428,0.40816326530612246,0.6948650427913101,0.8446346280447663,0.3180224486164217,0
reserve10,irradiance_first,primary,evaluation,normal,carry_forward,2,3041,0.054213081270820085,0.09218745449567815,0.39066096678724105,0.6783952647155541,0.8322920092074976,0.3837759676817423,0
reserve10,irradiance_first,primary,evaluation,normal,carry_forward,3,3044,0.060112992959138196,0.10585079062329102,0.38863337713534823,0.6777266754270697,0.8203022339027596,0.4003156407406213,0
reserve10,irradiance_first,primary,evaluation,normal,carry_forward,4,3049,0.062240173337014065,0.11026587035827022,0.37848474909806495,0.6782551656280748,0.818629058707773,0.40469448495241334,0
reserve10,irradiance_first,primary,evaluation,normal,geometric_persistence,1,3038,0.05238084288709833,0.08114108153498979,0.5378538512179065,0.8581303489137591,0.9400921658986175,0.4773925884052884,0
reserve10,irradiance_first,primary,evaluation,normal,geometric_persistence,2,3041,0.07920810602186597,0.13240268528826352,0.5366655705360079,0.8438013811246301,0.929299572509043,0.597402734684323,0
reserve10,irradiance_first,primary,evaluation,normal,geometric_persistence,3,3044,0.10035271975791554,0.17795652459078826,0.5259526938239159,0.8340998685939554,0.9208278580814717,0.7074835627310153,0
reserve10,irradiance_first,primary,evaluation,normal,geometric_persistence,4,3049,0.11627259865998904,0.21610203824111823,0.5218104296490653,0.8261725155788783,0.917021974417842,0.7744569133662728,0
reserve10,irradiance_first,primary,evaluation,normal,mask50,1,3038,0.039345605161194654,0.06496896626234751,0.5062541145490455,0.8025016458196181,0.9038841342988808,0.30399699697501786,0
reserve10,irradiance_first,primary,evaluation,normal,mask50,2,3041,0.05270193427848199,0.09051958226979083,0.5129891483064781,0.8017099638276882,0.9043077934889839,0.4038694282847345,0
reserve10,irradiance_first,primary,evaluation,normal,mask50,3,3044,0.0583685638082753,0.10280620061540634,0.5068988173455979,0.807161629434954,0.9073587385019711,0.4323026589908997,0
reserve10,irradiance_first,primary,evaluation,normal,mask50,4,3049,0.06119029223426066,0.10989621774123329,0.49983601180714987,0.8045260741226632,0.9042308953755329,0.44005108484851563,0
reserve10,irradiance_first,primary,evaluation,normal,mi_recency,1,3038,0.045288357901291765,0.06886746244682794,0.5181040157998683,0.8133640552995391,0.8999341672152732,0.3069778266332756,0
reserve10,irradiance_first,primary,evaluation,normal,mi_recency,2,3041,0.05951041343919893,0.09432259259428331,0.5205524498520223,0.8017099638276882,0.8990463663268662,0.39575993896782596,0
reserve10,irradiance_first,primary,evaluation,normal,mi_recency,3,3044,0.06567533722742105,0.10464471322532225,0.5180683311432326,0.8107752956636005,0.9007884362680684,0.4392208010701115,0
reserve10,irradiance_first,primary,evaluation,normal,mi_recency,4,3049,0.0690511328025672,0.11064292519476139,0.517218760249262,0.8064939324368645,0.9012791079042309,0.46872566061292514,0
reserve10,irradiance_first,primary,evaluation,normal,multiple_imputation,1,3038,0.04573763178220013,0.06886746244682794,0.6277156023699803,0.8133640552995391,0.8663594470046083,0.2594738765054875,0
reserve10,irradiance_first,primary,evaluation,normal,multiple_imputation,2,3041,0.06062074513153028,0.09432259259428331,0.5573824399868464,0.7638934560999671,0.83821111476488,0.3130478376130385,0
reserve10,irradiance_first,primary,evaluation,normal,multiple_imputation,3,3044,0.06734950963355747,0.10464471322532225,0.5344940867279895,0.7460578186596584,0.8229303547963206,0.33290887829044397,0
reserve10,irradiance_first,primary,evaluation,normal,multiple_imputation,4,3049,0.07132219377142868,0.11064292519476139,0.5267300754345687,0.7359790095113152,0.8097736962938669,0.3458406993266851,0
reserve10,irradiance_first,primary,evaluation,normal,persistence,1,3038,0.06985810045492882,0.12647829456340715,0.5572745227123107,0.8581303489137591,0.945029624753127,0.550891058114956,0
reserve10,irradiance_first,primary,evaluation,normal,persistence,2,3041,0.10747933638810635,0.21182689517555703,0.5537652088128905,0.8372245971719829,0.9276553765208813,0.7065743667987404,0
reserve10,irradiance_first,primary,evaluation,normal,persistence,3,3044,0.13234796793394024,0.2733058383517438,0.5256241787122208,0.823587385019711,0.9204993429697766,0.8166324605538413,0
reserve10,irradiance_first,primary,evaluation,normal,persistence,4,3049,0.14796363649839397,0.308444095821083,0.5162348310921614,0.8179731059363726,0.9173499508035421,0.8814608172341339,0
reserve10,irradiance_first,primary,evaluation,normal,physical,1,3038,0.03922776758865454,0.06496896626234751,0.5036208031599737,0.804147465437788,0.9071757735352205,0.3058024839397635,0
reserve10,irradiance_first,primary,evaluation,normal,physical,2,3041,0.05248617986875348,0.09051958226979083,0.5070700427490957,0.8125616573495561,0.9079250246629398,0.4065250286904976,0
reserve10,irradiance_first,primary,evaluation,normal,physical,3,3044,0.0581654630675627,0.10280620061540634,0.5039421813403416,0.8153745072273325,0.9096583442838371,0.43503376771497326,0
reserve10,irradiance_first,primary,evaluation,normal,physical,4,3049,0.060974142917543155,0.10989621774123329,0.5073794686782551,0.8137094129222696,0.9098064939324368,0.4430222383750532,0
reserve10,irradiance_first,primary,evaluation,normal,physical_availability,1,3038,0.039216594558916976,0.06496896626234751,0.5052666227781435,0.8061224489795918,0.9088215931533904,0.3076992398326102,0
reserve10,irradiance_first,primary,evaluation,normal,physical_availability,2,3041,0.05248241451903269,0.09051958226979083,0.5097007563301545,0.8119039789542913,0.9095692206511016,0.40867436993250894,0
reserve10,irradiance_first,primary,evaluation,normal,physical_availability,3,3044,0.058172825047683875,0.10280620061540634,0.5078843626806833,0.8147174770039421,0.9132720105124835,0.43693176962409697,0
reserve10,irradiance_first,primary,evaluation,normal,physical_availability,4,3049,0.06098250984838645,0.10989621774123329,0.5040997048212529,0.8160052476221712,0.9111183994752378,0.44485818149893575,0
reserve10,irradiance_first,primary,evaluation,normal,physical_recovery,1,3038,0.03921504030537387,0.06496896626234751,0.5046082949308756,0.8080974325213957,0.9084924292297564,0.30792968457567227,0
reserve10,irradiance_first,primary,evaluation,normal,physical_recovery,2,3041,0.05248936644864283,0.09051958226979083,0.5106872739230516,0.8128904965471885,0.9125287734297929,0.40840246008035497,0
reserve10,irradiance_first,primary,evaluation,normal,physical_recovery,3,3044,0.05819579844608834,0.10280620061540634,0.5078843626806833,0.8163600525624178,0.9116294349540078,0.4356400829769387,0
reserve10,irradiance_first,primary,evaluation,normal,physical_recovery,4,3049,0.061013594559526034,0.10989621774123329,0.5037717284355526,0.8117415546080682,0.9052148245326337,0.4431552619810179,0
reserve10,irradiance_first,primary,evaluation,normal,previous_day,1,3038,0.10134110688697791,0.1570900790391646,0.4868334430546412,0.7797893350888743,0.8788676761026991,0.660048582488124,0
reserve10,irradiance_first,primary,evaluation,normal,previous_day,2,3041,0.10200907763855585,0.15892750916218426,0.4952318316343308,0.7836238079579085,0.8835909240381453,0.6771370122202786,0
reserve10,irradiance_first,primary,evaluation,normal,previous_day,3,3044,0.10226543057104152,0.15990821607084194,0.4980289093298292,0.7917214191852825,0.8942181340341656,0.6966664665878619,0
reserve10,irradiance_first,primary,evaluation,normal,previous_day,4,3049,0.10282245061360588,0.1607253253200698,0.49819612987864875,0.7966546408658577,0.895703509347327,0.7067089952787506,0
reserve10,irradiance_first,primary,evaluation,normal,raw,1,3038,0.039596079578456685,0.06496896626234751,0.4121132323897301,0.6988150098749177,0.8505595786701777,0.2893764261213279,0
reserve10,irradiance_first,primary,evaluation,normal,raw,2,3041,0.053270727298274395,0.09051958226979083,0.39131864518250575,0.6803682999013483,0.8224268332785268,0.3801055794533445,0
reserve10,irradiance_first,primary,evaluation,normal,raw,3,3044,0.05911791007473446,0.10280620061540634,0.3748357424441524,0.6718134034165572,0.8199737187910644,0.4007677843924752,0
reserve10,irradiance_first,primary,evaluation,normal,raw,4,3049,0.06190880672191398,0.10989621774123329,0.37848474909806495,0.6684158740570679,0.8202689406362742,0.4056584543088102,0
reserve10,irradiance_first,primary,evaluation,normal,recency,1,3038,0.03935060042822934,0.06496896626234751,0.5023041474654378,0.7972350230414746,0.8986175115207373,0.3016691680366044,0
reserve10,irradiance_first,primary,evaluation,normal,recency,2,3041,0.05270863867189899,0.09051958226979083,0.5057546859585662,0.7984215718513646,0.8987175271292338,0.40132260468795783,0
reserve10,irradiance_first,primary,evaluation,normal,recency,3,3044,0.05837855715570297,0.10280620061540634,0.5006570302233903,0.8028909329829172,0.9004599211563732,0.4295194415536749,0
reserve10,irradiance_first,primary,evaluation,normal,recency,4,3049,0.06119467877459297,0.10989621774123329,0.5004919645785504,0.8005903574942604,0.8996392259757298,0.4377014571590699,0
reserve10,irradiance_first,primary,evaluation,normal,rolling,1,3038,0.03936361230966855,0.06496896626234751,0.5026333113890717,0.7959183673469388,0.901909150757077,0.30116913703478315,0
reserve10,irradiance_first,primary,evaluation,normal,rolling,2,3041,0.05273218569936362,0.09051958226979083,0.5044393291680368,0.7974350542584676,0.8990463663268662,0.4011160810544382,0
reserve10,irradiance_first,primary,evaluation,normal,rolling,3,3044,0.058404044886336014,0.10280620061540634,0.5052562417871223,0.8005913272010512,0.9011169513797634,0.4295420040240956,0
reserve10,irradiance_first,primary,evaluation,normal,rolling,4,3049,0.06120390326588534,0.10989621774123329,0.5021318465070514,0.8022302394227616,0.9019350606756313,0.43766711788082446,0
reserve10,irradiance_first,primary,evaluation,normal,single_imputation,1,3038,0.0458817793860889,0.0689097411429055,0.6273864384463462,0.8133640552995391,0.8670177748518763,0.2584618704237776,0
reserve10,irradiance_first,primary,evaluation,normal,single_imputation,2,3041,0.06071825311809337,0.09432409100008438,0.5577112791844788,0.7648799736928642,0.8375534363696152,0.3124717040983975,0
reserve10,irradiance_first,primary,evaluation,normal,single_imputation,3,3044,0.06739684375096437,0.1046470286223921,0.5338370565045992,0.7457293035479632,0.8226018396846255,0.33248943489956984,0
reserve10,irradiance_first,primary,evaluation,normal,single_imputation,4,3049,0.07134557568277139,0.11062585670994167,0.5280419809773697,0.7346671039685143,0.8074778615939653,0.3454545100355209,0
reserve10,irradiance_first,primary,evaluation,outage,aci_bounded,1,301,0.069799783135153,0.1389758663068556,0.5448504983388704,0.8438538205980066,0.9435215946843853,0.52275927807879,47
reserve10,irradiance_first,primary,evaluation,outage,aci_bounded,2,298,0.06818917737193718,0.13752853152221994,0.540268456375839,0.8154362416107382,0.9295302013422819,0.492901526705237,46
reserve10,irradiance_first,primary,evaluation,outage,aci_bounded,3,297,0.06791015069316553,0.1359482289270497,0.5252525252525253,0.8114478114478114,0.9461279461279462,0.4948403427938361,45
reserve10,irradiance_first,primary,evaluation,outage,aci_bounded,4,297,0.06722705806270418,0.13216526579252993,0.4983164983164983,0.8047138047138047,0.9326599326599326,0.48902069512148233,44
reserve10,irradiance_first,primary,evaluation,outage,carry_forward,1,301,0.07534917239998723,0.14051375430643545,0.42857142857142855,0.717607973421927,0.8272425249169435,0.4649178646821881,47
reserve10,irradiance_first,primary,evaluation,outage,carry_forward,2,298,0.06906209335198789,0.13749544376097292,0.4429530201342282,0.7214765100671141,0.8691275167785235,0.4587975314017454,46
reserve10,irradiance_first,primary,evaluation,outage,carry_forward,3,297,0.06806546365279076,0.13421500502282094,0.35353535353535354,0.696969696969697,0.8114478114478114,0.43483522554215953,45
reserve10,irradiance_first,primary,evaluation,outage,carry_forward,4,297,0.06896777082799323,0.13717975482918282,0.3468013468013468,0.6835016835016835,0.8249158249158249,0.4263904863661442,44
reserve10,irradiance_first,primary,evaluation,outage,geometric_persistence,1,301,0.18671380711611907,0.2754548013533605,0.2757475083056478,0.43853820598006643,0.5880398671096345,0.3750937594303075,47
reserve10,irradiance_first,primary,evaluation,outage,geometric_persistence,2,298,0.16049697490357426,0.2815157092120766,0.3624161073825503,0.5838926174496645,0.6812080536912751,0.47218331992513496,46
reserve10,irradiance_first,primary,evaluation,outage,geometric_persistence,3,297,0.13705239806922379,0.27003997926129064,0.42424242424242425,0.6902356902356902,0.7946127946127947,0.5786446981645467,45
reserve10,irradiance_first,primary,evaluation,outage,geometric_persistence,4,297,0.11669346380720041,0.24613287708503992,0.5488215488215489,0.7912457912457912,0.8922558922558923,0.6586027438353587,44
reserve10,irradiance_first,primary,evaluation,outage,mask50,1,301,0.06982118393153283,0.1389758663068556,0.5481727574750831,0.8504983388704319,0.9534883720930233,0.5258597561448608,47
reserve10,irradiance_first,primary,evaluation,outage,mask50,2,298,0.06817359222995233,0.13752853152221994,0.5503355704697986,0.8221476510067114,0.9328859060402684,0.4938528302476343,46
reserve10,irradiance_first,primary,evaluation,outage,mask50,3,297,0.06785867161936361,0.1359482289270497,0.5252525252525253,0.8148148148148148,0.9494949494949495,0.4946576583758841,45
reserve10,irradiance_first,primary,evaluation,outage,mask50,4,297,0.06713574778372888,0.13216526579252993,0.494949494949495,0.8080808080808081,0.9393939393939394,0.48762002114399816,44
reserve10,irradiance_first,primary,evaluation,outage,mi_recency,1,301,0.07546205806606078,0.12727137403259337,0.4219269102990033,0.7774086378737541,0.8903654485049833,0.5055038591385553,47
reserve10,irradiance_first,primary,evaluation,outage,mi_recency,2,298,0.07229862247106282,0.12303462192368618,0.46308724832214765,0.7550335570469798,0.9161073825503355,0.49906420055523604,46
reserve10,irradiance_first,primary,evaluation,outage,mi_recency,3,297,0.07406131916244478,0.12520215206355179,0.48148148148148145,0.7474747474747475,0.898989898989899,0.49865629649482013,45
reserve10,irradiance_first,primary,evaluation,outage,mi_recency,4,297,0.07456102867565861,0.12586882819960296,0.4478114478114478,0.7878787878787878,0.9124579124579124,0.508523393211278,44
reserve10,irradiance_first,primary,evaluation,outage,multiple_imputation,1,301,0.07524528892644582,0.12727137403259337,0.5415282392026578,0.7906976744186046,0.867109634551495,0.4565328843171002,47
reserve10,irradiance_first,primary,evaluation,outage,multiple_imputation,2,298,0.0727264510042479,0.12303462192368618,0.5100671140939598,0.7449664429530202,0.8557046979865772,0.411424851039306,46
reserve10,irradiance_first,primary,evaluation,outage,multiple_imputation,3,297,0.07567305432970002,0.12520215206355179,0.4983164983164983,0.6767676767676768,0.8013468013468014,0.3904974084484624,45
reserve10,irradiance_first,primary,evaluation,outage,multiple_imputation,4,297,0.07627259313696992,0.12586882819960296,0.48148148148148145,0.6666666666666666,0.8181818181818182,0.3802404346308965,44
reserve10,irradiance_first,primary,evaluation,outage,persistence,1,301,0.2042347746124384,0.316572519475261,0.3122923588039867,0.43853820598006643,0.5681063122923588,0.4230816328340055,47
reserve10,irradiance_first,primary,evaluation,outage,persistence,2,298,0.16186228292889207,0.30176357555878475,0.4228187919463087,0.6006711409395973,0.7046979865771812,0.5451412820519734,46
reserve10,irradiance_first,primary,evaluation,outage,persistence,3,297,0.13256478733249263,0.2730749577516233,0.5151515151515151,0.7306397306397306,0.8282828282828283,0.6409138261522717,45
reserve10,irradiance_first,primary,evaluation,outage,persistence,4,297,0.11601816222979333,0.23817871233164983,0.6397306397306397,0.8383838383838383,0.9158249158249159,0.7047049393232923,44
reserve10,irradiance_first,primary,evaluation,outage,physical,1,301,0.06988802966805543,0.1389758663068556,0.5415282392026578,0.8504983388704319,0.9568106312292359,0.5274546439803375,47
reserve10,irradiance_first,primary,evaluation,outage,physical,2,298,0.06822230603324092,0.13752853152221994,0.5503355704697986,0.8322147651006712,0.9261744966442953,0.49627571735912634,46
reserve10,irradiance_first,primary,evaluation,outage,physical,3,297,0.06788592590664395,0.1359482289270497,0.531986531986532,0.8316498316498316,0.9494949494949495,0.49721723793228273,45
reserve10,irradiance_first,primary,evaluation,outage,physical,4,297,0.06710988797299582,0.13216526579252993,0.49158249158249157,0.8181818181818182,0.9427609427609428,0.4906780933836887,44
reserve10,irradiance_first,primary,evaluation,outage,physical_availability,1,301,0.06985308188685707,0.1389758663068556,0.5348837209302325,0.8372093023255814,0.9435215946843853,0.5227963629730024,47
reserve10,irradiance_first,primary,evaluation,outage,physical_availability,2,298,0.0682649156751642,0.13752853152221994,0.5469798657718121,0.8154362416107382,0.9228187919463087,0.4926015838549741,46
reserve10,irradiance_first,primary,evaluation,outage,physical_availability,3,297,0.06794275145667965,0.1359482289270497,0.5151515151515151,0.835016835016835,0.9461279461279462,0.4934637139769057,45
reserve10,irradiance_first,primary,evaluation,outage,physical_availability,4,297,0.06707167741204512,0.13216526579252993,0.4983164983164983,0.8282828282828283,0.9461279461279462,0.48715352924179983,44
reserve10,irradiance_first,primary,evaluation,outage,physical_recovery,1,301,0.06985308188685707,0.1389758663068556,0.5348837209302325,0.8372093023255814,0.9435215946843853,0.5227963629730024,47
reserve10,irradiance_first,primary,evaluation,outage,physical_recovery,2,298,0.0682649156751642,0.13752853152221994,0.5469798657718121,0.8154362416107382,0.9228187919463087,0.4926015838549741,46
reserve10,irradiance_first,primary,evaluation,outage,physical_recovery,3,297,0.06794275145667965,0.1359482289270497,0.5151515151515151,0.835016835016835,0.9461279461279462,0.4934637139769057,45
reserve10,irradiance_first,primary,evaluation,outage,physical_recovery,4,297,0.06707167741204512,0.13216526579252993,0.4983164983164983,0.8282828282828283,0.9461279461279462,0.48715352924179983,44
reserve10,irradiance_first,primary,evaluation,outage,previous_day,1,301,0.09975009232551076,0.15763426135451272,0.4684385382059801,0.760797342192691,0.8770764119601329,0.6416006580446132,47
reserve10,irradiance_first,primary,evaluation,outage,previous_day,2,298,0.1011843568921459,0.16060154485308803,0.48322147651006714,0.7785234899328859,0.8758389261744967,0.665062843202201,46
reserve10,irradiance_first,primary,evaluation,outage,previous_day,3,297,0.10182802512668493,0.16264500405944363,0.46464646464646464,0.7912457912457912,0.8821548821548821,0.6794921313331727,45
reserve10,irradiance_first,primary,evaluation,outage,previous_day,4,297,0.10002731029235093,0.1595339000964506,0.45791245791245794,0.8013468013468014,0.8922558922558923,0.6828772356611752,44
reserve10,irradiance_first,primary,evaluation,outage,raw,1,301,0.06970846141928175,0.1389758663068556,0.5049833887043189,0.7906976744186046,0.9136212624584718,0.5129707786401817,47
reserve10,irradiance_first,primary,evaluation,outage,raw,2,298,0.06818513594840477,0.13752853152221994,0.4697986577181208,0.7550335570469798,0.8791946308724832,0.4730595609160716,46
reserve10,irradiance_first,primary,evaluation,outage,raw,3,297,0.06764361104782105,0.1359482289270497,0.43097643097643096,0.7239057239057239,0.8888888888888888,0.4665905980348166,45
reserve10,irradiance_first,primary,evaluation,outage,raw,4,297,0.066962611151015,0.13216526579252993,0.42424242424242425,0.7138047138047138,0.8619528619528619,0.4564779858711298,44
reserve10,irradiance_first,primary,evaluation,outage,recency,1,301,0.06984569565662696,0.1389758663068556,0.5448504983388704,0.840531561461794,0.9501661129568106,0.5264653398407089,47
reserve10,irradiance_first,primary,evaluation,outage,recency,2,298,0.0681959704576533,0.13752853152221994,0.5536912751677853,0.8221476510067114,0.9295302013422819,0.49422828575565214,46
reserve10,irradiance_first,primary,evaluation,outage,recency,3,297,0.0678909056980301,0.1359482289270497,0.531986531986532,0.8148148148148148,0.9494949494949495,0.49543637383531797,45
reserve10,irradiance_first,primary,evaluation,outage,recency,4,297,0.06718408421752083,0.13216526579252993,0.494949494949495,0.8114478114478114,0.9427609427609428,0.4886000208385298,44
reserve10,irradiance_first,primary,evaluation,outage,rolling,1,301,0.06979581093463029,0.1389758663068556,0.5481727574750831,0.840531561461794,0.946843853820598,0.5243204366443855,47
reserve10,irradiance_first,primary,evaluation,outage,rolling,2,298,0.06816244040248275,0.13752853152221994,0.5469798657718121,0.8087248322147651,0.9295302013422819,0.4930371749883691,46
reserve10,irradiance_first,primary,evaluation,outage,rolling,3,297,0.0678641443561429,0.1359482289270497,0.5252525252525253,0.8047138047138047,0.9494949494949495,0.4945061556383619,45
reserve10,irradiance_first,primary,evaluation,outage,rolling,4,297,0.06714583620294771,0.13216526579252993,0.5016835016835017,0.8013468013468014,0.9326599326599326,0.4869648010858175,44
reserve10,irradiance_first,primary,evaluation,outage,single_imputation,1,301,0.08496743506029306,0.12336520109569714,0.4318936877076412,0.5913621262458472,0.6843853820598007,0.26564359141891997,47
reserve10,irradiance_first,primary,evaluation,outage,single_imputation,2,298,0.08015580672641655,0.12270640495485256,0.46308724832214765,0.6208053691275168,0.738255033557047,0.3175599018007508,46
reserve10,irradiance_first,primary,evaluation,outage,single_imputation,3,297,0.08064265270469376,0.1258424949897762,0.4511784511784512,0.6498316498316499,0.7306397306397306,0.33761439961673334,45
reserve10,irradiance_first,primary,evaluation,outage,single_imputation,4,297,0.08126685692991728,0.12748753289273834,0.4444444444444444,0.6599326599326599,0.7676767676767676,0.34861067728359707,44
reserve10,irradiance_first,primary,evaluation,partial_restoration,aci_bounded,1,71,0.04878170510831829,0.0790775897910196,0.5633802816901409,0.8309859154929577,0.9436619718309859,0.4333102664029693,27
reserve10,irradiance_first,primary,evaluation,partial_restoration,aci_bounded,2,71,0.04881149288138391,0.08560437203340478,0.6056338028169014,0.9295774647887324,0.9577464788732394,0.4119435106596232,28
reserve10,irradiance_first,primary,evaluation,partial_restoration,aci_bounded,3,69,0.04818618675129744,0.0860577079396135,0.6231884057971014,0.9565217391304348,0.9855072463768116,0.4436418836990798,28
reserve10,irradiance_first,primary,evaluation,partial_restoration,aci_bounded,4,64,0.049101483440224324,0.08325916113653031,0.671875,0.984375,1.0,0.48180279702496587,25
reserve10,irradiance_first,primary,evaluation,partial_restoration,carry_forward,1,71,0.05817188833660071,0.10482950215017453,0.5070422535211268,0.7746478873239436,0.8732394366197183,0.405671411262138,27
reserve10,irradiance_first,primary,evaluation,partial_restoration,carry_forward,2,71,0.052707179356041085,0.10467918973190316,0.36619718309859156,0.8309859154929577,0.9436619718309859,0.3665536724462552,28
reserve10,irradiance_first,primary,evaluation,partial_restoration,carry_forward,3,69,0.05136592956170036,0.0915509011091332,0.4927536231884058,0.782608695652174,0.8695652173913043,0.36383409635212993,28
reserve10,irradiance_first,primary,evaluation,partial_restoration,carry_forward,4,64,0.05148481592788459,0.09805282343462647,0.53125,0.828125,0.953125,0.4044994083895282,25
reserve10,irradiance_first,primary,evaluation,partial_restoration,geometric_persistence,1,71,0.20188854366234993,0.3055422462380768,0.16901408450704225,0.39436619718309857,0.5633802816901409,0.34331600887588765,27
reserve10,irradiance_first,primary,evaluation,partial_restoration,geometric_persistence,2,71,0.14920924192895613,0.2687003523698966,0.3380281690140845,0.6056338028169014,0.6901408450704225,0.455307221066471,28
reserve10,irradiance_first,primary,evaluation,partial_restoration,geometric_persistence,3,69,0.1198983435492937,0.23193886541835443,0.4492753623188406,0.7101449275362319,0.8405797101449275,0.5842920731377141,28
reserve10,irradiance_first,primary,evaluation,partial_restoration,geometric_persistence,4,64,0.10450422862487299,0.20119301868934641,0.53125,0.828125,0.859375,0.7049399024932306,25
reserve10,irradiance_first,primary,evaluation,partial_restoration,mask50,1,71,0.04880895884947315,0.0790775897910196,0.5633802816901409,0.8450704225352113,0.971830985915493,0.4374642442326567,27
reserve10,irradiance_first,primary,evaluation,partial_restoration,mask50,2,71,0.04877975267676374,0.08560437203340478,0.6056338028169014,0.9295774647887324,0.9577464788732394,0.41159060383654666,28
reserve10,irradiance_first,primary,evaluation,partial_restoration,mask50,3,69,0.04811564321713169,0.0860577079396135,0.6376811594202898,0.9710144927536232,0.9855072463768116,0.4415926876082388,28
reserve10,irradiance_first,primary,evaluation,partial_restoration,mask50,4,64,0.048898390114285574,0.08325916113653031,0.703125,0.984375,1.0,0.479370406477743,25
reserve10,irradiance_first,primary,evaluation,partial_restoration,mi_recency,1,71,0.05148854710630306,0.08391456098549437,0.4788732394366197,0.7605633802816901,0.9014084507042254,0.34169061323444794,27
reserve10,irradiance_first,primary,evaluation,partial_restoration,mi_recency,2,71,0.05537274781999882,0.09960736104506196,0.38028169014084506,0.7746478873239436,0.971830985915493,0.40811045145437896,28
reserve10,irradiance_first,primary,evaluation,partial_restoration,mi_recency,3,69,0.05115138054405429,0.09339872726401227,0.36231884057971014,0.8695652173913043,1.0,0.44923858304145564,28
reserve10,irradiance_first,primary,evaluation,partial_restoration,mi_recency,4,64,0.05208918685296986,0.09242747801330208,0.484375,0.90625,0.984375,0.4933606817855116,25
reserve10,irradiance_first,primary,evaluation,partial_restoration,multiple_imputation,1,71,0.05266126910627267,0.08391456098549437,0.6056338028169014,0.7605633802816901,0.8309859154929577,0.29006113948485585,27
reserve10,irradiance_first,primary,evaluation,partial_restoration,multiple_imputation,2,71,0.05639106589883788,0.09960736104506196,0.4647887323943662,0.676056338028169,0.8450704225352113,0.3189500706509546,28
reserve10,irradiance_first,primary,evaluation,partial_restoration,multiple_imputation,3,69,0.051523723321378556,0.09339872726401227,0.4927536231884058,0.7681159420289855,0.8695652173913043,0.33256954901926755,28
reserve10,irradiance_first,primary,evaluation,partial_restoration,multiple_imputation,4,64,0.050959767593139485,0.09242747801330208,0.5,0.765625,0.875,0.35257318563935064,25
reserve10,irradiance_first,primary,evaluation,partial_restoration,persistence,1,71,0.20278089800861718,0.3246270821156103,0.28169014084507044,0.4084507042253521,0.5774647887323944,0.39340813374413136,27
reserve10,irradiance_first,primary,evaluation,partial_restoration,persistence,2,71,0.15739847107398858,0.2998911167190644,0.4084507042253521,0.5774647887323944,0.704225352112676,0.5435732084926224,28
reserve10,irradiance_first,primary,evaluation,partial_restoration,persistence,3,69,0.13042954661176426,0.26926977074706687,0.5072463768115942,0.7101449275362319,0.8260869565217391,0.6755002324404762,28
reserve10,irradiance_first,primary,evaluation,partial_restoration,persistence,4,64,0.1294725176076876,0.2563385217564174,0.578125,0.828125,0.875,0.8102969616536456,25
reserve10,irradiance_first,primary,evaluation,partial_restoration,physical,1,71,0.0486488267589015,0.0790775897910196,0.5774647887323944,0.8732394366197183,0.971830985915493,0.44219496571957384,27
reserve10,irradiance_first,primary,evaluation,partial_restoration,physical,2,71,0.048938341105248626,0.08560437203340478,0.5915492957746479,0.9436619718309859,0.971830985915493,0.41708399785125927,28
reserve10,irradiance_first,primary,evaluation,partial_restoration,physical,3,69,0.0484052540634784,0.0860577079396135,0.6376811594202898,0.9710144927536232,0.9855072463768116,0.44669052283310656,28
reserve10,irradiance_first,primary,evaluation,partial_restoration,physical,4,64,0.049296204624809804,0.08325916113653031,0.703125,1.0,1.0,0.48301788250311906,25
reserve10,irradiance_first,primary,evaluation,partial_restoration,physical_availability,1,71,0.04859797620389424,0.0790775897910196,0.5774647887323944,0.8591549295774648,0.971830985915493,0.44147729680201897,27
reserve10,irradiance_first,primary,evaluation,partial_restoration,physical_availability,2,71,0.048711927031369805,0.08560437203340478,0.5915492957746479,0.9436619718309859,0.971830985915493,0.41189028029040614,28
reserve10,irradiance_first,primary,evaluation,partial_restoration,physical_availability,3,69,0.04813928835295704,0.0860577079396135,0.6376811594202898,0.9565217391304348,0.9855072463768116,0.4428422196859071,28
reserve10,irradiance_first,primary,evaluation,partial_restoration,physical_availability,4,64,0.048908339241717884,0.08325916113653031,0.671875,1.0,1.0,0.4785221766712419,25
reserve10,irradiance_first,primary,evaluation,partial_restoration,physical_recovery,1,71,0.04859797620389424,0.0790775897910196,0.5774647887323944,0.8591549295774648,0.971830985915493,0.44147729680201897,27
reserve10,irradiance_first,primary,evaluation,partial_restoration,physical_recovery,2,71,0.048711927031369805,0.08560437203340478,0.5915492957746479,0.9436619718309859,0.971830985915493,0.41189028029040614,28
reserve10,irradiance_first,primary,evaluation,partial_restoration,physical_recovery,3,69,0.04813928835295704,0.0860577079396135,0.6376811594202898,0.9565217391304348,0.9855072463768116,0.4428422196859071,28
reserve10,irradiance_first,primary,evaluation,partial_restoration,physical_recovery,4,64,0.048908339241717884,0.08325916113653031,0.671875,1.0,1.0,0.4785221766712419,25
reserve10,irradiance_first,primary,evaluation,partial_restoration,previous_day,1,71,0.09357520303405252,0.14487670356723675,0.49295774647887325,0.8450704225352113,0.8732394366197183,0.6179996380774229,27
reserve10,irradiance_first,primary,evaluation,partial_restoration,previous_day,2,71,0.07661446387493862,0.12148961352070757,0.4788732394366197,0.8732394366197183,0.9154929577464789,0.6028557189674505,28
reserve10,irradiance_first,primary,evaluation,partial_restoration,previous_day,3,69,0.06585488847949325,0.09679388494004486,0.5072463768115942,0.8985507246376812,0.9565217391304348,0.6164005172575913,28
reserve10,irradiance_first,primary,evaluation,partial_restoration,previous_day,4,64,0.07036662385190795,0.1082088411748977,0.46875,0.875,0.984375,0.6583462543666294,25
reserve10,irradiance_first,primary,evaluation,partial_restoration,raw,1,71,0.04876883735369359,0.0790775897910196,0.5352112676056338,0.8028169014084507,0.9154929577464789,0.4221460172718029,27
reserve10,irradiance_first,primary,evaluation,partial_restoration,raw,2,71,0.04819827984450847,0.08560437203340478,0.4507042253521127,0.8169014084507042,0.9295774647887324,0.3910921918592169,28
reserve10,irradiance_first,primary,evaluation,partial_restoration,raw,3,69,0.04705777971949335,0.0860577079396135,0.5217391304347826,0.8695652173913043,0.9855072463768116,0.41492511186965525,28
reserve10,irradiance_first,primary,evaluation,partial_restoration,raw,4,64,0.04750350378510112,0.08325916113653031,0.53125,0.90625,0.984375,0.4487930263680051,25
reserve10,irradiance_first,primary,evaluation,partial_restoration,recency,1,71,0.04878848809537623,0.0790775897910196,0.5633802816901409,0.8450704225352113,0.971830985915493,0.4374962325343979,27
reserve10,irradiance_first,primary,evaluation,partial_restoration,recency,2,71,0.04882211479740893,0.08560437203340478,0.6056338028169014,0.9436619718309859,0.971830985915493,0.4126779408302255,28
reserve10,irradiance_first,primary,evaluation,partial_restoration,recency,3,69,0.04816644878576386,0.0860577079396135,0.6376811594202898,0.9710144927536232,0.9855072463768116,0.44279543471067284,28
reserve10,irradiance_first,primary,evaluation,partial_restoration,recency,4,64,0.04900206008428177,0.08325916113653031,0.703125,0.984375,1.0,0.4803386919944791,25
reserve10,irradiance_first,primary,evaluation,partial_restoration,rolling,1,71,0.048825593979556,0.0790775897910196,0.5633802816901409,0.8309859154929577,0.971830985915493,0.4349125023414812,27
reserve10,irradiance_first,primary,evaluation,partial_restoration,rolling,2,71,0.048839538319487466,0.08560437203340478,0.6056338028169014,0.9295774647887324,0.9577464788732394,0.41233836506815275,28
reserve10,irradiance_first,primary,evaluation,partial_restoration,rolling,3,69,0.04820584964671295,0.0860577079396135,0.6521739130434783,0.9565217391304348,0.9855072463768116,0.4429349153460344,28
reserve10,irradiance_first,primary,evaluation,partial_restoration,rolling,4,64,0.049089987398460024,0.08325916113653031,0.6875,0.984375,1.0,0.4802768962647866,25
reserve10,irradiance_first,primary,evaluation,partial_restoration,single_imputation,1,71,0.05720133858666284,0.08699556138272613,0.5774647887323944,0.7183098591549296,0.7746478873239436,0.26027179765356223,27
reserve10,irradiance_first,primary,evaluation,partial_restoration,single_imputation,2,71,0.06122730495765711,0.10386846631791703,0.4647887323943662,0.6901408450704225,0.8028169014084507,0.30223681811582126,28
reserve10,irradiance_first,primary,evaluation,partial_restoration,single_imputation,3,69,0.0521196006734415,0.09199732101207031,0.463768115942029,0.7681159420289855,0.855072463768116,0.3201705706118489,28
reserve10,irradiance_first,primary,evaluation,partial_restoration,single_imputation,4,64,0.05080555461131575,0.09090017542199837,0.53125,0.734375,0.859375,0.3394485278604712,25
reserve10,irradiance_first,primary,evaluation,recovery_0_6,aci_bounded,1,120,0.03466287717059762,0.059442759493288096,0.5333333333333333,0.8666666666666667,0.9583333333333334,0.3195642799952564,29
reserve10,irradiance_first,primary,evaluation,recovery_0_6,aci_bounded,2,121,0.04888119838921991,0.09323490269133433,0.4793388429752066,0.8925619834710744,0.9669421487603306,0.42212710443957707,31
reserve10,irradiance_first,primary,evaluation,recovery_0_6,aci_bounded,3,120,0.056945918197803806,0.10308766188595393,0.5083333333333333,0.8583333333333333,0.9416666666666667,0.4604942527496888,27
reserve10,irradiance_first,primary,evaluation,recovery_0_6,aci_bounded,4,123,0.0622840692523324,0.11859819932334215,0.43902439024390244,0.8455284552845529,0.926829268292683,0.46892507814788503,27
reserve10,irradiance_first,primary,evaluation,recovery_0_6,carry_forward,1,120,0.03672738116166587,0.06514377154636794,0.43333333333333335,0.7666666666666667,0.9,0.3212672968963032,29
reserve10,irradiance_first,primary,evaluation,recovery_0_6,carry_forward,2,121,0.0496076419633129,0.09054301550756835,0.4297520661157025,0.71900826446281,0.8842975206611571,0.40347763606873394,31
reserve10,irradiance_first,primary,evaluation,recovery_0_6,carry_forward,3,120,0.05789994822567325,0.10437677038772035,0.375,0.7583333333333333,0.8833333333333333,0.42994051748453993,27
reserve10,irradiance_first,primary,evaluation,recovery_0_6,carry_forward,4,123,0.06298673340546997,0.11595125738031228,0.3170731707317073,0.7235772357723578,0.8536585365853658,0.43089710220850785,27
reserve10,irradiance_first,primary,evaluation,recovery_0_6,geometric_persistence,1,120,0.04818894908052349,0.07544002937639899,0.5,0.8833333333333333,0.9583333333333334,0.5161949164769662,29
reserve10,irradiance_first,primary,evaluation,recovery_0_6,geometric_persistence,2,121,0.07384565978598352,0.12678296533396055,0.5041322314049587,0.8842975206611571,0.9421487603305785,0.6316268348797278,31
reserve10,irradiance_first,primary,evaluation,recovery_0_6,geometric_persistence,3,120,0.09586806451454268,0.16983905022823403,0.4583333333333333,0.8666666666666667,0.95,0.7493061195688759,27
reserve10,irradiance_first,primary,evaluation,recovery_0_6,geometric_persistence,4,123,0.11125825187360021,0.20399252225392556,0.5447154471544715,0.8780487804878049,0.943089430894309,0.8209412999139795,27
reserve10,irradiance_first,primary,evaluation,recovery_0_6,mask50,1,120,0.03470275688386309,0.059442759493288096,0.5416666666666666,0.875,0.9583333333333334,0.3216262298131797,29
reserve10,irradiance_first,primary,evaluation,recovery_0_6,mask50,2,121,0.04883556921480435,0.09323490269133433,0.49586776859504134,0.9008264462809917,0.9669421487603306,0.42296227056075464,31
reserve10,irradiance_first,primary,evaluation,recovery_0_6,mask50,3,120,0.05705640240680295,0.10308766188595393,0.525,0.8416666666666667,0.9333333333333333,0.4604200839159464,27
reserve10,irradiance_first,primary,evaluation,recovery_0_6,mask50,4,123,0.06235651469063372,0.11859819932334215,0.4715447154471545,0.8373983739837398,0.9186991869918699,0.4664528792820671,27
reserve10,irradiance_first,primary,evaluation,recovery_0_6,mi_recency,1,120,0.04027177467510632,0.06348579952581855,0.5166666666666667,0.8416666666666667,0.9166666666666666,0.3141693684378648,29
reserve10,irradiance_first,primary,evaluation,recovery_0_6,mi_recency,2,121,0.05625564081140318,0.09518349991231288,0.4462809917355372,0.7851239669421488,0.8925619834710744,0.40965339616024177,31
reserve10,irradiance_first,primary,evaluation,recovery_0_6,mi_recency,3,120,0.06457007516554263,0.10549375832571253,0.5416666666666666,0.775,0.9083333333333333,0.4554909201853148,27
reserve10,irradiance_first,primary,evaluation,recovery_0_6,mi_recency,4,123,0.0717737524603917,0.12090989309804134,0.4796747967479675,0.7479674796747967,0.8780487804878049,0.48932969716618635,27
reserve10,irradiance_first,primary,evaluation,recovery_0_6,multiple_imputation,1,120,0.04001091136012128,0.06348579952581855,0.6083333333333333,0.8416666666666667,0.8916666666666667,0.26543828198159125,29
reserve10,irradiance_first,primary,evaluation,recovery_0_6,multiple_imputation,2,121,0.0570313403847751,0.09518349991231288,0.4793388429752066,0.7520661157024794,0.8429752066115702,0.31854756970008824,31
reserve10,irradiance_first,primary,evaluation,recovery_0_6,multiple_imputation,3,120,0.0659160461740508,0.10549375832571253,0.5416666666666666,0.7083333333333334,0.8166666666666667,0.33474903781283294,27
reserve10,irradiance_first,primary,evaluation,recovery_0_6,multiple_imputation,4,123,0.07551907013734789,0.12090989309804134,0.4634146341463415,0.6747967479674797,0.7723577235772358,0.34530797242693445,27
reserve10,irradiance_first,primary,evaluation,recovery_0_6,persistence,1,120,0.06520139192340738,0.12007985378472222,0.525,0.875,0.975,0.5882481754938614,29
reserve10,irradiance_first,primary,evaluation,recovery_0_6,persistence,2,121,0.0992830355761274,0.1987932675705923,0.5619834710743802,0.8512396694214877,0.9586776859504132,0.7263004785369931,31
reserve10,irradiance_first,primary,evaluation,recovery_0_6,persistence,3,120,0.12558982025088133,0.2562193662859623,0.5666666666666667,0.8333333333333334,0.95,0.8471637736703248,27
reserve10,irradiance_first,primary,evaluation,recovery_0_6,persistence,4,123,0.14304207411565056,0.2940400284903697,0.5447154471544715,0.8292682926829268,0.943089430894309,0.9194873121455185,27
reserve10,irradiance_first,primary,evaluation,recovery_0_6,physical,1,120,0.03477250320214003,0.059442759493288096,0.5416666666666666,0.8583333333333333,0.9583333333333334,0.3244255264916555,29
reserve10,irradiance_first,primary,evaluation,recovery_0_6,physical,2,121,0.04900924910846123,0.09323490269133433,0.5041322314049587,0.9008264462809917,0.9669421487603306,0.4289120584913775,31
reserve10,irradiance_first,primary,evaluation,recovery_0_6,physical,3,120,0.05709158651182016,0.10308766188595393,0.48333333333333334,0.8666666666666667,0.9416666666666667,0.46543504628603355,27
reserve10,irradiance_first,primary,evaluation,recovery_0_6,physical,4,123,0.062281638595625334,0.11859819932334215,0.5040650406504065,0.8617886178861789,0.926829268292683,0.47272649886046647,27
reserve10,irradiance_first,primary,evaluation,recovery_0_6,physical_availability,1,120,0.03471223734215324,0.059442759493288096,0.5416666666666666,0.8583333333333333,0.9583333333333334,0.3236146092218293,29
reserve10,irradiance_first,primary,evaluation,recovery_0_6,physical_availability,2,121,0.048900482691305425,0.09323490269133433,0.5206611570247934,0.9008264462809917,0.9669421487603306,0.42675639642299457,31
reserve10,irradiance_first,primary,evaluation,recovery_0_6,physical_availability,3,120,0.05700262272542145,0.10308766188595393,0.48333333333333334,0.8583333333333333,0.9416666666666667,0.46350695584228485,27
reserve10,irradiance_first,primary,evaluation,recovery_0_6,physical_availability,4,123,0.06224964715091294,0.11859819932334215,0.5121951219512195,0.8617886178861789,0.9186991869918699,0.47068588842938924,27
reserve10,irradiance_first,primary,evaluation,recovery_0_6,physical_recovery,1,120,0.03472101048313482,0.059442759493288096,0.5416666666666666,0.8583333333333333,0.9583333333333334,0.32296760590118045,29
reserve10,irradiance_first,primary,evaluation,recovery_0_6,physical_recovery,2,121,0.048992754212757034,0.09323490269133433,0.5206611570247934,0.8842975206611571,0.9669421487603306,0.42500421974316105,31
reserve10,irradiance_first,primary,evaluation,recovery_0_6,physical_recovery,3,120,0.05713668416090353,0.10308766188595393,0.48333333333333334,0.8583333333333333,0.9416666666666667,0.46324161460937596,27
reserve10,irradiance_first,primary,evaluation,recovery_0_6,physical_recovery,4,123,0.06243960864294133,0.11859819932334215,0.5121951219512195,0.8617886178861789,0.9186991869918699,0.471871548948966,27
reserve10,irradiance_first,primary,evaluation,recovery_0_6,previous_day,1,120,0.07840841012871934,0.11915870350198413,0.49166666666666664,0.8333333333333334,0.925,0.6816036072715154,29
reserve10,irradiance_first,primary,evaluation,recovery_0_6,previous_day,2,121,0.08913414646080177,0.1352240334870622,0.5289256198347108,0.8181818181818182,0.9008264462809917,0.6995170559345483,31
reserve10,irradiance_first,primary,evaluation,recovery_0_6,previous_day,3,120,0.10004549296005173,0.15392724497891866,0.525,0.7916666666666666,0.8916666666666667,0.7310694494494043,27
reserve10,irradiance_first,primary,evaluation,recovery_0_6,previous_day,4,123,0.10228526373142041,0.15804923789622047,0.5284552845528455,0.7804878048780488,0.8861788617886179,0.7340689940899632,27
reserve10,irradiance_first,primary,evaluation,recovery_0_6,raw,1,120,0.03454293154340411,0.059442759493288096,0.475,0.75,0.925,0.3085114509208609,29
reserve10,irradiance_first,primary,evaluation,recovery_0_6,raw,2,121,0.04869938490231864,0.09323490269133433,0.371900826446281,0.7933884297520661,0.9090909090909091,0.40073270260701477,31
reserve10,irradiance_first,primary,evaluation,recovery_0_6,raw,3,120,0.05689412323435846,0.10308766188595393,0.35833333333333334,0.7166666666666667,0.8666666666666667,0.43025162916035714,27
reserve10,irradiance_first,primary,evaluation,recovery_0_6,raw,4,123,0.06253579608987583,0.11859819932334215,0.3089430894308943,0.7073170731707317,0.8373983739837398,0.4323885937832319,27
reserve10,irradiance_first,primary,evaluation,recovery_0_6,recency,1,120,0.03472038367688364,0.059442759493288096,0.5333333333333333,0.85,0.9583333333333334,0.32182853565948716,29
reserve10,irradiance_first,primary,evaluation,recovery_0_6,recency,2,121,0.04894966821493781,0.09323490269133433,0.48760330578512395,0.8760330578512396,0.9669421487603306,0.422297169882783,31
reserve10,irradiance_first,primary,evaluation,recovery_0_6,recency,3,120,0.05704237283435821,0.10308766188595393,0.5166666666666667,0.8333333333333334,0.9333333333333333,0.45964674848107406,27
reserve10,irradiance_first,primary,evaluation,recovery_0_6,recency,4,123,0.06238507018193704,0.11859819932334215,0.45528455284552843,0.8455284552845529,0.9186991869918699,0.46620228370048306,27
reserve10,irradiance_first,primary,evaluation,recovery_0_6,rolling,1,120,0.034653604769980355,0.059442759493288096,0.525,0.8666666666666667,0.9666666666666667,0.321314345391475,29
reserve10,irradiance_first,primary,evaluation,recovery_0_6,rolling,2,121,0.04887644478709849,0.09323490269133433,0.49586776859504134,0.9008264462809917,0.9669421487603306,0.42275497796399997,31
reserve10,irradiance_first,primary,evaluation,recovery_0_6,rolling,3,120,0.056887654878317165,0.10308766188595393,0.5083333333333333,0.8833333333333333,0.95,0.45964983879269183,27
reserve10,irradiance_first,primary,evaluation,recovery_0_6,rolling,4,123,0.06219573274406837,0.11859819932334215,0.44715447154471544,0.8373983739837398,0.926829268292683,0.4654146346521563,27
reserve10,irradiance_first,primary,evaluation,recovery_0_6,single_imputation,1,120,0.040139334220420216,0.06381933589836689,0.6083333333333333,0.8333333333333334,0.8833333333333333,0.2650417280251569,29
reserve10,irradiance_first,primary,evaluation,recovery_0_6,single_imputation,2,121,0.056987149642679376,0.09509652786962931,0.4793388429752066,0.7520661157024794,0.8429752066115702,0.318475864727359,31
reserve10,irradiance_first,primary,evaluation,recovery_0_6,single_imputation,3,120,0.06591589273938764,0.1055012568309835,0.5416666666666666,0.7083333333333334,0.8166666666666667,0.3347418309345453,27
reserve10,irradiance_first,primary,evaluation,recovery_0_6,single_imputation,4,123,0.07566352582970005,0.12099158861955246,0.4715447154471545,0.6747967479674797,0.7723577235772358,0.3451862309973733,27
reserve10,irradiance_first,primary,evaluation,recovery_6_24,aci_bounded,1,429,0.036354366861080775,0.05601469347872228,0.4755244755244755,0.7855477855477856,0.8717948717948718,0.29472475234483286,45
reserve10,irradiance_first,primary,evaluation,recovery_6_24,aci_bounded,2,428,0.05117808108384466,0.08385155977516688,0.4976635514018692,0.7733644859813084,0.8714953271028038,0.39420224205072013,45
reserve10,irradiance_first,primary,evaluation,recovery_6_24,aci_bounded,3,429,0.05908371110212215,0.10363460961648988,0.48484848484848486,0.7505827505827506,0.8601398601398601,0.4183095565189065,45
reserve10,irradiance_first,primary,evaluation,recovery_6_24,aci_bounded,4,426,0.06361784063098631,0.11057714011202263,0.4835680751173709,0.7582159624413145,0.8591549295774648,0.43061820762031555,45
reserve10,irradiance_first,primary,evaluation,recovery_6_24,carry_forward,1,429,0.03965965791625837,0.060670422349249256,0.4172494172494173,0.6853146853146853,0.8041958041958042,0.31496139266009976,45
reserve10,irradiance_first,primary,evaluation,recovery_6_24,carry_forward,2,428,0.05274630492876473,0.08662301923300683,0.3878504672897196,0.6495327102803738,0.8060747663551402,0.3787640444995175,45
reserve10,irradiance_first,primary,evaluation,recovery_6_24,carry_forward,3,429,0.06049653482781014,0.10474458208605597,0.351981351981352,0.6433566433566433,0.7645687645687645,0.39241471224945407,45
reserve10,irradiance_first,primary,evaluation,recovery_6_24,carry_forward,4,426,0.0647708055125451,0.11188315750936573,0.37089201877934275,0.6455399061032864,0.7676056338028169,0.3979146363894776,45
reserve10,irradiance_first,primary,evaluation,recovery_6_24,geometric_persistence,1,429,0.04683643865429165,0.07235486683947868,0.5687645687645687,0.8717948717948718,0.9487179487179487,0.4645413162193283,45
reserve10,irradiance_first,primary,evaluation,recovery_6_24,geometric_persistence,2,428,0.07295642039524308,0.12170700205718826,0.5747663551401869,0.8574766355140186,0.9462616822429907,0.5846919471504675,45
reserve10,irradiance_first,primary,evaluation,recovery_6_24,geometric_persistence,3,429,0.09572813437597096,0.16946168630424377,0.5641025641025641,0.8461538461538461,0.9277389277389277,0.6916308862650632,45
reserve10,irradiance_first,primary,evaluation,recovery_6_24,geometric_persistence,4,426,0.11505848357306513,0.21412124825102327,0.5328638497652582,0.8169014084507042,0.9107981220657277,0.7536456327562451,45
reserve10,irradiance_first,primary,evaluation,recovery_6_24,mask50,1,429,0.03634963252283201,0.05601469347872228,0.4825174825174825,0.7995337995337995,0.8834498834498834,0.30058736880305004,45
reserve10,irradiance_first,primary,evaluation,recovery_6_24,mask50,2,428,0.05113934547563248,0.08385155977516688,0.5070093457943925,0.7757009345794392,0.8878504672897196,0.3985654337712823,45
reserve10,irradiance_first,primary,evaluation,recovery_6_24,mask50,3,429,0.059099472452435804,0.10363460961648988,0.5034965034965035,0.7645687645687645,0.8601398601398601,0.4223232719810593,45
reserve10,irradiance_first,primary,evaluation,recovery_6_24,mask50,4,426,0.06366046664695621,0.11057714011202263,0.4859154929577465,0.7582159624413145,0.852112676056338,0.43247848531832056,45
reserve10,irradiance_first,primary,evaluation,recovery_6_24,mi_recency,1,429,0.04122002814714165,0.0633582968731015,0.5407925407925408,0.8181818181818182,0.916083916083916,0.305655160355818,45
reserve10,irradiance_first,primary,evaluation,recovery_6_24,mi_recency,2,428,0.05764683026311055,0.09240446208183631,0.5257009345794392,0.8130841121495327,0.8995327102803738,0.395038562912994,45
reserve10,irradiance_first,primary,evaluation,recovery_6_24,mi_recency,3,429,0.06624772958550677,0.1071455255699103,0.4965034965034965,0.7925407925407926,0.8997668997668997,0.436676954617847,45
reserve10,irradiance_first,primary,evaluation,recovery_6_24,mi_recency,4,426,0.07403952619406846,0.12032071276440398,0.47183098591549294,0.784037558685446,0.8826291079812206,0.4678365357495135,45
reserve10,irradiance_first,primary,evaluation,recovery_6_24,multiple_imputation,1,429,0.0413121316278998,0.0633582968731015,0.6503496503496503,0.8205128205128205,0.8787878787878788,0.25718870400845656,45
reserve10,irradiance_first,primary,evaluation,recovery_6_24,multiple_imputation,2,428,0.05842247534826791,0.09240446208183631,0.5514018691588785,0.7780373831775701,0.8364485981308412,0.31096615263035415,45
reserve10,irradiance_first,primary,evaluation,recovery_6_24,multiple_imputation,3,429,0.06811105693300669,0.1071455255699103,0.5221445221445221,0.7365967365967366,0.8065268065268065,0.3298325645340391,45
reserve10,irradiance_first,primary,evaluation,recovery_6_24,multiple_imputation,4,426,0.07667832692140306,0.12032071276440398,0.47183098591549294,0.7065727699530516,0.7981220657276995,0.34211788216998684,45
reserve10,irradiance_first,primary,evaluation,recovery_6_24,persistence,1,429,0.06637509120328083,0.12241246385038572,0.5664335664335665,0.8554778554778555,0.958041958041958,0.5422773136401792,45
reserve10,irradiance_first,primary,evaluation,recovery_6_24,persistence,2,428,0.10585355521831688,0.21131286071880562,0.5420560747663551,0.8411214953271028,0.9392523364485982,0.7091418157459946,45
reserve10,irradiance_first,primary,evaluation,recovery_6_24,persistence,3,429,0.13297669291312358,0.2781361097742535,0.5221445221445221,0.8088578088578089,0.916083916083916,0.8154448127750721,45
reserve10,irradiance_first,primary,evaluation,recovery_6_24,persistence,4,426,0.15088028337695195,0.32013587313883296,0.5070422535211268,0.784037558685446,0.9084507042253521,0.8769501880910461,45
reserve10,irradiance_first,primary,evaluation,recovery_6_24,physical,1,429,0.036236446295233586,0.05601469347872228,0.4731934731934732,0.7948717948717948,0.8881118881118881,0.3015653745525377,45
reserve10,irradiance_first,primary,evaluation,recovery_6_24,physical,2,428,0.0511919489085362,0.08385155977516688,0.5163551401869159,0.780373831775701,0.883177570093458,0.39962274317118945,45
reserve10,irradiance_first,primary,evaluation,recovery_6_24,physical,3,429,0.05904117887329311,0.10363460961648988,0.4965034965034965,0.7599067599067599,0.8601398601398601,0.4232545582688841,45
reserve10,irradiance_first,primary,evaluation,recovery_6_24,physical,4,426,0.06358391386513933,0.11057714011202263,0.4859154929577465,0.7676056338028169,0.8591549295774648,0.434030761864626,45
reserve10,irradiance_first,primary,evaluation,recovery_6_24,physical_availability,1,429,0.03625217231445917,0.05601469347872228,0.4801864801864802,0.7995337995337995,0.8997668997668997,0.30439109418441834,45
reserve10,irradiance_first,primary,evaluation,recovery_6_24,physical_availability,2,428,0.05113330022729801,0.08385155977516688,0.5116822429906542,0.7780373831775701,0.883177570093458,0.4026730504313128,45
reserve10,irradiance_first,primary,evaluation,recovery_6_24,physical_availability,3,429,0.05904606041110549,0.10363460961648988,0.5058275058275058,0.7575757575757576,0.8578088578088578,0.4260635436056499,45
reserve10,irradiance_first,primary,evaluation,recovery_6_24,physical_availability,4,426,0.06359139464382264,0.11057714011202263,0.48826291079812206,0.7629107981220657,0.8591549295774648,0.4362411436275993,45
reserve10,irradiance_first,primary,evaluation,recovery_6_24,physical_recovery,1,429,0.03628923875419577,0.05601469347872228,0.4801864801864802,0.7995337995337995,0.8927738927738927,0.3037346660593977,45
reserve10,irradiance_first,primary,evaluation,recovery_6_24,physical_recovery,2,428,0.05118240162509738,0.08385155977516688,0.5163551401869159,0.780373831775701,0.8855140186915887,0.4016110086909205,45
reserve10,irradiance_first,primary,evaluation,recovery_6_24,physical_recovery,3,429,0.05909712065379485,0.10363460961648988,0.5151515151515151,0.7622377622377622,0.8601398601398601,0.4256941560954383,45
reserve10,irradiance_first,primary,evaluation,recovery_6_24,physical_recovery,4,426,0.0636448786336071,0.11057714011202263,0.48826291079812206,0.7629107981220657,0.8497652582159625,0.4371947639147188,45
reserve10,irradiance_first,primary,evaluation,recovery_6_24,previous_day,1,429,0.10985580056603218,0.17213235394501333,0.46853146853146854,0.7412587412587412,0.8554778554778555,0.6353926571109445,45
reserve10,irradiance_first,primary,evaluation,recovery_6_24,previous_day,2,428,0.10655336256958187,0.16807129875180796,0.4696261682242991,0.7663551401869159,0.8691588785046729,0.6532092559760235,45
reserve10,irradiance_first,primary,evaluation,recovery_6_24,previous_day,3,429,0.1051907112101341,0.16675594809773558,0.47785547785547783,0.7762237762237763,0.8857808857808858,0.6694973286356003,45
reserve10,irradiance_first,primary,evaluation,recovery_6_24,previous_day,4,426,0.10626327098676883,0.16836441330185975,0.4765258215962441,0.7793427230046949,0.8779342723004695,0.6841378122911077,45
reserve10,irradiance_first,primary,evaluation,recovery_6_24,raw,1,429,0.036501091471388976,0.05601469347872228,0.3939393939393939,0.6783216783216783,0.8391608391608392,0.28511762741661995,45
reserve10,irradiance_first,primary,evaluation,recovery_6_24,raw,2,428,0.05169573980236339,0.08385155977516688,0.38317757009345793,0.6542056074766355,0.7897196261682243,0.37434431606108814,45
reserve10,irradiance_first,primary,evaluation,recovery_6_24,raw,3,429,0.05996535311281056,0.10363460961648988,0.3752913752913753,0.6526806526806527,0.7808857808857809,0.39063255974927447,45
reserve10,irradiance_first,primary,evaluation,recovery_6_24,raw,4,426,0.06470266919456026,0.11057714011202263,0.3615023474178404,0.6267605633802817,0.7746478873239436,0.39787319630516793,45
reserve10,irradiance_first,primary,evaluation,recovery_6_24,recency,1,429,0.03634759231018679,0.05601469347872228,0.47785547785547783,0.7878787878787878,0.8764568764568764,0.29704860093396196,45
reserve10,irradiance_first,primary,evaluation,recovery_6_24,recency,2,428,0.05118634344254366,0.08385155977516688,0.5046728971962616,0.7757009345794392,0.8808411214953271,0.3947730053946293,45
reserve10,irradiance_first,primary,evaluation,recovery_6_24,recency,3,429,0.059122478977559324,0.10363460961648988,0.4988344988344988,0.7599067599067599,0.8554778554778555,0.41887971946114044,45
reserve10,irradiance_first,primary,evaluation,recovery_6_24,recency,4,426,0.06373031437504859,0.11057714011202263,0.4835680751173709,0.7629107981220657,0.8450704225352113,0.4290787334440534,45
reserve10,irradiance_first,primary,evaluation,recovery_6_24,rolling,1,429,0.036342492050252494,0.05601469347872228,0.4801864801864802,0.7878787878787878,0.8787878787878788,0.29649576620681223,45
reserve10,irradiance_first,primary,evaluation,recovery_6_24,rolling,2,428,0.05117217821648131,0.08385155977516688,0.5023364485981309,0.780373831775701,0.8691588785046729,0.3945165357324306,45
reserve10,irradiance_first,primary,evaluation,recovery_6_24,rolling,3,429,0.05905195950769534,0.10363460961648988,0.4965034965034965,0.7482517482517482,0.8554778554778555,0.41825507939408835,45
reserve10,irradiance_first,primary,evaluation,recovery_6_24,rolling,4,426,0.06365878489773225,0.11057714011202263,0.48826291079812206,0.7535211267605634,0.852112676056338,0.42815156461679404,45
reserve10,irradiance_first,primary,evaluation,recovery_6_24,single_imputation,1,429,0.04131451726205218,0.06334239958737956,0.6503496503496503,0.8205128205128205,0.8787878787878788,0.25705318968229707,45
reserve10,irradiance_first,primary,evaluation,recovery_6_24,single_imputation,2,428,0.058412495585536205,0.09237502701451483,0.5514018691588785,0.7780373831775701,0.8364485981308412,0.31090199372522903,45
reserve10,irradiance_first,primary,evaluation,recovery_6_24,single_imputation,3,429,0.06810119705976558,0.1071321901295964,0.5221445221445221,0.7365967365967366,0.8065268065268065,0.32980608244280074,45
reserve10,irradiance_first,primary,evaluation,recovery_6_24,single_imputation,4,426,0.07665104461495245,0.12027912470612202,0.47183098591549294,0.7065727699530516,0.7981220657276995,0.342100815215275,45
reserve10,irradiance_first,primary,warmup,normal,aci_bounded,1,216,0.042115900515480524,0.06697803721122855,0.4675925925925926,0.7407407407407407,0.8888888888888888,0.33408186981639604,0
reserve10,irradiance_first,primary,warmup,normal,aci_bounded,2,218,0.06108375219157413,0.10390949352195479,0.43119266055045874,0.7247706422018348,0.8715596330275229,0.48065477741422136,0
reserve10,irradiance_first,primary,warmup,normal,aci_bounded,3,220,0.07152918261186476,0.12903792898504393,0.4772727272727273,0.7636363636363637,0.8727272727272727,0.5043367930034176,0
reserve10,irradiance_first,primary,warmup,normal,aci_bounded,4,222,0.07598822149751452,0.1404906986458725,0.4954954954954955,0.7252252252252253,0.8288288288288288,0.5089796451636279,0
reserve10,irradiance_first,primary,warmup,normal,carry_forward,1,216,0.04644218907905733,0.07176916971535133,0.4074074074074074,0.7083333333333334,0.8796296296296297,0.39225565002773605,0
reserve10,irradiance_first,primary,warmup,normal,carry_forward,2,218,0.0632776005183879,0.10648685909055398,0.3256880733944954,0.6376146788990825,0.8348623853211009,0.47559021519194217,0
reserve10,irradiance_first,primary,warmup,normal,carry_forward,3,220,0.07232750293104104,0.12387539171841434,0.33636363636363636,0.6227272727272727,0.7863636363636364,0.49134316452282434,0
reserve10,irradiance_first,primary,warmup,normal,carry_forward,4,222,0.07600816531888642,0.13493154537244656,0.34684684684684686,0.6216216216216216,0.7657657657657657,0.4935258321924975,0
reserve10,irradiance_first,primary,warmup,normal,geometric_persistence,1,216,0.05267218572927005,0.0815778225854822,0.4583333333333333,0.8148148148148148,0.8888888888888888,0.37027670053411277,0
reserve10,irradiance_first,primary,warmup,normal,geometric_persistence,2,218,0.08086363470328112,0.13223720233933547,0.4908256880733945,0.7889908256880734,0.8807339449541285,0.5145313378670245,0
reserve10,irradiance_first,primary,warmup,normal,geometric_persistence,3,220,0.09951300665397736,0.17603449668647714,0.45,0.7772727272727272,0.8954545454545455,0.6313700855867936,0
reserve10,irradiance_first,primary,warmup,normal,geometric_persistence,4,222,0.11628328115953623,0.21808406331777672,0.45495495495495497,0.7702702702702703,0.8828828828828829,0.6758956913174107,0
reserve10,irradiance_first,primary,warmup,normal,mask50,1,216,0.04213539844702484,0.06697803721122855,0.4675925925925926,0.7407407407407407,0.8935185185185185,0.3368939905815171,0
reserve10,irradiance_first,primary,warmup,normal,mask50,2,218,0.06110557261302158,0.10390949352195479,0.43119266055045874,0.7247706422018348,0.8807339449541285,0.48481125424141047,0
reserve10,irradiance_first,primary,warmup,normal,mask50,3,220,0.07155899285081868,0.12903792898504393,0.4636363636363636,0.7454545454545455,0.8727272727272727,0.5067475823014932,0
reserve10,irradiance_first,primary,warmup,normal,mask50,4,222,0.07603462469969532,0.1404906986458725,0.481981981981982,0.7207207207207207,0.8198198198198198,0.5112062049388657,0
reserve10,irradiance_first,primary,warmup,normal,mi_recency,1,216,0.047268142394822084,0.07531838570740564,0.5925925925925926,0.8148148148148148,0.8935185185185185,0.305409648810153,0
reserve10,irradiance_first,primary,warmup,normal,mi_recency,2,218,0.06291447375179197,0.1063349356795392,0.5229357798165137,0.8119266055045872,0.8807339449541285,0.41527682795408694,0
reserve10,irradiance_first,primary,warmup,normal,mi_recency,3,220,0.07276589232084535,0.12498207273699044,0.5045454545454545,0.7818181818181819,0.8909090909090909,0.49737323042421977,0
reserve10,irradiance_first,primary,warmup,normal,mi_recency,4,222,0.07872181021807949,0.13643493083233915,0.5225225225225225,0.7702702702702703,0.8873873873873874,0.5200999904942352,0
reserve10,irradiance_first,primary,warmup,normal,multiple_imputation,1,216,0.04761199948794713,0.07531838570740564,0.5972222222222222,0.7962962962962963,0.8472222222222222,0.2540980468010679,0
reserve10,irradiance_first,primary,warmup,normal,multiple_imputation,2,218,0.0646025772603863,0.1063349356795392,0.45871559633027525,0.6926605504587156,0.8119266055045872,0.30959612835365014,0
reserve10,irradiance_first,primary,warmup,normal,multiple_imputation,3,220,0.07583831844192643,0.12498207273699044,0.38636363636363635,0.6636363636363637,0.7818181818181819,0.3317364572319182,0
reserve10,irradiance_first,primary,warmup,normal,multiple_imputation,4,222,0.08261549826262335,0.13643493083233915,0.3738738738738739,0.6261261261261262,0.7477477477477478,0.34995629555983965,0
reserve10,irradiance_first,primary,warmup,normal,persistence,1,216,0.07266011937112721,0.12705417594108243,0.5694444444444444,0.8101851851851852,0.9120370370370371,0.4594826796900835,0
reserve10,irradiance_first,primary,warmup,normal,persistence,2,218,0.10917765397161258,0.2082841155171472,0.5412844036697247,0.8119266055045872,0.8623853211009175,0.6470692167970455,0
reserve10,irradiance_first,primary,warmup,normal,persistence,3,220,0.13182870632735438,0.26589398149824134,0.5,0.7818181818181819,0.8727272727272727,0.7493883475651041,0
reserve10,irradiance_first,primary,warmup,normal,persistence,4,222,0.1418049735615103,0.300916808600118,0.481981981981982,0.8063063063063063,0.8783783783783784,0.7903364733396343,0
reserve10,irradiance_first,primary,warmup,normal,physical,1,216,0.04210895614593154,0.06697803721122855,0.4722222222222222,0.7546296296296297,0.8935185185185185,0.33978129631748316,0
reserve10,irradiance_first,primary,warmup,normal,physical,2,218,0.0610416737388719,0.10390949352195479,0.43577981651376146,0.7247706422018348,0.8899082568807339,0.4857446134846669,0
reserve10,irradiance_first,primary,warmup,normal,physical,3,220,0.07148484080364004,0.12903792898504393,0.4772727272727273,0.7636363636363637,0.8727272727272727,0.5079890920742542,0
reserve10,irradiance_first,primary,warmup,normal,physical,4,222,0.07603269533573669,0.1404906986458725,0.4864864864864865,0.7432432432432432,0.8378378378378378,0.5131548220554039,0
reserve10,irradiance_first,primary,warmup,normal,physical_availability,1,216,0.04213015946450308,0.06697803721122855,0.4722222222222222,0.7592592592592593,0.8935185185185185,0.34122235895209796,0
reserve10,irradiance_first,primary,warmup,normal,physical_availability,2,218,0.06105246312830397,0.10390949352195479,0.42201834862385323,0.7339449541284404,0.8899082568807339,0.4871070190729098,0
reserve10,irradiance_first,primary,warmup,normal,physical_availability,3,220,0.0715168379747373,0.12903792898504393,0.4681818181818182,0.759090909090909,0.8636363636363636,0.5101160086952854,0
reserve10,irradiance_first,primary,warmup,normal,physical_availability,4,222,0.0760929577390013,0.1404906986458725,0.481981981981982,0.7297297297297297,0.8333333333333334,0.51445173358468,0
reserve10,irradiance_first,primary,warmup,normal,physical_recovery,1,216,0.04213657872113464,0.06697803721122855,0.48148148148148145,0.7638888888888888,0.9027777777777778,0.3438716231587783,0
reserve10,irradiance_first,primary,warmup,normal,physical_recovery,2,218,0.061045941119853744,0.10390949352195479,0.44954128440366975,0.7293577981651376,0.8944954128440367,0.48679797671407565,0
reserve10,irradiance_first,primary,warmup,normal,physical_recovery,3,220,0.07158420353575486,0.12903792898504393,0.4681818181818182,0.75,0.8681818181818182,0.5085777702168909,0
reserve10,irradiance_first,primary,warmup,normal,physical_recovery,4,222,0.07614634495900287,0.1404906986458725,0.481981981981982,0.7207207207207207,0.8198198198198198,0.5165384214097888,0
reserve10,irradiance_first,primary,warmup,normal,previous_day,1,216,0.1113904381510392,0.16890370061315033,0.3333333333333333,0.6712962962962963,0.8287037037037037,0.5516579105639261,0
reserve10,irradiance_first,primary,warmup,normal,previous_day,2,218,0.10982783848821323,0.16767047751747485,0.3394495412844037,0.6926605504587156,0.8394495412844036,0.5713945795700905,0
reserve10,irradiance_first,primary,warmup,normal,previous_day,3,220,0.10869655560846668,0.1669616331060606,0.33636363636363636,0.7045454545454546,0.8590909090909091,0.5922093095853624,0
reserve10,irradiance_first,primary,warmup,normal,previous_day,4,222,0.10839541721008955,0.16726133875382077,0.3333333333333333,0.7162162162162162,0.8603603603603603,0.5998052703312687,0
reserve10,irradiance_first,primary,warmup,normal,raw,1,216,0.0422456932267548,0.06697803721122855,0.37962962962962965,0.6851851851851852,0.8703703703703703,0.3284314480334808,0
reserve10,irradiance_first,primary,warmup,normal,raw,2,218,0.06160391552411194,0.10390949352195479,0.3119266055045872,0.5779816513761468,0.8256880733944955,0.4706787406871799,0
reserve10,irradiance_first,primary,warmup,normal,raw,3,220,0.07215641698327695,0.12903792898504393,0.36363636363636365,0.5863636363636363,0.7818181818181819,0.48299183608452273,0
reserve10,irradiance_first,primary,warmup,normal,raw,4,222,0.07665839499975012,0.1404906986458725,0.3918918918918919,0.5720720720720721,0.7657657657657657,0.48823551798359094,0
reserve10,irradiance_first,primary,warmup,normal,recency,1,216,0.042125468250545695,0.06697803721122855,0.4675925925925926,0.7453703703703703,0.8888888888888888,0.3358776091953678,0
reserve10,irradiance_first,primary,warmup,normal,recency,2,218,0.061120205919331864,0.10390949352195479,0.43119266055045874,0.7201834862385321,0.8761467889908257,0.4823833518537998,0
reserve10,irradiance_first,primary,warmup,normal,recency,3,220,0.07151644627271962,0.12903792898504393,0.4681818181818182,0.7545454545454545,0.8727272727272727,0.5043831047104004,0
reserve10,irradiance_first,primary,warmup,normal,recency,4,222,0.07604584682849641,0.1404906986458725,0.4864864864864865,0.7207207207207207,0.8198198198198198,0.5102213510792019,0
reserve10,irradiance_first,primary,warmup,normal,rolling,1,216,0.04212501590889623,0.06697803721122855,0.4583333333333333,0.7361111111111112,0.8888888888888888,0.33432873951297065,0
reserve10,irradiance_first,primary,warmup,normal,rolling,2,218,0.06111666017383139,0.10390949352195479,0.41743119266055045,0.7201834862385321,0.8715596330275229,0.4798520686481827,0
reserve10,irradiance_first,primary,warmup,normal,rolling,3,220,0.07147557750057948,0.12903792898504393,0.4727272727272727,0.7545454545454545,0.8681818181818182,0.5026863843525219,0
reserve10,irradiance_first,primary,warmup,normal,rolling,4,222,0.0759893857697467,0.1404906986458725,0.4954954954954955,0.7162162162162162,0.8153153153153153,0.5059310963696962,0
reserve10,irradiance_first,primary,warmup,normal,single_imputation,1,216,0.047626348083189156,0.0753963044975351,0.5972222222222222,0.7962962962962963,0.8472222222222222,0.25409049809959383,0
reserve10,irradiance_first,primary,warmup,normal,single_imputation,2,218,0.06459696296388456,0.10636039368888014,0.45871559633027525,0.6926605504587156,0.8119266055045872,0.3094138039308381,0
reserve10,irradiance_first,primary,warmup,normal,single_imputation,3,220,0.07580268272904266,0.12494828889947986,0.38636363636363635,0.6636363636363637,0.7818181818181819,0.33159224122403635,0
reserve10,irradiance_first,primary,warmup,normal,single_imputation,4,222,0.0827411118362743,0.13664922807811034,0.3738738738738739,0.6261261261261262,0.7477477477477478,0.3497673811566771,0
reserve10,irradiance_first,primary,warmup,outage,aci_bounded,1,30,0.08621462372685336,0.16410429257883405,0.5333333333333333,0.7666666666666667,0.9333333333333333,0.6230584024897837,4
reserve10,irradiance_first,primary,warmup,outage,aci_bounded,2,30,0.08098184149998769,0.149657521573865,0.5666666666666667,0.8,0.9,0.602157279316709,4
reserve10,irradiance_first,primary,warmup,outage,aci_bounded,3,29,0.08358124289076982,0.17436674412678063,0.5517241379310345,0.8275862068965517,0.9310344827586207,0.593783312256203,4
reserve10,irradiance_first,primary,warmup,outage,aci_bounded,4,28,0.08278416438188996,0.18606392255864593,0.5357142857142857,0.8928571428571429,0.9285714285714286,0.5643092877520421,4
reserve10,irradiance_first,primary,warmup,outage,carry_forward,1,30,0.11366285833153272,0.2326007965665398,0.23333333333333334,0.5666666666666667,0.7,0.5196765438419578,4
reserve10,irradiance_first,primary,warmup,outage,carry_forward,2,30,0.10626255969220483,0.23014356612140505,0.16666666666666666,0.6,0.7666666666666667,0.5540603360677917,4
reserve10,irradiance_first,primary,warmup,outage,carry_forward,3,29,0.09792764393396808,0.22911216608137272,0.1724137931034483,0.5517241379310345,0.7241379310344828,0.5328705615499656,4
reserve10,irradiance_first,primary,warmup,outage,carry_forward,4,28,0.09422873871336235,0.21274626682700215,0.07142857142857142,0.4642857142857143,0.6785714285714286,0.5122216655664814,4
reserve10,irradiance_first,primary,warmup,outage,geometric_persistence,1,30,0.2810865143930146,0.37537766734299693,0.23333333333333334,0.3,0.4,0.2916443356034129,4
reserve10,irradiance_first,primary,warmup,outage,geometric_persistence,2,30,0.22078316855625013,0.37515417167133,0.23333333333333334,0.4666666666666667,0.5333333333333333,0.42442873551009097,4
reserve10,irradiance_first,primary,warmup,outage,geometric_persistence,3,29,0.18697855238427033,0.38057192040629967,0.2413793103448276,0.5862068965517241,0.7241379310344828,0.5628148085284231,4
reserve10,irradiance_first,primary,warmup,outage,geometric_persistence,4,28,0.1661016822170757,0.37354281498673375,0.25,0.6785714285714286,0.8214285714285714,0.603162528970247,4
reserve10,irradiance_first,primary,warmup,outage,mask50,1,30,0.0862620623490714,0.16410429257883405,0.5333333333333333,0.7666666666666667,0.9333333333333333,0.6235626721111427,4
reserve10,irradiance_first,primary,warmup,outage,mask50,2,30,0.08057444731984871,0.149657521573865,0.5666666666666667,0.8,0.9333333333333333,0.5978289783440904,4
reserve10,irradiance_first,primary,warmup,outage,mask50,3,29,0.08340867541381913,0.17436674412678063,0.5517241379310345,0.8275862068965517,0.9310344827586207,0.5905671452038843,4
reserve10,irradiance_first,primary,warmup,outage,mask50,4,28,0.08289672805319237,0.18606392255864593,0.5,0.8928571428571429,0.9285714285714286,0.5658273280438924,4
reserve10,irradiance_first,primary,warmup,outage,mi_recency,1,30,0.07998307117514578,0.15638721144952486,0.4,0.7666666666666667,0.9333333333333333,0.5300347388662916,4
reserve10,irradiance_first,primary,warmup,outage,mi_recency,2,30,0.08408304620139098,0.1612092068971706,0.26666666666666666,0.7666666666666667,0.9,0.5026399141281577,4
reserve10,irradiance_first,primary,warmup,outage,mi_recency,3,29,0.10029721305178516,0.18205049990498254,0.3448275862068966,0.6551724137931034,0.7931034482758621,0.5214961817420485,4
reserve10,irradiance_first,primary,warmup,outage,mi_recency,4,28,0.09508032992140954,0.1763635765110326,0.35714285714285715,0.6071428571428571,0.8214285714285714,0.5155988157987491,4
reserve10,irradiance_first,primary,warmup,outage,multiple_imputation,1,30,0.07998494676321609,0.15638721144952486,0.4,0.7333333333333333,0.8666666666666667,0.4744871687026995,4
reserve10,irradiance_first,primary,warmup,outage,multiple_imputation,2,30,0.088053125096878,0.1612092068971706,0.26666666666666666,0.6333333333333333,0.7666666666666667,0.409347022486696,4
reserve10,irradiance_first,primary,warmup,outage,multiple_imputation,3,29,0.11092495481619126,0.18205049990498254,0.3103448275862069,0.4482758620689655,0.5517241379310345,0.3896110226351272,4
reserve10,irradiance_first,primary,warmup,outage,multiple_imputation,4,28,0.10849842069260654,0.1763635765110326,0.2857142857142857,0.5,0.5714285714285714,0.37721360609649374,4
reserve10,irradiance_first,primary,warmup,outage,persistence,1,30,0.252432258506413,0.37050129122023806,0.26666666666666666,0.3333333333333333,0.43333333333333335,0.34274136180431547,4
reserve10,irradiance_first,primary,warmup,outage,persistence,2,30,0.19713380563688704,0.37149949626488094,0.3,0.4666666666666667,0.6333333333333333,0.4935630088541666,4
reserve10,irradiance_first,primary,warmup,outage,persistence,3,29,0.17681891764596894,0.3830219368688424,0.3103448275862069,0.6206896551724138,0.7586206896551724,0.6021148391587129,4
reserve10,irradiance_first,primary,warmup,outage,persistence,4,28,0.15439387725013662,0.37033603936543363,0.35714285714285715,0.6785714285714286,0.8214285714285714,0.6338287016369047,4
reserve10,irradiance_first,primary,warmup,outage,physical,1,30,0.08615563910658222,0.16410429257883405,0.5333333333333333,0.8,0.9333333333333333,0.6262243261113887,4
reserve10,irradiance_first,primary,warmup,outage,physical,2,30,0.08083616567608595,0.149657521573865,0.5666666666666667,0.8,0.9333333333333333,0.6040251046225689,4
reserve10,irradiance_first,primary,warmup,outage,physical,3,29,0.08319888763117216,0.17436674412678063,0.6551724137931034,0.8620689655172413,0.9655172413793104,0.595981609843254,4
reserve10,irradiance_first,primary,warmup,outage,physical,4,28,0.08244239096695151,0.18606392255864593,0.5357142857142857,0.8928571428571429,0.9285714285714286,0.5722478144426982,4
reserve10,irradiance_first,primary,warmup,outage,physical_availability,1,30,0.08616584349848538,0.16410429257883405,0.5333333333333333,0.8,0.9333333333333333,0.6241238078844525,4
reserve10,irradiance_first,primary,warmup,outage,physical_availability,2,30,0.08087880113291192,0.149657521573865,0.5666666666666667,0.8,0.9,0.6000176385234017,4
reserve10,irradiance_first,primary,warmup,outage,physical_availability,3,29,0.08342161731378499,0.17436674412678063,0.6551724137931034,0.8275862068965517,0.9310344827586207,0.5921672352609512,4
reserve10,irradiance_first,primary,warmup,outage,physical_availability,4,28,0.08249398522355565,0.18606392255864593,0.5714285714285714,0.8928571428571429,0.9285714285714286,0.5728605870488847,4
reserve10,irradiance_first,primary,warmup,outage,physical_recovery,1,30,0.08616584349848538,0.16410429257883405,0.5333333333333333,0.8,0.9333333333333333,0.6241238078844525,4
reserve10,irradiance_first,primary,warmup,outage,physical_recovery,2,30,0.08087880113291192,0.149657521573865,0.5666666666666667,0.8,0.9,0.6000176385234017,4
reserve10,irradiance_first,primary,warmup,outage,physical_recovery,3,29,0.08342161731378499,0.17436674412678063,0.6551724137931034,0.8275862068965517,0.9310344827586207,0.5921672352609512,4
reserve10,irradiance_first,primary,warmup,outage,physical_recovery,4,28,0.08249398522355565,0.18606392255864593,0.5714285714285714,0.8928571428571429,0.9285714285714286,0.5728605870488847,4
reserve10,irradiance_first,primary,warmup,outage,previous_day,1,30,0.09475988959185444,0.1549969332093254,0.3333333333333333,0.7666666666666667,0.8333333333333334,0.538878527079613,4
reserve10,irradiance_first,primary,warmup,outage,previous_day,2,30,0.09789898683887825,0.16706163421626982,0.26666666666666666,0.7333333333333333,0.8333333333333334,0.5599665399243551,4
reserve10,irradiance_first,primary,warmup,outage,previous_day,3,29,0.10316944339029145,0.17874120949302133,0.27586206896551724,0.6896551724137931,0.8275862068965517,0.5821761117046387,4
reserve10,irradiance_first,primary,warmup,outage,previous_day,4,28,0.10003824961970055,0.17280988115433674,0.2857142857142857,0.6428571428571429,0.8214285714285714,0.5563965762967688,4
reserve10,irradiance_first,primary,warmup,outage,raw,1,30,0.08629282553690772,0.16410429257883405,0.5,0.7333333333333333,0.8333333333333334,0.611780724096339,4
reserve10,irradiance_first,primary,warmup,outage,raw,2,30,0.08066205794270519,0.149657521573865,0.5,0.7666666666666667,0.8333333333333334,0.5789050252539126,4
reserve10,irradiance_first,primary,warmup,outage,raw,3,29,0.08444266630699637,0.17436674412678063,0.41379310344827586,0.5517241379310345,0.7586206896551724,0.5596795956170307,4
reserve10,irradiance_first,primary,warmup,outage,raw,4,28,0.0851894670618972,0.18606392255864593,0.14285714285714285,0.5357142857142857,0.7142857142857143,0.5418468801689256,4
reserve10,irradiance_first,primary,warmup,outage,recency,1,30,0.08623040038403179,0.16410429257883405,0.5333333333333333,0.7666666666666667,0.9333333333333333,0.6236873342163729,4
reserve10,irradiance_first,primary,warmup,outage,recency,2,30,0.08052880918800637,0.149657521573865,0.5666666666666667,0.8,0.9333333333333333,0.5984351091636851,4
reserve10,irradiance_first,primary,warmup,outage,recency,3,29,0.08339752443727268,0.17436674412678063,0.5517241379310345,0.8275862068965517,0.9310344827586207,0.5904730407953619,4
reserve10,irradiance_first,primary,warmup,outage,recency,4,28,0.08281131616330815,0.18606392255864593,0.4642857142857143,0.8928571428571429,0.9285714285714286,0.56585860093053,4
reserve10,irradiance_first,primary,warmup,outage,rolling,1,30,0.08617232467849037,0.16410429257883405,0.5333333333333333,0.7666666666666667,0.9333333333333333,0.6215193121584155,4
reserve10,irradiance_first,primary,warmup,outage,rolling,2,30,0.08059069496273019,0.149657521573865,0.5666666666666667,0.8,0.9,0.5950151597613786,4
reserve10,irradiance_first,primary,warmup,outage,rolling,3,29,0.08340483679798676,0.17436674412678063,0.5517241379310345,0.8275862068965517,0.9310344827586207,0.5860158205871843,4
reserve10,irradiance_first,primary,warmup,outage,rolling,4,28,0.08288307063549696,0.18606392255864593,0.5,0.8571428571428571,0.9285714285714286,0.5614627957246993,4
reserve10,irradiance_first,primary,warmup,outage,single_imputation,1,30,0.09571840243572897,0.14655678222465374,0.26666666666666666,0.43333333333333335,0.5333333333333333,0.26591427004100926,4
reserve10,irradiance_first,primary,warmup,outage,single_imputation,2,30,0.10239649672930613,0.160008635914398,0.3,0.5333333333333333,0.6333333333333333,0.3149271024895551,4
reserve10,irradiance_first,primary,warmup,outage,single_imputation,3,29,0.11491274919614825,0.17477433001871043,0.3103448275862069,0.4827586206896552,0.5517241379310345,0.34078262087286554,4
reserve10,irradiance_first,primary,warmup,outage,single_imputation,4,28,0.11353558860947933,0.17821659360993594,0.25,0.4642857142857143,0.5357142857142857,0.35014157523576594,4
reserve10,irradiance_first,primary,warmup,partial_restoration,aci_bounded,1,4,0.05258209477694573,0.06305104186329968,0.25,0.5,0.5,0.3267273602632299,2
reserve10,irradiance_first,primary,warmup,partial_restoration,aci_bounded,2,2,0.04622683909281267,0.06872440685004617,0.5,0.5,0.5,0.2995889831052055,1
reserve10,irradiance_first,primary,warmup,partial_restoration,aci_bounded,3,1,0.02352819527615898,0.039505456281189746,1.0,1.0,1.0,0.17987530541432617,1
reserve10,irradiance_first,primary,warmup,partial_restoration,carry_forward,1,4,0.05961361456189276,0.09030573801729157,0.25,0.5,0.5,0.30830688034564263,2
reserve10,irradiance_first,primary,warmup,partial_restoration,carry_forward,2,2,0.04444681533571565,0.06949366285399111,0.5,0.5,0.5,0.2630441395905556,1
reserve10,irradiance_first,primary,warmup,partial_restoration,carry_forward,3,1,0.01635169209742121,0.026186936020808967,1.0,1.0,1.0,0.16414598050526935,1
reserve10,irradiance_first,primary,warmup,partial_restoration,geometric_persistence,1,4,0.258416947834333,0.3534007143379195,0.0,0.25,0.5,0.24707355326102662,2
reserve10,irradiance_first,primary,warmup,partial_restoration,geometric_persistence,2,2,0.1551882363073726,0.31502350175513083,0.0,0.0,0.5,0.34032156572667793,1
reserve10,irradiance_first,primary,warmup,partial_restoration,geometric_persistence,3,1,0.07225982732492903,0.14800049107142857,0.0,0.0,1.0,0.21753853050595237,1
reserve10,irradiance_first,primary,warmup,partial_restoration,mask50,1,4,0.05244979795185911,0.06305104186329968,0.25,0.5,0.5,0.32762560155415893,2
reserve10,irradiance_first,primary,warmup,partial_restoration,mask50,2,2,0.045619166531530184,0.06872440685004617,0.5,0.5,0.5,0.30547302249869973,1
reserve10,irradiance_first,primary,warmup,partial_restoration,mask50,3,1,0.02354319500405049,0.039505456281189746,1.0,1.0,1.0,0.18246919014606086,1
reserve10,irradiance_first,primary,warmup,partial_restoration,mi_recency,1,4,0.03766157524067936,0.06726125381559782,0.5,0.75,1.0,0.33717559947933634,2
reserve10,irradiance_first,primary,warmup,partial_restoration,mi_recency,2,2,0.05708414044705781,0.11823678150583912,0.5,1.0,1.0,0.4210636865357279,1
reserve10,irradiance_first,primary,warmup,partial_restoration,mi_recency,3,1,0.03724261668141403,0.05541774851560604,1.0,1.0,1.0,0.4240307897272832,1
reserve10,irradiance_first,primary,warmup,partial_restoration,multiple_imputation,1,4,0.03733079614390356,0.06726125381559782,0.5,0.75,1.0,0.28762797029209125,2
reserve10,irradiance_first,primary,warmup,partial_restoration,multiple_imputation,2,2,0.059027602971703494,0.11823678150583912,0.5,0.5,1.0,0.3108692012451255,1
reserve10,irradiance_first,primary,warmup,partial_restoration,multiple_imputation,3,1,0.02958335937122258,0.05541774851560604,1.0,1.0,1.0,0.27863695661502186,1
reserve10,irradiance_first,primary,warmup,partial_restoration,persistence,1,4,0.23383371045546344,0.345457736235119,0.0,0.25,0.5,0.2633575931733631,2
reserve10,irradiance_first,primary,warmup,partial_restoration,persistence,2,2,0.1332935416347789,0.30628548363095237,0.0,0.0,1.0,0.3649519267113095,1
reserve10,irradiance_first,primary,warmup,partial_restoration,persistence,3,1,0.07986157819727892,0.14800049107142857,0.0,0.0,1.0,0.19918407738095237,1
reserve10,irradiance_first,primary,warmup,partial_restoration,physical,1,4,0.05200513452520291,0.06305104186329968,0.25,0.5,0.5,0.32962561375039223,2
reserve10,irradiance_first,primary,warmup,partial_restoration,physical,2,2,0.04482830973777259,0.06872440685004617,0.5,0.5,0.5,0.31188645403743764,1
reserve10,irradiance_first,primary,warmup,partial_restoration,physical,3,1,0.02419496215225722,0.039505456281189746,1.0,1.0,1.0,0.18246919014606086,1
reserve10,irradiance_first,primary,warmup,partial_restoration,physical_availability,1,4,0.05207611860967456,0.06305104186329968,0.25,0.5,0.5,0.3295325462602219,2
reserve10,irradiance_first,primary,warmup,partial_restoration,physical_availability,2,2,0.04482830973777259,0.06872440685004617,0.5,0.5,0.5,0.31188645403743764,1
reserve10,irradiance_first,primary,warmup,partial_restoration,physical_availability,3,1,0.02419496215225722,0.039505456281189746,1.0,1.0,1.0,0.18246919014606086,1
reserve10,irradiance_first,primary,warmup,partial_restoration,physical_recovery,1,4,0.05207611860967456,0.06305104186329968,0.25,0.5,0.5,0.3295325462602219,2
reserve10,irradiance_first,primary,warmup,partial_restoration,physical_recovery,2,2,0.04482830973777259,0.06872440685004617,0.5,0.5,0.5,0.31188645403743764,1
reserve10,irradiance_first,primary,warmup,partial_restoration,physical_recovery,3,1,0.02419496215225722,0.039505456281189746,1.0,1.0,1.0,0.18246919014606086,1
reserve10,irradiance_first,primary,warmup,partial_restoration,previous_day,1,4,0.10132057439492985,0.19427786640624997,0.0,0.0,1.0,0.4277074116629464,2
reserve10,irradiance_first,primary,warmup,partial_restoration,previous_day,2,2,0.1040404405503295,0.20251097194940473,0.0,0.0,1.0,0.402303732235863,1
reserve10,irradiance_first,primary,warmup,partial_restoration,previous_day,3,1,0.031105461492346935,0.055468609077380944,0.0,0.0,1.0,0.1987439206845238,1
reserve10,irradiance_first,primary,warmup,partial_restoration,raw,1,4,0.053861797439748005,0.06305104186329968,0.25,0.5,0.5,0.31725939066569364,2
reserve10,irradiance_first,primary,warmup,partial_restoration,raw,2,2,0.04871049647112797,0.06872440685004617,0.0,0.5,0.5,0.27648521807324766,1
reserve10,irradiance_first,primary,warmup,partial_restoration,raw,3,1,0.021469660533465267,0.039505456281189746,0.0,1.0,1.0,0.15334227752586232,1
reserve10,irradiance_first,primary,warmup,partial_restoration,recency,1,4,0.05243559482321534,0.06305104186329968,0.25,0.5,0.5,0.3279351209643679,2
reserve10,irradiance_first,primary,warmup,partial_restoration,recency,2,2,0.045619166531530184,0.06872440685004617,0.5,0.5,0.5,0.30547302249869973,1
reserve10,irradiance_first,primary,warmup,partial_restoration,recency,3,1,0.02354319500405049,0.039505456281189746,1.0,1.0,1.0,0.18246919014606086,1
reserve10,irradiance_first,primary,warmup,partial_restoration,rolling,1,4,0.052555681200889146,0.06305104186329968,0.25,0.5,0.5,0.327006562733741,2
reserve10,irradiance_first,primary,warmup,partial_restoration,rolling,2,2,0.04632710068705387,0.06872440685004617,0.5,0.5,0.5,0.2981853207858289,1
reserve10,irradiance_first,primary,warmup,partial_restoration,rolling,3,1,0.023512199652048704,0.039505456281189746,1.0,1.0,1.0,0.17931547519762012,1
reserve10,irradiance_first,primary,warmup,partial_restoration,single_imputation,1,4,0.057060175398527056,0.09500903644019279,0.5,0.75,0.75,0.26355977461747826,2
reserve10,irradiance_first,primary,warmup,partial_restoration,single_imputation,2,2,0.09426546927069111,0.15748482584150456,0.5,0.5,0.5,0.3008939118013948,1
reserve10,irradiance_first,primary,warmup,partial_restoration,single_imputation,3,1,0.030306873860181858,0.0629807211199429,1.0,1.0,1.0,0.27072936149041027,1
reserve10,irradiance_first,primary,warmup,recovery_0_6,aci_bounded,1,3,0.03011219362483176,0.0538259751604859,0.3333333333333333,1.0,1.0,0.2723260994969499,1
reserve10,irradiance_first,primary,warmup,recovery_0_6,aci_bounded,2,4,0.04204200967785873,0.05933269011163045,0.75,1.0,1.0,0.4341714372882951,1
reserve10,irradiance_first,primary,warmup,recovery_0_6,aci_bounded,3,5,0.04002315380340788,0.014237913814576609,1.0,1.0,1.0,0.5026560484070665,1
reserve10,irradiance_first,primary,warmup,recovery_0_6,aci_bounded,4,6,0.04853729480864432,0.043970331404755765,1.0,1.0,1.0,0.5409430222336499,1
reserve10,irradiance_first,primary,warmup,recovery_0_6,carry_forward,1,3,0.029898863171923213,0.04270294424644397,0.6666666666666666,0.6666666666666666,1.0,0.330614323379476,1
reserve10,irradiance_first,primary,warmup,recovery_0_6,carry_forward,2,4,0.04168319953686646,0.06280449268797643,0.75,0.75,0.75,0.42520809884489574,1
reserve10,irradiance_first,primary,warmup,recovery_0_6,carry_forward,3,5,0.04172906090083342,0.0474461934539818,0.8,0.8,0.8,0.47590644624328976,1
reserve10,irradiance_first,primary,warmup,recovery_0_6,carry_forward,4,6,0.04618191089720799,0.060005754461061205,0.8333333333333334,0.8333333333333334,0.8333333333333334,0.5267313188576452,1
reserve10,irradiance_first,primary,warmup,recovery_0_6,geometric_persistence,1,3,0.06697114388530989,0.08507878456323571,0.6666666666666666,0.6666666666666666,0.6666666666666666,0.2887571512130666,1
reserve10,irradiance_first,primary,warmup,recovery_0_6,geometric_persistence,2,4,0.1018109998524054,0.18778423497539853,0.5,0.5,0.75,0.3987176236972653,1
reserve10,irradiance_first,primary,warmup,recovery_0_6,geometric_persistence,3,5,0.13690950252252657,0.26308108615327336,0.4,0.6,0.6,0.5242904474721932,1
reserve10,irradiance_first,primary,warmup,recovery_0_6,geometric_persistence,4,6,0.15468721468803326,0.3322263240260383,0.3333333333333333,0.5,0.6666666666666666,0.6031316540649042,1
reserve10,irradiance_first,primary,warmup,recovery_0_6,mask50,1,3,0.030090180309017864,0.0538259751604859,0.3333333333333333,1.0,1.0,0.27009119674455445,1
reserve10,irradiance_first,primary,warmup,recovery_0_6,mask50,2,4,0.04184498527414757,0.05933269011163045,0.75,1.0,1.0,0.4342707650409259,1
reserve10,irradiance_first,primary,warmup,recovery_0_6,mask50,3,5,0.03945192786458468,0.014237913814576609,0.8,1.0,1.0,0.5025005033814598,1
reserve10,irradiance_first,primary,warmup,recovery_0_6,mask50,4,6,0.04753548540524516,0.043970331404755765,0.8333333333333334,1.0,1.0,0.5412662833092783,1
reserve10,irradiance_first,primary,warmup,recovery_0_6,mi_recency,1,3,0.02744830576046935,0.0486286472671145,0.3333333333333333,1.0,1.0,0.296084027279683,1
reserve10,irradiance_first,primary,warmup,recovery_0_6,mi_recency,2,4,0.0328408314781089,0.03304727197434874,1.0,1.0,1.0,0.4483080316009129,1
reserve10,irradiance_first,primary,warmup,recovery_0_6,mi_recency,3,5,0.039737746249839064,0.0413076876478564,1.0,1.0,1.0,0.5684355260070652,1
reserve10,irradiance_first,primary,warmup,recovery_0_6,mi_recency,4,6,0.04129847664486807,0.031948244684010446,1.0,1.0,1.0,0.5942613330497436,1
reserve10,irradiance_first,primary,warmup,recovery_0_6,multiple_imputation,1,3,0.02694757671165261,0.0486286472671145,0.6666666666666666,1.0,1.0,0.2564062309656856,1
reserve10,irradiance_first,primary,warmup,recovery_0_6,multiple_imputation,2,4,0.02639157200832746,0.03304727197434874,1.0,1.0,1.0,0.31918735312842816,1
reserve10,irradiance_first,primary,warmup,recovery_0_6,multiple_imputation,3,5,0.02959428484398996,0.0413076876478564,1.0,1.0,1.0,0.34902557218159297,1
reserve10,irradiance_first,primary,warmup,recovery_0_6,multiple_imputation,4,6,0.029394973369640334,0.031948244684010446,0.8333333333333334,1.0,1.0,0.36387143982399633,1
reserve10,irradiance_first,primary,warmup,recovery_0_6,persistence,1,3,0.08520764997236395,0.14273987237103175,0.3333333333333333,0.6666666666666666,0.6666666666666666,0.3248233028025793,1
reserve10,irradiance_first,primary,warmup,recovery_0_6,persistence,2,4,0.12326022691193662,0.26100588541666664,0.25,0.75,0.75,0.42951671670386904,1
reserve10,irradiance_first,primary,warmup,recovery_0_6,persistence,3,5,0.1545975199014668,0.3350770985119047,0.2,0.6,0.6,0.5346870617633928,1
reserve10,irradiance_first,primary,warmup,recovery_0_6,persistence,4,6,0.15339257399659864,0.3694683184523809,0.3333333333333333,0.5,0.8333333333333334,0.6169175236855159,1
reserve10,irradiance_first,primary,warmup,recovery_0_6,physical,1,3,0.02998451599161807,0.0538259751604859,0.3333333333333333,0.6666666666666666,1.0,0.26905930577252624,1
reserve10,irradiance_first,primary,warmup,recovery_0_6,physical,2,4,0.04190219754130753,0.05933269011163045,0.75,1.0,1.0,0.43255615176080675,1
reserve10,irradiance_first,primary,warmup,recovery_0_6,physical,3,5,0.039992519913660055,0.014237913814576609,0.8,1.0,1.0,0.5011237163795151,1
reserve10,irradiance_first,primary,warmup,recovery_0_6,physical,4,6,0.04828832493398103,0.043970331404755765,0.8333333333333334,1.0,1.0,0.539822627210811,1
reserve10,irradiance_first,primary,warmup,recovery_0_6,physical_availability,1,3,0.029977412821390565,0.0538259751604859,0.3333333333333333,0.6666666666666666,1.0,0.2691513196355798,1
reserve10,irradiance_first,primary,warmup,recovery_0_6,physical_availability,2,4,0.04187562798103316,0.05933269011163045,0.75,1.0,1.0,0.4326218010530801,1
reserve10,irradiance_first,primary,warmup,recovery_0_6,physical_availability,3,5,0.03966591477076192,0.014237913814576609,0.8,1.0,1.0,0.5011874898619242,1
reserve10,irradiance_first,primary,warmup,recovery_0_6,physical_availability,4,6,0.04787422524134691,0.043970331404755765,0.8333333333333334,1.0,1.0,0.5421460496731395,1
reserve10,irradiance_first,primary,warmup,recovery_0_6,physical_recovery,1,3,0.03000717234103332,0.0538259751604859,0.3333333333333333,0.6666666666666666,1.0,0.26905930577252624,1
reserve10,irradiance_first,primary,warmup,recovery_0_6,physical_recovery,2,4,0.04190219754130753,0.05933269011163045,0.75,1.0,1.0,0.43255615176080675,1
reserve10,irradiance_first,primary,warmup,recovery_0_6,physical_recovery,3,5,0.039992519913660055,0.014237913814576609,0.8,1.0,1.0,0.5011237163795151,1
reserve10,irradiance_first,primary,warmup,recovery_0_6,physical_recovery,4,6,0.04805087839743321,0.043970331404755765,0.8333333333333334,1.0,1.0,0.539822627210811,1
reserve10,irradiance_first,primary,warmup,recovery_0_6,previous_day,1,3,0.12236454142679987,0.18929436334325397,0.3333333333333333,0.3333333333333333,0.6666666666666666,0.2579798397073413,1
reserve10,irradiance_first,primary,warmup,recovery_0_6,previous_day,2,4,0.1481217053746811,0.24649263337053567,0.25,0.25,0.75,0.3776072625930059,1
reserve10,irradiance_first,primary,warmup,recovery_0_6,previous_day,3,5,0.15175804330017,0.2640343824107142,0.2,0.2,0.8,0.48007888660714276,1
reserve10,irradiance_first,primary,warmup,recovery_0_6,previous_day,4,6,0.13345195625460599,0.22742210352182535,0.3333333333333333,0.3333333333333333,0.8333333333333334,0.5549980553075397,1
reserve10,irradiance_first,primary,warmup,recovery_0_6,raw,1,3,0.03008993555698287,0.0538259751604859,0.3333333333333333,0.6666666666666666,1.0,0.26827367717955525,1
reserve10,irradiance_first,primary,warmup,recovery_0_6,raw,2,4,0.04084659950606231,0.05933269011163045,0.75,0.75,1.0,0.42969304827697463,1
reserve10,irradiance_first,primary,warmup,recovery_0_6,raw,3,5,0.037123470031284064,0.014237913814576609,0.8,0.8,1.0,0.4750792067602222,1
reserve10,irradiance_first,primary,warmup,recovery_0_6,raw,4,6,0.04488405694714378,0.043970331404755765,0.8333333333333334,0.8333333333333334,1.0,0.5167479019094153,1
reserve10,irradiance_first,primary,warmup,recovery_0_6,recency,1,3,0.030114569682757702,0.0538259751604859,0.3333333333333333,1.0,1.0,0.2703147558937569,1
reserve10,irradiance_first,primary,warmup,recovery_0_6,recency,2,4,0.041780341749525524,0.05933269011163045,0.75,1.0,1.0,0.4341714372882951,1
reserve10,irradiance_first,primary,warmup,recovery_0_6,recency,3,5,0.039622447491165,0.014237913814576609,0.8,1.0,1.0,0.5003524643235424,1
reserve10,irradiance_first,primary,warmup,recovery_0_6,recency,4,6,0.04776778312725435,0.043970331404755765,0.8333333333333334,1.0,1.0,0.5408127534458668,1
reserve10,irradiance_first,primary,warmup,recovery_0_6,rolling,1,3,0.03007821240430933,0.0538259751604859,0.3333333333333333,1.0,1.0,0.27195948768679623,1
reserve10,irradiance_first,primary,warmup,recovery_0_6,rolling,2,4,0.041947345262364294,0.05933269011163045,0.75,1.0,1.0,0.43424593310276816,1
reserve10,irradiance_first,primary,warmup,recovery_0_6,rolling,3,5,0.03991521352235887,0.014237913814576609,1.0,1.0,1.0,0.5021416076021871,1
reserve10,irradiance_first,primary,warmup,recovery_0_6,rolling,4,6,0.048365311191789384,0.043970331404755765,1.0,1.0,1.0,0.5386089711742743,1
reserve10,irradiance_first,primary,warmup,recovery_0_6,single_imputation,1,3,0.02694757671165261,0.048628647267114494,0.6666666666666666,1.0,1.0,0.25640623096568566,1
reserve10,irradiance_first,primary,warmup,recovery_0_6,single_imputation,2,4,0.02639157200832746,0.03304727197434877,1.0,1.0,1.0,0.3191873531284281,1
reserve10,irradiance_first,primary,warmup,recovery_0_6,single_imputation,3,5,0.029594284843989953,0.041307687647856355,1.0,1.0,1.0,0.34902557218159297,1
reserve10,irradiance_first,primary,warmup,recovery_0_6,single_imputation,4,6,0.029394973369640334,0.03194824468401047,0.8333333333333334,1.0,1.0,0.3638714398239962,1
reserve10,irradiance_first,primary,warmup,recovery_6_24,aci_bounded,1,33,0.04904744380912619,0.09619366471208178,0.42424242424242425,0.8484848484848485,0.9696969696969697,0.402839895997048,4
reserve10,irradiance_first,primary,warmup,recovery_6_24,aci_bounded,2,32,0.07629772760679951,0.1486361234670411,0.5,0.875,1.0,0.5196464340632831,4
reserve10,irradiance_first,primary,warmup,recovery_6_24,aci_bounded,3,31,0.09425977646263553,0.18669600203265477,0.5806451612903226,0.7741935483870968,0.967741935483871,0.5476374048749549,4
reserve10,irradiance_first,primary,warmup,recovery_6_24,aci_bounded,4,30,0.09989614491802977,0.20327908463764174,0.5333333333333333,0.7,0.9,0.5369895674737251,4
reserve10,irradiance_first,primary,warmup,recovery_6_24,carry_forward,1,33,0.05807648187233507,0.1000716331265619,0.30303030303030304,0.6363636363636364,0.8181818181818182,0.40987570611930235,4
reserve10,irradiance_first,primary,warmup,recovery_6_24,carry_forward,2,32,0.0856253147647648,0.1502320826806403,0.5,0.6875,0.78125,0.49208436433897607,4
reserve10,irradiance_first,primary,warmup,recovery_6_24,carry_forward,3,31,0.101843081238885,0.1990317733796963,0.5483870967741935,0.6451612903225806,0.7741935483870968,0.5062227964137844,4
reserve10,irradiance_first,primary,warmup,recovery_6_24,carry_forward,4,30,0.11529343273347205,0.21316382661273137,0.43333333333333335,0.6333333333333333,0.7666666666666667,0.5016841555326298,4
reserve10,irradiance_first,primary,warmup,recovery_6_24,geometric_persistence,1,33,0.04805716929419329,0.07799459648053637,0.3939393939393939,0.8484848484848485,0.8787878787878788,0.4047806043854493,4
reserve10,irradiance_first,primary,warmup,recovery_6_24,geometric_persistence,2,32,0.07093432696656295,0.11994441406097185,0.375,0.8125,0.9375,0.5629095654186748,4
reserve10,irradiance_first,primary,warmup,recovery_6_24,geometric_persistence,3,31,0.08833606160285044,0.15974305914695985,0.41935483870967744,0.8709677419354839,0.967741935483871,0.693414464082567,4
reserve10,irradiance_first,primary,warmup,recovery_6_24,geometric_persistence,4,30,0.09754028144605384,0.18250600198951586,0.4666666666666667,0.9333333333333333,0.9666666666666667,0.741388816099659,4
reserve10,irradiance_first,primary,warmup,recovery_6_24,mask50,1,33,0.04908892326568926,0.09619366471208178,0.42424242424242425,0.8484848484848485,0.9696969696969697,0.4055502229774698,4
reserve10,irradiance_first,primary,warmup,recovery_6_24,mask50,2,32,0.07635491712563036,0.1486361234670411,0.5,0.875,1.0,0.5209711272435211,4
reserve10,irradiance_first,primary,warmup,recovery_6_24,mask50,3,31,0.09423574589344741,0.18669600203265477,0.5806451612903226,0.7741935483870968,0.967741935483871,0.5499649736377571,4
reserve10,irradiance_first,primary,warmup,recovery_6_24,mask50,4,30,0.10001424136561067,0.20327908463764174,0.5333333333333333,0.7,0.9,0.5399192530661139,4
reserve10,irradiance_first,primary,warmup,recovery_6_24,mi_recency,1,33,0.047420890891584,0.08378906388978925,0.42424242424242425,0.8484848484848485,0.9393939393939394,0.3695403915850248,4
reserve10,irradiance_first,primary,warmup,recovery_6_24,mi_recency,2,32,0.08137018643692008,0.14388300620983116,0.375,0.6875,0.875,0.46845182419963965,4
reserve10,irradiance_first,primary,warmup,recovery_6_24,mi_recency,3,31,0.10101548365858412,0.17673067070318701,0.3548387096774194,0.7419354838709677,0.7741935483870968,0.5526202121117426,4
reserve10,irradiance_first,primary,warmup,recovery_6_24,mi_recency,4,30,0.11616199312474465,0.20513850237314518,0.4,0.6666666666666666,0.7666666666666667,0.549115020684518,4
reserve10,irradiance_first,primary,warmup,recovery_6_24,multiple_imputation,1,33,0.04805089920761166,0.08378906388978925,0.42424242424242425,0.7272727272727273,0.8787878787878788,0.29653199377569245,4
reserve10,irradiance_first,primary,warmup,recovery_6_24,multiple_imputation,2,32,0.08978581847546524,0.14388300620983116,0.34375,0.59375,0.71875,0.354269225401536,4
reserve10,irradiance_first,primary,warmup,recovery_6_24,multiple_imputation,3,31,0.11414806940565443,0.17673067070318701,0.3225806451612903,0.5806451612903226,0.6451612903225806,0.3684122130706442,4
reserve10,irradiance_first,primary,warmup,recovery_6_24,multiple_imputation,4,30,0.13559036191622964,0.20513850237314518,0.26666666666666666,0.43333333333333335,0.5666666666666667,0.3727339986509964,4
reserve10,irradiance_first,primary,warmup,recovery_6_24,persistence,1,33,0.06917983845263863,0.12667790566829004,0.5757575757575758,0.8787878787878788,0.9696969696969697,0.5191389049355158,4
reserve10,irradiance_first,primary,warmup,recovery_6_24,persistence,2,32,0.10188898033065276,0.20372735361793154,0.5,0.96875,0.96875,0.7341274557291666,4
reserve10,irradiance_first,primary,warmup,recovery_6_24,persistence,3,31,0.12070893936668518,0.2516620232910906,0.5483870967741935,0.8709677419354839,0.967741935483871,0.8469784505508352,4
reserve10,irradiance_first,primary,warmup,recovery_6_24,persistence,4,30,0.131286196616532,0.2796690536805555,0.6,0.9,0.9666666666666667,0.8923194248511905,4
reserve10,irradiance_first,primary,warmup,recovery_6_24,physical,1,33,0.04917882868939526,0.09619366471208178,0.42424242424242425,0.8787878787878788,0.9696969696969697,0.41198098353809764,4
reserve10,irradiance_first,primary,warmup,recovery_6_24,physical,2,32,0.07617982120345108,0.1486361234670411,0.5,0.875,1.0,0.525491422247974,4
reserve10,irradiance_first,primary,warmup,recovery_6_24,physical,3,31,0.09415848736249724,0.18669600203265477,0.5806451612903226,0.7741935483870968,0.967741935483871,0.55445817114327,4
reserve10,irradiance_first,primary,warmup,recovery_6_24,physical,4,30,0.09988984164497913,0.20327908463764174,0.5666666666666667,0.7,0.9,0.5447587196410574,4
reserve10,irradiance_first,primary,warmup,recovery_6_24,physical_availability,1,33,0.04910666878940427,0.09619366471208178,0.42424242424242425,0.8787878787878788,0.9696969696969697,0.40968388013052925,4
reserve10,irradiance_first,primary,warmup,recovery_6_24,physical_availability,2,32,0.07636764744497011,0.1486361234670411,0.5,0.875,1.0,0.5252267467666295,4
reserve10,irradiance_first,primary,warmup,recovery_6_24,physical_availability,3,31,0.09406573746407931,0.18669600203265477,0.5806451612903226,0.7741935483870968,0.967741935483871,0.5559591638294638,4
reserve10,irradiance_first,primary,warmup,recovery_6_24,physical_availability,4,30,0.10026476055434065,0.20327908463764174,0.5666666666666667,0.7,0.9,0.5430614002801465,4
reserve10,irradiance_first,primary,warmup,recovery_6_24,physical_recovery,1,33,0.04913815763420481,0.09619366471208178,0.42424242424242425,0.8787878787878788,0.9696969696969697,0.41099200635080996,4
reserve10,irradiance_first,primary,warmup,recovery_6_24,physical_recovery,2,32,0.07613453293201343,0.1486361234670411,0.5,0.875,1.0,0.5246740408245375,4
reserve10,irradiance_first,primary,warmup,recovery_6_24,physical_recovery,3,31,0.09381482871289333,0.18669600203265477,0.5483870967741935,0.7741935483870968,0.967741935483871,0.554123070080336,4
reserve10,irradiance_first,primary,warmup,recovery_6_24,physical_recovery,4,30,0.09990695609356307,0.20327908463764174,0.5666666666666667,0.7,0.9,0.5454149059718241,4
reserve10,irradiance_first,primary,warmup,recovery_6_24,previous_day,1,33,0.1982237012848188,0.3112044024215368,0.09090909090909091,0.30303030303030304,0.6363636363636364,0.6623798881335677,4
reserve10,irradiance_first,primary,warmup,recovery_6_24,previous_day,2,32,0.1942469679102559,0.30787769982793894,0.09375,0.28125,0.65625,0.686829596454148,4
reserve10,irradiance_first,primary,warmup,recovery_6_24,previous_day,3,31,0.19253997922529897,0.3070434444364439,0.0967741935483871,0.2903225806451613,0.6774193548387096,0.711283538815284,4
reserve10,irradiance_first,primary,warmup,recovery_6_24,previous_day,4,30,0.19627756270117627,0.3158013036284722,0.06666666666666667,0.26666666666666666,0.6666666666666666,0.7119071912053572,4
reserve10,irradiance_first,primary,warmup,recovery_6_24,raw,1,33,0.04913977099699051,0.09619366471208178,0.3939393939393939,0.8181818181818182,0.9090909090909091,0.39646868944562524,4
reserve10,irradiance_first,primary,warmup,recovery_6_24,raw,2,32,0.0759461200073584,0.1486361234670411,0.46875,0.75,0.96875,0.5019474073994149,4
reserve10,irradiance_first,primary,warmup,recovery_6_24,raw,3,31,0.0931624318538628,0.18669600203265477,0.5161290322580645,0.6129032258064516,0.9032258064516129,0.5145267671093495,4
reserve10,irradiance_first,primary,warmup,recovery_6_24,raw,4,30,0.10067413791318089,0.20327908463764174,0.43333333333333335,0.6,0.8666666666666667,0.5136834111546119,4
reserve10,irradiance_first,primary,warmup,recovery_6_24,recency,1,33,0.049064054254220044,0.09619366471208178,0.42424242424242425,0.8484848484848485,0.9696969696969697,0.405093026266214,4
reserve10,irradiance_first,primary,warmup,recovery_6_24,recency,2,32,0.0762042263801242,0.1486361234670411,0.5,0.875,1.0,0.5203017742409423,4
reserve10,irradiance_first,primary,warmup,recovery_6_24,recency,3,31,0.09409492197215462,0.18669600203265477,0.5806451612903226,0.7741935483870968,0.967741935483871,0.5472066237543131,4
reserve10,irradiance_first,primary,warmup,recovery_6_24,recency,4,30,0.0997612234040614,0.20327908463764174,0.5333333333333333,0.7,0.9,0.5399828474927921,4
reserve10,irradiance_first,primary,warmup,recovery_6_24,rolling,1,33,0.04909520214812384,0.09619366471208178,0.42424242424242425,0.8181818181818182,0.9696969696969697,0.4031530502239553,4
reserve10,irradiance_first,primary,warmup,recovery_6_24,rolling,2,32,0.07629218431456963,0.1486361234670411,0.5,0.875,1.0,0.5174907057979813,4
reserve10,irradiance_first,primary,warmup,recovery_6_24,rolling,3,31,0.09432645997328709,0.18669600203265477,0.5806451612903226,0.7741935483870968,0.967741935483871,0.5446617612190582,4
reserve10,irradiance_first,primary,warmup,recovery_6_24,rolling,4,30,0.10002141367006841,0.20327908463764174,0.5333333333333333,0.7,0.9,0.5346208644493928,4
reserve10,irradiance_first,primary,warmup,recovery_6_24,single_imputation,1,33,0.05302111570909139,0.08809409450005512,0.3939393939393939,0.7575757575757576,0.8787878787878788,0.27346260210561935,4
reserve10,irradiance_first,primary,warmup,recovery_6_24,single_imputation,2,32,0.0912455544376152,0.14224017183151413,0.34375,0.5625,0.71875,0.33156058584227893,4
reserve10,irradiance_first,primary,warmup,recovery_6_24,single_imputation,3,31,0.12035132791403064,0.18111745178129016,0.3225806451612903,0.5161290322580645,0.5806451612903226,0.35289718822890354,4
reserve10,irradiance_first,primary,warmup,recovery_6_24,single_imputation,4,30,0.1405530477764047,0.20816420976213187,0.26666666666666666,0.43333333333333335,0.5666666666666667,0.3656099998302288,4
reserve10,pv_first,primary,evaluation,normal,aci_bounded,1,3038,0.0393636035925654,0.06496896626234751,0.49637919684002635,0.7959183673469388,0.8956550362080316,0.29940140256816244,0
reserve10,pv_first,primary,evaluation,normal,aci_bounded,2,3041,0.05273530116112783,0.09051958226979083,0.49654718842486023,0.7951331798750411,0.8974021703387044,0.40089151373088167,0
reserve10,pv_first,primary,evaluation,normal,aci_bounded,3,3044,0.058416998693080285,0.10280620061540634,0.4911300919842313,0.7979632063074902,0.8988173455978975,0.42965530555704345,0
reserve10,pv_first,primary,evaluation,normal,aci_bounded,4,3049,0.06122294739047756,0.10989621774123329,0.49065267300754345,0.8012463102656608,0.9039029189898328,0.44020576306535836,0
reserve10,pv_first,primary,evaluation,normal,carry_forward,1,3038,0.041738132239904344,0.06738452134765428,0.40816326530612246,0.6948650427913101,0.8446346280447663,0.3180224486164217,0
reserve10,pv_first,primary,evaluation,normal,carry_forward,2,3041,0.054213081270820085,0.09218745449567815,0.39066096678724105,0.6783952647155541,0.8322920092074976,0.3837759676817423,0
reserve10,pv_first,primary,evaluation,normal,carry_forward,3,3044,0.060112992959138196,0.10585079062329102,0.38863337713534823,0.6777266754270697,0.8203022339027596,0.4003156407406213,0
reserve10,pv_first,primary,evaluation,normal,carry_forward,4,3049,0.062240173337014065,0.11026587035827022,0.37848474909806495,0.6782551656280748,0.818629058707773,0.40469448495241334,0
reserve10,pv_first,primary,evaluation,normal,geometric_persistence,1,3038,0.05238084288709833,0.08114108153498979,0.5378538512179065,0.8581303489137591,0.9400921658986175,0.4773925884052884,0
reserve10,pv_first,primary,evaluation,normal,geometric_persistence,2,3041,0.07920810602186597,0.13240268528826352,0.5366655705360079,0.8438013811246301,0.929299572509043,0.597402734684323,0
reserve10,pv_first,primary,evaluation,normal,geometric_persistence,3,3044,0.10035271975791554,0.17795652459078826,0.5259526938239159,0.8340998685939554,0.9208278580814717,0.7074835627310153,0
reserve10,pv_first,primary,evaluation,normal,geometric_persistence,4,3049,0.11627259865998904,0.21610203824111823,0.5218104296490653,0.8261725155788783,0.917021974417842,0.7744569133662728,0
reserve10,pv_first,primary,evaluation,normal,mask50,1,3038,0.03934495318455293,0.06496896626234751,0.5062541145490455,0.8021724818959842,0.9032258064516129,0.3039339455695507,0
reserve10,pv_first,primary,evaluation,normal,mask50,2,3041,0.05270359817535597,0.09051958226979083,0.5129891483064781,0.8017099638276882,0.9043077934889839,0.4038442217943313,0
reserve10,pv_first,primary,evaluation,normal,mask50,3,3044,0.058368967198414966,0.10280620061540634,0.5065703022339028,0.807161629434954,0.9073587385019711,0.4322210541133835,0
reserve10,pv_first,primary,evaluation,normal,mask50,4,3049,0.06119288964570249,0.10989621774123329,0.49819612987864875,0.8045260741226632,0.9042308953755329,0.4399851847753533,0
reserve10,pv_first,primary,evaluation,normal,mi_recency,1,3038,0.04528244467089621,0.06886746244682794,0.5181040157998683,0.8133640552995391,0.8999341672152732,0.3069556704166119,0
reserve10,pv_first,primary,evaluation,normal,mi_recency,2,3041,0.05950587303745802,0.09432259259428331,0.5205524498520223,0.7990792502466294,0.8997040447221308,0.396352383970153,0
reserve10,pv_first,primary,evaluation,normal,mi_recency,3,3044,0.06570090913653788,0.10464471322532225,0.5183968462549278,0.8101182654402103,0.9004599211563732,0.4398131206882053,0
reserve10,pv_first,primary,evaluation,normal,mi_recency,4,3049,0.06906042703827288,0.11064292519476139,0.5188586421777632,0.8055100032797639,0.9002951787471302,0.46847642106294124,0
reserve10,pv_first,primary,evaluation,normal,multiple_imputation,1,3038,0.04573763178220013,0.06886746244682794,0.6277156023699803,0.8133640552995391,0.8663594470046083,0.2594738765054875,0
reserve10,pv_first,primary,evaluation,normal,multiple_imputation,2,3041,0.06062074513153028,0.09432259259428331,0.5573824399868464,0.7638934560999671,0.83821111476488,0.3130478376130385,0
reserve10,pv_first,primary,evaluation,normal,multiple_imputation,3,3044,0.06734950963355747,0.10464471322532225,0.5344940867279895,0.7460578186596584,0.8229303547963206,0.33290887829044397,0
reserve10,pv_first,primary,evaluation,normal,multiple_imputation,4,3049,0.07132219377142868,0.11064292519476139,0.5267300754345687,0.7359790095113152,0.8097736962938669,0.3458406993266851,0
reserve10,pv_first,primary,evaluation,normal,persistence,1,3038,0.06985810045492882,0.12647829456340715,0.5572745227123107,0.8581303489137591,0.945029624753127,0.550891058114956,0
reserve10,pv_first,primary,evaluation,normal,persistence,2,3041,0.10747933638810635,0.21182689517555703,0.5537652088128905,0.8372245971719829,0.9276553765208813,0.7065743667987404,0
reserve10,pv_first,primary,evaluation,normal,persistence,3,3044,0.13234796793394024,0.2733058383517438,0.5256241787122208,0.823587385019711,0.9204993429697766,0.8166324605538413,0
reserve10,pv_first,primary,evaluation,normal,persistence,4,3049,0.14796363649839397,0.308444095821083,0.5162348310921614,0.8179731059363726,0.9173499508035421,0.8814608172341339,0
reserve10,pv_first,primary,evaluation,normal,physical,1,3038,0.039228246385695206,0.06496896626234751,0.5026333113890717,0.804147465437788,0.9065174456879526,0.3057974999697397,0
reserve10,pv_first,primary,evaluation,normal,physical,2,3041,0.052483606192384645,0.09051958226979083,0.5077277211443604,0.8122328181519237,0.9072673462676751,0.406765538625122,0
reserve10,pv_first,primary,evaluation,normal,physical,3,3044,0.05816820693284956,0.10280620061540634,0.5039421813403416,0.8157030223390276,0.9090013140604468,0.4351125629271721,0
reserve10,pv_first,primary,evaluation,normal,physical,4,3049,0.06098109481253393,0.10989621774123329,0.507051492292555,0.81436536569367,0.9094785175467366,0.4430109016882458,0
reserve10,pv_first,primary,evaluation,normal,physical_availability,1,3038,0.0392159137906824,0.06496896626234751,0.5052666227781435,0.8061224489795918,0.9088215931533904,0.3076784544261142,0
reserve10,pv_first,primary,evaluation,normal,physical_availability,2,3041,0.052480796507140444,0.09051958226979083,0.5097007563301545,0.8122328181519237,0.909898059848734,0.40874339724621683,0
reserve10,pv_first,primary,evaluation,normal,physical_availability,3,3044,0.05816996622701607,0.10280620061540634,0.507227332457293,0.8147174770039421,0.9129434954007885,0.43692867201057317,0
reserve10,pv_first,primary,evaluation,normal,physical_availability,4,3049,0.060983419447871244,0.10989621774123329,0.5031157756641522,0.8160052476221712,0.9111183994752378,0.44487249210046703,0
reserve10,pv_first,primary,evaluation,normal,physical_recovery,1,3038,0.039213960461385325,0.06496896626234751,0.5036208031599737,0.8080974325213957,0.9088215931533904,0.3078807870907431,0
reserve10,pv_first,primary,evaluation,normal,physical_recovery,2,3041,0.05248938240825504,0.09051958226979083,0.5103584347254193,0.8132193357448207,0.9125287734297929,0.40848630306538625,0
reserve10,pv_first,primary,evaluation,normal,physical_recovery,3,3044,0.05819392888183715,0.10280620061540634,0.507227332457293,0.8163600525624178,0.9116294349540078,0.43564728180304974,0
reserve10,pv_first,primary,evaluation,normal,physical_recovery,4,3049,0.06101330019836737,0.10989621774123329,0.502787799278452,0.8117415546080682,0.9052148245326337,0.44317574093234624,0
reserve10,pv_first,primary,evaluation,normal,previous_day,1,3038,0.10134110688697791,0.1570900790391646,0.4868334430546412,0.7797893350888743,0.8788676761026991,0.660048582488124,0
reserve10,pv_first,primary,evaluation,normal,previous_day,2,3041,0.10200907763855585,0.15892750916218426,0.4952318316343308,0.7836238079579085,0.8835909240381453,0.6771370122202786,0
reserve10,pv_first,primary,evaluation,normal,previous_day,3,3044,0.10226543057104152,0.15990821607084194,0.4980289093298292,0.7917214191852825,0.8942181340341656,0.6966664665878619,0
reserve10,pv_first,primary,evaluation,normal,previous_day,4,3049,0.10282245061360588,0.1607253253200698,0.49819612987864875,0.7966546408658577,0.895703509347327,0.7067089952787506,0
reserve10,pv_first,primary,evaluation,normal,raw,1,3038,0.039596079578456685,0.06496896626234751,0.4121132323897301,0.6988150098749177,0.8505595786701777,0.2893764261213279,0
reserve10,pv_first,primary,evaluation,normal,raw,2,3041,0.053270727298274395,0.09051958226979083,0.39131864518250575,0.6803682999013483,0.8224268332785268,0.3801055794533445,0
reserve10,pv_first,primary,evaluation,normal,raw,3,3044,0.05911791007473446,0.10280620061540634,0.3748357424441524,0.6718134034165572,0.8199737187910644,0.4007677843924752,0
reserve10,pv_first,primary,evaluation,normal,raw,4,3049,0.06190880672191398,0.10989621774123329,0.37848474909806495,0.6684158740570679,0.8202689406362742,0.4056584543088102,0
reserve10,pv_first,primary,evaluation,normal,recency,1,3038,0.03935232918135205,0.06496896626234751,0.49934167215273206,0.7965766951942067,0.8982883475971034,0.3014508828199864,0
reserve10,pv_first,primary,evaluation,normal,recency,2,3041,0.052711001357634776,0.09051958226979083,0.506412364353831,0.7990792502466294,0.8987175271292338,0.4012037013191781,0
reserve10,pv_first,primary,evaluation,normal,recency,3,3044,0.058379103298181065,0.10280620061540634,0.5003285151116952,0.8025624178712221,0.9007884362680684,0.42919288270287453,0
reserve10,pv_first,primary,evaluation,normal,recency,4,3049,0.06120303434929109,0.10989621774123329,0.4978681534929485,0.798622499180059,0.8993112495900295,0.43743235247351575,0
reserve10,pv_first,primary,evaluation,normal,rolling,1,3038,0.039365475234760035,0.06496896626234751,0.5036208031599737,0.7959183673469388,0.9015799868334431,0.30090129693835466,0
reserve10,pv_first,primary,evaluation,normal,rolling,2,3041,0.052732801402409525,0.09051958226979083,0.506412364353831,0.7971062150608352,0.8990463663268662,0.4010857669551755,0
reserve10,pv_first,primary,evaluation,normal,rolling,3,3044,0.05840589349231818,0.10280620061540634,0.5045992115637319,0.8009198423127464,0.9011169513797634,0.4292925527394494,0
reserve10,pv_first,primary,evaluation,normal,rolling,4,3049,0.061208641124056926,0.10989621774123329,0.49721220072154804,0.8015742866513611,0.9019350606756313,0.43748206965004055,0
reserve10,pv_first,primary,evaluation,normal,single_imputation,1,3038,0.0458817793860889,0.0689097411429055,0.6273864384463462,0.8133640552995391,0.8670177748518763,0.2584618704237776,0
reserve10,pv_first,primary,evaluation,normal,single_imputation,2,3041,0.06071825311809337,0.09432409100008438,0.5577112791844788,0.7648799736928642,0.8375534363696152,0.3124717040983975,0
reserve10,pv_first,primary,evaluation,normal,single_imputation,3,3044,0.06739684375096437,0.1046470286223921,0.5338370565045992,0.7457293035479632,0.8226018396846255,0.33248943489956984,0
reserve10,pv_first,primary,evaluation,normal,single_imputation,4,3049,0.07134557568277139,0.11062585670994167,0.5280419809773697,0.7346671039685143,0.8074778615939653,0.3454545100355209,0
reserve10,pv_first,primary,evaluation,outage,aci_bounded,1,301,0.06980996215129574,0.1389758663068556,0.5448504983388704,0.840531561461794,0.9435215946843853,0.5227075718393558,47
reserve10,pv_first,primary,evaluation,outage,aci_bounded,2,298,0.06820183259561224,0.13752853152221994,0.540268456375839,0.8154362416107382,0.9295302013422819,0.49290823439074927,46
reserve10,pv_first,primary,evaluation,outage,aci_bounded,3,297,0.06789946570449229,0.1359482289270497,0.5252525252525253,0.8047138047138047,0.9427609427609428,0.4944702886167355,45
reserve10,pv_first,primary,evaluation,outage,aci_bounded,4,297,0.06722473300283895,0.13216526579252993,0.494949494949495,0.8047138047138047,0.9326599326599326,0.4888828940110795,44
reserve10,pv_first,primary,evaluation,outage,carry_forward,1,301,0.07534917239998723,0.14051375430643545,0.42857142857142855,0.717607973421927,0.8272425249169435,0.4649178646821881,47
reserve10,pv_first,primary,evaluation,outage,carry_forward,2,298,0.06906209335198789,0.13749544376097292,0.4429530201342282,0.7214765100671141,0.8691275167785235,0.4587975314017454,46
reserve10,pv_first,primary,evaluation,outage,carry_forward,3,297,0.06806546365279076,0.13421500502282094,0.35353535353535354,0.696969696969697,0.8114478114478114,0.43483522554215953,45
reserve10,pv_first,primary,evaluation,outage,carry_forward,4,297,0.06896777082799323,0.13717975482918282,0.3468013468013468,0.6835016835016835,0.8249158249158249,0.4263904863661442,44
reserve10,pv_first,primary,evaluation,outage,geometric_persistence,1,301,0.18671380711611907,0.2754548013533605,0.2757475083056478,0.43853820598006643,0.5880398671096345,0.3750937594303075,47
reserve10,pv_first,primary,evaluation,outage,geometric_persistence,2,298,0.16049697490357426,0.2815157092120766,0.3624161073825503,0.5838926174496645,0.6812080536912751,0.47218331992513496,46
reserve10,pv_first,primary,evaluation,outage,geometric_persistence,3,297,0.13705239806922379,0.27003997926129064,0.42424242424242425,0.6902356902356902,0.7946127946127947,0.5786446981645467,45
reserve10,pv_first,primary,evaluation,outage,geometric_persistence,4,297,0.11669346380720041,0.24613287708503992,0.5488215488215489,0.7912457912457912,0.8922558922558923,0.6586027438353587,44
reserve10,pv_first,primary,evaluation,outage,mask50,1,301,0.06981656902793813,0.1389758663068556,0.5415282392026578,0.8471760797342193,0.9534883720930233,0.5255685049460738,47
reserve10,pv_first,primary,evaluation,outage,mask50,2,298,0.06816761716241163,0.13752853152221994,0.5503355704697986,0.8221476510067114,0.9328859060402684,0.49381940925671214,46
reserve10,pv_first,primary,evaluation,outage,mask50,3,297,0.06784945299662111,0.1359482289270497,0.5252525252525253,0.8148148148148148,0.9494949494949495,0.4944558277990645,45
reserve10,pv_first,primary,evaluation,outage,mask50,4,297,0.06713142269049804,0.13216526579252993,0.49158249158249157,0.8047138047138047,0.9393939393939394,0.48746951092883817,44
reserve10,pv_first,primary,evaluation,outage,mi_recency,1,301,0.07546029145367444,0.12727137403259337,0.4186046511627907,0.7774086378737541,0.8903654485049833,0.5061014269655174,47
reserve10,pv_first,primary,evaluation,outage,mi_recency,2,298,0.07231068452785984,0.12303462192368618,0.4664429530201342,0.7550335570469798,0.9161073825503355,0.49931398667195254,46
reserve10,pv_first,primary,evaluation,outage,mi_recency,3,297,0.07403019770869244,0.12520215206355179,0.48148148148148145,0.7474747474747475,0.898989898989899,0.4986764415407927,45
reserve10,pv_first,primary,evaluation,outage,mi_recency,4,297,0.0746525468309688,0.12586882819960296,0.4478114478114478,0.7878787878787878,0.9124579124579124,0.5079630888444564,44
reserve10,pv_first,primary,evaluation,outage,multiple_imputation,1,301,0.07524528892644582,0.12727137403259337,0.5415282392026578,0.7906976744186046,0.867109634551495,0.4565328843171002,47
reserve10,pv_first,primary,evaluation,outage,multiple_imputation,2,298,0.0727264510042479,0.12303462192368618,0.5100671140939598,0.7449664429530202,0.8557046979865772,0.411424851039306,46
reserve10,pv_first,primary,evaluation,outage,multiple_imputation,3,297,0.07567305432970002,0.12520215206355179,0.4983164983164983,0.6767676767676768,0.8013468013468014,0.3904974084484624,45
reserve10,pv_first,primary,evaluation,outage,multiple_imputation,4,297,0.07627259313696992,0.12586882819960296,0.48148148148148145,0.6666666666666666,0.8181818181818182,0.3802404346308965,44
reserve10,pv_first,primary,evaluation,outage,persistence,1,301,0.2042347746124384,0.316572519475261,0.3122923588039867,0.43853820598006643,0.5681063122923588,0.4230816328340055,47
reserve10,pv_first,primary,evaluation,outage,persistence,2,298,0.16186228292889207,0.30176357555878475,0.4228187919463087,0.6006711409395973,0.7046979865771812,0.5451412820519734,46
reserve10,pv_first,primary,evaluation,outage,persistence,3,297,0.13256478733249263,0.2730749577516233,0.5151515151515151,0.7306397306397306,0.8282828282828283,0.6409138261522717,45
reserve10,pv_first,primary,evaluation,outage,persistence,4,297,0.11601816222979333,0.23817871233164983,0.6397306397306397,0.8383838383838383,0.9158249158249159,0.7047049393232923,44
reserve10,pv_first,primary,evaluation,outage,physical,1,301,0.06988719872760478,0.1389758663068556,0.5448504983388704,0.8504983388704319,0.9534883720930233,0.5272231416020183,47
reserve10,pv_first,primary,evaluation,outage,physical,2,298,0.06821211298439528,0.13752853152221994,0.5570469798657718,0.8322147651006712,0.9261744966442953,0.49584330484411365,46
reserve10,pv_first,primary,evaluation,outage,physical,3,297,0.06785987416083337,0.1359482289270497,0.5286195286195287,0.8316498316498316,0.9494949494949495,0.4962366431141143,45
reserve10,pv_first,primary,evaluation,outage,physical,4,297,0.06709165868813068,0.13216526579252993,0.4882154882154882,0.8181818181818182,0.9427609427609428,0.4900605726375458,44
reserve10,pv_first,primary,evaluation,outage,physical_availability,1,301,0.069849460754464,0.1389758663068556,0.5382059800664452,0.8372093023255814,0.9435215946843853,0.5227210934150788,47
reserve10,pv_first,primary,evaluation,outage,physical_availability,2,298,0.06826348835466486,0.13752853152221994,0.5436241610738255,0.8187919463087249,0.9228187919463087,0.4924472396249092,46
reserve10,pv_first,primary,evaluation,outage,physical_availability,3,297,0.06792166172056965,0.1359482289270497,0.5117845117845118,0.835016835016835,0.9427609427609428,0.49290088511121666,45
reserve10,pv_first,primary,evaluation,outage,physical_availability,4,297,0.06704446053404464,0.13216526579252993,0.4983164983164983,0.8249158249158249,0.9393939393939394,0.48654884972552437,44
reserve10,pv_first,primary,evaluation,outage,physical_recovery,1,301,0.069849460754464,0.1389758663068556,0.5382059800664452,0.8372093023255814,0.9435215946843853,0.5227210934150788,47
reserve10,pv_first,primary,evaluation,outage,physical_recovery,2,298,0.06826348835466486,0.13752853152221994,0.5436241610738255,0.8187919463087249,0.9228187919463087,0.4924472396249092,46
reserve10,pv_first,primary,evaluation,outage,physical_recovery,3,297,0.06792166172056965,0.1359482289270497,0.5117845117845118,0.835016835016835,0.9427609427609428,0.49290088511121666,45
reserve10,pv_first,primary,evaluation,outage,physical_recovery,4,297,0.06704446053404464,0.13216526579252993,0.4983164983164983,0.8249158249158249,0.9393939393939394,0.48654884972552437,44
reserve10,pv_first,primary,evaluation,outage,previous_day,1,301,0.09975009232551076,0.15763426135451272,0.4684385382059801,0.760797342192691,0.8770764119601329,0.6416006580446132,47
reserve10,pv_first,primary,evaluation,outage,previous_day,2,298,0.1011843568921459,0.16060154485308803,0.48322147651006714,0.7785234899328859,0.8758389261744967,0.665062843202201,46
reserve10,pv_first,primary,evaluation,outage,previous_day,3,297,0.10182802512668493,0.16264500405944363,0.46464646464646464,0.7912457912457912,0.8821548821548821,0.6794921313331727,45
reserve10,pv_first,primary,evaluation,outage,previous_day,4,297,0.10002731029235093,0.1595339000964506,0.45791245791245794,0.8013468013468014,0.8922558922558923,0.6828772356611752,44
reserve10,pv_first,primary,evaluation,outage,raw,1,301,0.06970846141928175,0.1389758663068556,0.5049833887043189,0.7906976744186046,0.9136212624584718,0.5129707786401817,47
reserve10,pv_first,primary,evaluation,outage,raw,2,298,0.06818513594840477,0.13752853152221994,0.4697986577181208,0.7550335570469798,0.8791946308724832,0.4730595609160716,46
reserve10,pv_first,primary,evaluation,outage,raw,3,297,0.06764361104782105,0.1359482289270497,0.43097643097643096,0.7239057239057239,0.8888888888888888,0.4665905980348166,45
reserve10,pv_first,primary,evaluation,outage,raw,4,297,0.066962611151015,0.13216526579252993,0.42424242424242425,0.7138047138047138,0.8619528619528619,0.4564779858711298,44
reserve10,pv_first,primary,evaluation,outage,recency,1,301,0.06984474782275654,0.1389758663068556,0.5415282392026578,0.8372093023255814,0.9501661129568106,0.5261013085329932,47
reserve10,pv_first,primary,evaluation,outage,recency,2,298,0.06819906468897663,0.13752853152221994,0.5503355704697986,0.8221476510067114,0.9295302013422819,0.4942222667368645,46
reserve10,pv_first,primary,evaluation,outage,recency,3,297,0.06788447051892448,0.1359482289270497,0.531986531986532,0.8148148148148148,0.9494949494949495,0.49514397085666845,45
reserve10,pv_first,primary,evaluation,outage,recency,4,297,0.06717957211408206,0.13216526579252993,0.4983164983164983,0.8114478114478114,0.9393939393939394,0.4885013832390388,44
reserve10,pv_first,primary,evaluation,outage,rolling,1,301,0.06979708515563894,0.1389758663068556,0.5481727574750831,0.840531561461794,0.946843853820598,0.5240299157744563,47
reserve10,pv_first,primary,evaluation,outage,rolling,2,298,0.06816568385797313,0.13752853152221994,0.5469798657718121,0.8087248322147651,0.9261744966442953,0.492932518182852,46
reserve10,pv_first,primary,evaluation,outage,rolling,3,297,0.06785816390848223,0.1359482289270497,0.5252525252525253,0.8047138047138047,0.9494949494949495,0.4942658752369659,45
reserve10,pv_first,primary,evaluation,outage,rolling,4,297,0.06714451380904031,0.13216526579252993,0.5016835016835017,0.8013468013468014,0.9326599326599326,0.48681098237912224,44
reserve10,pv_first,primary,evaluation,outage,single_imputation,1,301,0.08496743506029306,0.12336520109569714,0.4318936877076412,0.5913621262458472,0.6843853820598007,0.26564359141891997,47
reserve10,pv_first,primary,evaluation,outage,single_imputation,2,298,0.08015580672641655,0.12270640495485256,0.46308724832214765,0.6208053691275168,0.738255033557047,0.3175599018007508,46
reserve10,pv_first,primary,evaluation,outage,single_imputation,3,297,0.08064265270469376,0.1258424949897762,0.4511784511784512,0.6498316498316499,0.7306397306397306,0.33761439961673334,45
reserve10,pv_first,primary,evaluation,outage,single_imputation,4,297,0.08126685692991728,0.12748753289273834,0.4444444444444444,0.6599326599326599,0.7676767676767676,0.34861067728359707,44
reserve10,pv_first,primary,evaluation,partial_restoration,aci_bounded,1,71,0.04876766770360738,0.07779458640990407,0.5633802816901409,0.8732394366197183,0.9436619718309859,0.40624098312903445,27
reserve10,pv_first,primary,evaluation,partial_restoration,aci_bounded,2,71,0.04896065107095173,0.09246368513522381,0.5070422535211268,0.9295774647887324,0.9577464788732394,0.4120460955096847,28
reserve10,pv_first,primary,evaluation,partial_restoration,aci_bounded,3,69,0.04794620733720243,0.09087916971058273,0.5942028985507246,0.9420289855072463,0.9855072463768116,0.456800493130242,28
reserve10,pv_first,primary,evaluation,partial_restoration,aci_bounded,4,64,0.051240987136569924,0.09517813039932331,0.6875,0.96875,0.984375,0.49668849272966653,25
reserve10,pv_first,primary,evaluation,partial_restoration,carry_forward,1,71,0.07372122720168846,0.14966024065585462,0.352112676056338,0.647887323943662,0.7605633802816901,0.3905379697622015,27
reserve10,pv_first,primary,evaluation,partial_restoration,carry_forward,2,71,0.06359455452115918,0.1322050016163288,0.38028169014084506,0.6338028169014085,0.9154929577464789,0.384148963091397,28
reserve10,pv_first,primary,evaluation,partial_restoration,carry_forward,3,69,0.06432013239230468,0.1284279840463476,0.4927536231884058,0.7101449275362319,0.8260869565217391,0.3918167307566867,28
reserve10,pv_first,primary,evaluation,partial_restoration,carry_forward,4,64,0.06331086157669115,0.12775452156218287,0.5,0.8125,0.96875,0.43805188776121207,25
reserve10,pv_first,primary,evaluation,partial_restoration,geometric_persistence,1,71,0.05541786399257489,0.09051365130277615,0.4647887323943662,0.7887323943661971,0.9436619718309859,0.47815491761895434,27
reserve10,pv_first,primary,evaluation,partial_restoration,geometric_persistence,2,71,0.07325689932147239,0.13241153328169716,0.49295774647887325,0.8028169014084507,0.9295774647887324,0.5808971386337491,28
reserve10,pv_first,primary,evaluation,partial_restoration,geometric_persistence,3,69,0.0854957919469331,0.15407226553320136,0.5652173913043478,0.7971014492753623,0.9130434782608695,0.6685498637677499,28
reserve10,pv_first,primary,evaluation,partial_restoration,geometric_persistence,4,64,0.09460174400681755,0.17242833292411872,0.640625,0.8125,0.953125,0.7344431985993393,25
reserve10,pv_first,primary,evaluation,partial_restoration,mask50,1,71,0.04877814403540891,0.07779458640990407,0.5633802816901409,0.8732394366197183,0.9577464788732394,0.4091279084239655,27
reserve10,pv_first,primary,evaluation,partial_restoration,mask50,2,71,0.04887320923548504,0.09246368513522381,0.5352112676056338,0.9295774647887324,0.9577464788732394,0.4115015290059404,28
reserve10,pv_first,primary,evaluation,partial_restoration,mask50,3,69,0.04780868360635114,0.09087916971058273,0.5942028985507246,0.9420289855072463,0.9855072463768116,0.4546037449880036,28
reserve10,pv_first,primary,evaluation,partial_restoration,mask50,4,64,0.05105243444774818,0.09517813039932331,0.6875,0.96875,1.0,0.49394058929508666,25
reserve10,pv_first,primary,evaluation,partial_restoration,mi_recency,1,71,0.04901694432572661,0.07705967486973472,0.4788732394366197,0.7605633802816901,0.8873239436619719,0.3237494219855126,27
reserve10,pv_first,primary,evaluation,partial_restoration,mi_recency,2,71,0.05449145056632005,0.09707850255937207,0.38028169014084506,0.8309859154929577,0.9436619718309859,0.4054265015279291,28
reserve10,pv_first,primary,evaluation,partial_restoration,mi_recency,3,69,0.052411506198819596,0.09306425911996223,0.391304347826087,0.8840579710144928,0.9565217391304348,0.44738501083421317,28
reserve10,pv_first,primary,evaluation,partial_restoration,mi_recency,4,64,0.05461413694257708,0.09917304297095612,0.46875,0.859375,1.0,0.4901910871547288,25
reserve10,pv_first,primary,evaluation,partial_restoration,multiple_imputation,1,71,0.04980506311827222,0.07705967486973472,0.5915492957746479,0.7464788732394366,0.8591549295774648,0.2683087518269221,27
reserve10,pv_first,primary,evaluation,partial_restoration,multiple_imputation,2,71,0.05570629772393848,0.09707850255937207,0.4507042253521127,0.7464788732394366,0.8732394366197183,0.3122157864593656,28
reserve10,pv_first,primary,evaluation,partial_restoration,multiple_imputation,3,69,0.0526718665930008,0.09306425911996223,0.463768115942029,0.782608695652174,0.8985507246376812,0.33152192001682734,28
reserve10,pv_first,primary,evaluation,partial_restoration,multiple_imputation,4,64,0.05433612514556961,0.09917304297095612,0.484375,0.703125,0.875,0.3501447868610062,25
reserve10,pv_first,primary,evaluation,partial_restoration,persistence,1,71,0.06866832317239746,0.12968517790283368,0.4647887323943662,0.8873239436619719,0.9577464788732394,0.5595459807344062,27
reserve10,pv_first,primary,evaluation,partial_restoration,persistence,2,71,0.10284289232187768,0.20556989009683097,0.5915492957746479,0.8309859154929577,0.9436619718309859,0.7072248866155263,28
reserve10,pv_first,primary,evaluation,partial_restoration,persistence,3,69,0.120418483299597,0.251587910921325,0.5362318840579711,0.855072463768116,0.9420289855072463,0.7952793667184264,28
reserve10,pv_first,primary,evaluation,partial_restoration,persistence,4,64,0.128023584917889,0.2613538036714099,0.625,0.875,0.921875,0.8421446708612349,25
reserve10,pv_first,primary,evaluation,partial_restoration,physical,1,71,0.0486099657943029,0.07779458640990407,0.5633802816901409,0.8873239436619719,0.9577464788732394,0.4100400226020151,27
reserve10,pv_first,primary,evaluation,partial_restoration,physical,2,71,0.048772348832163415,0.09246368513522381,0.5352112676056338,0.9154929577464789,0.971830985915493,0.4137215002497288,28
reserve10,pv_first,primary,evaluation,partial_restoration,physical,3,69,0.04787379977792497,0.09087916971058273,0.6231884057971014,0.9420289855072463,0.9855072463768116,0.4556197489110367,28
reserve10,pv_first,primary,evaluation,partial_restoration,physical,4,64,0.05097164029714896,0.09517813039932331,0.65625,0.96875,1.0,0.493995886571098,25
reserve10,pv_first,primary,evaluation,partial_restoration,physical_availability,1,71,0.04860412189613977,0.07779458640990407,0.5633802816901409,0.8873239436619719,0.9577464788732394,0.408989995170949,27
reserve10,pv_first,primary,evaluation,partial_restoration,physical_availability,2,71,0.0486964680580133,0.09246368513522381,0.5352112676056338,0.9154929577464789,0.971830985915493,0.4098989452749743,28
reserve10,pv_first,primary,evaluation,partial_restoration,physical_availability,3,69,0.04763926090713001,0.09087916971058273,0.5942028985507246,0.9420289855072463,0.9855072463768116,0.45285306939794556,28
reserve10,pv_first,primary,evaluation,partial_restoration,physical_availability,4,64,0.05074549027850943,0.09517813039932331,0.625,0.96875,0.984375,0.49013096886655394,25
reserve10,pv_first,primary,evaluation,partial_restoration,physical_recovery,1,71,0.04860412189613977,0.07779458640990407,0.5633802816901409,0.8873239436619719,0.9577464788732394,0.408989995170949,27
reserve10,pv_first,primary,evaluation,partial_restoration,physical_recovery,2,71,0.0486964680580133,0.09246368513522381,0.5352112676056338,0.9154929577464789,0.971830985915493,0.4098989452749743,28
reserve10,pv_first,primary,evaluation,partial_restoration,physical_recovery,3,69,0.04763926090713001,0.09087916971058273,0.5942028985507246,0.9420289855072463,0.9855072463768116,0.45285306939794556,28
reserve10,pv_first,primary,evaluation,partial_restoration,physical_recovery,4,64,0.05074549027850943,0.09517813039932331,0.625,0.96875,0.984375,0.49013096886655394,25
reserve10,pv_first,primary,evaluation,partial_restoration,previous_day,1,71,0.09163095329797236,0.14298944669265592,0.49295774647887325,0.8450704225352113,0.8732394366197183,0.6197133623511905,27
reserve10,pv_first,primary,evaluation,partial_restoration,previous_day,2,71,0.07439050005713597,0.11937704854753521,0.4788732394366197,0.8732394366197183,0.9154929577464789,0.6046955468199823,28
reserve10,pv_first,primary,evaluation,partial_restoration,previous_day,3,69,0.06140152101788179,0.0919144681008454,0.5072463768115942,0.9130434782608695,0.9710144927536232,0.618567127419772,28
reserve10,pv_first,primary,evaluation,partial_restoration,previous_day,4,64,0.07036662385190795,0.1082088411748977,0.46875,0.875,0.984375,0.6583462543666294,25
reserve10,pv_first,primary,evaluation,partial_restoration,raw,1,71,0.04843339192352923,0.07779458640990407,0.5492957746478874,0.8450704225352113,0.9295774647887324,0.3953393317970297,27
reserve10,pv_first,primary,evaluation,partial_restoration,raw,2,71,0.04819933247363633,0.09246368513522381,0.4507042253521127,0.8028169014084507,0.9154929577464789,0.3916090561312515,28
reserve10,pv_first,primary,evaluation,partial_restoration,raw,3,69,0.046920316113611846,0.09087916971058273,0.4492753623188406,0.855072463768116,0.9855072463768116,0.42957608678362247,28
reserve10,pv_first,primary,evaluation,partial_restoration,raw,4,64,0.04965358303092559,0.09517813039932331,0.53125,0.921875,0.96875,0.46443109966877844,25
reserve10,pv_first,primary,evaluation,partial_restoration,recency,1,71,0.04875329936666199,0.07779458640990407,0.5633802816901409,0.8732394366197183,0.9577464788732394,0.41001971662810216,27
reserve10,pv_first,primary,evaluation,partial_restoration,recency,2,71,0.04888889539434211,0.09246368513522381,0.5492957746478874,0.9295774647887324,0.971830985915493,0.41238077462424577,28
reserve10,pv_first,primary,evaluation,partial_restoration,recency,3,69,0.04788610762719446,0.09087916971058273,0.5942028985507246,0.9420289855072463,0.9855072463768116,0.45584947956382676,28
reserve10,pv_first,primary,evaluation,partial_restoration,recency,4,64,0.05113146184116354,0.09517813039932331,0.703125,0.96875,1.0,0.49511481941429897,25
reserve10,pv_first,primary,evaluation,partial_restoration,rolling,1,71,0.04876468071592941,0.07779458640990407,0.5492957746478874,0.8873239436619719,0.9436619718309859,0.4077962199180632,27
reserve10,pv_first,primary,evaluation,partial_restoration,rolling,2,71,0.048947985678849455,0.09246368513522381,0.5211267605633803,0.9295774647887324,0.9577464788732394,0.4122905844862923,28
reserve10,pv_first,primary,evaluation,partial_restoration,rolling,3,69,0.047966721958935636,0.09087916971058273,0.5942028985507246,0.9420289855072463,0.9855072463768116,0.4560468833810468,28
reserve10,pv_first,primary,evaluation,partial_restoration,rolling,4,64,0.051220158334338316,0.09517813039932331,0.6875,0.96875,0.984375,0.4951963675155057,25
reserve10,pv_first,primary,evaluation,partial_restoration,single_imputation,1,71,0.05148446525624483,0.07941292515041011,0.5492957746478874,0.7605633802816901,0.8309859154929577,0.2627554512350616,27
reserve10,pv_first,primary,evaluation,partial_restoration,single_imputation,2,71,0.05896646919770384,0.09971271987625104,0.4788732394366197,0.704225352112676,0.8028169014084507,0.30252509920752174,28
reserve10,pv_first,primary,evaluation,partial_restoration,single_imputation,3,69,0.053675621901571595,0.09300816794083491,0.4782608695652174,0.782608695652174,0.8695652173913043,0.3203154322338932,28
reserve10,pv_first,primary,evaluation,partial_restoration,single_imputation,4,64,0.0548346527678658,0.09822353771761937,0.5,0.6875,0.890625,0.33753280013844217,25
reserve10,pv_first,primary,evaluation,recovery_0_6,aci_bounded,1,120,0.03707569714127342,0.0615717824477212,0.5333333333333333,0.8666666666666667,0.9666666666666667,0.34147448047268986,29
reserve10,pv_first,primary,evaluation,recovery_0_6,aci_bounded,2,121,0.05296696089317129,0.10022259850947338,0.5041322314049587,0.8842975206611571,0.9586776859504132,0.43994811289075786,31
reserve10,pv_first,primary,evaluation,recovery_0_6,aci_bounded,3,120,0.06043029710755678,0.10905793162666347,0.5333333333333333,0.8833333333333333,0.9583333333333334,0.49048566043638614,27
reserve10,pv_first,primary,evaluation,recovery_0_6,aci_bounded,4,123,0.06502106910589638,0.12361286369484707,0.5365853658536586,0.8699186991869918,0.943089430894309,0.5097741136325891,27
reserve10,pv_first,primary,evaluation,recovery_0_6,carry_forward,1,120,0.039860807375809486,0.07156124741212917,0.4166666666666667,0.75,0.9083333333333333,0.32984136673804015,29
reserve10,pv_first,primary,evaluation,recovery_0_6,carry_forward,2,121,0.0544793938785235,0.10307801042961129,0.4132231404958678,0.7520661157024794,0.9090909090909091,0.4164458889605556,31
reserve10,pv_first,primary,evaluation,recovery_0_6,carry_forward,3,120,0.06230051778390371,0.1152137182923976,0.425,0.7833333333333333,0.8916666666666667,0.440777386133239,27
reserve10,pv_first,primary,evaluation,recovery_0_6,carry_forward,4,123,0.06882312581791843,0.1318107862195352,0.43089430894308944,0.7235772357723578,0.8699186991869918,0.4458920735367036,27
reserve10,pv_first,primary,evaluation,recovery_0_6,geometric_persistence,1,120,0.04818894908052349,0.07544002937639899,0.5,0.8833333333333333,0.9583333333333334,0.5161949164769662,29
reserve10,pv_first,primary,evaluation,recovery_0_6,geometric_persistence,2,121,0.07384565978598352,0.12678296533396055,0.5041322314049587,0.8842975206611571,0.9421487603305785,0.6316268348797278,31
reserve10,pv_first,primary,evaluation,recovery_0_6,geometric_persistence,3,120,0.09586806451454268,0.16983905022823403,0.4583333333333333,0.8666666666666667,0.95,0.7493061195688759,27
reserve10,pv_first,primary,evaluation,recovery_0_6,geometric_persistence,4,123,0.11125825187360021,0.20399252225392556,0.5447154471544715,0.8780487804878049,0.943089430894309,0.8209412999139795,27
reserve10,pv_first,primary,evaluation,recovery_0_6,mask50,1,120,0.03707823406932434,0.0615717824477212,0.5333333333333333,0.8666666666666667,0.9666666666666667,0.3433128193998811,29
reserve10,pv_first,primary,evaluation,recovery_0_6,mask50,2,121,0.052975531764864435,0.10022259850947338,0.5371900826446281,0.8925619834710744,0.9586776859504132,0.44041293833460654,31
reserve10,pv_first,primary,evaluation,recovery_0_6,mask50,3,120,0.060516166055988724,0.10905793162666347,0.5416666666666666,0.875,0.95,0.4905588609867422,27
reserve10,pv_first,primary,evaluation,recovery_0_6,mask50,4,123,0.06505584982057755,0.12361286369484707,0.5691056910569106,0.8617886178861789,0.943089430894309,0.5071046409024382,27
reserve10,pv_first,primary,evaluation,recovery_0_6,mi_recency,1,120,0.04101341173251612,0.06515511808331925,0.5333333333333333,0.8333333333333334,0.9166666666666666,0.31564271085731244,29
reserve10,pv_first,primary,evaluation,recovery_0_6,mi_recency,2,121,0.057110075455651346,0.09619823807027665,0.47107438016528924,0.7851239669421488,0.8925619834710744,0.411565431353319,31
reserve10,pv_first,primary,evaluation,recovery_0_6,mi_recency,3,120,0.06543362359312939,0.10795974686957824,0.5166666666666667,0.7583333333333333,0.9,0.4565977354316217,27
reserve10,pv_first,primary,evaluation,recovery_0_6,mi_recency,4,123,0.07040219518040439,0.11809293302707001,0.4715447154471545,0.7642276422764228,0.8861788617886179,0.49011225796962615,27
reserve10,pv_first,primary,evaluation,recovery_0_6,multiple_imputation,1,120,0.040719469997098655,0.06515511808331925,0.6083333333333333,0.8166666666666667,0.875,0.265462836412764,29
reserve10,pv_first,primary,evaluation,recovery_0_6,multiple_imputation,2,121,0.05789019963488153,0.09619823807027665,0.48760330578512395,0.768595041322314,0.8181818181818182,0.3203915882462042,31
reserve10,pv_first,primary,evaluation,recovery_0_6,multiple_imputation,3,120,0.06691241749514129,0.10795974686957824,0.5166666666666667,0.7083333333333334,0.8083333333333333,0.3366672324840046,27
reserve10,pv_first,primary,evaluation,recovery_0_6,multiple_imputation,4,123,0.07375772954246446,0.11809293302707001,0.4634146341463415,0.6666666666666666,0.7886178861788617,0.3483807109027748,27
reserve10,pv_first,primary,evaluation,recovery_0_6,persistence,1,120,0.06520139192340738,0.12007985378472222,0.525,0.875,0.975,0.5882481754938614,29
reserve10,pv_first,primary,evaluation,recovery_0_6,persistence,2,121,0.0992830355761274,0.1987932675705923,0.5619834710743802,0.8512396694214877,0.9586776859504132,0.7263004785369931,31
reserve10,pv_first,primary,evaluation,recovery_0_6,persistence,3,120,0.12558982025088133,0.2562193662859623,0.5666666666666667,0.8333333333333334,0.95,0.8471637736703248,27
reserve10,pv_first,primary,evaluation,recovery_0_6,persistence,4,123,0.14304207411565056,0.2940400284903697,0.5447154471544715,0.8292682926829268,0.943089430894309,0.9194873121455185,27
reserve10,pv_first,primary,evaluation,recovery_0_6,physical,1,120,0.0371569665992128,0.0615717824477212,0.55,0.85,0.9666666666666667,0.3466352038801249,29
reserve10,pv_first,primary,evaluation,recovery_0_6,physical,2,121,0.0530377773657233,0.10022259850947338,0.5289256198347108,0.9008264462809917,0.9669421487603306,0.4472684528426738,31
reserve10,pv_first,primary,evaluation,recovery_0_6,physical,3,120,0.06048508303249242,0.10905793162666347,0.5416666666666666,0.8833333333333333,0.975,0.4967369047752308,27
reserve10,pv_first,primary,evaluation,recovery_0_6,physical,4,123,0.06502761909013927,0.12361286369484707,0.5934959349593496,0.8780487804878049,0.943089430894309,0.5143555047748464,27
reserve10,pv_first,primary,evaluation,recovery_0_6,physical_availability,1,120,0.03707622131472405,0.0615717824477212,0.5583333333333333,0.8583333333333333,0.9666666666666667,0.34502855311669894,29
reserve10,pv_first,primary,evaluation,recovery_0_6,physical_availability,2,121,0.05290412577617458,0.10022259850947338,0.5371900826446281,0.9008264462809917,0.9586776859504132,0.4441797102113894,31
reserve10,pv_first,primary,evaluation,recovery_0_6,physical_availability,3,120,0.06040432202783078,0.10905793162666347,0.5416666666666666,0.875,0.95,0.49437744631398484,27
reserve10,pv_first,primary,evaluation,recovery_0_6,physical_availability,4,123,0.06493769460315897,0.12361286369484707,0.5853658536585366,0.8780487804878049,0.9349593495934959,0.5118490914191378,27
reserve10,pv_first,primary,evaluation,recovery_0_6,physical_recovery,1,120,0.03710301420290569,0.0615717824477212,0.5583333333333333,0.8583333333333333,0.9666666666666667,0.3447504480495263,29
reserve10,pv_first,primary,evaluation,recovery_0_6,physical_recovery,2,121,0.052997636778400206,0.10022259850947338,0.5371900826446281,0.8842975206611571,0.9586776859504132,0.4429302461094128,31
reserve10,pv_first,primary,evaluation,recovery_0_6,physical_recovery,3,120,0.06053302234219178,0.10905793162666347,0.5416666666666666,0.875,0.9583333333333334,0.4944880961008003,27
reserve10,pv_first,primary,evaluation,recovery_0_6,physical_recovery,4,123,0.06512589736950804,0.12361286369484707,0.5934959349593496,0.8780487804878049,0.9349593495934959,0.5132425349216359,27
reserve10,pv_first,primary,evaluation,recovery_0_6,previous_day,1,120,0.07840841012871934,0.11915870350198413,0.49166666666666664,0.8333333333333334,0.925,0.6816036072715154,29
reserve10,pv_first,primary,evaluation,recovery_0_6,previous_day,2,121,0.08913414646080177,0.1352240334870622,0.5289256198347108,0.8181818181818182,0.9008264462809917,0.6995170559345483,31
reserve10,pv_first,primary,evaluation,recovery_0_6,previous_day,3,120,0.10004549296005173,0.15392724497891866,0.525,0.7916666666666666,0.8916666666666667,0.7310694494494043,27
reserve10,pv_first,primary,evaluation,recovery_0_6,previous_day,4,123,0.10228526373142041,0.15804923789622047,0.5284552845528455,0.7804878048780488,0.8861788617886179,0.7340689940899632,27
reserve10,pv_first,primary,evaluation,recovery_0_6,raw,1,120,0.03703657112488726,0.0615717824477212,0.4666666666666667,0.7833333333333333,0.9333333333333333,0.33071397196861935,29
reserve10,pv_first,primary,evaluation,recovery_0_6,raw,2,121,0.052674279585140746,0.10022259850947338,0.4049586776859504,0.8099173553719008,0.9338842975206612,0.41904917343381576,31
reserve10,pv_first,primary,evaluation,recovery_0_6,raw,3,120,0.06023325110645483,0.10905793162666347,0.425,0.75,0.8916666666666667,0.4618876814735437,27
reserve10,pv_first,primary,evaluation,recovery_0_6,raw,4,123,0.065015233278709,0.12361286369484707,0.43089430894308944,0.7235772357723578,0.8780487804878049,0.4742184257658738,27
reserve10,pv_first,primary,evaluation,recovery_0_6,recency,1,120,0.03709613726686557,0.0615717824477212,0.55,0.85,0.9666666666666667,0.34325202240461977,29
reserve10,pv_first,primary,evaluation,recovery_0_6,recency,2,121,0.05306817846373173,0.10022259850947338,0.5289256198347108,0.8677685950413223,0.9586776859504132,0.4398679530047642,31
reserve10,pv_first,primary,evaluation,recovery_0_6,recency,3,120,0.060495235328550084,0.10905793162666347,0.525,0.875,0.95,0.4898659760931089,27
reserve10,pv_first,primary,evaluation,recovery_0_6,recency,4,123,0.06511599312130939,0.12361286369484707,0.5528455284552846,0.8617886178861789,0.943089430894309,0.506787161342706,27
reserve10,pv_first,primary,evaluation,recovery_0_6,rolling,1,120,0.037090514853527504,0.0615717824477212,0.5416666666666666,0.8666666666666667,0.9666666666666667,0.34314339840897357,29
reserve10,pv_first,primary,evaluation,recovery_0_6,rolling,2,121,0.05295629233637421,0.10022259850947338,0.5206611570247934,0.8925619834710744,0.9586776859504132,0.44051784276043265,31
reserve10,pv_first,primary,evaluation,recovery_0_6,rolling,3,120,0.060394440194261836,0.10905793162666347,0.5333333333333333,0.9,0.9666666666666667,0.4904374787242172,27
reserve10,pv_first,primary,evaluation,recovery_0_6,rolling,4,123,0.06495724053512232,0.12361286369484707,0.5528455284552846,0.8699186991869918,0.943089430894309,0.5064751644525989,27
reserve10,pv_first,primary,evaluation,recovery_0_6,single_imputation,1,120,0.040778621360862126,0.06525750299483987,0.6,0.825,0.8666666666666667,0.2651653711175283,29
reserve10,pv_first,primary,evaluation,recovery_0_6,single_imputation,2,121,0.057726383468279074,0.09624138864020305,0.47107438016528924,0.7603305785123967,0.8099173553719008,0.3179703426941239,31
reserve10,pv_first,primary,evaluation,recovery_0_6,single_imputation,3,120,0.06710825208843994,0.1081375858133798,0.5083333333333333,0.7166666666666667,0.8083333333333333,0.33473600796868214,27
reserve10,pv_first,primary,evaluation,recovery_0_6,single_imputation,4,123,0.07446929979310105,0.11839725878208,0.4634146341463415,0.6666666666666666,0.7804878048780488,0.34524390657929394,27
reserve10,pv_first,primary,evaluation,recovery_6_24,aci_bounded,1,429,0.036365189238288194,0.05601469347872228,0.47785547785547783,0.7832167832167832,0.8741258741258742,0.29462259716082434,45
reserve10,pv_first,primary,evaluation,recovery_6_24,aci_bounded,2,428,0.051176999020935414,0.08385155977516688,0.4976635514018692,0.7733644859813084,0.8714953271028038,0.3942420816278139,45
reserve10,pv_first,primary,evaluation,recovery_6_24,aci_bounded,3,429,0.05909647668195318,0.10363460961648988,0.48951048951048953,0.752913752913753,0.8578088578088578,0.4178039906237253,45
reserve10,pv_first,primary,evaluation,recovery_6_24,aci_bounded,4,426,0.06365483462822263,0.11057714011202263,0.4835680751173709,0.7605633802816901,0.8591549295774648,0.43071031599622933,45
reserve10,pv_first,primary,evaluation,recovery_6_24,carry_forward,1,429,0.03965965791625837,0.060670422349249256,0.4172494172494173,0.6853146853146853,0.8041958041958042,0.31496139266009976,45
reserve10,pv_first,primary,evaluation,recovery_6_24,carry_forward,2,428,0.05274630492876473,0.08662301923300683,0.3878504672897196,0.6495327102803738,0.8060747663551402,0.3787640444995175,45
reserve10,pv_first,primary,evaluation,recovery_6_24,carry_forward,3,429,0.06049653482781014,0.10474458208605597,0.351981351981352,0.6433566433566433,0.7645687645687645,0.39241471224945407,45
reserve10,pv_first,primary,evaluation,recovery_6_24,carry_forward,4,426,0.0647708055125451,0.11188315750936573,0.37089201877934275,0.6455399061032864,0.7676056338028169,0.3979146363894776,45
reserve10,pv_first,primary,evaluation,recovery_6_24,geometric_persistence,1,429,0.04683643865429165,0.07235486683947868,0.5687645687645687,0.8717948717948718,0.9487179487179487,0.4645413162193283,45
reserve10,pv_first,primary,evaluation,recovery_6_24,geometric_persistence,2,428,0.07295642039524308,0.12170700205718826,0.5747663551401869,0.8574766355140186,0.9462616822429907,0.5846919471504675,45
reserve10,pv_first,primary,evaluation,recovery_6_24,geometric_persistence,3,429,0.09572813437597096,0.16946168630424377,0.5641025641025641,0.8461538461538461,0.9277389277389277,0.6916308862650632,45
reserve10,pv_first,primary,evaluation,recovery_6_24,geometric_persistence,4,426,0.11505848357306513,0.21412124825102327,0.5328638497652582,0.8169014084507042,0.9107981220657277,0.7536456327562451,45
reserve10,pv_first,primary,evaluation,recovery_6_24,mask50,1,429,0.03635348216790296,0.05601469347872228,0.4825174825174825,0.7995337995337995,0.8834498834498834,0.30061816178628953,45
reserve10,pv_first,primary,evaluation,recovery_6_24,mask50,2,428,0.051141262820799734,0.08385155977516688,0.5070093457943925,0.7757009345794392,0.8878504672897196,0.39857777996317445,45
reserve10,pv_first,primary,evaluation,recovery_6_24,mask50,3,429,0.05910190352797091,0.10363460961648988,0.5058275058275058,0.7645687645687645,0.8601398601398601,0.42223668700426314,45
reserve10,pv_first,primary,evaluation,recovery_6_24,mask50,4,426,0.063660086312892,0.11057714011202263,0.4859154929577465,0.755868544600939,0.852112676056338,0.432394082621449,45
reserve10,pv_first,primary,evaluation,recovery_6_24,mi_recency,1,429,0.041192591039140886,0.0633582968731015,0.5407925407925408,0.8158508158508159,0.916083916083916,0.3058715367249149,45
reserve10,pv_first,primary,evaluation,recovery_6_24,mi_recency,2,428,0.05764810933731596,0.09240446208183631,0.5233644859813084,0.8107476635514018,0.9018691588785047,0.39601699702312915,45
reserve10,pv_first,primary,evaluation,recovery_6_24,mi_recency,3,429,0.06623856497127516,0.1071455255699103,0.49417249417249415,0.7902097902097902,0.8997668997668997,0.43794359126855387,45
reserve10,pv_first,primary,evaluation,recovery_6_24,mi_recency,4,426,0.0740489463947673,0.12032071276440398,0.4671361502347418,0.784037558685446,0.8826291079812206,0.46687408462038366,45
reserve10,pv_first,primary,evaluation,recovery_6_24,multiple_imputation,1,429,0.0413121316278998,0.0633582968731015,0.6503496503496503,0.8205128205128205,0.8787878787878788,0.25718870400845656,45
reserve10,pv_first,primary,evaluation,recovery_6_24,multiple_imputation,2,428,0.05842247534826791,0.09240446208183631,0.5514018691588785,0.7780373831775701,0.8364485981308412,0.31096615263035415,45
reserve10,pv_first,primary,evaluation,recovery_6_24,multiple_imputation,3,429,0.06811105693300669,0.1071455255699103,0.5221445221445221,0.7365967365967366,0.8065268065268065,0.3298325645340391,45
reserve10,pv_first,primary,evaluation,recovery_6_24,multiple_imputation,4,426,0.07667832692140306,0.12032071276440398,0.47183098591549294,0.7065727699530516,0.7981220657276995,0.34211788216998684,45
reserve10,pv_first,primary,evaluation,recovery_6_24,persistence,1,429,0.06637509120328083,0.12241246385038572,0.5664335664335665,0.8554778554778555,0.958041958041958,0.5422773136401792,45
reserve10,pv_first,primary,evaluation,recovery_6_24,persistence,2,428,0.10585355521831688,0.21131286071880562,0.5420560747663551,0.8411214953271028,0.9392523364485982,0.7091418157459946,45
reserve10,pv_first,primary,evaluation,recovery_6_24,persistence,3,429,0.13297669291312358,0.2781361097742535,0.5221445221445221,0.8088578088578089,0.916083916083916,0.8154448127750721,45
reserve10,pv_first,primary,evaluation,recovery_6_24,persistence,4,426,0.15088028337695195,0.32013587313883296,0.5070422535211268,0.784037558685446,0.9084507042253521,0.8769501880910461,45
reserve10,pv_first,primary,evaluation,recovery_6_24,physical,1,429,0.03624590643110402,0.05601469347872228,0.4755244755244755,0.7972027972027972,0.8881118881118881,0.3014798950087279,45
reserve10,pv_first,primary,evaluation,recovery_6_24,physical,2,428,0.05118078050310602,0.08385155977516688,0.5186915887850467,0.7827102803738317,0.8855140186915887,0.39991324829489105,45
reserve10,pv_first,primary,evaluation,recovery_6_24,physical,3,429,0.059049750358899936,0.10363460961648988,0.4988344988344988,0.7599067599067599,0.8578088578088578,0.4231781163050729,45
reserve10,pv_first,primary,evaluation,recovery_6_24,physical,4,426,0.06359386354470938,0.11057714011202263,0.48826291079812206,0.7629107981220657,0.8568075117370892,0.43400640611028674,45
reserve10,pv_first,primary,evaluation,recovery_6_24,physical_availability,1,429,0.03625122549069399,0.05601469347872228,0.4825174825174825,0.7995337995337995,0.8997668997668997,0.3043305311080143,45
reserve10,pv_first,primary,evaluation,recovery_6_24,physical_availability,2,428,0.05112806582089069,0.08385155977516688,0.5116822429906542,0.7780373831775701,0.883177570093458,0.40278871652707976,45
reserve10,pv_first,primary,evaluation,recovery_6_24,physical_availability,3,429,0.05905376070130802,0.10363460961648988,0.5011655011655012,0.7575757575757576,0.8578088578088578,0.4260931578036516,45
reserve10,pv_first,primary,evaluation,recovery_6_24,physical_availability,4,426,0.06359488342593153,0.11057714011202263,0.49061032863849763,0.7629107981220657,0.8591549295774648,0.43628756721298767,45
reserve10,pv_first,primary,evaluation,recovery_6_24,physical_recovery,1,429,0.036286445097214834,0.05601469347872228,0.4825174825174825,0.7948717948717948,0.8951048951048951,0.3037650707618648,45
reserve10,pv_first,primary,evaluation,recovery_6_24,physical_recovery,2,428,0.05118340916479008,0.08385155977516688,0.514018691588785,0.780373831775701,0.8855140186915887,0.40184018090131257,45
reserve10,pv_first,primary,evaluation,recovery_6_24,physical_recovery,3,429,0.059112378539359994,0.10363460961648988,0.5151515151515151,0.7622377622377622,0.8624708624708625,0.4256515405710714,45
reserve10,pv_first,primary,evaluation,recovery_6_24,physical_recovery,4,426,0.06365698903547246,0.11057714011202263,0.48826291079812206,0.7605633802816901,0.8497652582159625,0.43707900046370146,45
reserve10,pv_first,primary,evaluation,recovery_6_24,previous_day,1,429,0.10985580056603218,0.17213235394501333,0.46853146853146854,0.7412587412587412,0.8554778554778555,0.6353926571109445,45
reserve10,pv_first,primary,evaluation,recovery_6_24,previous_day,2,428,0.10655336256958187,0.16807129875180796,0.4696261682242991,0.7663551401869159,0.8691588785046729,0.6532092559760235,45
reserve10,pv_first,primary,evaluation,recovery_6_24,previous_day,3,429,0.1051907112101341,0.16675594809773558,0.47785547785547783,0.7762237762237763,0.8857808857808858,0.6694973286356003,45
reserve10,pv_first,primary,evaluation,recovery_6_24,previous_day,4,426,0.10626327098676883,0.16836441330185975,0.4765258215962441,0.7793427230046949,0.8779342723004695,0.6841378122911077,45
reserve10,pv_first,primary,evaluation,recovery_6_24,raw,1,429,0.036501091471388976,0.05601469347872228,0.3939393939393939,0.6783216783216783,0.8391608391608392,0.28511762741661995,45
reserve10,pv_first,primary,evaluation,recovery_6_24,raw,2,428,0.05169573980236339,0.08385155977516688,0.38317757009345793,0.6542056074766355,0.7897196261682243,0.37434431606108814,45
reserve10,pv_first,primary,evaluation,recovery_6_24,raw,3,429,0.05996535311281056,0.10363460961648988,0.3752913752913753,0.6526806526806527,0.7808857808857809,0.39063255974927447,45
reserve10,pv_first,primary,evaluation,recovery_6_24,raw,4,426,0.06470266919456026,0.11057714011202263,0.3615023474178404,0.6267605633802817,0.7746478873239436,0.39787319630516793,45
reserve10,pv_first,primary,evaluation,recovery_6_24,recency,1,429,0.036349668672639765,0.05601469347872228,0.47785547785547783,0.7878787878787878,0.8787878787878788,0.29696575947875586,45
reserve10,pv_first,primary,evaluation,recovery_6_24,recency,2,428,0.05117950797390187,0.08385155977516688,0.5093457943925234,0.7757009345794392,0.8761682242990654,0.3947706122342971,45
reserve10,pv_first,primary,evaluation,recovery_6_24,recency,3,429,0.059131967271624994,0.10363460961648988,0.4965034965034965,0.7599067599067599,0.8531468531468531,0.41845256433499195,45
reserve10,pv_first,primary,evaluation,recovery_6_24,recency,4,426,0.06374692479020395,0.11057714011202263,0.4788732394366197,0.7605633802816901,0.8450704225352113,0.4287260338801649,45
reserve10,pv_first,primary,evaluation,recovery_6_24,rolling,1,429,0.03634578699026716,0.05601469347872228,0.4801864801864802,0.7832167832167832,0.8764568764568764,0.2962984424052279,45
reserve10,pv_first,primary,evaluation,recovery_6_24,rolling,2,428,0.051166276544503175,0.08385155977516688,0.5023364485981309,0.780373831775701,0.8691588785046729,0.394445750675108,45
reserve10,pv_first,primary,evaluation,recovery_6_24,rolling,3,429,0.05906046706027389,0.10363460961648988,0.49417249417249415,0.7482517482517482,0.8554778554778555,0.41806929566840234,45
reserve10,pv_first,primary,evaluation,recovery_6_24,rolling,4,426,0.06368823687393996,0.11057714011202263,0.49061032863849763,0.7535211267605634,0.852112676056338,0.4279251503398724,45
reserve10,pv_first,primary,evaluation,recovery_6_24,single_imputation,1,429,0.04131451726205218,0.06334239958737956,0.6503496503496503,0.8205128205128205,0.8787878787878788,0.25705318968229707,45
reserve10,pv_first,primary,evaluation,recovery_6_24,single_imputation,2,428,0.058412495585536205,0.09237502701451483,0.5514018691588785,0.7780373831775701,0.8364485981308412,0.31090199372522903,45
reserve10,pv_first,primary,evaluation,recovery_6_24,single_imputation,3,429,0.06810119705976558,0.1071321901295964,0.5221445221445221,0.7365967365967366,0.8065268065268065,0.32980608244280074,45
reserve10,pv_first,primary,evaluation,recovery_6_24,single_imputation,4,426,0.07665104461495245,0.12027912470612202,0.47183098591549294,0.7065727699530516,0.7981220657276995,0.342100815215275,45
reserve10,pv_first,primary,warmup,normal,aci_bounded,1,216,0.042112948094502556,0.06697803721122855,0.4675925925925926,0.7453703703703703,0.8842592592592593,0.33400031513597,0
reserve10,pv_first,primary,warmup,normal,aci_bounded,2,218,0.06108520241752371,0.10390949352195479,0.42660550458715596,0.7247706422018348,0.8715596330275229,0.48034259576431615,0
reserve10,pv_first,primary,warmup,normal,aci_bounded,3,220,0.07153403748199391,0.12903792898504393,0.4772727272727273,0.7636363636363637,0.8727272727272727,0.5043367930034176,0
reserve10,pv_first,primary,warmup,normal,aci_bounded,4,222,0.07598955396549203,0.1404906986458725,0.4954954954954955,0.7252252252252253,0.8288288288288288,0.5089796451636279,0
reserve10,pv_first,primary,warmup,normal,carry_forward,1,216,0.04644218907905733,0.07176916971535133,0.4074074074074074,0.7083333333333334,0.8796296296296297,0.39225565002773605,0
reserve10,pv_first,primary,warmup,normal,carry_forward,2,218,0.0632776005183879,0.10648685909055398,0.3256880733944954,0.6376146788990825,0.8348623853211009,0.47559021519194217,0
reserve10,pv_first,primary,warmup,normal,carry_forward,3,220,0.07232750293104104,0.12387539171841434,0.33636363636363636,0.6227272727272727,0.7863636363636364,0.49134316452282434,0
reserve10,pv_first,primary,warmup,normal,carry_forward,4,222,0.07600816531888642,0.13493154537244656,0.34684684684684686,0.6216216216216216,0.7657657657657657,0.4935258321924975,0
reserve10,pv_first,primary,warmup,normal,geometric_persistence,1,216,0.05267218572927005,0.0815778225854822,0.4583333333333333,0.8148148148148148,0.8888888888888888,0.37027670053411277,0
reserve10,pv_first,primary,warmup,normal,geometric_persistence,2,218,0.08086363470328112,0.13223720233933547,0.4908256880733945,0.7889908256880734,0.8807339449541285,0.5145313378670245,0
reserve10,pv_first,primary,warmup,normal,geometric_persistence,3,220,0.09951300665397736,0.17603449668647714,0.45,0.7772727272727272,0.8954545454545455,0.6313700855867936,0
reserve10,pv_first,primary,warmup,normal,geometric_persistence,4,222,0.11628328115953623,0.21808406331777672,0.45495495495495497,0.7702702702702703,0.8828828828828829,0.6758956913174107,0
reserve10,pv_first,primary,warmup,normal,mask50,1,216,0.042129238650561444,0.06697803721122855,0.4675925925925926,0.7407407407407407,0.8888888888888888,0.33665258588545016,0
reserve10,pv_first,primary,warmup,normal,mask50,2,218,0.061100356572417705,0.10390949352195479,0.42660550458715596,0.7247706422018348,0.8807339449541285,0.4845987118275041,0
reserve10,pv_first,primary,warmup,normal,mask50,3,220,0.07156136705591072,0.12903792898504393,0.4636363636363636,0.7454545454545455,0.8727272727272727,0.5067475823014932,0
reserve10,pv_first,primary,warmup,normal,mask50,4,222,0.07603620407311544,0.1404906986458725,0.481981981981982,0.7207207207207207,0.8198198198198198,0.5112062049388657,0
reserve10,pv_first,primary,warmup,normal,mi_recency,1,216,0.0472617105805156,0.07531838570740564,0.5925925925925926,0.8101851851851852,0.8935185185185185,0.305409648810153,0
reserve10,pv_first,primary,warmup,normal,mi_recency,2,218,0.06291414060842271,0.1063349356795392,0.5229357798165137,0.8119266055045872,0.8807339449541285,0.41527682795408694,0
reserve10,pv_first,primary,warmup,normal,mi_recency,3,220,0.07276589232084535,0.12498207273699044,0.5045454545454545,0.7818181818181819,0.8909090909090909,0.49737323042421977,0
reserve10,pv_first,primary,warmup,normal,mi_recency,4,222,0.07872181021807949,0.13643493083233915,0.5225225225225225,0.7702702702702703,0.8873873873873874,0.5200999904942352,0
reserve10,pv_first,primary,warmup,normal,multiple_imputation,1,216,0.04761199948794713,0.07531838570740564,0.5972222222222222,0.7962962962962963,0.8472222222222222,0.2540980468010679,0
reserve10,pv_first,primary,warmup,normal,multiple_imputation,2,218,0.0646025772603863,0.1063349356795392,0.45871559633027525,0.6926605504587156,0.8119266055045872,0.30959612835365014,0
reserve10,pv_first,primary,warmup,normal,multiple_imputation,3,220,0.07583831844192643,0.12498207273699044,0.38636363636363635,0.6636363636363637,0.7818181818181819,0.3317364572319182,0
reserve10,pv_first,primary,warmup,normal,multiple_imputation,4,222,0.08261549826262335,0.13643493083233915,0.3738738738738739,0.6261261261261262,0.7477477477477478,0.34995629555983965,0
reserve10,pv_first,primary,warmup,normal,persistence,1,216,0.07266011937112721,0.12705417594108243,0.5694444444444444,0.8101851851851852,0.9120370370370371,0.4594826796900835,0
reserve10,pv_first,primary,warmup,normal,persistence,2,218,0.10917765397161258,0.2082841155171472,0.5412844036697247,0.8119266055045872,0.8623853211009175,0.6470692167970455,0
reserve10,pv_first,primary,warmup,normal,persistence,3,220,0.13182870632735438,0.26589398149824134,0.5,0.7818181818181819,0.8727272727272727,0.7493883475651041,0
reserve10,pv_first,primary,warmup,normal,persistence,4,222,0.1418049735615103,0.300916808600118,0.481981981981982,0.8063063063063063,0.8783783783783784,0.7903364733396343,0
reserve10,pv_first,primary,warmup,normal,physical,1,216,0.042114099310405634,0.06697803721122855,0.4722222222222222,0.7638888888888888,0.8888888888888888,0.3390661972630165,0
reserve10,pv_first,primary,warmup,normal,physical,2,218,0.061037864117408136,0.10390949352195479,0.43577981651376146,0.7247706422018348,0.8899082568807339,0.48555005052567035,0
reserve10,pv_first,primary,warmup,normal,physical,3,220,0.07148194103817294,0.12903792898504393,0.4772727272727273,0.7636363636363637,0.8727272727272727,0.5079988515460493,0
reserve10,pv_first,primary,warmup,normal,physical,4,222,0.07603085269105186,0.1404906986458725,0.4864864864864865,0.7432432432432432,0.8378378378378378,0.5131553089340998,0
reserve10,pv_first,primary,warmup,normal,physical_availability,1,216,0.042132347319679596,0.06697803721122855,0.4722222222222222,0.7592592592592593,0.8935185185185185,0.3410546031080506,0
reserve10,pv_first,primary,warmup,normal,physical_availability,2,218,0.06105093484387204,0.10390949352195479,0.42201834862385323,0.7339449541284404,0.8899082568807339,0.4870907750254716,0
reserve10,pv_first,primary,warmup,normal,physical_availability,3,220,0.07151907225040094,0.12903792898504393,0.4681818181818182,0.759090909090909,0.8636363636363636,0.5101160086952854,0
reserve10,pv_first,primary,warmup,normal,physical_availability,4,222,0.07609404889773383,0.1404906986458725,0.481981981981982,0.7297297297297297,0.8333333333333334,0.51445173358468,0
reserve10,pv_first,primary,warmup,normal,physical_recovery,1,216,0.042136113221645885,0.06697803721122855,0.48148148148148145,0.7638888888888888,0.9027777777777778,0.343591974084948,0
reserve10,pv_first,primary,warmup,normal,physical_recovery,2,218,0.06104230838308641,0.10390949352195479,0.44954128440366975,0.7293577981651376,0.8944954128440367,0.4867732401444243,0
reserve10,pv_first,primary,warmup,normal,physical_recovery,3,220,0.07158654141822338,0.12903792898504393,0.4681818181818182,0.75,0.8681818181818182,0.5085777702168909,0
reserve10,pv_first,primary,warmup,normal,physical_recovery,4,222,0.07614326017080578,0.1404906986458725,0.481981981981982,0.7207207207207207,0.8198198198198198,0.5165384214097888,0
reserve10,pv_first,primary,warmup,normal,previous_day,1,216,0.1113904381510392,0.16890370061315033,0.3333333333333333,0.6712962962962963,0.8287037037037037,0.5516579105639261,0
reserve10,pv_first,primary,warmup,normal,previous_day,2,218,0.10982783848821323,0.16767047751747485,0.3394495412844037,0.6926605504587156,0.8394495412844036,0.5713945795700905,0
reserve10,pv_first,primary,warmup,normal,previous_day,3,220,0.10869655560846668,0.1669616331060606,0.33636363636363636,0.7045454545454546,0.8590909090909091,0.5922093095853624,0
reserve10,pv_first,primary,warmup,normal,previous_day,4,222,0.10839541721008955,0.16726133875382077,0.3333333333333333,0.7162162162162162,0.8603603603603603,0.5998052703312687,0
reserve10,pv_first,primary,warmup,normal,raw,1,216,0.0422456932267548,0.06697803721122855,0.37962962962962965,0.6851851851851852,0.8703703703703703,0.3284314480334808,0
reserve10,pv_first,primary,warmup,normal,raw,2,218,0.06160391552411194,0.10390949352195479,0.3119266055045872,0.5779816513761468,0.8256880733944955,0.4706787406871799,0
reserve10,pv_first,primary,warmup,normal,raw,3,220,0.07215641698327695,0.12903792898504393,0.36363636363636365,0.5863636363636363,0.7818181818181819,0.48299183608452273,0
reserve10,pv_first,primary,warmup,normal,raw,4,222,0.07665839499975012,0.1404906986458725,0.3918918918918919,0.5720720720720721,0.7657657657657657,0.48823551798359094,0
reserve10,pv_first,primary,warmup,normal,recency,1,216,0.04211337265507352,0.06697803721122855,0.4675925925925926,0.75,0.8888888888888888,0.3352609906788484,0
reserve10,pv_first,primary,warmup,normal,recency,2,218,0.06111028341701872,0.10390949352195479,0.42201834862385323,0.7201834862385321,0.8761467889908257,0.4816978455898816,0
reserve10,pv_first,primary,warmup,normal,recency,3,220,0.071530406239606,0.12903792898504393,0.4681818181818182,0.7545454545454545,0.8727272727272727,0.5043831047104004,0
reserve10,pv_first,primary,warmup,normal,recency,4,222,0.07604901496924682,0.1404906986458725,0.481981981981982,0.7207207207207207,0.8198198198198198,0.5102213510792019,0
reserve10,pv_first,primary,warmup,normal,rolling,1,216,0.04211480624475232,0.06697803721122855,0.4583333333333333,0.7407407407407407,0.8842592592592593,0.334223433540778,0
reserve10,pv_first,primary,warmup,normal,rolling,2,218,0.06111949620588337,0.10390949352195479,0.41743119266055045,0.7201834862385321,0.8715596330275229,0.4797046925570679,0
reserve10,pv_first,primary,warmup,normal,rolling,3,220,0.07147808433758025,0.12903792898504393,0.4727272727272727,0.7545454545454545,0.8681818181818182,0.5026863843525219,0
reserve10,pv_first,primary,warmup,normal,rolling,4,222,0.0759910283263416,0.1404906986458725,0.4954954954954955,0.7162162162162162,0.8153153153153153,0.5059310963696962,0
reserve10,pv_first,primary,warmup,normal,single_imputation,1,216,0.047626348083189156,0.0753963044975351,0.5972222222222222,0.7962962962962963,0.8472222222222222,0.25409049809959383,0
reserve10,pv_first,primary,warmup,normal,single_imputation,2,218,0.06459696296388456,0.10636039368888014,0.45871559633027525,0.6926605504587156,0.8119266055045872,0.3094138039308381,0
reserve10,pv_first,primary,warmup,normal,single_imputation,3,220,0.07580268272904266,0.12494828889947986,0.38636363636363635,0.6636363636363637,0.7818181818181819,0.33159224122403635,0
reserve10,pv_first,primary,warmup,normal,single_imputation,4,222,0.0827411118362743,0.13664922807811034,0.3738738738738739,0.6261261261261262,0.7477477477477478,0.3497673811566771,0
reserve10,pv_first,primary,warmup,outage,aci_bounded,1,30,0.08619732280430761,0.16410429257883405,0.5333333333333333,0.7666666666666667,0.9333333333333333,0.6231197945551682,4
reserve10,pv_first,primary,warmup,outage,aci_bounded,2,30,0.08098184149998769,0.149657521573865,0.5666666666666667,0.8,0.9,0.602157279316709,4
reserve10,pv_first,primary,warmup,outage,aci_bounded,3,29,0.08358124289076982,0.17436674412678063,0.5517241379310345,0.8275862068965517,0.9310344827586207,0.593783312256203,4
reserve10,pv_first,primary,warmup,outage,aci_bounded,4,28,0.08278416438188996,0.18606392255864593,0.5357142857142857,0.8928571428571429,0.9285714285714286,0.5643092877520421,4
reserve10,pv_first,primary,warmup,outage,carry_forward,1,30,0.11366285833153272,0.2326007965665398,0.23333333333333334,0.5666666666666667,0.7,0.5196765438419578,4
reserve10,pv_first,primary,warmup,outage,carry_forward,2,30,0.10626255969220483,0.23014356612140505,0.16666666666666666,0.6,0.7666666666666667,0.5540603360677917,4
reserve10,pv_first,primary,warmup,outage,carry_forward,3,29,0.09792764393396808,0.22911216608137272,0.1724137931034483,0.5517241379310345,0.7241379310344828,0.5328705615499656,4
reserve10,pv_first,primary,warmup,outage,carry_forward,4,28,0.09422873871336235,0.21274626682700215,0.07142857142857142,0.4642857142857143,0.6785714285714286,0.5122216655664814,4
reserve10,pv_first,primary,warmup,outage,geometric_persistence,1,30,0.2810865143930146,0.37537766734299693,0.23333333333333334,0.3,0.4,0.2916443356034129,4
reserve10,pv_first,primary,warmup,outage,geometric_persistence,2,30,0.22078316855625013,0.37515417167133,0.23333333333333334,0.4666666666666667,0.5333333333333333,0.42442873551009097,4
reserve10,pv_first,primary,warmup,outage,geometric_persistence,3,29,0.18697855238427033,0.38057192040629967,0.2413793103448276,0.5862068965517241,0.7241379310344828,0.5628148085284231,4
reserve10,pv_first,primary,warmup,outage,geometric_persistence,4,28,0.1661016822170757,0.37354281498673375,0.25,0.6785714285714286,0.8214285714285714,0.603162528970247,4
reserve10,pv_first,primary,warmup,outage,mask50,1,30,0.08625698959463467,0.16410429257883405,0.5333333333333333,0.7666666666666667,0.9333333333333333,0.6235951704002407,4
reserve10,pv_first,primary,warmup,outage,mask50,2,30,0.08057444731984871,0.149657521573865,0.5666666666666667,0.8,0.9333333333333333,0.5978289783440904,4
reserve10,pv_first,primary,warmup,outage,mask50,3,29,0.08340867541381913,0.17436674412678063,0.5517241379310345,0.8275862068965517,0.9310344827586207,0.5905671452038843,4
reserve10,pv_first,primary,warmup,outage,mask50,4,28,0.0829285912913988,0.18606392255864593,0.5,0.8928571428571429,0.9285714285714286,0.5658273280438924,4
reserve10,pv_first,primary,warmup,outage,mi_recency,1,30,0.07998307117514578,0.15638721144952486,0.4,0.7666666666666667,0.9333333333333333,0.5300347388662916,4
reserve10,pv_first,primary,warmup,outage,mi_recency,2,30,0.08408304620139098,0.1612092068971706,0.26666666666666666,0.7666666666666667,0.9,0.5026399141281577,4
reserve10,pv_first,primary,warmup,outage,mi_recency,3,29,0.10029721305178516,0.18205049990498254,0.3448275862068966,0.6551724137931034,0.7931034482758621,0.5214961817420485,4
reserve10,pv_first,primary,warmup,outage,mi_recency,4,28,0.09508032992140954,0.1763635765110326,0.35714285714285715,0.6071428571428571,0.8214285714285714,0.5155988157987491,4
reserve10,pv_first,primary,warmup,outage,multiple_imputation,1,30,0.07998494676321609,0.15638721144952486,0.4,0.7333333333333333,0.8666666666666667,0.4744871687026995,4
reserve10,pv_first,primary,warmup,outage,multiple_imputation,2,30,0.088053125096878,0.1612092068971706,0.26666666666666666,0.6333333333333333,0.7666666666666667,0.409347022486696,4
reserve10,pv_first,primary,warmup,outage,multiple_imputation,3,29,0.11092495481619126,0.18205049990498254,0.3103448275862069,0.4482758620689655,0.5517241379310345,0.3896110226351272,4
reserve10,pv_first,primary,warmup,outage,multiple_imputation,4,28,0.10849842069260654,0.1763635765110326,0.2857142857142857,0.5,0.5714285714285714,0.37721360609649374,4
reserve10,pv_first,primary,warmup,outage,persistence,1,30,0.252432258506413,0.37050129122023806,0.26666666666666666,0.3333333333333333,0.43333333333333335,0.34274136180431547,4
reserve10,pv_first,primary,warmup,outage,persistence,2,30,0.19713380563688704,0.37149949626488094,0.3,0.4666666666666667,0.6333333333333333,0.4935630088541666,4
reserve10,pv_first,primary,warmup,outage,persistence,3,29,0.17681891764596894,0.3830219368688424,0.3103448275862069,0.6206896551724138,0.7586206896551724,0.6021148391587129,4
reserve10,pv_first,primary,warmup,outage,persistence,4,28,0.15439387725013662,0.37033603936543363,0.35714285714285715,0.6785714285714286,0.8214285714285714,0.6338287016369047,4
reserve10,pv_first,primary,warmup,outage,physical,1,30,0.0861078391243056,0.16410429257883405,0.5333333333333333,0.8,0.9333333333333333,0.6260775291274803,4
reserve10,pv_first,primary,warmup,outage,physical,2,30,0.08083797797080154,0.149657521573865,0.5666666666666667,0.8,0.9333333333333333,0.6040251046225689,4
reserve10,pv_first,primary,warmup,outage,physical,3,29,0.08318192401144481,0.17436674412678063,0.6551724137931034,0.8620689655172413,0.9655172413793104,0.595981609843254,4
reserve10,pv_first,primary,warmup,outage,physical,4,28,0.08245869506902437,0.18606392255864593,0.5357142857142857,0.8928571428571429,0.9285714285714286,0.5722478144426982,4
reserve10,pv_first,primary,warmup,outage,physical_availability,1,30,0.0861461221333717,0.16410429257883405,0.5333333333333333,0.8,0.9333333333333333,0.6241794445808142,4
reserve10,pv_first,primary,warmup,outage,physical_availability,2,30,0.08087880113291192,0.149657521573865,0.5666666666666667,0.8,0.9,0.6000176385234017,4
reserve10,pv_first,primary,warmup,outage,physical_availability,3,29,0.08342161731378499,0.17436674412678063,0.6551724137931034,0.8275862068965517,0.9310344827586207,0.5921672352609512,4
reserve10,pv_first,primary,warmup,outage,physical_availability,4,28,0.0824941135045871,0.18606392255864593,0.5714285714285714,0.8928571428571429,0.9285714285714286,0.5728605870488847,4
reserve10,pv_first,primary,warmup,outage,physical_recovery,1,30,0.0861461221333717,0.16410429257883405,0.5333333333333333,0.8,0.9333333333333333,0.6241794445808142,4
reserve10,pv_first,primary,warmup,outage,physical_recovery,2,30,0.08087880113291192,0.149657521573865,0.5666666666666667,0.8,0.9,0.6000176385234017,4
reserve10,pv_first,primary,warmup,outage,physical_recovery,3,29,0.08342161731378499,0.17436674412678063,0.6551724137931034,0.8275862068965517,0.9310344827586207,0.5921672352609512,4
reserve10,pv_first,primary,warmup,outage,physical_recovery,4,28,0.0824941135045871,0.18606392255864593,0.5714285714285714,0.8928571428571429,0.9285714285714286,0.5728605870488847,4
reserve10,pv_first,primary,warmup,outage,previous_day,1,30,0.09475988959185444,0.1549969332093254,0.3333333333333333,0.7666666666666667,0.8333333333333334,0.538878527079613,4
reserve10,pv_first,primary,warmup,outage,previous_day,2,30,0.09789898683887825,0.16706163421626982,0.26666666666666666,0.7333333333333333,0.8333333333333334,0.5599665399243551,4
reserve10,pv_first,primary,warmup,outage,previous_day,3,29,0.10316944339029145,0.17874120949302133,0.27586206896551724,0.6896551724137931,0.8275862068965517,0.5821761117046387,4
reserve10,pv_first,primary,warmup,outage,previous_day,4,28,0.10003824961970055,0.17280988115433674,0.2857142857142857,0.6428571428571429,0.8214285714285714,0.5563965762967688,4
reserve10,pv_first,primary,warmup,outage,raw,1,30,0.08629282553690772,0.16410429257883405,0.5,0.7333333333333333,0.8333333333333334,0.611780724096339,4
reserve10,pv_first,primary,warmup,outage,raw,2,30,0.08066205794270519,0.149657521573865,0.5,0.7666666666666667,0.8333333333333334,0.5789050252539126,4
reserve10,pv_first,primary,warmup,outage,raw,3,29,0.08444266630699637,0.17436674412678063,0.41379310344827586,0.5517241379310345,0.7586206896551724,0.5596795956170307,4
reserve10,pv_first,primary,warmup,outage,raw,4,28,0.0851894670618972,0.18606392255864593,0.14285714285714285,0.5357142857142857,0.7142857142857143,0.5418468801689256,4
reserve10,pv_first,primary,warmup,outage,recency,1,30,0.0862216791253946,0.16410429257883405,0.5333333333333333,0.7666666666666667,0.9333333333333333,0.623734150060164,4
reserve10,pv_first,primary,warmup,outage,recency,2,30,0.08052880918800637,0.149657521573865,0.5666666666666667,0.8,0.9333333333333333,0.5984351091636851,4
reserve10,pv_first,primary,warmup,outage,recency,3,29,0.08339752443727268,0.17436674412678063,0.5517241379310345,0.8275862068965517,0.9310344827586207,0.5904730407953619,4
reserve10,pv_first,primary,warmup,outage,recency,4,28,0.08284348155978541,0.18606392255864593,0.4642857142857143,0.8928571428571429,0.9285714285714286,0.56585860093053,4
reserve10,pv_first,primary,warmup,outage,rolling,1,30,0.08616441258759143,0.16410429257883405,0.5333333333333333,0.7666666666666667,0.9333333333333333,0.6215293959956683,4
reserve10,pv_first,primary,warmup,outage,rolling,2,30,0.08059069496273019,0.149657521573865,0.5666666666666667,0.8,0.9,0.5950151597613786,4
reserve10,pv_first,primary,warmup,outage,rolling,3,29,0.08340483679798676,0.17436674412678063,0.5517241379310345,0.8275862068965517,0.9310344827586207,0.5860158205871843,4
reserve10,pv_first,primary,warmup,outage,rolling,4,28,0.08288307063549696,0.18606392255864593,0.5,0.8571428571428571,0.9285714285714286,0.5614627957246993,4
reserve10,pv_first,primary,warmup,outage,single_imputation,1,30,0.09571840243572897,0.14655678222465374,0.26666666666666666,0.43333333333333335,0.5333333333333333,0.26591427004100926,4
reserve10,pv_first,primary,warmup,outage,single_imputation,2,30,0.10239649672930613,0.160008635914398,0.3,0.5333333333333333,0.6333333333333333,0.3149271024895551,4
reserve10,pv_first,primary,warmup,outage,single_imputation,3,29,0.11491274919614825,0.17477433001871043,0.3103448275862069,0.4827586206896552,0.5517241379310345,0.34078262087286554,4
reserve10,pv_first,primary,warmup,outage,single_imputation,4,28,0.11353558860947933,0.17821659360993594,0.25,0.4642857142857143,0.5357142857142857,0.35014157523576594,4
reserve10,pv_first,primary,warmup,partial_restoration,aci_bounded,1,4,0.033546236168861675,0.054121439665337896,0.5,0.5,0.75,0.2615924099466801,2
reserve10,pv_first,primary,warmup,partial_restoration,aci_bounded,2,2,0.023235034060938076,0.02723898136010118,1.0,1.0,1.0,0.2909166468404706,1
reserve10,pv_first,primary,warmup,partial_restoration,aci_bounded,3,1,0.014980350611167283,0.002729727863164656,1.0,1.0,1.0,0.18539749714121623,1
reserve10,pv_first,primary,warmup,partial_restoration,carry_forward,1,4,0.05062111905115436,0.08990444531158615,0.0,0.5,0.75,0.2684004868457421,2
reserve10,pv_first,primary,warmup,partial_restoration,carry_forward,2,2,0.0370482971463191,0.061763118794930134,0.5,0.5,0.5,0.2427549172556467,1
reserve10,pv_first,primary,warmup,partial_restoration,carry_forward,3,1,0.011824797730838346,0.012284515872815923,1.0,1.0,1.0,0.17697517875884125,1
reserve10,pv_first,primary,warmup,partial_restoration,geometric_persistence,1,4,0.027224556438926992,0.02876984399008753,0.5,0.75,1.0,0.3679917240823903,2
reserve10,pv_first,primary,warmup,partial_restoration,geometric_persistence,2,2,0.038659792769543344,0.034724761401831776,0.5,1.0,1.0,0.49999461708160364,1
reserve10,pv_first,primary,warmup,partial_restoration,geometric_persistence,3,1,0.026546588296935028,0.047289356778881145,0.0,1.0,1.0,0.31918750387449757,1
reserve10,pv_first,primary,warmup,partial_restoration,mask50,1,4,0.03350145295030893,0.054121439665337896,0.5,0.5,0.75,0.2646219581608826,2
reserve10,pv_first,primary,warmup,partial_restoration,mask50,2,2,0.023550877797889537,0.02723898136010118,1.0,1.0,1.0,0.3039163136243608,1
reserve10,pv_first,primary,warmup,partial_restoration,mask50,3,1,0.014999345529837137,0.002729727863164656,1.0,1.0,1.0,0.1867271414481061,1
reserve10,pv_first,primary,warmup,partial_restoration,mi_recency,1,4,0.024749234016952972,0.03590378013012321,0.75,1.0,1.0,0.3331939291447363,2
reserve10,pv_first,primary,warmup,partial_restoration,mi_recency,2,2,0.04113595280830196,0.06790719350574474,0.5,1.0,1.0,0.4347474101381863,1
reserve10,pv_first,primary,warmup,partial_restoration,mi_recency,3,1,0.035086837714102134,0.026472982446574367,1.0,1.0,1.0,0.45337424107369295,1
reserve10,pv_first,primary,warmup,partial_restoration,multiple_imputation,1,4,0.023420103580501526,0.03590378013012321,0.75,1.0,1.0,0.26705865039710724,2
reserve10,pv_first,primary,warmup,partial_restoration,multiple_imputation,2,2,0.037454133556244065,0.06790719350574474,0.5,1.0,1.0,0.3245529248475838,1
reserve10,pv_first,primary,warmup,partial_restoration,multiple_imputation,3,1,0.026726808342508776,0.026472982446574367,1.0,1.0,1.0,0.30798040796143167,1
reserve10,pv_first,primary,warmup,partial_restoration,persistence,1,4,0.11507372619525934,0.2581114601934523,0.0,0.75,1.0,0.5812150512834822,2
reserve10,pv_first,primary,warmup,partial_restoration,persistence,2,2,0.19900382122794424,0.4708863169642857,0.0,0.5,1.0,0.8768939331101191,1
reserve10,pv_first,primary,warmup,partial_restoration,persistence,3,1,0.25154734746811225,0.6867381994047618,0.0,0.0,1.0,0.9113429616071428,1
reserve10,pv_first,primary,warmup,partial_restoration,physical,1,4,0.033540103502587564,0.054121439665337896,0.5,0.5,0.75,0.27408317927879744,2
reserve10,pv_first,primary,warmup,partial_restoration,physical,2,2,0.024109095467835663,0.02723898136010118,1.0,1.0,1.0,0.30995316192201805,1
reserve10,pv_first,primary,warmup,partial_restoration,physical,3,1,0.015624310731548626,0.002729727863164656,1.0,1.0,1.0,0.1867524940287788,1
reserve10,pv_first,primary,warmup,partial_restoration,physical_availability,1,4,0.033640327192482014,0.054121439665337896,0.5,0.5,0.75,0.27295347983901536,2
reserve10,pv_first,primary,warmup,partial_restoration,physical_availability,2,2,0.024109095467835663,0.02723898136010118,1.0,1.0,1.0,0.30995316192201805,1
reserve10,pv_first,primary,warmup,partial_restoration,physical_availability,3,1,0.015624310731548626,0.002729727863164656,1.0,1.0,1.0,0.1867524940287788,1
reserve10,pv_first,primary,warmup,partial_restoration,physical_recovery,1,4,0.033640327192482014,0.054121439665337896,0.5,0.5,0.75,0.27295347983901536,2
reserve10,pv_first,primary,warmup,partial_restoration,physical_recovery,2,2,0.024109095467835663,0.02723898136010118,1.0,1.0,1.0,0.30995316192201805,1
reserve10,pv_first,primary,warmup,partial_restoration,physical_recovery,3,1,0.015624310731548626,0.002729727863164656,1.0,1.0,1.0,0.1867524940287788,1
reserve10,pv_first,primary,warmup,partial_restoration,previous_day,1,4,0.10132057439492985,0.19427786640624997,0.0,0.0,1.0,0.4277074116629464,2
reserve10,pv_first,primary,warmup,partial_restoration,previous_day,2,2,0.1040404405503295,0.20251097194940473,0.0,0.0,1.0,0.402303732235863,1
reserve10,pv_first,primary,warmup,partial_restoration,previous_day,3,1,0.031105461492346935,0.055468609077380944,0.0,0.0,1.0,0.1987439206845238,1
reserve10,pv_first,primary,warmup,partial_restoration,raw,1,4,0.0339489182888124,0.054121439665337896,0.5,0.5,0.75,0.251429378460251,2
reserve10,pv_first,primary,warmup,partial_restoration,raw,2,2,0.02507548580476599,0.02723898136010118,0.0,0.5,0.5,0.26696379412982923,1
reserve10,pv_first,primary,warmup,partial_restoration,raw,3,1,0.010237184250792555,0.002729727863164656,1.0,1.0,1.0,0.1446111628698498,1
reserve10,pv_first,primary,warmup,partial_restoration,recency,1,4,0.03347526392981177,0.054121439665337896,0.5,0.5,0.75,0.265382421623686,2
reserve10,pv_first,primary,warmup,partial_restoration,recency,2,2,0.023550877797889537,0.02723898136010118,1.0,1.0,1.0,0.3039163136243608,1
reserve10,pv_first,primary,warmup,partial_restoration,recency,3,1,0.014999345529837137,0.002729727863164656,1.0,1.0,1.0,0.1867271414481061,1
reserve10,pv_first,primary,warmup,partial_restoration,rolling,1,4,0.03357044154249247,0.054121439665337896,0.5,0.5,0.75,0.26148757162825265,2
reserve10,pv_first,primary,warmup,partial_restoration,rolling,2,2,0.022931524694763387,0.02723898136010118,0.5,1.0,1.0,0.28712541341697706,1
reserve10,pv_first,primary,warmup,partial_restoration,rolling,3,1,0.01454794948730099,0.002729727863164656,1.0,1.0,1.0,0.1828610151669047,1
reserve10,pv_first,primary,warmup,partial_restoration,single_imputation,1,4,0.024503192023374854,0.04701457812085064,0.75,1.0,1.0,0.25931795004486696,2
reserve10,pv_first,primary,warmup,partial_restoration,single_imputation,2,2,0.04266791786440273,0.08405294649710429,0.5,1.0,1.0,0.3174108074476054,1
reserve10,pv_first,primary,warmup,partial_restoration,single_imputation,3,1,0.02757288248974257,0.035640807415549994,1.0,1.0,1.0,0.29806927519480314,1
reserve10,pv_first,primary,warmup,recovery_0_6,aci_bounded,1,3,0.029122165033524838,0.05074796210390467,0.3333333333333333,1.0,1.0,0.2718256893648801,1
reserve10,pv_first,primary,warmup,recovery_0_6,aci_bounded,2,4,0.039909977617023605,0.04957147093841722,1.0,1.0,1.0,0.4339625533222756,1
reserve10,pv_first,primary,warmup,recovery_0_6,aci_bounded,3,5,0.0413547672963746,0.02096701643260656,1.0,1.0,1.0,0.51027685585335,1
reserve10,pv_first,primary,warmup,recovery_0_6,aci_bounded,4,6,0.052024348584898794,0.048774972851983796,1.0,1.0,1.0,0.5558827297157352,1
reserve10,pv_first,primary,warmup,recovery_0_6,carry_forward,1,3,0.030030915795065605,0.04228241675713887,0.6666666666666666,0.6666666666666666,1.0,0.33076290154976407,1
reserve10,pv_first,primary,warmup,recovery_0_6,carry_forward,2,4,0.041148272501662184,0.061352619473514315,0.75,0.75,0.75,0.42581128554836656,1
reserve10,pv_first,primary,warmup,recovery_0_6,carry_forward,3,5,0.04042031399843607,0.04323840746653007,0.8,1.0,1.0,0.4801944751914874,1
reserve10,pv_first,primary,warmup,recovery_0_6,carry_forward,4,6,0.04477833630811296,0.053527824910005684,1.0,1.0,1.0,0.5341104222598666,1
reserve10,pv_first,primary,warmup,recovery_0_6,geometric_persistence,1,3,0.06697114388530989,0.08507878456323571,0.6666666666666666,0.6666666666666666,0.6666666666666666,0.2887571512130666,1
reserve10,pv_first,primary,warmup,recovery_0_6,geometric_persistence,2,4,0.1018109998524054,0.18778423497539853,0.5,0.5,0.75,0.3987176236972653,1
reserve10,pv_first,primary,warmup,recovery_0_6,geometric_persistence,3,5,0.13690950252252657,0.26308108615327336,0.4,0.6,0.6,0.5242904474721932,1
reserve10,pv_first,primary,warmup,recovery_0_6,geometric_persistence,4,6,0.15468721468803326,0.3322263240260383,0.3333333333333333,0.5,0.6666666666666666,0.6031316540649042,1
reserve10,pv_first,primary,warmup,recovery_0_6,mask50,1,3,0.0291020728505522,0.05074796210390467,0.3333333333333333,1.0,1.0,0.2695279256844385,1
reserve10,pv_first,primary,warmup,recovery_0_6,mask50,2,4,0.0396432721161462,0.04957147093841722,1.0,1.0,1.0,0.4340618810749064,1
reserve10,pv_first,primary,warmup,recovery_0_6,mask50,3,5,0.04084300171489073,0.02096701643260656,1.0,1.0,1.0,0.5117935975560198,1
reserve10,pv_first,primary,warmup,recovery_0_6,mask50,4,6,0.05100699788691295,0.048774972851983796,1.0,1.0,1.0,0.5563362595791467,1
reserve10,pv_first,primary,warmup,recovery_0_6,mi_recency,1,3,0.02744830576046935,0.0486286472671145,0.3333333333333333,1.0,1.0,0.296084027279683,1
reserve10,pv_first,primary,warmup,recovery_0_6,mi_recency,2,4,0.03237988599837301,0.029075072401871942,1.0,1.0,1.0,0.4541231498146522,1
reserve10,pv_first,primary,warmup,recovery_0_6,mi_recency,3,5,0.03910815232644005,0.03797174674933219,1.0,1.0,1.0,0.5665474123959646,1
reserve10,pv_first,primary,warmup,recovery_0_6,mi_recency,4,6,0.04122597308914933,0.03176994040594327,1.0,1.0,1.0,0.5921529387464447,1
reserve10,pv_first,primary,warmup,recovery_0_6,multiple_imputation,1,3,0.02694757671165261,0.0486286472671145,0.6666666666666666,1.0,1.0,0.2564062309656856,1
reserve10,pv_first,primary,warmup,recovery_0_6,multiple_imputation,2,4,0.0258573392685272,0.029075072401871942,1.0,1.0,1.0,0.3198723631376618,1
reserve10,pv_first,primary,warmup,recovery_0_6,multiple_imputation,3,5,0.028977573247707035,0.03797174674933219,1.0,1.0,1.0,0.34803922146861815,1
reserve10,pv_first,primary,warmup,recovery_0_6,multiple_imputation,4,6,0.029320642117974683,0.03176994040594327,0.8333333333333334,1.0,1.0,0.36377286887400095,1
reserve10,pv_first,primary,warmup,recovery_0_6,persistence,1,3,0.08520764997236395,0.14273987237103175,0.3333333333333333,0.6666666666666666,0.6666666666666666,0.3248233028025793,1
reserve10,pv_first,primary,warmup,recovery_0_6,persistence,2,4,0.12326022691193662,0.26100588541666664,0.25,0.75,0.75,0.42951671670386904,1
reserve10,pv_first,primary,warmup,recovery_0_6,persistence,3,5,0.1545975199014668,0.3350770985119047,0.2,0.6,0.6,0.5346870617633928,1
reserve10,pv_first,primary,warmup,recovery_0_6,persistence,4,6,0.15339257399659864,0.3694683184523809,0.3333333333333333,0.5,0.8333333333333334,0.6169175236855159,1
reserve10,pv_first,primary,warmup,recovery_0_6,physical,1,3,0.0293640384234571,0.05074796210390467,0.3333333333333333,0.6666666666666666,1.0,0.2686289442072508,1
reserve10,pv_first,primary,warmup,recovery_0_6,physical,2,4,0.03953428251764786,0.04957147093841722,1.0,1.0,1.0,0.43234726779478727,1
reserve10,pv_first,primary,warmup,recovery_0_6,physical,3,5,0.04117136385005245,0.02096701643260656,1.0,1.0,1.0,0.510380863529331,1
reserve10,pv_first,primary,warmup,recovery_0_6,physical,4,6,0.051680197986246755,0.048774972851983796,1.0,1.0,1.0,0.5557126033373732,1
reserve10,pv_first,primary,warmup,recovery_0_6,physical_availability,1,3,0.02933328108799264,0.05074796210390467,0.3333333333333333,0.6666666666666666,1.0,0.2685912566401958,1
reserve10,pv_first,primary,warmup,recovery_0_6,physical_availability,2,4,0.039624113542607906,0.04957147093841722,1.0,1.0,1.0,0.43241291708706064,1
reserve10,pv_first,primary,warmup,recovery_0_6,physical_availability,3,5,0.04082096757460639,0.02096701643260656,1.0,1.0,1.0,0.51044463701174,1
reserve10,pv_first,primary,warmup,recovery_0_6,physical_availability,4,6,0.05119775408969712,0.048774972851983796,1.0,1.0,1.0,0.5580360257997016,1
reserve10,pv_first,primary,warmup,recovery_0_6,physical_recovery,1,3,0.029387233379286438,0.05074796210390467,0.3333333333333333,0.6666666666666666,1.0,0.2686289442072508,1
reserve10,pv_first,primary,warmup,recovery_0_6,physical_recovery,2,4,0.03953428251764786,0.04957147093841722,1.0,1.0,1.0,0.43234726779478727,1
reserve10,pv_first,primary,warmup,recovery_0_6,physical_recovery,3,5,0.04117136385005245,0.02096701643260656,1.0,1.0,1.0,0.510380863529331,1
reserve10,pv_first,primary,warmup,recovery_0_6,physical_recovery,4,6,0.05137270503242769,0.048774972851983796,1.0,1.0,1.0,0.5557126033373732,1
reserve10,pv_first,primary,warmup,recovery_0_6,previous_day,1,3,0.12236454142679987,0.18929436334325397,0.3333333333333333,0.3333333333333333,0.6666666666666666,0.2579798397073413,1
reserve10,pv_first,primary,warmup,recovery_0_6,previous_day,2,4,0.1481217053746811,0.24649263337053567,0.25,0.25,0.75,0.3776072625930059,1
reserve10,pv_first,primary,warmup,recovery_0_6,previous_day,3,5,0.15175804330017,0.2640343824107142,0.2,0.2,0.8,0.48007888660714276,1
reserve10,pv_first,primary,warmup,recovery_0_6,previous_day,4,6,0.13345195625460599,0.22742210352182535,0.3333333333333333,0.3333333333333333,0.8333333333333334,0.5549980553075397,1
reserve10,pv_first,primary,warmup,recovery_0_6,raw,1,3,0.029435800571423466,0.05074796210390467,0.3333333333333333,0.6666666666666666,1.0,0.26771361418417117,1
reserve10,pv_first,primary,warmup,recovery_0_6,raw,2,4,0.03856055745787651,0.04957147093841722,0.75,0.75,1.0,0.4292770877928073,1
reserve10,pv_first,primary,warmup,recovery_0_6,raw,3,5,0.037716494078163916,0.02096701643260656,0.8,1.0,1.0,0.48464784003357486,1
reserve10,pv_first,primary,warmup,recovery_0_6,raw,4,6,0.04784439056655182,0.048774972851983796,0.8333333333333334,1.0,1.0,0.5313107942931704,1
reserve10,pv_first,primary,warmup,recovery_0_6,recency,1,3,0.029135338815791622,0.05074796210390467,0.3333333333333333,1.0,1.0,0.2698143457616871,1
reserve10,pv_first,primary,warmup,recovery_0_6,recency,2,4,0.03955138188797439,0.04957147093841722,1.0,1.0,1.0,0.4339625533222756,1
reserve10,pv_first,primary,warmup,recovery_0_6,recency,3,5,0.040914917459681774,0.02096701643260656,1.0,1.0,1.0,0.5096455584981024,1
reserve10,pv_first,primary,warmup,recovery_0_6,recency,4,6,0.051180649459592366,0.048774972851983796,1.0,1.0,1.0,0.5558827297157352,1
reserve10,pv_first,primary,warmup,recovery_0_6,rolling,1,3,0.029142222525691413,0.05074796210390467,0.3333333333333333,0.6666666666666666,1.0,0.2717948326887087,1
reserve10,pv_first,primary,warmup,recovery_0_6,rolling,2,4,0.039728425710235785,0.04957147093841722,1.0,1.0,1.0,0.4340370491367487,1
reserve10,pv_first,primary,warmup,recovery_0_6,rolling,3,5,0.04127740749980202,0.02096701643260656,1.0,1.0,1.0,0.5099120489352502,1
reserve10,pv_first,primary,warmup,recovery_0_6,rolling,4,6,0.05190531307654131,0.048774972851983796,1.0,1.0,1.0,0.5539731875096854,1
reserve10,pv_first,primary,warmup,recovery_0_6,single_imputation,1,3,0.02694757671165261,0.048628647267114494,0.6666666666666666,1.0,1.0,0.25640623096568566,1
reserve10,pv_first,primary,warmup,recovery_0_6,single_imputation,2,4,0.026031738680360204,0.030734288446787,1.0,1.0,1.0,0.31893004091816685,1
reserve10,pv_first,primary,warmup,recovery_0_6,single_imputation,3,5,0.029023841060169798,0.03873087406379691,1.0,1.0,1.0,0.3472552060532409,1
reserve10,pv_first,primary,warmup,recovery_0_6,single_imputation,4,6,0.029732948984052016,0.03498729205717659,0.8333333333333334,1.0,1.0,0.3630299172336408,1
reserve10,pv_first,primary,warmup,recovery_6_24,aci_bounded,1,33,0.04905016995519693,0.09619366471208178,0.42424242424242425,0.8484848484848485,0.9696969696969697,0.4024023497026243,4
reserve10,pv_first,primary,warmup,recovery_6_24,aci_bounded,2,32,0.0762812851948002,0.1486361234670411,0.5,0.875,1.0,0.5191685689131115,4
reserve10,pv_first,primary,warmup,recovery_6_24,aci_bounded,3,31,0.09422867849850129,0.18669600203265477,0.5806451612903226,0.7741935483870968,0.967741935483871,0.5476374048749549,4
reserve10,pv_first,primary,warmup,recovery_6_24,aci_bounded,4,30,0.0998910305526596,0.20327908463764174,0.5333333333333333,0.7,0.9,0.5369895674737251,4
reserve10,pv_first,primary,warmup,recovery_6_24,carry_forward,1,33,0.05807648187233507,0.1000716331265619,0.30303030303030304,0.6363636363636364,0.8181818181818182,0.40987570611930235,4
reserve10,pv_first,primary,warmup,recovery_6_24,carry_forward,2,32,0.0856253147647648,0.1502320826806403,0.5,0.6875,0.78125,0.49208436433897607,4
reserve10,pv_first,primary,warmup,recovery_6_24,carry_forward,3,31,0.101843081238885,0.1990317733796963,0.5483870967741935,0.6451612903225806,0.7741935483870968,0.5062227964137844,4
reserve10,pv_first,primary,warmup,recovery_6_24,carry_forward,4,30,0.11529343273347205,0.21316382661273137,0.43333333333333335,0.6333333333333333,0.7666666666666667,0.5016841555326298,4
reserve10,pv_first,primary,warmup,recovery_6_24,geometric_persistence,1,33,0.04805716929419329,0.07799459648053637,0.3939393939393939,0.8484848484848485,0.8787878787878788,0.4047806043854493,4
reserve10,pv_first,primary,warmup,recovery_6_24,geometric_persistence,2,32,0.07093432696656295,0.11994441406097185,0.375,0.8125,0.9375,0.5629095654186748,4
reserve10,pv_first,primary,warmup,recovery_6_24,geometric_persistence,3,31,0.08833606160285044,0.15974305914695985,0.41935483870967744,0.8709677419354839,0.967741935483871,0.693414464082567,4
reserve10,pv_first,primary,warmup,recovery_6_24,geometric_persistence,4,30,0.09754028144605384,0.18250600198951586,0.4666666666666667,0.9333333333333333,0.9666666666666667,0.741388816099659,4
reserve10,pv_first,primary,warmup,recovery_6_24,mask50,1,33,0.04905743346081495,0.09619366471208178,0.42424242424242425,0.8484848484848485,0.9696969696969697,0.404302444829938,4
reserve10,pv_first,primary,warmup,recovery_6_24,mask50,2,32,0.0763257474706101,0.1486361234670411,0.5,0.875,1.0,0.5207110846401956,4
reserve10,pv_first,primary,warmup,recovery_6_24,mask50,3,31,0.0942270094397642,0.18669600203265477,0.5806451612903226,0.7741935483870968,0.967741935483871,0.5499649736377571,4
reserve10,pv_first,primary,warmup,recovery_6_24,mask50,4,30,0.10000778899182038,0.20327908463764174,0.5333333333333333,0.7,0.9,0.5399192530661139,4
reserve10,pv_first,primary,warmup,recovery_6_24,mi_recency,1,33,0.04746170696453524,0.08378906388978925,0.42424242424242425,0.8484848484848485,0.9393939393939394,0.3695403915850248,4
reserve10,pv_first,primary,warmup,recovery_6_24,mi_recency,2,32,0.08137123586253882,0.14388300620983116,0.375,0.6875,0.875,0.46845182419963965,4
reserve10,pv_first,primary,warmup,recovery_6_24,mi_recency,3,31,0.10101548365858412,0.17673067070318701,0.3548387096774194,0.7419354838709677,0.7741935483870968,0.5526202121117426,4
reserve10,pv_first,primary,warmup,recovery_6_24,mi_recency,4,30,0.11616199312474465,0.20513850237314518,0.4,0.6666666666666666,0.7666666666666667,0.549115020684518,4
reserve10,pv_first,primary,warmup,recovery_6_24,multiple_imputation,1,33,0.04805089920761166,0.08378906388978925,0.42424242424242425,0.7272727272727273,0.8787878787878788,0.29653199377569245,4
reserve10,pv_first,primary,warmup,recovery_6_24,multiple_imputation,2,32,0.08978581847546524,0.14388300620983116,0.34375,0.59375,0.71875,0.354269225401536,4
reserve10,pv_first,primary,warmup,recovery_6_24,multiple_imputation,3,31,0.11414806940565443,0.17673067070318701,0.3225806451612903,0.5806451612903226,0.6451612903225806,0.3684122130706442,4
reserve10,pv_first,primary,warmup,recovery_6_24,multiple_imputation,4,30,0.13559036191622964,0.20513850237314518,0.26666666666666666,0.43333333333333335,0.5666666666666667,0.3727339986509964,4
reserve10,pv_first,primary,warmup,recovery_6_24,persistence,1,33,0.06917983845263863,0.12667790566829004,0.5757575757575758,0.8787878787878788,0.9696969696969697,0.5191389049355158,4
reserve10,pv_first,primary,warmup,recovery_6_24,persistence,2,32,0.10188898033065276,0.20372735361793154,0.5,0.96875,0.96875,0.7341274557291666,4
reserve10,pv_first,primary,warmup,recovery_6_24,persistence,3,31,0.12070893936668518,0.2516620232910906,0.5483870967741935,0.8709677419354839,0.967741935483871,0.8469784505508352,4
reserve10,pv_first,primary,warmup,recovery_6_24,persistence,4,30,0.131286196616532,0.2796690536805555,0.6,0.9,0.9666666666666667,0.8923194248511905,4
reserve10,pv_first,primary,warmup,recovery_6_24,physical,1,33,0.04913678834221863,0.09619366471208178,0.42424242424242425,0.8787878787878788,0.9696969696969697,0.40999106367439225,4
reserve10,pv_first,primary,warmup,recovery_6_24,physical,2,32,0.07618956624425212,0.1486361234670411,0.5,0.875,1.0,0.5253866816356428,4
reserve10,pv_first,primary,warmup,recovery_6_24,physical,3,31,0.09416855752505388,0.18669600203265477,0.5806451612903226,0.7741935483870968,0.967741935483871,0.55445817114327,4
reserve10,pv_first,primary,warmup,recovery_6_24,physical,4,30,0.09987943922427488,0.20327908463764174,0.5666666666666667,0.7,0.9,0.5447587590202687,4
reserve10,pv_first,primary,warmup,recovery_6_24,physical_availability,1,33,0.04908719290389541,0.09619366471208178,0.42424242424242425,0.8787878787878788,0.9696969696969697,0.40875634302250896,4
reserve10,pv_first,primary,warmup,recovery_6_24,physical_availability,2,32,0.07636120756009433,0.1486361234670411,0.5,0.875,1.0,0.5250344702734001,4
reserve10,pv_first,primary,warmup,recovery_6_24,physical_availability,3,31,0.09409469595453686,0.18669600203265477,0.5806451612903226,0.7741935483870968,0.967741935483871,0.5559591638294638,4
reserve10,pv_first,primary,warmup,recovery_6_24,physical_availability,4,30,0.1002641146729826,0.20327908463764174,0.5666666666666667,0.7,0.9,0.5430614002801465,4
reserve10,pv_first,primary,warmup,recovery_6_24,physical_recovery,1,33,0.049132135768121823,0.09619366471208178,0.42424242424242425,0.8787878787878788,0.9696969696969697,0.4089763239495927,4
reserve10,pv_first,primary,warmup,recovery_6_24,physical_recovery,2,32,0.0761650962619802,0.1486361234670411,0.5,0.875,1.0,0.5245336112938439,4
reserve10,pv_first,primary,warmup,recovery_6_24,physical_recovery,3,31,0.09381326351910975,0.18669600203265477,0.5483870967741935,0.7741935483870968,0.967741935483871,0.554123070080336,4
reserve10,pv_first,primary,warmup,recovery_6_24,physical_recovery,4,30,0.09990218217086404,0.20327908463764174,0.5666666666666667,0.7,0.9,0.5454149059718241,4
reserve10,pv_first,primary,warmup,recovery_6_24,previous_day,1,33,0.1982237012848188,0.3112044024215368,0.09090909090909091,0.30303030303030304,0.6363636363636364,0.6623798881335677,4
reserve10,pv_first,primary,warmup,recovery_6_24,previous_day,2,32,0.1942469679102559,0.30787769982793894,0.09375,0.28125,0.65625,0.686829596454148,4
reserve10,pv_first,primary,warmup,recovery_6_24,previous_day,3,31,0.19253997922529897,0.3070434444364439,0.0967741935483871,0.2903225806451613,0.6774193548387096,0.711283538815284,4
reserve10,pv_first,primary,warmup,recovery_6_24,previous_day,4,30,0.19627756270117627,0.3158013036284722,0.06666666666666667,0.26666666666666666,0.6666666666666666,0.7119071912053572,4
reserve10,pv_first,primary,warmup,recovery_6_24,raw,1,33,0.04913977099699051,0.09619366471208178,0.3939393939393939,0.8181818181818182,0.9090909090909091,0.39646868944562524,4
reserve10,pv_first,primary,warmup,recovery_6_24,raw,2,32,0.0759461200073584,0.1486361234670411,0.46875,0.75,0.96875,0.5019474073994149,4
reserve10,pv_first,primary,warmup,recovery_6_24,raw,3,31,0.0931624318538628,0.18669600203265477,0.5161290322580645,0.6129032258064516,0.9032258064516129,0.5145267671093495,4
reserve10,pv_first,primary,warmup,recovery_6_24,raw,4,30,0.10067413791318089,0.20327908463764174,0.43333333333333335,0.6,0.8666666666666667,0.5136834111546119,4
reserve10,pv_first,primary,warmup,recovery_6_24,recency,1,33,0.04904446835481868,0.09619366471208178,0.42424242424242425,0.8484848484848485,0.9696969696969697,0.4036934820968881,4
reserve10,pv_first,primary,warmup,recovery_6_24,recency,2,32,0.07617474142457023,0.1486361234670411,0.5,0.875,1.0,0.5201165716935877,4
reserve10,pv_first,primary,warmup,recovery_6_24,recency,3,31,0.09406773838597218,0.18669600203265477,0.5806451612903226,0.7741935483870968,0.967741935483871,0.5472066237543131,4
reserve10,pv_first,primary,warmup,recovery_6_24,recency,4,30,0.09972993331924145,0.20327908463764174,0.5333333333333333,0.7,0.9,0.5399828474927921,4
reserve10,pv_first,primary,warmup,recovery_6_24,rolling,1,33,0.04908117999434192,0.09619366471208178,0.42424242424242425,0.8181818181818182,0.9696969696969697,0.40285982743545035,4
reserve10,pv_first,primary,warmup,recovery_6_24,rolling,2,32,0.07628160725156843,0.1486361234670411,0.5,0.875,1.0,0.5168917485731412,4
reserve10,pv_first,primary,warmup,recovery_6_24,rolling,3,31,0.0942960370895683,0.18669600203265477,0.5806451612903226,0.7741935483870968,0.967741935483871,0.5446617612190582,4
reserve10,pv_first,primary,warmup,recovery_6_24,rolling,4,30,0.10001118493932808,0.20327908463764174,0.5333333333333333,0.7,0.9,0.5346208644493928,4
reserve10,pv_first,primary,warmup,recovery_6_24,single_imputation,1,33,0.05302111570909139,0.08809409450005512,0.3939393939393939,0.7575757575757576,0.8787878787878788,0.27346260210561935,4
reserve10,pv_first,primary,warmup,recovery_6_24,single_imputation,2,32,0.0912455544376152,0.14224017183151413,0.34375,0.5625,0.71875,0.33156058584227893,4
reserve10,pv_first,primary,warmup,recovery_6_24,single_imputation,3,31,0.12035132791403064,0.18111745178129016,0.3225806451612903,0.5161290322580645,0.5806451612903226,0.35289718822890354,4
reserve10,pv_first,primary,warmup,recovery_6_24,single_imputation,4,30,0.1405530477764047,0.20816420976213187,0.26666666666666666,0.43333333333333335,0.5666666666666667,0.3656099998302288,4
reserve10,right_aligned,sensitivity,evaluation,normal,physical,1,3111,0.03904349560311431,0.06445761342507329,0.49662487945998074,0.8084217293474767,0.9077467052394729,0.309259887306075,0
reserve10,right_aligned,sensitivity,evaluation,normal,physical,2,3113,0.05187641047087519,0.08958934570359126,0.5101188564086091,0.8107934468358496,0.9119820109219402,0.40465431197494095,0
reserve10,right_aligned,sensitivity,evaluation,normal,physical,3,3113,0.05778574168161923,0.10309467384568462,0.5056215868936716,0.8162544169611308,0.9081272084805654,0.43101836350184813,0
reserve10,right_aligned,sensitivity,evaluation,normal,physical,4,3113,0.06120487102517097,0.11012039517619489,0.5078702216511404,0.8050112431737874,0.9126244779955027,0.4456282499391196,0
reserve10,right_aligned,sensitivity,evaluation,normal,physical_availability,1,3111,0.03903606871828227,0.06445761342507329,0.5014464802314368,0.8106718097074895,0.9093539054966249,0.31037676607963166,0
reserve10,right_aligned,sensitivity,evaluation,normal,physical_availability,2,3113,0.051882843165037024,0.08958934570359126,0.5142948923867652,0.8127208480565371,0.9084484420173466,0.4058312266990076,0
reserve10,right_aligned,sensitivity,evaluation,normal,physical_availability,3,3113,0.057786522391235724,0.10309467384568462,0.5059428204304529,0.8136845486668808,0.9106970767748153,0.4320442500892407,0
reserve10,right_aligned,sensitivity,evaluation,normal,physical_availability,4,3113,0.06120236488897249,0.11012039517619489,0.508833922261484,0.8053324767105686,0.9139094121426277,0.44616176283127146,0
reserve10,right_aligned,sensitivity,evaluation,normal,physical_recovery,1,3111,0.03903743819702167,0.06445761342507329,0.5053037608486017,0.8161362905818065,0.9103182256509161,0.31126167818279404,0
reserve10,right_aligned,sensitivity,evaluation,normal,physical_recovery,2,3113,0.05187709266818883,0.08958934570359126,0.5152585929971089,0.8130420815933184,0.9126244779955027,0.40722820642774527,0
reserve10,right_aligned,sensitivity,evaluation,normal,physical_recovery,3,3113,0.05779791272837646,0.10309467384568462,0.5062640539672342,0.816575650497912,0.9090909090909091,0.4328854087004389,0
reserve10,right_aligned,sensitivity,evaluation,normal,physical_recovery,4,3113,0.06120918483267265,0.11012039517619489,0.5059428204304529,0.8082235785415998,0.9132669450690653,0.446684092974594,0
reserve10,right_aligned,sensitivity,evaluation,normal,raw,1,3111,0.03940296141721116,0.06445761342507329,0.3940855030536805,0.6981677917068466,0.8524590163934426,0.2931652048539361,0
reserve10,right_aligned,sensitivity,evaluation,normal,raw,2,3113,0.052578547428709245,0.08958934570359126,0.3858014776742692,0.6842274333440411,0.830067459042724,0.3802832408007174,0
reserve10,right_aligned,sensitivity,evaluation,normal,raw,3,3113,0.05867598130556024,0.10309467384568462,0.3825891423064568,0.672020558946354,0.8217153870864118,0.39769747227129437,0
reserve10,right_aligned,sensitivity,evaluation,normal,raw,4,3113,0.06214298154328385,0.11012039517619489,0.38194667523289433,0.6723417924831352,0.8156119498875682,0.40781352070289745,0
reserve10,right_aligned,sensitivity,evaluation,normal,recency,1,3111,0.039148893267077906,0.06445761342507329,0.4918032786885246,0.7984570877531341,0.8993892639022822,0.30578805899790734,0
reserve10,right_aligned,sensitivity,evaluation,normal,recency,2,3113,0.052071271251970995,0.08958934570359126,0.5085126887247029,0.8014776742691937,0.9023450048185031,0.400502790704005,0
reserve10,right_aligned,sensitivity,evaluation,normal,recency,3,3113,0.057984327922247725,0.10309467384568462,0.5030517185994218,0.8014776742691937,0.8984902023771282,0.42688933486834274,0
reserve10,right_aligned,sensitivity,evaluation,normal,recency,4,3113,0.0614300921283276,0.11012039517619489,0.5004818503051719,0.7966591712174751,0.9000963700610344,0.44076558284509537,0
reserve10,right_aligned,sensitivity,evaluation,outage,physical,1,301,0.07036550605706388,0.139925437068631,0.5780730897009967,0.8504983388704319,0.9534883720930233,0.5361987534301202,47
reserve10,right_aligned,sensitivity,evaluation,outage,physical,2,298,0.06765884247334718,0.13572822456175151,0.5369127516778524,0.8355704697986577,0.9496644295302014,0.49738128612932303,46
reserve10,right_aligned,sensitivity,evaluation,outage,physical,3,297,0.06807857460033762,0.1384034228551614,0.5084175084175084,0.835016835016835,0.9326599326599326,0.4896476619381216,45
reserve10,right_aligned,sensitivity,evaluation,outage,physical,4,297,0.0669343465764614,0.1297720004809523,0.5252525252525253,0.835016835016835,0.936026936026936,0.4912160803598111,44
reserve10,right_aligned,sensitivity,evaluation,outage,physical_availability,1,301,0.07028247099933668,0.139925437068631,0.5714285714285714,0.8438538205980066,0.9435215946843853,0.531084598444807,47
reserve10,right_aligned,sensitivity,evaluation,outage,physical_availability,2,298,0.06764243723722026,0.13572822456175151,0.5335570469798657,0.8322147651006712,0.9328859060402684,0.4935171519039864,46
reserve10,right_aligned,sensitivity,evaluation,outage,physical_availability,3,297,0.06813866288296302,0.1384034228551614,0.5084175084175084,0.835016835016835,0.9259259259259259,0.4866766912594416,45
reserve10,right_aligned,sensitivity,evaluation,outage,physical_availability,4,297,0.06695076418000048,0.1297720004809523,0.5286195286195287,0.8484848484848485,0.936026936026936,0.4887740633427432,44
reserve10,right_aligned,sensitivity,evaluation,outage,physical_recovery,1,301,0.07028247099933668,0.139925437068631,0.5714285714285714,0.8438538205980066,0.9435215946843853,0.531084598444807,47
reserve10,right_aligned,sensitivity,evaluation,outage,physical_recovery,2,298,0.06764243723722026,0.13572822456175151,0.5335570469798657,0.8322147651006712,0.9328859060402684,0.4935171519039864,46
reserve10,right_aligned,sensitivity,evaluation,outage,physical_recovery,3,297,0.06813866288296302,0.1384034228551614,0.5084175084175084,0.835016835016835,0.9259259259259259,0.4866766912594416,45
reserve10,right_aligned,sensitivity,evaluation,outage,physical_recovery,4,297,0.06695076418000048,0.1297720004809523,0.5286195286195287,0.8484848484848485,0.936026936026936,0.4887740633427432,44
reserve10,right_aligned,sensitivity,evaluation,outage,raw,1,301,0.07014543201843997,0.139925437068631,0.5448504983388704,0.7973421926910299,0.9102990033222591,0.5218463754871259,47
reserve10,right_aligned,sensitivity,evaluation,outage,raw,2,298,0.06756854599995551,0.13572822456175151,0.4697986577181208,0.7516778523489933,0.8959731543624161,0.475925511721278,46
reserve10,right_aligned,sensitivity,evaluation,outage,raw,3,297,0.06803660196039438,0.1384034228551614,0.43097643097643096,0.7104377104377104,0.8686868686868687,0.45876827870786957,45
reserve10,right_aligned,sensitivity,evaluation,outage,raw,4,297,0.06677162108626562,0.1297720004809523,0.4511784511784512,0.7239057239057239,0.8518518518518519,0.455433759529393,44
reserve10,right_aligned,sensitivity,evaluation,outage,recency,1,301,0.07032120164626524,0.139925437068631,0.5714285714285714,0.8438538205980066,0.9501661129568106,0.5350179341819907,47
reserve10,right_aligned,sensitivity,evaluation,outage,recency,2,298,0.06763456010866727,0.13572822456175151,0.5503355704697986,0.8322147651006712,0.9463087248322147,0.49544863710903314,46
reserve10,right_aligned,sensitivity,evaluation,outage,recency,3,297,0.06806891424596269,0.1384034228551614,0.5151515151515151,0.8148148148148148,0.9326599326599326,0.4882699862751874,45
reserve10,right_aligned,sensitivity,evaluation,outage,recency,4,297,0.06706329312366568,0.1297720004809523,0.5353535353535354,0.8249158249158249,0.9326599326599326,0.4892419997528522,44
reserve10,right_aligned,sensitivity,evaluation,recovery_0_6,physical,1,135,0.037887392926979666,0.06515717145551693,0.6,0.8592592592592593,0.9407407407407408,0.3130079739107723,32
reserve10,right_aligned,sensitivity,evaluation,recovery_0_6,physical,2,130,0.045694876456750994,0.08376295604220059,0.5230769230769231,0.9153846153846154,0.9692307692307692,0.4109923791202433,31
reserve10,right_aligned,sensitivity,evaluation,recovery_0_6,physical,3,125,0.050708999628287774,0.09669921147243403,0.552,0.952,0.992,0.45411163368698354,33
reserve10,right_aligned,sensitivity,evaluation,recovery_0_6,physical,4,120,0.05568120686782477,0.10329119131629742,0.525,0.9333333333333333,0.9833333333333333,0.49912248796894537,29
reserve10,right_aligned,sensitivity,evaluation,recovery_0_6,physical_availability,1,135,0.03803940137038991,0.06515717145551693,0.6,0.8592592592592593,0.9333333333333333,0.3128288637205634,32
reserve10,right_aligned,sensitivity,evaluation,recovery_0_6,physical_availability,2,130,0.0457778241997684,0.08376295604220059,0.5307692307692308,0.9,0.9692307692307692,0.41112115271732075,31
reserve10,right_aligned,sensitivity,evaluation,recovery_0_6,physical_availability,3,125,0.050795720368769115,0.09669921147243403,0.552,0.944,0.992,0.45462776945796285,33
reserve10,right_aligned,sensitivity,evaluation,recovery_0_6,physical_availability,4,120,0.05573892491358013,0.10329119131629742,0.5416666666666666,0.9166666666666666,0.975,0.4996483201377803,29
reserve10,right_aligned,sensitivity,evaluation,recovery_0_6,physical_recovery,1,135,0.03791250606201749,0.06515717145551693,0.5851851851851851,0.8518518518518519,0.9407407407407408,0.3115726209266257,32
reserve10,right_aligned,sensitivity,evaluation,recovery_0_6,physical_recovery,2,130,0.0455894655778869,0.08376295604220059,0.5153846153846153,0.9076923076923077,0.9769230769230769,0.4077653669401014,31
reserve10,right_aligned,sensitivity,evaluation,recovery_0_6,physical_recovery,3,125,0.050593544979527914,0.09669921147243403,0.528,0.944,0.984,0.45104922378894274,33
reserve10,right_aligned,sensitivity,evaluation,recovery_0_6,physical_recovery,4,120,0.0555376976400462,0.10329119131629742,0.5333333333333333,0.9166666666666666,0.975,0.49606717783501286,29
reserve10,right_aligned,sensitivity,evaluation,recovery_0_6,raw,1,135,0.037640499164677356,0.06515717145551693,0.5481481481481482,0.8,0.9037037037037037,0.29513005144444665,32
reserve10,right_aligned,sensitivity,evaluation,recovery_0_6,raw,2,130,0.04507754242072836,0.08376295604220059,0.4,0.8076923076923077,0.9461538461538461,0.3862779233006585,31
reserve10,right_aligned,sensitivity,evaluation,recovery_0_6,raw,3,125,0.049787719079115354,0.09669921147243403,0.4,0.808,0.96,0.42075299554203055,33
reserve10,right_aligned,sensitivity,evaluation,recovery_0_6,raw,4,120,0.05506391899097814,0.10329119131629742,0.43333333333333335,0.7833333333333333,0.9083333333333333,0.46068851890808854,29
reserve10,right_aligned,sensitivity,evaluation,recovery_0_6,recency,1,135,0.037844182314114135,0.06515717145551693,0.6296296296296297,0.8814814814814815,0.9333333333333333,0.31009380272143683,32
reserve10,right_aligned,sensitivity,evaluation,recovery_0_6,recency,2,130,0.045490578193033655,0.08376295604220059,0.5153846153846153,0.8846153846153846,0.9769230769230769,0.40793286362199416,31
reserve10,right_aligned,sensitivity,evaluation,recovery_0_6,recency,3,125,0.0504557474607212,0.09669921147243403,0.568,0.936,0.984,0.4504327315227135,33
reserve10,right_aligned,sensitivity,evaluation,recovery_0_6,recency,4,120,0.05552991616168391,0.10329119131629742,0.5166666666666667,0.9166666666666666,0.9666666666666667,0.49487883744941696,29
reserve10,right_aligned,sensitivity,evaluation,recovery_6_24,physical,1,412,0.03739568741458922,0.05894098659533884,0.5048543689320388,0.7864077669902912,0.8956310679611651,0.3162775834768641,45
reserve10,right_aligned,sensitivity,evaluation,recovery_6_24,physical,2,418,0.05392185725330307,0.09053659658471105,0.5023923444976076,0.7727272727272727,0.8851674641148325,0.4118258318953076,45
reserve10,right_aligned,sensitivity,evaluation,recovery_6_24,physical,3,424,0.06037963832491889,0.10681014825706601,0.47877358490566035,0.7641509433962265,0.8584905660377359,0.4321373684606519,45
reserve10,right_aligned,sensitivity,evaluation,recovery_6_24,physical,4,429,0.06285803635315408,0.10854040440052894,0.5104895104895105,0.7855477855477856,0.8694638694638694,0.4420001083477029,45
reserve10,right_aligned,sensitivity,evaluation,recovery_6_24,physical_availability,1,412,0.03741361936770498,0.05894098659533884,0.5097087378640777,0.7888349514563107,0.9053398058252428,0.3181587300497886,45
reserve10,right_aligned,sensitivity,evaluation,recovery_6_24,physical_availability,2,418,0.053885885003152424,0.09053659658471105,0.49760765550239233,0.7799043062200957,0.8971291866028708,0.41353587251299956,45
reserve10,right_aligned,sensitivity,evaluation,recovery_6_24,physical_availability,3,424,0.060344769594844805,0.10681014825706601,0.47877358490566035,0.7688679245283019,0.8702830188679245,0.43394741647999036,45
reserve10,right_aligned,sensitivity,evaluation,recovery_6_24,physical_availability,4,429,0.06287960291166622,0.10854040440052894,0.5104895104895105,0.7832167832167832,0.8671328671328671,0.44314679124597955,45
reserve10,right_aligned,sensitivity,evaluation,recovery_6_24,physical_recovery,1,412,0.03741909990723433,0.05894098659533884,0.5024271844660194,0.7888349514563107,0.9077669902912622,0.31747781473906056,45
reserve10,right_aligned,sensitivity,evaluation,recovery_6_24,physical_recovery,2,418,0.05395103732022515,0.09053659658471105,0.5023923444976076,0.7799043062200957,0.8875598086124402,0.4116574559580499,45
reserve10,right_aligned,sensitivity,evaluation,recovery_6_24,physical_recovery,3,424,0.06045404495921653,0.10681014825706601,0.49056603773584906,0.7641509433962265,0.8561320754716981,0.4331049813744433,45
reserve10,right_aligned,sensitivity,evaluation,recovery_6_24,physical_recovery,4,429,0.06305545812633184,0.10854040440052894,0.5081585081585082,0.7785547785547785,0.8648018648018648,0.4435469968462381,45
reserve10,right_aligned,sensitivity,evaluation,recovery_6_24,raw,1,412,0.03765406338375178,0.05894098659533884,0.4053398058252427,0.6868932038834952,0.8325242718446602,0.30030136606740043,45
reserve10,right_aligned,sensitivity,evaluation,recovery_6_24,raw,2,418,0.054603420186143045,0.09053659658471105,0.3708133971291866,0.6411483253588517,0.7870813397129187,0.38755672600342994,45
reserve10,right_aligned,sensitivity,evaluation,recovery_6_24,raw,3,424,0.06135581444701668,0.10681014825706601,0.3608490566037736,0.6344339622641509,0.7735849056603774,0.40029752344051867,45
reserve10,right_aligned,sensitivity,evaluation,recovery_6_24,raw,4,429,0.06366029669470812,0.10854040440052894,0.3822843822843823,0.6503496503496503,0.7878787878787878,0.40488085965595716,45
reserve10,right_aligned,sensitivity,evaluation,recovery_6_24,recency,1,412,0.03750698251201689,0.05894098659533884,0.49514563106796117,0.779126213592233,0.8859223300970874,0.31231191303408784,45
reserve10,right_aligned,sensitivity,evaluation,recovery_6_24,recency,2,418,0.054004606507975575,0.09053659658471105,0.49760765550239233,0.7583732057416268,0.8708133971291866,0.40758176201645757,45
reserve10,right_aligned,sensitivity,evaluation,recovery_6_24,recency,3,424,0.06052765091661308,0.10681014825706601,0.4858490566037736,0.7523584905660378,0.8608490566037735,0.42860909635349614,45
reserve10,right_aligned,sensitivity,evaluation,recovery_6_24,recency,4,429,0.0629564782471169,0.10854040440052894,0.5128205128205128,0.7738927738927739,0.8601398601398601,0.4377984293832263,45
reserve10,right_aligned,sensitivity,warmup,normal,physical,1,220,0.04227980713023098,0.06627539937140074,0.4818181818181818,0.7727272727272727,0.9090909090909091,0.34726270261168124,0
reserve10,right_aligned,sensitivity,warmup,normal,physical,2,220,0.06113183684378651,0.10606668947652623,0.4318181818181818,0.7636363636363637,0.8863636363636364,0.4840864464906089,0
reserve10,right_aligned,sensitivity,warmup,normal,physical,3,221,0.07094150071838533,0.12924052806499267,0.4434389140271493,0.7420814479638009,0.8914027149321267,0.5020150391179317,0
reserve10,right_aligned,sensitivity,warmup,normal,physical,4,222,0.07639466021783133,0.13812680719750062,0.4774774774774775,0.7252252252252253,0.8558558558558559,0.5163030068649413,0
reserve10,right_aligned,sensitivity,warmup,normal,physical_availability,1,220,0.04228529246406014,0.06627539937140074,0.4818181818181818,0.7727272727272727,0.9090909090909091,0.34945829471493484,0
reserve10,right_aligned,sensitivity,warmup,normal,physical_availability,2,220,0.061157317765176585,0.10606668947652623,0.4318181818181818,0.7636363636363637,0.8863636363636364,0.4853487933558375,0
reserve10,right_aligned,sensitivity,warmup,normal,physical_availability,3,221,0.07098079104850082,0.12924052806499267,0.43891402714932126,0.746606334841629,0.8914027149321267,0.5040072202218185,0
reserve10,right_aligned,sensitivity,warmup,normal,physical_availability,4,222,0.07643042570721797,0.13812680719750062,0.47297297297297297,0.7252252252252253,0.8603603603603603,0.517721362688896,0
reserve10,right_aligned,sensitivity,warmup,normal,physical_recovery,1,220,0.04228603645427927,0.06627539937140074,0.4863636363636364,0.7772727272727272,0.9090909090909091,0.35087822902533594,0
reserve10,right_aligned,sensitivity,warmup,normal,physical_recovery,2,220,0.061104277883082654,0.10606668947652623,0.45,0.7636363636363637,0.8909090909090909,0.485090759382441,0
reserve10,right_aligned,sensitivity,warmup,normal,physical_recovery,3,221,0.0709895490159376,0.12924052806499267,0.4298642533936652,0.7285067873303167,0.8868778280542986,0.5016904573518676,0
reserve10,right_aligned,sensitivity,warmup,normal,physical_recovery,4,222,0.0764472584828822,0.13812680719750062,0.47297297297297297,0.7072072072072072,0.8558558558558559,0.5168945113268232,0
reserve10,right_aligned,sensitivity,warmup,normal,raw,1,220,0.04235018327013455,0.06627539937140074,0.4090909090909091,0.6863636363636364,0.8772727272727273,0.33604977697158883,0
reserve10,right_aligned,sensitivity,warmup,normal,raw,2,220,0.06161857673807683,0.10606668947652623,0.3181818181818182,0.6409090909090909,0.8272727272727273,0.47040035918249734,0
reserve10,right_aligned,sensitivity,warmup,normal,raw,3,221,0.07154858343400403,0.12924052806499267,0.334841628959276,0.6018099547511312,0.8054298642533937,0.480456367738628,0
reserve10,right_aligned,sensitivity,warmup,normal,raw,4,222,0.07676898060428498,0.13812680719750062,0.38288288288288286,0.5990990990990991,0.7792792792792793,0.4938043881589296,0
reserve10,right_aligned,sensitivity,warmup,normal,recency,1,220,0.04230903874972858,0.06627539937140074,0.4681818181818182,0.7454545454545455,0.9,0.3435474873361028,0
reserve10,right_aligned,sensitivity,warmup,normal,recency,2,220,0.061186859749575655,0.10606668947652623,0.41818181818181815,0.759090909090909,0.8818181818181818,0.4814255980652734,0
reserve10,right_aligned,sensitivity,warmup,normal,recency,3,221,0.07090991456169862,0.12924052806499267,0.4479638009049774,0.7330316742081447,0.8868778280542986,0.4978772516306694,0
reserve10,right_aligned,sensitivity,warmup,normal,recency,4,222,0.07630153756576484,0.13812680719750062,0.47297297297297297,0.7252252252252253,0.8468468468468469,0.5126280090930861,0
reserve10,right_aligned,sensitivity,warmup,outage,physical,1,30,0.08756884407297628,0.17097591613824684,0.6333333333333333,0.8,0.9,0.6295246462597699,4
reserve10,right_aligned,sensitivity,warmup,outage,physical,2,30,0.08098142267018073,0.15601360319197138,0.5666666666666667,0.8666666666666667,0.9666666666666667,0.6017234346318634,4
reserve10,right_aligned,sensitivity,warmup,outage,physical,3,29,0.08302735460334826,0.17255684264974497,0.5862068965517241,0.8620689655172413,0.9310344827586207,0.597726879063156,4
reserve10,right_aligned,sensitivity,warmup,outage,physical,4,28,0.08376191999267991,0.1772496957271613,0.5357142857142857,0.8571428571428571,0.9285714285714286,0.5700677963437407,4
reserve10,right_aligned,sensitivity,warmup,outage,physical_availability,1,30,0.0876526306921279,0.17097591613824684,0.6333333333333333,0.8,0.8666666666666667,0.6271973306351785,4
reserve10,right_aligned,sensitivity,warmup,outage,physical_availability,2,30,0.08109553709305772,0.15601360319197138,0.5666666666666667,0.9,0.9333333333333333,0.5968340151579705,4
reserve10,right_aligned,sensitivity,warmup,outage,physical_availability,3,29,0.08328973800058945,0.17255684264974497,0.6206896551724138,0.8620689655172413,0.9310344827586207,0.5970332804241283,4
reserve10,right_aligned,sensitivity,warmup,outage,physical_availability,4,28,0.08371013554945896,0.1772496957271613,0.5357142857142857,0.8928571428571429,0.9285714285714286,0.5694577125062789,4
reserve10,right_aligned,sensitivity,warmup,outage,physical_recovery,1,30,0.0876526306921279,0.17097591613824684,0.6333333333333333,0.8,0.8666666666666667,0.6271973306351785,4
reserve10,right_aligned,sensitivity,warmup,outage,physical_recovery,2,30,0.08109553709305772,0.15601360319197138,0.5666666666666667,0.9,0.9333333333333333,0.5968340151579705,4
reserve10,right_aligned,sensitivity,warmup,outage,physical_recovery,3,29,0.08328973800058945,0.17255684264974497,0.6206896551724138,0.8620689655172413,0.9310344827586207,0.5970332804241283,4
reserve10,right_aligned,sensitivity,warmup,outage,physical_recovery,4,28,0.08371013554945896,0.1772496957271613,0.5357142857142857,0.8928571428571429,0.9285714285714286,0.5694577125062789,4
reserve10,right_aligned,sensitivity,warmup,outage,raw,1,30,0.08799232102322943,0.17097591613824684,0.6333333333333333,0.8,0.8,0.6098468151301503,4
reserve10,right_aligned,sensitivity,warmup,outage,raw,2,30,0.08180886776693377,0.15601360319197138,0.4666666666666667,0.6666666666666666,0.8333333333333334,0.5831414486504357,4
reserve10,right_aligned,sensitivity,warmup,outage,raw,3,29,0.083944827419706,0.17255684264974497,0.3793103448275862,0.6206896551724138,0.7586206896551724,0.5615755820237806,4
reserve10,right_aligned,sensitivity,warmup,outage,raw,4,28,0.08509456794864358,0.1772496957271613,0.2857142857142857,0.6071428571428571,0.75,0.5402232760203056,4
reserve10,right_aligned,sensitivity,warmup,outage,recency,1,30,0.0877630669810557,0.17097591613824684,0.6333333333333333,0.8,0.8666666666666667,0.6259699396860609,4
reserve10,right_aligned,sensitivity,warmup,outage,recency,2,30,0.08091841731995796,0.15601360319197138,0.5666666666666667,0.8,0.9333333333333333,0.6003415131640825,4
reserve10,right_aligned,sensitivity,warmup,outage,recency,3,29,0.08333721246441017,0.17255684264974497,0.5862068965517241,0.8620689655172413,0.9310344827586207,0.5896509991591953,4
reserve10,right_aligned,sensitivity,warmup,outage,recency,4,28,0.08403028266047759,0.1772496957271613,0.4642857142857143,0.8571428571428571,0.9285714285714286,0.5636663796480058,4
reserve10,right_aligned,sensitivity,warmup,recovery_0_6,physical,1,4,0.009825229605738096,0.009057126320212744,0.5,1.0,1.0,0.1963821005283819,2
reserve10,right_aligned,sensitivity,warmup,recovery_0_6,physical,2,3,0.017357080894972152,0.023255739872452576,0.6666666666666666,1.0,1.0,0.23856572833428932,2
reserve10,right_aligned,sensitivity,warmup,recovery_0_6,physical,3,3,0.022366286435425473,0.028039250833322742,0.6666666666666666,1.0,1.0,0.22177108388690336,2
reserve10,right_aligned,sensitivity,warmup,recovery_0_6,physical,4,3,0.03912727997802439,0.03378930423253777,0.6666666666666666,1.0,1.0,0.36647222521614015,1
reserve10,right_aligned,sensitivity,warmup,recovery_0_6,physical_availability,1,4,0.009741631017802708,0.009057126320212744,0.5,1.0,1.0,0.1917115760328061,2
reserve10,right_aligned,sensitivity,warmup,recovery_0_6,physical_availability,2,3,0.017632284669134694,0.023255739872452576,0.6666666666666666,1.0,1.0,0.2292991964007363,2
reserve10,right_aligned,sensitivity,warmup,recovery_0_6,physical_availability,3,3,0.022634619538640443,0.028039250833322742,0.6666666666666666,1.0,1.0,0.22177108388690336,2
reserve10,right_aligned,sensitivity,warmup,recovery_0_6,physical_availability,4,3,0.03895208781730407,0.03378930423253777,0.6666666666666666,1.0,1.0,0.3645860297818195,1
reserve10,right_aligned,sensitivity,warmup,recovery_0_6,physical_recovery,1,4,0.009788352832529353,0.009057126320212744,0.5,1.0,1.0,0.19324943277137616,2
reserve10,right_aligned,sensitivity,warmup,recovery_0_6,physical_recovery,2,3,0.017761325948514227,0.023255739872452576,0.6666666666666666,1.0,1.0,0.23759906856107604,2
reserve10,right_aligned,sensitivity,warmup,recovery_0_6,physical_recovery,3,3,0.02274474668450907,0.028039250833322742,0.6666666666666666,1.0,1.0,0.22177108388690336,2
reserve10,right_aligned,sensitivity,warmup,recovery_0_6,physical_recovery,4,3,0.03903897542125967,0.03378930423253777,0.6666666666666666,1.0,1.0,0.36616946872067113,1
reserve10,right_aligned,sensitivity,warmup,recovery_0_6,raw,1,4,0.009497081448472496,0.009057126320212744,0.5,0.75,1.0,0.18350333215809608,2
reserve10,right_aligned,sensitivity,warmup,recovery_0_6,raw,2,3,0.017386260810099433,0.023255739872452576,0.3333333333333333,0.3333333333333333,1.0,0.21186853026119012,2
reserve10,right_aligned,sensitivity,warmup,recovery_0_6,raw,3,3,0.020581260743305848,0.028039250833322742,0.3333333333333333,0.6666666666666666,1.0,0.20697028777488521,2
reserve10,right_aligned,sensitivity,warmup,recovery_0_6,raw,4,3,0.03777660494940282,0.03378930423253777,0.6666666666666666,0.6666666666666666,0.6666666666666666,0.34776759987770706,1
reserve10,right_aligned,sensitivity,warmup,recovery_0_6,recency,1,4,0.009757696720392775,0.009057126320212744,0.5,1.0,1.0,0.19981151128889152,2
reserve10,right_aligned,sensitivity,warmup,recovery_0_6,recency,2,3,0.01734006417863952,0.023255739872452576,0.6666666666666666,1.0,1.0,0.23776641056882705,2
reserve10,right_aligned,sensitivity,warmup,recovery_0_6,recency,3,3,0.022585987462185774,0.028039250833322742,1.0,1.0,1.0,0.23004694559245484,2
reserve10,right_aligned,sensitivity,warmup,recovery_0_6,recency,4,3,0.03921722729066545,0.03378930423253777,0.6666666666666666,1.0,1.0,0.36973298178182157,1
reserve10,right_aligned,sensitivity,warmup,recovery_6_24,physical,1,33,0.04990008836424855,0.08712469051661054,0.5151515151515151,0.8787878787878788,1.0,0.42341476867837796,4
reserve10,right_aligned,sensitivity,warmup,recovery_6_24,physical,2,34,0.07742361775373412,0.14530414055388688,0.5294117647058824,0.7941176470588235,1.0,0.5333325717471801,4
reserve10,right_aligned,sensitivity,warmup,recovery_6_24,physical,3,34,0.09022888384057658,0.17689758504670466,0.6176470588235294,0.8235294117647058,0.9705882352941176,0.5692320334224199,4
reserve10,right_aligned,sensitivity,warmup,recovery_6_24,physical,4,34,0.09770330294620569,0.18970109919462064,0.5882352941176471,0.7647058823529411,0.9705882352941176,0.5604136915887186,4
reserve10,right_aligned,sensitivity,warmup,recovery_6_24,physical_availability,1,33,0.04985169755156013,0.08712469051661054,0.5151515151515151,0.8787878787878788,1.0,0.4213205560701202,4
reserve10,right_aligned,sensitivity,warmup,recovery_6_24,physical_availability,2,34,0.07746064992058686,0.14530414055388688,0.5294117647058824,0.7941176470588235,1.0,0.5323609314808385,4
reserve10,right_aligned,sensitivity,warmup,recovery_6_24,physical_availability,3,34,0.09031306235003753,0.17689758504670466,0.6176470588235294,0.8235294117647058,0.9705882352941176,0.5674032052437669,4
reserve10,right_aligned,sensitivity,warmup,recovery_6_24,physical_availability,4,34,0.09792548454981839,0.18970109919462064,0.5882352941176471,0.7647058823529411,0.9705882352941176,0.5593754203685192,4
reserve10,right_aligned,sensitivity,warmup,recovery_6_24,physical_recovery,1,33,0.049824356869482674,0.08712469051661054,0.5151515151515151,0.8787878787878788,1.0,0.4202396378450122,4
reserve10,right_aligned,sensitivity,warmup,recovery_6_24,physical_recovery,2,34,0.07730178722763129,0.14530414055388688,0.5588235294117647,0.7941176470588235,1.0,0.5322832400991541,4
reserve10,right_aligned,sensitivity,warmup,recovery_6_24,physical_recovery,3,34,0.08984154754148609,0.17689758504670466,0.6176470588235294,0.8235294117647058,0.9705882352941176,0.5675506368156982,4
reserve10,right_aligned,sensitivity,warmup,recovery_6_24,physical_recovery,4,34,0.09741713379808996,0.18970109919462064,0.5588235294117647,0.7647058823529411,0.9705882352941176,0.5596238363240871,4
reserve10,right_aligned,sensitivity,warmup,recovery_6_24,raw,1,33,0.0496165294050128,0.08712469051661054,0.48484848484848486,0.8181818181818182,0.9696969696969697,0.40537176338296355,4
reserve10,right_aligned,sensitivity,warmup,recovery_6_24,raw,2,34,0.0780176128654251,0.14530414055388688,0.4411764705882353,0.7058823529411765,0.9705882352941176,0.5148878850905969,4
reserve10,right_aligned,sensitivity,warmup,recovery_6_24,raw,3,34,0.08887854182166366,0.17689758504670466,0.47058823529411764,0.6764705882352942,0.9117647058823529,0.5312475307444547,4
reserve10,right_aligned,sensitivity,warmup,recovery_6_24,raw,4,34,0.09574643426044571,0.18970109919462064,0.47058823529411764,0.6470588235294118,0.9117647058823529,0.5250565676670437,4
reserve10,right_aligned,sensitivity,warmup,recovery_6_24,recency,1,33,0.04969614513532522,0.08712469051661054,0.48484848484848486,0.9090909090909091,1.0,0.41362568372969416,4
reserve10,right_aligned,sensitivity,warmup,recovery_6_24,recency,2,34,0.07769920501802197,0.14530414055388688,0.5294117647058824,0.7647058823529411,0.9705882352941176,0.5299242390716526,4
reserve10,right_aligned,sensitivity,warmup,recovery_6_24,recency,3,34,0.08980024801691346,0.17689758504670466,0.6176470588235294,0.8235294117647058,0.9117647058823529,0.5587537275091516,4
reserve10,right_aligned,sensitivity,warmup,recovery_6_24,recency,4,34,0.0963480477305504,0.18970109919462064,0.5882352941176471,0.7647058823529411,0.9411764705882353,0.5520105238071399,4
reserve10,receipt_5min,sensitivity,evaluation,normal,physical,1,3111,0.039068990144692645,0.06462650868284732,0.50401800064288,0.805528768884603,0.907103825136612,0.3051170039207592,0
reserve10,receipt_5min,sensitivity,evaluation,normal,physical,2,3113,0.05213560164403433,0.08986230285398311,0.5094763893350466,0.8127208480565371,0.9078059749437841,0.40503336086833935,0
reserve10,receipt_5min,sensitivity,evaluation,normal,physical,3,3113,0.0580280945010381,0.10267084460972248,0.5062640539672342,0.8133633151300996,0.9094121426276903,0.433392305456586,0
reserve10,receipt_5min,sensitivity,evaluation,normal,physical,4,3113,0.061134219626033236,0.11021058209581264,0.5036941856729843,0.8111146803726309,0.9081272084805654,0.44189886456771843,0
reserve10,receipt_5min,sensitivity,evaluation,normal,physical_availability,1,3111,0.039062915794917705,0.06462650868284732,0.5027322404371585,0.8058502089360334,0.9067823850851816,0.3063461551133256,0
reserve10,receipt_5min,sensitivity,evaluation,normal,physical_availability,2,3113,0.052143569087063815,0.08986230285398311,0.5101188564086091,0.8107934468358496,0.9081272084805654,0.4061757570758644,0
reserve10,receipt_5min,sensitivity,evaluation,normal,physical_availability,3,3113,0.05804476950193811,0.10267084460972248,0.5072277545775778,0.8123996145197558,0.9126244779955027,0.4344439651265057,0
reserve10,receipt_5min,sensitivity,evaluation,normal,physical_availability,4,3113,0.06114341051284033,0.11021058209581264,0.49983938323160937,0.8111146803726309,0.9078059749437841,0.4428273548183893,0
reserve10,receipt_5min,sensitivity,evaluation,normal,physical_recovery,1,3111,0.03906014534826915,0.06462650868284732,0.5059466409514626,0.8097074895531984,0.9080681452909033,0.30767890342200377,0
reserve10,receipt_5min,sensitivity,evaluation,normal,physical_recovery,2,3113,0.05214426663700285,0.08986230285398311,0.5110825570189528,0.8133633151300996,0.9135881786058464,0.4078960977448412,0
reserve10,receipt_5min,sensitivity,evaluation,normal,physical_recovery,3,3113,0.058049872496287194,0.10267084460972248,0.5078702216511404,0.8159331834243495,0.9132669450690653,0.4350928569185708,0
reserve10,receipt_5min,sensitivity,evaluation,normal,physical_recovery,4,3113,0.06115830612073596,0.11021058209581264,0.49951814969482816,0.8104722132990684,0.9074847414070029,0.4430980923672729,0
reserve10,receipt_5min,sensitivity,evaluation,normal,raw,1,3111,0.03942591208009183,0.06462650868284732,0.41305046608807455,0.6997749919639987,0.8514946962391514,0.2887164804412001,0
reserve10,receipt_5min,sensitivity,evaluation,normal,raw,2,3113,0.05289894730678714,0.08986230285398311,0.39190491487311274,0.6810150979762287,0.8226790876967556,0.3787946335252224,0
reserve10,receipt_5min,sensitivity,evaluation,normal,raw,3,3113,0.05896697044873823,0.10267084460972248,0.37423707035014453,0.6710568583360103,0.8207516864760681,0.39937266830621715,0
reserve10,receipt_5min,sensitivity,evaluation,normal,raw,4,3113,0.06208357512106924,0.11021058209581264,0.37680693864439446,0.6659171217475104,0.8194667523289432,0.40480298090922806,0
reserve10,receipt_5min,sensitivity,evaluation,normal,recency,1,3111,0.03918614712881577,0.06462650868284732,0.5017679202828672,0.7984570877531341,0.8987463837994214,0.3009708706327102,0
reserve10,receipt_5min,sensitivity,evaluation,normal,recency,2,3113,0.05234841201687766,0.08986230285398311,0.5078702216511404,0.8011564407324124,0.8997751365242531,0.40008690264595276,0
reserve10,receipt_5min,sensitivity,evaluation,normal,recency,3,3113,0.05823675845147461,0.10267084460972248,0.5036941856729843,0.8043687761002248,0.901060070671378,0.42815668468730994,0
reserve10,receipt_5min,sensitivity,evaluation,normal,recency,4,3113,0.061363093727146364,0.11021058209581264,0.49726951493735944,0.799229039511725,0.8988114359139094,0.43682286919095376,0
reserve10,receipt_5min,sensitivity,evaluation,outage,physical,1,301,0.06988782974770026,0.1389758663068556,0.5481727574750831,0.8504983388704319,0.9568106312292359,0.5274031568487862,47
reserve10,receipt_5min,sensitivity,evaluation,outage,physical,2,298,0.06822512604562805,0.13752853152221994,0.5536912751677853,0.8322147651006712,0.9261744966442953,0.4964854856945675,46
reserve10,receipt_5min,sensitivity,evaluation,outage,physical,3,297,0.06788587527392693,0.1359482289270497,0.5353535353535354,0.8316498316498316,0.9494949494949495,0.49728150518200726,45
reserve10,receipt_5min,sensitivity,evaluation,outage,physical,4,297,0.06711831981422658,0.13216526579252993,0.494949494949495,0.8181818181818182,0.9427609427609428,0.4907133135257136,44
reserve10,receipt_5min,sensitivity,evaluation,outage,physical_availability,1,301,0.0698507806556951,0.1389758663068556,0.5382059800664452,0.8372093023255814,0.9435215946843853,0.5227114436880494,47
reserve10,receipt_5min,sensitivity,evaluation,outage,physical_availability,2,298,0.06826962672201653,0.13752853152221994,0.5469798657718121,0.8154362416107382,0.9228187919463087,0.4927313159795328,46
reserve10,receipt_5min,sensitivity,evaluation,outage,physical_availability,3,297,0.06794219122975362,0.1359482289270497,0.5151515151515151,0.835016835016835,0.9461279461279462,0.4934126276087112,45
reserve10,receipt_5min,sensitivity,evaluation,outage,physical_availability,4,297,0.06707442325088016,0.13216526579252993,0.5016835016835017,0.8282828282828283,0.9461279461279462,0.4871630654801618,44
reserve10,receipt_5min,sensitivity,evaluation,outage,physical_recovery,1,301,0.0698507806556951,0.1389758663068556,0.5382059800664452,0.8372093023255814,0.9435215946843853,0.5227114436880494,47
reserve10,receipt_5min,sensitivity,evaluation,outage,physical_recovery,2,298,0.06826962672201653,0.13752853152221994,0.5469798657718121,0.8154362416107382,0.9228187919463087,0.4927313159795328,46
reserve10,receipt_5min,sensitivity,evaluation,outage,physical_recovery,3,297,0.06794219122975362,0.1359482289270497,0.5151515151515151,0.835016835016835,0.9461279461279462,0.4934126276087112,45
reserve10,receipt_5min,sensitivity,evaluation,outage,physical_recovery,4,297,0.06707442325088016,0.13216526579252993,0.5016835016835017,0.8282828282828283,0.9461279461279462,0.4871630654801618,44
reserve10,receipt_5min,sensitivity,evaluation,outage,raw,1,301,0.06970846141928175,0.1389758663068556,0.5049833887043189,0.7906976744186046,0.9136212624584718,0.5129707786401817,47
reserve10,receipt_5min,sensitivity,evaluation,outage,raw,2,298,0.06818513594840477,0.13752853152221994,0.4697986577181208,0.7550335570469798,0.8791946308724832,0.4730595609160716,46
reserve10,receipt_5min,sensitivity,evaluation,outage,raw,3,297,0.06764361104782105,0.1359482289270497,0.43097643097643096,0.7239057239057239,0.8888888888888888,0.4665905980348166,45
reserve10,receipt_5min,sensitivity,evaluation,outage,raw,4,297,0.066962611151015,0.13216526579252993,0.42424242424242425,0.7138047138047138,0.8619528619528619,0.4564779858711298,44
reserve10,receipt_5min,sensitivity,evaluation,outage,recency,1,301,0.06984879571172642,0.1389758663068556,0.5481727574750831,0.8372093023255814,0.9501661129568106,0.5264644213210674,47
reserve10,receipt_5min,sensitivity,evaluation,outage,recency,2,298,0.06819134844539336,0.13752853152221994,0.5469798657718121,0.8221476510067114,0.9295302013422819,0.4942787979135899,46
reserve10,receipt_5min,sensitivity,evaluation,outage,recency,3,297,0.06788992786783712,0.1359482289270497,0.531986531986532,0.8148148148148148,0.9494949494949495,0.4955362378508198,45
reserve10,receipt_5min,sensitivity,evaluation,outage,recency,4,297,0.06718182576679861,0.13216526579252993,0.4983164983164983,0.8114478114478114,0.9427609427609428,0.48860217902389663,44
reserve10,receipt_5min,sensitivity,evaluation,recovery_0_6,physical,1,135,0.03666740788809107,0.06357063288302697,0.5777777777777777,0.8888888888888888,0.9407407407407408,0.3180963695445216,32
reserve10,receipt_5min,sensitivity,evaluation,recovery_0_6,physical,2,130,0.04599594307172582,0.08546536763957152,0.5,0.9,0.9769230769230769,0.4053921713991294,31
reserve10,receipt_5min,sensitivity,evaluation,recovery_0_6,physical,3,125,0.05015201117196608,0.09176450249365303,0.536,0.928,0.976,0.460208699729038,33
reserve10,receipt_5min,sensitivity,evaluation,recovery_0_6,physical,4,120,0.0549149164714473,0.10226681546329487,0.55,0.95,0.9833333333333333,0.4981472561208765,29
reserve10,receipt_5min,sensitivity,evaluation,recovery_0_6,physical_availability,1,135,0.03677967537332685,0.06357063288302697,0.5703703703703704,0.8888888888888888,0.9555555555555556,0.31788967121924727,32
reserve10,receipt_5min,sensitivity,evaluation,recovery_0_6,physical_availability,2,130,0.046012355044946544,0.08546536763957152,0.5384615384615384,0.9076923076923077,0.9769230769230769,0.405532495134211,31
reserve10,receipt_5min,sensitivity,evaluation,recovery_0_6,physical_availability,3,125,0.05021542389768208,0.09176450249365303,0.56,0.928,0.976,0.46045141515133853,33
reserve10,receipt_5min,sensitivity,evaluation,recovery_0_6,physical_availability,4,120,0.054918889614377166,0.10226681546329487,0.55,0.95,0.9833333333333333,0.49910678776048967,29
reserve10,receipt_5min,sensitivity,evaluation,recovery_0_6,physical_recovery,1,135,0.03669887697907553,0.06357063288302697,0.562962962962963,0.8888888888888888,0.9407407407407408,0.31592159419412336,32
reserve10,receipt_5min,sensitivity,evaluation,recovery_0_6,physical_recovery,2,130,0.04586613453438034,0.08546536763957152,0.5230769230769231,0.9076923076923077,0.9769230769230769,0.4015491525818317,31
reserve10,receipt_5min,sensitivity,evaluation,recovery_0_6,physical_recovery,3,125,0.050033702051986075,0.09176450249365303,0.528,0.92,0.976,0.45724845976081346,33
reserve10,receipt_5min,sensitivity,evaluation,recovery_0_6,physical_recovery,4,120,0.05478062311643968,0.10226681546329487,0.5416666666666666,0.95,0.9833333333333333,0.49464196012676387,29
reserve10,receipt_5min,sensitivity,evaluation,recovery_0_6,raw,1,135,0.03651436615091841,0.06357063288302697,0.5259259259259259,0.7925925925925926,0.9185185185185185,0.29980362792769033,32
reserve10,receipt_5min,sensitivity,evaluation,recovery_0_6,raw,2,130,0.04538566086264884,0.08546536763957152,0.3769230769230769,0.8076923076923077,0.9307692307692308,0.37808120266354556,31
reserve10,receipt_5min,sensitivity,evaluation,recovery_0_6,raw,3,125,0.049276992079114804,0.09176450249365303,0.376,0.816,0.936,0.42646254470323136,33
reserve10,receipt_5min,sensitivity,evaluation,recovery_0_6,raw,4,120,0.05417617589462256,0.10226681546329487,0.36666666666666664,0.775,0.925,0.4601975668051066,29
reserve10,receipt_5min,sensitivity,evaluation,recovery_0_6,recency,1,135,0.036698106061210545,0.06357063288302697,0.5555555555555556,0.8666666666666667,0.9407407407407408,0.3143624034901217,32
reserve10,receipt_5min,sensitivity,evaluation,recovery_0_6,recency,2,130,0.045791193829107235,0.08546536763957152,0.5153846153846153,0.9153846153846154,0.9769230769230769,0.39964362819249927,31
reserve10,receipt_5min,sensitivity,evaluation,recovery_0_6,recency,3,125,0.04988448765265963,0.09176450249365303,0.544,0.928,0.976,0.4550677943565848,33
reserve10,receipt_5min,sensitivity,evaluation,recovery_0_6,recency,4,120,0.05472081819183038,0.10226681546329487,0.525,0.9166666666666666,0.975,0.4931541135211522,29
reserve10,receipt_5min,sensitivity,evaluation,recovery_6_24,physical,1,412,0.03730817341133648,0.05866703115109794,0.46359223300970875,0.7936893203883495,0.8932038834951457,0.312286893526388,45
reserve10,receipt_5min,sensitivity,evaluation,recovery_6_24,physical,2,418,0.05369400047829442,0.08961226703412552,0.5119617224880383,0.7870813397129187,0.8923444976076556,0.41295465213725174,45
reserve10,receipt_5min,sensitivity,evaluation,recovery_6_24,physical,3,424,0.060554761148100246,0.10582274001577409,0.4882075471698113,0.7665094339622641,0.8608490566037735,0.43490652508037614,45
reserve10,receipt_5min,sensitivity,evaluation,recovery_6_24,physical,4,429,0.06276563521036041,0.10911590758061598,0.5244755244755245,0.7855477855477856,0.8648018648018648,0.43949205453277607,45
reserve10,receipt_5min,sensitivity,evaluation,recovery_6_24,physical_availability,1,412,0.03731755572500674,0.05866703115109794,0.46601941747572817,0.7936893203883495,0.9029126213592233,0.31413777426300366,45
reserve10,receipt_5min,sensitivity,evaluation,recovery_6_24,physical_availability,2,418,0.053628445561054304,0.08961226703412552,0.507177033492823,0.7894736842105263,0.8923444976076556,0.4144303220308571,45
reserve10,receipt_5min,sensitivity,evaluation,recovery_6_24,physical_availability,3,424,0.060567918503046325,0.10582274001577409,0.4882075471698113,0.7641509433962265,0.8608490566037735,0.43659251099992785,45
reserve10,receipt_5min,sensitivity,evaluation,recovery_6_24,physical_availability,4,429,0.06278452765713126,0.10911590758061598,0.5291375291375291,0.7785547785547785,0.8648018648018648,0.4404812854752757,45
reserve10,receipt_5min,sensitivity,evaluation,recovery_6_24,physical_recovery,1,412,0.03733070388521988,0.05866703115109794,0.4684466019417476,0.7912621359223301,0.9029126213592233,0.31351354245435203,45
reserve10,receipt_5min,sensitivity,evaluation,recovery_6_24,physical_recovery,2,418,0.053670863477582036,0.08961226703412552,0.5143540669856459,0.7822966507177034,0.8995215311004785,0.4132443335999319,45
reserve10,receipt_5min,sensitivity,evaluation,recovery_6_24,physical_recovery,3,424,0.0606513625830538,0.10582274001577409,0.5023584905660378,0.7617924528301887,0.8608490566037735,0.4360003970760264,45
reserve10,receipt_5min,sensitivity,evaluation,recovery_6_24,physical_recovery,4,429,0.06294476894693285,0.10911590758061598,0.5268065268065268,0.7832167832167832,0.8578088578088578,0.44162336297026,45
reserve10,receipt_5min,sensitivity,evaluation,recovery_6_24,raw,1,412,0.037618788361641196,0.05866703115109794,0.38349514563106796,0.6723300970873787,0.8446601941747572,0.2963682838930496,45
reserve10,receipt_5min,sensitivity,evaluation,recovery_6_24,raw,2,418,0.054269584392060144,0.08961226703412552,0.37559808612440193,0.6626794258373205,0.7966507177033493,0.3871182371561597,45
reserve10,receipt_5min,sensitivity,evaluation,recovery_6_24,raw,3,424,0.06149160144973542,0.10582274001577409,0.37028301886792453,0.6533018867924528,0.7759433962264151,0.4019626408788276,45
reserve10,receipt_5min,sensitivity,evaluation,recovery_6_24,raw,4,429,0.06363274409906566,0.10911590758061598,0.3752913752913753,0.6503496503496503,0.7785547785547785,0.40243093017785975,45
reserve10,receipt_5min,sensitivity,evaluation,recovery_6_24,recency,1,412,0.0374493592152764,0.05866703115109794,0.46601941747572817,0.7815533980582524,0.883495145631068,0.30819837308914166,45
reserve10,receipt_5min,sensitivity,evaluation,recovery_6_24,recency,2,418,0.0537630241157079,0.08961226703412552,0.49760765550239233,0.7751196172248804,0.8803827751196173,0.4077617239997577,45
reserve10,receipt_5min,sensitivity,evaluation,recovery_6_24,recency,3,424,0.06065629194726502,0.10582274001577409,0.49528301886792453,0.7547169811320755,0.8514150943396226,0.43053564651183657,45
reserve10,receipt_5min,sensitivity,evaluation,recovery_6_24,recency,4,429,0.06283877203206364,0.10911590758061598,0.5151515151515151,0.7762237762237763,0.8484848484848485,0.43410134345978374,45
reserve10,receipt_5min,sensitivity,warmup,normal,physical,1,220,0.04198754497070819,0.06723836438626632,0.4727272727272727,0.75,0.8863636363636364,0.3372032715732299,0
reserve10,receipt_5min,sensitivity,warmup,normal,physical,2,220,0.06088976857295922,0.10395639449483692,0.4409090909090909,0.7272727272727273,0.8909090909090909,0.4840221759481381,0
reserve10,receipt_5min,sensitivity,warmup,normal,physical,3,221,0.07127418005154289,0.12863576657347217,0.4796380090497738,0.7647058823529411,0.8733031674208145,0.5065360788307596,0
reserve10,receipt_5min,sensitivity,warmup,normal,physical,4,222,0.07603150984055798,0.1404906986458725,0.4864864864864865,0.7432432432432432,0.8378378378378378,0.5131427940406222,0
reserve10,receipt_5min,sensitivity,warmup,normal,physical_availability,1,220,0.042006214170888186,0.06723836438626632,0.4727272727272727,0.7545454545454545,0.8909090909090909,0.3393525632364487,0
reserve10,receipt_5min,sensitivity,warmup,normal,physical_availability,2,220,0.06091657206604403,0.10395639449483692,0.42727272727272725,0.7318181818181818,0.8909090909090909,0.4854170362225153,0
reserve10,receipt_5min,sensitivity,warmup,normal,physical_availability,3,221,0.07131669204268747,0.12863576657347217,0.47058823529411764,0.7601809954751131,0.8642533936651584,0.5082960491696397,0
reserve10,receipt_5min,sensitivity,warmup,normal,physical_availability,4,222,0.07610767847302663,0.1404906986458725,0.4774774774774775,0.7252252252252253,0.8333333333333334,0.5139405698640142,0
reserve10,receipt_5min,sensitivity,warmup,normal,physical_recovery,1,220,0.04201821253445714,0.06723836438626632,0.4727272727272727,0.7636363636363637,0.8954545454545455,0.34153028654477147,0
reserve10,receipt_5min,sensitivity,warmup,normal,physical_recovery,2,220,0.06090981077070668,0.10395639449483692,0.45,0.7272727272727273,0.8909090909090909,0.48506223526148656,0
reserve10,receipt_5min,sensitivity,warmup,normal,physical_recovery,3,221,0.07134565250431384,0.12863576657347217,0.45701357466063347,0.746606334841629,0.8642533936651584,0.5064463321155077,0
reserve10,receipt_5min,sensitivity,warmup,normal,physical_recovery,4,222,0.0761167580524919,0.1404906986458725,0.4774774774774775,0.7207207207207207,0.8198198198198198,0.5161073205577932,0
reserve10,receipt_5min,sensitivity,warmup,normal,raw,1,220,0.04211563604903419,0.06723836438626632,0.38181818181818183,0.6863636363636364,0.8681818181818182,0.3271313891430648,0
reserve10,receipt_5min,sensitivity,warmup,normal,raw,2,220,0.0614218321947888,0.10395639449483692,0.3181818181818182,0.5818181818181818,0.8272727272727273,0.4689763912943176,0
reserve10,receipt_5min,sensitivity,warmup,normal,raw,3,221,0.07191860829642455,0.12863576657347217,0.3665158371040724,0.5882352941176471,0.7828054298642534,0.4814962238541265,0
reserve10,receipt_5min,sensitivity,warmup,normal,raw,4,222,0.07665839499975012,0.1404906986458725,0.3918918918918919,0.5720720720720721,0.7657657657657657,0.48823551798359094,0
reserve10,receipt_5min,sensitivity,warmup,normal,recency,1,220,0.042000739634992325,0.06723836438626632,0.4636363636363636,0.7454545454545455,0.8818181818181818,0.33358454626753015,0
reserve10,receipt_5min,sensitivity,warmup,normal,recency,2,220,0.06096593146783958,0.10395639449483692,0.4318181818181818,0.7227272727272728,0.8772727272727273,0.48021024434104,0
reserve10,receipt_5min,sensitivity,warmup,normal,recency,3,221,0.07130266013883826,0.12863576657347217,0.47058823529411764,0.755656108597285,0.8733031674208145,0.5029400073420724,0
reserve10,receipt_5min,sensitivity,warmup,normal,recency,4,222,0.07604540982867444,0.1404906986458725,0.4864864864864865,0.7207207207207207,0.8198198198198198,0.5102213510792019,0
reserve10,receipt_5min,sensitivity,warmup,outage,physical,1,30,0.0861413998087002,0.16410429257883405,0.5333333333333333,0.8,0.9333333333333333,0.6262243261113887,4
reserve10,receipt_5min,sensitivity,warmup,outage,physical,2,30,0.08083962042233835,0.149657521573865,0.5666666666666667,0.8,0.9333333333333333,0.6040251046225689,4
reserve10,receipt_5min,sensitivity,warmup,outage,physical,3,29,0.08320295077000349,0.17436674412678063,0.6551724137931034,0.8620689655172413,0.9655172413793104,0.595981609843254,4
reserve10,receipt_5min,sensitivity,warmup,outage,physical,4,28,0.08242440763727188,0.18606392255864593,0.5357142857142857,0.8928571428571429,0.9285714285714286,0.572233290747627,4
reserve10,receipt_5min,sensitivity,warmup,outage,physical_availability,1,30,0.0861501084272033,0.16410429257883405,0.5333333333333333,0.8,0.9333333333333333,0.6241238078844525,4
reserve10,receipt_5min,sensitivity,warmup,outage,physical_availability,2,30,0.08087880113291192,0.149657521573865,0.5666666666666667,0.8,0.9,0.6000176385234017,4
reserve10,receipt_5min,sensitivity,warmup,outage,physical_availability,3,29,0.08342161731378499,0.17436674412678063,0.6551724137931034,0.8275862068965517,0.9310344827586207,0.5921672352609512,4
reserve10,receipt_5min,sensitivity,warmup,outage,physical_availability,4,28,0.08249333504384841,0.18606392255864593,0.5714285714285714,0.8928571428571429,0.9285714285714286,0.5728605870488847,4
reserve10,receipt_5min,sensitivity,warmup,outage,physical_recovery,1,30,0.0861501084272033,0.16410429257883405,0.5333333333333333,0.8,0.9333333333333333,0.6241238078844525,4
reserve10,receipt_5min,sensitivity,warmup,outage,physical_recovery,2,30,0.08087880113291192,0.149657521573865,0.5666666666666667,0.8,0.9,0.6000176385234017,4
reserve10,receipt_5min,sensitivity,warmup,outage,physical_recovery,3,29,0.08342161731378499,0.17436674412678063,0.6551724137931034,0.8275862068965517,0.9310344827586207,0.5921672352609512,4
reserve10,receipt_5min,sensitivity,warmup,outage,physical_recovery,4,28,0.08249333504384841,0.18606392255864593,0.5714285714285714,0.8928571428571429,0.9285714285714286,0.5728605870488847,4
reserve10,receipt_5min,sensitivity,warmup,outage,raw,1,30,0.08629282553690772,0.16410429257883405,0.5,0.7333333333333333,0.8333333333333334,0.611780724096339,4
reserve10,receipt_5min,sensitivity,warmup,outage,raw,2,30,0.08066205794270519,0.149657521573865,0.5,0.7666666666666667,0.8333333333333334,0.5789050252539126,4
reserve10,receipt_5min,sensitivity,warmup,outage,raw,3,29,0.08444266630699637,0.17436674412678063,0.41379310344827586,0.5517241379310345,0.7586206896551724,0.5596795956170307,4
reserve10,receipt_5min,sensitivity,warmup,outage,raw,4,28,0.0851894670618972,0.18606392255864593,0.14285714285714285,0.5357142857142857,0.7142857142857143,0.5418468801689256,4
reserve10,receipt_5min,sensitivity,warmup,outage,recency,1,30,0.0862072535854588,0.16410429257883405,0.5333333333333333,0.7666666666666667,0.9333333333333333,0.6236914395414868,4
reserve10,receipt_5min,sensitivity,warmup,outage,recency,2,30,0.08052880918800637,0.149657521573865,0.5666666666666667,0.8,0.9333333333333333,0.5984351091636851,4
reserve10,receipt_5min,sensitivity,warmup,outage,recency,3,29,0.08339752443727268,0.17436674412678063,0.5517241379310345,0.8275862068965517,0.9310344827586207,0.5904730407953619,4
reserve10,receipt_5min,sensitivity,warmup,outage,recency,4,28,0.08278023475523641,0.18606392255864593,0.5,0.8928571428571429,0.9285714285714286,0.56585860093053,4
reserve10,receipt_5min,sensitivity,warmup,recovery_0_6,physical,1,4,0.01102395507962816,0.008838256501239903,0.25,1.0,1.0,0.218980670227121,2
reserve10,receipt_5min,sensitivity,warmup,recovery_0_6,physical,2,3,0.01605007523346876,0.024615906689268195,0.6666666666666666,1.0,1.0,0.2157055511811232,2
reserve10,receipt_5min,sensitivity,warmup,recovery_0_6,physical,3,3,0.02220917647624308,0.013673819917776267,0.6666666666666666,1.0,1.0,0.2331177222603501,2
reserve10,receipt_5min,sensitivity,warmup,recovery_0_6,physical,4,3,0.03858095021394824,0.042351336493680496,0.6666666666666666,1.0,1.0,0.3778727707915275,1
reserve10,receipt_5min,sensitivity,warmup,recovery_0_6,physical_availability,1,4,0.010881281985956252,0.008838256501239903,0.25,1.0,1.0,0.21579616099184248,2
reserve10,receipt_5min,sensitivity,warmup,recovery_0_6,physical_availability,2,3,0.01643056298694859,0.024615906689268195,0.6666666666666666,1.0,1.0,0.21041413610335066,2
reserve10,receipt_5min,sensitivity,warmup,recovery_0_6,physical_availability,3,3,0.022185328853397464,0.013673819917776267,0.6666666666666666,1.0,1.0,0.23371680838069098,2
reserve10,receipt_5min,sensitivity,warmup,recovery_0_6,physical_availability,4,3,0.038145844237944045,0.042351336493680496,0.6666666666666666,1.0,1.0,0.3773341684044606,1
reserve10,receipt_5min,sensitivity,warmup,recovery_0_6,physical_recovery,1,4,0.01091711375125544,0.008838256501239903,0.25,1.0,1.0,0.21500011854292228,2
reserve10,receipt_5min,sensitivity,warmup,recovery_0_6,physical_recovery,2,3,0.01655122659387435,0.024615906689268195,0.6666666666666666,1.0,1.0,0.21569245917639357,2
reserve10,receipt_5min,sensitivity,warmup,recovery_0_6,physical_recovery,3,3,0.022511076223111177,0.013673819917776267,0.6666666666666666,1.0,1.0,0.23402495192139958,2
reserve10,receipt_5min,sensitivity,warmup,recovery_0_6,physical_recovery,4,3,0.038356799075279065,0.042351336493680496,0.6666666666666666,1.0,1.0,0.377596431362713,1
reserve10,receipt_5min,sensitivity,warmup,recovery_0_6,raw,1,4,0.01115579261056303,0.008838256501239903,0.25,0.75,1.0,0.2039621463686631,2
reserve10,receipt_5min,sensitivity,warmup,recovery_0_6,raw,2,3,0.015703419160261276,0.024615906689268195,0.3333333333333333,0.3333333333333333,1.0,0.19128362064722726,2
reserve10,receipt_5min,sensitivity,warmup,recovery_0_6,raw,3,3,0.01992802420065673,0.013673819917776267,0.6666666666666666,0.6666666666666666,1.0,0.20614374766686672,2
reserve10,receipt_5min,sensitivity,warmup,recovery_0_6,raw,4,3,0.0366963625781228,0.042351336493680496,0.6666666666666666,0.6666666666666666,0.6666666666666666,0.3579232430521771,1
reserve10,receipt_5min,sensitivity,warmup,recovery_0_6,recency,1,4,0.011090425175984053,0.008838256501239903,0.5,1.0,1.0,0.2178277191640244,2
reserve10,receipt_5min,sensitivity,warmup,recovery_0_6,recency,2,3,0.016144957322161254,0.024615906689268195,0.6666666666666666,1.0,1.0,0.2167716601219283,2
reserve10,receipt_5min,sensitivity,warmup,recovery_0_6,recency,3,3,0.022184247476647292,0.013673819917776267,0.6666666666666666,1.0,1.0,0.23706792179255476,2
reserve10,receipt_5min,sensitivity,warmup,recovery_0_6,recency,4,3,0.03850767592141579,0.042351336493680496,0.6666666666666666,1.0,1.0,0.381255277498604,1
reserve10,receipt_5min,sensitivity,warmup,recovery_6_24,physical,1,32,0.04906035784572649,0.09408771774615472,0.40625,0.875,1.0,0.41389721130368584,4
reserve10,receipt_5min,sensitivity,warmup,recovery_6_24,physical,2,33,0.07571442493374644,0.14340036286539154,0.5151515151515151,0.8787878787878788,1.0,0.5382525935906279,4
reserve10,receipt_5min,sensitivity,warmup,recovery_6_24,physical,3,33,0.09220578876212637,0.17537672677973956,0.6060606060606061,0.7878787878787878,0.9696969696969697,0.5756166170231574,4
reserve10,receipt_5min,sensitivity,warmup,recovery_6_24,physical,4,33,0.0961045044344696,0.1890782745604259,0.6060606060606061,0.7272727272727273,0.9090909090909091,0.5589943194647689,4
reserve10,receipt_5min,sensitivity,warmup,recovery_6_24,physical_availability,1,32,0.04901252689106654,0.09408771774615472,0.40625,0.875,1.0,0.41321931673881285,4
reserve10,receipt_5min,sensitivity,warmup,recovery_6_24,physical_availability,2,33,0.07583257578334025,0.14340036286539154,0.5151515151515151,0.8787878787878788,1.0,0.5377128418023908,4
reserve10,receipt_5min,sensitivity,warmup,recovery_6_24,physical_availability,3,33,0.09199819847873641,0.17537672677973956,0.6060606060606061,0.7878787878787878,0.9696969696969697,0.576536439205045,4
reserve10,receipt_5min,sensitivity,warmup,recovery_6_24,physical_availability,4,33,0.09631350885686558,0.1890782745604259,0.6060606060606061,0.7272727272727273,0.9090909090909091,0.5574151173630645,4
reserve10,receipt_5min,sensitivity,warmup,recovery_6_24,physical_recovery,1,32,0.049052060969965006,0.09408771774615472,0.40625,0.875,1.0,0.4132148098882011,4
reserve10,receipt_5min,sensitivity,warmup,recovery_6_24,physical_recovery,2,33,0.07577484376039004,0.14340036286539154,0.5151515151515151,0.8787878787878788,1.0,0.5371581946722955,4
reserve10,receipt_5min,sensitivity,warmup,recovery_6_24,physical_recovery,3,33,0.09173909906153106,0.17537672677973956,0.5757575757575758,0.7878787878787878,0.9696969696969697,0.5752955392891138,4
reserve10,receipt_5min,sensitivity,warmup,recovery_6_24,physical_recovery,4,33,0.095943384932964,0.1890782745604259,0.6060606060606061,0.7272727272727273,0.9090909090909091,0.5590192004875744,4
reserve10,receipt_5min,sensitivity,warmup,recovery_6_24,raw,1,32,0.04914498031120144,0.09408771774615472,0.375,0.8125,0.9375,0.40189445469247004,4
reserve10,receipt_5min,sensitivity,warmup,recovery_6_24,raw,2,33,0.07553241519929227,0.14340036286539154,0.48484848484848486,0.7575757575757576,0.9696969696969697,0.5174446996127279,4
reserve10,receipt_5min,sensitivity,warmup,recovery_6_24,raw,3,33,0.09103426993138712,0.17537672677973956,0.5454545454545454,0.6363636363636364,0.9090909090909091,0.5362501112562185,4
reserve10,receipt_5min,sensitivity,warmup,recovery_6_24,raw,4,33,0.09636203821922203,0.1890782745604259,0.48484848484848486,0.6363636363636364,0.8787878787878788,0.5284060783082415,4
reserve10,receipt_5min,sensitivity,warmup,recovery_6_24,recency,1,32,0.04897203206267768,0.09408771774615472,0.40625,0.8125,1.0,0.40759228601939423,4
reserve10,receipt_5min,sensitivity,warmup,recovery_6_24,recency,2,33,0.07568950124757107,0.14340036286539154,0.5151515151515151,0.8787878787878788,1.0,0.5334290915076927,4
reserve10,receipt_5min,sensitivity,warmup,recovery_6_24,recency,3,33,0.09210732759768128,0.17537672677973956,0.6060606060606061,0.7878787878787878,0.9696969696969697,0.5684410836302076,4
reserve10,receipt_5min,sensitivity,warmup,recovery_6_24,recency,4,33,0.09589260989440809,0.1890782745604259,0.5757575757575758,0.7272727272727273,0.9090909090909091,0.5545285825410312,4
reserve10,privileged_labels,diagnostic,evaluation,normal,physical,1,3111,0.039068990144692645,0.06462650868284732,0.50401800064288,0.805528768884603,0.907103825136612,0.3051170039207592,0
reserve10,privileged_labels,diagnostic,evaluation,normal,physical,2,3113,0.05213560164403433,0.08986230285398311,0.5094763893350466,0.8127208480565371,0.9078059749437841,0.40503336086833935,0
reserve10,privileged_labels,diagnostic,evaluation,normal,physical,3,3113,0.0580280945010381,0.10267084460972248,0.5062640539672342,0.8133633151300996,0.9094121426276903,0.433392305456586,0
reserve10,privileged_labels,diagnostic,evaluation,normal,physical,4,3113,0.061134219626033236,0.11021058209581264,0.5036941856729843,0.8111146803726309,0.9081272084805654,0.44189886456771843,0
reserve10,privileged_labels,diagnostic,evaluation,normal,physical_availability,1,3111,0.039062915794917705,0.06462650868284732,0.5027322404371585,0.8058502089360334,0.9067823850851816,0.3063461551133256,0
reserve10,privileged_labels,diagnostic,evaluation,normal,physical_availability,2,3113,0.052143569087063815,0.08986230285398311,0.5101188564086091,0.8107934468358496,0.9081272084805654,0.4061757570758644,0
reserve10,privileged_labels,diagnostic,evaluation,normal,physical_availability,3,3113,0.05804476950193811,0.10267084460972248,0.5072277545775778,0.8123996145197558,0.9126244779955027,0.4344439651265057,0
reserve10,privileged_labels,diagnostic,evaluation,normal,physical_availability,4,3113,0.06114341051284033,0.11021058209581264,0.49983938323160937,0.8111146803726309,0.9078059749437841,0.4428273548183893,0
reserve10,privileged_labels,diagnostic,evaluation,normal,physical_recovery,1,3111,0.03906014534826915,0.06462650868284732,0.5059466409514626,0.8097074895531984,0.9080681452909033,0.30767890342200377,0
reserve10,privileged_labels,diagnostic,evaluation,normal,physical_recovery,2,3113,0.05214426663700285,0.08986230285398311,0.5110825570189528,0.8133633151300996,0.9135881786058464,0.4078960977448412,0
reserve10,privileged_labels,diagnostic,evaluation,normal,physical_recovery,3,3113,0.058049872496287194,0.10267084460972248,0.5078702216511404,0.8159331834243495,0.9132669450690653,0.4350928569185708,0
reserve10,privileged_labels,diagnostic,evaluation,normal,physical_recovery,4,3113,0.06115830612073596,0.11021058209581264,0.49951814969482816,0.8104722132990684,0.9074847414070029,0.4430980923672729,0
reserve10,privileged_labels,diagnostic,evaluation,normal,raw,1,3111,0.03942591208009183,0.06462650868284732,0.41305046608807455,0.6997749919639987,0.8514946962391514,0.2887164804412001,0
reserve10,privileged_labels,diagnostic,evaluation,normal,raw,2,3113,0.05289894730678714,0.08986230285398311,0.39190491487311274,0.6810150979762287,0.8226790876967556,0.3787946335252224,0
reserve10,privileged_labels,diagnostic,evaluation,normal,raw,3,3113,0.05896697044873823,0.10267084460972248,0.37423707035014453,0.6710568583360103,0.8207516864760681,0.39937266830621715,0
reserve10,privileged_labels,diagnostic,evaluation,normal,raw,4,3113,0.06208357512106924,0.11021058209581264,0.37680693864439446,0.6659171217475104,0.8194667523289432,0.40480298090922806,0
reserve10,privileged_labels,diagnostic,evaluation,normal,recency,1,3111,0.03918614712881577,0.06462650868284732,0.5017679202828672,0.7984570877531341,0.8987463837994214,0.3009708706327102,0
reserve10,privileged_labels,diagnostic,evaluation,normal,recency,2,3113,0.05234841201687766,0.08986230285398311,0.5078702216511404,0.8011564407324124,0.8997751365242531,0.40008690264595276,0
reserve10,privileged_labels,diagnostic,evaluation,normal,recency,3,3113,0.05823675845147461,0.10267084460972248,0.5036941856729843,0.8043687761002248,0.901060070671378,0.42815668468730994,0
reserve10,privileged_labels,diagnostic,evaluation,normal,recency,4,3113,0.061363093727146364,0.11021058209581264,0.49726951493735944,0.799229039511725,0.8988114359139094,0.43682286919095376,0
reserve10,privileged_labels,diagnostic,evaluation,outage,physical,1,301,0.06974053466116935,0.1389758663068556,0.5415282392026578,0.8471760797342193,0.9534883720930233,0.5261785921798017,47
reserve10,privileged_labels,diagnostic,evaluation,outage,physical,2,298,0.06811453606654004,0.13752853152221994,0.5536912751677853,0.8389261744966443,0.9295302013422819,0.49562977361752225,46
reserve10,privileged_labels,diagnostic,evaluation,outage,physical,3,297,0.06774530158230707,0.1359482289270497,0.531986531986532,0.8316498316498316,0.9494949494949495,0.49683381275960653,45
reserve10,privileged_labels,diagnostic,evaluation,outage,physical,4,297,0.06707391647586003,0.13216526579252993,0.4882154882154882,0.8249158249158249,0.9427609427609428,0.4907410875880351,44
reserve10,privileged_labels,diagnostic,evaluation,outage,physical_availability,1,301,0.06958667707851836,0.1389758663068556,0.5481727574750831,0.840531561461794,0.946843853820598,0.5222063089020443,47
reserve10,privileged_labels,diagnostic,evaluation,outage,physical_availability,2,298,0.06804369402760505,0.13752853152221994,0.5469798657718121,0.8389261744966443,0.9228187919463087,0.49205337504653085,46
reserve10,privileged_labels,diagnostic,evaluation,outage,physical_availability,3,297,0.06772319885680263,0.1359482289270497,0.5151515151515151,0.8316498316498316,0.9461279461279462,0.492892608173582,45
reserve10,privileged_labels,diagnostic,evaluation,outage,physical_availability,4,297,0.06702662560366068,0.13216526579252993,0.5050505050505051,0.8282828282828283,0.9461279461279462,0.48712678736921977,44
reserve10,privileged_labels,diagnostic,evaluation,outage,physical_recovery,1,301,0.06958667707851836,0.1389758663068556,0.5481727574750831,0.840531561461794,0.946843853820598,0.5222063089020443,47
reserve10,privileged_labels,diagnostic,evaluation,outage,physical_recovery,2,298,0.06804369402760505,0.13752853152221994,0.5469798657718121,0.8389261744966443,0.9228187919463087,0.49205337504653085,46
reserve10,privileged_labels,diagnostic,evaluation,outage,physical_recovery,3,297,0.06772319885680263,0.1359482289270497,0.5151515151515151,0.8316498316498316,0.9461279461279462,0.492892608173582,45
reserve10,privileged_labels,diagnostic,evaluation,outage,physical_recovery,4,297,0.06702662560366068,0.13216526579252993,0.5050505050505051,0.8282828282828283,0.9461279461279462,0.48712678736921977,44
reserve10,privileged_labels,diagnostic,evaluation,outage,raw,1,301,0.06970846141928175,0.1389758663068556,0.5049833887043189,0.7906976744186046,0.9136212624584718,0.5129707786401817,47
reserve10,privileged_labels,diagnostic,evaluation,outage,raw,2,298,0.06818513594840477,0.13752853152221994,0.4697986577181208,0.7550335570469798,0.8791946308724832,0.4730595609160716,46
reserve10,privileged_labels,diagnostic,evaluation,outage,raw,3,297,0.06764361104782105,0.1359482289270497,0.43097643097643096,0.7239057239057239,0.8888888888888888,0.4665905980348166,45
reserve10,privileged_labels,diagnostic,evaluation,outage,raw,4,297,0.066962611151015,0.13216526579252993,0.42424242424242425,0.7138047138047138,0.8619528619528619,0.4564779858711298,44
reserve10,privileged_labels,diagnostic,evaluation,outage,recency,1,301,0.06981049125223,0.1389758663068556,0.5448504983388704,0.8372093023255814,0.9501661129568106,0.5259852259140332,47
reserve10,privileged_labels,diagnostic,evaluation,outage,recency,2,298,0.0681402673633666,0.13752853152221994,0.5436241610738255,0.8322147651006712,0.9295302013422819,0.4940250180482797,46
reserve10,privileged_labels,diagnostic,evaluation,outage,recency,3,297,0.06782604623701419,0.1359482289270497,0.531986531986532,0.8215488215488216,0.9494949494949495,0.495399307218511,45
reserve10,privileged_labels,diagnostic,evaluation,outage,recency,4,297,0.06714727597629985,0.13216526579252993,0.494949494949495,0.8181818181818182,0.9427609427609428,0.4882254933383848,44
reserve10,privileged_labels,diagnostic,evaluation,recovery_0_6,physical,1,135,0.036672714803571836,0.06357063288302697,0.5703703703703704,0.8888888888888888,0.9407407407407408,0.31795661942489556,32
reserve10,privileged_labels,diagnostic,evaluation,recovery_0_6,physical,2,130,0.04597775070569048,0.08546536763957152,0.49230769230769234,0.9,0.9769230769230769,0.4051481657879521,31
reserve10,privileged_labels,diagnostic,evaluation,recovery_0_6,physical,3,125,0.05014278356236808,0.09176450249365303,0.536,0.928,0.976,0.4601090852129412,33
reserve10,privileged_labels,diagnostic,evaluation,recovery_0_6,physical,4,120,0.05490923412471889,0.10226681546329487,0.55,0.95,0.9833333333333333,0.4980205305569361,29
reserve10,privileged_labels,diagnostic,evaluation,recovery_0_6,physical_availability,1,135,0.036781533208610544,0.06357063288302697,0.5703703703703704,0.8888888888888888,0.9555555555555556,0.3176871369605934,32
reserve10,privileged_labels,diagnostic,evaluation,recovery_0_6,physical_availability,2,130,0.04601053357940907,0.08546536763957152,0.5384615384615384,0.9076923076923077,0.9769230769230769,0.405399778150548,31
reserve10,privileged_labels,diagnostic,evaluation,recovery_0_6,physical_availability,3,125,0.050202106161934545,0.09176450249365303,0.56,0.928,0.976,0.46047458323962787,33
reserve10,privileged_labels,diagnostic,evaluation,recovery_0_6,physical_availability,4,120,0.05492260038911591,0.10226681546329487,0.55,0.95,0.9833333333333333,0.49911752123650194,29
reserve10,privileged_labels,diagnostic,evaluation,recovery_0_6,physical_recovery,1,135,0.03670019705912147,0.06357063288302697,0.562962962962963,0.8888888888888888,0.9407407407407408,0.3157007617517143,32
reserve10,privileged_labels,diagnostic,evaluation,recovery_0_6,physical_recovery,2,130,0.04586629300673719,0.08546536763957152,0.5153846153846153,0.9076923076923077,0.9769230769230769,0.4014696471921919,31
reserve10,privileged_labels,diagnostic,evaluation,recovery_0_6,physical_recovery,3,125,0.050019556751486054,0.09176450249365303,0.528,0.92,0.976,0.4572225938766688,33
reserve10,privileged_labels,diagnostic,evaluation,recovery_0_6,physical_recovery,4,120,0.05477580415387271,0.10226681546329487,0.5416666666666666,0.95,0.9833333333333333,0.49457013719699355,29
reserve10,privileged_labels,diagnostic,evaluation,recovery_0_6,raw,1,135,0.03651436615091841,0.06357063288302697,0.5259259259259259,0.7925925925925926,0.9185185185185185,0.29980362792769033,32
reserve10,privileged_labels,diagnostic,evaluation,recovery_0_6,raw,2,130,0.04538566086264884,0.08546536763957152,0.3769230769230769,0.8076923076923077,0.9307692307692308,0.37808120266354556,31
reserve10,privileged_labels,diagnostic,evaluation,recovery_0_6,raw,3,125,0.049276992079114804,0.09176450249365303,0.376,0.816,0.936,0.42646254470323136,33
reserve10,privileged_labels,diagnostic,evaluation,recovery_0_6,raw,4,120,0.05417617589462256,0.10226681546329487,0.36666666666666664,0.775,0.925,0.4601975668051066,29
reserve10,privileged_labels,diagnostic,evaluation,recovery_0_6,recency,1,135,0.036696633002730066,0.06357063288302697,0.5555555555555556,0.8666666666666667,0.9407407407407408,0.3137230009414803,32
reserve10,privileged_labels,diagnostic,evaluation,recovery_0_6,recency,2,130,0.04578013753453903,0.08546536763957152,0.5076923076923077,0.9153846153846154,0.9692307692307692,0.39943640811695247,31
reserve10,privileged_labels,diagnostic,evaluation,recovery_0_6,recency,3,125,0.049844501347165,0.09176450249365303,0.544,0.928,0.976,0.45467888988456523,33
reserve10,privileged_labels,diagnostic,evaluation,recovery_0_6,recency,4,120,0.054709438774341215,0.10226681546329487,0.525,0.9166666666666666,0.975,0.4931583783694637,29
reserve10,privileged_labels,diagnostic,evaluation,recovery_6_24,physical,1,412,0.03730817341133648,0.05866703115109794,0.46359223300970875,0.7936893203883495,0.8932038834951457,0.312286893526388,45
reserve10,privileged_labels,diagnostic,evaluation,recovery_6_24,physical,2,418,0.05369400047829442,0.08961226703412552,0.5119617224880383,0.7870813397129187,0.8923444976076556,0.41295465213725174,45
reserve10,privileged_labels,diagnostic,evaluation,recovery_6_24,physical,3,424,0.060554761148100246,0.10582274001577409,0.4882075471698113,0.7665094339622641,0.8608490566037735,0.43490652508037614,45
reserve10,privileged_labels,diagnostic,evaluation,recovery_6_24,physical,4,429,0.06276563521036041,0.10911590758061598,0.5244755244755245,0.7855477855477856,0.8648018648018648,0.43949205453277607,45
reserve10,privileged_labels,diagnostic,evaluation,recovery_6_24,physical_availability,1,412,0.03731755572500674,0.05866703115109794,0.46601941747572817,0.7936893203883495,0.9029126213592233,0.31413777426300366,45
reserve10,privileged_labels,diagnostic,evaluation,recovery_6_24,physical_availability,2,418,0.053628445561054304,0.08961226703412552,0.507177033492823,0.7894736842105263,0.8923444976076556,0.4144303220308571,45
reserve10,privileged_labels,diagnostic,evaluation,recovery_6_24,physical_availability,3,424,0.060567918503046325,0.10582274001577409,0.4882075471698113,0.7641509433962265,0.8608490566037735,0.43659251099992785,45
reserve10,privileged_labels,diagnostic,evaluation,recovery_6_24,physical_availability,4,429,0.06278452765713126,0.10911590758061598,0.5291375291375291,0.7785547785547785,0.8648018648018648,0.4404812854752757,45
reserve10,privileged_labels,diagnostic,evaluation,recovery_6_24,physical_recovery,1,412,0.03733070388521988,0.05866703115109794,0.4684466019417476,0.7912621359223301,0.9029126213592233,0.31351354245435203,45
reserve10,privileged_labels,diagnostic,evaluation,recovery_6_24,physical_recovery,2,418,0.053670863477582036,0.08961226703412552,0.5143540669856459,0.7822966507177034,0.8995215311004785,0.4132443335999319,45
reserve10,privileged_labels,diagnostic,evaluation,recovery_6_24,physical_recovery,3,424,0.0606513625830538,0.10582274001577409,0.5023584905660378,0.7617924528301887,0.8608490566037735,0.4360003970760264,45
reserve10,privileged_labels,diagnostic,evaluation,recovery_6_24,physical_recovery,4,429,0.06294476894693285,0.10911590758061598,0.5268065268065268,0.7832167832167832,0.8578088578088578,0.44162336297026,45
reserve10,privileged_labels,diagnostic,evaluation,recovery_6_24,raw,1,412,0.037618788361641196,0.05866703115109794,0.38349514563106796,0.6723300970873787,0.8446601941747572,0.2963682838930496,45
reserve10,privileged_labels,diagnostic,evaluation,recovery_6_24,raw,2,418,0.054269584392060144,0.08961226703412552,0.37559808612440193,0.6626794258373205,0.7966507177033493,0.3871182371561597,45
reserve10,privileged_labels,diagnostic,evaluation,recovery_6_24,raw,3,424,0.06149160144973542,0.10582274001577409,0.37028301886792453,0.6533018867924528,0.7759433962264151,0.4019626408788276,45
reserve10,privileged_labels,diagnostic,evaluation,recovery_6_24,raw,4,429,0.06363274409906566,0.10911590758061598,0.3752913752913753,0.6503496503496503,0.7785547785547785,0.40243093017785975,45
reserve10,privileged_labels,diagnostic,evaluation,recovery_6_24,recency,1,412,0.0374493592152764,0.05866703115109794,0.46601941747572817,0.7815533980582524,0.883495145631068,0.30819837308914166,45
reserve10,privileged_labels,diagnostic,evaluation,recovery_6_24,recency,2,418,0.0537630241157079,0.08961226703412552,0.49760765550239233,0.7751196172248804,0.8803827751196173,0.4077617239997577,45
reserve10,privileged_labels,diagnostic,evaluation,recovery_6_24,recency,3,424,0.06065629194726502,0.10582274001577409,0.49528301886792453,0.7547169811320755,0.8514150943396226,0.43053564651183657,45
reserve10,privileged_labels,diagnostic,evaluation,recovery_6_24,recency,4,429,0.06283877203206364,0.10911590758061598,0.5151515151515151,0.7762237762237763,0.8484848484848485,0.43410134345978374,45
reserve10,privileged_labels,diagnostic,warmup,normal,physical,1,220,0.04198754497070819,0.06723836438626632,0.4727272727272727,0.75,0.8863636363636364,0.3372032715732299,0
reserve10,privileged_labels,diagnostic,warmup,normal,physical,2,220,0.06088976857295922,0.10395639449483692,0.4409090909090909,0.7272727272727273,0.8909090909090909,0.4840221759481381,0
reserve10,privileged_labels,diagnostic,warmup,normal,physical,3,221,0.07127418005154289,0.12863576657347217,0.4796380090497738,0.7647058823529411,0.8733031674208145,0.5065360788307596,0
reserve10,privileged_labels,diagnostic,warmup,normal,physical,4,222,0.07603150984055798,0.1404906986458725,0.4864864864864865,0.7432432432432432,0.8378378378378378,0.5131427940406222,0
reserve10,privileged_labels,diagnostic,warmup,normal,physical_availability,1,220,0.042006214170888186,0.06723836438626632,0.4727272727272727,0.7545454545454545,0.8909090909090909,0.3393525632364487,0
reserve10,privileged_labels,diagnostic,warmup,normal,physical_availability,2,220,0.06091657206604403,0.10395639449483692,0.42727272727272725,0.7318181818181818,0.8909090909090909,0.4854170362225153,0
reserve10,privileged_labels,diagnostic,warmup,normal,physical_availability,3,221,0.07131669204268747,0.12863576657347217,0.47058823529411764,0.7601809954751131,0.8642533936651584,0.5082960491696397,0
reserve10,privileged_labels,diagnostic,warmup,normal,physical_availability,4,222,0.07610767847302663,0.1404906986458725,0.4774774774774775,0.7252252252252253,0.8333333333333334,0.5139405698640142,0
reserve10,privileged_labels,diagnostic,warmup,normal,physical_recovery,1,220,0.04201821253445714,0.06723836438626632,0.4727272727272727,0.7636363636363637,0.8954545454545455,0.34153028654477147,0
reserve10,privileged_labels,diagnostic,warmup,normal,physical_recovery,2,220,0.06090981077070668,0.10395639449483692,0.45,0.7272727272727273,0.8909090909090909,0.48506223526148656,0
reserve10,privileged_labels,diagnostic,warmup,normal,physical_recovery,3,221,0.07134565250431384,0.12863576657347217,0.45701357466063347,0.746606334841629,0.8642533936651584,0.5064463321155077,0
reserve10,privileged_labels,diagnostic,warmup,normal,physical_recovery,4,222,0.0761167580524919,0.1404906986458725,0.4774774774774775,0.7207207207207207,0.8198198198198198,0.5161073205577932,0
reserve10,privileged_labels,diagnostic,warmup,normal,raw,1,220,0.04211563604903419,0.06723836438626632,0.38181818181818183,0.6863636363636364,0.8681818181818182,0.3271313891430648,0
reserve10,privileged_labels,diagnostic,warmup,normal,raw,2,220,0.0614218321947888,0.10395639449483692,0.3181818181818182,0.5818181818181818,0.8272727272727273,0.4689763912943176,0
reserve10,privileged_labels,diagnostic,warmup,normal,raw,3,221,0.07191860829642455,0.12863576657347217,0.3665158371040724,0.5882352941176471,0.7828054298642534,0.4814962238541265,0
reserve10,privileged_labels,diagnostic,warmup,normal,raw,4,222,0.07665839499975012,0.1404906986458725,0.3918918918918919,0.5720720720720721,0.7657657657657657,0.48823551798359094,0
reserve10,privileged_labels,diagnostic,warmup,normal,recency,1,220,0.042000739634992325,0.06723836438626632,0.4636363636363636,0.7454545454545455,0.8818181818181818,0.33358454626753015,0
reserve10,privileged_labels,diagnostic,warmup,normal,recency,2,220,0.06096593146783958,0.10395639449483692,0.4318181818181818,0.7227272727272728,0.8772727272727273,0.48021024434104,0
reserve10,privileged_labels,diagnostic,warmup,normal,recency,3,221,0.07130266013883826,0.12863576657347217,0.47058823529411764,0.755656108597285,0.8733031674208145,0.5029400073420724,0
reserve10,privileged_labels,diagnostic,warmup,normal,recency,4,222,0.07604540982867444,0.1404906986458725,0.4864864864864865,0.7207207207207207,0.8198198198198198,0.5102213510792019,0
reserve10,privileged_labels,diagnostic,warmup,outage,physical,1,30,0.08612468252079676,0.16410429257883405,0.5333333333333333,0.7666666666666667,0.9333333333333333,0.6238650945433531,4
reserve10,privileged_labels,diagnostic,warmup,outage,physical,2,30,0.08063168251418355,0.149657521573865,0.5666666666666667,0.8,0.9333333333333333,0.5978630395865212,4
reserve10,privileged_labels,diagnostic,warmup,outage,physical,3,29,0.08339059729733314,0.17436674412678063,0.6551724137931034,0.8275862068965517,0.9655172413793104,0.5940618150077506,4
reserve10,privileged_labels,diagnostic,warmup,outage,physical,4,28,0.08290583112258718,0.18606392255864593,0.5,0.8928571428571429,0.9285714285714286,0.5713017098408051,4
reserve10,privileged_labels,diagnostic,warmup,outage,physical_availability,1,30,0.0861589081612571,0.16410429257883405,0.5333333333333333,0.7666666666666667,0.9,0.6203337859090138,4
reserve10,privileged_labels,diagnostic,warmup,outage,physical_availability,2,30,0.08064171381710762,0.149657521573865,0.5666666666666667,0.8,0.9,0.5925871086047094,4
reserve10,privileged_labels,diagnostic,warmup,outage,physical_availability,3,29,0.0839931783217882,0.17436674412678063,0.6551724137931034,0.8275862068965517,0.9310344827586207,0.5888066552673306,4
reserve10,privileged_labels,diagnostic,warmup,outage,physical_availability,4,28,0.08319481775567293,0.18606392255864593,0.5357142857142857,0.8928571428571429,0.9285714285714286,0.5712260806833267,4
reserve10,privileged_labels,diagnostic,warmup,outage,physical_recovery,1,30,0.0861589081612571,0.16410429257883405,0.5333333333333333,0.7666666666666667,0.9,0.6203337859090138,4
reserve10,privileged_labels,diagnostic,warmup,outage,physical_recovery,2,30,0.08064171381710762,0.149657521573865,0.5666666666666667,0.8,0.9,0.5925871086047094,4
reserve10,privileged_labels,diagnostic,warmup,outage,physical_recovery,3,29,0.0839931783217882,0.17436674412678063,0.6551724137931034,0.8275862068965517,0.9310344827586207,0.5888066552673306,4
reserve10,privileged_labels,diagnostic,warmup,outage,physical_recovery,4,28,0.08319481775567293,0.18606392255864593,0.5357142857142857,0.8928571428571429,0.9285714285714286,0.5712260806833267,4
reserve10,privileged_labels,diagnostic,warmup,outage,raw,1,30,0.08629282553690772,0.16410429257883405,0.5,0.7333333333333333,0.8333333333333334,0.611780724096339,4
reserve10,privileged_labels,diagnostic,warmup,outage,raw,2,30,0.08066205794270519,0.149657521573865,0.5,0.7666666666666667,0.8333333333333334,0.5789050252539126,4
reserve10,privileged_labels,diagnostic,warmup,outage,raw,3,29,0.08444266630699637,0.17436674412678063,0.41379310344827586,0.5517241379310345,0.7586206896551724,0.5596795956170307,4
reserve10,privileged_labels,diagnostic,warmup,outage,raw,4,28,0.0851894670618972,0.18606392255864593,0.14285714285714285,0.5357142857142857,0.7142857142857143,0.5418468801689256,4
reserve10,privileged_labels,diagnostic,warmup,outage,recency,1,30,0.08622843020776631,0.16410429257883405,0.5333333333333333,0.7666666666666667,0.9333333333333333,0.6235417331020149,4
reserve10,privileged_labels,diagnostic,warmup,outage,recency,2,30,0.08049466321049611,0.149657521573865,0.5666666666666667,0.8,0.9333333333333333,0.5973538405002371,4
reserve10,privileged_labels,diagnostic,warmup,outage,recency,3,29,0.08343036536692955,0.17436674412678063,0.5517241379310345,0.8275862068965517,0.9310344827586207,0.5883300644521313,4
reserve10,privileged_labels,diagnostic,warmup,outage,recency,4,28,0.08297304347679191,0.18606392255864593,0.5,0.8928571428571429,0.9285714285714286,0.5654111973617869,4
reserve10,privileged_labels,diagnostic,warmup,recovery_0_6,physical,1,4,0.010922513780335838,0.008838256501239903,0.25,1.0,1.0,0.2139886130334714,2
reserve10,privileged_labels,diagnostic,warmup,recovery_0_6,physical,2,3,0.01605007523346876,0.024615906689268195,0.6666666666666666,1.0,1.0,0.2157055511811232,2
reserve10,privileged_labels,diagnostic,warmup,recovery_0_6,physical,3,3,0.022187328130143968,0.013673819917776267,0.6666666666666666,1.0,1.0,0.2315883380334122,2
reserve10,privileged_labels,diagnostic,warmup,recovery_0_6,physical,4,3,0.03858095021394824,0.042351336493680496,0.6666666666666666,1.0,1.0,0.3778727707915275,1
reserve10,privileged_labels,diagnostic,warmup,recovery_0_6,physical_availability,1,4,0.010853685093982516,0.008838256501239903,0.25,1.0,1.0,0.21296859526512324,2
reserve10,privileged_labels,diagnostic,warmup,recovery_0_6,physical_availability,2,3,0.016447535937034987,0.024615906689268195,0.6666666666666666,1.0,1.0,0.21041413610335066,2
reserve10,privileged_labels,diagnostic,warmup,recovery_0_6,physical_availability,3,3,0.022134809034222713,0.013673819917776267,0.6666666666666666,1.0,1.0,0.23371680838069098,2
reserve10,privileged_labels,diagnostic,warmup,recovery_0_6,physical_availability,4,3,0.038145844237944045,0.042351336493680496,0.6666666666666666,1.0,1.0,0.3773341684044606,1
reserve10,privileged_labels,diagnostic,warmup,recovery_0_6,physical_recovery,1,4,0.01081741868026982,0.008838256501239903,0.25,1.0,1.0,0.21111408440816412,2
reserve10,privileged_labels,diagnostic,warmup,recovery_0_6,physical_recovery,2,3,0.016556011859747016,0.024615906689268195,0.6666666666666666,1.0,1.0,0.21469243755549353,2
reserve10,privileged_labels,diagnostic,warmup,recovery_0_6,physical_recovery,3,3,0.022281236660223705,0.013673819917776267,0.6666666666666666,1.0,1.0,0.2331177222603501,2
reserve10,privileged_labels,diagnostic,warmup,recovery_0_6,physical_recovery,4,3,0.038356799075279065,0.042351336493680496,0.6666666666666666,1.0,1.0,0.377596431362713,1
reserve10,privileged_labels,diagnostic,warmup,recovery_0_6,raw,1,4,0.01115579261056303,0.008838256501239903,0.25,0.75,1.0,0.2039621463686631,2
reserve10,privileged_labels,diagnostic,warmup,recovery_0_6,raw,2,3,0.015703419160261276,0.024615906689268195,0.3333333333333333,0.3333333333333333,1.0,0.19128362064722726,2
reserve10,privileged_labels,diagnostic,warmup,recovery_0_6,raw,3,3,0.01992802420065673,0.013673819917776267,0.6666666666666666,0.6666666666666666,1.0,0.20614374766686672,2
reserve10,privileged_labels,diagnostic,warmup,recovery_0_6,raw,4,3,0.0366963625781228,0.042351336493680496,0.6666666666666666,0.6666666666666666,0.6666666666666666,0.3579232430521771,1
reserve10,privileged_labels,diagnostic,warmup,recovery_0_6,recency,1,4,0.011021842299034435,0.008838256501239903,0.5,1.0,1.0,0.21382952885555626,2
reserve10,privileged_labels,diagnostic,warmup,recovery_0_6,recency,2,3,0.01613564500738592,0.024615906689268195,0.6666666666666666,1.0,1.0,0.21359832037562917,2
reserve10,privileged_labels,diagnostic,warmup,recovery_0_6,recency,3,3,0.02206203096687481,0.013673819917776267,0.6666666666666666,1.0,1.0,0.2358713137033852,2
reserve10,privileged_labels,diagnostic,warmup,recovery_0_6,recency,4,3,0.03850767592141579,0.042351336493680496,0.6666666666666666,1.0,1.0,0.381255277498604,1
reserve10,privileged_labels,diagnostic,warmup,recovery_6_24,physical,1,32,0.04906035784572649,0.09408771774615472,0.40625,0.875,1.0,0.41389721130368584,4
reserve10,privileged_labels,diagnostic,warmup,recovery_6_24,physical,2,33,0.07571442493374644,0.14340036286539154,0.5151515151515151,0.8787878787878788,1.0,0.5382525935906279,4
reserve10,privileged_labels,diagnostic,warmup,recovery_6_24,physical,3,33,0.09220578876212637,0.17537672677973956,0.6060606060606061,0.7878787878787878,0.9696969696969697,0.5756166170231574,4
reserve10,privileged_labels,diagnostic,warmup,recovery_6_24,physical,4,33,0.0961045044344696,0.1890782745604259,0.6060606060606061,0.7272727272727273,0.9090909090909091,0.5589943194647689,4
reserve10,privileged_labels,diagnostic,warmup,recovery_6_24,physical_availability,1,32,0.04901252689106654,0.09408771774615472,0.40625,0.875,1.0,0.41321931673881285,4
reserve10,privileged_labels,diagnostic,warmup,recovery_6_24,physical_availability,2,33,0.07583257578334025,0.14340036286539154,0.5151515151515151,0.8787878787878788,1.0,0.5377128418023908,4
reserve10,privileged_labels,diagnostic,warmup,recovery_6_24,physical_availability,3,33,0.09199819847873641,0.17537672677973956,0.6060606060606061,0.7878787878787878,0.9696969696969697,0.576536439205045,4
reserve10,privileged_labels,diagnostic,warmup,recovery_6_24,physical_availability,4,33,0.09631350885686558,0.1890782745604259,0.6060606060606061,0.7272727272727273,0.9090909090909091,0.5574151173630645,4
reserve10,privileged_labels,diagnostic,warmup,recovery_6_24,physical_recovery,1,32,0.049052060969965006,0.09408771774615472,0.40625,0.875,1.0,0.4132148098882011,4
reserve10,privileged_labels,diagnostic,warmup,recovery_6_24,physical_recovery,2,33,0.07577484376039004,0.14340036286539154,0.5151515151515151,0.8787878787878788,1.0,0.5371581946722955,4
reserve10,privileged_labels,diagnostic,warmup,recovery_6_24,physical_recovery,3,33,0.09173909906153106,0.17537672677973956,0.5757575757575758,0.7878787878787878,0.9696969696969697,0.5752955392891138,4
reserve10,privileged_labels,diagnostic,warmup,recovery_6_24,physical_recovery,4,33,0.095943384932964,0.1890782745604259,0.6060606060606061,0.7272727272727273,0.9090909090909091,0.5590192004875744,4
reserve10,privileged_labels,diagnostic,warmup,recovery_6_24,raw,1,32,0.04914498031120144,0.09408771774615472,0.375,0.8125,0.9375,0.40189445469247004,4
reserve10,privileged_labels,diagnostic,warmup,recovery_6_24,raw,2,33,0.07553241519929227,0.14340036286539154,0.48484848484848486,0.7575757575757576,0.9696969696969697,0.5174446996127279,4
reserve10,privileged_labels,diagnostic,warmup,recovery_6_24,raw,3,33,0.09103426993138712,0.17537672677973956,0.5454545454545454,0.6363636363636364,0.9090909090909091,0.5362501112562185,4
reserve10,privileged_labels,diagnostic,warmup,recovery_6_24,raw,4,33,0.09636203821922203,0.1890782745604259,0.48484848484848486,0.6363636363636364,0.8787878787878788,0.5284060783082415,4
reserve10,privileged_labels,diagnostic,warmup,recovery_6_24,recency,1,32,0.04897203206267768,0.09408771774615472,0.40625,0.8125,1.0,0.40759228601939423,4
reserve10,privileged_labels,diagnostic,warmup,recovery_6_24,recency,2,33,0.07568950124757107,0.14340036286539154,0.5151515151515151,0.8787878787878788,1.0,0.5334290915076927,4
reserve10,privileged_labels,diagnostic,warmup,recovery_6_24,recency,3,33,0.09210732759768128,0.17537672677973956,0.6060606060606061,0.7878787878787878,0.9696969696969697,0.5684410836302076,4
reserve10,privileged_labels,diagnostic,warmup,recovery_6_24,recency,4,33,0.09589260989440809,0.1890782745604259,0.5757575757575758,0.7272727272727273,0.9090909090909091,0.5545285825410312,4
