site,case_id,case_group,period,method,horizon,n,nwis,nmae,coverage50,coverage80,coverage90,nwidth90,events
reserve10,clean,primary,evaluation,aci_bounded,1,3959,0.03895239063958365,0.0638454784439916,0.5006314725940895,0.8022227835311947,0.9012376862844153,0.30187862762820067,0
reserve10,clean,primary,evaluation,aci_bounded,2,3959,0.05231289611176625,0.08984076565607398,0.5016418287446325,0.7984339479666582,0.8994695630209649,0.40169012716773633,0
reserve10,clean,primary,evaluation,aci_bounded,3,3959,0.058267508930517915,0.10293251575327553,0.49785299318009596,0.7969184137408436,0.9009850972467794,0.43206622788298327,0
reserve10,clean,primary,evaluation,aci_bounded,4,3959,0.06134742374489241,0.11060764603197361,0.4940641576155595,0.8009598383430159,0.9032583985855014,0.4414475528807096,0
reserve10,clean,primary,evaluation,carry_forward,1,3959,0.04145973887979563,0.06677483440562959,0.4160141449861076,0.7011871684768881,0.844152563778732,0.31910421502429714,0
reserve10,clean,primary,evaluation,carry_forward,2,3959,0.053767597096689344,0.09186429006005845,0.3937863096741601,0.6812326345036626,0.8348067693862087,0.38473039885522875,0
reserve10,clean,primary,evaluation,carry_forward,3,3959,0.05986038697268444,0.10576407005125321,0.3867138166203587,0.6809800454660268,0.8186410709775196,0.40096112196352435,0
reserve10,clean,primary,evaluation,carry_forward,4,3959,0.062226393020351316,0.11077454056444631,0.38090426875473604,0.6797171002778479,0.8181358929022481,0.40558228744730535,0
reserve10,clean,primary,evaluation,geometric_persistence,1,3959,0.05165170099211217,0.08001419375801196,0.5423086638039909,0.8590553169992422,0.9421571103814095,0.4766182078785057,0
reserve10,clean,primary,evaluation,geometric_persistence,2,3959,0.07824811834118736,0.13104460531563014,0.5397827734276333,0.8451629199292751,0.931800959838343,0.596460144930769,0
reserve10,clean,primary,evaluation,geometric_persistence,3,3959,0.09950573780006869,0.17635941629050852,0.5294266228845668,0.836574892649659,0.9232129325587269,0.7060798003057419,0
reserve10,clean,primary,evaluation,geometric_persistence,4,3959,0.11556283845899458,0.21430402412677219,0.5271533215458449,0.8259661530689568,0.91765597373074,0.7724368493699157,0
reserve10,clean,primary,evaluation,mask50,1,3959,0.03893442563249341,0.0638454784439916,0.5084617327607982,0.8055064410204598,0.9062894670371305,0.30562317199262357,0
reserve10,clean,primary,evaluation,mask50,2,3959,0.05228324227178285,0.08984076565607398,0.5117453902500632,0.8022227835311947,0.9030058095478656,0.4027756832012461,0
reserve10,clean,primary,evaluation,mask50,3,3959,0.05822872372000351,0.10293251575327553,0.5082091437231624,0.801970194493559,0.9014902753220511,0.4308228693791166,0
reserve10,clean,primary,evaluation,mask50,4,3959,0.061314484324308555,0.11060764603197361,0.4983581712553675,0.8027279616064663,0.8979540287951503,0.43829008269875663,0
reserve10,clean,primary,evaluation,mi_recency,1,3959,0.04467829934101477,0.06802106296469793,0.5117453902500632,0.810558221773175,0.9002273301338722,0.30821062956475864,0
reserve10,clean,primary,evaluation,mi_recency,2,3959,0.059140367574700044,0.09428175625538267,0.5117453902500632,0.7984339479666582,0.9002273301338722,0.4015822495237834,0
reserve10,clean,primary,evaluation,mi_recency,3,3959,0.06543139709469459,0.10459475267897707,0.5099772669866128,0.8027279616064663,0.9004799191715079,0.443249205964398,0
reserve10,clean,primary,evaluation,mi_recency,4,3959,0.06925480455290811,0.11147466396101502,0.5034099520080828,0.8024753725688305,0.8997221520586006,0.4713725153068365,0
reserve10,clean,primary,evaluation,multiple_imputation,1,3959,0.04507368860769569,0.06802106296469793,0.6327355392775954,0.81384187926244,0.8676433442788583,0.25916292210611913,0
reserve10,clean,primary,evaluation,multiple_imputation,2,3959,0.06020489521362117,0.09428175625538267,0.5519070472341501,0.7638292498105582,0.8363223036120232,0.31275200178041906,0
reserve10,clean,primary,evaluation,multiple_imputation,3,3959,0.06704209730095224,0.10459475267897707,0.5344784036372822,0.7441273048749685,0.8204091942409699,0.3324080047764277,0
reserve10,clean,primary,evaluation,multiple_imputation,4,3959,0.0714725849996565,0.11147466396101502,0.5213437736802223,0.73149785299318,0.8095478656226319,0.3452146459640673,0
reserve10,clean,primary,evaluation,persistence,1,3959,0.06907954973814776,0.12526869476306243,0.5572114170245012,0.8605708512250568,0.9472088911341248,0.5504619810569497,0
reserve10,clean,primary,evaluation,persistence,2,3959,0.10636226782879102,0.2100986164658358,0.5564536499115939,0.8403637282141955,0.931800959838343,0.7067710787777095,0
reserve10,clean,primary,evaluation,persistence,3,3959,0.13127507701578697,0.27134876221001125,0.5294266228845668,0.8254609749936853,0.9224551654458196,0.8164139226157586,0
reserve10,clean,primary,evaluation,persistence,4,3959,0.14699114398648286,0.3063850955740161,0.5218489517554938,0.8178833038646123,0.91765597373074,0.8805218310750292,0
reserve10,clean,primary,evaluation,physical,1,3959,0.03883180304187609,0.0638454784439916,0.5029047739328113,0.8072745642839101,0.9083101793382167,0.30789834280591544,0
reserve10,clean,primary,evaluation,physical,2,3959,0.05211941499586046,0.08984076565607398,0.5077039656478909,0.8115685779237181,0.9085627683758525,0.40648016915859114,0
reserve10,clean,primary,evaluation,physical,3,3959,0.0580598918739499,0.10293251575327553,0.5049254862338974,0.8123263450366254,0.908057590300581,0.4346881664855464,0
reserve10,clean,primary,evaluation,physical,4,3959,0.06114962377131079,0.11060764603197361,0.5039151300833544,0.8110633998484466,0.9060368779994948,0.4423769793320328,0
reserve10,clean,primary,evaluation,physical_availability,1,3959,0.03882274649094967,0.0638454784439916,0.5034099520080828,0.8077797423591816,0.9070472341500379,0.30849169747578925,0
reserve10,clean,primary,evaluation,physical_availability,2,3959,0.052112158092472466,0.08984076565607398,0.5099772669866128,0.8108108108108109,0.9083101793382167,0.40673257614298336,0
reserve10,clean,primary,evaluation,physical_availability,3,3959,0.058062009794547856,0.10293251575327553,0.5051780752715332,0.8095478656226319,0.9067946451124022,0.43447494219880906,0
reserve10,clean,primary,evaluation,physical_availability,4,3959,0.06114715472235957,0.11060764603197361,0.5008840616317252,0.8082849204344531,0.9060368779994948,0.4420121143296032,0
reserve10,clean,primary,evaluation,physical_recovery,1,3959,0.03882256001282562,0.0638454784439916,0.5034099520080828,0.8085375094720889,0.9075524122253095,0.30871598265618255,0
reserve10,clean,primary,evaluation,physical_recovery,2,3959,0.05211556231694656,0.08984076565607398,0.509724677948977,0.8118211669613539,0.9095731245263956,0.4066309124837719,0
reserve10,clean,primary,evaluation,physical_recovery,3,3959,0.0580653149770915,0.10293251575327553,0.5046728971962616,0.8110633998484466,0.9070472341500379,0.4343938549961594,0
reserve10,clean,primary,evaluation,physical_recovery,4,3959,0.06114680944438834,0.11060764603197361,0.5001262945188178,0.8085375094720889,0.905784288961859,0.4420275411649028,0
reserve10,clean,primary,evaluation,previous_day,1,3959,0.10109003444500297,0.15702112509175145,0.4839605961101288,0.7779742359181612,0.8777469057842889,0.6562651621509797,0
reserve10,clean,primary,evaluation,previous_day,2,3959,0.10143702157451114,0.15842476707325231,0.4922960343521091,0.7847941399343269,0.8827986865370043,0.673305479169636,0
reserve10,clean,primary,evaluation,previous_day,3,3959,0.10172901997397807,0.15942717353543462,0.49431674665319525,0.7918666329881283,0.893912604192978,0.6922869288415332,0
reserve10,clean,primary,evaluation,previous_day,4,3959,0.10235468527069501,0.16041557552968522,0.49355897954028793,0.7959080575903006,0.8949229603435211,0.7027287262954208,0
reserve10,clean,primary,evaluation,raw,1,3959,0.0391329878937853,0.0638454784439916,0.4175296792119222,0.7062389492296034,0.8557716595099772,0.29068990723397514,0
reserve10,clean,primary,evaluation,raw,2,3959,0.052773212539999635,0.08984076565607398,0.39151300833543823,0.6870421823692852,0.8259661530689568,0.38093148205815713,0
reserve10,clean,primary,evaluation,raw,3,3959,0.058903601375688355,0.10293251575327553,0.3771154331901995,0.6744127304874968,0.8221773175044204,0.4011768458044131,0
reserve10,clean,primary,evaluation,raw,4,3959,0.061974499526640525,0.11060764603197361,0.37686284415256377,0.6686031826218742,0.8188936600151553,0.4064028513875382,0
reserve10,clean,primary,evaluation,recency,1,3959,0.03893602149254597,0.0638454784439916,0.5064410204597121,0.8037383177570093,0.9050265218489517,0.3048413664979119,0
reserve10,clean,primary,evaluation,recency,2,3959,0.05229195956741179,0.08984076565607398,0.5122505683253347,0.8042434958322808,0.9012376862844153,0.4023854691855835,0
reserve10,clean,primary,evaluation,recency,3,3959,0.05823573988324462,0.10293251575327553,0.5069461985349836,0.8027279616064663,0.9025006314725941,0.4309040541930668,0
reserve10,clean,primary,evaluation,recency,4,3959,0.061329346557314916,0.11060764603197361,0.5001262945188178,0.8012124273806517,0.8984592068704218,0.438711451161106,0
reserve10,clean,primary,evaluation,rolling,1,3959,0.03895127191379529,0.0638454784439916,0.5051780752715332,0.8024753725688305,0.9072998231876737,0.30416435113588575,0
reserve10,clean,primary,evaluation,rolling,2,3959,0.0523063246831997,0.08984076565607398,0.5117453902500632,0.8017176054559232,0.9007325082091437,0.40219892318555456,0
reserve10,clean,primary,evaluation,rolling,3,3959,0.05825450100407028,0.10293251575327553,0.5082091437231624,0.798686537004294,0.9022480424349584,0.43110632513359537,0
reserve10,clean,primary,evaluation,rolling,4,3959,0.06133297622550268,0.11060764603197361,0.5008840616317252,0.8007072493053802,0.8997221520586006,0.43839421098240006,0
reserve10,clean,primary,evaluation,single_imputation,1,3959,0.04518217050641428,0.06804648515116346,0.6322303612023238,0.81384187926244,0.8681485223541299,0.25836896287963285,0
reserve10,clean,primary,evaluation,single_imputation,2,3959,0.06027801908528925,0.09427667833908909,0.5524122253094216,0.7645870169234655,0.8358171255367517,0.3122924176002212,0
reserve10,clean,primary,evaluation,single_imputation,3,3959,0.06708419437686305,0.10460439355107913,0.5339732255620107,0.7438747158373327,0.8199040161656984,0.33207292528542437,0
reserve10,clean,primary,evaluation,single_imputation,4,3959,0.07149847552438125,0.11147314238912574,0.5221015407931295,0.7302349078050012,0.8075271533215459,0.3448972026441972,0
reserve10,clean,primary,warmup,aci_bounded,1,286,0.04213812318832184,0.06961039269337761,0.46503496503496505,0.7517482517482518,0.8951048951048951,0.3445563539663226,0
reserve10,clean,primary,warmup,aci_bounded,2,286,0.062293234778026466,0.10887925219921098,0.45104895104895104,0.7727272727272727,0.9020979020979021,0.48659592363922993,0
reserve10,clean,primary,warmup,aci_bounded,3,286,0.07284754778863292,0.1329415955949235,0.5,0.7902097902097902,0.8951048951048951,0.5123407287992993,0
reserve10,clean,primary,warmup,aci_bounded,4,286,0.07747546604782238,0.14523299662975467,0.513986013986014,0.7447552447552448,0.8496503496503497,0.5158893279473392,0
reserve10,clean,primary,warmup,carry_forward,1,286,0.047171243447147945,0.07472008829610513,0.3951048951048951,0.6888111888111889,0.8601398601398601,0.3940022784909573,0
reserve10,clean,primary,warmup,carry_forward,2,286,0.06534729433978799,0.11320031892827129,0.34965034965034963,0.6503496503496503,0.8251748251748252,0.47852199326522304,0
reserve10,clean,primary,warmup,carry_forward,3,286,0.07464310547612171,0.13170151471792838,0.3706293706293706,0.6258741258741258,0.7832167832167832,0.4948163565582252,0
reserve10,clean,primary,warmup,carry_forward,4,286,0.07938616121778609,0.1424002208413471,0.34965034965034963,0.6258741258741258,0.7552447552447552,0.49701333367500355,0
reserve10,clean,primary,warmup,geometric_persistence,1,286,0.05129473326171633,0.0805771639079057,0.44755244755244755,0.8111888111888111,0.8881118881118881,0.37541977702652246,0
reserve10,clean,primary,warmup,geometric_persistence,2,286,0.07884261650912479,0.13143002178215413,0.479020979020979,0.7937062937062938,0.8916083916083916,0.5211883134657005,0
reserve10,clean,primary,warmup,geometric_persistence,3,286,0.09794926037014834,0.17605379113490294,0.45104895104895104,0.7972027972027972,0.9055944055944056,0.6400954187406485,0
reserve10,clean,primary,warmup,geometric_persistence,4,286,0.11403349031942467,0.21669128038791158,0.45454545454545453,0.7972027972027972,0.8951048951048951,0.6838214596160992,0
reserve10,clean,primary,warmup,mask50,1,286,0.042139366089410324,0.06961039269337761,0.46853146853146854,0.7587412587412588,0.8951048951048951,0.34640687907732837,0
reserve10,clean,primary,warmup,mask50,2,286,0.0622852729311615,0.10887925219921098,0.44405594405594406,0.7657342657342657,0.9020979020979021,0.48811017289297065,0
reserve10,clean,primary,warmup,mask50,3,286,0.07286819694484967,0.1329415955949235,0.486013986013986,0.7692307692307693,0.8951048951048951,0.5119542300851644,0
reserve10,clean,primary,warmup,mask50,4,286,0.07751346841044505,0.14523299662975467,0.4825174825174825,0.7377622377622378,0.8566433566433567,0.5165546962522617,0
reserve10,clean,primary,warmup,mi_recency,1,286,0.04609856476705183,0.07523170805405324,0.5664335664335665,0.8076923076923077,0.9020979020979021,0.31033908761057855,0
reserve10,clean,primary,warmup,mi_recency,2,286,0.0654794706932268,0.11170125432071669,0.5,0.8146853146853147,0.8951048951048951,0.4338283960553452,0
reserve10,clean,primary,warmup,mi_recency,3,286,0.07696792501232388,0.13243594821653754,0.486013986013986,0.7692307692307693,0.8706293706293706,0.5044731034618275,0
reserve10,clean,primary,warmup,mi_recency,4,286,0.08313463845803234,0.14461609901151334,0.5104895104895105,0.7552447552447552,0.8811188811188811,0.5375525482665061,0
reserve10,clean,primary,warmup,multiple_imputation,1,286,0.046333802697607535,0.07523170805405324,0.5769230769230769,0.7937062937062938,0.8566433566433567,0.2593769820099139,0
reserve10,clean,primary,warmup,multiple_imputation,2,286,0.06808943247831714,0.11170125432071669,0.4405594405594406,0.6783216783216783,0.7972027972027972,0.31596648021434376,0
reserve10,clean,primary,warmup,multiple_imputation,3,286,0.08119836417174664,0.13243594821653754,0.3776223776223776,0.6538461538461539,0.7622377622377622,0.337528735489988,0
reserve10,clean,primary,warmup,multiple_imputation,4,286,0.08931813543774961,0.14461609901151334,0.36013986013986016,0.5979020979020979,0.7132867132867133,0.35348188502433814,0
reserve10,clean,primary,warmup,persistence,1,286,0.07273404812976457,0.12889964607111637,0.5594405594405595,0.8041958041958042,0.916083916083916,0.47000029463765397,0
reserve10,clean,primary,warmup,persistence,2,286,0.10987862373076328,0.21317118297015483,0.5244755244755245,0.8216783216783217,0.8776223776223776,0.6638040476632742,0
reserve10,clean,primary,warmup,persistence,3,286,0.13221396898655288,0.27126033851721193,0.48951048951048953,0.7902097902097902,0.8846153846153846,0.7675209362431838,0
reserve10,clean,primary,warmup,persistence,4,286,0.14110218527964224,0.30405758958125206,0.486013986013986,0.8181818181818182,0.8916083916083916,0.8051160081486222,0
reserve10,clean,primary,warmup,physical,1,286,0.042124101421797885,0.06961039269337761,0.4755244755244755,0.7622377622377622,0.9055944055944056,0.34937997778688534,0
reserve10,clean,primary,warmup,physical,2,286,0.06222788959011024,0.10887925219921098,0.458041958041958,0.7692307692307693,0.9090909090909091,0.4903624220696668,0
reserve10,clean,primary,warmup,physical,3,286,0.07276949984574789,0.1329415955949235,0.4965034965034965,0.7762237762237763,0.8916083916083916,0.5154013672577317,0
reserve10,clean,primary,warmup,physical,4,286,0.07753628922220754,0.14523299662975467,0.506993006993007,0.7482517482517482,0.8636363636363636,0.5191365140192085,0
reserve10,clean,primary,warmup,physical_availability,1,286,0.04212625490205005,0.06961039269337761,0.46503496503496505,0.7622377622377622,0.9020979020979021,0.3501528359120096,0
reserve10,clean,primary,warmup,physical_availability,2,286,0.06223484433570175,0.10887925219921098,0.44755244755244755,0.7657342657342657,0.916083916083916,0.4910621955152307,0
reserve10,clean,primary,warmup,physical_availability,3,286,0.07281546163393784,0.1329415955949235,0.486013986013986,0.7692307692307693,0.8916083916083916,0.5159071401712508,0
reserve10,clean,primary,warmup,physical_availability,4,286,0.07758464198865768,0.14523299662975467,0.5034965034965035,0.7342657342657343,0.8636363636363636,0.5188166742928371,0
reserve10,clean,primary,warmup,physical_recovery,1,286,0.04213877951454405,0.06961039269337761,0.4825174825174825,0.7727272727272727,0.9020979020979021,0.3494039233884532,0
reserve10,clean,primary,warmup,physical_recovery,2,286,0.06225708746293322,0.10887925219921098,0.45454545454545453,0.7657342657342657,0.9195804195804196,0.4913590606585126,0
reserve10,clean,primary,warmup,physical_recovery,3,286,0.07285308230762517,0.1329415955949235,0.5,0.7797202797202797,0.8951048951048951,0.5177928306661015,0
reserve10,clean,primary,warmup,physical_recovery,4,286,0.07772324384213602,0.14523299662975467,0.506993006993007,0.7622377622377622,0.8776223776223776,0.5260615031777672,0
reserve10,clean,primary,warmup,previous_day,1,286,0.1196394734008365,0.18443303204295702,0.3006993006993007,0.6258741258741258,0.8076923076923077,0.5582789159733496,0
reserve10,clean,primary,warmup,previous_day,2,286,0.11851716458505036,0.18464018180829586,0.3006993006993007,0.6398601398601399,0.8181818181818182,0.5792188746342198,0
reserve10,clean,primary,warmup,previous_day,3,286,0.11770556337817688,0.18464699880171911,0.3006993006993007,0.6468531468531469,0.8356643356643356,0.6007625293888402,0
reserve10,clean,primary,warmup,previous_day,4,286,0.11732130149844201,0.1846477818379537,0.3006993006993007,0.6538461538461539,0.8356643356643356,0.6063743993631369,0
reserve10,clean,primary,warmup,raw,1,286,0.0422608576643953,0.06961039269337761,0.3916083916083916,0.7062937062937062,0.8706293706293706,0.33757798371526565,0
reserve10,clean,primary,warmup,raw,2,286,0.06270055888462638,0.10887925219921098,0.33916083916083917,0.6083916083916084,0.8461538461538461,0.47559075014523783,0
reserve10,clean,primary,warmup,raw,3,286,0.07325511950105057,0.1329415955949235,0.3776223776223776,0.5944055944055944,0.8006993006993007,0.4889361749551026,0
reserve10,clean,primary,warmup,raw,4,286,0.07821424430028732,0.14523299662975467,0.3951048951048951,0.5804195804195804,0.7657342657342657,0.4938612127803784,0
reserve10,clean,primary,warmup,recency,1,286,0.04213631114994207,0.06961039269337761,0.47202797202797203,0.7587412587412588,0.8951048951048951,0.346078395442071,0
reserve10,clean,primary,warmup,recency,2,286,0.06227815810186928,0.10887925219921098,0.44755244755244755,0.7657342657342657,0.9020979020979021,0.4873927259665314,0
reserve10,clean,primary,warmup,recency,3,286,0.07283385406037925,0.1329415955949235,0.493006993006993,0.7797202797202797,0.8916083916083916,0.5114954281570816,0
reserve10,clean,primary,warmup,recency,4,286,0.07746721246946706,0.14523299662975467,0.4965034965034965,0.7447552447552448,0.8531468531468531,0.5169986719435509,0
reserve10,clean,primary,warmup,rolling,1,286,0.042146488342264095,0.06961039269337761,0.46153846153846156,0.7412587412587412,0.8951048951048951,0.34444577301666957,0
reserve10,clean,primary,warmup,rolling,2,286,0.06226885812666215,0.10887925219921098,0.44405594405594406,0.7727272727272727,0.8986013986013986,0.48561029587864657,0
reserve10,clean,primary,warmup,rolling,3,286,0.07281873862150387,0.1329415955949235,0.4965034965034965,0.7832167832167832,0.8916083916083916,0.5104131552369471,0
reserve10,clean,primary,warmup,rolling,4,286,0.07747538057695084,0.14523299662975467,0.5034965034965035,0.7412587412587412,0.8496503496503497,0.5130433931831347,0
reserve10,clean,primary,warmup,single_imputation,1,286,0.04691812591831072,0.07578729011281804,0.5734265734265734,0.7972027972027972,0.8566433566433567,0.25670942800770824,0
reserve10,clean,primary,warmup,single_imputation,2,286,0.06824848015017525,0.111536845740053,0.4405594405594406,0.6748251748251748,0.7972027972027972,0.3132866788504653,0
reserve10,clean,primary,warmup,single_imputation,3,286,0.0818433332519048,0.13288545090593915,0.3776223776223776,0.6468531468531469,0.7552447552447552,0.33573610160247763,0
reserve10,clean,primary,warmup,single_imputation,4,286,0.08993620113409842,0.1450998235228099,0.36013986013986016,0.5979020979020979,0.7132867132867133,0.35258797256935526,0
reserve10,pv_only,primary,evaluation,aci_bounded,1,3959,0.039768098094953984,0.06561818336373527,0.502147006819904,0.8012124273806517,0.8994695630209649,0.31110933464017926,47
reserve10,pv_only,primary,evaluation,aci_bounded,2,3959,0.052663307984269506,0.0906765325522798,0.5016418287446325,0.798686537004294,0.8997221520586006,0.40436504749752017,47
reserve10,pv_only,primary,evaluation,aci_bounded,3,3959,0.05839629262510669,0.10348606370347023,0.4983581712553675,0.7979287698913867,0.9014902753220511,0.43186944278196776,47
reserve10,pv_only,primary,evaluation,aci_bounded,4,3959,0.06135795672086746,0.11070215662714475,0.494569335690831,0.801970194493559,0.9032583985855014,0.44081546809818173,47
reserve10,pv_only,primary,evaluation,carry_forward,1,3959,0.042214476689812645,0.06831279558497122,0.4213185147764587,0.7047234150037889,0.8461732760798182,0.32557650483225026,47
reserve10,pv_only,primary,evaluation,carry_forward,2,3959,0.053999083659967216,0.09258880884869033,0.3973225562010609,0.6852740591058348,0.8368274816872948,0.3866701088830422,47
reserve10,pv_only,primary,evaluation,carry_forward,3,3959,0.05990086362580263,0.10617880716711713,0.38696640565799445,0.6822429906542056,0.8201566052033342,0.4017907309581647,47
reserve10,pv_only,primary,evaluation,carry_forward,4,3959,0.062205151781043196,0.11080096962777089,0.3783783783783784,0.6792119222025764,0.8191462490527911,0.40586549940890737,47
reserve10,pv_only,primary,evaluation,geometric_persistence,1,3959,0.06192069488476467,0.09495782054874004,0.5188178833038646,0.8272290982571356,0.9148774943167467,0.46941210380148074,47
reserve10,pv_only,primary,evaluation,geometric_persistence,2,3959,0.08438036411943727,0.14229876278244366,0.5258903763576661,0.8262187421065925,0.9128567820156606,0.5873531302744531,47
reserve10,pv_only,primary,evaluation,geometric_persistence,3,3959,0.10220989851048987,0.18328170509438302,0.5210911846425865,0.8249557969184137,0.9128567820156606,0.6966895088315314,47
reserve10,pv_only,primary,evaluation,geometric_persistence,4,3959,0.11566741668705734,0.21705954139700395,0.5276584996211164,0.8239454407678707,0.9158878504672897,0.7643236493879274,47
reserve10,pv_only,primary,evaluation,mask50,1,3959,0.0397475535229455,0.06561818336373527,0.5102298560242485,0.8082849204344531,0.904773932811316,0.31519593606376706,47
reserve10,pv_only,primary,evaluation,mask50,2,3959,0.05262942731504717,0.0906765325522798,0.5157868148522354,0.8042434958322808,0.905784288961859,0.4062629369330039,47
reserve10,pv_only,primary,evaluation,mask50,3,3959,0.058352701672087635,0.10348606370347023,0.5092194998737055,0.8044960848699166,0.904773932811316,0.43275302535650706,47
reserve10,pv_only,primary,evaluation,mask50,4,3959,0.06132912747430582,0.11070215662714475,0.4998737054811821,0.8024753725688305,0.9009850972467794,0.4397895183178464,47
reserve10,pv_only,primary,evaluation,mi_recency,1,3959,0.04505849847987038,0.0687286873271645,0.5112402121747917,0.8098004546602677,0.8999747410962364,0.3102405715275292,47
reserve10,pv_only,primary,evaluation,mi_recency,2,3959,0.05924395957674342,0.09461033236352669,0.509724677948977,0.7989391260419297,0.8997221520586006,0.4015383272648212,47
reserve10,pv_only,primary,evaluation,mi_recency,3,3959,0.06544422417360883,0.10483816371898654,0.5109876231371558,0.8044960848699166,0.9012376862844153,0.44373368094788596,47
reserve10,pv_only,primary,evaluation,mi_recency,4,3959,0.06930114433636095,0.11156147939341082,0.5051780752715332,0.8024753725688305,0.9002273301338722,0.47161052642251156,47
reserve10,pv_only,primary,evaluation,multiple_imputation,1,3959,0.04544377159296413,0.0687286873271645,0.629957059863602,0.8120737559989897,0.8656226319777721,0.26119592181150464,47
reserve10,pv_only,primary,evaluation,multiple_imputation,2,3959,0.060336778246397854,0.09461033236352669,0.5526648143470574,0.7638292498105582,0.8348067693862087,0.31370796919854504,47
reserve10,pv_only,primary,evaluation,multiple_imputation,3,3959,0.06709096627246437,0.10483816371898654,0.533468047486739,0.7431169487244254,0.8209143723162414,0.33274981829661676,47
reserve10,pv_only,primary,evaluation,multiple_imputation,4,3959,0.07155856602478386,0.11156147939341082,0.5210911846425865,0.7302349078050012,0.8087900985097247,0.34540190219054484,47
reserve10,pv_only,primary,evaluation,persistence,1,3959,0.07953475838410566,0.14035401978347256,0.5370042940136398,0.8269765092194998,0.918918918918919,0.5415279412173061,47
reserve10,pv_only,primary,evaluation,persistence,2,3959,0.11106340908361848,0.21803043336851535,0.5435716089921697,0.8201566052033342,0.9133619600909321,0.6953151739021021,47
reserve10,pv_only,primary,evaluation,persistence,3,3959,0.1320196037550322,0.2729155128305082,0.5258903763576661,0.8158625915635261,0.9143723162414751,0.8038748093249896,47
reserve10,pv_only,primary,evaluation,persistence,4,3959,0.14540571031457522,0.30322217090614056,0.5271533215458449,0.817125536751705,0.9171507956554685,0.868261272336877,47
reserve10,pv_only,primary,evaluation,physical,1,3959,0.039657657310898924,0.06561818336373527,0.5039151300833544,0.8098004546602677,0.9088153574134883,0.31656310361975665,47
reserve10,pv_only,primary,evaluation,physical,2,3959,0.05248387773613672,0.0906765325522798,0.5092194998737055,0.8143470573377115,0.908057590300581,0.4089274182144645,47
reserve10,pv_only,primary,evaluation,physical,3,3959,0.05819132949292261,0.10348606370347023,0.5059358423844406,0.8130841121495327,0.9085627683758525,0.43546424391567634,47
reserve10,pv_only,primary,evaluation,physical,4,3959,0.061163861119302936,0.11070215662714475,0.5041677191209901,0.8115685779237181,0.9062894670371305,0.44277181254321996,47
reserve10,pv_only,primary,evaluation,physical_availability,1,3959,0.039645484707606,0.06561818336373527,0.5039151300833544,0.810558221773175,0.909067946451124,0.31802534217977735,47
reserve10,pv_only,primary,evaluation,physical_availability,2,3959,0.052471198728844336,0.0906765325522798,0.5132609244758778,0.8125789340742612,0.909067946451124,0.410050334351939,47
reserve10,pv_only,primary,evaluation,physical_availability,3,3959,0.05819084366867613,0.10348606370347023,0.5074513766102551,0.8095478656226319,0.9103308916393028,0.4364022728621489,47
reserve10,pv_only,primary,evaluation,physical_availability,4,3959,0.061157289583451936,0.11070215662714475,0.5016418287446325,0.810558221773175,0.9067946451124022,0.443483765049825,47
reserve10,pv_only,primary,evaluation,physical_recovery,1,3959,0.03963880968733502,0.06561818336373527,0.5074513766102551,0.8118211669613539,0.9105834806769386,0.318739557712837,47
reserve10,pv_only,primary,evaluation,physical_recovery,2,3959,0.052473718607449434,0.0906765325522798,0.5125031573629705,0.8130841121495327,0.9136145491285678,0.41133127536051617,47
reserve10,pv_only,primary,evaluation,physical_recovery,3,3959,0.0582011748242155,0.10348606370347023,0.5094720889113412,0.8143470573377115,0.9115938368274817,0.4371720765882825,47
reserve10,pv_only,primary,evaluation,physical_recovery,4,3959,0.061182589579955246,0.11070215662714475,0.5044203081586259,0.810558221773175,0.9060368779994948,0.44411473058289824,47
reserve10,pv_only,primary,evaluation,previous_day,1,3959,0.10127355540668043,0.15735884005216413,0.48370800707249306,0.776963879767618,0.8774943167466532,0.6559042493484368,47
reserve10,pv_only,primary,evaluation,previous_day,2,3959,0.10154946700133935,0.15860828746981712,0.4922960343521091,0.7840363728214196,0.8825460974993685,0.6730262416231776,47
reserve10,pv_only,primary,evaluation,previous_day,3,3959,0.10177011198167805,0.15948922590443412,0.49431674665319525,0.7921192220257641,0.8936600151553422,0.6921156117731673,47
reserve10,pv_only,primary,evaluation,previous_day,4,3959,0.1024416438200462,0.16052582657048736,0.4933063905026522,0.7959080575903006,0.8946703713058853,0.7025606517264009,47
reserve10,pv_only,primary,evaluation,raw,1,3959,0.03993834084229767,0.06561818336373527,0.4205607476635514,0.7069967163425107,0.8598130841121495,0.30093980076149984,47
reserve10,pv_only,primary,evaluation,raw,2,3959,0.053110343341293345,0.0906765325522798,0.39656478908815357,0.6900732508209144,0.8282394544076787,0.3838439824653609,47
reserve10,pv_only,primary,evaluation,raw,3,3959,0.059013232933976464,0.10348606370347023,0.37686284415256377,0.676433442788583,0.822429906542056,0.40248333467288344,47
reserve10,pv_only,primary,evaluation,raw,4,3959,0.06198512997603388,0.11070215662714475,0.37736802222783533,0.6691083606971457,0.8193988380904269,0.40661317747951853,47
reserve10,pv_only,primary,evaluation,recency,1,3959,0.03975650349266382,0.06561818336373527,0.5054306643091689,0.8032331396817378,0.9035109876231372,0.3134865839242624,47
reserve10,pv_only,primary,evaluation,recency,2,3959,0.052647320230783015,0.0906765325522798,0.5084617327607982,0.8032331396817378,0.9014902753220511,0.4045655370163374,47
reserve10,pv_only,primary,evaluation,recency,3,3959,0.058358177983208394,0.10348606370347023,0.5077039656478909,0.8042434958322808,0.9025006314725941,0.43159620074509086,47
reserve10,pv_only,primary,evaluation,recency,4,3959,0.0613418928923029,0.11070215662714475,0.5006314725940895,0.801970194493559,0.8997221520586006,0.438885635902405,47
reserve10,pv_only,primary,evaluation,rolling,1,3959,0.039765173842606444,0.06561818336373527,0.5064410204597121,0.8012124273806517,0.9060368779994948,0.3128170472265344,47
reserve10,pv_only,primary,evaluation,rolling,2,3959,0.052661494915483206,0.0906765325522798,0.511997979287699,0.8009598383430159,0.9012376862844153,0.4045482939180664,47
reserve10,pv_only,primary,evaluation,rolling,3,3959,0.05837725990363698,0.10348606370347023,0.5082091437231624,0.8012124273806517,0.9022480424349584,0.4314362542960248,47
reserve10,pv_only,primary,evaluation,rolling,4,3959,0.06134491685711529,0.11070215662714475,0.5013892397069967,0.801970194493559,0.9004799191715079,0.43852096560349507,47
reserve10,pv_only,primary,evaluation,single_imputation,1,3959,0.045525440423752075,0.06862887807920003,0.6284415256377873,0.8115685779237181,0.8648648648648649,0.25841547876731535,47
reserve10,pv_only,primary,evaluation,single_imputation,2,3959,0.06043374068483873,0.09455753343027266,0.5521596362717858,0.764081838848194,0.8343015913109371,0.31229130487553614,47
reserve10,pv_only,primary,evaluation,single_imputation,3,3959,0.06716304142693917,0.10483986809044331,0.5329628694114675,0.7431169487244254,0.8199040161656984,0.33208096668192216,47
reserve10,pv_only,primary,evaluation,single_imputation,4,3959,0.07158882780932123,0.11157112922860893,0.5218489517554938,0.7284667845415509,0.8067693862086386,0.34491838562099214,47
reserve10,pv_only,primary,warmup,aci_bounded,1,286,0.045514459256240106,0.07492076351542057,0.46503496503496505,0.7587412587412588,0.9055944055944056,0.36880843600444496,4
reserve10,pv_only,primary,warmup,aci_bounded,2,286,0.06325729118413831,0.11009546697618408,0.45104895104895104,0.7622377622377622,0.8951048951048951,0.4925637598239889,4
reserve10,pv_only,primary,warmup,aci_bounded,3,286,0.07356528335629736,0.13420233353702596,0.493006993006993,0.7797202797202797,0.8881118881118881,0.5148711824540625,4
reserve10,pv_only,primary,warmup,aci_bounded,4,286,0.0779115836736189,0.147207035734734,0.513986013986014,0.7412587412587412,0.8496503496503497,0.5159998418260486,4
reserve10,pv_only,primary,warmup,carry_forward,1,286,0.05078406455698273,0.08293002914357674,0.38461538461538464,0.6888111888111889,0.8566433566433567,0.4047331519184758,4
reserve10,pv_only,primary,warmup,carry_forward,2,286,0.06754918011925402,0.11979047906201869,0.3531468531468531,0.6433566433566433,0.8216783216783217,0.48162733062956203,4
reserve10,pv_only,primary,warmup,carry_forward,3,286,0.07591533391035186,0.13486961936706968,0.3706293706293706,0.6223776223776224,0.7797202797202797,0.4957890417951863,4
reserve10,pv_only,primary,warmup,carry_forward,4,286,0.08025791593255696,0.14558854264376386,0.34965034965034963,0.6223776223776224,0.7552447552447552,0.4973084613518776,4
reserve10,pv_only,primary,warmup,geometric_persistence,1,286,0.07589330697004469,0.11128068920371267,0.43006993006993005,0.7622377622377622,0.8356643356643356,0.3651227121613963,4
reserve10,pv_only,primary,warmup,geometric_persistence,2,286,0.09442737576881648,0.156437562841858,0.45104895104895104,0.7552447552447552,0.8496503496503497,0.5087715368624613,4
reserve10,pv_only,primary,warmup,geometric_persistence,3,286,0.10756906116649229,0.19608008595772258,0.4230769230769231,0.7657342657342657,0.8811188811188811,0.6281801972175312,4
reserve10,pv_only,primary,warmup,geometric_persistence,4,286,0.12000023514337405,0.231966429650408,0.43356643356643354,0.7727272727272727,0.8811188811188811,0.6741183520664731,4
reserve10,pv_only,primary,warmup,mask50,1,286,0.04552644729918169,0.07492076351542057,0.47202797202797203,0.7517482517482518,0.9055944055944056,0.36809164607882483,4
reserve10,pv_only,primary,warmup,mask50,2,286,0.06323764056996833,0.11009546697618408,0.458041958041958,0.7587412587412588,0.9020979020979021,0.49541099510094755,4
reserve10,pv_only,primary,warmup,mask50,3,286,0.07361506795583145,0.13420233353702596,0.4825174825174825,0.7622377622377622,0.8916083916083916,0.516450132244092,4
reserve10,pv_only,primary,warmup,mask50,4,286,0.0779306568408796,0.147207035734734,0.5,0.7377622377622378,0.8461538461538461,0.5174107105403589,4
reserve10,pv_only,primary,warmup,mi_recency,1,286,0.048781395522314266,0.07929945083230934,0.5559440559440559,0.8181818181818182,0.9090909090909091,0.3297968961969866,4
reserve10,pv_only,primary,warmup,mi_recency,2,286,0.06720544183799847,0.11387490041148829,0.5,0.8006993006993007,0.8951048951048951,0.4428252915750214,4
reserve10,pv_only,primary,warmup,mi_recency,3,286,0.07776690137230226,0.13313697300899432,0.4825174825174825,0.7797202797202797,0.8706293706293706,0.5093801485817027,4
reserve10,pv_only,primary,warmup,mi_recency,4,286,0.08313814727854904,0.14430817209619692,0.5104895104895105,0.7517482517482518,0.8776223776223776,0.5306218352119686,4
reserve10,pv_only,primary,warmup,multiple_imputation,1,286,0.04905340763787321,0.07929945083230934,0.5629370629370629,0.7902097902097902,0.8566433566433567,0.27078432691918486,4
reserve10,pv_only,primary,warmup,multiple_imputation,2,286,0.06976921402448132,0.11387490041148829,0.44755244755244755,0.6783216783216783,0.7972027972027972,0.3208311047446099,4
reserve10,pv_only,primary,warmup,multiple_imputation,3,286,0.08227650677748737,0.13313697300899432,0.38461538461538464,0.6468531468531469,0.7552447552447552,0.3385700557542298,4
reserve10,pv_only,primary,warmup,multiple_imputation,4,286,0.08910170715936569,0.14430817209619692,0.36013986013986016,0.6048951048951049,0.7167832167832168,0.354155615626906,4
reserve10,pv_only,primary,warmup,persistence,1,286,0.09184058063982892,0.15454467512175324,0.527972027972028,0.7657342657342657,0.8671328671328671,0.45441053721538877,4
reserve10,pv_only,primary,warmup,persistence,2,286,0.11841342187273664,0.2274685089582293,0.5034965034965035,0.7902097902097902,0.8496503496503497,0.6392724225305942,4
reserve10,pv_only,primary,warmup,persistence,3,286,0.13600201423459352,0.2789089458489427,0.479020979020979,0.7692307692307693,0.8671328671328671,0.7418457239070824,4
reserve10,pv_only,primary,warmup,persistence,4,286,0.1421771819445268,0.3069224550090534,0.479020979020979,0.7972027972027972,0.8811188811188811,0.782073386765318,4
reserve10,pv_only,primary,warmup,physical,1,286,0.04549124690260988,0.07492076351542057,0.4755244755244755,0.7727272727272727,0.9055944055944056,0.37290501908574963,4
reserve10,pv_only,primary,warmup,physical,2,286,0.06322096854417895,0.11009546697618408,0.46503496503496505,0.7587412587412588,0.9055944055944056,0.4969088783272812,4
reserve10,pv_only,primary,warmup,physical,3,286,0.07347451632072441,0.13420233353702596,0.4965034965034965,0.7692307692307693,0.8846153846153846,0.517760071787352,4
reserve10,pv_only,primary,warmup,physical,4,286,0.07794716672917076,0.147207035734734,0.513986013986014,0.7447552447552448,0.8601398601398601,0.5196756370760559,4
reserve10,pv_only,primary,warmup,physical_availability,1,286,0.04550836525548478,0.07492076351542057,0.47202797202797203,0.7762237762237763,0.9020979020979021,0.37185003718874615,4
reserve10,pv_only,primary,warmup,physical_availability,2,286,0.06324291547745386,0.11009546697618408,0.45454545454545453,0.7622377622377622,0.9090909090909091,0.49793555662941574,4
reserve10,pv_only,primary,warmup,physical_availability,3,286,0.0735336946675717,0.13420233353702596,0.4965034965034965,0.7727272727272727,0.8846153846153846,0.5190302096279996,4
reserve10,pv_only,primary,warmup,physical_availability,4,286,0.07801276508347436,0.147207035734734,0.5034965034965035,0.7342657342657343,0.8566433566433567,0.5200738158102255,4
reserve10,pv_only,primary,warmup,physical_recovery,1,286,0.04550925038369299,0.07492076351542057,0.4755244755244755,0.7727272727272727,0.8986013986013986,0.3713331246182257,4
reserve10,pv_only,primary,warmup,physical_recovery,2,286,0.06321604557931004,0.11009546697618408,0.47202797202797203,0.7622377622377622,0.9125874125874126,0.49714111562327157,4
reserve10,pv_only,primary,warmup,physical_recovery,3,286,0.07348371780293168,0.13420233353702596,0.506993006993007,0.7657342657342657,0.8951048951048951,0.5195644333181061,4
reserve10,pv_only,primary,warmup,physical_recovery,4,286,0.07811436933223222,0.147207035734734,0.5034965034965035,0.7482517482517482,0.8671328671328671,0.5271510884268953,4
reserve10,pv_only,primary,warmup,previous_day,1,286,0.1196394734008365,0.18443303204295702,0.3006993006993007,0.6258741258741258,0.8076923076923077,0.5582789159733496,4
reserve10,pv_only,primary,warmup,previous_day,2,286,0.11851716458505036,0.18464018180829586,0.3006993006993007,0.6398601398601399,0.8181818181818182,0.5792188746342198,4
reserve10,pv_only,primary,warmup,previous_day,3,286,0.11770556337817688,0.18464699880171911,0.3006993006993007,0.6468531468531469,0.8356643356643356,0.6007625293888402,4
reserve10,pv_only,primary,warmup,previous_day,4,286,0.11732130149844201,0.1846477818379537,0.3006993006993007,0.6538461538461539,0.8356643356643356,0.6063743993631369,4
reserve10,pv_only,primary,warmup,raw,1,286,0.04563652940891017,0.07492076351542057,0.3986013986013986,0.7027972027972028,0.8706293706293706,0.3569445875147108,4
reserve10,pv_only,primary,warmup,raw,2,286,0.06358498921267708,0.11009546697618408,0.3531468531468531,0.6083916083916084,0.8391608391608392,0.47990192337003723,4
reserve10,pv_only,primary,warmup,raw,3,286,0.07391380346837874,0.13420233353702596,0.38461538461538464,0.5979020979020979,0.7937062937062938,0.4905128234550773,4
reserve10,pv_only,primary,warmup,raw,4,286,0.07866489392139657,0.147207035734734,0.38461538461538464,0.5769230769230769,0.7657342657342657,0.4939883426550689,4
reserve10,pv_only,primary,warmup,recency,1,286,0.045510673691759485,0.07492076351542057,0.46853146853146854,0.7587412587412588,0.9055944055944056,0.36935577313253787,4
reserve10,pv_only,primary,warmup,recency,2,286,0.06322872049032544,0.11009546697618408,0.46503496503496505,0.7587412587412588,0.8986013986013986,0.49334525401892765,4
reserve10,pv_only,primary,warmup,recency,3,286,0.07355262104987664,0.13420233353702596,0.486013986013986,0.7692307692307693,0.8846153846153846,0.5143170278664456,4
reserve10,pv_only,primary,warmup,recency,4,286,0.07791117873829777,0.147207035734734,0.5,0.7412587412587412,0.8461538461538461,0.5172311903143949,4
reserve10,pv_only,primary,warmup,rolling,1,286,0.04551038928510912,0.07492076351542057,0.46503496503496505,0.7482517482517482,0.9090909090909091,0.3691342568959546,4
reserve10,pv_only,primary,warmup,rolling,2,286,0.0632185387900266,0.11009546697618408,0.44405594405594406,0.7622377622377622,0.8951048951048951,0.4910886413253472,4
reserve10,pv_only,primary,warmup,rolling,3,286,0.07353999419081958,0.13420233353702596,0.486013986013986,0.7692307692307693,0.8846153846153846,0.5124385093696502,4
reserve10,pv_only,primary,warmup,rolling,4,286,0.07791454818746005,0.147207035734734,0.5,0.7377622377622378,0.8461538461538461,0.5133206030850773,4
reserve10,pv_only,primary,warmup,single_imputation,1,286,0.05019697664587479,0.07994301085190621,0.548951048951049,0.7902097902097902,0.8461538461538461,0.25769767509940805,4
reserve10,pv_only,primary,warmup,single_imputation,2,286,0.07037252933869838,0.11389465655172368,0.44405594405594406,0.6678321678321678,0.7902097902097902,0.31325764767540076,4
reserve10,pv_only,primary,warmup,single_imputation,3,286,0.08306883281696754,0.13381280461046832,0.3811188811188811,0.6398601398601399,0.7482517482517482,0.33559651131325025,4
reserve10,pv_only,primary,warmup,single_imputation,4,286,0.08980222738790437,0.14478984277058093,0.35664335664335667,0.6048951048951049,0.7167832167832168,0.35258477431122853,4
reserve10,irradiance_only,primary,evaluation,aci_bounded,1,3959,0.03956820637026422,0.06488518399515,0.5023995958575398,0.8024753725688305,0.9004799191715079,0.3073091182359221,47
reserve10,irradiance_only,primary,evaluation,aci_bounded,2,3959,0.052771895036286744,0.09095163809687808,0.5016418287446325,0.799696893154837,0.8992169739833291,0.40442087076856625,47
reserve10,irradiance_only,primary,evaluation,aci_bounded,3,3959,0.058660047632310724,0.10398951255199428,0.49734781510482445,0.7979287698913867,0.9002273301338722,0.4328368487753005,47
reserve10,irradiance_only,primary,evaluation,aci_bounded,4,3959,0.061626651537369535,0.11124857054621355,0.494569335690831,0.8017176054559232,0.9035109876231372,0.4433410441800298,47
reserve10,irradiance_only,primary,evaluation,carry_forward,1,3959,0.042838224417848535,0.07077797589506589,0.41727709017428644,0.7014397575145239,0.844152563778732,0.3249162401219653,47
reserve10,irradiance_only,primary,evaluation,carry_forward,2,3959,0.05450203546451886,0.09394821168068812,0.395049254862339,0.6797171002778479,0.8348067693862087,0.38726577223674796,47
reserve10,irradiance_only,primary,evaluation,carry_forward,3,3959,0.060315818209370216,0.106896735037619,0.3806516797171003,0.6809800454660268,0.8168729477140693,0.4016730968055939,47
reserve10,irradiance_only,primary,evaluation,carry_forward,4,3959,0.06271050966380994,0.11210279591700302,0.3753473099267492,0.6789593331649406,0.8168729477140693,0.40600417113154524,47
reserve10,irradiance_only,primary,evaluation,geometric_persistence,1,3959,0.05165170099211217,0.08001419375801196,0.5423086638039909,0.8590553169992422,0.9421571103814095,0.4766182078785057,47
reserve10,irradiance_only,primary,evaluation,geometric_persistence,2,3959,0.07824811834118736,0.13104460531563014,0.5397827734276333,0.8451629199292751,0.931800959838343,0.596460144930769,47
reserve10,irradiance_only,primary,evaluation,geometric_persistence,3,3959,0.09950573780006869,0.17635941629050852,0.5294266228845668,0.836574892649659,0.9232129325587269,0.7060798003057419,47
reserve10,irradiance_only,primary,evaluation,geometric_persistence,4,3959,0.11556283845899458,0.21430402412677219,0.5271533215458449,0.8259661530689568,0.91765597373074,0.7724368493699157,47
reserve10,irradiance_only,primary,evaluation,mask50,1,3959,0.03954967004481602,0.06488518399515,0.5109876231371558,0.8103056327355392,0.905784288961859,0.3111598164261801,47
reserve10,irradiance_only,primary,evaluation,mask50,2,3959,0.05273197701787336,0.09095163809687808,0.5127557464006062,0.8022227835311947,0.9055316999242233,0.4061419091162788,47
reserve10,irradiance_only,primary,evaluation,mask50,3,3959,0.0586174886879788,0.10398951255199428,0.5064410204597121,0.8024753725688305,0.9040161656984087,0.4337744673653946,47
reserve10,irradiance_only,primary,evaluation,mask50,4,3959,0.06160085620407593,0.11124857054621355,0.498863349330639,0.8022227835311947,0.9007325082091437,0.4419980212210037,47
reserve10,irradiance_only,primary,evaluation,mi_recency,1,3959,0.045087559313757145,0.06883676306070635,0.5117453902500632,0.8095478656226319,0.9004799191715079,0.31054143576040816,47
reserve10,irradiance_only,primary,evaluation,mi_recency,2,3959,0.05946867852864057,0.09488622332919362,0.5099772669866128,0.799696893154837,0.8997221520586006,0.40332083163891874,47
reserve10,irradiance_only,primary,evaluation,mi_recency,3,3959,0.06592646891437155,0.10556815184136309,0.509724677948977,0.8032331396817378,0.9017428643596868,0.44634476751612,47
reserve10,irradiance_only,primary,evaluation,mi_recency,4,3959,0.06985946966625065,0.1125964080969259,0.5049254862338974,0.8024753725688305,0.8994695630209649,0.4737156944020521,47
reserve10,irradiance_only,primary,evaluation,multiple_imputation,1,3959,0.045473130463446344,0.06883676306070635,0.6241475119979792,0.8103056327355392,0.8661278100530437,0.25939146186127865,47
reserve10,irradiance_only,primary,evaluation,multiple_imputation,2,3959,0.06058911137208492,0.09488622332919362,0.5491285678201566,0.7615559484718363,0.8340490022733014,0.31317945951316395,47
reserve10,irradiance_only,primary,evaluation,multiple_imputation,3,3959,0.0676486341042463,0.10556815184136309,0.5311947461480172,0.7390755241222531,0.8191462490527911,0.33304237553875726,47
reserve10,irradiance_only,primary,evaluation,multiple_imputation,4,3959,0.07219388455847153,0.1125964080969259,0.5165445819651427,0.7272038393533721,0.8080323313968174,0.3458609593907894,47
reserve10,irradiance_only,primary,evaluation,persistence,1,3959,0.06907954973814776,0.12526869476306243,0.5572114170245012,0.8605708512250568,0.9472088911341248,0.5504619810569497,47
reserve10,irradiance_only,primary,evaluation,persistence,2,3959,0.10636226782879102,0.2100986164658358,0.5564536499115939,0.8403637282141955,0.931800959838343,0.7067710787777095,47
reserve10,irradiance_only,primary,evaluation,persistence,3,3959,0.13127507701578697,0.27134876221001125,0.5294266228845668,0.8254609749936853,0.9224551654458196,0.8164139226157586,47
reserve10,irradiance_only,primary,evaluation,persistence,4,3959,0.14699114398648286,0.3063850955740161,0.5218489517554938,0.8178833038646123,0.91765597373074,0.8805218310750292,47
reserve10,irradiance_only,primary,evaluation,physical,1,3959,0.03944464681482059,0.06488518399515,0.5049254862338974,0.8100530436979035,0.9098257135640313,0.3133091186806056,47
reserve10,irradiance_only,primary,evaluation,physical,2,3959,0.05257426140638442,0.09095163809687808,0.5092194998737055,0.8133367011871685,0.9088153574134883,0.4094567922187978,47
reserve10,irradiance_only,primary,evaluation,physical,3,3959,0.05845733007740576,0.10398951255199428,0.5046728971962616,0.8113159888860824,0.909067946451124,0.437170047655989,47
reserve10,irradiance_only,primary,evaluation,physical,4,3959,0.06143762850601943,0.11124857054621355,0.5064410204597121,0.8120737559989897,0.9078050012629452,0.44567601671526297,47
reserve10,irradiance_only,primary,evaluation,physical_availability,1,3959,0.03943462282500803,0.06488518399515,0.5064410204597121,0.8125789340742612,0.9103308916393028,0.31429520067585115,47
reserve10,irradiance_only,primary,evaluation,physical_availability,2,3959,0.05255999296142645,0.09095163809687808,0.5114928012124274,0.8113159888860824,0.9095731245263956,0.4100304791315385,47
reserve10,irradiance_only,primary,evaluation,physical_availability,3,3959,0.058455557821688466,0.10398951255199428,0.5066936094973478,0.8082849204344531,0.9103308916393028,0.4376011721791096,47
reserve10,irradiance_only,primary,evaluation,physical_availability,4,3959,0.06143425014785963,0.11124857054621355,0.5029047739328113,0.8120737559989897,0.9078050012629452,0.4459732592082453,47
reserve10,irradiance_only,primary,evaluation,physical_recovery,1,3959,0.03942793691419063,0.06488518399515,0.5092194998737055,0.8130841121495327,0.9113412477898459,0.3150982523531492,47
reserve10,irradiance_only,primary,evaluation,physical_recovery,2,3959,0.052565724169781065,0.09095163809687808,0.5127557464006062,0.8135892902248042,0.9136145491285678,0.4114387793849522,47
reserve10,irradiance_only,primary,evaluation,physical_recovery,3,3959,0.05846697089010276,0.10398951255199428,0.5071987875726194,0.8123263450366254,0.9118464258651174,0.4383996377142669,47
reserve10,irradiance_only,primary,evaluation,physical_recovery,4,3959,0.06145657671387508,0.11124857054621355,0.5039151300833544,0.8133367011871685,0.9070472341500379,0.446669962209662,47
reserve10,irradiance_only,primary,evaluation,previous_day,1,3959,0.10109003444500297,0.15702112509175145,0.4839605961101288,0.7779742359181612,0.8777469057842889,0.6562651621509797,47
reserve10,irradiance_only,primary,evaluation,previous_day,2,3959,0.10143702157451114,0.15842476707325231,0.4922960343521091,0.7847941399343269,0.8827986865370043,0.673305479169636,47
reserve10,irradiance_only,primary,evaluation,previous_day,3,3959,0.10172901997397807,0.15942717353543462,0.49431674665319525,0.7918666329881283,0.893912604192978,0.6922869288415332,47
reserve10,irradiance_only,primary,evaluation,previous_day,4,3959,0.10235468527069501,0.16041557552968522,0.49355897954028793,0.7959080575903006,0.8949229603435211,0.7027287262954208,47
reserve10,irradiance_only,primary,evaluation,raw,1,3959,0.03973585430574005,0.06488518399515,0.4205607476635514,0.7112907299823188,0.8588027279616065,0.29677497074615344,47
reserve10,irradiance_only,primary,evaluation,raw,2,3959,0.053237340308326705,0.09095163809687808,0.3932811315988886,0.6870421823692852,0.8264713311442283,0.3835803242896314,47
reserve10,irradiance_only,primary,evaluation,raw,3,3959,0.05928551750499185,0.10398951255199428,0.37559989896438495,0.6756756756756757,0.8234402626925992,0.40353690613389603,47
reserve10,irradiance_only,primary,evaluation,raw,4,3959,0.0622540981706259,0.11124857054621355,0.37635766607729226,0.6716342510735034,0.8209143723162414,0.4089219037760534,47
reserve10,irradiance_only,primary,evaluation,recency,1,3959,0.039558581280047786,0.06488518399515,0.5054306643091689,0.8022227835311947,0.9042687547360445,0.3096359952614202,47
reserve10,irradiance_only,primary,evaluation,recency,2,3959,0.05274893655271625,0.09095163809687808,0.5114928012124274,0.8039909067946451,0.9014902753220511,0.4048428396891532,47
reserve10,irradiance_only,primary,evaluation,recency,3,3959,0.05862986394109663,0.10398951255199428,0.5074513766102551,0.801970194493559,0.9009850972467794,0.43254433609228604,47
reserve10,irradiance_only,primary,evaluation,recency,4,3959,0.06161859454195366,0.11124857054621355,0.5008840616317252,0.8024753725688305,0.8987117959080576,0.4409878942200144,47
reserve10,irradiance_only,primary,evaluation,rolling,1,3959,0.03956563241621953,0.06488518399515,0.5084617327607982,0.8027279616064663,0.9062894670371305,0.3087690611631453,47
reserve10,irradiance_only,primary,evaluation,rolling,2,3959,0.05276734953042292,0.09095163809687808,0.5114928012124274,0.8014650164182875,0.9002273301338722,0.40467070502850094,47
reserve10,irradiance_only,primary,evaluation,rolling,3,3959,0.05864180920414172,0.10398951255199428,0.5079565546855267,0.8007072493053802,0.9014902753220511,0.43273855559166174,47
reserve10,irradiance_only,primary,evaluation,rolling,4,3959,0.061610995399302614,0.11124857054621355,0.5013892397069967,0.8014650164182875,0.9007325082091437,0.44075591803724284,47
reserve10,irradiance_only,primary,evaluation,single_imputation,1,3959,0.045645834485536205,0.06894784940098966,0.6228845668098004,0.8103056327355392,0.8658752210154079,0.25853539779620055,47
reserve10,irradiance_only,primary,evaluation,single_imputation,2,3959,0.0608109014686851,0.09498469082642129,0.5486233897448851,0.7610507703965648,0.8322808790098509,0.3125194054548662,47
reserve10,irradiance_only,primary,evaluation,single_imputation,3,3959,0.0677968879013337,0.10565563033822459,0.5299318009598384,0.7385703460469816,0.8176307148269765,0.33243294899348874,47
reserve10,irradiance_only,primary,evaluation,single_imputation,4,3959,0.07237590099190835,0.11272474051577967,0.5167971710027784,0.7266986612781006,0.8060116190957313,0.34523220378420966,47
reserve10,irradiance_only,primary,warmup,aci_bounded,1,286,0.04389403646498543,0.07293320402879681,0.458041958041958,0.7447552447552448,0.8951048951048951,0.35001786441322,4
reserve10,irradiance_only,primary,warmup,aci_bounded,2,286,0.06325788746149458,0.11143080929221852,0.45454545454545453,0.7587412587412588,0.8986013986013986,0.4900123346758813,4
reserve10,irradiance_only,primary,warmup,aci_bounded,3,286,0.07375453932993045,0.1364442379109076,0.5104895104895105,0.7902097902097902,0.9020979020979021,0.5145864473343786,4
reserve10,irradiance_only,primary,warmup,aci_bounded,4,286,0.07826432434911694,0.14764142093087348,0.5104895104895105,0.7447552447552448,0.8531468531468531,0.517739677483198,4
reserve10,irradiance_only,primary,warmup,carry_forward,1,286,0.051248642892357324,0.08614894346409709,0.38461538461538464,0.6923076923076923,0.8636363636363636,0.39826556474186636,4
reserve10,irradiance_only,primary,warmup,carry_forward,2,286,0.06774996976285778,0.11902518229576631,0.33916083916083917,0.6468531468531469,0.8286713286713286,0.48045543670152235,4
reserve10,irradiance_only,primary,warmup,carry_forward,3,286,0.0761449525208634,0.13781329264699066,0.35664335664335667,0.6293706293706294,0.7867132867132867,0.49524485384935113,4
reserve10,irradiance_only,primary,warmup,carry_forward,4,286,0.08047057478540673,0.14666651884745888,0.33916083916083917,0.6118881118881119,0.7587412587412588,0.4966225205262081,4
reserve10,irradiance_only,primary,warmup,geometric_persistence,1,286,0.05129473326171633,0.0805771639079057,0.44755244755244755,0.8111888111888111,0.8881118881118881,0.37541977702652246,4
reserve10,irradiance_only,primary,warmup,geometric_persistence,2,286,0.07884261650912479,0.13143002178215413,0.479020979020979,0.7937062937062938,0.8916083916083916,0.5211883134657005,4
reserve10,irradiance_only,primary,warmup,geometric_persistence,3,286,0.09794926037014834,0.17605379113490294,0.45104895104895104,0.7972027972027972,0.9055944055944056,0.6400954187406485,4
reserve10,irradiance_only,primary,warmup,geometric_persistence,4,286,0.11403349031942467,0.21669128038791158,0.45454545454545453,0.7972027972027972,0.8951048951048951,0.6838214596160992,4
reserve10,irradiance_only,primary,warmup,mask50,1,286,0.04390328035605772,0.07293320402879681,0.46503496503496505,0.7587412587412588,0.8986013986013986,0.3526021925345663,4
reserve10,irradiance_only,primary,warmup,mask50,2,286,0.06323435031428053,0.11143080929221852,0.4370629370629371,0.7587412587412588,0.9020979020979021,0.49352097745880913,4
reserve10,irradiance_only,primary,warmup,mask50,3,286,0.07375954549390262,0.1364442379109076,0.493006993006993,0.7727272727272727,0.8986013986013986,0.5164858123813918,4
reserve10,irradiance_only,primary,warmup,mask50,4,286,0.07828368780992094,0.14764142093087348,0.4965034965034965,0.7377622377622378,0.8496503496503497,0.5194792328583215,4
reserve10,irradiance_only,primary,warmup,mi_recency,1,286,0.04629670299592157,0.0749888628777898,0.5664335664335665,0.8146853146853147,0.9055944055944056,0.31366084441059133,4
reserve10,irradiance_only,primary,warmup,mi_recency,2,286,0.06462734929551399,0.11032510388287103,0.48951048951048953,0.8041958041958042,0.8811188811188811,0.42222877116182367,4
reserve10,irradiance_only,primary,warmup,mi_recency,3,286,0.0769696538678684,0.13275530233392188,0.4825174825174825,0.7762237762237763,0.8601398601398601,0.5037054722844692,4
reserve10,irradiance_only,primary,warmup,mi_recency,4,286,0.08335233018828037,0.14512381834966456,0.5034965034965035,0.7552447552447552,0.8706293706293706,0.5295265728568624,4
reserve10,irradiance_only,primary,warmup,multiple_imputation,1,286,0.046709937146615775,0.0749888628777898,0.5769230769230769,0.7867132867132867,0.8566433566433567,0.2590431245365062,4
reserve10,irradiance_only,primary,warmup,multiple_imputation,2,286,0.06690956100564215,0.11032510388287103,0.4405594405594406,0.6958041958041958,0.8076923076923077,0.3157454543357793,4
reserve10,irradiance_only,primary,warmup,multiple_imputation,3,286,0.08144374623557761,0.13275530233392188,0.3741258741258741,0.6468531468531469,0.7622377622377622,0.3378466184549784,4
reserve10,irradiance_only,primary,warmup,multiple_imputation,4,286,0.08961044057257558,0.14512381834966456,0.36013986013986016,0.5979020979020979,0.7097902097902098,0.3527948111579616,4
reserve10,irradiance_only,primary,warmup,persistence,1,286,0.07273404812976457,0.12889964607111637,0.5594405594405595,0.8041958041958042,0.916083916083916,0.47000029463765397,4
reserve10,irradiance_only,primary,warmup,persistence,2,286,0.10987862373076328,0.21317118297015483,0.5244755244755245,0.8216783216783217,0.8776223776223776,0.6638040476632742,4
reserve10,irradiance_only,primary,warmup,persistence,3,286,0.13221396898655288,0.27126033851721193,0.48951048951048953,0.7902097902097902,0.8846153846153846,0.7675209362431838,4
reserve10,irradiance_only,primary,warmup,persistence,4,286,0.14110218527964224,0.30405758958125206,0.486013986013986,0.8181818181818182,0.8916083916083916,0.8051160081486222,4
reserve10,irradiance_only,primary,warmup,physical,1,286,0.04389026455637118,0.07293320402879681,0.46853146853146854,0.7657342657342657,0.9090909090909091,0.35480877358338136,4
reserve10,irradiance_only,primary,warmup,physical,2,286,0.06318476928433676,0.11143080929221852,0.45104895104895104,0.7587412587412588,0.9125874125874126,0.49476791645428453,4
reserve10,irradiance_only,primary,warmup,physical,3,286,0.07369385606888569,0.1364442379109076,0.5104895104895105,0.7832167832167832,0.8986013986013986,0.5189080388452393,4
reserve10,irradiance_only,primary,warmup,physical,4,286,0.07830284458893391,0.14764142093087348,0.5034965034965035,0.7552447552447552,0.8601398601398601,0.5226128264286771,4
reserve10,irradiance_only,primary,warmup,physical_availability,1,286,0.043894421808991925,0.07293320402879681,0.46853146853146854,0.7727272727272727,0.9055944055944056,0.35596891818730064,4
reserve10,irradiance_only,primary,warmup,physical_availability,2,286,0.06316332270336851,0.11143080929221852,0.44405594405594406,0.7622377622377622,0.9125874125874126,0.4957790680431556,4
reserve10,irradiance_only,primary,warmup,physical_availability,3,286,0.0737206776907407,0.1364442379109076,0.5,0.7797202797202797,0.8916083916083916,0.5199720077891089,4
reserve10,irradiance_only,primary,warmup,physical_availability,4,286,0.07836751972419269,0.14764142093087348,0.5,0.7447552447552448,0.8566433566433567,0.5226942482553725,4
reserve10,irradiance_only,primary,warmup,physical_recovery,1,286,0.043900479267916466,0.07293320402879681,0.46503496503496505,0.7832167832167832,0.9055944055944056,0.35499852807117754,4
reserve10,irradiance_only,primary,warmup,physical_recovery,2,286,0.06317311907425378,0.11143080929221852,0.46503496503496505,0.7657342657342657,0.9125874125874126,0.4948167948029636,4
reserve10,irradiance_only,primary,warmup,physical_recovery,3,286,0.0736959500452364,0.1364442379109076,0.5,0.7762237762237763,0.9020979020979021,0.5205737574439002,4
reserve10,irradiance_only,primary,warmup,physical_recovery,4,286,0.07849792460124028,0.14764142093087348,0.493006993006993,0.7552447552447552,0.8636363636363636,0.5300278533782522,4
reserve10,irradiance_only,primary,warmup,previous_day,1,286,0.1196394734008365,0.18443303204295702,0.3006993006993007,0.6258741258741258,0.8076923076923077,0.5582789159733496,4
reserve10,irradiance_only,primary,warmup,previous_day,2,286,0.11851716458505036,0.18464018180829586,0.3006993006993007,0.6398601398601399,0.8181818181818182,0.5792188746342198,4
reserve10,irradiance_only,primary,warmup,previous_day,3,286,0.11770556337817688,0.18464699880171911,0.3006993006993007,0.6468531468531469,0.8356643356643356,0.6007625293888402,4
reserve10,irradiance_only,primary,warmup,previous_day,4,286,0.11732130149844201,0.1846477818379537,0.3006993006993007,0.6538461538461539,0.8356643356643356,0.6063743993631369,4
reserve10,irradiance_only,primary,warmup,raw,1,286,0.04400410632032546,0.07293320402879681,0.38461538461538464,0.7062937062937062,0.8846153846153846,0.3446948739708431,4
reserve10,irradiance_only,primary,warmup,raw,2,286,0.06366678140145623,0.11143080929221852,0.33916083916083917,0.6153846153846154,0.8531468531468531,0.478963868388946,4
reserve10,irradiance_only,primary,warmup,raw,3,286,0.07426525744083955,0.1364442379109076,0.3776223776223776,0.5909090909090909,0.7972027972027972,0.4915512057010025,4
reserve10,irradiance_only,primary,warmup,raw,4,286,0.07900393727832807,0.14764142093087348,0.38461538461538464,0.5804195804195804,0.7727272727272727,0.4967750605122053,4
reserve10,irradiance_only,primary,warmup,recency,1,286,0.04390085733875234,0.07293320402879681,0.46503496503496505,0.7482517482517482,0.8986013986013986,0.3511155937519325,4
reserve10,irradiance_only,primary,warmup,recency,2,286,0.06323776741036868,0.11143080929221852,0.44755244755244755,0.7552447552447552,0.8951048951048951,0.49079755326547636,4
reserve10,irradiance_only,primary,warmup,recency,3,286,0.07373903463315523,0.1364442379109076,0.5,0.7762237762237763,0.8986013986013986,0.5143184556658755,4
reserve10,irradiance_only,primary,warmup,recency,4,286,0.0783010387410264,0.14764142093087348,0.5034965034965035,0.7412587412587412,0.8496503496503497,0.5188869818548526,4
reserve10,irradiance_only,primary,warmup,rolling,1,286,0.04391310636245185,0.07293320402879681,0.458041958041958,0.7412587412587412,0.8951048951048951,0.3500162465623719,4
reserve10,irradiance_only,primary,warmup,rolling,2,286,0.06325731564981785,0.11143080929221852,0.43356643356643354,0.7552447552447552,0.8951048951048951,0.48896125524747047,4
reserve10,irradiance_only,primary,warmup,rolling,3,286,0.07372075803858999,0.1364442379109076,0.5104895104895105,0.7832167832167832,0.8986013986013986,0.5130725100715108,4
reserve10,irradiance_only,primary,warmup,rolling,4,286,0.07826991462775552,0.14764142093087348,0.5104895104895105,0.7377622377622378,0.8426573426573427,0.5148562365879975,4
reserve10,irradiance_only,primary,warmup,single_imputation,1,286,0.04724489960396562,0.07547480169380426,0.5734265734265734,0.7902097902097902,0.8566433566433567,0.25624848798627153,4
reserve10,irradiance_only,primary,warmup,single_imputation,2,286,0.06703515901732664,0.10985933070813839,0.44755244755244755,0.6923076923076923,0.8076923076923077,0.3127286656597601,4
reserve10,irradiance_only,primary,warmup,single_imputation,3,286,0.08185316155848432,0.13281497035879392,0.3741258741258741,0.6363636363636364,0.7517482517482518,0.3355282041755095,4
reserve10,irradiance_only,primary,warmup,single_imputation,4,286,0.09038889596483489,0.14570834069527808,0.36013986013986016,0.5979020979020979,0.7097902097902098,0.3516916054369499,4
reserve10,joint_immediate,primary,evaluation,aci_bounded,1,3959,0.04122539184551635,0.069538414845239,0.5006314725940895,0.801970194493559,0.8999747410962364,0.31660990455642274,47
reserve10,joint_immediate,primary,evaluation,aci_bounded,2,3959,0.05349301963567386,0.0933348988945661,0.5008840616317252,0.7994443041172014,0.8999747410962364,0.4067494207323463,47
reserve10,joint_immediate,primary,evaluation,aci_bounded,3,3959,0.058921216206979155,0.10506947125734678,0.4968426370295529,0.7976761808537509,0.9012376862844153,0.43366552021515303,47
reserve10,joint_immediate,primary,evaluation,aci_bounded,4,3959,0.0616906752094982,0.11153118314132039,0.49431674665319525,0.801970194493559,0.9035109876231372,0.44378549099618547,47
reserve10,joint_immediate,primary,evaluation,carry_forward,1,3959,0.04391720443142777,0.0722208802706047,0.4134882546097499,0.6996716342510735,0.8418792624400101,0.32896770447436496,47
reserve10,joint_immediate,primary,evaluation,carry_forward,2,3959,0.05490647492828979,0.09504315533017299,0.39530184389997475,0.6814852235412983,0.8358171255367517,0.38884056300801784,47
reserve10,joint_immediate,primary,evaluation,carry_forward,3,3959,0.06046175103716472,0.10759832273750687,0.3819146249052791,0.6802222783531194,0.8168729477140693,0.40209421581217863,47
reserve10,joint_immediate,primary,evaluation,carry_forward,4,3959,0.0627764500947115,0.11230982163989851,0.37383177570093457,0.6779489770143976,0.8166203586764335,0.4060046204744948,47
reserve10,joint_immediate,primary,evaluation,geometric_persistence,1,3959,0.06192069488476467,0.09495782054874004,0.5188178833038646,0.8272290982571356,0.9148774943167467,0.46941210380148074,47
reserve10,joint_immediate,primary,evaluation,geometric_persistence,2,3959,0.08438036411943727,0.14229876278244366,0.5258903763576661,0.8262187421065925,0.9128567820156606,0.5873531302744531,47
reserve10,joint_immediate,primary,evaluation,geometric_persistence,3,3959,0.10220989851048987,0.18328170509438302,0.5210911846425865,0.8249557969184137,0.9128567820156606,0.6966895088315314,47
reserve10,joint_immediate,primary,evaluation,geometric_persistence,4,3959,0.11566741668705734,0.21705954139700395,0.5276584996211164,0.8239454407678707,0.9158878504672897,0.7643236493879274,47
reserve10,joint_immediate,primary,evaluation,mask50,1,3959,0.0412085097105695,0.069538414845239,0.5094720889113412,0.8077797423591816,0.9050265218489517,0.32078953420942635,47
reserve10,joint_immediate,primary,evaluation,mask50,2,3959,0.0534581401467771,0.0933348988945661,0.5135135135135135,0.8022227835311947,0.9060368779994948,0.40889296011664994,47
reserve10,joint_immediate,primary,evaluation,mask50,3,3959,0.05888564897564101,0.10506947125734678,0.509724677948977,0.8027279616064663,0.904773932811316,0.43478436424322386,47
reserve10,joint_immediate,primary,evaluation,mask50,4,3959,0.06166764586561765,0.11153118314132039,0.498863349330639,0.8017176054559232,0.9007325082091437,0.4421383274619895,47
reserve10,joint_immediate,primary,evaluation,mi_recency,1,3959,0.047025641379483694,0.07263833822072421,0.5125031573629705,0.8113159888860824,0.9012376862844153,0.3226412101237225,47
reserve10,joint_immediate,primary,evaluation,mi_recency,2,3959,0.06005286272591536,0.09623023828770186,0.5127557464006062,0.7966658247032079,0.9007325082091437,0.40467161766165505,47
reserve10,joint_immediate,primary,evaluation,mi_recency,3,3959,0.06604490365093167,0.10614500141401483,0.5122505683253347,0.8032331396817378,0.9019954533973226,0.44474718666423596,47
reserve10,joint_immediate,primary,evaluation,mi_recency,4,3959,0.06976331385590782,0.11267946280435413,0.5044203081586259,0.8027279616064663,0.9009850972467794,0.47240376942036355,47
reserve10,joint_immediate,primary,evaluation,multiple_imputation,1,3959,0.047385007469021835,0.07263833822072421,0.6226319777721647,0.8123263450366254,0.8673907552412226,0.27437968649970296,47
reserve10,joint_immediate,primary,evaluation,multiple_imputation,2,3959,0.061081401463023835,0.09623023828770186,0.5501389239706996,0.7635766607729224,0.8385956049507451,0.32022589890302283,47
reserve10,joint_immediate,primary,evaluation,multiple_imputation,3,3959,0.06770979427179911,0.10614500141401483,0.5316999242232887,0.7388229350846174,0.8204091942409699,0.33674666278828874,47
reserve10,joint_immediate,primary,evaluation,multiple_imputation,4,3959,0.07201075856418691,0.11267946280435413,0.5175549381156858,0.726193483202829,0.8100530436979035,0.3479124967705134,47
reserve10,joint_immediate,primary,evaluation,persistence,1,3959,0.07953475838410566,0.14035401978347256,0.5370042940136398,0.8269765092194998,0.918918918918919,0.5415279412173061,47
reserve10,joint_immediate,primary,evaluation,persistence,2,3959,0.11106340908361848,0.21803043336851535,0.5435716089921697,0.8201566052033342,0.9133619600909321,0.6953151739021021,47
reserve10,joint_immediate,primary,evaluation,persistence,3,3959,0.1320196037550322,0.2729155128305082,0.5258903763576661,0.8158625915635261,0.9143723162414751,0.8038748093249896,47
reserve10,joint_immediate,primary,evaluation,persistence,4,3959,0.14540571031457522,0.30322217090614056,0.5271533215458449,0.817125536751705,0.9171507956554685,0.868261272336877,47
reserve10,joint_immediate,primary,evaluation,physical,1,3959,0.04111266351851576,0.069538414845239,0.5044203081586259,0.8103056327355392,0.9105834806769386,0.32297200732925246,47
reserve10,joint_immediate,primary,evaluation,physical,2,3959,0.05330815179469712,0.0933348988945661,0.5125031573629705,0.81384187926244,0.9088153574134883,0.4123265275975017,47
reserve10,joint_immediate,primary,evaluation,physical,3,3959,0.058733462725264085,0.10506947125734678,0.5079565546855267,0.812831523111897,0.9093205354887598,0.4382676710105164,47
reserve10,joint_immediate,primary,evaluation,physical,4,3959,0.06150402779294454,0.11153118314132039,0.5059358423844406,0.8120737559989897,0.9078050012629452,0.44589893725212193,47
reserve10,joint_immediate,primary,evaluation,physical_availability,1,3959,0.04110896836652119,0.069538414845239,0.5039151300833544,0.8098004546602677,0.9098257135640313,0.32383913831148353,47
reserve10,joint_immediate,primary,evaluation,physical_availability,2,3959,0.05330450866188334,0.0933348988945661,0.5132609244758778,0.810558221773175,0.9093205354887598,0.4128191928789798,47
reserve10,joint_immediate,primary,evaluation,physical_availability,3,3959,0.05874315376583022,0.10506947125734678,0.5059358423844406,0.810558221773175,0.9108360697145744,0.4386478219977446,47
reserve10,joint_immediate,primary,evaluation,physical_availability,4,3959,0.061505186318403,0.11153118314132039,0.5026521848951756,0.8118211669613539,0.908057590300581,0.4461438736500118,47
reserve10,joint_immediate,primary,evaluation,physical_recovery,1,3959,0.04110354272997502,0.069538414845239,0.5074513766102551,0.8110633998484466,0.9110886587522101,0.32462980410945264,47
reserve10,joint_immediate,primary,evaluation,physical_recovery,2,3959,0.05330688348768868,0.0933348988945661,0.5147764587016923,0.8133367011871685,0.9143723162414751,0.4142141304970755,47
reserve10,joint_immediate,primary,evaluation,physical_recovery,3,3959,0.058752849152683126,0.10506947125734678,0.5077039656478909,0.8143470573377115,0.9120990149027532,0.43938321586468554,47
reserve10,joint_immediate,primary,evaluation,physical_recovery,4,3959,0.06152721173637338,0.11153118314132039,0.5041677191209901,0.8125789340742612,0.9072998231876737,0.4467340089135322,47
reserve10,joint_immediate,primary,evaluation,previous_day,1,3959,0.10127355540668043,0.15735884005216413,0.48370800707249306,0.776963879767618,0.8774943167466532,0.6559042493484368,47
reserve10,joint_immediate,primary,evaluation,previous_day,2,3959,0.10154946700133935,0.15860828746981712,0.4922960343521091,0.7840363728214196,0.8825460974993685,0.6730262416231776,47
reserve10,joint_immediate,primary,evaluation,previous_day,3,3959,0.10177011198167805,0.15948922590443412,0.49431674665319525,0.7921192220257641,0.8936600151553422,0.6921156117731673,47
reserve10,joint_immediate,primary,evaluation,previous_day,4,3959,0.1024416438200462,0.16052582657048736,0.4933063905026522,0.7959080575903006,0.8946703713058853,0.7025606517264009,47
reserve10,joint_immediate,primary,evaluation,raw,1,3959,0.04140637505562645,0.069538414845239,0.4200555695882799,0.7064915382672392,0.8577923718110634,0.30660775061604734,47
reserve10,joint_immediate,primary,evaluation,raw,2,3959,0.0539464070368971,0.0933348988945661,0.39580702197524625,0.6880525385198283,0.8277342763324071,0.386416175994158,47
reserve10,joint_immediate,primary,evaluation,raw,3,3959,0.05953274219595838,0.10506947125734678,0.37913614549128566,0.6766860318262188,0.8241980298055065,0.4046762373324558,47
reserve10,joint_immediate,primary,evaluation,raw,4,3959,0.062313461740219324,0.11153118314132039,0.3781257893407426,0.6701187168476888,0.8204091942409699,0.4090094629174897,47
reserve10,joint_immediate,primary,evaluation,recency,1,3959,0.041216609627118976,0.069538414845239,0.5046728971962616,0.8027279616064663,0.9027532205102299,0.31910194502190403,47
reserve10,joint_immediate,primary,evaluation,recency,2,3959,0.05347248361148469,0.0933348988945661,0.5109876231371558,0.8039909067946451,0.9025006314725941,0.40754587874419035,47
reserve10,joint_immediate,primary,evaluation,recency,3,3959,0.058896020279431284,0.10506947125734678,0.5054306643091689,0.801970194493559,0.9014902753220511,0.4334081848631776,47
reserve10,joint_immediate,primary,evaluation,recency,4,3959,0.06168411181680696,0.11153118314132039,0.5003788835564537,0.8017176054559232,0.8987117959080576,0.4411824981539085,47
reserve10,joint_immediate,primary,evaluation,rolling,1,3959,0.04122389292116407,0.069538414845239,0.5066936094973478,0.8012124273806517,0.905784288961859,0.3183187517036619,47
reserve10,joint_immediate,primary,evaluation,rolling,2,3959,0.05348639806776589,0.0933348988945661,0.5089669108360697,0.8022227835311947,0.9009850972467794,0.40726595225006174,47
reserve10,joint_immediate,primary,evaluation,rolling,3,3959,0.05890669687854568,0.10506947125734678,0.5082091437231624,0.8004546602677444,0.9022480424349584,0.4333570842346672,47
reserve10,joint_immediate,primary,evaluation,rolling,4,3959,0.06167543311750748,0.11153118314132039,0.501136650669361,0.8012124273806517,0.9007325082091437,0.4409254712617108,47
reserve10,joint_immediate,primary,evaluation,single_imputation,1,3959,0.048233877293125595,0.0723708558085906,0.6140439504925487,0.7971710027784794,0.8540035362465269,0.2590750463446599,47
reserve10,joint_immediate,primary,evaluation,single_imputation,2,3959,0.06171410151172307,0.09620144932269213,0.5468552664814347,0.7549886334933064,0.8292498105582218,0.31270870914867244,47
reserve10,joint_immediate,primary,evaluation,single_imputation,3,3959,0.06812156490031321,0.10619708106119817,0.5276584996211164,0.7365496337458954,0.8145996463753473,0.33244892769570233,47
reserve10,joint_immediate,primary,evaluation,single_imputation,4,3959,0.07240123852542169,0.11278373674186741,0.5157868148522354,0.7246779489770144,0.8044960848699166,0.3452396421749366,47
reserve10,joint_immediate,primary,warmup,aci_bounded,1,286,0.04698852950509034,0.07960618754905385,0.46503496503496505,0.7552447552447552,0.9020979020979021,0.36950766849812827,4
reserve10,joint_immediate,primary,warmup,aci_bounded,2,286,0.06428792016644184,0.1124689461766164,0.46153846153846156,0.7552447552447552,0.8916083916083916,0.49506329311139213,4
reserve10,joint_immediate,primary,warmup,aci_bounded,3,286,0.07445932296116411,0.1374402241064322,0.506993006993007,0.7762237762237763,0.8916083916083916,0.516931055512117,4
reserve10,joint_immediate,primary,warmup,aci_bounded,4,286,0.07858380010818848,0.14952923776573734,0.513986013986014,0.7447552447552448,0.8496503496503497,0.5179984333537078,4
reserve10,joint_immediate,primary,warmup,carry_forward,1,286,0.05419802533014122,0.09075256177022369,0.38461538461538464,0.6853146853146853,0.8531468531468531,0.4046745395256926,4
reserve10,joint_immediate,primary,warmup,carry_forward,2,286,0.06970272441332401,0.12318712899002379,0.3321678321678322,0.6398601398601399,0.8181818181818182,0.4832260084134639,4
reserve10,joint_immediate,primary,warmup,carry_forward,3,286,0.07737019761796772,0.14094149286876897,0.3531468531468531,0.6223776223776224,0.7797202797202797,0.49578327462740085,4
reserve10,joint_immediate,primary,warmup,carry_forward,4,286,0.08128217270311543,0.14915835116601295,0.33916083916083917,0.6118881118881119,0.7587412587412588,0.49688567824712754,4
reserve10,joint_immediate,primary,warmup,geometric_persistence,1,286,0.07589330697004469,0.11128068920371267,0.43006993006993005,0.7622377622377622,0.8356643356643356,0.3651227121613963,4
reserve10,joint_immediate,primary,warmup,geometric_persistence,2,286,0.09442737576881648,0.156437562841858,0.45104895104895104,0.7552447552447552,0.8496503496503497,0.5087715368624613,4
reserve10,joint_immediate,primary,warmup,geometric_persistence,3,286,0.10756906116649229,0.19608008595772258,0.4230769230769231,0.7657342657342657,0.8811188811188811,0.6281801972175312,4
reserve10,joint_immediate,primary,warmup,geometric_persistence,4,286,0.12000023514337405,0.231966429650408,0.43356643356643354,0.7727272727272727,0.8811188811188811,0.6741183520664731,4
reserve10,joint_immediate,primary,warmup,mask50,1,286,0.046996241509985236,0.07960618754905385,0.47202797202797203,0.7552447552447552,0.9055944055944056,0.37153096337954683,4
reserve10,joint_immediate,primary,warmup,mask50,2,286,0.06426906587939854,0.1124689461766164,0.458041958041958,0.7552447552447552,0.9020979020979021,0.49795977716765094,4
reserve10,joint_immediate,primary,warmup,mask50,3,286,0.07445402904775135,0.1374402241064322,0.493006993006993,0.7622377622377622,0.8916083916083916,0.5186095224426681,4
reserve10,joint_immediate,primary,warmup,mask50,4,286,0.07861447722942544,0.14952923776573734,0.4965034965034965,0.7377622377622378,0.8426573426573427,0.5198238950084483,4
reserve10,joint_immediate,primary,warmup,mi_recency,1,286,0.050182597134318274,0.08399749345633398,0.5559440559440559,0.8146853146853147,0.9055944055944056,0.33657707706428264,4
reserve10,joint_immediate,primary,warmup,mi_recency,2,286,0.066600895985296,0.11497590473645922,0.486013986013986,0.7972027972027972,0.8846153846153846,0.43085879685401485,4
reserve10,joint_immediate,primary,warmup,mi_recency,3,286,0.07791416265162808,0.13460247929291178,0.4825174825174825,0.7692307692307693,0.8706293706293706,0.5067976543782413,4
reserve10,joint_immediate,primary,warmup,mi_recency,4,286,0.08346557382120698,0.1453586689733798,0.5034965034965035,0.7482517482517482,0.8706293706293706,0.5242168583613253,4
reserve10,joint_immediate,primary,warmup,multiple_imputation,1,286,0.05049211903031372,0.08399749345633398,0.5629370629370629,0.7867132867132867,0.8566433566433567,0.28219029437114534,4
reserve10,joint_immediate,primary,warmup,multiple_imputation,2,286,0.06913202327004314,0.11497590473645922,0.43356643356643354,0.6818181818181818,0.8006993006993007,0.3252398277635905,4
reserve10,joint_immediate,primary,warmup,multiple_imputation,3,286,0.08257127293451753,0.13460247929291178,0.38461538461538464,0.6398601398601399,0.7482517482517482,0.3417648861811073,4
reserve10,joint_immediate,primary,warmup,multiple_imputation,4,286,0.08958978003986048,0.1453586689733798,0.36363636363636365,0.6013986013986014,0.7167832167832168,0.35530603910300734,4
reserve10,joint_immediate,primary,warmup,persistence,1,286,0.09184058063982892,0.15454467512175324,0.527972027972028,0.7657342657342657,0.8671328671328671,0.45441053721538877,4
reserve10,joint_immediate,primary,warmup,persistence,2,286,0.11841342187273664,0.2274685089582293,0.5034965034965035,0.7902097902097902,0.8496503496503497,0.6392724225305942,4
reserve10,joint_immediate,primary,warmup,persistence,3,286,0.13600201423459352,0.2789089458489427,0.479020979020979,0.7692307692307693,0.8671328671328671,0.7418457239070824,4
reserve10,joint_immediate,primary,warmup,persistence,4,286,0.1421771819445268,0.3069224550090534,0.479020979020979,0.7972027972027972,0.8811188811188811,0.782073386765318,4
reserve10,joint_immediate,primary,warmup,physical,1,286,0.04698904576642195,0.07960618754905385,0.4755244755244755,0.7727272727272727,0.9055944055944056,0.37422680838213396,4
reserve10,joint_immediate,primary,warmup,physical,2,286,0.06422498082157732,0.1124689461766164,0.46153846153846156,0.7552447552447552,0.9090909090909091,0.49995504129882834,4
reserve10,joint_immediate,primary,warmup,physical,3,286,0.07437880830281353,0.1374402241064322,0.513986013986014,0.7797202797202797,0.8951048951048951,0.5206886253350761,4
reserve10,joint_immediate,primary,warmup,physical,4,286,0.07858066466932458,0.14952923776573734,0.506993006993007,0.7587412587412588,0.8566433566433567,0.5227995219323904,4
reserve10,joint_immediate,primary,warmup,physical_availability,1,286,0.0469901821487733,0.07960618754905385,0.47202797202797203,0.7762237762237763,0.9090909090909091,0.37538578530607875,4
reserve10,joint_immediate,primary,warmup,physical_availability,2,286,0.0642650208280737,0.1124689461766164,0.45104895104895104,0.7587412587412588,0.9055944055944056,0.5005750768099948,4
reserve10,joint_immediate,primary,warmup,physical_availability,3,286,0.07441417974514318,0.1374402241064322,0.506993006993007,0.7727272727272727,0.8846153846153846,0.5218004387897942,4
reserve10,joint_immediate,primary,warmup,physical_availability,4,286,0.07866608855674849,0.14952923776573734,0.5034965034965035,0.7447552447552448,0.8531468531468531,0.5232923228159946,4
reserve10,joint_immediate,primary,warmup,physical_recovery,1,286,0.047005059541033824,0.07960618754905385,0.4755244755244755,0.7797202797202797,0.9125874125874126,0.3772582526056577,4
reserve10,joint_immediate,primary,warmup,physical_recovery,2,286,0.06423975157047619,0.1124689461766164,0.46853146853146854,0.7552447552447552,0.9055944055944056,0.5002295543027037,4
reserve10,joint_immediate,primary,warmup,physical_recovery,3,286,0.07440414029333119,0.1374402241064322,0.493006993006993,0.7622377622377622,0.8846153846153846,0.520214231559159,4
reserve10,joint_immediate,primary,warmup,physical_recovery,4,286,0.07863264254858254,0.14952923776573734,0.5034965034965035,0.7412587412587412,0.8426573426573427,0.5251620437460733,4
reserve10,joint_immediate,primary,warmup,previous_day,1,286,0.1196394734008365,0.18443303204295702,0.3006993006993007,0.6258741258741258,0.8076923076923077,0.5582789159733496,4
reserve10,joint_immediate,primary,warmup,previous_day,2,286,0.11851716458505036,0.18464018180829586,0.3006993006993007,0.6398601398601399,0.8181818181818182,0.5792188746342198,4
reserve10,joint_immediate,primary,warmup,previous_day,3,286,0.11770556337817688,0.18464699880171911,0.3006993006993007,0.6468531468531469,0.8356643356643356,0.6007625293888402,4
reserve10,joint_immediate,primary,warmup,previous_day,4,286,0.11732130149844201,0.1846477818379537,0.3006993006993007,0.6538461538461539,0.8356643356643356,0.6063743993631369,4
reserve10,joint_immediate,primary,warmup,raw,1,286,0.04710126324724166,0.07960618754905385,0.3951048951048951,0.7062937062937062,0.8741258741258742,0.3634510880564162,4
reserve10,joint_immediate,primary,warmup,raw,2,286,0.06460709006633085,0.1124689461766164,0.35664335664335667,0.6188811188811189,0.8426573426573427,0.48309941796263245,4
reserve10,joint_immediate,primary,warmup,raw,3,286,0.07484417280898009,0.1374402241064322,0.3951048951048951,0.5909090909090909,0.7972027972027972,0.492870459504892,4
reserve10,joint_immediate,primary,warmup,raw,4,286,0.07934791998827392,0.14952923776573734,0.3811188811188811,0.5769230769230769,0.7727272727272727,0.49675233549096365,4
reserve10,joint_immediate,primary,warmup,recency,1,286,0.0469898999945222,0.07960618754905385,0.46853146853146854,0.7587412587412588,0.9020979020979021,0.37044259688271003,4
reserve10,joint_immediate,primary,warmup,recency,2,286,0.06424991118175682,0.1124689461766164,0.458041958041958,0.7517482517482518,0.8986013986013986,0.49586787677134264,4
reserve10,joint_immediate,primary,warmup,recency,3,286,0.07440843597764375,0.1374402241064322,0.4965034965034965,0.7692307692307693,0.8916083916083916,0.516589238691811,4
reserve10,joint_immediate,primary,warmup,recency,4,286,0.07860107241046174,0.14952923776573734,0.5,0.7412587412587412,0.8426573426573427,0.5194279364405158,4
reserve10,joint_immediate,primary,warmup,rolling,1,286,0.0469853964181923,0.07960618754905385,0.46503496503496505,0.7482517482517482,0.9020979020979021,0.3696447974778229,4
reserve10,joint_immediate,primary,warmup,rolling,2,286,0.06427028224213577,0.1124689461766164,0.44755244755244755,0.7517482517482518,0.8916083916083916,0.49355689349634285,4
reserve10,joint_immediate,primary,warmup,rolling,3,286,0.07440507343255402,0.1374402241064322,0.5034965034965035,0.7692307692307693,0.8881118881118881,0.514541070162623,4
reserve10,joint_immediate,primary,warmup,rolling,4,286,0.07860474238643385,0.14952923776573734,0.5104895104895105,0.7342657342657343,0.8391608391608392,0.5150640166900461,4
reserve10,joint_immediate,primary,warmup,single_imputation,1,286,0.05272680473414762,0.08352191161039203,0.5454545454545454,0.7587412587412588,0.8216783216783217,0.25764446428554566,4
reserve10,joint_immediate,primary,warmup,single_imputation,2,286,0.07079562041383428,0.11468556213662359,0.4370629370629371,0.6678321678321678,0.7867132867132867,0.31265583898742455,4
reserve10,joint_immediate,primary,warmup,single_imputation,3,286,0.08362059878746854,0.13431418853230676,0.38461538461538464,0.6363636363636364,0.7412587412587412,0.33502112064637457,4
reserve10,joint_immediate,primary,warmup,single_imputation,4,286,0.09070099504275629,0.14602380774610743,0.36013986013986016,0.5979020979020979,0.7132867132867133,0.35176171803228884,4
reserve10,joint_gradual,primary,evaluation,aci_bounded,1,3959,0.04126015785092814,0.06962305040266799,0.5008840616317252,0.801970194493559,0.8997221520586006,0.31696309507396747,47
reserve10,joint_gradual,primary,evaluation,aci_bounded,2,3959,0.053493083181070024,0.09327943333960083,0.5003788835564537,0.7994443041172014,0.8999747410962364,0.40720378845311817,47
reserve10,joint_gradual,primary,evaluation,aci_bounded,3,3959,0.05898258266104445,0.10516048695119845,0.4963374589542814,0.7981813589290225,0.9014902753220511,0.4344083851130563,47
reserve10,joint_gradual,primary,evaluation,aci_bounded,4,3959,0.06176400314264281,0.11149819858861475,0.4948219247284668,0.801970194493559,0.9035109876231372,0.4447931472751643,47
reserve10,joint_gradual,primary,evaluation,carry_forward,1,3959,0.04404884383969043,0.0724406969292443,0.4122253094215711,0.6979035109876232,0.8408689062894671,0.32881570676867683,47
reserve10,joint_gradual,primary,evaluation,carry_forward,2,3959,0.05501618630942671,0.09512555794165779,0.39454407678706743,0.6809800454660268,0.8350593584238444,0.3888659306888227,47
reserve10,joint_gradual,primary,evaluation,carry_forward,3,3959,0.06059286363175371,0.1077739773387443,0.3826723920181864,0.6789593331649406,0.816115180601162,0.4022206291956483,47
reserve10,joint_gradual,primary,evaluation,carry_forward,4,3959,0.06290932830689362,0.11263506193395978,0.37559989896438495,0.6774437989391261,0.8163677696387976,0.4063261997026975,47
reserve10,joint_gradual,primary,evaluation,geometric_persistence,1,3959,0.06192069488476467,0.09495782054874004,0.5188178833038646,0.8272290982571356,0.9148774943167467,0.46941210380148074,47
reserve10,joint_gradual,primary,evaluation,geometric_persistence,2,3959,0.08438036411943727,0.14229876278244366,0.5258903763576661,0.8262187421065925,0.9128567820156606,0.5873531302744531,47
reserve10,joint_gradual,primary,evaluation,geometric_persistence,3,3959,0.10220989851048987,0.18328170509438302,0.5210911846425865,0.8249557969184137,0.9128567820156606,0.6966895088315314,47
reserve10,joint_gradual,primary,evaluation,geometric_persistence,4,3959,0.11566741668705734,0.21705954139700395,0.5276584996211164,0.8239454407678707,0.9158878504672897,0.7643236493879274,47
reserve10,joint_gradual,primary,evaluation,mask50,1,3959,0.04124702162261547,0.06962305040266799,0.5087143217984339,0.8072745642839101,0.9060368779994948,0.320996717512214,47
reserve10,joint_gradual,primary,evaluation,mask50,2,3959,0.05346536449273669,0.09327943333960083,0.5142712806264208,0.802980550644102,0.9060368779994948,0.40962841776526376,47
reserve10,joint_gradual,primary,evaluation,mask50,3,3959,0.058944134315845116,0.10516048695119845,0.5099772669866128,0.8050012629451881,0.9060368779994948,0.4362655422463928,47
reserve10,joint_gradual,primary,evaluation,mask50,4,3959,0.061735804717238246,0.11149819858861475,0.5013892397069967,0.8047486739075524,0.9019954533973226,0.44367277783905523,47
reserve10,joint_gradual,primary,evaluation,mi_recency,1,3959,0.047029181706670295,0.07264641159962171,0.5122505683253347,0.810558221773175,0.9009850972467794,0.3225814874770198,47
reserve10,joint_gradual,primary,evaluation,mi_recency,2,3959,0.06007338600785465,0.09633576895991905,0.5125031573629705,0.7971710027784794,0.9014902753220511,0.40442205033606915,47
reserve10,joint_gradual,primary,evaluation,mi_recency,3,3959,0.06609032475482896,0.10627345455521382,0.51073503409952,0.8027279616064663,0.9019954533973226,0.4445723193326555,47
reserve10,joint_gradual,primary,evaluation,mi_recency,4,3959,0.06983055739892798,0.1128727696915422,0.5051780752715332,0.8022227835311947,0.9007325082091437,0.4724718337972446,47
reserve10,joint_gradual,primary,evaluation,multiple_imputation,1,3959,0.047383980966713715,0.07264641159962171,0.6231371558474362,0.8120737559989897,0.8673907552412226,0.27447482138512275,47
reserve10,joint_gradual,primary,evaluation,multiple_imputation,2,3959,0.061091969421069064,0.09633576895991905,0.5486233897448851,0.7633240717352867,0.8396059611012882,0.32037018538060885,47
reserve10,joint_gradual,primary,evaluation,multiple_imputation,3,3959,0.06774804969254182,0.10627345455521382,0.5294266228845668,0.7400858802727962,0.8201566052033342,0.33690422947378457,47
reserve10,joint_gradual,primary,evaluation,multiple_imputation,4,3959,0.07208837738361919,0.1128727696915422,0.5157868148522354,0.7259408941651933,0.8095478656226319,0.3480725049454692,47
reserve10,joint_gradual,primary,evaluation,persistence,1,3959,0.07953475838410566,0.14035401978347256,0.5370042940136398,0.8269765092194998,0.918918918918919,0.5415279412173061,47
reserve10,joint_gradual,primary,evaluation,persistence,2,3959,0.11106340908361848,0.21803043336851535,0.5435716089921697,0.8201566052033342,0.9133619600909321,0.6953151739021021,47
reserve10,joint_gradual,primary,evaluation,persistence,3,3959,0.1320196037550322,0.2729155128305082,0.5258903763576661,0.8158625915635261,0.9143723162414751,0.8038748093249896,47
reserve10,joint_gradual,primary,evaluation,persistence,4,3959,0.14540571031457522,0.30322217090614056,0.5271533215458449,0.817125536751705,0.9171507956554685,0.868261272336877,47
reserve10,joint_gradual,primary,evaluation,physical,1,3959,0.04114698979655456,0.06962305040266799,0.5056832533468048,0.810558221773175,0.9105834806769386,0.32320600137164657,47
reserve10,joint_gradual,primary,evaluation,physical,2,3959,0.053309618660956674,0.09327943333960083,0.5127557464006062,0.8143470573377115,0.9098257135640313,0.41276523212815847,47
reserve10,joint_gradual,primary,evaluation,physical,3,3959,0.05878953858584951,0.10516048695119845,0.5074513766102551,0.8133367011871685,0.9093205354887598,0.4391940661847986,47
reserve10,joint_gradual,primary,evaluation,physical,4,3959,0.061571410498228105,0.11149819858861475,0.5066936094973478,0.8130841121495327,0.9083101793382167,0.4470049966268023,47
reserve10,joint_gradual,primary,evaluation,physical_availability,1,3959,0.04114420438228217,0.06962305040266799,0.5039151300833544,0.8098004546602677,0.9108360697145744,0.32400073294231235,47
reserve10,joint_gradual,primary,evaluation,physical_availability,2,3959,0.05331285065207232,0.09327943333960083,0.5135135135135135,0.8120737559989897,0.9098257135640313,0.4135413394583007,47
reserve10,joint_gradual,primary,evaluation,physical_availability,3,3959,0.058810286356977035,0.10516048695119845,0.5074513766102551,0.8125789340742612,0.9115938368274817,0.43991898595516193,47
reserve10,joint_gradual,primary,evaluation,physical_availability,4,3959,0.0615775119349881,0.11149819858861475,0.5046728971962616,0.8130841121495327,0.9083101793382167,0.4476050194487007,47
reserve10,joint_gradual,primary,evaluation,physical_recovery,1,3959,0.04114064045180989,0.06962305040266799,0.5064410204597121,0.8125789340742612,0.9113412477898459,0.3249159403393171,47
reserve10,joint_gradual,primary,evaluation,physical_recovery,2,3959,0.053313076339290104,0.09327943333960083,0.5145238696640566,0.8133367011871685,0.9148774943167467,0.4146380413543827,47
reserve10,joint_gradual,primary,evaluation,physical_recovery,3,3959,0.058817497945918645,0.10516048695119845,0.5084617327607982,0.8148522354129831,0.9120990149027532,0.44026467285113285,47
reserve10,joint_gradual,primary,evaluation,physical_recovery,4,3959,0.06160239740125522,0.11149819858861475,0.5039151300833544,0.8130841121495327,0.9072998231876737,0.4478063273342717,47
reserve10,joint_gradual,primary,evaluation,previous_day,1,3959,0.10127355540668043,0.15735884005216413,0.48370800707249306,0.776963879767618,0.8774943167466532,0.6559042493484368,47
reserve10,joint_gradual,primary,evaluation,previous_day,2,3959,0.10154946700133935,0.15860828746981712,0.4922960343521091,0.7840363728214196,0.8825460974993685,0.6730262416231776,47
reserve10,joint_gradual,primary,evaluation,previous_day,3,3959,0.10177011198167805,0.15948922590443412,0.49431674665319525,0.7921192220257641,0.8936600151553422,0.6921156117731673,47
reserve10,joint_gradual,primary,evaluation,previous_day,4,3959,0.1024416438200462,0.16052582657048736,0.4933063905026522,0.7959080575903006,0.8946703713058853,0.7025606517264009,47
reserve10,joint_gradual,primary,evaluation,raw,1,3959,0.041440929427567476,0.06962305040266799,0.42081333670118715,0.7069967163425107,0.8577923718110634,0.3069407420453253,47
reserve10,joint_gradual,primary,evaluation,raw,2,3959,0.05394756647301805,0.09327943333960083,0.3955544329376105,0.6888103056327355,0.8277342763324071,0.3867454970433297,47
reserve10,joint_gradual,primary,evaluation,raw,3,3959,0.05958231738133421,0.10516048695119845,0.3781257893407426,0.6776963879767618,0.824703207880778,0.4055479923905333,47
reserve10,joint_gradual,primary,evaluation,raw,4,3959,0.062377785599796384,0.11149819858861475,0.379893912604193,0.6711290729982319,0.821419550391513,0.4101015959679381,47
reserve10,joint_gradual,primary,evaluation,recency,1,3959,0.04125182408232705,0.06962305040266799,0.5034099520080828,0.801970194493559,0.9025006314725941,0.31932377457436106,47
reserve10,joint_gradual,primary,evaluation,recency,2,3959,0.05347497542900157,0.09327943333960083,0.5099772669866128,0.8037383177570093,0.9025006314725941,0.4079726400636586,47
reserve10,joint_gradual,primary,evaluation,recency,3,3959,0.0589563441218517,0.10516048695119845,0.5061884314220763,0.8037383177570093,0.9017428643596868,0.43431589049984365,47
reserve10,joint_gradual,primary,evaluation,recency,4,3959,0.061758182472877184,0.11149819858861475,0.5001262945188178,0.8012124273806517,0.8989643849456933,0.44211983049465065,47
reserve10,joint_gradual,primary,evaluation,rolling,1,3959,0.0412596534098179,0.06962305040266799,0.5066936094973478,0.8009598383430159,0.9055316999242233,0.31857165330839576,47
reserve10,joint_gradual,primary,evaluation,rolling,2,3959,0.05348686551630431,0.09327943333960083,0.5087143217984339,0.8012124273806517,0.9012376862844153,0.40765596089670797,47
reserve10,joint_gradual,primary,evaluation,rolling,3,3959,0.05896528755431305,0.10516048695119845,0.5077039656478909,0.8002020712301086,0.9027532205102299,0.43422283613936197,47
reserve10,joint_gradual,primary,evaluation,rolling,4,3959,0.06174923464335261,0.11149819858861475,0.5016418287446325,0.8007072493053802,0.9007325082091437,0.44186176689625245,47
reserve10,joint_gradual,primary,evaluation,single_imputation,1,3959,0.04826782872293607,0.0724252741016564,0.6135387724172771,0.7966658247032079,0.8540035362465269,0.2590923094803424,47
reserve10,joint_gradual,primary,evaluation,single_imputation,2,3959,0.06177020575518059,0.09631913473172726,0.5455923212932559,0.7547360444556707,0.828997221520586,0.3127117975815069,47
reserve10,joint_gradual,primary,evaluation,single_imputation,3,3959,0.06816388363934586,0.10629136797141775,0.5253851982823945,0.7373074008588028,0.8145996463753473,0.33244497620406277,47
reserve10,joint_gradual,primary,evaluation,single_imputation,4,3959,0.07247798045070106,0.11295565682168024,0.5142712806264208,0.7236675928264713,0.8037383177570093,0.3452229912978205,47
reserve10,joint_gradual,primary,warmup,aci_bounded,1,286,0.046986601627842635,0.07958646481197736,0.46153846153846156,0.7552447552447552,0.9020979020979021,0.3697312357696616,4
reserve10,joint_gradual,primary,warmup,aci_bounded,2,286,0.06428683637688555,0.11246920325421607,0.46153846153846156,0.7552447552447552,0.8916083916083916,0.4951396017642297,4
reserve10,joint_gradual,primary,warmup,aci_bounded,3,286,0.07446539263380846,0.1374601169087368,0.506993006993007,0.7762237762237763,0.8916083916083916,0.5169392322527632,4
reserve10,joint_gradual,primary,warmup,aci_bounded,4,286,0.07858380010818848,0.14952923776573734,0.513986013986014,0.7447552447552448,0.8496503496503497,0.5179984333537078,4
reserve10,joint_gradual,primary,warmup,carry_forward,1,286,0.05416729634153048,0.09073528891254727,0.3881118881118881,0.6888111888111889,0.8566433566433567,0.40482752573037123,4
reserve10,joint_gradual,primary,warmup,carry_forward,2,286,0.06964630298334738,0.12312035091392298,0.3356643356643357,0.6433566433566433,0.8216783216783217,0.4832325069595567,4
reserve10,joint_gradual,primary,warmup,carry_forward,3,286,0.07736789791954739,0.140949126987694,0.3531468531468531,0.6223776223776224,0.7797202797202797,0.49578374870149355,4
reserve10,joint_gradual,primary,warmup,carry_forward,4,286,0.08128217270311543,0.14915835116601295,0.33916083916083917,0.6118881118881119,0.7587412587412588,0.49688567824712754,4
reserve10,joint_gradual,primary,warmup,geometric_persistence,1,286,0.07589330697004469,0.11128068920371267,0.43006993006993005,0.7622377622377622,0.8356643356643356,0.3651227121613963,4
reserve10,joint_gradual,primary,warmup,geometric_persistence,2,286,0.09442737576881648,0.156437562841858,0.45104895104895104,0.7552447552447552,0.8496503496503497,0.5087715368624613,4
reserve10,joint_gradual,primary,warmup,geometric_persistence,3,286,0.10756906116649229,0.19608008595772258,0.4230769230769231,0.7657342657342657,0.8811188811188811,0.6281801972175312,4
reserve10,joint_gradual,primary,warmup,geometric_persistence,4,286,0.12000023514337405,0.231966429650408,0.43356643356643354,0.7727272727272727,0.8811188811188811,0.6741183520664731,4
reserve10,joint_gradual,primary,warmup,mask50,1,286,0.046996651255975214,0.07958646481197736,0.46853146853146854,0.7552447552447552,0.9055944055944056,0.3719189424918946,4
reserve10,joint_gradual,primary,warmup,mask50,2,286,0.06426731913485965,0.11246920325421607,0.46153846153846156,0.7552447552447552,0.9020979020979021,0.49813766807506465,4
reserve10,joint_gradual,primary,warmup,mask50,3,286,0.07446416981990202,0.1374601169087368,0.493006993006993,0.7622377622377622,0.8916083916083916,0.5186225224677742,4
reserve10,joint_gradual,primary,warmup,mask50,4,286,0.07861447722942544,0.14952923776573734,0.4965034965034965,0.7377622377622378,0.8426573426573427,0.5198238950084483,4
reserve10,joint_gradual,primary,warmup,mi_recency,1,286,0.0502073156543075,0.08410011325639008,0.5559440559440559,0.8146853146853147,0.9055944055944056,0.33667970331065106,4
reserve10,joint_gradual,primary,warmup,mi_recency,2,286,0.06664877311071132,0.11508726219145043,0.486013986013986,0.7972027972027972,0.8846153846153846,0.43093965919161387,4
reserve10,joint_gradual,primary,warmup,mi_recency,3,286,0.0779163366941382,0.1346298951623045,0.4825174825174825,0.7692307692307693,0.8706293706293706,0.5068369179850083,4
reserve10,joint_gradual,primary,warmup,mi_recency,4,286,0.08346557382120698,0.1453586689733798,0.5034965034965035,0.7482517482517482,0.8706293706293706,0.5242168583613253,4
reserve10,joint_gradual,primary,warmup,multiple_imputation,1,286,0.050516274245385864,0.08410011325639008,0.5629370629370629,0.7867132867132867,0.8566433566433567,0.2823350013158587,4
reserve10,joint_gradual,primary,warmup,multiple_imputation,2,286,0.0691777504681347,0.11508726219145043,0.43356643356643354,0.6818181818181818,0.8006993006993007,0.32524772175053157,4
reserve10,joint_gradual,primary,warmup,multiple_imputation,3,286,0.08257427753177439,0.1346298951623045,0.38461538461538464,0.6398601398601399,0.7482517482517482,0.3417402351566141,4
reserve10,joint_gradual,primary,warmup,multiple_imputation,4,286,0.08958978003986048,0.1453586689733798,0.36363636363636365,0.6013986013986014,0.7167832167832168,0.35530603910300734,4
reserve10,joint_gradual,primary,warmup,persistence,1,286,0.09184058063982892,0.15454467512175324,0.527972027972028,0.7657342657342657,0.8671328671328671,0.45441053721538877,4
reserve10,joint_gradual,primary,warmup,persistence,2,286,0.11841342187273664,0.2274685089582293,0.5034965034965035,0.7902097902097902,0.8496503496503497,0.6392724225305942,4
reserve10,joint_gradual,primary,warmup,persistence,3,286,0.13600201423459352,0.2789089458489427,0.479020979020979,0.7692307692307693,0.8671328671328671,0.7418457239070824,4
reserve10,joint_gradual,primary,warmup,persistence,4,286,0.1421771819445268,0.3069224550090534,0.479020979020979,0.7972027972027972,0.8811188811188811,0.782073386765318,4
reserve10,joint_gradual,primary,warmup,physical,1,286,0.04697737468251247,0.07958646481197736,0.46853146853146854,0.7727272727272727,0.9055944055944056,0.37444784255971564,4
reserve10,joint_gradual,primary,warmup,physical,2,286,0.06422260121410915,0.11246920325421607,0.46503496503496505,0.7552447552447552,0.9090909090909091,0.5000527415709844,4
reserve10,joint_gradual,primary,warmup,physical,3,286,0.07438425846958036,0.1374601169087368,0.513986013986014,0.7797202797202797,0.8951048951048951,0.5207085371874037,4
reserve10,joint_gradual,primary,warmup,physical,4,286,0.07858066466932458,0.14952923776573734,0.506993006993007,0.7587412587412588,0.8566433566433567,0.5227995219323904,4
reserve10,joint_gradual,primary,warmup,physical_availability,1,286,0.046985301954089,0.07958646481197736,0.46853146853146854,0.7762237762237763,0.9090909090909091,0.3757604228257401,4
reserve10,joint_gradual,primary,warmup,physical_availability,2,286,0.06426495307107734,0.11246920325421607,0.45454545454545453,0.7587412587412588,0.9055944055944056,0.5005875640295259,4
reserve10,joint_gradual,primary,warmup,physical_availability,3,286,0.0744150782513713,0.1374601169087368,0.506993006993007,0.7727272727272727,0.8846153846153846,0.5217941594684143,4
reserve10,joint_gradual,primary,warmup,physical_availability,4,286,0.07866608855674849,0.14952923776573734,0.5034965034965035,0.7447552447552448,0.8531468531468531,0.5232923228159946,4
reserve10,joint_gradual,primary,warmup,physical_recovery,1,286,0.04699945600154046,0.07958646481197736,0.46853146853146854,0.7832167832167832,0.9125874125874126,0.3774239568775435,4
reserve10,joint_gradual,primary,warmup,physical_recovery,2,286,0.06425435638957105,0.11246920325421607,0.47202797202797203,0.7552447552447552,0.9055944055944056,0.5003060094928112,4
reserve10,joint_gradual,primary,warmup,physical_recovery,3,286,0.07441097763375168,0.1374601169087368,0.493006993006993,0.7622377622377622,0.8846153846153846,0.52022488416923,4
reserve10,joint_gradual,primary,warmup,physical_recovery,4,286,0.07863264254858254,0.14952923776573734,0.5034965034965035,0.7412587412587412,0.8426573426573427,0.5251620437460733,4
reserve10,joint_gradual,primary,warmup,previous_day,1,286,0.1196394734008365,0.18443303204295702,0.3006993006993007,0.6258741258741258,0.8076923076923077,0.5582789159733496,4
reserve10,joint_gradual,primary,warmup,previous_day,2,286,0.11851716458505036,0.18464018180829586,0.3006993006993007,0.6398601398601399,0.8181818181818182,0.5792188746342198,4
reserve10,joint_gradual,primary,warmup,previous_day,3,286,0.11770556337817688,0.18464699880171911,0.3006993006993007,0.6468531468531469,0.8356643356643356,0.6007625293888402,4
reserve10,joint_gradual,primary,warmup,previous_day,4,286,0.11732130149844201,0.1846477818379537,0.3006993006993007,0.6538461538461539,0.8356643356643356,0.6063743993631369,4
reserve10,joint_gradual,primary,warmup,raw,1,286,0.04710310222830578,0.07958646481197736,0.3916083916083916,0.7062937062937062,0.8741258741258742,0.3636321624825109,4
reserve10,joint_gradual,primary,warmup,raw,2,286,0.06458861811255986,0.11246920325421607,0.35664335664335667,0.6188811188811189,0.8461538461538461,0.48318700276758375,4
reserve10,joint_gradual,primary,warmup,raw,3,286,0.07484882775087574,0.1374601169087368,0.3951048951048951,0.5909090909090909,0.7972027972027972,0.4928533519549359,4
reserve10,joint_gradual,primary,warmup,raw,4,286,0.07934791998827392,0.14952923776573734,0.3811188811188811,0.5769230769230769,0.7727272727272727,0.49675233549096365,4
reserve10,joint_gradual,primary,warmup,recency,1,286,0.04698547920969125,0.07958646481197736,0.46503496503496505,0.7587412587412588,0.9020979020979021,0.37067694893139147,4
reserve10,joint_gradual,primary,warmup,recency,2,286,0.06424670493601828,0.11246920325421607,0.458041958041958,0.7517482517482518,0.8986013986013986,0.49598874835684964,4
reserve10,joint_gradual,primary,warmup,recency,3,286,0.07441437291090065,0.1374601169087368,0.4965034965034965,0.7692307692307693,0.8916083916083916,0.5165846829749582,4
reserve10,joint_gradual,primary,warmup,recency,4,286,0.07860107241046174,0.14952923776573734,0.5,0.7412587412587412,0.8426573426573427,0.5194279364405158,4
reserve10,joint_gradual,primary,warmup,rolling,1,286,0.046983140198333606,0.07958646481197736,0.46153846153846156,0.7517482517482518,0.9020979020979021,0.36986929032754057,4
reserve10,joint_gradual,primary,warmup,rolling,2,286,0.06426665961531249,0.11246920325421607,0.45104895104895104,0.7517482517482518,0.8916083916083916,0.49362882703117955,4
reserve10,joint_gradual,primary,warmup,rolling,3,286,0.07441001328436181,0.1374601169087368,0.5034965034965035,0.7692307692307693,0.8881118881118881,0.514539991177348,4
reserve10,joint_gradual,primary,warmup,rolling,4,286,0.07860474238643385,0.14952923776573734,0.5104895104895105,0.7342657342657343,0.8391608391608392,0.5150640166900461,4
reserve10,joint_gradual,primary,warmup,single_imputation,1,286,0.05278591283258774,0.0838037930109648,0.541958041958042,0.7587412587412588,0.8216783216783217,0.25763031215209203,4
reserve10,joint_gradual,primary,warmup,single_imputation,2,286,0.07088284542444657,0.11490577677594732,0.4370629370629371,0.6643356643356644,0.7867132867132867,0.312616254711518,4
reserve10,joint_gradual,primary,warmup,single_imputation,3,286,0.08362669449319973,0.13437514558961883,0.38461538461538464,0.6363636363636364,0.7412587412587412,0.3349601635890625,4
reserve10,joint_gradual,primary,warmup,single_imputation,4,286,0.09070099504275629,0.14602380774610743,0.36013986013986016,0.5979020979020979,0.7132867132867133,0.35176171803228884,4
reserve10,joint_none,primary,evaluation,aci_bounded,1,3959,0.041540021505651455,0.07001476278971171,0.5031573629704471,0.8017176054559232,0.9032583985855014,0.32305543704699957,47
reserve10,joint_none,primary,evaluation,aci_bounded,2,3959,0.05387652883691751,0.09455907482799626,0.5049254862338974,0.799696893154837,0.9022480424349584,0.4114333618151639,47
reserve10,joint_none,primary,evaluation,aci_bounded,3,3959,0.05927889052721058,0.10610611271542342,0.5003788835564537,0.7989391260419297,0.9042687547360445,0.4399575380487403,47
reserve10,joint_none,primary,evaluation,aci_bounded,4,3959,0.062333883995214494,0.11398021441837755,0.4940641576155595,0.799696893154837,0.9037635766607729,0.44829486016780795,47
reserve10,joint_none,primary,evaluation,carry_forward,1,3959,0.044759405351692115,0.07373707750872568,0.4137408436473857,0.7037130588532458,0.8428896185905532,0.3331898753470028,47
reserve10,joint_none,primary,evaluation,carry_forward,2,3959,0.055859159837557876,0.09660757847881853,0.40540540540540543,0.6865370042940137,0.8370800707249305,0.3936107190414113,47
reserve10,joint_none,primary,evaluation,carry_forward,3,3959,0.06158842674128939,0.11015574000732753,0.39075524122253097,0.680727456428391,0.8178833038646123,0.40683223483674597,47
reserve10,joint_none,primary,evaluation,carry_forward,4,3959,0.06394254021590165,0.11513734186154924,0.388481939883809,0.6789593331649406,0.8163677696387976,0.41157581674031035,47
reserve10,joint_none,primary,evaluation,geometric_persistence,1,3959,0.06192069488476467,0.09495782054874004,0.5188178833038646,0.8272290982571356,0.9148774943167467,0.46941210380148074,47
reserve10,joint_none,primary,evaluation,geometric_persistence,2,3959,0.08438036411943727,0.14229876278244366,0.5258903763576661,0.8262187421065925,0.9128567820156606,0.5873531302744531,47
reserve10,joint_none,primary,evaluation,geometric_persistence,3,3959,0.10220989851048987,0.18328170509438302,0.5210911846425865,0.8249557969184137,0.9128567820156606,0.6966895088315314,47
reserve10,joint_none,primary,evaluation,geometric_persistence,4,3959,0.11566741668705734,0.21705954139700395,0.5276584996211164,0.8239454407678707,0.9158878504672897,0.7643236493879274,47
reserve10,joint_none,primary,evaluation,mask50,1,3959,0.041540068408972564,0.07001476278971171,0.5137661025511493,0.8085375094720889,0.9072998231876737,0.32644816473133914,47
reserve10,joint_none,primary,evaluation,mask50,2,3959,0.053858648030125286,0.09455907482799626,0.5162919929275069,0.8032331396817378,0.9083101793382167,0.4133929063378448,47
reserve10,joint_none,primary,evaluation,mask50,3,3959,0.05926769685484822,0.10610611271542342,0.5135135135135135,0.8085375094720889,0.9078050012629452,0.4413082497121284,47
reserve10,joint_none,primary,evaluation,mask50,4,3959,0.0623362211070357,0.11398021441837755,0.501136650669361,0.8044960848699166,0.9030058095478656,0.4482905390169292,47
reserve10,joint_none,primary,evaluation,mi_recency,1,3959,0.047047687943210945,0.07273263099628703,0.5094720889113412,0.8082849204344531,0.8982066178327861,0.3210636447228923,47
reserve10,joint_none,primary,evaluation,mi_recency,2,3959,0.05999519619728828,0.09632938849269897,0.5084617327607982,0.798686537004294,0.8992169739833291,0.400906450270781,47
reserve10,joint_none,primary,evaluation,mi_recency,3,3959,0.06605841042572042,0.1065312258613008,0.5087143217984339,0.8012124273806517,0.9030058095478656,0.44512555486845995,47
reserve10,joint_none,primary,evaluation,mi_recency,4,3959,0.06970253381435881,0.11281455569843178,0.5041677191209901,0.8017176054559232,0.9014902753220511,0.4715558541250765,47
reserve10,joint_none,primary,evaluation,multiple_imputation,1,3959,0.047383793598550085,0.07273263099628703,0.623389744885072,0.8143470573377115,0.8686537004294014,0.27498951323264664,47
reserve10,joint_none,primary,evaluation,multiple_imputation,2,3959,0.06099343718960944,0.09632938849269897,0.5478656226319778,0.7653447840363728,0.8401111391765598,0.3211624432109732,47
reserve10,joint_none,primary,evaluation,multiple_imputation,3,3959,0.06770432297979087,0.1065312258613008,0.5253851982823945,0.7395807021975246,0.8206617832786057,0.3379861260894432,47
reserve10,joint_none,primary,evaluation,multiple_imputation,4,3959,0.07190500578027342,0.11281455569843178,0.5147764587016923,0.7282141955039151,0.8098004546602677,0.3493890320651257,47
reserve10,joint_none,primary,evaluation,persistence,1,3959,0.07953475838410566,0.14035401978347256,0.5370042940136398,0.8269765092194998,0.918918918918919,0.5415279412173061,47
reserve10,joint_none,primary,evaluation,persistence,2,3959,0.11106340908361848,0.21803043336851535,0.5435716089921697,0.8201566052033342,0.9133619600909321,0.6953151739021021,47
reserve10,joint_none,primary,evaluation,persistence,3,3959,0.1320196037550322,0.2729155128305082,0.5258903763576661,0.8158625915635261,0.9143723162414751,0.8038748093249896,47
reserve10,joint_none,primary,evaluation,persistence,4,3959,0.14540571031457522,0.30322217090614056,0.5271533215458449,0.817125536751705,0.9171507956554685,0.868261272336877,47
reserve10,joint_none,primary,evaluation,physical,1,3959,0.04142921878329186,0.07001476278971171,0.5079565546855267,0.810558221773175,0.9118464258651174,0.32834923054053394,47
reserve10,joint_none,primary,evaluation,physical,2,3959,0.05368380636894115,0.09455907482799626,0.5170497600404143,0.8113159888860824,0.9093205354887598,0.4161514839815227,47
reserve10,joint_none,primary,evaluation,physical,3,3959,0.059073472962679355,0.10610611271542342,0.5112402121747917,0.8158625915635261,0.9105834806769386,0.44448480065599927,47
reserve10,joint_none,primary,evaluation,physical,4,3959,0.06214945266432555,0.11398021441837755,0.5016418287446325,0.8110633998484466,0.9085627683758525,0.45144393888136275,47
reserve10,joint_none,primary,evaluation,physical_availability,1,3959,0.04142331840675442,0.07001476278971171,0.5089669108360697,0.8145996463753473,0.9153826723920182,0.32894920930698457,47
reserve10,joint_none,primary,evaluation,physical_availability,2,3959,0.05370737842843367,0.09455907482799626,0.5188178833038646,0.8120737559989897,0.908057590300581,0.4172795266519932,47
reserve10,joint_none,primary,evaluation,physical_availability,3,3959,0.05910521565763137,0.10610611271542342,0.5125031573629705,0.8120737559989897,0.9118464258651174,0.4446610020941152,47
reserve10,joint_none,primary,evaluation,physical_availability,4,3959,0.06221133635828493,0.11398021441837755,0.4998737054811821,0.8125789340742612,0.9067946451124022,0.4516308015813147,47
reserve10,joint_none,primary,evaluation,physical_recovery,1,3959,0.041422654849774095,0.07001476278971171,0.5102298560242485,0.8156100025258903,0.9153826723920182,0.3295536179277602,47
reserve10,joint_none,primary,evaluation,physical_recovery,2,3959,0.05371450234047242,0.09455907482799626,0.5198282394544077,0.81384187926244,0.9095731245263956,0.4175607690680888,47
reserve10,joint_none,primary,evaluation,physical_recovery,3,3959,0.05910896310811586,0.10610611271542342,0.5132609244758778,0.8153574134882546,0.9131093710532963,0.4450553943112429,47
reserve10,joint_none,primary,evaluation,physical_recovery,4,3959,0.0621916490607897,0.11398021441837755,0.498863349330639,0.8130841121495327,0.9085627683758525,0.45196907065411057,47
reserve10,joint_none,primary,evaluation,previous_day,1,3959,0.09886459910695115,0.15390267038510055,0.4789088153574135,0.7850467289719626,0.8835564536499116,0.6557014557996247,47
reserve10,joint_none,primary,evaluation,previous_day,2,3959,0.10331103531620668,0.16213409372425244,0.47714069209396315,0.775953523617075,0.8787572619348321,0.6714316586202398,47
reserve10,joint_none,primary,evaluation,previous_day,3,3959,0.1070582496049591,0.16821016530591837,0.475119979792877,0.7744379893912604,0.8827986865370043,0.6887329363060278,47
reserve10,joint_none,primary,evaluation,previous_day,4,3959,0.11051964213817747,0.1731581883475452,0.4725940894165193,0.7741854003536246,0.8769891386713816,0.6969860635710978,47
reserve10,joint_none,primary,evaluation,raw,1,3959,0.041694193651674066,0.07001476278971171,0.43470573377115435,0.7201313462995707,0.8613286183379641,0.31127734819311514,47
reserve10,joint_none,primary,evaluation,raw,2,3959,0.05431862861247998,0.09455907482799626,0.40490022733013387,0.6910836069714574,0.8312705228593079,0.3903262126499443,47
reserve10,joint_none,primary,evaluation,raw,3,3959,0.05984747232633335,0.10610611271542342,0.38444051528163675,0.680727456428391,0.8295023995958576,0.4117432170620789,47
reserve10,joint_none,primary,evaluation,raw,4,3959,0.06290660314937668,0.11398021441837755,0.3854508714321798,0.6746653195251326,0.8264713311442283,0.4168516875332896,47
reserve10,joint_none,primary,evaluation,recency,1,3959,0.041536190100406975,0.07001476278971171,0.5046728971962616,0.8047486739075524,0.904773932811316,0.32502053863037345,47
reserve10,joint_none,primary,evaluation,recency,2,3959,0.05384834722471086,0.09455907482799626,0.5125031573629705,0.8012124273806517,0.9060368779994948,0.41219064097428537,47
reserve10,joint_none,primary,evaluation,recency,3,3959,0.059252295399128456,0.10610611271542342,0.5079565546855267,0.8047486739075524,0.9072998231876737,0.43990685996849943,47
reserve10,joint_none,primary,evaluation,recency,4,3959,0.06232865821379697,0.11398021441837755,0.4970952260671887,0.7999494821924729,0.9014902753220511,0.44739890286392137,47
reserve10,joint_none,primary,evaluation,rolling,1,3959,0.04153973153242597,0.07001476278971171,0.5054306643091689,0.7991917150795655,0.9065420560747663,0.3240431177744289,47
reserve10,joint_none,primary,evaluation,rolling,2,3959,0.053873389826491355,0.09455907482799626,0.5152816367769639,0.8027279616064663,0.9035109876231372,0.4116839205629608,47
reserve10,joint_none,primary,evaluation,rolling,3,3959,0.05926578622134627,0.10610611271542342,0.5089669108360697,0.8007072493053802,0.9050265218489517,0.439620675109697,47
reserve10,joint_none,primary,evaluation,rolling,4,3959,0.06232100653553056,0.11398021441837755,0.4970952260671887,0.8007072493053802,0.9027532205102299,0.44722862418727216,47
reserve10,joint_none,primary,evaluation,single_imputation,1,3959,0.048285108824137404,0.07251445437826011,0.6117706491538267,0.7984339479666582,0.8547613033594342,0.25916361166786084,47
reserve10,joint_none,primary,evaluation,single_imputation,2,3959,0.06163563626621856,0.0963409426181798,0.543319019954534,0.7547360444556707,0.8297549886334933,0.31274039452600766,47
reserve10,joint_none,primary,evaluation,single_imputation,3,3959,0.06806457868742813,0.10642812597278925,0.521596362717858,0.7368022227835312,0.8151048244506188,0.3327296067145036,47
reserve10,joint_none,primary,evaluation,single_imputation,4,3959,0.07226258105853663,0.11276479529307944,0.511997979287699,0.722909825713564,0.8034857287193736,0.34549454055781226,47
reserve10,joint_none,primary,warmup,aci_bounded,1,286,0.046887687614168776,0.07884958787523143,0.4825174825174825,0.7657342657342657,0.9020979020979021,0.3746058509521061,4
reserve10,joint_none,primary,warmup,aci_bounded,2,286,0.06381568589001263,0.11296300519784043,0.4755244755244755,0.7727272727272727,0.8951048951048951,0.5019857099027116,4
reserve10,joint_none,primary,warmup,aci_bounded,3,286,0.07338216660132836,0.1365125290660277,0.5244755244755245,0.7902097902097902,0.8916083916083916,0.5198717499608914,4
reserve10,joint_none,primary,warmup,aci_bounded,4,286,0.07753094189895161,0.14888846791885557,0.5104895104895105,0.7587412587412588,0.8601398601398601,0.5205094135078938,4
reserve10,joint_none,primary,warmup,carry_forward,1,286,0.05464506224876858,0.09151933382597435,0.3986013986013986,0.6993006993006993,0.8531468531468531,0.40758074534859284,4
reserve10,joint_none,primary,warmup,carry_forward,2,286,0.07065828218219897,0.12485000458444806,0.3321678321678322,0.6468531468531469,0.8286713286713286,0.4889979357593078,4
reserve10,joint_none,primary,warmup,carry_forward,3,286,0.0775712206658881,0.14294102395517683,0.34615384615384615,0.6293706293706294,0.7867132867132867,0.50130149396693,4
reserve10,joint_none,primary,warmup,carry_forward,4,286,0.08093254861769829,0.14961885827917654,0.33916083916083917,0.6153846153846154,0.7762237762237763,0.5029145527332718,4
reserve10,joint_none,primary,warmup,geometric_persistence,1,286,0.07589330697004469,0.11128068920371267,0.43006993006993005,0.7622377622377622,0.8356643356643356,0.3651227121613963,4
reserve10,joint_none,primary,warmup,geometric_persistence,2,286,0.09442737576881648,0.156437562841858,0.45104895104895104,0.7552447552447552,0.8496503496503497,0.5087715368624613,4
reserve10,joint_none,primary,warmup,geometric_persistence,3,286,0.10756906116649229,0.19608008595772258,0.4230769230769231,0.7657342657342657,0.8811188811188811,0.6281801972175312,4
reserve10,joint_none,primary,warmup,geometric_persistence,4,286,0.12000023514337405,0.231966429650408,0.43356643356643354,0.7727272727272727,0.8811188811188811,0.6741183520664731,4
reserve10,joint_none,primary,warmup,mask50,1,286,0.046881393200286885,0.07884958787523143,0.486013986013986,0.7727272727272727,0.9195804195804196,0.3788966964413913,4
reserve10,joint_none,primary,warmup,mask50,2,286,0.06373233922621437,0.11296300519784043,0.486013986013986,0.7657342657342657,0.9055944055944056,0.5041251580087358,4
reserve10,joint_none,primary,warmup,mask50,3,286,0.07337156221672196,0.1365125290660277,0.5174825174825175,0.7867132867132867,0.8986013986013986,0.5241516031732771,4
reserve10,joint_none,primary,warmup,mask50,4,286,0.07750632390411566,0.14888846791885557,0.5209790209790209,0.7692307692307693,0.8601398601398601,0.524549220839698,4
reserve10,joint_none,primary,warmup,mi_recency,1,286,0.0502137573906124,0.08385258506767164,0.548951048951049,0.8146853146853147,0.9090909090909091,0.3377879096114773,4
reserve10,joint_none,primary,warmup,mi_recency,2,286,0.06628868850414424,0.11377891119416662,0.479020979020979,0.7937062937062938,0.8776223776223776,0.4247269142989502,4
reserve10,joint_none,primary,warmup,mi_recency,3,286,0.07792702914425725,0.13295173419596973,0.479020979020979,0.7482517482517482,0.8426573426573427,0.48149251231942897,4
reserve10,joint_none,primary,warmup,mi_recency,4,286,0.08341584975122575,0.14239651942607273,0.493006993006993,0.7482517482517482,0.8671328671328671,0.5161025611083266,4
reserve10,joint_none,primary,warmup,multiple_imputation,1,286,0.05053853965783259,0.08385258506767164,0.5629370629370629,0.7867132867132867,0.8531468531468531,0.2824540347681295,4
reserve10,joint_none,primary,warmup,multiple_imputation,2,286,0.06848205660232637,0.11377891119416662,0.44755244755244755,0.6923076923076923,0.7972027972027972,0.32584298112032467,4
reserve10,joint_none,primary,warmup,multiple_imputation,3,286,0.0817531794578924,0.13295173419596973,0.3986013986013986,0.6433566433566433,0.7552447552447552,0.34292050880989067,4
reserve10,joint_none,primary,warmup,multiple_imputation,4,286,0.08807815454956994,0.14239651942607273,0.3811188811188811,0.6153846153846154,0.7307692307692307,0.35678352124365253,4
reserve10,joint_none,primary,warmup,persistence,1,286,0.09184058063982892,0.15454467512175324,0.527972027972028,0.7657342657342657,0.8671328671328671,0.45441053721538877,4
reserve10,joint_none,primary,warmup,persistence,2,286,0.11841342187273664,0.2274685089582293,0.5034965034965035,0.7902097902097902,0.8496503496503497,0.6392724225305942,4
reserve10,joint_none,primary,warmup,persistence,3,286,0.13600201423459352,0.2789089458489427,0.479020979020979,0.7692307692307693,0.8671328671328671,0.7418457239070824,4
reserve10,joint_none,primary,warmup,persistence,4,286,0.1421771819445268,0.3069224550090534,0.479020979020979,0.7972027972027972,0.8811188811188811,0.782073386765318,4
reserve10,joint_none,primary,warmup,physical,1,286,0.046887032694176954,0.07884958787523143,0.479020979020979,0.7657342657342657,0.9090909090909091,0.378737306057523,4
reserve10,joint_none,primary,warmup,physical,2,286,0.06379311141116574,0.11296300519784043,0.47202797202797203,0.7657342657342657,0.9020979020979021,0.5046199735919745,4
reserve10,joint_none,primary,warmup,physical,3,286,0.0733724729258484,0.1365125290660277,0.513986013986014,0.7867132867132867,0.8916083916083916,0.5240690967048245,4
reserve10,joint_none,primary,warmup,physical,4,286,0.07760401829673533,0.14888846791885557,0.5174825174825175,0.7727272727272727,0.8706293706293706,0.5266771936785211,4
reserve10,joint_none,primary,warmup,physical_availability,1,286,0.04686276611145842,0.07884958787523143,0.486013986013986,0.7727272727272727,0.9195804195804196,0.3827411447272175,4
reserve10,joint_none,primary,warmup,physical_availability,2,286,0.06376663341318925,0.11296300519784043,0.47202797202797203,0.7762237762237763,0.9125874125874126,0.5052229534756176,4
reserve10,joint_none,primary,warmup,physical_availability,3,286,0.07332148948475398,0.1365125290660277,0.5384615384615384,0.7902097902097902,0.9055944055944056,0.526353677289127,4
reserve10,joint_none,primary,warmup,physical_availability,4,286,0.0775694318501566,0.14888846791885557,0.513986013986014,0.7692307692307693,0.8671328671328671,0.5284312555315384,4
reserve10,joint_none,primary,warmup,physical_recovery,1,286,0.0468797886193699,0.07884958787523143,0.4825174825174825,0.7797202797202797,0.9230769230769231,0.3841621927068377,4
reserve10,joint_none,primary,warmup,physical_recovery,2,286,0.06376345555906719,0.11296300519784043,0.479020979020979,0.7657342657342657,0.9125874125874126,0.5053088550161496,4
reserve10,joint_none,primary,warmup,physical_recovery,3,286,0.07342168207234605,0.1365125290660277,0.5174825174825175,0.7762237762237763,0.8916083916083916,0.5251968183351708,4
reserve10,joint_none,primary,warmup,physical_recovery,4,286,0.07762834487260482,0.14888846791885557,0.513986013986014,0.7727272727272727,0.8741258741258742,0.5302624025911984,4
reserve10,joint_none,primary,warmup,previous_day,1,286,0.10726376274062618,0.1655720601278929,0.32167832167832167,0.6783216783216783,0.8391608391608392,0.5534095851271125,4
reserve10,joint_none,primary,warmup,previous_day,2,286,0.10986269050611591,0.17215415429778552,0.3076923076923077,0.6748251748251748,0.8426573426573427,0.5712264265822717,4
reserve10,joint_none,primary,warmup,previous_day,3,286,0.11270974961212893,0.17756556157280218,0.3076923076923077,0.6713286713286714,0.8461538461538461,0.5887959758590366,4
reserve10,joint_none,primary,warmup,previous_day,4,286,0.11520684006778191,0.18177856379427862,0.3041958041958042,0.6748251748251748,0.8356643356643356,0.5904801651593199,4
reserve10,joint_none,primary,warmup,raw,1,286,0.046952649404594975,0.07884958787523143,0.4195804195804196,0.7097902097902098,0.8811188811188811,0.3672569022645691,4
reserve10,joint_none,primary,warmup,raw,2,286,0.0640267413688094,0.11296300519784043,0.36363636363636365,0.6363636363636364,0.8566433566433567,0.487230619919249,4
reserve10,joint_none,primary,warmup,raw,3,286,0.07340515241475203,0.1365125290660277,0.4090909090909091,0.6153846153846154,0.8146853146853147,0.49813286207452234,4
reserve10,joint_none,primary,warmup,raw,4,286,0.07795478762797764,0.14888846791885557,0.3916083916083916,0.6083916083916084,0.7937062937062938,0.5018732520037842,4
reserve10,joint_none,primary,warmup,recency,1,286,0.0468880286126077,0.07884958787523143,0.48951048951048953,0.7657342657342657,0.9090909090909091,0.3748786557007182,4
reserve10,joint_none,primary,warmup,recency,2,286,0.0637555296479956,0.11296300519784043,0.47202797202797203,0.7622377622377622,0.8986013986013986,0.5019112065626393,4
reserve10,joint_none,primary,warmup,recency,3,286,0.07336527581126304,0.1365125290660277,0.5104895104895105,0.7797202797202797,0.8811188811188811,0.5189059841387923,4
reserve10,joint_none,primary,warmup,recency,4,286,0.07755109754460898,0.14888846791885557,0.5,0.7587412587412588,0.8601398601398601,0.5216461164693134,4
reserve10,joint_none,primary,warmup,rolling,1,286,0.04689054601148503,0.07884958787523143,0.4755244755244755,0.7552447552447552,0.9020979020979021,0.3745139908287355,4
reserve10,joint_none,primary,warmup,rolling,2,286,0.0637615724629649,0.11296300519784043,0.47202797202797203,0.7622377622377622,0.8951048951048951,0.5007537253817148,4
reserve10,joint_none,primary,warmup,rolling,3,286,0.0733504169516227,0.1365125290660277,0.527972027972028,0.7832167832167832,0.8916083916083916,0.5176940701989302,4
reserve10,joint_none,primary,warmup,rolling,4,286,0.0775418737443666,0.14888846791885557,0.5034965034965035,0.7552447552447552,0.8601398601398601,0.5186773458547356,4
reserve10,joint_none,primary,warmup,single_imputation,1,286,0.05272892011756347,0.0834825837169182,0.5524475524475524,0.7552447552447552,0.8181818181818182,0.25750604303907854,4
reserve10,joint_none,primary,warmup,single_imputation,2,286,0.06980618209028217,0.11329193522881333,0.44755244755244755,0.6783216783216783,0.7902097902097902,0.3124265729920903,4
reserve10,joint_none,primary,warmup,single_imputation,3,286,0.08260712182850478,0.13225164000391262,0.4020979020979021,0.6398601398601399,0.7552447552447552,0.33470347476322926,4
reserve10,joint_none,primary,warmup,single_imputation,4,286,0.08895994522780971,0.1427594141325977,0.3741258741258741,0.6118881118881119,0.7237762237762237,0.35152523719769846,4
reserve10,irradiance_first,primary,evaluation,aci_bounded,1,3959,0.04137801901916868,0.06971088627938977,0.5006314725940895,0.8017176054559232,0.8999747410962364,0.3189615327715597,47
reserve10,irradiance_first,primary,evaluation,aci_bounded,2,3959,0.053544195503057945,0.09333199123512254,0.501136650669361,0.799696893154837,0.9002273301338722,0.4078699384035708,47
reserve10,irradiance_first,primary,evaluation,aci_bounded,3,3959,0.05897649232715896,0.10509887533828052,0.4963374589542814,0.7984339479666582,0.9012376862844153,0.43479003848158043,47
reserve10,irradiance_first,primary,evaluation,aci_bounded,4,3959,0.061762994099218704,0.11147983792640373,0.494569335690831,0.801970194493559,0.9037635766607729,0.44440221462807483,47
reserve10,irradiance_first,primary,evaluation,carry_forward,1,3959,0.04421117193599367,0.07282055426281012,0.41323566557211416,0.699166456175802,0.8411214953271028,0.3305293406022679,47
reserve10,irradiance_first,primary,evaluation,carry_forward,2,3959,0.055004454883760386,0.09517006085911468,0.395049254862339,0.6824955796918414,0.8358171255367517,0.38917441218279697,47
reserve10,irradiance_first,primary,evaluation,carry_forward,3,3959,0.060531611427245315,0.10756486827154593,0.3834301591310937,0.6797171002778479,0.8163677696387976,0.40231123988429657,47
reserve10,irradiance_first,primary,evaluation,carry_forward,4,3959,0.06286650063578467,0.11243815012963311,0.3758524880020207,0.6789593331649406,0.8168729477140693,0.4064034856986984,47
reserve10,irradiance_first,primary,evaluation,geometric_persistence,1,3959,0.06454747393415948,0.09881410502472043,0.5135135135135135,0.8201566052033342,0.908057590300581,0.4669939268576167,47
reserve10,irradiance_first,primary,evaluation,geometric_persistence,2,3959,0.08574247988734111,0.1447429421598779,0.5231118969436727,0.8226824955796919,0.9085627683758525,0.5851008230889829,47
reserve10,irradiance_first,primary,evaluation,geometric_persistence,3,3959,0.10280948832119026,0.18463881431188126,0.5190704723415004,0.8234402626925992,0.9115938368274817,0.695221009828381,47
reserve10,irradiance_first,primary,evaluation,geometric_persistence,4,3959,0.1158274972668895,0.21752454263190535,0.5258903763576661,0.8241980298055065,0.9143723162414751,0.7638467080010138,47
reserve10,irradiance_first,primary,evaluation,mask50,1,3959,0.041366982596557675,0.06971088627938977,0.5089669108360697,0.8087900985097247,0.9083101793382167,0.32342352956411113,47
reserve10,irradiance_first,primary,evaluation,mask50,2,3959,0.05350907269613584,0.09333199123512254,0.5162919929275069,0.8057590300580955,0.9075524122253095,0.41079122204900925,47
reserve10,irradiance_first,primary,evaluation,mask50,3,3959,0.05894123643754342,0.10509887533828052,0.51073503409952,0.8070219752462743,0.9075524122253095,0.4369132628695864,47
reserve10,irradiance_first,primary,evaluation,mask50,4,3959,0.0617396375801702,0.11147983792640373,0.5003788835564537,0.8037383177570093,0.9032583985855014,0.44426070949602575,47
reserve10,irradiance_first,primary,evaluation,mi_recency,1,3959,0.04710073318077614,0.07281762405377691,0.5125031573629705,0.8110633998484466,0.9014902753220511,0.322768810421175,47
reserve10,irradiance_first,primary,evaluation,mi_recency,2,3959,0.06009785242510525,0.09639751384366992,0.511997979287699,0.7984339479666582,0.9014902753220511,0.40410394394595367,47
reserve10,irradiance_first,primary,evaluation,mi_recency,3,3959,0.06607983545872773,0.10628763320801962,0.5109876231371558,0.8039909067946451,0.9025006314725941,0.444071691007713,47
reserve10,irradiance_first,primary,evaluation,mi_recency,4,3959,0.0698116309930764,0.11285102803123416,0.5054306643091689,0.8024753725688305,0.9007325082091437,0.4726539498882457,47
reserve10,irradiance_first,primary,evaluation,multiple_imputation,1,3959,0.047452114488333696,0.07281762405377691,0.6226319777721647,0.8123263450366254,0.8678959333164941,0.2749378438403541,47
reserve10,irradiance_first,primary,evaluation,multiple_imputation,2,3959,0.0611087511135851,0.09639751384366992,0.5491285678201566,0.7620611265471079,0.8396059611012882,0.3205017186326556,47
reserve10,irradiance_first,primary,evaluation,multiple_imputation,3,3959,0.06773718371679488,0.10628763320801962,0.5299318009598384,0.7390755241222531,0.8201566052033342,0.3369456199621816,47
reserve10,irradiance_first,primary,evaluation,multiple_imputation,4,3959,0.07207112073557427,0.11285102803123416,0.5150290477393281,0.726193483202829,0.8090426875473604,0.348113029458521,47
reserve10,irradiance_first,primary,evaluation,persistence,1,3959,0.08193990938520988,0.14385007313005177,0.5337206365243748,0.8183884819398838,0.9120990149027532,0.5385484546963893,47
reserve10,irradiance_first,primary,evaluation,persistence,2,3959,0.1120417991041792,0.21972197342665595,0.5402879515029048,0.8156100025258903,0.909067946451124,0.6923802738902995,47
reserve10,irradiance_first,primary,evaluation,persistence,3,3959,0.13219408300952562,0.27322368366354083,0.5253851982823945,0.8133367011871685,0.9123516039403889,0.8017872214833178,47
reserve10,irradiance_first,primary,evaluation,persistence,4,3959,0.145429133323453,0.3031410953712683,0.5263955544329376,0.8163677696387976,0.9163930285425612,0.8677464318748195,47
reserve10,irradiance_first,primary,evaluation,physical,1,3959,0.04126861768355928,0.06971088627938977,0.5056832533468048,0.8095478656226319,0.9115938368274817,0.32520592207002025,47
reserve10,irradiance_first,primary,evaluation,physical,2,3959,0.05336085265780123,0.09333199123512254,0.5127557464006062,0.8156100025258903,0.9095731245263956,0.41340809119044913,47
reserve10,irradiance_first,primary,evaluation,physical,3,3959,0.05878691796422715,0.10509887533828052,0.5069461985349836,0.8148522354129831,0.9095731245263956,0.4395469476426942,47
reserve10,irradiance_first,primary,evaluation,physical,4,3959,0.061567098871777706,0.11147983792640373,0.5069461985349836,0.8135892902248042,0.9088153574134883,0.44719924398455685,47
reserve10,irradiance_first,primary,evaluation,physical_availability,1,3959,0.0412563522688486,0.06971088627938977,0.5071987875726194,0.8103056327355392,0.9131093710532963,0.3265760081967724,47
reserve10,irradiance_first,primary,evaluation,physical_availability,2,3959,0.05334744257280528,0.09333199123512254,0.5145238696640566,0.8135892902248042,0.9105834806769386,0.41495322819043823,47
reserve10,irradiance_first,primary,evaluation,physical_availability,3,3959,0.058790038435855625,0.10509887533828052,0.509724677948977,0.81384187926244,0.9118464258651174,0.44090357106671324,47
reserve10,irradiance_first,primary,evaluation,physical_availability,4,3959,0.061564217011469656,0.11147983792640373,0.5049254862338974,0.8156100025258903,0.9098257135640313,0.4484505441637286,47
reserve10,irradiance_first,primary,evaluation,physical_recovery,1,3959,0.04125944205346615,0.06971088627938977,0.5066936094973478,0.8118211669613539,0.9120990149027532,0.3266621014186241,47
reserve10,irradiance_first,primary,evaluation,physical_recovery,2,3959,0.05336091089063762,0.09333199123512254,0.5157868148522354,0.8140944683000758,0.9131093710532963,0.41457600032897124,47
reserve10,irradiance_first,primary,evaluation,physical_recovery,3,3959,0.05881729866346734,0.10509887533828052,0.51073503409952,0.8156100025258903,0.9108360697145744,0.439862347943758,47
reserve10,irradiance_first,primary,evaluation,physical_recovery,4,3959,0.06159981355792893,0.11147983792640373,0.5046728971962616,0.8123263450366254,0.9042687547360445,0.4472784999293485,47
reserve10,irradiance_first,primary,evaluation,previous_day,1,3959,0.1013084232347334,0.15739268578040239,0.48370800707249306,0.776963879767618,0.8774943167466532,0.6558735157229159,47
reserve10,irradiance_first,primary,evaluation,previous_day,2,3959,0.10158935117185311,0.15864617383331678,0.4922960343521091,0.7840363728214196,0.8825460974993685,0.6729932464785628,47
reserve10,irradiance_first,primary,evaluation,previous_day,3,3959,0.10184772813597237,0.1595742675214851,0.49431674665319525,0.7918666329881283,0.8934074261177065,0.6920778506968372,47
reserve10,irradiance_first,primary,evaluation,previous_day,4,3959,0.1024416438200462,0.16052582657048736,0.4933063905026522,0.7959080575903006,0.8946703713058853,0.7025606517264009,47
reserve10,irradiance_first,primary,evaluation,raw,1,3959,0.04156146605837378,0.06971088627938977,0.4213185147764587,0.7069967163425107,0.8575397827734277,0.3088757237751503,47
reserve10,irradiance_first,primary,evaluation,raw,2,3959,0.05399240522966134,0.09333199123512254,0.3968173781257893,0.6890628946703713,0.8277342763324071,0.38730699322611994,47
reserve10,irradiance_first,primary,evaluation,raw,3,3959,0.059571732463465095,0.10509887533828052,0.3811568577923718,0.6784541550896691,0.8252083859560495,0.4057479008986418,47
reserve10,irradiance_first,primary,evaluation,raw,4,3959,0.06237517338852009,0.11147983792640373,0.38039909067946454,0.6723920181864107,0.8216721394291487,0.4101609298661731,47
reserve10,irradiance_first,primary,evaluation,recency,1,3959,0.04137262548387809,0.06971088627938977,0.5049254862338974,0.801970194493559,0.9032583985855014,0.3213065184079333,47
reserve10,irradiance_first,primary,evaluation,recency,2,3959,0.05352523475515476,0.09333199123512254,0.5104824450618843,0.8027279616064663,0.9025006314725941,0.4084523889050084,47
reserve10,irradiance_first,primary,evaluation,recency,3,3959,0.05895429152866593,0.10509887533828052,0.5056832533468048,0.802980550644102,0.9017428643596868,0.4344560943622304,47
reserve10,irradiance_first,primary,evaluation,recency,4,3959,0.06175672088857809,0.11147983792640373,0.5001262945188178,0.8017176054559232,0.8992169739833291,0.442166720559995,47
reserve10,irradiance_first,primary,evaluation,rolling,1,3959,0.04137690632043475,0.06971088627938977,0.5054306643091689,0.8012124273806517,0.9060368779994948,0.320637909208784,47
reserve10,irradiance_first,primary,evaluation,rolling,2,3959,0.05353734106296569,0.09333199123512254,0.5089669108360697,0.801970194493559,0.9012376862844153,0.4081842723364596,47
reserve10,irradiance_first,primary,evaluation,rolling,3,3959,0.058960236511140136,0.10509887533828052,0.5084617327607982,0.8004546602677444,0.9027532205102299,0.4343384964253609,47
reserve10,irradiance_first,primary,evaluation,rolling,4,3959,0.06174879795337601,0.11147983792640373,0.5018944177822683,0.8009598383430159,0.9012376862844153,0.44189236582243935,47
reserve10,irradiance_first,primary,evaluation,single_imputation,1,3959,0.04838746824440772,0.07261672485751836,0.6135387724172771,0.7961606466279364,0.8532457691336196,0.2590871449190852,47
reserve10,irradiance_first,primary,evaluation,single_imputation,2,3959,0.06182717100428427,0.09644453699186972,0.5458449103308917,0.7537256883051275,0.8295023995958576,0.31268495830575455,47
reserve10,irradiance_first,primary,evaluation,single_imputation,3,3959,0.06815570430539605,0.10631180896026088,0.5253851982823945,0.7368022227835312,0.8143470573377115,0.33243670496912986,47
reserve10,irradiance_first,primary,evaluation,single_imputation,4,3959,0.07246285196845224,0.11293268960085281,0.514018691588785,0.7241727709017428,0.8032331396817378,0.3452249890702162,47
reserve10,irradiance_first,primary,warmup,aci_bounded,1,286,0.047561901499415506,0.08034425819378932,0.46503496503496505,0.7552447552447552,0.8986013986013986,0.3715770638548301,4
reserve10,irradiance_first,primary,warmup,aci_bounded,2,286,0.06450301476600502,0.11284311454578329,0.458041958041958,0.7517482517482518,0.8881118881118881,0.49584618692723836,4
reserve10,irradiance_first,primary,warmup,aci_bounded,3,286,0.07449640997579536,0.1375638148417926,0.506993006993007,0.7762237762237763,0.8916083916083916,0.5169361035480945,4
reserve10,irradiance_first,primary,warmup,aci_bounded,4,286,0.07858548913123743,0.14951370440064185,0.513986013986014,0.7447552447552448,0.8496503496503497,0.5180051973461407,4
reserve10,irradiance_first,primary,warmup,carry_forward,1,286,0.05484641098102365,0.09185965116607385,0.3776223776223776,0.6818181818181818,0.8496503496503497,0.40583386543604094,4
reserve10,irradiance_first,primary,warmup,carry_forward,2,286,0.069853252465266,0.12348277694973182,0.3356643356643357,0.6398601398601399,0.8181818181818182,0.4834758647807171,4
reserve10,irradiance_first,primary,warmup,carry_forward,3,286,0.07739190501371022,0.14101483172193102,0.3531468531468531,0.6223776223776224,0.7797202797202797,0.495752892938879,4
reserve10,irradiance_first,primary,warmup,carry_forward,4,286,0.08128710430823195,0.14918408345799827,0.33916083916083917,0.6118881118881119,0.7587412587412588,0.49690858028573665,4
reserve10,irradiance_first,primary,warmup,geometric_persistence,1,286,0.07912676698956086,0.11582098109668933,0.4230769230769231,0.7552447552447552,0.8286713286713286,0.3634315489331255,4
reserve10,irradiance_first,primary,warmup,geometric_persistence,2,286,0.09524225998936073,0.15839769389327968,0.44755244755244755,0.7482517482517482,0.8461538461538461,0.5076549420977415,4
reserve10,irradiance_first,primary,warmup,geometric_persistence,3,286,0.10772889766659016,0.1964322227909133,0.4230769230769231,0.7622377622377622,0.8811188811188811,0.627824781226732,4
reserve10,irradiance_first,primary,warmup,geometric_persistence,4,286,0.12000023514337405,0.231966429650408,0.43356643356643354,0.7727272727272727,0.8811188811188811,0.6741183520664731,4
reserve10,irradiance_first,primary,warmup,mask50,1,286,0.04758430816619491,0.08034425819378932,0.46503496503496505,0.7552447552447552,0.9020979020979021,0.3740556485442265,4
reserve10,irradiance_first,primary,warmup,mask50,2,286,0.06447630724270625,0.11284311454578329,0.458041958041958,0.7517482517482518,0.8986013986013986,0.4987511466849789,4
reserve10,irradiance_first,primary,warmup,mask50,3,286,0.07448930409512135,0.1375638148417926,0.493006993006993,0.7622377622377622,0.8916083916083916,0.5187230811435839,4
reserve10,irradiance_first,primary,warmup,mask50,4,286,0.07862389937839699,0.14951370440064185,0.4965034965034965,0.7412587412587412,0.8426573426573427,0.5201962166905463,4
reserve10,irradiance_first,primary,warmup,mi_recency,1,286,0.05037514514056763,0.0844068451808117,0.548951048951049,0.8146853146853147,0.9055944055944056,0.33671788010854553,4
reserve10,irradiance_first,primary,warmup,mi_recency,2,286,0.06673854628223908,0.11535038823314102,0.486013986013986,0.7972027972027972,0.8846153846153846,0.4308928803905569,4
reserve10,irradiance_first,primary,warmup,mi_recency,3,286,0.07791792598054008,0.13467177439837788,0.4825174825174825,0.7692307692307693,0.8706293706293706,0.5067934788778825,4
reserve10,irradiance_first,primary,warmup,mi_recency,4,286,0.08346553062875756,0.1453586689733798,0.5034965034965035,0.7482517482517482,0.8706293706293706,0.524258683045172,4
reserve10,irradiance_first,primary,warmup,multiple_imputation,1,286,0.0506978527302616,0.0844068451808117,0.5559440559440559,0.7832167832167832,0.8566433566433567,0.2826051732124997,4
reserve10,irradiance_first,primary,warmup,multiple_imputation,2,286,0.0693067247582593,0.11535038823314102,0.43356643356643354,0.6783216783216783,0.8006993006993007,0.32520094294947455,4
reserve10,irradiance_first,primary,warmup,multiple_imputation,3,286,0.08257831707013924,0.13467177439837788,0.38461538461538464,0.6398601398601399,0.7482517482517482,0.34169679604948827,4
reserve10,irradiance_first,primary,warmup,multiple_imputation,4,286,0.08958978003986048,0.1453586689733798,0.36363636363636365,0.6013986013986014,0.7167832167832168,0.35530603910300734,4
reserve10,irradiance_first,primary,warmup,persistence,1,286,0.09350155944067093,0.15576630136009822,0.527972027972028,0.7587412587412588,0.8601398601398601,0.4499649783607018,4
reserve10,irradiance_first,primary,warmup,persistence,2,286,0.11795390942802919,0.22631745417967447,0.5034965034965035,0.7867132867132867,0.8496503496503497,0.6356924084998334,4
reserve10,irradiance_first,primary,warmup,persistence,3,286,0.13540171434203818,0.2770252475680569,0.479020979020979,0.7692307692307693,0.8671328671328671,0.7393556578783195,4
reserve10,irradiance_first,primary,warmup,persistence,4,286,0.1421771819445268,0.3069224550090534,0.479020979020979,0.7972027972027972,0.8811188811188811,0.782073386765318,4
reserve10,irradiance_first,primary,warmup,physical,1,286,0.0475562207466587,0.08034425819378932,0.46853146853146854,0.7692307692307693,0.9020979020979021,0.3772746245349455,4
reserve10,irradiance_first,primary,warmup,physical,2,286,0.06443073263464288,0.11284311454578329,0.46153846153846156,0.7517482517482518,0.9055944055944056,0.5006391675013556,4
reserve10,irradiance_first,primary,warmup,physical,3,286,0.074414347510709,0.1375638148417926,0.513986013986014,0.7797202797202797,0.8951048951048951,0.5206900630044591,4
reserve10,irradiance_first,primary,warmup,physical,4,286,0.07858066612084422,0.14951370440064185,0.506993006993007,0.7587412587412588,0.8566433566433567,0.5228147085775937,4
reserve10,irradiance_first,primary,warmup,physical_availability,1,286,0.04756589696587566,0.08034425819378932,0.46853146853146854,0.7727272727272727,0.9020979020979021,0.3778772585959504,4
reserve10,irradiance_first,primary,warmup,physical_availability,2,286,0.0644640728867005,0.11284311454578329,0.45104895104895104,0.7587412587412588,0.9020979020979021,0.5012285850434117,4
reserve10,irradiance_first,primary,warmup,physical_availability,3,286,0.07444578200676398,0.1375638148417926,0.506993006993007,0.7727272727272727,0.8846153846153846,0.5221031903975505,4
reserve10,irradiance_first,primary,warmup,physical_availability,4,286,0.07866313416921729,0.14951370440064185,0.506993006993007,0.7482517482517482,0.8531468531468531,0.5237520965021362,4
reserve10,irradiance_first,primary,warmup,physical_recovery,1,286,0.04757469056681888,0.08034425819378932,0.4755244755244755,0.7762237762237763,0.9090909090909091,0.38002807395372334,4
reserve10,irradiance_first,primary,warmup,physical_recovery,2,286,0.06443339042510728,0.11284311454578329,0.47202797202797203,0.7552447552447552,0.9055944055944056,0.5009302618911673,4
reserve10,irradiance_first,primary,warmup,physical_recovery,3,286,0.07447611514610518,0.1375638148417926,0.5034965034965035,0.7657342657342657,0.8881118881118881,0.5207197979539078,4
reserve10,irradiance_first,primary,warmup,physical_recovery,4,286,0.07867074867255135,0.14951370440064185,0.506993006993007,0.7412587412587412,0.8426573426573427,0.5255699613033618,4
reserve10,irradiance_first,primary,warmup,previous_day,1,286,0.1196394734008365,0.18443303204295702,0.3006993006993007,0.6258741258741258,0.8076923076923077,0.5582789159733496,4
reserve10,irradiance_first,primary,warmup,previous_day,2,286,0.11851716458505036,0.18464018180829586,0.3006993006993007,0.6398601398601399,0.8181818181818182,0.5792188746342198,4
reserve10,irradiance_first,primary,warmup,previous_day,3,286,0.11770556337817688,0.18464699880171911,0.3006993006993007,0.6468531468531469,0.8356643356643356,0.6007625293888402,4
reserve10,irradiance_first,primary,warmup,previous_day,4,286,0.11732130149844201,0.1846477818379537,0.3006993006993007,0.6538461538461539,0.8356643356643356,0.6063743993631369,4
reserve10,irradiance_first,primary,warmup,raw,1,286,0.04769644735110803,0.08034425819378932,0.3916083916083916,0.7027972027972028,0.8671328671328671,0.3652165728812206,4
reserve10,irradiance_first,primary,warmup,raw,2,286,0.06482726767041794,0.11284311454578329,0.3531468531468531,0.6188811188811189,0.8426573426573427,0.48359851710999396,4
reserve10,irradiance_first,primary,warmup,raw,3,286,0.07488941069015194,0.1375638148417926,0.3916083916083916,0.5909090909090909,0.7972027972027972,0.4928950360251948,4
reserve10,irradiance_first,primary,warmup,raw,4,286,0.07934614421942635,0.14951370440064185,0.3811188811188811,0.5769230769230769,0.7762237762237763,0.4967517041369998,4
reserve10,irradiance_first,primary,warmup,recency,1,286,0.04757067493835392,0.08034425819378932,0.46503496503496505,0.7587412587412588,0.8986013986013986,0.37325502877977074,4
reserve10,irradiance_first,primary,warmup,recency,2,286,0.06446490947650237,0.11284311454578329,0.458041958041958,0.7482517482517482,0.8951048951048951,0.4968878061150337,4
reserve10,irradiance_first,primary,warmup,recency,3,286,0.0744431622457199,0.1375638148417926,0.4965034965034965,0.7692307692307693,0.8916083916083916,0.5165581750611925,4
reserve10,irradiance_first,primary,warmup,recency,4,286,0.07860258129155315,0.14951370440064185,0.4965034965034965,0.7412587412587412,0.8426573426573427,0.5194319675213169,4
reserve10,irradiance_first,primary,warmup,rolling,1,286,0.04756913359993311,0.08034425819378932,0.458041958041958,0.7482517482517482,0.8986013986013986,0.3716382603879021,4
reserve10,irradiance_first,primary,warmup,rolling,2,286,0.0644858260393949,0.11284311454578329,0.44755244755244755,0.7482517482517482,0.8881118881118881,0.4942351843274941,4
reserve10,irradiance_first,primary,warmup,rolling,3,286,0.07444257288008686,0.1375638148417926,0.5034965034965035,0.7692307692307693,0.8881118881118881,0.514545459669869,4
reserve10,irradiance_first,primary,warmup,rolling,4,286,0.07860560802772892,0.14951370440064185,0.5104895104895105,0.7342657342657343,0.8391608391608392,0.5150627322898307,4
reserve10,irradiance_first,primary,warmup,single_imputation,1,286,0.05320847380828605,0.0843193442107382,0.5384615384615384,0.7552447552447552,0.8181818181818182,0.2577227250055768,4
reserve10,irradiance_first,primary,warmup,single_imputation,2,286,0.0712167405474979,0.11533450748180654,0.4370629370629371,0.6643356643356644,0.7832167832167832,0.3125471969044713,4
reserve10,irradiance_first,primary,warmup,single_imputation,3,286,0.08363017269403066,0.13440992759792791,0.38461538461538464,0.6363636363636364,0.7412587412587412,0.3349253815807534,4
reserve10,irradiance_first,primary,warmup,single_imputation,4,286,0.09070099504275629,0.14602380774610743,0.36013986013986016,0.5979020979020979,0.7132867132867133,0.35176171803228884,4
reserve10,pv_first,primary,evaluation,aci_bounded,1,3959,0.041452811459683825,0.06975240926864786,0.5003788835564537,0.8014650164182875,0.8999747410962364,0.3190526854676942,47
reserve10,pv_first,primary,evaluation,aci_bounded,2,3959,0.05367041197765947,0.09366857179188534,0.5003788835564537,0.7994443041172014,0.8999747410962364,0.4084926376564102,47
reserve10,pv_first,primary,evaluation,aci_bounded,3,3959,0.05908052482740649,0.10536386983969048,0.49659004799191714,0.798686537004294,0.9009850972467794,0.43555035390016217,47
reserve10,pv_first,primary,evaluation,aci_bounded,4,3959,0.0618915096043945,0.11182831424631126,0.4948219247284668,0.801970194493559,0.9037635766607729,0.4459101958154759,47
reserve10,pv_first,primary,evaluation,carry_forward,1,3959,0.04458500729975181,0.0738190588189593,0.4099520080828492,0.6963879767618085,0.8393533720636525,0.33051782608711583,47
reserve10,pv_first,primary,evaluation,carry_forward,2,3959,0.055348603814920745,0.09604681433963033,0.3947966658247032,0.6799696893154837,0.8360697145743875,0.3898863152481456,47
reserve10,pv_first,primary,evaluation,carry_forward,3,3959,0.06089076988703297,0.10853606111600894,0.3849456933569083,0.6792119222025764,0.8158625915635261,0.4031274121529902,47
reserve10,pv_first,primary,evaluation,carry_forward,4,3959,0.06323900459846583,0.1134110298283924,0.3788835564536499,0.6787067441273049,0.8176307148269765,0.4074117555024761,47
reserve10,pv_first,primary,evaluation,geometric_persistence,1,3959,0.06192069488476467,0.09495782054874004,0.5188178833038646,0.8272290982571356,0.9148774943167467,0.46941210380148074,47
reserve10,pv_first,primary,evaluation,geometric_persistence,2,3959,0.08438036411943727,0.14229876278244366,0.5258903763576661,0.8262187421065925,0.9128567820156606,0.5873531302744531,47
reserve10,pv_first,primary,evaluation,geometric_persistence,3,3959,0.10220989851048987,0.18328170509438302,0.5210911846425865,0.8249557969184137,0.9128567820156606,0.6966895088315314,47
reserve10,pv_first,primary,evaluation,geometric_persistence,4,3959,0.11566741668705734,0.21705954139700395,0.5276584996211164,0.8239454407678707,0.9158878504672897,0.7643236493879274,47
reserve10,pv_first,primary,evaluation,mask50,1,3959,0.04143799828667454,0.06975240926864786,0.5082091437231624,0.8085375094720889,0.9078050012629452,0.32350549579728943,47
reserve10,pv_first,primary,evaluation,mask50,2,3959,0.053638315143275196,0.09366857179188534,0.5162919929275069,0.8055064410204598,0.9072998231876737,0.41130243151230345,47
reserve10,pv_first,primary,evaluation,mask50,3,3959,0.05904063637308109,0.10536386983969048,0.5104824450618843,0.8075271533215459,0.908057590300581,0.43796628694742906,47
reserve10,pv_first,primary,evaluation,mask50,4,3959,0.061859958365926684,0.11182831424631126,0.5016418287446325,0.8037383177570093,0.9040161656984087,0.4456881083274918,47
reserve10,pv_first,primary,evaluation,mi_recency,1,3959,0.047071242396705903,0.07274528793674764,0.5127557464006062,0.810558221773175,0.9012376862844153,0.322543591755778,47
reserve10,pv_first,primary,evaluation,mi_recency,2,3959,0.06010572033668245,0.09638317546646093,0.5127557464006062,0.7971710027784794,0.9017428643596868,0.4046938977543852,47
reserve10,pv_first,primary,evaluation,mi_recency,3,3959,0.06614430645685125,0.10635654968271636,0.51073503409952,0.802980550644102,0.9012376862844153,0.44466712229504346,47
reserve10,pv_first,primary,evaluation,mi_recency,4,3959,0.06982487354993112,0.11287255621222947,0.5056832533468048,0.8014650164182875,0.9004799191715079,0.47228947778837116,47
reserve10,pv_first,primary,evaluation,multiple_imputation,1,3959,0.04742236869679272,0.07274528793674764,0.6223793887345289,0.8113159888860824,0.8678959333164941,0.2745484846607702,47
reserve10,pv_first,primary,evaluation,multiple_imputation,2,3959,0.061122720153455025,0.09638317546646093,0.5491285678201566,0.7638292498105582,0.8393533720636525,0.32043730642413754,47
reserve10,pv_first,primary,evaluation,multiple_imputation,3,3959,0.06778739499344878,0.10635654968271636,0.5286688557716596,0.7393281131598889,0.8204091942409699,0.3369855030031951,47
reserve10,pv_first,primary,evaluation,multiple_imputation,4,3959,0.07207097978841207,0.11287255621222947,0.5147764587016923,0.7249305380146501,0.8095478656226319,0.3481692379229601,47
reserve10,pv_first,primary,evaluation,persistence,1,3959,0.07953475838410566,0.14035401978347256,0.5370042940136398,0.8269765092194998,0.918918918918919,0.5415279412173061,47
reserve10,pv_first,primary,evaluation,persistence,2,3959,0.11106340908361848,0.21803043336851535,0.5435716089921697,0.8201566052033342,0.9133619600909321,0.6953151739021021,47
reserve10,pv_first,primary,evaluation,persistence,3,3959,0.1320196037550322,0.2729155128305082,0.5258903763576661,0.8158625915635261,0.9143723162414751,0.8038748093249896,47
reserve10,pv_first,primary,evaluation,persistence,4,3959,0.14540571031457522,0.30322217090614056,0.5271533215458449,0.817125536751705,0.9171507956554685,0.868261272336877,47
reserve10,pv_first,primary,evaluation,physical,1,3959,0.04134152481914518,0.06975240926864786,0.5054306643091689,0.8098004546602677,0.9108360697145744,0.3252717634653648,47
reserve10,pv_first,primary,evaluation,physical,2,3959,0.05347704925083531,0.09366857179188534,0.5137661025511493,0.8151048244506188,0.9093205354887598,0.4140924191423212,47
reserve10,pv_first,primary,evaluation,physical,3,3959,0.05888159878300216,0.10536386983969048,0.5084617327607982,0.8151048244506188,0.9098257135640313,0.4406300903505858,47
reserve10,pv_first,primary,evaluation,physical,4,3959,0.061684553854746554,0.11182831424631126,0.5087143217984339,0.8135892902248042,0.9088153574134883,0.44861238245810836,47
reserve10,pv_first,primary,evaluation,physical_availability,1,3959,0.04132721614829182,0.06975240926864786,0.5079565546855267,0.8108108108108109,0.9131093710532963,0.326614222667581,47
reserve10,pv_first,primary,evaluation,physical_availability,2,3959,0.0534676136221979,0.09366857179188534,0.5137661025511493,0.8135892902248042,0.9105834806769386,0.41550393765033083,47
reserve10,pv_first,primary,evaluation,physical_availability,3,3959,0.05888148565618563,0.10536386983969048,0.5094720889113412,0.8140944683000758,0.9115938368274817,0.4419723567876027,47
reserve10,pv_first,primary,evaluation,physical_availability,4,3959,0.061676463457598044,0.11182831424631126,0.5059358423844406,0.8153574134882546,0.9095731245263956,0.4498877394967292,47
reserve10,pv_first,primary,evaluation,physical_recovery,1,3959,0.04133034576268302,0.06975240926864786,0.5066936094973478,0.8118211669613539,0.9126041929780248,0.32669978254092874,47
reserve10,pv_first,primary,evaluation,physical_recovery,2,3959,0.05348304971912838,0.09366857179188534,0.5145238696640566,0.8140944683000758,0.9128567820156606,0.4151657255240178,47
reserve10,pv_first,primary,evaluation,physical_recovery,3,3959,0.05891016295134172,0.10536386983969048,0.5109876231371558,0.8158625915635261,0.9113412477898459,0.4409426200838744,47
reserve10,pv_first,primary,evaluation,physical_recovery,4,3959,0.06171200585168445,0.11182831424631126,0.5056832533468048,0.8118211669613539,0.9040161656984087,0.44870944947500935,47
reserve10,pv_first,primary,evaluation,previous_day,1,3959,0.10127355540668043,0.15735884005216413,0.48370800707249306,0.776963879767618,0.8774943167466532,0.6559042493484368,47
reserve10,pv_first,primary,evaluation,previous_day,2,3959,0.10154946700133935,0.15860828746981712,0.4922960343521091,0.7840363728214196,0.8825460974993685,0.6730262416231776,47
reserve10,pv_first,primary,evaluation,previous_day,3,3959,0.10177011198167805,0.15948922590443412,0.49431674665319525,0.7921192220257641,0.8936600151553422,0.6921156117731673,47
reserve10,pv_first,primary,evaluation,previous_day,4,3959,0.1024416438200462,0.16052582657048736,0.4933063905026522,0.7959080575903006,0.8946703713058853,0.7025606517264009,47
reserve10,pv_first,primary,evaluation,raw,1,3959,0.04163103416250016,0.06975240926864786,0.4213185147764587,0.7087648396059611,0.8580449608486992,0.30906795106916957,47
reserve10,pv_first,primary,evaluation,raw,2,3959,0.054113909900863545,0.09366857179188534,0.3978277342763324,0.6893154837080071,0.8282394544076787,0.38787607388622536,47
reserve10,pv_first,primary,evaluation,raw,3,3959,0.05967054791076132,0.10536386983969048,0.3819146249052791,0.6792119222025764,0.8259661530689568,0.4069621579197699,47
reserve10,pv_first,primary,evaluation,raw,4,3959,0.062486963195531764,0.11182831424631126,0.384187926244001,0.673149785299318,0.8226824955796919,0.41171331835445657,47
reserve10,pv_first,primary,evaluation,recency,1,3959,0.04144548465148184,0.06975240926864786,0.5029047739328113,0.8017176054559232,0.9032583985855014,0.32125896167241363,47
reserve10,pv_first,primary,evaluation,recency,2,3959,0.053653616313670674,0.09366857179188534,0.5114928012124274,0.8027279616064663,0.9017428643596868,0.40889203600590635,47
reserve10,pv_first,primary,evaluation,recency,3,3959,0.05905502950467626,0.10536386983969048,0.5046728971962616,0.8034857287193736,0.9022480424349584,0.4352802666362135,47
reserve10,pv_first,primary,evaluation,recency,4,3959,0.0618838735340372,0.11182831424631126,0.5008840616317252,0.8002020712301086,0.8994695630209649,0.44341389573992473,47
reserve10,pv_first,primary,evaluation,rolling,1,3959,0.04145156179013064,0.06975240926864786,0.5064410204597121,0.8017176054559232,0.9050265218489517,0.3205642626829843,47
reserve10,pv_first,primary,evaluation,rolling,2,3959,0.05366405849238452,0.09366857179188534,0.509724677948977,0.8014650164182875,0.9007325082091437,0.40868749166220364,47
reserve10,pv_first,primary,evaluation,rolling,3,3959,0.05906425649880556,0.10536386983969048,0.5074513766102551,0.8009598383430159,0.9032583985855014,0.4352702590871952,47
reserve10,pv_first,primary,evaluation,rolling,4,3959,0.0618757481727837,0.11182831424631126,0.5016418287446325,0.8012124273806517,0.9014902753220511,0.44323082064233915,47
reserve10,pv_first,primary,evaluation,single_imputation,1,3959,0.04830432008840705,0.0725243310406662,0.6127810053043697,0.7966658247032079,0.8537509472088911,0.2591354340262767,47
reserve10,pv_first,primary,evaluation,single_imputation,2,3959,0.06180921898456739,0.09640499926918247,0.5458449103308917,0.754230866380399,0.8284920434453145,0.31267467787925524,47
reserve10,pv_first,primary,evaluation,single_imputation,3,3959,0.06821896487286948,0.10640933558717988,0.5246274311694873,0.7373074008588028,0.8143470573377115,0.33243905321263006,47
reserve10,pv_first,primary,evaluation,single_imputation,4,3959,0.07249088240025763,0.11297047505599568,0.5132609244758778,0.7231624147511998,0.8039909067946451,0.34519581188465576,47
reserve10,pv_first,primary,warmup,aci_bounded,1,286,0.04728155077216538,0.08018708180231522,0.46853146853146854,0.7587412587412588,0.8986013986013986,0.3705551963429809,4
reserve10,pv_first,primary,warmup,aci_bounded,2,286,0.06431167998896285,0.11241648612734713,0.46153846153846156,0.7552447552447552,0.8916083916083916,0.4954911956933979,4
reserve10,pv_first,primary,warmup,aci_bounded,3,286,0.07449016612034114,0.13755287003295386,0.506993006993007,0.7762237762237763,0.8916083916083916,0.5170886428101865,4
reserve10,pv_first,primary,warmup,aci_bounded,4,286,0.07865914192699766,0.14961450107435992,0.513986013986014,0.7447552447552448,0.8496503496503497,0.5183186177828278,4
reserve10,pv_first,primary,warmup,carry_forward,1,286,0.054722026980416914,0.09184962755316918,0.3741258741258741,0.6818181818181818,0.8531468531468531,0.40527729257069567,4
reserve10,pv_first,primary,warmup,carry_forward,2,286,0.0697940330788338,0.12340841128198368,0.3356643356643357,0.6398601398601399,0.8181818181818182,0.48334241828471725,4
reserve10,pv_first,primary,warmup,carry_forward,3,286,0.07735319652112782,0.14089265916918536,0.3531468531468531,0.6258741258741258,0.7832167832167832,0.4958727158164824,4
reserve10,pv_first,primary,warmup,carry_forward,4,286,0.08125765868748172,0.14904818283804608,0.34265734265734266,0.6153846153846154,0.7622377622377622,0.4970633866508183,4
reserve10,pv_first,primary,warmup,geometric_persistence,1,286,0.07589330697004469,0.11128068920371267,0.43006993006993005,0.7622377622377622,0.8356643356643356,0.3651227121613963,4
reserve10,pv_first,primary,warmup,geometric_persistence,2,286,0.09442737576881648,0.156437562841858,0.45104895104895104,0.7552447552447552,0.8496503496503497,0.5087715368624613,4
reserve10,pv_first,primary,warmup,geometric_persistence,3,286,0.10756906116649229,0.19608008595772258,0.4230769230769231,0.7657342657342657,0.8811188811188811,0.6281801972175312,4
reserve10,pv_first,primary,warmup,geometric_persistence,4,286,0.12000023514337405,0.231966429650408,0.43356643356643354,0.7727272727272727,0.8811188811188811,0.6741183520664731,4
reserve10,pv_first,primary,warmup,mask50,1,286,0.04730011388433601,0.08018708180231522,0.46853146853146854,0.7552447552447552,0.9020979020979021,0.3728456851480743,4
reserve10,pv_first,primary,warmup,mask50,2,286,0.06428395075350492,0.11241648612734713,0.46153846153846156,0.7552447552447552,0.9020979020979021,0.4985462356250112,4
reserve10,pv_first,primary,warmup,mask50,3,286,0.07448462932181152,0.13755287003295386,0.4965034965034965,0.7622377622377622,0.8916083916083916,0.5189004357665727,4
reserve10,pv_first,primary,warmup,mask50,4,286,0.07870039691421987,0.14961450107435992,0.5,0.7412587412587412,0.8426573426573427,0.5205123700388653,4
reserve10,pv_first,primary,warmup,mi_recency,1,286,0.050194404908477715,0.08396827911528057,0.5524475524475524,0.8146853146853147,0.9055944055944056,0.3366621924115581,4
reserve10,pv_first,primary,warmup,mi_recency,2,286,0.06662043718842382,0.11494287783352532,0.486013986013986,0.7972027972027972,0.8846153846153846,0.43106990109006693,4
reserve10,pv_first,primary,warmup,mi_recency,3,286,0.07789938140507048,0.13451224827753297,0.4825174825174825,0.7692307692307693,0.8706293706293706,0.5068630693788997,4
reserve10,pv_first,primary,warmup,mi_recency,4,286,0.08346400957514108,0.14535492832418956,0.5034965034965035,0.7482517482517482,0.8706293706293706,0.5242144509968509,4
reserve10,pv_first,primary,warmup,multiple_imputation,1,286,0.050503297589514724,0.08396827911528057,0.5594405594405595,0.7867132867132867,0.8566433566433567,0.2823174904167657,4
reserve10,pv_first,primary,warmup,multiple_imputation,2,286,0.06914838954920294,0.11494287783352532,0.43356643356643354,0.6818181818181818,0.8006993006993007,0.32530621388388664,4
reserve10,pv_first,primary,warmup,multiple_imputation,3,286,0.08255754745821571,0.13451224827753297,0.38461538461538464,0.6398601398601399,0.7482517482517482,0.341782151636137,4
reserve10,pv_first,primary,warmup,multiple_imputation,4,286,0.0895882206429724,0.14535492832418956,0.36363636363636365,0.6013986013986014,0.7167832167832168,0.35530397118097945,4
reserve10,pv_first,primary,warmup,persistence,1,286,0.09184058063982892,0.15454467512175324,0.527972027972028,0.7657342657342657,0.8671328671328671,0.45441053721538877,4
reserve10,pv_first,primary,warmup,persistence,2,286,0.11841342187273664,0.2274685089582293,0.5034965034965035,0.7902097902097902,0.8496503496503497,0.6392724225305942,4
reserve10,pv_first,primary,warmup,persistence,3,286,0.13600201423459352,0.2789089458489427,0.479020979020979,0.7692307692307693,0.8671328671328671,0.7418457239070824,4
reserve10,pv_first,primary,warmup,persistence,4,286,0.1421771819445268,0.3069224550090534,0.479020979020979,0.7972027972027972,0.8811188811188811,0.782073386765318,4
reserve10,pv_first,primary,warmup,physical,1,286,0.047285479613114405,0.08018708180231522,0.47202797202797203,0.7762237762237763,0.9020979020979021,0.3757082137539436,4
reserve10,pv_first,primary,warmup,physical,2,286,0.06425110194944528,0.11241648612734713,0.46853146853146854,0.7552447552447552,0.9090909090909091,0.5004627040581712,4
reserve10,pv_first,primary,warmup,physical,3,286,0.07440213020275674,0.13755287003295386,0.5174825174825175,0.7797202797202797,0.8951048951048951,0.5208743851143427,4
reserve10,pv_first,primary,warmup,physical,4,286,0.07865089903493679,0.14961450107435992,0.5104895104895105,0.7587412587412588,0.8566433566433567,0.5231484467776154,4
reserve10,pv_first,primary,warmup,physical_availability,1,286,0.04729863357662377,0.08018708180231522,0.47202797202797203,0.7727272727272727,0.9055944055944056,0.3768521839782615,4
reserve10,pv_first,primary,warmup,physical_availability,2,286,0.06428580810133071,0.11241648612734713,0.458041958041958,0.7622377622377622,0.9055944055944056,0.5011782487839018,4
reserve10,pv_first,primary,warmup,physical_availability,3,286,0.0744408654558853,0.13755287003295386,0.5104895104895105,0.7727272727272727,0.8846153846153846,0.5222800052214379,4
reserve10,pv_first,primary,warmup,physical_availability,4,286,0.07873365034319234,0.14961450107435992,0.5104895104895105,0.7482517482517482,0.8531468531468531,0.5240854526446515,4
reserve10,pv_first,primary,warmup,physical_recovery,1,286,0.04730722940256108,0.08018708180231522,0.479020979020979,0.7762237762237763,0.9125874125874126,0.378794297839467,4
reserve10,pv_first,primary,warmup,physical_recovery,2,286,0.06425603378632806,0.11241648612734713,0.479020979020979,0.7587412587412588,0.9090909090909091,0.5008792533692753,4
reserve10,pv_first,primary,warmup,physical_recovery,3,286,0.07446838571043049,0.13755287003295386,0.506993006993007,0.7657342657342657,0.8881118881118881,0.5208966127777951,4
reserve10,pv_first,primary,warmup,physical_recovery,4,286,0.0787375546551322,0.14961450107435992,0.5104895104895105,0.7412587412587412,0.8426573426573427,0.525903317445877,4
reserve10,pv_first,primary,warmup,previous_day,1,286,0.1196394734008365,0.18443303204295702,0.3006993006993007,0.6258741258741258,0.8076923076923077,0.5582789159733496,4
reserve10,pv_first,primary,warmup,previous_day,2,286,0.11851716458505036,0.18464018180829586,0.3006993006993007,0.6398601398601399,0.8181818181818182,0.5792188746342198,4
reserve10,pv_first,primary,warmup,previous_day,3,286,0.11770556337817688,0.18464699880171911,0.3006993006993007,0.6468531468531469,0.8356643356643356,0.6007625293888402,4
reserve10,pv_first,primary,warmup,previous_day,4,286,0.11732130149844201,0.1846477818379537,0.3006993006993007,0.6538461538461539,0.8356643356643356,0.6063743993631369,4
reserve10,pv_first,primary,warmup,raw,1,286,0.04741108398900866,0.08018708180231522,0.3951048951048951,0.7027972027972028,0.8706293706293706,0.364289998623151,4
reserve10,pv_first,primary,warmup,raw,2,286,0.06463001525948973,0.11241648612734713,0.3531468531468531,0.6188811188811189,0.8426573426573427,0.483526116096625,4
reserve10,pv_first,primary,warmup,raw,3,286,0.07486050385082231,0.13755287003295386,0.3951048951048951,0.5944055944055944,0.7972027972027972,0.49303179145075676,4
reserve10,pv_first,primary,warmup,raw,4,286,0.07940824912053282,0.14961450107435992,0.3811188811188811,0.5804195804195804,0.7762237762237763,0.49705721936183384,4
reserve10,pv_first,primary,warmup,recency,1,286,0.047282913968997746,0.08018708180231522,0.46853146853146854,0.7622377622377622,0.9020979020979021,0.37175264378116535,4
reserve10,pv_first,primary,warmup,recency,2,286,0.06426854919330138,0.11241648612734713,0.458041958041958,0.7517482517482518,0.8986013986013986,0.49633075786096986,4
reserve10,pv_first,primary,warmup,recency,3,286,0.07444367623841822,0.13755287003295386,0.5,0.7692307692307693,0.8916083916083916,0.5167355296841816,4
reserve10,pv_first,primary,warmup,recency,4,286,0.07867650595518036,0.14961450107435992,0.4965034965034965,0.7412587412587412,0.8426573426573427,0.5197481208696357,4
reserve10,pv_first,primary,warmup,rolling,1,286,0.04728362902116983,0.08018708180231522,0.46153846153846156,0.7482517482517482,0.8986013986013986,0.37060787627491987,4
reserve10,pv_first,primary,warmup,rolling,2,286,0.06429216505610189,0.11241648612734713,0.45104895104895104,0.7517482517482518,0.8916083916083916,0.4939755690489638,4
reserve10,pv_first,primary,warmup,rolling,3,286,0.07443367467892378,0.13755287003295386,0.5034965034965035,0.7692307692307693,0.8881118881118881,0.5146937035392206,4
reserve10,pv_first,primary,warmup,rolling,4,286,0.07868007584923371,0.14961450107435992,0.5104895104895105,0.7342657342657343,0.8391608391608392,0.5153850585066575,4
reserve10,pv_first,primary,warmup,single_imputation,1,286,0.05275313138345874,0.0836480930454327,0.541958041958042,0.7587412587412588,0.8216783216783217,0.257663398787778,4
reserve10,pv_first,primary,warmup,single_imputation,2,286,0.0708508858757341,0.1147886484160756,0.4370629370629371,0.6678321678321678,0.7867132867132867,0.3126591008990566,4
reserve10,pv_first,primary,warmup,single_imputation,3,286,0.08361064049022107,0.13426928430553392,0.38461538461538464,0.6363636363636364,0.7412587412587412,0.33499002522782556,4
reserve10,pv_first,primary,warmup,single_imputation,4,286,0.09070808544026143,0.14608756398470532,0.36013986013986016,0.5979020979020979,0.7132867132867133,0.35174406371221145,4
reserve10,right_aligned,sensitivity,evaluation,physical,1,3959,0.04121398166315177,0.06964513678879397,0.5071987875726194,0.8110633998484466,0.9110886587522101,0.3273720068355867,47
reserve10,right_aligned,sensitivity,evaluation,physical,2,3959,0.05307736072850473,0.09297098402439424,0.5117453902500632,0.8120737559989897,0.9138671381662036,0.41259931888416257,47
reserve10,right_aligned,sensitivity,evaluation,physical,3,3959,0.05861226120598194,0.10593948991276822,0.5044203081586259,0.8163677696387976,0.9072998231876737,0.43626565284543184,47
reserve10,right_aligned,sensitivity,evaluation,physical,4,3959,0.06164640233751158,0.11121643111192728,0.5099772669866128,0.8090426875473604,0.9118464258651174,0.4502764998648096,47
reserve10,right_aligned,sensitivity,evaluation,physical_availability,1,3959,0.04120888202017518,0.06964513678879397,0.5109876231371558,0.8125789340742612,0.9123516039403889,0.32805048668563025,47
reserve10,right_aligned,sensitivity,evaluation,physical_availability,2,3959,0.05308010966070712,0.09297098402439424,0.5145238696640566,0.8135892902248042,0.9110886587522101,0.41341865737435823,47
reserve10,right_aligned,sensitivity,evaluation,physical_availability,3,3959,0.05861638657096922,0.10593948991276822,0.5046728971962616,0.8145996463753473,0.9100783026016671,0.4370595866637084,47
reserve10,right_aligned,sensitivity,evaluation,physical_availability,4,3959,0.06164974981044858,0.11121643111192728,0.5114928012124274,0.8095478656226319,0.9123516039403889,0.4506530023661535,47
reserve10,right_aligned,sensitivity,evaluation,physical_recovery,1,3959,0.04120620143518254,0.06964513678879397,0.5127557464006062,0.8166203586764335,0.9136145491285678,0.32863215672042095,47
reserve10,right_aligned,sensitivity,evaluation,physical_recovery,2,3959,0.05307628186353697,0.09297098402439424,0.5152816367769639,0.8140944683000758,0.9136145491285678,0.4142085961529773,47
reserve10,right_aligned,sensitivity,evaluation,physical_recovery,3,3959,0.05863066263824823,0.10593948991276822,0.5054306643091689,0.8163677696387976,0.9070472341500379,0.4375177872353883,47
reserve10,right_aligned,sensitivity,evaluation,physical_recovery,4,3959,0.061668068855410964,0.11121643111192728,0.5087143217984339,0.8113159888860824,0.9115938368274817,0.450998535294252,47
reserve10,right_aligned,sensitivity,evaluation,raw,1,3959,0.041498188812283794,0.06964513678879397,0.41197272038393534,0.7080070724930538,0.8565294266228846,0.31136131121166694,47
reserve10,right_aligned,sensitivity,evaluation,raw,2,3959,0.05367435084770424,0.09297098402439424,0.3910078302601667,0.6888103056327355,0.8343015913109371,0.3884471767123247,47
reserve10,right_aligned,sensitivity,evaluation,raw,3,3959,0.059384574588752376,0.10593948991276822,0.38444051528163675,0.6751704976004042,0.8244506188431422,0.403285345879846,47
reserve10,right_aligned,sensitivity,evaluation,raw,4,3959,0.06244006329068216,0.11121643111192728,0.38873452892144483,0.6771912099014903,0.8181358929022481,0.4126708329350154,47
reserve10,right_aligned,sensitivity,evaluation,recency,1,3959,0.04130354383853538,0.06964513678879397,0.5029047739328113,0.8027279616064663,0.9030058095478656,0.3240419856702973,47
reserve10,right_aligned,sensitivity,evaluation,recency,2,3959,0.05323078226956219,0.09297098402439424,0.51073503409952,0.801970194493559,0.904773932811316,0.4086409017716085,47
reserve10,right_aligned,sensitivity,evaluation,recency,3,3959,0.058775542504228895,0.10593948991276822,0.5041677191209901,0.8014650164182875,0.8997221520586006,0.43242157960674493,47
reserve10,right_aligned,sensitivity,evaluation,recency,4,3959,0.061839250810969366,0.11121643111192728,0.5049254862338974,0.7999494821924729,0.9002273301338722,0.445720919429834,47
reserve10,right_aligned,sensitivity,warmup,physical,1,287,0.047437723781474775,0.07881954229332602,0.5017421602787456,0.7909407665505227,0.9198606271777003,0.38342073076955735,4
reserve10,right_aligned,sensitivity,warmup,physical,2,287,0.06467916735906039,0.11507034069353457,0.45993031358885017,0.7804878048780488,0.9094076655052264,0.49965061286166146,4
reserve10,right_aligned,sensitivity,warmup,physical,3,287,0.0739398810179308,0.13820536858290564,0.4808362369337979,0.7665505226480837,0.9059233449477352,0.5167198798812452,4
reserve10,right_aligned,sensitivity,warmup,physical,4,287,0.07924823159672006,0.14696288489031487,0.49825783972125437,0.7456445993031359,0.8780487804878049,0.525207832792009,4
reserve10,right_aligned,sensitivity,warmup,physical_availability,1,287,0.04744395751264725,0.07881954229332602,0.5017421602787456,0.7909407665505227,0.9163763066202091,0.38455459725012614,4
reserve10,right_aligned,sensitivity,warmup,physical_availability,2,287,0.06471789189002766,0.11507034069353457,0.45993031358885017,0.7839721254355401,0.9059233449477352,0.499895206454962,4
reserve10,right_aligned,sensitivity,warmup,physical_availability,3,287,0.0740094257918222,0.13820536858290564,0.4808362369337979,0.7700348432055749,0.9059233449477352,0.5179671882622662,4
reserve10,right_aligned,sensitivity,warmup,physical_availability,4,287,0.0792953346360034,0.14696288489031487,0.49477351916376305,0.7491289198606271,0.8815331010452961,0.5261027207281735,4
reserve10,right_aligned,sensitivity,warmup,physical_recovery,1,287,0.04744203529173632,0.07881954229332602,0.5052264808362369,0.794425087108014,0.9163763066202091,0.38554019541672535,4
reserve10,right_aligned,sensitivity,warmup,physical_recovery,2,287,0.06465976303364085,0.11507034069353457,0.47735191637630664,0.7839721254355401,0.9094076655052264,0.4997749647663088,4
reserve10,right_aligned,sensitivity,warmup,physical_recovery,3,287,0.07396146198955873,0.13820536858290564,0.4738675958188153,0.7560975609756098,0.9024390243902439,0.5162006658900938,4
reserve10,right_aligned,sensitivity,warmup,physical_recovery,4,287,0.07924904060621442,0.14696288489031487,0.4912891986062718,0.735191637630662,0.8780487804878049,0.5255091160484722,4
reserve10,right_aligned,sensitivity,warmup,raw,1,287,0.04749875869785992,0.07881954229332602,0.4425087108013937,0.7142857142857143,0.8815331010452961,0.3705144143133249,4
reserve10,right_aligned,sensitivity,warmup,raw,2,287,0.06520944437365737,0.11507034069353457,0.34843205574912894,0.6480836236933798,0.8466898954703833,0.484753017991381,4
reserve10,right_aligned,sensitivity,warmup,raw,3,287,0.07432143253746637,0.13820536858290564,0.3554006968641115,0.6132404181184669,0.8153310104529616,0.49181141483471263,4
reserve10,right_aligned,sensitivity,warmup,raw,4,287,0.07942184730458764,0.14696288489031487,0.3867595818815331,0.6062717770034843,0.7909407665505227,0.5005088919866324,4
reserve10,right_aligned,sensitivity,warmup,recency,1,287,0.04745604219762809,0.07881954229332602,0.4878048780487805,0.7735191637630662,0.9094076655052264,0.3791234808806966,4
reserve10,right_aligned,sensitivity,warmup,recency,2,287,0.06474722936464825,0.11507034069353457,0.44947735191637633,0.7665505226480837,0.8989547038327527,0.49705435654852026,4
reserve10,right_aligned,sensitivity,warmup,recency,3,287,0.0738983856256617,0.13820536858290564,0.4878048780487805,0.759581881533101,0.8954703832752613,0.5115627845229377,4
reserve10,right_aligned,sensitivity,warmup,recency,4,287,0.07904276849757448,0.14696288489031487,0.4878048780487805,0.7456445993031359,0.867595818815331,0.5207792104654965,4
reserve10,receipt_5min,sensitivity,evaluation,physical,1,3959,0.04114698979655456,0.06962305040266799,0.5056832533468048,0.810558221773175,0.9105834806769386,0.32320600137164657,47
reserve10,receipt_5min,sensitivity,evaluation,physical,2,3959,0.053309618660956674,0.09327943333960083,0.5127557464006062,0.8143470573377115,0.9098257135640313,0.41276523212815847,47
reserve10,receipt_5min,sensitivity,evaluation,physical,3,3959,0.05878953858584951,0.10516048695119845,0.5074513766102551,0.8133367011871685,0.9093205354887598,0.4391940661847986,47
reserve10,receipt_5min,sensitivity,evaluation,physical,4,3959,0.061571410498228105,0.11149819858861475,0.5066936094973478,0.8130841121495327,0.9083101793382167,0.4470049966268023,47
reserve10,receipt_5min,sensitivity,evaluation,physical_availability,1,3959,0.04114420438228217,0.06962305040266799,0.5039151300833544,0.8098004546602677,0.9108360697145744,0.32400073294231235,47
reserve10,receipt_5min,sensitivity,evaluation,physical_availability,2,3959,0.05331285065207232,0.09327943333960083,0.5135135135135135,0.8120737559989897,0.9098257135640313,0.4135413394583007,47
reserve10,receipt_5min,sensitivity,evaluation,physical_availability,3,3959,0.058810286356977035,0.10516048695119845,0.5074513766102551,0.8125789340742612,0.9115938368274817,0.43991898595516193,47
reserve10,receipt_5min,sensitivity,evaluation,physical_availability,4,3959,0.0615775119349881,0.11149819858861475,0.5046728971962616,0.8130841121495327,0.9083101793382167,0.4476050194487007,47
reserve10,receipt_5min,sensitivity,evaluation,physical_recovery,1,3959,0.04114064045180989,0.06962305040266799,0.5064410204597121,0.8125789340742612,0.9113412477898459,0.3249159403393171,47
reserve10,receipt_5min,sensitivity,evaluation,physical_recovery,2,3959,0.053313076339290104,0.09327943333960083,0.5145238696640566,0.8133367011871685,0.9148774943167467,0.4146380413543827,47
reserve10,receipt_5min,sensitivity,evaluation,physical_recovery,3,3959,0.058817497945918645,0.10516048695119845,0.5084617327607982,0.8148522354129831,0.9120990149027532,0.44026467285113285,47
reserve10,receipt_5min,sensitivity,evaluation,physical_recovery,4,3959,0.06160239740125522,0.11149819858861475,0.5039151300833544,0.8130841121495327,0.9072998231876737,0.4478063273342717,47
reserve10,receipt_5min,sensitivity,evaluation,raw,1,3959,0.041440929427567476,0.06962305040266799,0.42081333670118715,0.7069967163425107,0.8577923718110634,0.3069407420453253,47
reserve10,receipt_5min,sensitivity,evaluation,raw,2,3959,0.05394756647301805,0.09327943333960083,0.3955544329376105,0.6888103056327355,0.8277342763324071,0.3867454970433297,47
reserve10,receipt_5min,sensitivity,evaluation,raw,3,3959,0.05958231738133421,0.10516048695119845,0.3781257893407426,0.6776963879767618,0.824703207880778,0.4055479923905333,47
reserve10,receipt_5min,sensitivity,evaluation,raw,4,3959,0.062377785599796384,0.11149819858861475,0.379893912604193,0.6711290729982319,0.821419550391513,0.4101015959679381,47
reserve10,receipt_5min,sensitivity,evaluation,recency,1,3959,0.04125182408232705,0.06962305040266799,0.5034099520080828,0.801970194493559,0.9025006314725941,0.31932377457436106,47
reserve10,receipt_5min,sensitivity,evaluation,recency,2,3959,0.05347497542900157,0.09327943333960083,0.5099772669866128,0.8037383177570093,0.9025006314725941,0.4079726400636586,47
reserve10,receipt_5min,sensitivity,evaluation,recency,3,3959,0.0589563441218517,0.10516048695119845,0.5061884314220763,0.8037383177570093,0.9017428643596868,0.43431589049984365,47
reserve10,receipt_5min,sensitivity,evaluation,recency,4,3959,0.061758182472877184,0.11149819858861475,0.5001262945188178,0.8012124273806517,0.8989643849456933,0.44211983049465065,47
reserve10,receipt_5min,sensitivity,warmup,physical,1,286,0.04697737468251247,0.07958646481197736,0.46853146853146854,0.7727272727272727,0.9055944055944056,0.37444784255971564,4
reserve10,receipt_5min,sensitivity,warmup,physical,2,286,0.06422260121410915,0.11246920325421607,0.46503496503496505,0.7552447552447552,0.9090909090909091,0.5000527415709844,4
reserve10,receipt_5min,sensitivity,warmup,physical,3,286,0.07438425846958036,0.1374601169087368,0.513986013986014,0.7797202797202797,0.8951048951048951,0.5207085371874037,4
reserve10,receipt_5min,sensitivity,warmup,physical,4,286,0.07858066466932458,0.14952923776573734,0.506993006993007,0.7587412587412588,0.8566433566433567,0.5227995219323904,4
reserve10,receipt_5min,sensitivity,warmup,physical_availability,1,286,0.046985301954089,0.07958646481197736,0.46853146853146854,0.7762237762237763,0.9090909090909091,0.3757604228257401,4
reserve10,receipt_5min,sensitivity,warmup,physical_availability,2,286,0.06426495307107734,0.11246920325421607,0.45454545454545453,0.7587412587412588,0.9055944055944056,0.5005875640295259,4
reserve10,receipt_5min,sensitivity,warmup,physical_availability,3,286,0.0744150782513713,0.1374601169087368,0.506993006993007,0.7727272727272727,0.8846153846153846,0.5217941594684143,4
reserve10,receipt_5min,sensitivity,warmup,physical_availability,4,286,0.07866608855674849,0.14952923776573734,0.5034965034965035,0.7447552447552448,0.8531468531468531,0.5232923228159946,4
reserve10,receipt_5min,sensitivity,warmup,physical_recovery,1,286,0.04699945600154046,0.07958646481197736,0.46853146853146854,0.7832167832167832,0.9125874125874126,0.3774239568775435,4
reserve10,receipt_5min,sensitivity,warmup,physical_recovery,2,286,0.06425435638957105,0.11246920325421607,0.47202797202797203,0.7552447552447552,0.9055944055944056,0.5003060094928112,4
reserve10,receipt_5min,sensitivity,warmup,physical_recovery,3,286,0.07441097763375168,0.1374601169087368,0.493006993006993,0.7622377622377622,0.8846153846153846,0.52022488416923,4
reserve10,receipt_5min,sensitivity,warmup,physical_recovery,4,286,0.07863264254858254,0.14952923776573734,0.5034965034965035,0.7412587412587412,0.8426573426573427,0.5251620437460733,4
reserve10,receipt_5min,sensitivity,warmup,raw,1,286,0.04710310222830578,0.07958646481197736,0.3916083916083916,0.7062937062937062,0.8741258741258742,0.3636321624825109,4
reserve10,receipt_5min,sensitivity,warmup,raw,2,286,0.06458861811255986,0.11246920325421607,0.35664335664335667,0.6188811188811189,0.8461538461538461,0.48318700276758375,4
reserve10,receipt_5min,sensitivity,warmup,raw,3,286,0.07484882775087574,0.1374601169087368,0.3951048951048951,0.5909090909090909,0.7972027972027972,0.4928533519549359,4
reserve10,receipt_5min,sensitivity,warmup,raw,4,286,0.07934791998827392,0.14952923776573734,0.3811188811188811,0.5769230769230769,0.7727272727272727,0.49675233549096365,4
reserve10,receipt_5min,sensitivity,warmup,recency,1,286,0.04698547920969125,0.07958646481197736,0.46503496503496505,0.7587412587412588,0.9020979020979021,0.37067694893139147,4
reserve10,receipt_5min,sensitivity,warmup,recency,2,286,0.06424670493601828,0.11246920325421607,0.458041958041958,0.7517482517482518,0.8986013986013986,0.49598874835684964,4
reserve10,receipt_5min,sensitivity,warmup,recency,3,286,0.07441437291090065,0.1374601169087368,0.4965034965034965,0.7692307692307693,0.8916083916083916,0.5165846829749582,4
reserve10,receipt_5min,sensitivity,warmup,recency,4,286,0.07860107241046174,0.14952923776573734,0.5,0.7412587412587412,0.8426573426573427,0.5194279364405158,4
reserve10,privileged_labels,diagnostic,evaluation,physical,1,3959,0.041135972017454815,0.06962305040266799,0.5049254862338974,0.8103056327355392,0.9103308916393028,0.32310813316464637,47
reserve10,privileged_labels,diagnostic,evaluation,physical,2,3959,0.05330069700868266,0.09327943333960083,0.5125031573629705,0.8148522354129831,0.9100783026016671,0.41269280905960265,47
reserve10,privileged_labels,diagnostic,evaluation,physical,3,3959,0.0587787015467965,0.10516048695119845,0.5071987875726194,0.8133367011871685,0.9093205354887598,0.4391573355801092,47
reserve10,privileged_labels,diagnostic,evaluation,physical,4,3959,0.061567907170846876,0.11149819858861475,0.5061884314220763,0.8135892902248042,0.9083101793382167,0.4470032390690445,47
reserve10,privileged_labels,diagnostic,evaluation,physical_availability,1,3959,0.041124188123386765,0.06962305040266799,0.5046728971962616,0.8100530436979035,0.9110886587522101,0.3239554215769409,47
reserve10,privileged_labels,diagnostic,evaluation,physical_availability,2,3959,0.05329578454107094,0.09327943333960083,0.5135135135135135,0.81384187926244,0.9098257135640313,0.41348595183367054,47
reserve10,privileged_labels,diagnostic,evaluation,physical_availability,3,3959,0.05879343729111826,0.10516048695119845,0.5074513766102551,0.8123263450366254,0.9115938368274817,0.43988070614682717,47
reserve10,privileged_labels,diagnostic,evaluation,physical_availability,4,3959,0.06157403868208193,0.11149819858861475,0.5049254862338974,0.8130841121495327,0.9083101793382167,0.4476026232421262,47
reserve10,privileged_labels,diagnostic,evaluation,physical_recovery,1,3959,0.04112060585571895,0.06962305040266799,0.5071987875726194,0.812831523111897,0.9115938368274817,0.3248700050146612,47
reserve10,privileged_labels,diagnostic,evaluation,physical_recovery,2,3959,0.05329607524266767,0.09327943333960083,0.5142712806264208,0.8151048244506188,0.9148774943167467,0.41458440101624483,47
reserve10,privileged_labels,diagnostic,evaluation,physical_recovery,3,3959,0.05880062275083682,0.10516048695119845,0.5084617327607982,0.8145996463753473,0.9120990149027532,0.44022484486230956,47
reserve10,privileged_labels,diagnostic,evaluation,physical_recovery,4,3959,0.06159866560617257,0.11149819858861475,0.5041677191209901,0.8130841121495327,0.9072998231876737,0.4478014287865268,47
reserve10,privileged_labels,diagnostic,evaluation,raw,1,3959,0.041440929427567476,0.06962305040266799,0.42081333670118715,0.7069967163425107,0.8577923718110634,0.3069407420453253,47
reserve10,privileged_labels,diagnostic,evaluation,raw,2,3959,0.05394756647301805,0.09327943333960083,0.3955544329376105,0.6888103056327355,0.8277342763324071,0.3867454970433297,47
reserve10,privileged_labels,diagnostic,evaluation,raw,3,3959,0.05958231738133421,0.10516048695119845,0.3781257893407426,0.6776963879767618,0.824703207880778,0.4055479923905333,47
reserve10,privileged_labels,diagnostic,evaluation,raw,4,3959,0.062377785599796384,0.11149819858861475,0.379893912604193,0.6711290729982319,0.821419550391513,0.4101015959679381,47
reserve10,privileged_labels,diagnostic,evaluation,recency,1,3959,0.041248861590484846,0.06962305040266799,0.5031573629704471,0.801970194493559,0.9025006314725941,0.3192655383627966,47
reserve10,privileged_labels,diagnostic,evaluation,recency,2,3959,0.05347076742679449,0.09327943333960083,0.5094720889113412,0.8044960848699166,0.9022480424349584,0.4079467332665675,47
reserve10,privileged_labels,diagnostic,evaluation,recency,3,3959,0.05895028927655207,0.10516048695119845,0.5061884314220763,0.8042434958322808,0.9017428643596868,0.43429333898259226,47
reserve10,privileged_labels,diagnostic,evaluation,recency,4,3959,0.06175524566613891,0.11149819858861475,0.4998737054811821,0.8017176054559232,0.8989643849456933,0.44209170120270835,47
reserve10,privileged_labels,diagnostic,warmup,physical,1,286,0.04697420236141362,0.07958646481197736,0.46853146853146854,0.7692307692307693,0.9055944055944056,0.37413055173518533,4
reserve10,privileged_labels,diagnostic,warmup,physical,2,286,0.06420078954542159,0.11246920325421607,0.46503496503496505,0.7552447552447552,0.9090909090909091,0.49940637111265773,4
reserve10,privileged_labels,diagnostic,warmup,physical,3,286,0.0744030563865533,0.1374601169087368,0.513986013986014,0.7762237762237763,0.8951048951048951,0.5204978301842206,4
reserve10,privileged_labels,diagnostic,warmup,physical,4,286,0.07862779703851627,0.14952923776573734,0.5034965034965035,0.7587412587412588,0.8566433566433567,0.522708318207247,4
reserve10,privileged_labels,diagnostic,warmup,physical_availability,1,286,0.0469858390325985,0.07958646481197736,0.46853146853146854,0.7727272727272727,0.9055944055944056,0.3753233216992714,4
reserve10,privileged_labels,diagnostic,warmup,physical_availability,2,286,0.06424026181015471,0.11246920325421607,0.45454545454545453,0.7587412587412588,0.9055944055944056,0.49980813781427835,4
reserve10,privileged_labels,diagnostic,warmup,physical_availability,3,286,0.07447250381002363,0.1374601169087368,0.506993006993007,0.7727272727272727,0.8846153846153846,0.5214534013571731,4
reserve10,privileged_labels,diagnostic,warmup,physical_availability,4,286,0.07873476518587814,0.14952923776573734,0.5,0.7447552447552448,0.8531468531468531,0.5231323012137721,4
reserve10,privileged_labels,diagnostic,warmup,physical_recovery,1,286,0.04699898471390993,0.07958646481197736,0.46853146853146854,0.7797202797202797,0.9090909090909091,0.3769720519971162,4
reserve10,privileged_labels,diagnostic,warmup,physical_recovery,2,286,0.06422953728580703,0.11246920325421607,0.47202797202797203,0.7552447552447552,0.9055944055944056,0.49951609354028165,4
reserve10,privileged_labels,diagnostic,warmup,physical_recovery,3,286,0.07446652221607136,0.1374601169087368,0.493006993006993,0.7622377622377622,0.8846153846153846,0.5198746096629426,4
reserve10,privileged_labels,diagnostic,warmup,physical_recovery,4,286,0.07870131917771221,0.14952923776573734,0.5,0.7412587412587412,0.8426573426573427,0.5250020221438508,4
reserve10,privileged_labels,diagnostic,warmup,raw,1,286,0.04710310222830578,0.07958646481197736,0.3916083916083916,0.7062937062937062,0.8741258741258742,0.3636321624825109,4
reserve10,privileged_labels,diagnostic,warmup,raw,2,286,0.06458861811255986,0.11246920325421607,0.35664335664335667,0.6188811188811189,0.8461538461538461,0.48318700276758375,4
reserve10,privileged_labels,diagnostic,warmup,raw,3,286,0.07484882775087574,0.1374601169087368,0.3951048951048951,0.5909090909090909,0.7972027972027972,0.4928533519549359,4
reserve10,privileged_labels,diagnostic,warmup,raw,4,286,0.07934791998827392,0.14952923776573734,0.3811188811188811,0.5769230769230769,0.7727272727272727,0.49675233549096365,4
reserve10,privileged_labels,diagnostic,warmup,recency,1,286,0.046986741332633294,0.07958646481197736,0.46503496503496505,0.7587412587412588,0.9020979020979021,0.3706053267131466,4
reserve10,privileged_labels,diagnostic,warmup,recency,2,286,0.06424302550850208,0.11246920325421607,0.458041958041958,0.7517482517482518,0.8986013986013986,0.4958420417864218,4
reserve10,privileged_labels,diagnostic,warmup,recency,3,286,0.07441642094387524,0.1374601169087368,0.4965034965034965,0.7692307692307693,0.8916083916083916,0.5163548363378211,4
reserve10,privileged_labels,diagnostic,warmup,recency,4,286,0.07861994878879586,0.14952923776573734,0.5,0.7412587412587412,0.8426573426573427,0.5193841346925269,4
