site,scenario,period,method,horizon,n,nwis,nmae,coverage50,coverage80,coverage90,nwidth90,events
colorado,clean,development_evaluation,geometric_persistence,1,2182,0.04983552688379258,0.07210752180078968,0.4395050412465628,0.6915673693858845,0.8368469294225481,0.39679661185156045,0
colorado,clean,development_evaluation,geometric_persistence,2,2181,0.07504476116611333,0.1194264610736038,0.422283356258597,0.6799633195781751,0.8390646492434664,0.5364600058162211,0
colorado,clean,development_evaluation,geometric_persistence,3,2180,0.09486487034069105,0.1621610575265658,0.41192660550458715,0.671559633027523,0.8298165137614679,0.6285978937138315,0
colorado,clean,development_evaluation,geometric_persistence,4,2180,0.1094500011901128,0.1970003602871756,0.4077981651376147,0.671559633027523,0.8288990825688073,0.6871153641668148,0
colorado,clean,development_evaluation,multiple_imputation_compact,1,2182,0.0423435871773098,0.06334248507060136,0.5192483959670028,0.7268560953253895,0.8015582034830431,0.17938428563552464,0
colorado,clean,development_evaluation,multiple_imputation_compact,2,2181,0.06379690794158353,0.09268405651280008,0.4621733149931224,0.6469509399358092,0.7207702888583218,0.2180255301329008,0
colorado,clean,development_evaluation,multiple_imputation_compact,3,2180,0.07453139366146491,0.10717484201013754,0.44311926605504587,0.6174311926605505,0.6954128440366972,0.23868004211328694,0
colorado,clean,development_evaluation,multiple_imputation_compact,4,2180,0.0792045295022771,0.1143002218612627,0.43027522935779816,0.6165137614678899,0.7013761467889909,0.2514412935693184,0
colorado,clean,development_evaluation,multiple_imputation_flexible,1,2182,0.04643396106874067,0.06292163735428585,0.4078826764436297,0.580659945004583,0.6571952337305225,0.11380578138912618,0
colorado,clean,development_evaluation,multiple_imputation_flexible,2,2181,0.06834184806004258,0.0895513537649908,0.3709307657038056,0.5075653370013755,0.5850527281063732,0.13463547129360082,0
colorado,clean,development_evaluation,multiple_imputation_flexible,3,2180,0.08320819611778829,0.10692554986592233,0.336697247706422,0.48211009174311925,0.5458715596330275,0.1440713242989013,0
colorado,clean,development_evaluation,multiple_imputation_flexible,4,2180,0.09099737675190424,0.11649747597014137,0.32522935779816514,0.45871559633027525,0.5376146788990825,0.1507127425137972,0
colorado,clean,development_evaluation,persistence,1,2182,0.07234481063076464,0.12133005064844217,0.4106324472960587,0.7167736021998167,0.8657195233730522,0.4691836433149893,0
colorado,clean,development_evaluation,persistence,2,2181,0.1123477897351898,0.20377663949009076,0.4236588720770289,0.7138927097661623,0.8574048601558918,0.629383486294494,0
colorado,clean,development_evaluation,persistence,3,2180,0.136921439418667,0.25968062894732297,0.41743119266055045,0.7220183486238532,0.8600917431192661,0.743997607011041,0
colorado,clean,development_evaluation,persistence,4,2180,0.15067424974340218,0.2912233060552177,0.4279816513761468,0.7123853211009175,0.846788990825688,0.7949138965457418,0
colorado,clean,development_evaluation,quantile_compact,1,2182,0.03980124700498306,0.0635845143068365,0.4605866177818515,0.7218148487626032,0.8583868010999084,0.3792829570594203,0
colorado,clean,development_evaluation,quantile_compact,2,2181,0.052942416266037594,0.09104495886918026,0.44750114626318205,0.7125171939477304,0.8395231545162769,0.4452957800028015,0
colorado,clean,development_evaluation,quantile_compact,3,2180,0.060439718612852716,0.10672573091851503,0.42935779816513764,0.7252293577981651,0.8481651376146789,0.4602243387059984,0
colorado,clean,development_evaluation,quantile_compact,4,2180,0.06302357029200788,0.1148317860086224,0.4504587155963303,0.7256880733944954,0.8366972477064221,0.45887113667805707,0
colorado,clean,development_evaluation,quantile_flexible,1,2182,0.0385757748918376,0.0606903817661472,0.4005499541704858,0.6718606782768103,0.8340971585701191,0.33391970528673387,0
colorado,clean,development_evaluation,quantile_flexible,2,2181,0.052141569745198985,0.09083956891448366,0.38285190279688214,0.6817973406694177,0.8188904172397983,0.41116822809254655,0
colorado,clean,development_evaluation,quantile_flexible,3,2180,0.06073810429845977,0.10709579209007435,0.3793577981651376,0.6743119266055045,0.8068807339449541,0.4251356686025564,0
colorado,clean,development_evaluation,quantile_flexible,4,2180,0.0626477549300237,0.11239684097663408,0.37844036697247707,0.681651376146789,0.7981651376146789,0.42823974618577393,0
colorado,clean,development_evaluation,single_imputation_compact,1,2182,0.04234621442391054,0.06331778346291021,0.5192483959670028,0.7268560953253895,0.8015582034830431,0.1792586278611711,0
colorado,clean,development_evaluation,single_imputation_compact,2,2181,0.06379745378226447,0.09268169825926162,0.46171480972031176,0.6469509399358092,0.7207702888583218,0.21800834552240178,0
colorado,clean,development_evaluation,single_imputation_compact,3,2180,0.07455624200034025,0.10719098343278254,0.44311926605504587,0.6178899082568807,0.6944954128440367,0.23863916313263706,0
colorado,clean,development_evaluation,single_imputation_compact,4,2180,0.07921533641800974,0.1143107870762409,0.43027522935779816,0.6165137614678899,0.7009174311926606,0.2514373864725922,0
colorado,clean,development_evaluation,single_imputation_flexible,1,2182,0.04645210167955343,0.06289517366255111,0.4078826764436297,0.5802016498625114,0.6571952337305225,0.113631297334632,0
colorado,clean,development_evaluation,single_imputation_flexible,2,2181,0.0683429013716514,0.08954254211345505,0.3709307657038056,0.5075653370013755,0.5850527281063732,0.1345989074123399,0
colorado,clean,development_evaluation,single_imputation_flexible,3,2180,0.08322346521862405,0.10693225890666218,0.336697247706422,0.48211009174311925,0.5458715596330275,0.1440359464387958,0
colorado,clean,development_evaluation,single_imputation_flexible,4,2180,0.09100705004025003,0.1165061977359688,0.32522935779816514,0.45871559633027525,0.5371559633027523,0.15070358525401115,0
colorado,clean,validation,geometric_persistence,1,1921,0.050225022218016474,0.0743970600864561,0.45132743362831856,0.7235814679854242,0.8412285268089537,0.4305957380334716,0
colorado,clean,validation,geometric_persistence,2,1921,0.07636374831638375,0.12410095665115806,0.4305049453409682,0.6824570536179073,0.8516397709526289,0.5644742082160993,0
colorado,clean,validation,geometric_persistence,3,1921,0.09791753394331867,0.16699482627045178,0.4081207704320666,0.7006767308693389,0.8302967204580948,0.6557978980024961,0
colorado,clean,validation,geometric_persistence,4,1921,0.11511004071070992,0.20497603118230825,0.4023945861530453,0.6959916710046851,0.8224882873503384,0.7238512780051307,0
colorado,clean,validation,multiple_imputation_compact,1,1921,0.04319201681331067,0.0635604876727527,0.5262883914627798,0.7329515877147319,0.7964601769911505,0.17739642358494412,0
colorado,clean,validation,multiple_imputation_compact,2,1921,0.06049935930561306,0.08916836475616494,0.45809474232170744,0.6559083810515357,0.7329515877147319,0.21408244243620939,0
colorado,clean,validation,multiple_imputation_compact,3,1921,0.0700278940943374,0.10226173591944313,0.4466423737636648,0.6340447683498178,0.7188964081207704,0.2365040646214316,0
colorado,clean,validation,multiple_imputation_compact,4,1921,0.07691677747764342,0.11179952805955491,0.43519000520562207,0.6168662155127538,0.6965122332118688,0.2491050385206896,0
colorado,clean,validation,multiple_imputation_flexible,1,1921,0.04655257884071301,0.06258023547347263,0.431025507548152,0.5960437272254034,0.6720458094742322,0.11268546558571838,0
colorado,clean,validation,multiple_imputation_flexible,2,1921,0.0661452711385907,0.08778863706950754,0.34409161894846435,0.5065070275897969,0.5871941697032795,0.13353163228064677,0
colorado,clean,validation,multiple_imputation_flexible,3,1921,0.07957912154725662,0.10358701761699707,0.3258719416970328,0.47683498178032274,0.5596043727225404,0.14365085357149093,0
colorado,clean,validation,multiple_imputation_flexible,4,1921,0.08680555299221308,0.11232925451911976,0.3274336283185841,0.4586153045288912,0.5304528891202499,0.1504482253564976,0
colorado,clean,validation,persistence,1,1921,0.06969006496742111,0.1180172447313818,0.4424778761061947,0.7402394586153045,0.8693388859968766,0.4952587941916908,0
colorado,clean,validation,persistence,2,1921,0.10977081776420893,0.2022541218048156,0.41644976574700676,0.7214992191566892,0.855804268610099,0.6484728673546497,0
colorado,clean,validation,persistence,3,1921,0.13646613323858653,0.261579382770916,0.4174908901613743,0.7183758459135867,0.84487246225924,0.7623973533091942,0
colorado,clean,validation,persistence,4,1921,0.1536975318546583,0.29937636503209974,0.4466423737636648,0.7027589796980739,0.8328995314940135,0.8231723559786437,0
colorado,clean,validation,quantile_compact,1,1921,0.03861786864415072,0.05986923715582155,0.4752732951587715,0.7568974492451848,0.879229567933368,0.36468557877305974,0
colorado,clean,validation,quantile_compact,2,1921,0.05039194089144714,0.08684440959511425,0.44143675169182717,0.7501301405517959,0.8672566371681416,0.42741246729704585,0
colorado,clean,validation,quantile_compact,3,1921,0.05705764494116249,0.0997385816775128,0.43258719416970326,0.7293076522644456,0.8547631441957314,0.44923164786319586,0
colorado,clean,validation,quantile_compact,4,1921,0.06083443801071488,0.10949413954698431,0.4284226965122332,0.7272254034357105,0.8521603331598125,0.45069948640496765,0
colorado,clean,validation,quantile_flexible,1,1921,0.0371314474219745,0.05801610516624311,0.41072358146798543,0.69807391983342,0.8459135866736075,0.31154448648197575,0
colorado,clean,validation,quantile_flexible,2,1921,0.04949807543082918,0.08384028703585887,0.38521603331598125,0.7043206663196252,0.8381051535658511,0.3943728606923735,0
colorado,clean,validation,quantile_flexible,3,1921,0.05660073518004942,0.09707183582924218,0.3722019781363873,0.6798542425819886,0.8276939094221759,0.4158846687429371,0
colorado,clean,validation,quantile_flexible,4,1921,0.06022828042682412,0.10767298342637495,0.3649141072358147,0.6824570536179073,0.8162415408641333,0.42186771796640443,0
colorado,clean,validation,single_imputation_compact,1,1921,0.04319201681331067,0.0635604876727527,0.5262883914627798,0.7329515877147319,0.7964601769911505,0.17739642358494412,0
colorado,clean,validation,single_imputation_compact,2,1921,0.06049935930561306,0.08916836475616494,0.45809474232170744,0.6559083810515357,0.7329515877147319,0.21408244243620939,0
colorado,clean,validation,single_imputation_compact,3,1921,0.0700278940943374,0.10226173591944313,0.4466423737636648,0.6340447683498178,0.7188964081207704,0.2365040646214316,0
colorado,clean,validation,single_imputation_compact,4,1921,0.07691677747764342,0.11179952805955491,0.43519000520562207,0.6168662155127538,0.6965122332118688,0.2491050385206896,0
colorado,clean,validation,single_imputation_flexible,1,1921,0.04655257884071301,0.06258023547347263,0.431025507548152,0.5960437272254034,0.6720458094742322,0.11268546558571838,0
colorado,clean,validation,single_imputation_flexible,2,1921,0.0661452711385907,0.08778863706950754,0.34409161894846435,0.5065070275897969,0.5871941697032795,0.13353163228064677,0
colorado,clean,validation,single_imputation_flexible,3,1921,0.07957912154725662,0.10358701761699707,0.3258719416970328,0.47683498178032274,0.5596043727225404,0.14365085357149093,0
colorado,clean,validation,single_imputation_flexible,4,1921,0.08680555299221308,0.11232925451911976,0.3274336283185841,0.4586153045288912,0.5304528891202499,0.1504482253564976,0
colorado,clean,warmup,geometric_persistence,1,310,0.06519050795687853,0.08549807123188541,0.3741935483870968,0.5483870967741935,0.6838709677419355,0.30136121847430425,0
colorado,clean,warmup,geometric_persistence,2,310,0.09864751410160803,0.1430098599473238,0.34516129032258064,0.5225806451612903,0.667741935483871,0.46502165571668386,0
colorado,clean,warmup,geometric_persistence,3,310,0.12754671180637006,0.20417673950394913,0.3064516129032258,0.4935483870967742,0.6419354838709678,0.5663557640248147,0
colorado,clean,warmup,geometric_persistence,4,310,0.15236385362045532,0.26342578081139034,0.24516129032258063,0.43870967741935485,0.6193548387096774,0.6023147906079566,0
colorado,clean,warmup,multiple_imputation_compact,1,310,0.04814012214569945,0.07426076329603938,0.4032258064516129,0.6419354838709678,0.7548387096774194,0.1836201878503873,0
colorado,clean,warmup,multiple_imputation_compact,2,310,0.06743246048653449,0.10435770587522587,0.32903225806451614,0.5258064516129032,0.6225806451612903,0.2200539846382844,0
colorado,clean,warmup,multiple_imputation_compact,3,310,0.0850595255798379,0.12715497750405036,0.3,0.5032258064516129,0.5741935483870968,0.24001545592188062,0
colorado,clean,warmup,multiple_imputation_compact,4,310,0.09994888514112449,0.14608447118007895,0.2806451612903226,0.44516129032258067,0.5419354838709678,0.25338372785538776,0
colorado,clean,warmup,multiple_imputation_flexible,1,310,0.05406445937388842,0.0739799590110027,0.29354838709677417,0.46774193548387094,0.5741935483870968,0.1155870874267808,0
colorado,clean,warmup,multiple_imputation_flexible,2,310,0.07980383318351947,0.10607314184900365,0.21935483870967742,0.36774193548387096,0.4258064516129032,0.13515879898874197,0
colorado,clean,warmup,multiple_imputation_flexible,3,310,0.09646049535703306,0.12490429762560284,0.22903225806451613,0.3709677419354839,0.4483870967741935,0.1463928513641311,0
colorado,clean,warmup,multiple_imputation_flexible,4,310,0.11465856966946375,0.1454116191593396,0.2032258064516129,0.32903225806451614,0.4032258064516129,0.15333892355588538,0
colorado,clean,warmup,persistence,1,310,0.10154692496057663,0.1515187974368573,0.3709677419354839,0.6,0.7225806451612903,0.41057654803236443,0
colorado,clean,warmup,persistence,2,310,0.1526000837464299,0.25104787475460033,0.3,0.5935483870967742,0.6870967741935484,0.6039637771616273,0
colorado,clean,warmup,persistence,3,310,0.18350629549639458,0.3276412219734369,0.29354838709677417,0.5645161290322581,0.7064516129032258,0.7267599737481307,0
colorado,clean,warmup,persistence,4,310,0.20067006750939342,0.3766952518806949,0.26129032258064516,0.5645161290322581,0.6580645161290323,0.7469353467326826,0
colorado,clean,warmup,quantile_compact,1,310,0.04292751638178366,0.0685650789660109,0.5,0.7677419354838709,0.9032258064516129,0.42620973867817236,0
colorado,clean,warmup,quantile_compact,2,310,0.056917541307997796,0.10092364854752321,0.44516129032258067,0.7709677419354839,0.9,0.5136196067375843,0
colorado,clean,warmup,quantile_compact,3,310,0.06643200572000148,0.11444218530786934,0.45161290322580644,0.7225806451612903,0.8483870967741935,0.5222186995505583,0
colorado,clean,warmup,quantile_compact,4,310,0.07303682832553249,0.13169457125434295,0.44516129032258067,0.7032258064516129,0.8225806451612904,0.5382828698233842,0
colorado,clean,warmup,quantile_flexible,1,310,0.04090180133047937,0.06285277072421067,0.45161290322580644,0.6935483870967742,0.8225806451612904,0.35243865075465003,0
colorado,clean,warmup,quantile_flexible,2,310,0.056325821491818306,0.09639919547528716,0.38387096774193546,0.7193548387096774,0.867741935483871,0.47846387987811534,0
colorado,clean,warmup,quantile_flexible,3,310,0.06630095034249196,0.11163252333866698,0.38387096774193546,0.667741935483871,0.8032258064516129,0.5005542017084661,0
colorado,clean,warmup,quantile_flexible,4,310,0.07347958037297321,0.12441354670683778,0.3741935483870968,0.6419354838709678,0.7870967741935484,0.5172831389497913,0
colorado,clean,warmup,single_imputation_compact,1,310,0.048140122145699446,0.07426076329603938,0.4032258064516129,0.6419354838709678,0.7548387096774194,0.1836201878503873,0
colorado,clean,warmup,single_imputation_compact,2,310,0.06743246048653449,0.10435770587522587,0.32903225806451614,0.5258064516129032,0.6225806451612903,0.2200539846382844,0
colorado,clean,warmup,single_imputation_compact,3,310,0.0850595255798379,0.12715497750405036,0.3,0.5032258064516129,0.5741935483870968,0.24001545592188062,0
colorado,clean,warmup,single_imputation_compact,4,310,0.09994888514112449,0.14608447118007895,0.2806451612903226,0.44516129032258067,0.5419354838709678,0.25338372785538776,0
colorado,clean,warmup,single_imputation_flexible,1,310,0.05406445937388842,0.0739799590110027,0.29354838709677417,0.46774193548387094,0.5741935483870968,0.1155870874267808,0
colorado,clean,warmup,single_imputation_flexible,2,310,0.07980383318351947,0.10607314184900365,0.21935483870967742,0.36774193548387096,0.4258064516129032,0.13515879898874197,0
colorado,clean,warmup,single_imputation_flexible,3,310,0.09646049535703305,0.12490429762560284,0.22903225806451613,0.3709677419354839,0.4483870967741935,0.1463928513641311,0
colorado,clean,warmup,single_imputation_flexible,4,310,0.11465856966946375,0.1454116191593396,0.2032258064516129,0.32903225806451614,0.4032258064516129,0.15333892355588538,0
colorado,pv_only,development_evaluation,geometric_persistence,1,2182,0.05769000005037234,0.08359297381277425,0.41934005499541704,0.6686526122823098,0.8153070577451879,0.3927918660728542,26
colorado,pv_only,development_evaluation,geometric_persistence,2,2181,0.08051091139571914,0.12879210765077218,0.40715268225584594,0.6634571297569922,0.8243924805135259,0.5305342704917562,26
colorado,pv_only,development_evaluation,geometric_persistence,3,2180,0.09846563543235301,0.16951380982220138,0.4022935779816514,0.6605504587155964,0.8174311926605504,0.622194458701084,26
colorado,pv_only,development_evaluation,geometric_persistence,4,2180,0.11078377407058818,0.20141049248364926,0.40275229357798165,0.6655963302752294,0.8224770642201835,0.6810625573765087,26
colorado,pv_only,development_evaluation,multiple_imputation_compact,1,2182,0.043912085471985836,0.06555696799630208,0.5169569202566453,0.7259395050412466,0.8010999083409716,0.18370199513497157,26
colorado,pv_only,development_evaluation,multiple_imputation_compact,2,2181,0.06461126932413126,0.0937648425887474,0.46171480972031176,0.6455754241173773,0.7207702888583218,0.21957528216101582,26
colorado,pv_only,development_evaluation,multiple_imputation_compact,3,2180,0.07509416587129111,0.10791776372952573,0.44220183486238535,0.6155963302752293,0.6931192660550459,0.23927296082610866,26
colorado,pv_only,development_evaluation,multiple_imputation_compact,4,2180,0.0795225421990748,0.11464446204317878,0.42935779816513764,0.6160550458715597,0.6995412844036697,0.25161260510189265,26
colorado,pv_only,development_evaluation,multiple_imputation_flexible,1,2182,0.047974655719967,0.06511672444268797,0.40650779101741524,0.5820348304307974,0.656736938588451,0.11878387489253188,26
colorado,pv_only,development_evaluation,multiple_imputation_flexible,2,2181,0.06924418409968544,0.0906573403358364,0.3700137551581843,0.51077487391105,0.5868867491976157,0.13668249158116447,26
colorado,pv_only,development_evaluation,multiple_imputation_flexible,3,2180,0.08390840314893225,0.10783735810921774,0.3357798165137615,0.4798165137614679,0.5444954128440367,0.145075011215148,26
colorado,pv_only,development_evaluation,multiple_imputation_flexible,4,2180,0.09118972828217643,0.11672730048051182,0.3275229357798165,0.46055045871559636,0.5371559633027523,0.15122154549920294,26
colorado,pv_only,development_evaluation,persistence,1,2182,0.08275931391844107,0.1356011132345046,0.3927589367552704,0.6883593033913841,0.8382218148487626,0.4633938192305229,26
colorado,pv_only,development_evaluation,persistence,2,2181,0.11698691285992456,0.21139663823185037,0.41357175607519486,0.6964695093993581,0.8413571756075194,0.6213748267956077,26
colorado,pv_only,development_evaluation,persistence,3,2180,0.13807107546158606,0.26228780398365614,0.41376146788990825,0.7119266055045872,0.8518348623853211,0.734796971240536,26
colorado,pv_only,development_evaluation,persistence,4,2180,0.14922771200678892,0.2891170982522428,0.42568807339449544,0.7110091743119266,0.8463302752293578,0.7849381315668379,26
colorado,pv_only,development_evaluation,quantile_compact,1,2182,0.041258808527847614,0.06632740361185191,0.461961503208066,0.7268560953253895,0.8583868010999084,0.3874034251306543,26
colorado,pv_only,development_evaluation,quantile_compact,2,2181,0.053526303559996026,0.09228196770944641,0.45025217790004585,0.7134342044933517,0.8399816597890876,0.4479348817587987,26
colorado,pv_only,development_evaluation,quantile_compact,3,2180,0.06055965226872791,0.10707811431058907,0.4288990825688073,0.726605504587156,0.8481651376146789,0.4603274753094445,26
colorado,pv_only,development_evaluation,quantile_compact,4,2180,0.06306971945114904,0.11488690728733288,0.44908256880733943,0.726605504587156,0.8366972477064221,0.45892110293820115,26
colorado,pv_only,development_evaluation,quantile_flexible,1,2182,0.03989123446376371,0.06283904589269632,0.4060494958753437,0.6787351054078826,0.8359303391384051,0.34243384262173837,26
colorado,pv_only,development_evaluation,quantile_flexible,2,2181,0.052590836352010395,0.09147842780002564,0.3846859238881247,0.687757909215956,0.8198074277854195,0.4148962140259632,26
colorado,pv_only,development_evaluation,quantile_flexible,3,2180,0.06090391150675105,0.10763223574222108,0.3793577981651376,0.6756880733944954,0.8077981651376147,0.426184333484395,26
colorado,pv_only,development_evaluation,quantile_flexible,4,2180,0.06268296727537268,0.11251797878741318,0.37889908256880733,0.681651376146789,0.7990825688073394,0.42846400942417184,26
colorado,pv_only,development_evaluation,single_imputation_compact,1,2182,0.04412741278048487,0.06535202414389024,0.5137488542621448,0.7222731439046746,0.7956003666361137,0.17941569257762968,26
colorado,pv_only,development_evaluation,single_imputation_compact,2,2181,0.06459567618166626,0.0936256408973773,0.4598807886290692,0.6446584135717561,0.7198532783127006,0.21801110504887325,26
colorado,pv_only,development_evaluation,single_imputation_compact,3,2180,0.07508026577415962,0.10780000287075671,0.44128440366972477,0.6165137614678899,0.6926605504587156,0.238630457507409,26
colorado,pv_only,development_evaluation,single_imputation_compact,4,2180,0.07954778739319,0.11464925454724008,0.43027522935779816,0.6155963302752293,0.6990825688073394,0.25144196462691165,26
colorado,pv_only,development_evaluation,single_imputation_flexible,1,2182,0.04839049022770784,0.06501281211476986,0.40284142988084326,0.5756186984417965,0.652153987167736,0.11371245920218923,26
colorado,pv_only,development_evaluation,single_imputation_flexible,2,2181,0.06926151037961092,0.09053370084183947,0.36817973406694177,0.5089408528198074,0.5850527281063732,0.13460252469383302,26
colorado,pv_only,development_evaluation,single_imputation_flexible,3,2180,0.08393215250387234,0.10766769014909855,0.336697247706422,0.4798165137614679,0.5444954128440367,0.14403147385973505,26
colorado,pv_only,development_evaluation,single_imputation_flexible,4,2180,0.09124016376274903,0.116703629387593,0.32798165137614677,0.4610091743119266,0.5357798165137615,0.15070208424677606,26
colorado,pv_only,validation,geometric_persistence,1,1921,0.06050822759519805,0.08878156270054066,0.42894325871941696,0.7006767308693389,0.8193649141072358,0.42444677922619084,22
colorado,pv_only,validation,geometric_persistence,2,1921,0.08273652940901843,0.13429789000490597,0.42061426340447683,0.6710046850598647,0.8334200937011973,0.5560181100280133,22
colorado,pv_only,validation,geometric_persistence,3,1921,0.10097576949841318,0.17344391000135767,0.4060385216033316,0.691827173347215,0.8209266007287871,0.6473084333210082,22
colorado,pv_only,validation,geometric_persistence,4,1921,0.11553296899071276,0.20786065302595633,0.40447683498178033,0.69390942217595,0.8214471629359709,0.716383628803996,22
colorado,pv_only,validation,multiple_imputation_compact,1,1921,0.04337668319185125,0.06406769933842325,0.5262883914627798,0.7355543987506507,0.8006246746486205,0.18036188085275176,22
colorado,pv_only,validation,multiple_imputation_compact,2,1921,0.06074698302575055,0.08963513689727022,0.45809474232170744,0.6574700676730869,0.7334721499219157,0.2154943437990897,22
colorado,pv_only,validation,multiple_imputation_compact,3,1921,0.07026818646579076,0.10255496934781191,0.446121811556481,0.633524206142634,0.7183758459135867,0.23699626910227012,22
colorado,pv_only,validation,multiple_imputation_compact,4,1921,0.0770042516420189,0.11188825078995994,0.43571056741280584,0.61634565330557,0.6965122332118688,0.24934850632237915,22
colorado,pv_only,validation,multiple_imputation_flexible,1,1921,0.046679370438234134,0.0630510457366943,0.43154606975533577,0.6002082248828735,0.6777719937532535,0.11651005698215312,22
colorado,pv_only,validation,multiple_imputation_flexible,2,1921,0.06657323815632127,0.08860629344936999,0.3420093701197293,0.5065070275897969,0.5887558563248309,0.13548488401100658,22
colorado,pv_only,validation,multiple_imputation_flexible,3,1921,0.07977630279836927,0.1039011079991917,0.3269130661114003,0.47683498178032274,0.5585632483081728,0.14443550040942507,22
colorado,pv_only,validation,multiple_imputation_flexible,4,1921,0.08680424767130021,0.11240716447828228,0.32795419052576785,0.46017699115044247,0.5304528891202499,0.15091419157559227,22
colorado,pv_only,validation,persistence,1,1921,0.08082191520072043,0.1327762887041683,0.4305049453409682,0.7147319104633003,0.8422696512233212,0.48728513395712747,22
colorado,pv_only,validation,persistence,2,1921,0.11462972015573805,0.2089671001611489,0.4117647058823529,0.7105674128058302,0.8401874023945861,0.6371245197138411,22
colorado,pv_only,validation,persistence,3,1921,0.1365748700018668,0.2615350593946495,0.4211348256116606,0.7162935970848516,0.8365434669442998,0.7489927651832387,22
colorado,pv_only,validation,persistence,4,1921,0.15102653847510164,0.2943383524458072,0.4534096824570536,0.7079646017699115,0.831858407079646,0.8095100370888224,22
colorado,pv_only,validation,quantile_compact,1,1921,0.039849822985079844,0.0627094955412869,0.4752732951587715,0.7537740760020822,0.8818323789692868,0.37369142089426083,22
colorado,pv_only,validation,quantile_compact,2,1921,0.05068005577942976,0.08769040484000512,0.43935450286309213,0.7438833940655908,0.8672566371681416,0.4304360757093927,22
colorado,pv_only,validation,quantile_compact,3,1921,0.05722173691470362,0.09999816003532046,0.43154606975533577,0.7293076522644456,0.8537220197813639,0.44951720527381345,22
colorado,pv_only,validation,quantile_compact,4,1921,0.06089750312884444,0.10956508584977204,0.42686100989068193,0.7261842790213431,0.8505986465382613,0.4507337579688864,22
colorado,pv_only,validation,quantile_flexible,1,1921,0.03806815334973009,0.060056745554620414,0.41644976574700676,0.7006767308693389,0.8485163977095262,0.32226007404606577,22
colorado,pv_only,validation,quantile_flexible,2,1921,0.04982322250628068,0.08516534648070027,0.38521603331598125,0.7022384174908901,0.8381051535658511,0.39828136304701933,22
colorado,pv_only,validation,quantile_flexible,3,1921,0.056784292019608516,0.09798561948076003,0.37011972930765225,0.6803748047891723,0.8282144716293597,0.41723709569191425,22
colorado,pv_only,validation,quantile_flexible,4,1921,0.060310021816893614,0.10791813481359692,0.3675169182717335,0.6829776158250911,0.8146798542425819,0.4219624734496577,22
colorado,pv_only,validation,single_imputation_compact,1,1921,0.04346796813475778,0.06401775861072112,0.5231650182196772,0.7303487766788131,0.7959396147839667,0.1773643080895646,22
colorado,pv_only,validation,single_imputation_compact,2,1921,0.06074886539173353,0.08948555154750343,0.45705361790733995,0.6564289432587194,0.7324310255075481,0.21424388740261202,22
colorado,pv_only,validation,single_imputation_compact,3,1921,0.07025352795068276,0.10250019813934348,0.446121811556481,0.6330036439354503,0.7183758459135867,0.23658621919037578,22
colorado,pv_only,validation,single_imputation_compact,4,1921,0.07704477194206112,0.1118914683531717,0.43571056741280584,0.6158250910983862,0.6965122332118688,0.24915587942789721,22
colorado,pv_only,validation,single_imputation_flexible,1,1921,0.04692423133795914,0.06303593379043974,0.4273815720978657,0.5944820406038521,0.672566371681416,0.11271665656561143,22
colorado,pv_only,validation,single_imputation_flexible,2,1921,0.06663082336919708,0.08840415253903906,0.3430504945340968,0.5054659031754295,0.5851119208745446,0.13367579408341967,22
colorado,pv_only,validation,single_imputation_flexible,3,1921,0.07981146505352782,0.10384254940458246,0.32535137948984905,0.47683498178032274,0.5596043727225404,0.1437005425227961,22
colorado,pv_only,validation,single_imputation_flexible,4,1921,0.08701038851708574,0.11253369495995655,0.32795419052576785,0.459135866736075,0.5288912024986986,0.15048113799762627,22
colorado,pv_only,warmup,geometric_persistence,1,310,0.08593087231551928,0.11189503083728605,0.3419354838709677,0.5032258064516129,0.632258064516129,0.29227078656231975,4
colorado,pv_only,warmup,geometric_persistence,2,310,0.11198603527026307,0.16569314905248264,0.3193548387096774,0.4870967741935484,0.632258064516129,0.4525234643830345,4
colorado,pv_only,warmup,geometric_persistence,3,310,0.13538731755379385,0.2218666903043282,0.2806451612903226,0.4645161290322581,0.6225806451612903,0.5548299994263151,4
colorado,pv_only,warmup,geometric_persistence,4,310,0.15727313667251674,0.2758823288619425,0.22580645161290322,0.42258064516129035,0.6096774193548387,0.5929626625796105,4
colorado,pv_only,warmup,multiple_imputation_compact,1,310,0.04823410569929405,0.07433790134227697,0.4161290322580645,0.6387096774193548,0.7580645161290323,0.18656395862808106,4
colorado,pv_only,warmup,multiple_imputation_compact,2,310,0.0675935016001042,0.10496133279853714,0.3258064516129032,0.5193548387096775,0.6258064516129033,0.22147470417697754,4
colorado,pv_only,warmup,multiple_imputation_compact,3,310,0.08502239083341218,0.12714521036188875,0.3,0.5064516129032258,0.5741935483870968,0.24061163401375493,4
colorado,pv_only,warmup,multiple_imputation_compact,4,310,0.10002305410927746,0.14615215721418598,0.2838709677419355,0.44516129032258067,0.5451612903225806,0.2536036590097832,4
colorado,pv_only,warmup,multiple_imputation_flexible,1,310,0.054163954156571596,0.07390140110676356,0.3096774193548387,0.47419354838709676,0.5709677419354838,0.11966687536602645,4
colorado,pv_only,warmup,multiple_imputation_flexible,2,310,0.08020189243118972,0.10644841548765839,0.22580645161290322,0.38064516129032255,0.43870967741935485,0.13715634237577198,4
colorado,pv_only,warmup,multiple_imputation_flexible,3,310,0.09643532940979758,0.1251172882429379,0.22903225806451613,0.3709677419354839,0.4483870967741935,0.14759953375763996,4
colorado,pv_only,warmup,multiple_imputation_flexible,4,310,0.11466615732082944,0.14549084796068013,0.2129032258064516,0.33225806451612905,0.4064516129032258,0.15403892109232592,4
colorado,pv_only,warmup,persistence,1,310,0.11750610129439233,0.17317435764285882,0.3419354838709677,0.5516129032258065,0.6741935483870968,0.3943363341712913,4
colorado,pv_only,warmup,persistence,2,310,0.15904792331716464,0.26401149267683083,0.2806451612903226,0.5612903225806452,0.6548387096774193,0.5818628508937423,4
colorado,pv_only,warmup,persistence,3,310,0.18444859446548534,0.3324552454755158,0.2806451612903226,0.5419354838709678,0.6903225806451613,0.7036187449895093,4
colorado,pv_only,warmup,persistence,4,310,0.19989129241197115,0.3773757628893556,0.25161290322580643,0.5483870967741935,0.6451612903225806,0.7270663692560901,4
colorado,pv_only,warmup,quantile_compact,1,310,0.04496203983913926,0.07345314505264511,0.4967741935483871,0.7645161290322581,0.9032258064516129,0.43634562365803187,4
colorado,pv_only,warmup,quantile_compact,2,310,0.05823540572614113,0.1045984369790408,0.44516129032258067,0.7645161290322581,0.9,0.5181425719512467,4
colorado,pv_only,warmup,quantile_compact,3,310,0.06678235406216712,0.11536777039015163,0.45806451612903226,0.7193548387096774,0.8483870967741935,0.5225282964351957,4
colorado,pv_only,warmup,quantile_compact,4,310,0.07303644139636406,0.1312804286330449,0.44193548387096776,0.7,0.8193548387096774,0.5380716585269986,4
colorado,pv_only,warmup,quantile_flexible,1,310,0.04227461718782489,0.06490343224488992,0.44516129032258067,0.6806451612903226,0.8258064516129032,0.365938074917615,4
colorado,pv_only,warmup,quantile_flexible,2,310,0.05712896759775409,0.0975598877645579,0.38387096774193546,0.7161290322580646,0.867741935483871,0.4844554794593913,4
colorado,pv_only,warmup,quantile_flexible,3,310,0.06658424435634548,0.1128131695405841,0.3903225806451613,0.6612903225806451,0.8032258064516129,0.5018781557906624,4
colorado,pv_only,warmup,quantile_flexible,4,310,0.073415147766424,0.1241085204586351,0.3709677419354839,0.6387096774193548,0.7870967741935484,0.5174490939780231,4
colorado,pv_only,warmup,single_imputation_compact,1,310,0.04801457698189623,0.07415969804356863,0.4096774193548387,0.6419354838709678,0.7516129032258064,0.18358613305611887,4
colorado,pv_only,warmup,single_imputation_compact,2,310,0.06795024187120034,0.10522894424603002,0.3258064516129032,0.5161290322580645,0.6161290322580645,0.22005084619460313,4
colorado,pv_only,warmup,single_imputation_compact,3,310,0.08493828888295735,0.1269817080665526,0.3,0.5032258064516129,0.5741935483870968,0.24001545592188062,4
colorado,pv_only,warmup,single_imputation_compact,4,310,0.09997259261058426,0.14609823785946996,0.2806451612903226,0.44516129032258067,0.5451612903225806,0.2533987404788698,4
colorado,pv_only,warmup,single_imputation_flexible,1,310,0.05401039564122642,0.07396223849799358,0.29354838709677417,0.47419354838709676,0.5709677419354838,0.11560516066211088,4
colorado,pv_only,warmup,single_imputation_flexible,2,310,0.08068970800922648,0.10693187979684493,0.21935483870967742,0.3709677419354839,0.432258064516129,0.1351855820462669,4
colorado,pv_only,warmup,single_imputation_flexible,3,310,0.09647044466201869,0.12488141964979832,0.22903225806451613,0.3709677419354839,0.44193548387096776,0.14646772460037688,4
colorado,pv_only,warmup,single_imputation_flexible,4,310,0.11471706718376312,0.14550591763464385,0.2032258064516129,0.32903225806451614,0.4032258064516129,0.1533485730623207,4
colorado,irradiance_only,development_evaluation,geometric_persistence,1,2182,0.04983552688379258,0.07210752180078968,0.4395050412465628,0.6915673693858845,0.8368469294225481,0.39679661185156045,26
colorado,irradiance_only,development_evaluation,geometric_persistence,2,2181,0.07504476116611333,0.1194264610736038,0.422283356258597,0.6799633195781751,0.8390646492434664,0.5364600058162211,26
colorado,irradiance_only,development_evaluation,geometric_persistence,3,2180,0.09486487034069105,0.1621610575265658,0.41192660550458715,0.671559633027523,0.8298165137614679,0.6285978937138315,26
colorado,irradiance_only,development_evaluation,geometric_persistence,4,2180,0.1094500011901128,0.1970003602871756,0.4077981651376147,0.671559633027523,0.8288990825688073,0.6871153641668148,26
colorado,irradiance_only,development_evaluation,multiple_imputation_compact,1,2182,0.04252935793866226,0.06363007311097194,0.5164986251145738,0.7277726856095326,0.8015582034830431,0.17972245195079953,26
colorado,irradiance_only,development_evaluation,multiple_imputation_compact,2,2181,0.06400262914156832,0.09319873009325354,0.4585052728106373,0.6405318661164603,0.7175607519486474,0.21867202673955227,26
colorado,irradiance_only,development_evaluation,multiple_imputation_compact,3,2180,0.0746347098705439,0.10754106971308292,0.44036697247706424,0.6174311926605505,0.6944954128440367,0.23943585453073749,26
colorado,irradiance_only,development_evaluation,multiple_imputation_compact,4,2180,0.07931137351830779,0.11467707592553757,0.4288990825688073,0.6169724770642202,0.6990825688073394,0.25230120146159274,26
colorado,irradiance_only,development_evaluation,multiple_imputation_flexible,1,2182,0.04670533459702489,0.06348474056332092,0.4010082493125573,0.577910174152154,0.657653528872594,0.11447783922094944,26
colorado,irradiance_only,development_evaluation,multiple_imputation_flexible,2,2181,0.06866082658001321,0.09012600304662127,0.37047226043099496,0.5089408528198074,0.5836772122879413,0.13578877171803067,26
colorado,irradiance_only,development_evaluation,multiple_imputation_flexible,3,2180,0.08328891347843122,0.10723667873930977,0.33623853211009175,0.47889908256880737,0.5458715596330275,0.14544793603235784,26
colorado,irradiance_only,development_evaluation,multiple_imputation_flexible,4,2180,0.0910070722916082,0.11680525489038353,0.32522935779816514,0.45642201834862384,0.5362385321100918,0.15219976808011873,26
colorado,irradiance_only,development_evaluation,persistence,1,2182,0.07234481063076464,0.12133005064844217,0.4106324472960587,0.7167736021998167,0.8657195233730522,0.4691836433149893,26
colorado,irradiance_only,development_evaluation,persistence,2,2181,0.1123477897351898,0.20377663949009076,0.4236588720770289,0.7138927097661623,0.8574048601558918,0.629383486294494,26
colorado,irradiance_only,development_evaluation,persistence,3,2180,0.136921439418667,0.25968062894732297,0.41743119266055045,0.7220183486238532,0.8600917431192661,0.743997607011041,26
colorado,irradiance_only,development_evaluation,persistence,4,2180,0.15067424974340218,0.2912233060552177,0.4279816513761468,0.7123853211009175,0.846788990825688,0.7949138965457418,26
colorado,irradiance_only,development_evaluation,quantile_compact,1,2182,0.04070045677651857,0.0658300478462846,0.44958753437213567,0.7176901924839597,0.8583868010999084,0.38060029687125396,26
colorado,irradiance_only,development_evaluation,quantile_compact,2,2181,0.05328687742792182,0.0922025595980555,0.44108207244383313,0.7097661623108665,0.8376891334250344,0.4457545397209444,26
colorado,irradiance_only,development_evaluation,quantile_compact,3,2180,0.06086944665196398,0.10805815805478547,0.42385321100917434,0.7252293577981651,0.8495412844036697,0.46096824505801226,26
colorado,irradiance_only,development_evaluation,quantile_compact,4,2180,0.06366538292931445,0.11675074648522386,0.44587155963302755,0.7256880733944954,0.8371559633027523,0.45972993293447334,26
colorado,irradiance_only,development_evaluation,quantile_flexible,1,2182,0.03953623003720334,0.0627237063822556,0.3913840513290559,0.6686526122823098,0.8336388634280477,0.33684186148521356,26
colorado,irradiance_only,development_evaluation,quantile_flexible,2,2181,0.05260507351983048,0.09253048253256842,0.37734983952315454,0.6813388353966071,0.8193489225126089,0.4129061827209852,26
colorado,irradiance_only,development_evaluation,quantile_flexible,3,2180,0.06118848843123628,0.10842872397115767,0.37706422018348623,0.6720183486238532,0.808256880733945,0.426389618276729,26
colorado,irradiance_only,development_evaluation,quantile_flexible,4,2180,0.06324889282810106,0.11432020908993128,0.37477064220183487,0.6811926605504587,0.7986238532110091,0.42960410183682424,26
colorado,irradiance_only,development_evaluation,single_imputation_compact,1,2182,0.04259475552310663,0.06364838784309321,0.5160403299725023,0.7268560953253895,0.8001833180568286,0.17925788137633328,26
colorado,irradiance_only,development_evaluation,single_imputation_compact,2,2181,0.06388716269444186,0.0929477077036828,0.4607977991746905,0.640990371389271,0.7157267308574049,0.21800074550259524,26
colorado,irradiance_only,development_evaluation,single_imputation_compact,3,2180,0.07454553310806053,0.10721609626877664,0.44174311926605503,0.618348623853211,0.6940366972477064,0.2386929394011913,26
colorado,irradiance_only,development_evaluation,single_imputation_compact,4,2180,0.07912144201294906,0.11423474043771623,0.4288990825688073,0.6178899082568807,0.7,0.2514288586824961,26
colorado,irradiance_only,development_evaluation,single_imputation_flexible,1,2182,0.046810240090759195,0.06344665985850692,0.4010082493125573,0.5751604032997251,0.655820348304308,0.11362031869921019,26
colorado,irradiance_only,development_evaluation,single_imputation_flexible,2,2181,0.06858191403778703,0.08987701730561438,0.3700137551581843,0.5080238422741862,0.5823016964695094,0.13461102884302242,26
colorado,irradiance_only,development_evaluation,single_imputation_flexible,3,2180,0.08326580235142395,0.10698679706919985,0.336697247706422,0.4798165137614679,0.5454128440366972,0.14409627575473646,26
colorado,irradiance_only,development_evaluation,single_imputation_flexible,4,2180,0.09102641922881853,0.11660123641812223,0.3238532110091743,0.4577981651376147,0.5334862385321101,0.1507123830114703,26
colorado,irradiance_only,validation,geometric_persistence,1,1921,0.050225022218016474,0.0743970600864561,0.45132743362831856,0.7235814679854242,0.8412285268089537,0.4305957380334716,22
colorado,irradiance_only,validation,geometric_persistence,2,1921,0.07636374831638375,0.12410095665115806,0.4305049453409682,0.6824570536179073,0.8516397709526289,0.5644742082160993,22
colorado,irradiance_only,validation,geometric_persistence,3,1921,0.09791753394331867,0.16699482627045178,0.4081207704320666,0.7006767308693389,0.8302967204580948,0.6557978980024961,22
colorado,irradiance_only,validation,geometric_persistence,4,1921,0.11511004071070992,0.20497603118230825,0.4023945861530453,0.6959916710046851,0.8224882873503384,0.7238512780051307,22
colorado,irradiance_only,validation,multiple_imputation_compact,1,1921,0.043938707887498075,0.06464673261299961,0.5221238938053098,0.7282665278500781,0.7933368037480479,0.17804917229010986,22
colorado,irradiance_only,validation,multiple_imputation_compact,2,1921,0.06104007220226273,0.09004333774738414,0.4560124934929724,0.6559083810515357,0.7298282144716294,0.21502599753099486,22
colorado,irradiance_only,validation,multiple_imputation_compact,3,1921,0.07029644064519135,0.1028388119969864,0.44560124934929723,0.633524206142634,0.7188964081207704,0.23803373129972297,22
colorado,irradiance_only,validation,multiple_imputation_compact,4,1921,0.0768826160811461,0.11222584877476949,0.43154606975533577,0.6147839666840187,0.6954711087975013,0.25080097461791373,22
colorado,irradiance_only,validation,multiple_imputation_flexible,1,1921,0.04732094592341888,0.06371919252978225,0.42321707444039564,0.5908381051535658,0.6689224362311296,0.11372353129288826,22
colorado,irradiance_only,validation,multiple_imputation_flexible,2,1921,0.06677055289332998,0.08887558359773154,0.34148880791254554,0.504424778761062,0.5851119208745446,0.13525004777623176,22
colorado,irradiance_only,validation,multiple_imputation_flexible,3,1921,0.08002368118260252,0.10466528528842212,0.3248308172826653,0.47579385736595525,0.5601249349297241,0.14653906696458127,22
colorado,irradiance_only,validation,multiple_imputation_flexible,4,1921,0.08620081725332666,0.11235409809118942,0.32639250390421654,0.46173867777199373,0.5361790733992712,0.15358832753801702,22
colorado,irradiance_only,validation,persistence,1,1921,0.06969006496742111,0.1180172447313818,0.4424778761061947,0.7402394586153045,0.8693388859968766,0.4952587941916908,22
colorado,irradiance_only,validation,persistence,2,1921,0.10977081776420893,0.2022541218048156,0.41644976574700676,0.7214992191566892,0.855804268610099,0.6484728673546497,22
colorado,irradiance_only,validation,persistence,3,1921,0.13646613323858653,0.261579382770916,0.4174908901613743,0.7183758459135867,0.84487246225924,0.7623973533091942,22
colorado,irradiance_only,validation,persistence,4,1921,0.1536975318546583,0.29937636503209974,0.4466423737636648,0.7027589796980739,0.8328995314940135,0.8231723559786437,22
colorado,irradiance_only,validation,quantile_compact,1,1921,0.03974760237628798,0.062223585161958375,0.4690265486725664,0.7506507027589797,0.8776678813118167,0.36794235140299325,22
colorado,irradiance_only,validation,quantile_compact,2,1921,0.050796274008665425,0.08795550318745093,0.4362311296199896,0.7464862051015096,0.8646538261322227,0.42841344089142097,22
colorado,irradiance_only,validation,quantile_compact,3,1921,0.057415959877084005,0.10040374312714533,0.43258719416970326,0.7293076522644456,0.8542425819885476,0.4505859414240998,22
colorado,irradiance_only,validation,quantile_compact,4,1921,0.06127171709805089,0.11027032882401472,0.4346694429984383,0.7256637168141593,0.8485163977095262,0.4516974361599462,22
colorado,irradiance_only,validation,quantile_flexible,1,1921,0.038312723074712056,0.06071162213132534,0.4034357105674128,0.6887038001041125,0.8438313378448724,0.31596395801842253,22
colorado,irradiance_only,validation,quantile_flexible,2,1921,0.049855261823825305,0.0851223911585089,0.38781884435190006,0.7022384174908901,0.8355023425299323,0.3964353649953301,22
colorado,irradiance_only,validation,quantile_flexible,3,1921,0.056922268801789334,0.09794799455098276,0.37792816241540866,0.6824570536179073,0.8271733472149921,0.41743657560437597,22
colorado,irradiance_only,validation,quantile_flexible,4,1921,0.06059985852828085,0.10850570296072452,0.3732431025507548,0.6845393024466424,0.8152004164497657,0.42323132946528336,22
colorado,irradiance_only,validation,single_imputation_compact,1,1921,0.044065534923042875,0.06471339938548602,0.5205622071837585,0.7277459656428943,0.7912545549193128,0.1773992815418431,22
colorado,irradiance_only,validation,single_imputation_compact,2,1921,0.0612032757351931,0.08990639561657032,0.459135866736075,0.6553878188443519,0.7303487766788131,0.21403154839387356,22
colorado,irradiance_only,validation,single_imputation_compact,3,1921,0.07049517491635497,0.10278834024465831,0.446121811556481,0.6330036439354503,0.7157730348776679,0.23648215205497908,22
colorado,irradiance_only,validation,single_imputation_compact,4,1921,0.0775857736959845,0.11268727022178374,0.43206663196251954,0.6127017178552837,0.6928682977615825,0.24908893292733064,22
colorado,irradiance_only,validation,single_imputation_flexible,1,1921,0.0474399042216401,0.06365359554093068,0.4242581988547631,0.5887558563248309,0.6673607496095784,0.11265468389460423,22
colorado,irradiance_only,validation,single_imputation_flexible,2,1921,0.06699792210282081,0.08876636281958447,0.34044768349817806,0.504424778761062,0.584070796460177,0.13348378678646994,22
colorado,irradiance_only,validation,single_imputation_flexible,3,1921,0.08027970172352904,0.10434934149348633,0.3248308172826653,0.47423217074440394,0.5570015616866215,0.14362737368822215,22
colorado,irradiance_only,validation,single_imputation_flexible,4,1921,0.08715112588444798,0.11272810165017096,0.32795419052576785,0.45549193128578863,0.5288912024986986,0.15050216672619476,22
colorado,irradiance_only,warmup,geometric_persistence,1,310,0.06519050795687853,0.08549807123188541,0.3741935483870968,0.5483870967741935,0.6838709677419355,0.30136121847430425,4
colorado,irradiance_only,warmup,geometric_persistence,2,310,0.09864751410160803,0.1430098599473238,0.34516129032258064,0.5225806451612903,0.667741935483871,0.46502165571668386,4
colorado,irradiance_only,warmup,geometric_persistence,3,310,0.12754671180637006,0.20417673950394913,0.3064516129032258,0.4935483870967742,0.6419354838709678,0.5663557640248147,4
colorado,irradiance_only,warmup,geometric_persistence,4,310,0.15236385362045532,0.26342578081139034,0.24516129032258063,0.43870967741935485,0.6193548387096774,0.6023147906079566,4
colorado,irradiance_only,warmup,multiple_imputation_compact,1,310,0.048199190597548944,0.07458217772741585,0.4064516129032258,0.6483870967741936,0.7548387096774194,0.18462521498316983,4
colorado,irradiance_only,warmup,multiple_imputation_compact,2,310,0.06796005166186238,0.10560309653213984,0.3225806451612903,0.5161290322580645,0.6193548387096774,0.22202375949387607,4
colorado,irradiance_only,warmup,multiple_imputation_compact,3,310,0.08617223023288288,0.1287331987227058,0.3096774193548387,0.5,0.5709677419354838,0.2427087908828426,4
colorado,irradiance_only,warmup,multiple_imputation_compact,4,310,0.10117928271807014,0.1480017332585686,0.27741935483870966,0.43548387096774194,0.5419354838709678,0.25595408823992627,4
colorado,irradiance_only,warmup,multiple_imputation_flexible,1,310,0.0539394265506457,0.0743032401832236,0.29354838709677417,0.47419354838709676,0.5741935483870968,0.11839667250284477,4
colorado,irradiance_only,warmup,multiple_imputation_flexible,2,310,0.08064464219857875,0.10745350306584392,0.22258064516129034,0.36129032258064514,0.41935483870967744,0.13863116752738563,4
colorado,irradiance_only,warmup,multiple_imputation_flexible,3,310,0.09709647609168251,0.12617135275260483,0.22580645161290322,0.3774193548387097,0.45161290322580644,0.1508102366714812,4
colorado,irradiance_only,warmup,multiple_imputation_flexible,4,310,0.11544513094120883,0.14721838467905835,0.2064516129032258,0.32903225806451614,0.4096774193548387,0.15817163472311535,4
colorado,irradiance_only,warmup,persistence,1,310,0.10154692496057663,0.1515187974368573,0.3709677419354839,0.6,0.7225806451612903,0.41057654803236443,4
colorado,irradiance_only,warmup,persistence,2,310,0.1526000837464299,0.25104787475460033,0.3,0.5935483870967742,0.6870967741935484,0.6039637771616273,4
colorado,irradiance_only,warmup,persistence,3,310,0.18350629549639458,0.3276412219734369,0.29354838709677417,0.5645161290322581,0.7064516129032258,0.7267599737481307,4
colorado,irradiance_only,warmup,persistence,4,310,0.20067006750939342,0.3766952518806949,0.26129032258064516,0.5645161290322581,0.6580645161290323,0.7469353467326826,4
colorado,irradiance_only,warmup,quantile_compact,1,310,0.04407793542914647,0.07114259275093777,0.4806451612903226,0.7645161290322581,0.9064516129032258,0.4304123873049894,4
colorado,irradiance_only,warmup,quantile_compact,2,310,0.057831523610193475,0.10295692273882615,0.4258064516129032,0.7774193548387097,0.9,0.5149208297701289,4
colorado,irradiance_only,warmup,quantile_compact,3,310,0.0670804352286658,0.11623199383050409,0.43870967741935485,0.7225806451612903,0.8548387096774194,0.5242765353570218,4
colorado,irradiance_only,warmup,quantile_compact,4,310,0.07326733402850531,0.1321275654246256,0.44516129032258067,0.7032258064516129,0.8193548387096774,0.5392146333892488,4
colorado,irradiance_only,warmup,quantile_flexible,1,310,0.04239881753119909,0.06707003069723674,0.4258064516129032,0.6903225806451613,0.8290322580645161,0.35862494749162627,4
colorado,irradiance_only,warmup,quantile_flexible,2,310,0.05769479948428101,0.10054322955219473,0.3709677419354839,0.7193548387096774,0.867741935483871,0.4813002719392856,4
colorado,irradiance_only,warmup,quantile_flexible,3,310,0.06711049655528972,0.1150338198082864,0.38064516129032255,0.6709677419354839,0.8064516129032258,0.5029047930592804,4
colorado,irradiance_only,warmup,quantile_flexible,4,310,0.07359055403929653,0.12472477908515932,0.36774193548387096,0.6419354838709678,0.7870967741935484,0.5186273246013154,4
colorado,irradiance_only,warmup,single_imputation_compact,1,310,0.04827928329282316,0.07428087447609542,0.4161290322580645,0.6387096774193548,0.7516129032258064,0.18363617295734974,4
colorado,irradiance_only,warmup,single_imputation_compact,2,310,0.06782425400725026,0.10502733143868573,0.3225806451612903,0.5193548387096775,0.6193548387096774,0.22007413628733566,4
colorado,irradiance_only,warmup,single_imputation_compact,3,310,0.08582107800831018,0.12759223883064796,0.3161290322580645,0.5064516129032258,0.5774193548387097,0.24014878599318157,4
colorado,irradiance_only,warmup,single_imputation_compact,4,310,0.1012098246556545,0.1471280164910558,0.2870967741935484,0.43870967741935485,0.5387096774193548,0.2532924221433076,4
colorado,irradiance_only,warmup,single_imputation_flexible,1,310,0.05431721038442516,0.07414268002190129,0.3,0.47096774193548385,0.5741935483870968,0.11567439045326336,4
colorado,irradiance_only,warmup,single_imputation_flexible,2,310,0.0803389884864686,0.10651563292300192,0.22258064516129034,0.36451612903225805,0.4161290322580645,0.13512241141634737,4
colorado,irradiance_only,warmup,single_imputation_flexible,3,310,0.0970602534261054,0.12522313773928284,0.23225806451612904,0.38387096774193546,0.45483870967741935,0.1466311342372755,4
colorado,irradiance_only,warmup,single_imputation_flexible,4,310,0.11662698545264169,0.14735205093384232,0.20967741935483872,0.33225806451612905,0.4064516129032258,0.15342639311965853,4
colorado,joint_immediate,development_evaluation,geometric_persistence,1,2182,0.05769000005037234,0.08359297381277425,0.41934005499541704,0.6686526122823098,0.8153070577451879,0.3927918660728542,26
colorado,joint_immediate,development_evaluation,geometric_persistence,2,2181,0.08051091139571914,0.12879210765077218,0.40715268225584594,0.6634571297569922,0.8243924805135259,0.5305342704917562,26
colorado,joint_immediate,development_evaluation,geometric_persistence,3,2180,0.09846563543235301,0.16951380982220138,0.4022935779816514,0.6605504587155964,0.8174311926605504,0.622194458701084,26
colorado,joint_immediate,development_evaluation,geometric_persistence,4,2180,0.11078377407058818,0.20141049248364926,0.40275229357798165,0.6655963302752294,0.8224770642201835,0.6810625573765087,26
colorado,joint_immediate,development_evaluation,multiple_imputation_compact,1,2182,0.04409805280090157,0.06736922470551916,0.5137488542621448,0.7328139321723189,0.8102658111824015,0.19638790432574516,26
colorado,joint_immediate,development_evaluation,multiple_imputation_compact,2,2181,0.0643694219784998,0.09480192062820235,0.45392022008253097,0.6451169188445667,0.7226043099495644,0.22505103732088869,26
colorado,joint_immediate,development_evaluation,multiple_imputation_compact,3,2180,0.07508574139202795,0.10872131425516375,0.4362385321100917,0.6160550458715597,0.6944954128440367,0.24251765347262175,26
colorado,joint_immediate,development_evaluation,multiple_imputation_compact,4,2180,0.07953907443924606,0.11517036295294038,0.4261467889908257,0.6160550458715597,0.6986238532110092,0.25335255205005125,26
colorado,joint_immediate,development_evaluation,multiple_imputation_flexible,1,2182,0.04801343427812878,0.06709971785493136,0.4055912007332722,0.5912007332722273,0.6718606782768103,0.13308200601115866,26
colorado,joint_immediate,development_evaluation,multiple_imputation_flexible,2,2181,0.06874431287807176,0.09159163878606438,0.36680421824850984,0.5126088950022926,0.5923888124713435,0.1436313971315088,26
colorado,joint_immediate,development_evaluation,multiple_imputation_flexible,3,2180,0.08358040782456927,0.10836461000571,0.3339449541284404,0.48027522935779815,0.5495412844036697,0.1496006886706615,26
colorado,joint_immediate,development_evaluation,multiple_imputation_flexible,4,2180,0.09106513902636307,0.11717190170093139,0.32614678899082566,0.4596330275229358,0.5403669724770642,0.1538969021927404,26
colorado,joint_immediate,development_evaluation,persistence,1,2182,0.08275931391844107,0.1356011132345046,0.3927589367552704,0.6883593033913841,0.8382218148487626,0.4633938192305229,26
colorado,joint_immediate,development_evaluation,persistence,2,2181,0.11698691285992456,0.21139663823185037,0.41357175607519486,0.6964695093993581,0.8413571756075194,0.6213748267956077,26
colorado,joint_immediate,development_evaluation,persistence,3,2180,0.13807107546158606,0.26228780398365614,0.41376146788990825,0.7119266055045872,0.8518348623853211,0.734796971240536,26
colorado,joint_immediate,development_evaluation,persistence,4,2180,0.14922771200678892,0.2891170982522428,0.42568807339449544,0.7110091743119266,0.8463302752293578,0.7849381315668379,26
colorado,joint_immediate,development_evaluation,quantile_compact,1,2182,0.04229671599892321,0.06939831164506516,0.4546287809349221,0.7250229147571036,0.8583868010999084,0.3884695360057235,26
colorado,joint_immediate,development_evaluation,quantile_compact,2,2181,0.05391793078077555,0.09369723125356277,0.44795965153599265,0.7152682255845942,0.8399816597890876,0.44802642310918167,26
colorado,joint_immediate,development_evaluation,quantile_compact,3,2180,0.0610394099534082,0.10867538299223216,0.4243119266055046,0.7256880733944954,0.8486238532110092,0.4610702089252185,26
colorado,joint_immediate,development_evaluation,quantile_compact,4,2180,0.06369479811309114,0.11680460571867407,0.4444954128440367,0.7256880733944954,0.8371559633027523,0.45969376239235754,26
colorado,joint_immediate,development_evaluation,quantile_flexible,1,2182,0.04076504392650134,0.06503032471784544,0.3987167736021998,0.6801099908340972,0.8359303391384051,0.34523462093992,26
colorado,joint_immediate,development_evaluation,quantile_flexible,2,2181,0.05299979555370599,0.09296290648385322,0.3810178817056396,0.6859238881247134,0.8193489225126089,0.41628879722523876,26
colorado,joint_immediate,development_evaluation,quantile_flexible,3,2180,0.061346160001699776,0.10901778660964058,0.3793577981651376,0.6729357798165138,0.8077981651376147,0.42715795589511085,26
colorado,joint_immediate,development_evaluation,quantile_flexible,4,2180,0.06328222086921202,0.1144283684106042,0.3775229357798165,0.6811926605504587,0.7986238532110091,0.4295262054847567,26
colorado,joint_immediate,development_evaluation,single_imputation_compact,1,2182,0.045122154984962776,0.06677326554207232,0.504582951420715,0.7112740604949588,0.7868927589367553,0.1794447064744902,26
colorado,joint_immediate,development_evaluation,single_imputation_compact,2,2181,0.0647857552957988,0.09417787229357276,0.45483723062815223,0.6350298028427327,0.7125171939477304,0.21799774389190818,26
colorado,joint_immediate,development_evaluation,single_imputation_compact,3,2180,0.07533237736790106,0.10835596642758781,0.43669724770642204,0.6119266055045871,0.6885321100917431,0.23862701899732314,26
colorado,joint_immediate,development_evaluation,single_imputation_compact,4,2180,0.07972926598017746,0.11495447357146957,0.42844036697247706,0.6137614678899083,0.6958715596330275,0.25138482224797243,26
colorado,joint_immediate,development_evaluation,single_imputation_flexible,1,2182,0.049539526716778616,0.06642206545662975,0.39550870760769935,0.5650779101741522,0.6416131989000916,0.11375745995237602,26
colorado,joint_immediate,development_evaluation,single_imputation_flexible,2,2181,0.0696800097333556,0.09115032143373564,0.3626776707932141,0.5025217790004585,0.5749656121045392,0.1346324397588894,26
colorado,joint_immediate,development_evaluation,single_imputation_flexible,3,2180,0.08418550263408603,0.1080647218953436,0.33256880733944955,0.47522935779816516,0.5389908256880734,0.14402863741601152,26
colorado,joint_immediate,development_evaluation,single_imputation_flexible,4,2180,0.09163724130493218,0.1172076965449437,0.3238532110091743,0.45825688073394494,0.5339449541284403,0.15066749154989464,26
colorado,joint_immediate,validation,geometric_persistence,1,1921,0.06050822759519805,0.08878156270054066,0.42894325871941696,0.7006767308693389,0.8193649141072358,0.42444677922619084,22
colorado,joint_immediate,validation,geometric_persistence,2,1921,0.08273652940901843,0.13429789000490597,0.42061426340447683,0.6710046850598647,0.8334200937011973,0.5560181100280133,22
colorado,joint_immediate,validation,geometric_persistence,3,1921,0.10097576949841318,0.17344391000135767,0.4060385216033316,0.691827173347215,0.8209266007287871,0.6473084333210082,22
colorado,joint_immediate,validation,geometric_persistence,4,1921,0.11553296899071276,0.20786065302595633,0.40447683498178033,0.69390942217595,0.8214471629359709,0.716383628803996,22
colorado,joint_immediate,validation,multiple_imputation_compact,1,1921,0.04637523407716967,0.07104539789828186,0.5200416449765747,0.735033836543467,0.8027069234773555,0.20366466313969678,22
colorado,joint_immediate,validation,multiple_imputation_compact,2,1921,0.06193552932601194,0.09319337873909128,0.4549713690786049,0.6574700676730869,0.7360749609578344,0.22808444309467601,22
colorado,joint_immediate,validation,multiple_imputation_compact,3,1921,0.07070385889355592,0.10430586408200011,0.44456012493492975,0.6330036439354503,0.7214992191566892,0.24351531976369184,22
colorado,joint_immediate,validation,multiple_imputation_compact,4,1921,0.07718768028851672,0.11283416522648192,0.4346694429984383,0.614263404476835,0.69807391983342,0.2532596618213667,22
colorado,joint_immediate,validation,multiple_imputation_flexible,1,1921,0.04959284071703852,0.07013464879495727,0.4273815720978657,0.6048932847475273,0.6861009890681936,0.14152546600357957,22
colorado,joint_immediate,validation,multiple_imputation_flexible,2,1921,0.0674832755362221,0.09205986237218898,0.34148880791254554,0.5127537740760021,0.5950026028110359,0.14991263361342894,22
colorado,joint_immediate,validation,multiple_imputation_flexible,3,1921,0.08014599175806492,0.10580691123397971,0.3248308172826653,0.4799583550234253,0.566892243623113,0.15314681550950343,22
colorado,joint_immediate,validation,multiple_imputation_flexible,4,1921,0.0863103316587194,0.11297364357630744,0.32899531494013534,0.46382092660072877,0.5382613222280063,0.1572562914098204,22
colorado,joint_immediate,validation,persistence,1,1921,0.08082191520072043,0.1327762887041683,0.4305049453409682,0.7147319104633003,0.8422696512233212,0.48728513395712747,22
colorado,joint_immediate,validation,persistence,2,1921,0.11462972015573805,0.2089671001611489,0.4117647058823529,0.7105674128058302,0.8401874023945861,0.6371245197138411,22
colorado,joint_immediate,validation,persistence,3,1921,0.1365748700018668,0.2615350593946495,0.4211348256116606,0.7162935970848516,0.8365434669442998,0.7489927651832387,22
colorado,joint_immediate,validation,persistence,4,1921,0.15102653847510164,0.2943383524458072,0.4534096824570536,0.7079646017699115,0.831858407079646,0.8095100370888224,22
colorado,joint_immediate,validation,quantile_compact,1,1921,0.041517129860048234,0.06694220461532954,0.4721499219156689,0.7475273295158772,0.8802706923477356,0.3766444355068122,22
colorado,joint_immediate,validation,quantile_compact,2,1921,0.051311104696198734,0.0892572674146249,0.43883394065590836,0.7459656428943259,0.8662155127537741,0.43143000360905714,22
colorado,joint_immediate,validation,quantile_compact,3,1921,0.057650834415132655,0.10079081752008087,0.4305049453409682,0.7282665278500781,0.8537220197813639,0.45071366473824787,22
colorado,joint_immediate,validation,quantile_compact,4,1921,0.06130510301194583,0.11035245771109957,0.431025507548152,0.7251431546069755,0.8485163977095262,0.45152798458716725,22
colorado,joint_immediate,validation,quantile_flexible,1,1921,0.039891677302947647,0.06432486201477473,0.40707964601769914,0.6923477355543988,0.8459135866736075,0.3263635291595112,22
colorado,joint_immediate,validation,quantile_flexible,2,1921,0.05044866848771711,0.08669290869967519,0.3872982821447163,0.7032795419052577,0.8370640291514836,0.4002555543709189,22
colorado,joint_immediate,validation,quantile_flexible,3,1921,0.05716181931450942,0.0986009178820319,0.37636647579385735,0.6824570536179073,0.8261322228006247,0.4184864365959282,22
colorado,joint_immediate,validation,quantile_flexible,4,1921,0.06070491360751929,0.10875901192977432,0.36907860489328476,0.6850598646538262,0.8146798542425819,0.42310206299639036,22
colorado,joint_immediate,validation,single_imputation_compact,1,1921,0.048875905978678365,0.07024731588187345,0.5080687142113482,0.709005726184279,0.7719937532535138,0.17775799288627303,22
colorado,joint_immediate,validation,single_imputation_compact,2,1921,0.06316023696461459,0.09233268930989771,0.45184799583550234,0.6454971369078605,0.7204580947423217,0.21435488154725976,22
colorado,joint_immediate,validation,single_imputation_compact,3,1921,0.07138324270797526,0.10390065715781091,0.44143675169182717,0.6251952108276939,0.7121290994273816,0.23662931379656893,22
colorado,joint_immediate,validation,single_imputation_compact,4,1921,0.07787565609836435,0.11290760487362794,0.4336283185840708,0.6121811556480999,0.6933888599687663,0.24916868018762936,22
colorado,joint_immediate,validation,single_imputation_flexible,1,1921,0.052367890742067685,0.0689920630296167,0.4122852680895367,0.5741801145236856,0.6491410723581468,0.11289067176317504,22
colorado,joint_immediate,validation,single_imputation_flexible,2,1921,0.06907339078880222,0.09105958894397614,0.33524206142634044,0.4986985944820406,0.5762623633524206,0.1337082198715386,22
colorado,joint_immediate,validation,single_imputation_flexible,3,1921,0.0813601906424194,0.10556217951572171,0.32274856845393024,0.4716293597084852,0.5543987506507028,0.14367297804027987,22
colorado,joint_immediate,validation,single_imputation_flexible,4,1921,0.08736567585068923,0.11291189349481924,0.3274336283185841,0.45757418011452367,0.5273295158771473,0.15046658272620772,22
colorado,joint_immediate,warmup,geometric_persistence,1,310,0.08593087231551928,0.11189503083728605,0.3419354838709677,0.5032258064516129,0.632258064516129,0.29227078656231975,4
colorado,joint_immediate,warmup,geometric_persistence,2,310,0.11198603527026307,0.16569314905248264,0.3193548387096774,0.4870967741935484,0.632258064516129,0.4525234643830345,4
colorado,joint_immediate,warmup,geometric_persistence,3,310,0.13538731755379385,0.2218666903043282,0.2806451612903226,0.4645161290322581,0.6225806451612903,0.5548299994263151,4
colorado,joint_immediate,warmup,geometric_persistence,4,310,0.15727313667251674,0.2758823288619425,0.22580645161290322,0.42258064516129035,0.6096774193548387,0.5929626625796105,4
colorado,joint_immediate,warmup,multiple_imputation_compact,1,310,0.05074171862932086,0.07932501208766837,0.4258064516129032,0.6612903225806451,0.7709677419354839,0.22338638772292105,4
colorado,joint_immediate,warmup,multiple_imputation_compact,2,310,0.06898601250711796,0.10812122860682133,0.3419354838709677,0.5387096774193548,0.6451612903225806,0.24576227196465303,4
colorado,joint_immediate,warmup,multiple_imputation_compact,3,310,0.08520727628467765,0.12848503682340276,0.3161290322580645,0.5161290322580645,0.5903225806451613,0.25377004017678056,4
colorado,joint_immediate,warmup,multiple_imputation_compact,4,310,0.10058898839746973,0.14809627886317012,0.27741935483870966,0.4483870967741935,0.5451612903225806,0.26046302627731605,4
colorado,joint_immediate,warmup,multiple_imputation_flexible,1,310,0.05622891177661296,0.07908993191200048,0.3225806451612903,0.5064516129032258,0.603225806451613,0.1607726438213332,4
colorado,joint_immediate,warmup,multiple_imputation_flexible,2,310,0.0809873670576284,0.11038074713985856,0.23870967741935484,0.3903225806451613,0.4612903225806452,0.16601848549792875,4
colorado,joint_immediate,warmup,multiple_imputation_flexible,3,310,0.09629051397043968,0.12674853905463715,0.23225806451612904,0.3935483870967742,0.46774193548387094,0.16493656721119726,4
colorado,joint_immediate,warmup,multiple_imputation_flexible,4,310,0.11534466058024137,0.14853236569955008,0.2032258064516129,0.33548387096774196,0.41935483870967744,0.16500473415741915,4
colorado,joint_immediate,warmup,persistence,1,310,0.11750610129439233,0.17317435764285882,0.3419354838709677,0.5516129032258065,0.6741935483870968,0.3943363341712913,4
colorado,joint_immediate,warmup,persistence,2,310,0.15904792331716464,0.26401149267683083,0.2806451612903226,0.5612903225806452,0.6548387096774193,0.5818628508937423,4
colorado,joint_immediate,warmup,persistence,3,310,0.18444859446548534,0.3324552454755158,0.2806451612903226,0.5419354838709678,0.6903225806451613,0.7036187449895093,4
colorado,joint_immediate,warmup,persistence,4,310,0.19989129241197115,0.3773757628893556,0.25161290322580643,0.5483870967741935,0.6451612903225806,0.7270663692560901,4
colorado,joint_immediate,warmup,quantile_compact,1,310,0.04692683747722093,0.07857404935213624,0.4870967741935484,0.7580645161290323,0.9064516129032258,0.44036897647627726,4
colorado,joint_immediate,warmup,quantile_compact,2,310,0.059417305965428546,0.10716706883512923,0.43548387096774194,0.7709677419354839,0.9,0.5193575014983557,4
colorado,joint_immediate,warmup,quantile_compact,3,310,0.06758461174522842,0.11809853878771426,0.43870967741935485,0.7161290322580646,0.8548387096774194,0.5241350969545545,4
colorado,joint_immediate,warmup,quantile_compact,4,310,0.07336912223395434,0.13239568449433478,0.43870967741935485,0.6967741935483871,0.8193548387096774,0.5385768972782154,4
colorado,joint_immediate,warmup,quantile_flexible,1,310,0.044863566735827504,0.07240224434778568,0.432258064516129,0.6870967741935484,0.8290322580645161,0.3724609136461212,4
colorado,joint_immediate,warmup,quantile_flexible,2,310,0.058967267520241826,0.10316409883202966,0.3709677419354839,0.7193548387096774,0.867741935483871,0.48699512275932283,4
colorado,joint_immediate,warmup,quantile_flexible,3,310,0.06751041930838007,0.11607581161457513,0.3709677419354839,0.667741935483871,0.8096774193548387,0.5036272116974548,4
colorado,joint_immediate,warmup,quantile_flexible,4,310,0.07383888249542926,0.12577808542868976,0.3580645161290323,0.6387096774193548,0.7870967741935484,0.5184124157787973,4
colorado,joint_immediate,warmup,single_imputation_compact,1,310,0.05314768109806892,0.08019955473850343,0.3935483870967742,0.6096774193548387,0.7290322580645161,0.18378847280951446,4
colorado,joint_immediate,warmup,single_imputation_compact,2,310,0.07063163983930072,0.107957433852901,0.3258064516129032,0.5129032258064516,0.6064516129032258,0.21999637943984163,4
colorado,joint_immediate,warmup,single_imputation_compact,3,310,0.08738538302435148,0.12939494169348958,0.3,0.5064516129032258,0.5774193548387097,0.2398297999541631,4
colorado,joint_immediate,warmup,single_imputation_compact,4,310,0.10221534037510409,0.14863491987234317,0.27741935483870966,0.43548387096774194,0.535483870967742,0.2533426893545296,4
colorado,joint_immediate,warmup,single_imputation_flexible,1,310,0.05918563893124463,0.07916691913724594,0.2967741935483871,0.45161290322580644,0.5451612903225806,0.11567791283974221,4
colorado,joint_immediate,warmup,single_imputation_flexible,2,310,0.08370055648719002,0.11014483383189361,0.21935483870967742,0.3580645161290323,0.4129032258064516,0.13511984146139128,4
colorado,joint_immediate,warmup,single_imputation_flexible,3,310,0.09837798579120084,0.1265597053934732,0.23548387096774193,0.3870967741935484,0.45483870967741935,0.14638465584416616,4
colorado,joint_immediate,warmup,single_imputation_flexible,4,310,0.11804755827824462,0.1488746410787562,0.2032258064516129,0.3258064516129032,0.4,0.153442833801902,4
colorado,joint_gradual,development_evaluation,geometric_persistence,1,2182,0.05769000005037234,0.08359297381277425,0.41934005499541704,0.6686526122823098,0.8153070577451879,0.3927918660728542,26
colorado,joint_gradual,development_evaluation,geometric_persistence,2,2181,0.08051091139571914,0.12879210765077218,0.40715268225584594,0.6634571297569922,0.8243924805135259,0.5305342704917562,26
colorado,joint_gradual,development_evaluation,geometric_persistence,3,2180,0.09846563543235301,0.16951380982220138,0.4022935779816514,0.6605504587155964,0.8174311926605504,0.622194458701084,26
colorado,joint_gradual,development_evaluation,geometric_persistence,4,2180,0.11078377407058818,0.20141049248364926,0.40275229357798165,0.6655963302752294,0.8224770642201835,0.6810625573765087,26
colorado,joint_gradual,development_evaluation,multiple_imputation_compact,1,2182,0.04409648210113438,0.06740434880393825,0.5142071494042163,0.7323556370302475,0.8102658111824015,0.1966799336689511,26
colorado,joint_gradual,development_evaluation,multiple_imputation_compact,2,2181,0.06444869012215095,0.09494822735804061,0.45392022008253097,0.6432828977533241,0.7221458046767538,0.22548567924655663,26
colorado,joint_gradual,development_evaluation,multiple_imputation_compact,3,2180,0.07510130525535785,0.10888834672721945,0.43394495412844036,0.6155963302752293,0.6940366972477064,0.24290335063728405,26
colorado,joint_gradual,development_evaluation,multiple_imputation_compact,4,2180,0.07964892531349968,0.1153601540551499,0.4261467889908257,0.613302752293578,0.6977064220183486,0.25372594344761634,26
colorado,joint_gradual,development_evaluation,multiple_imputation_flexible,1,2182,0.048070500666134566,0.06724172931106294,0.4074243813015582,0.5912007332722273,0.6718606782768103,0.13359677081142174,26
colorado,joint_gradual,development_evaluation,multiple_imputation_flexible,2,2181,0.0688954174555643,0.09185948281715166,0.36680421824850984,0.5135259055479138,0.5910132966529115,0.1444354994806838,26
colorado,joint_gradual,development_evaluation,multiple_imputation_flexible,3,2180,0.08353487040774683,0.10854254154189162,0.3330275229357798,0.47844036697247705,0.5495412844036697,0.15039721229108335,26
colorado,joint_gradual,development_evaluation,multiple_imputation_flexible,4,2180,0.09115494992625597,0.11738973893127837,0.32706422018348624,0.46009174311926604,0.5389908256880734,0.15453580827710534,26
colorado,joint_gradual,development_evaluation,persistence,1,2182,0.08275931391844107,0.1356011132345046,0.3927589367552704,0.6883593033913841,0.8382218148487626,0.4633938192305229,26
colorado,joint_gradual,development_evaluation,persistence,2,2181,0.11698691285992456,0.21139663823185037,0.41357175607519486,0.6964695093993581,0.8413571756075194,0.6213748267956077,26
colorado,joint_gradual,development_evaluation,persistence,3,2180,0.13807107546158606,0.26228780398365614,0.41376146788990825,0.7119266055045872,0.8518348623853211,0.734796971240536,26
colorado,joint_gradual,development_evaluation,persistence,4,2180,0.14922771200678892,0.2891170982522428,0.42568807339449544,0.7110091743119266,0.8463302752293578,0.7849381315668379,26
colorado,joint_gradual,development_evaluation,quantile_compact,1,2182,0.0423764344681257,0.06952662793872415,0.45646196150320806,0.7241063244729606,0.8579285059578369,0.38865235692525407,26
colorado,joint_gradual,development_evaluation,quantile_compact,2,2181,0.054124392304611184,0.0944857155914409,0.4470426409903714,0.712975699220541,0.8404401650618982,0.4480020830256591,26
colorado,joint_gradual,development_evaluation,quantile_compact,3,2180,0.061289460457964365,0.10934621889494091,0.42385321100917434,0.726605504587156,0.8486238532110092,0.46115858190149395,26
colorado,joint_gradual,development_evaluation,quantile_compact,4,2180,0.06398725230828992,0.11748530389782087,0.44311926605504587,0.7275229357798165,0.8371559633027523,0.4600480388132186,26
colorado,joint_gradual,development_evaluation,quantile_flexible,1,2182,0.04084718949978457,0.06519417902742147,0.4000916590284143,0.6787351054078826,0.8359303391384051,0.34565180608999335,26
colorado,joint_gradual,development_evaluation,quantile_flexible,2,2181,0.05320261199390417,0.09354083610778695,0.38147638697845027,0.6850068775790922,0.8198074277854195,0.4165495852387243,26
colorado,joint_gradual,development_evaluation,quantile_flexible,3,2180,0.061550863146463124,0.10937650761900222,0.3798165137614679,0.673394495412844,0.808256880733945,0.4275861240454555,26
colorado,joint_gradual,development_evaluation,quantile_flexible,4,2180,0.06355171691374037,0.1152078893160761,0.3779816513761468,0.681651376146789,0.7986238532110091,0.42996715751131054,26
colorado,joint_gradual,development_evaluation,single_imputation_compact,1,2182,0.04515937909170253,0.06683311148564258,0.504582951420715,0.7112740604949588,0.7864344637946837,0.17944266907931786,26
colorado,joint_gradual,development_evaluation,single_imputation_compact,2,2181,0.06485380653116694,0.09421631219215809,0.45621274644658416,0.6341127922971114,0.7116001834021092,0.21799796375461464,26
colorado,joint_gradual,development_evaluation,single_imputation_compact,3,2180,0.07535769853249405,0.10844596696942735,0.43394495412844036,0.6110091743119266,0.6876146788990826,0.2386332665446179,26
colorado,joint_gradual,development_evaluation,single_imputation_compact,4,2180,0.07989347414354384,0.11518622993067482,0.42935779816513764,0.6110091743119266,0.6935779816513762,0.251377225519136,26
colorado,joint_gradual,development_evaluation,single_imputation_flexible,1,2182,0.049647326524560394,0.06651257385866749,0.3950504124656279,0.5650779101741522,0.6406966086159487,0.11375441959496453,26
colorado,joint_gradual,development_evaluation,single_imputation_flexible,2,2181,0.06984898963113224,0.09132367623463687,0.3622191655204035,0.5025217790004585,0.5735900962861072,0.1346363542164811,26
colorado,joint_gradual,development_evaluation,single_imputation_flexible,3,2180,0.08425248639268586,0.10818895447381965,0.33165137614678897,0.47339449541284406,0.5376146788990825,0.1440390817790113,26
colorado,joint_gradual,development_evaluation,single_imputation_flexible,4,2180,0.09185982898260037,0.11745598043243384,0.3229357798165138,0.4573394495412844,0.5325688073394496,0.15065367505733485,26
colorado,joint_gradual,validation,geometric_persistence,1,1921,0.06050822759519805,0.08878156270054066,0.42894325871941696,0.7006767308693389,0.8193649141072358,0.42444677922619084,22
colorado,joint_gradual,validation,geometric_persistence,2,1921,0.08273652940901843,0.13429789000490597,0.42061426340447683,0.6710046850598647,0.8334200937011973,0.5560181100280133,22
colorado,joint_gradual,validation,geometric_persistence,3,1921,0.10097576949841318,0.17344391000135767,0.4060385216033316,0.691827173347215,0.8209266007287871,0.6473084333210082,22
colorado,joint_gradual,validation,geometric_persistence,4,1921,0.11553296899071276,0.20786065302595633,0.40447683498178033,0.69390942217595,0.8214471629359709,0.716383628803996,22
colorado,joint_gradual,validation,multiple_imputation_compact,1,1921,0.046325928093277416,0.07097793866907402,0.5200416449765747,0.7360749609578344,0.8032274856845393,0.20377341577724184,22
colorado,joint_gradual,validation,multiple_imputation_compact,2,1921,0.06176226021424448,0.09305205476626534,0.4549713690786049,0.659552316501822,0.737116085372202,0.22836634143881063,22
colorado,joint_gradual,validation,multiple_imputation_compact,3,1921,0.07055892912870687,0.10412401475623405,0.4466423737636648,0.633524206142634,0.7230609057782404,0.24379945262674524,22
colorado,joint_gradual,validation,multiple_imputation_compact,4,1921,0.07710982686447743,0.11286005403069188,0.43571056741280584,0.6158250910983862,0.69807391983342,0.253566965712116,22
colorado,joint_gradual,validation,multiple_imputation_flexible,1,1921,0.04946649715513183,0.06998932144736747,0.42894325871941696,0.6048932847475273,0.6897449245184799,0.1419857182423395,22
colorado,joint_gradual,validation,multiple_imputation_flexible,2,1921,0.06732367262851262,0.09194116419955682,0.3425299323269131,0.5127537740760021,0.597084851639771,0.1506798047550747,22
colorado,joint_gradual,validation,multiple_imputation_flexible,3,1921,0.07993563351707755,0.10564155458523601,0.3295158771473191,0.48204060385216035,0.566892243623113,0.15397419919963856,22
colorado,joint_gradual,validation,multiple_imputation_flexible,4,1921,0.08602730873541044,0.11284457032186057,0.3295158771473191,0.4664237376366476,0.540864133263925,0.15779986726003573,22
colorado,joint_gradual,validation,persistence,1,1921,0.08082191520072043,0.1327762887041683,0.4305049453409682,0.7147319104633003,0.8422696512233212,0.48728513395712747,22
colorado,joint_gradual,validation,persistence,2,1921,0.11462972015573805,0.2089671001611489,0.4117647058823529,0.7105674128058302,0.8401874023945861,0.6371245197138411,22
colorado,joint_gradual,validation,persistence,3,1921,0.1365748700018668,0.2615350593946495,0.4211348256116606,0.7162935970848516,0.8365434669442998,0.7489927651832387,22
colorado,joint_gradual,validation,persistence,4,1921,0.15102653847510164,0.2943383524458072,0.4534096824570536,0.7079646017699115,0.831858407079646,0.8095100370888224,22
colorado,joint_gradual,validation,quantile_compact,1,1921,0.041513698721251775,0.06700705587627843,0.4716293597084852,0.7475273295158772,0.8802706923477356,0.37688167538690637,22
colorado,joint_gradual,validation,quantile_compact,2,1921,0.051318588541198126,0.08929660753131458,0.4398750650702759,0.7459656428943259,0.8672566371681416,0.4315722101685243,22
colorado,joint_gradual,validation,quantile_compact,3,1921,0.05768844372780325,0.10075031874301132,0.4299843831337845,0.7287870900572618,0.8542425819885476,0.4508749679255073,22
colorado,joint_gradual,validation,quantile_compact,4,1921,0.06141076577360734,0.1105605721454725,0.43258719416970326,0.7256637168141593,0.84903695991671,0.45189350763973335,22
colorado,joint_gradual,validation,quantile_flexible,1,1921,0.03989375944635284,0.06441373098229532,0.4081207704320666,0.691827173347215,0.8459135866736075,0.32676266917434255,22
colorado,joint_gradual,validation,quantile_flexible,2,1921,0.050460186380907955,0.08671946224266706,0.385736595523165,0.7038001041124414,0.8375845913586674,0.40056227929336385,22
colorado,joint_gradual,validation,quantile_flexible,3,1921,0.057224080839114934,0.09861524204665449,0.37896928682977615,0.6824570536179073,0.8261322228006247,0.41884908777924,22
colorado,joint_gradual,validation,quantile_flexible,4,1921,0.06078857326753989,0.1088688380677339,0.36959916710046853,0.6861009890681936,0.8152004164497657,0.4236301010863268,22
colorado,joint_gradual,validation,single_imputation_compact,1,1921,0.04888000056113308,0.07029362952988537,0.5070275897969807,0.7095262883914628,0.7725143154606976,0.17775339095070908,22
colorado,joint_gradual,validation,single_imputation_compact,2,1921,0.06315356480556021,0.09237596552178247,0.45132743362831856,0.6454971369078605,0.7204580947423217,0.2143420763976031,22
colorado,joint_gradual,validation,single_imputation_compact,3,1921,0.07133798510894356,0.10387164650175207,0.44143675169182717,0.6251952108276939,0.7121290994273816,0.23662916671491624,22
colorado,joint_gradual,validation,single_imputation_compact,4,1921,0.07789126000682861,0.11296062144681931,0.43258719416970326,0.6121811556480999,0.6933888599687663,0.24916499526571134,22
colorado,joint_gradual,validation,single_imputation_flexible,1,1921,0.05232369985430437,0.06893160386347548,0.41384695471108796,0.5736595523165018,0.6496616345653305,0.1128995586297573,22
colorado,joint_gradual,validation,single_imputation_flexible,2,1921,0.06906342193822945,0.09103608665684722,0.336283185840708,0.4976574700676731,0.5757418011452369,0.13369377234855154,22
colorado,joint_gradual,validation,single_imputation_flexible,3,1921,0.08135893374728358,0.10554950674583355,0.3237896928682978,0.47058823529411764,0.5523165018219677,0.14366922259157006,22
colorado,joint_gradual,validation,single_imputation_flexible,4,1921,0.08729740023952082,0.11287576745152467,0.32639250390421654,0.45757418011452367,0.5283706402915148,0.15045898109858252,22
colorado,joint_gradual,warmup,geometric_persistence,1,310,0.08593087231551928,0.11189503083728605,0.3419354838709677,0.5032258064516129,0.632258064516129,0.29227078656231975,4
colorado,joint_gradual,warmup,geometric_persistence,2,310,0.11198603527026307,0.16569314905248264,0.3193548387096774,0.4870967741935484,0.632258064516129,0.4525234643830345,4
colorado,joint_gradual,warmup,geometric_persistence,3,310,0.13538731755379385,0.2218666903043282,0.2806451612903226,0.4645161290322581,0.6225806451612903,0.5548299994263151,4
colorado,joint_gradual,warmup,geometric_persistence,4,310,0.15727313667251674,0.2758823288619425,0.22580645161290322,0.42258064516129035,0.6096774193548387,0.5929626625796105,4
colorado,joint_gradual,warmup,multiple_imputation_compact,1,310,0.050746031201351745,0.07917173627847697,0.4258064516129032,0.6580645161290323,0.7709677419354839,0.22350866007454934,4
colorado,joint_gradual,warmup,multiple_imputation_compact,2,310,0.06909801246604995,0.10815469800122705,0.3387096774193548,0.5387096774193548,0.6419354838709678,0.24557987896152486,4
colorado,joint_gradual,warmup,multiple_imputation_compact,3,310,0.08546223887070543,0.1288345537889416,0.3225806451612903,0.5096774193548387,0.5903225806451613,0.2540815595410687,4
colorado,joint_gradual,warmup,multiple_imputation_compact,4,310,0.10087778074218424,0.1484579341905745,0.27741935483870966,0.44193548387096776,0.5451612903225806,0.2604425109894011,4
colorado,joint_gradual,warmup,multiple_imputation_flexible,1,310,0.056326046395267795,0.07918616014320538,0.32903225806451614,0.5064516129032258,0.6064516129032258,0.16055849984805595,4
colorado,joint_gradual,warmup,multiple_imputation_flexible,2,310,0.08132051115857908,0.11061347629274285,0.24193548387096775,0.3870967741935484,0.45806451612903226,0.1664895580769184,4
colorado,joint_gradual,warmup,multiple_imputation_flexible,3,310,0.09693315511006513,0.12764830416571799,0.23225806451612904,0.3903225806451613,0.4645161290322581,0.16548640877771864,4
colorado,joint_gradual,warmup,multiple_imputation_flexible,4,310,0.1155860690433895,0.1487378115929502,0.2064516129032258,0.33548387096774196,0.4129032258064516,0.1651543391319478,4
colorado,joint_gradual,warmup,persistence,1,310,0.11750610129439233,0.17317435764285882,0.3419354838709677,0.5516129032258065,0.6741935483870968,0.3943363341712913,4
colorado,joint_gradual,warmup,persistence,2,310,0.15904792331716464,0.26401149267683083,0.2806451612903226,0.5612903225806452,0.6548387096774193,0.5818628508937423,4
colorado,joint_gradual,warmup,persistence,3,310,0.18444859446548534,0.3324552454755158,0.2806451612903226,0.5419354838709678,0.6903225806451613,0.7036187449895093,4
colorado,joint_gradual,warmup,persistence,4,310,0.19989129241197115,0.3773757628893556,0.25161290322580643,0.5483870967741935,0.6451612903225806,0.7270663692560901,4
colorado,joint_gradual,warmup,quantile_compact,1,310,0.046959004823726024,0.07858639878252402,0.49032258064516127,0.7580645161290323,0.9064516129032258,0.44050657961417533,4
colorado,joint_gradual,warmup,quantile_compact,2,310,0.05946951427252637,0.10739860824922673,0.43548387096774194,0.7709677419354839,0.9,0.5193728418649951,4
colorado,joint_gradual,warmup,quantile_compact,3,310,0.06775354125372483,0.11864753868004312,0.43870967741935485,0.7161290322580646,0.8548387096774194,0.5241716351169345,4
colorado,joint_gradual,warmup,quantile_compact,4,310,0.0734928867906398,0.13331984842139638,0.43870967741935485,0.6967741935483871,0.8193548387096774,0.5387234562900687,4
colorado,joint_gradual,warmup,quantile_flexible,1,310,0.04487717177275275,0.07248512156234557,0.432258064516129,0.6870967741935484,0.8290322580645161,0.37266163053190127,4
colorado,joint_gradual,warmup,quantile_flexible,2,310,0.059001464265389825,0.10333364887654485,0.36774193548387096,0.7193548387096774,0.867741935483871,0.4869947927304885,4
colorado,joint_gradual,warmup,quantile_flexible,3,310,0.06761411378408645,0.11651999868955408,0.3709677419354839,0.667741935483871,0.8096774193548387,0.5036967069325812,4
colorado,joint_gradual,warmup,quantile_flexible,4,310,0.07393696453155248,0.12685740808111273,0.36129032258064514,0.6387096774193548,0.7870967741935484,0.5185490441618363,4
colorado,joint_gradual,warmup,single_imputation_compact,1,310,0.05316451827279887,0.08027242392188778,0.3903225806451613,0.6096774193548387,0.7290322580645161,0.18377662478471277,4
colorado,joint_gradual,warmup,single_imputation_compact,2,310,0.0705940817562987,0.10788272009337399,0.3258064516129032,0.5161290322580645,0.6064516129032258,0.22006223652453427,4
colorado,joint_gradual,warmup,single_imputation_compact,3,310,0.08740875048606499,0.12934200954503292,0.3,0.5064516129032258,0.5774193548387097,0.2398360402700383,4
colorado,joint_gradual,warmup,single_imputation_compact,4,310,0.10222631009976936,0.1485707609133199,0.27741935483870966,0.43548387096774194,0.535483870967742,0.2533426893545296,4
colorado,joint_gradual,warmup,single_imputation_flexible,1,310,0.05928086411523488,0.07929184886203408,0.2967741935483871,0.45161290322580644,0.5451612903225806,0.11563011213327197,4
colorado,joint_gradual,warmup,single_imputation_flexible,2,310,0.08366007947037757,0.11007085370902199,0.21935483870967742,0.36129032258064514,0.4129032258064516,0.13513121114696874,4
colorado,joint_gradual,warmup,single_imputation_flexible,3,310,0.09844340907616189,0.12665310714660122,0.23548387096774193,0.3870967741935484,0.45483870967741935,0.14647125310544695,4
colorado,joint_gradual,warmup,single_imputation_flexible,4,310,0.11810626984014264,0.1488670965895154,0.2064516129032258,0.32903225806451614,0.4,0.153442833801902,4
colorado,joint_none,development_evaluation,geometric_persistence,1,2182,0.05769000005037234,0.08359297381277425,0.41934005499541704,0.6686526122823098,0.8153070577451879,0.3927918660728542,26
colorado,joint_none,development_evaluation,geometric_persistence,2,2181,0.08051091139571914,0.12879210765077218,0.40715268225584594,0.6634571297569922,0.8243924805135259,0.5305342704917562,26
colorado,joint_none,development_evaluation,geometric_persistence,3,2180,0.09846563543235301,0.16951380982220138,0.4022935779816514,0.6605504587155964,0.8174311926605504,0.622194458701084,26
colorado,joint_none,development_evaluation,geometric_persistence,4,2180,0.11078377407058818,0.20141049248364926,0.40275229357798165,0.6655963302752294,0.8224770642201835,0.6810625573765087,26
colorado,joint_none,development_evaluation,multiple_imputation_compact,1,2182,0.04404617479558105,0.06756913119494122,0.5105407882676444,0.7360219981668195,0.80980751604033,0.19756800012207817,26
colorado,joint_none,development_evaluation,multiple_imputation_compact,2,2181,0.06422042541636706,0.09515292101266339,0.44795965153599265,0.646033929390188,0.7226043099495644,0.22686711939257387,26
colorado,joint_none,development_evaluation,multiple_imputation_compact,3,2180,0.074860311816368,0.10895298011483355,0.4325688073394495,0.6142201834862385,0.6940366972477064,0.24462449557285793,26
colorado,joint_none,development_evaluation,multiple_imputation_compact,4,2180,0.07930255865039568,0.11548571239791074,0.423394495412844,0.6137614678899083,0.6977064220183486,0.25570628195367306,26
colorado,joint_none,development_evaluation,multiple_imputation_flexible,1,2182,0.04778970108189203,0.06719886322484538,0.4078826764436297,0.5962419798350137,0.6769019248395967,0.13602983910808414,26
colorado,joint_none,development_evaluation,multiple_imputation_flexible,2,2181,0.06847981911313362,0.09186468057625174,0.36909674461256303,0.5176524530032095,0.6001834021091242,0.14770543405639858,26
colorado,joint_none,development_evaluation,multiple_imputation_flexible,3,2180,0.08335584440736223,0.10909095321656637,0.32798165137614677,0.48073394495412847,0.5532110091743119,0.15418413381937374,26
colorado,joint_none,development_evaluation,multiple_imputation_flexible,4,2180,0.09045695982665693,0.11755391728400622,0.3256880733944954,0.46788990825688076,0.5431192660550459,0.1591841927307642,26
colorado,joint_none,development_evaluation,persistence,1,2182,0.08275931391844107,0.1356011132345046,0.3927589367552704,0.6883593033913841,0.8382218148487626,0.4633938192305229,26
colorado,joint_none,development_evaluation,persistence,2,2181,0.11698691285992456,0.21139663823185037,0.41357175607519486,0.6964695093993581,0.8413571756075194,0.6213748267956077,26
colorado,joint_none,development_evaluation,persistence,3,2180,0.13807107546158606,0.26228780398365614,0.41376146788990825,0.7119266055045872,0.8518348623853211,0.734796971240536,26
colorado,joint_none,development_evaluation,persistence,4,2180,0.14922771200678892,0.2891170982522428,0.42568807339449544,0.7110091743119266,0.8463302752293578,0.7849381315668379,26
colorado,joint_none,development_evaluation,quantile_compact,1,2182,0.04290459981164121,0.07070605112506159,0.46837763519706693,0.724564619615032,0.8611365719523373,0.39059560111102337,26
colorado,joint_none,development_evaluation,quantile_compact,2,2181,0.05473509120339024,0.09609909336690295,0.44520861989912885,0.7116001834021092,0.8418156808803301,0.4506122271522296,26
colorado,joint_none,development_evaluation,quantile_compact,3,2180,0.06189374879035216,0.11105835573349421,0.42752293577981654,0.7298165137614679,0.8509174311926605,0.4660381695213843,26
colorado,joint_none,development_evaluation,quantile_compact,4,2180,0.0642738596893567,0.1189449038280713,0.44495412844036697,0.7293577981651376,0.8385321100917431,0.46540123674200273,26
colorado,joint_none,development_evaluation,quantile_flexible,1,2182,0.04120247923667751,0.06605012231252207,0.4175068744271311,0.6833180568285976,0.8350137488542622,0.34693223892887554,26
colorado,joint_none,development_evaluation,quantile_flexible,2,2181,0.053837256934094774,0.0952713876155568,0.39156350298028425,0.6872994039431454,0.8216414488766621,0.4213096829147494,26
colorado,joint_none,development_evaluation,quantile_flexible,3,2180,0.061808911389357506,0.11043955379610323,0.3922018348623853,0.671559633027523,0.8137614678899082,0.43318716467149515,26
colorado,joint_none,development_evaluation,quantile_flexible,4,2180,0.06382814189351929,0.11660813842757059,0.3839449541284404,0.6871559633027523,0.8032110091743119,0.4361756636649343,26
colorado,joint_none,development_evaluation,single_imputation_compact,1,2182,0.045251530044646625,0.0670153653500708,0.504582951420715,0.7080659945004583,0.7836846929422548,0.17952055856882645,26
colorado,joint_none,development_evaluation,single_imputation_compact,2,2181,0.06482358363023641,0.09459251009085137,0.4470426409903714,0.6313617606602476,0.7116001834021092,0.21802203363181386,26
colorado,joint_none,development_evaluation,single_imputation_compact,3,2180,0.07518540381689845,0.10855273595691901,0.4307339449541284,0.6059633027522936,0.6853211009174311,0.23869223536003323,26
colorado,joint_none,development_evaluation,single_imputation_compact,4,2180,0.07970868247572171,0.11527836490810504,0.42110091743119266,0.6091743119266055,0.691743119266055,0.2513725143780376,26
colorado,joint_none,development_evaluation,single_imputation_flexible,1,2182,0.0498172255345242,0.06673988582375372,0.3936755270394134,0.5614115490375802,0.6393217231897342,0.1138059418991357,26
colorado,joint_none,development_evaluation,single_imputation_flexible,2,2181,0.06984965600735299,0.09135385356907022,0.3608436497019716,0.49977074736359467,0.5740486015589179,0.13464960747112428,26
colorado,joint_none,development_evaluation,single_imputation_flexible,3,2180,0.08454378587522905,0.10860727949255285,0.32614678899082566,0.47155963302752296,0.5330275229357798,0.14406696963282903,26
colorado,joint_none,development_evaluation,single_imputation_flexible,4,2180,0.09152047457854129,0.11721151773337461,0.3201834862385321,0.45871559633027525,0.5293577981651376,0.15069562431144118,26
colorado,joint_none,validation,geometric_persistence,1,1921,0.06050822759519805,0.08878156270054066,0.42894325871941696,0.7006767308693389,0.8193649141072358,0.42444677922619084,22
colorado,joint_none,validation,geometric_persistence,2,1921,0.08273652940901843,0.13429789000490597,0.42061426340447683,0.6710046850598647,0.8334200937011973,0.5560181100280133,22
colorado,joint_none,validation,geometric_persistence,3,1921,0.10097576949841318,0.17344391000135767,0.4060385216033316,0.691827173347215,0.8209266007287871,0.6473084333210082,22
colorado,joint_none,validation,geometric_persistence,4,1921,0.11553296899071276,0.20786065302595633,0.40447683498178033,0.69390942217595,0.8214471629359709,0.716383628803996,22
colorado,joint_none,validation,multiple_imputation_compact,1,1921,0.046224029834739326,0.07112598130589953,0.5221238938053098,0.7365955231650182,0.8047891723060906,0.2048195521802048,22
colorado,joint_none,validation,multiple_imputation_compact,2,1921,0.06174097595273891,0.09348429849746044,0.4586153045288912,0.6564289432587194,0.7355543987506507,0.2303183247503747,22
colorado,joint_none,validation,multiple_imputation_compact,3,1921,0.07056529472687718,0.10452638025868488,0.4466423737636648,0.6350858927641854,0.7214992191566892,0.24638932821339662,22
colorado,joint_none,validation,multiple_imputation_compact,4,1921,0.07742644149988653,0.11372056891551195,0.4362311296199896,0.6127017178552837,0.6975533576262364,0.2562373054351294,22
colorado,joint_none,validation,multiple_imputation_flexible,1,1921,0.049371245319554204,0.0704116668581596,0.42634044768349816,0.6085372201978136,0.6923477355543988,0.14483236465686977,22
colorado,joint_none,validation,multiple_imputation_flexible,2,1921,0.06700196761298227,0.092271570163202,0.3430504945340968,0.5195210827693909,0.6069755335762623,0.15440507928394276,22
colorado,joint_none,validation,multiple_imputation_flexible,3,1921,0.07968353921413929,0.1062206598082818,0.32535137948984905,0.4898490369599167,0.5741801145236856,0.1585345816413118,22
colorado,joint_none,validation,multiple_imputation_flexible,4,1921,0.08601871631509593,0.11370598906983453,0.33263925039042164,0.47319104633003645,0.5434669442998439,0.1629342756261766,22
colorado,joint_none,validation,persistence,1,1921,0.08082191520072043,0.1327762887041683,0.4305049453409682,0.7147319104633003,0.8422696512233212,0.48728513395712747,22
colorado,joint_none,validation,persistence,2,1921,0.11462972015573805,0.2089671001611489,0.4117647058823529,0.7105674128058302,0.8401874023945861,0.6371245197138411,22
colorado,joint_none,validation,persistence,3,1921,0.1365748700018668,0.2615350593946495,0.4211348256116606,0.7162935970848516,0.8365434669442998,0.7489927651832387,22
colorado,joint_none,validation,persistence,4,1921,0.15102653847510164,0.2943383524458072,0.4534096824570536,0.7079646017699115,0.831858407079646,0.8095100370888224,22
colorado,joint_none,validation,quantile_compact,1,1921,0.0420197793827934,0.06862685073880957,0.4851639770952629,0.7506507027589797,0.8797501301405518,0.3791195592869328,22
colorado,joint_none,validation,quantile_compact,2,1921,0.05171817205285507,0.09006576155905194,0.44456012493492975,0.7532535137948985,0.8693388859968766,0.4344189646233338,22
colorado,joint_none,validation,quantile_compact,3,1921,0.05833164884242867,0.10191724979845736,0.4336283185840708,0.7334721499219157,0.8604893284747527,0.4567276574700652,22
colorado,joint_none,validation,quantile_compact,4,1921,0.06194167721254482,0.11158906920492538,0.4367516918271733,0.7272254034357105,0.8526808953669963,0.4582892409414048,22
colorado,joint_none,validation,quantile_flexible,1,1921,0.04022828903005908,0.0650052214105072,0.4237376366475794,0.7017178552837064,0.8464341488807913,0.3292844496805906,22
colorado,joint_none,validation,quantile_flexible,2,1921,0.050930038328101224,0.08758639277255972,0.39458615304528893,0.7032795419052577,0.8459135866736075,0.40544604614354096,22
colorado,joint_none,validation,quantile_flexible,3,1921,0.057690558818539565,0.09987832592308692,0.39458615304528893,0.6887038001041125,0.8282144716293597,0.42551416635484873,22
colorado,joint_none,validation,quantile_flexible,4,1921,0.061415811527948214,0.11016011572276663,0.3810515356585112,0.6944299843831337,0.8209266007287871,0.4305741636361237,22
colorado,joint_none,validation,single_imputation_compact,1,1921,0.048878969831028574,0.07039958667444386,0.5070275897969807,0.706923477355544,0.77147319104633,0.177800561573214,22
colorado,joint_none,validation,single_imputation_compact,2,1921,0.06343444094616751,0.0929003061852058,0.4528891202498699,0.6392503904216554,0.717855283706403,0.21458118256540493,22
colorado,joint_none,validation,single_imputation_compact,3,1921,0.07165625373604192,0.10443742741581834,0.43935450286309213,0.6215512753774076,0.704841228526809,0.23684338723470397,22
colorado,joint_none,validation,single_imputation_compact,4,1921,0.07852923417675205,0.11385876272178648,0.42894325871941696,0.6064549713690786,0.6892243623112962,0.24924834063602852,22
colorado,joint_none,validation,single_imputation_flexible,1,1921,0.05250380532288531,0.06919063161764771,0.40447683498178033,0.5726184279021344,0.6496616345653305,0.1129882134500268,22
colorado,joint_none,validation,single_imputation_flexible,2,1921,0.06935689698750273,0.09134694400360108,0.33524206142634044,0.4950546590317543,0.5762623633524206,0.13371711864302813,22
colorado,joint_none,validation,single_imputation_flexible,3,1921,0.08196940002859193,0.10626662082156162,0.3170223841749089,0.4716293597084852,0.5450286309213951,0.14373128609446198,22
colorado,joint_none,validation,single_imputation_flexible,4,1921,0.08806865392387722,0.1136453366152647,0.3248308172826653,0.4586153045288912,0.5252472670484123,0.1504530569502554,22
colorado,joint_none,warmup,geometric_persistence,1,310,0.08593087231551928,0.11189503083728605,0.3419354838709677,0.5032258064516129,0.632258064516129,0.29227078656231975,4
colorado,joint_none,warmup,geometric_persistence,2,310,0.11198603527026307,0.16569314905248264,0.3193548387096774,0.4870967741935484,0.632258064516129,0.4525234643830345,4
colorado,joint_none,warmup,geometric_persistence,3,310,0.13538731755379385,0.2218666903043282,0.2806451612903226,0.4645161290322581,0.6225806451612903,0.5548299994263151,4
colorado,joint_none,warmup,geometric_persistence,4,310,0.15727313667251674,0.2758823288619425,0.22580645161290322,0.42258064516129035,0.6096774193548387,0.5929626625796105,4
colorado,joint_none,warmup,multiple_imputation_compact,1,310,0.05089967525241251,0.07957639325663117,0.4258064516129032,0.6774193548387096,0.7741935483870968,0.22462881636340304,4
colorado,joint_none,warmup,multiple_imputation_compact,2,310,0.06881807013271014,0.10815992657817401,0.33225806451612905,0.5483870967741935,0.6516129032258065,0.2473386891451083,4
colorado,joint_none,warmup,multiple_imputation_compact,3,310,0.08474763629214165,0.1283235588313701,0.3258064516129032,0.5161290322580645,0.5935483870967742,0.2565294990195374,4
colorado,joint_none,warmup,multiple_imputation_compact,4,310,0.10025279678935874,0.1481882882380873,0.2806451612903226,0.44193548387096776,0.5451612903225806,0.26357123254062736,4
colorado,joint_none,warmup,multiple_imputation_flexible,1,310,0.05576193933207992,0.07889413388284049,0.3387096774193548,0.5290322580645161,0.6161290322580645,0.16426941203258036,4
colorado,joint_none,warmup,multiple_imputation_flexible,2,310,0.07955034380089139,0.10975303608582097,0.23870967741935484,0.3935483870967742,0.47419354838709676,0.17124766286841986,4
colorado,joint_none,warmup,multiple_imputation_flexible,3,310,0.09458633203908329,0.12632196118201458,0.23870967741935484,0.3967741935483871,0.47419354838709676,0.16978261051317042,4
colorado,joint_none,warmup,multiple_imputation_flexible,4,310,0.11230857826045954,0.14657940984516876,0.2129032258064516,0.3548387096774194,0.432258064516129,0.17330300332177181,4
colorado,joint_none,warmup,persistence,1,310,0.11750610129439233,0.17317435764285882,0.3419354838709677,0.5516129032258065,0.6741935483870968,0.3943363341712913,4
colorado,joint_none,warmup,persistence,2,310,0.15904792331716464,0.26401149267683083,0.2806451612903226,0.5612903225806452,0.6548387096774193,0.5818628508937423,4
colorado,joint_none,warmup,persistence,3,310,0.18444859446548534,0.3324552454755158,0.2806451612903226,0.5419354838709678,0.6903225806451613,0.7036187449895093,4
colorado,joint_none,warmup,persistence,4,310,0.19989129241197115,0.3773757628893556,0.25161290322580643,0.5483870967741935,0.6451612903225806,0.7270663692560901,4
colorado,joint_none,warmup,quantile_compact,1,310,0.04784479260550045,0.08132274113067574,0.4935483870967742,0.7612903225806451,0.9064516129032258,0.44253361820909787,4
colorado,joint_none,warmup,quantile_compact,2,310,0.06060784834932886,0.11051321760180388,0.43548387096774194,0.7645161290322581,0.9064516129032258,0.5225046359030495,4
colorado,joint_none,warmup,quantile_compact,3,310,0.06855471618719565,0.1218746972506173,0.42258064516129035,0.7161290322580646,0.8612903225806452,0.5277688116312989,4
colorado,joint_none,warmup,quantile_compact,4,310,0.07420705166970645,0.13599094307890613,0.432258064516129,0.6903225806451613,0.8193548387096774,0.5413144743343187,4
colorado,joint_none,warmup,quantile_flexible,1,310,0.0454133859566112,0.07444039656299617,0.432258064516129,0.6935483870967742,0.8387096774193549,0.376013149262327,4
colorado,joint_none,warmup,quantile_flexible,2,310,0.059872485321944696,0.10468437856374976,0.38064516129032255,0.7225806451612903,0.8741935483870967,0.49167156562443687,4
colorado,joint_none,warmup,quantile_flexible,3,310,0.06807315777324952,0.11798503477855285,0.3741935483870968,0.667741935483871,0.8129032258064516,0.5079685826909671,4
colorado,joint_none,warmup,quantile_flexible,4,310,0.07461260848045584,0.12852969464120093,0.36451612903225805,0.6419354838709678,0.7903225806451613,0.5221347979410215,4
colorado,joint_none,warmup,single_imputation_compact,1,310,0.053524025534837726,0.08058901631381526,0.3967741935483871,0.6129032258064516,0.7258064516129032,0.18377118385702487,4
colorado,joint_none,warmup,single_imputation_compact,2,310,0.07105201401654848,0.10855226551070299,0.3193548387096774,0.5129032258064516,0.6096774193548387,0.2201305421515539,4
colorado,joint_none,warmup,single_imputation_compact,3,310,0.08783473412748248,0.129999313626856,0.3,0.5,0.5741935483870968,0.23991411798443268,4
colorado,joint_none,warmup,single_imputation_compact,4,310,0.10160451182111138,0.14814827579514125,0.27741935483870966,0.44193548387096776,0.532258064516129,0.25342289511955957,4
colorado,joint_none,warmup,single_imputation_flexible,1,310,0.05961624123991024,0.07942134158260138,0.3032258064516129,0.4612903225806452,0.5451612903225806,0.11561114980984186,4
colorado,joint_none,warmup,single_imputation_flexible,2,310,0.0835376864306816,0.1100489542781083,0.2161290322580645,0.3580645161290323,0.4161290322580645,0.1352048223280189,4
colorado,joint_none,warmup,single_imputation_flexible,3,310,0.09841866173557959,0.12643970587426331,0.24516129032258063,0.3935483870967742,0.45483870967741935,0.14650928484226752,4
colorado,joint_none,warmup,single_imputation_flexible,4,310,0.11695900882590154,0.147905530705149,0.2,0.3258064516129032,0.3967741935483871,0.15372900752664048,4
colorado,irradiance_first,development_evaluation,geometric_persistence,1,2182,0.0626916375673173,0.09016844316628145,0.4138405132905591,0.6581118240146654,0.806141154903758,0.3899439272047126,26
colorado,irradiance_first,development_evaluation,geometric_persistence,2,2181,0.08456843406927998,0.1350793135773981,0.400733608436497,0.6542870243007795,0.8156808803301238,0.5267692067846739,26
colorado,irradiance_first,development_evaluation,geometric_persistence,3,2180,0.10107799132285589,0.17456711071409786,0.3977064220183486,0.6527522935779817,0.810091743119266,0.6185463944684213,26
colorado,irradiance_first,development_evaluation,geometric_persistence,4,2180,0.11184397423685594,0.20431519383100252,0.4018348623853211,0.6623853211009174,0.8192660550458716,0.678019606077008,26
colorado,irradiance_first,development_evaluation,multiple_imputation_compact,1,2182,0.04424275205782365,0.06745863298748618,0.5155820348304307,0.7355637030247479,0.8093492208982584,0.19659291544777538,26
colorado,irradiance_first,development_evaluation,multiple_imputation_compact,2,2181,0.06461674735034201,0.09504761893663333,0.4543787253553416,0.6419073819348923,0.7207702888583218,0.2251179132026914,26
colorado,irradiance_first,development_evaluation,multiple_imputation_compact,3,2180,0.07516052709812511,0.10881672544592892,0.4334862385321101,0.6137614678899083,0.694954128440367,0.24247873263278208,26
colorado,irradiance_first,development_evaluation,multiple_imputation_compact,4,2180,0.07967505886017087,0.1153067105306816,0.42660550458715596,0.615137614678899,0.6995412844036697,0.25355619041924976,26
colorado,irradiance_first,development_evaluation,multiple_imputation_flexible,1,2182,0.04816957519742349,0.06728482676306222,0.4055912007332722,0.5916590284142988,0.6718606782768103,0.13316412162992405,26
colorado,irradiance_first,development_evaluation,multiple_imputation_flexible,2,2181,0.06905746283122205,0.09185862592886154,0.36817973406694177,0.5135259055479138,0.5905547913801009,0.14421630514540734,26
colorado,irradiance_first,development_evaluation,multiple_imputation_flexible,3,2180,0.08364245542169035,0.10861711151886519,0.3311926605504587,0.4793577981651376,0.5495412844036697,0.14990004346312769,26
colorado,irradiance_first,development_evaluation,multiple_imputation_flexible,4,2180,0.09115607608523801,0.11743772500703384,0.32798165137614677,0.46192660550458714,0.539908256880734,0.15469474050437593,26
colorado,irradiance_first,development_evaluation,persistence,1,2182,0.08691035465727008,0.14104500566637054,0.387717690192484,0.6801099908340972,0.8295142071494043,0.45959941872731663,26
colorado,irradiance_first,development_evaluation,persistence,2,2181,0.11962132105985773,0.21524620092052307,0.4103622191655204,0.6886749197615772,0.8321870701513068,0.6164966352323045,26
colorado,irradiance_first,development_evaluation,persistence,3,2180,0.1389878150460748,0.2638934116288494,0.4123853211009174,0.7064220183486238,0.8444954128440367,0.7296090834656149,26
colorado,irradiance_first,development_evaluation,persistence,4,2180,0.14921208584697687,0.28925772698681673,0.42568807339449544,0.7105504587155963,0.8444954128440367,0.7802346422927455,26
colorado,irradiance_first,development_evaluation,quantile_compact,1,2182,0.04266208475336426,0.07006420658077235,0.4605866177818515,0.726397800183318,0.8583868010999084,0.3908604071669511,26
colorado,irradiance_first,development_evaluation,quantile_compact,2,2181,0.054364523887569245,0.09506752450509634,0.44795965153599265,0.7138927097661623,0.8404401650618982,0.44874710201452217,26
colorado,irradiance_first,development_evaluation,quantile_compact,3,2180,0.0614563006928059,0.10976090446321375,0.423394495412844,0.7252293577981651,0.8486238532110092,0.46115963672972865,26
colorado,irradiance_first,development_evaluation,quantile_compact,4,2180,0.0640248185805875,0.11762421180274167,0.44587155963302755,0.7279816513761468,0.8376146788990826,0.46009280518483087,26
colorado,irradiance_first,development_evaluation,quantile_flexible,1,2182,0.04098871168494907,0.06528145059202851,0.4032997250229148,0.6814848762603116,0.8373052245646196,0.34753296579150456,26
colorado,irradiance_first,development_evaluation,quantile_flexible,2,2181,0.053372855815851314,0.09379816137292099,0.38376891334250346,0.6850068775790922,0.8193489225126089,0.4175872600336563,26
colorado,irradiance_first,development_evaluation,quantile_flexible,3,2180,0.061644045925737245,0.10974875603801236,0.3798165137614679,0.6743119266055045,0.8091743119266055,0.4280631796101261,26
colorado,irradiance_first,development_evaluation,quantile_flexible,4,2180,0.06359188404725746,0.11542144944020577,0.37889908256880733,0.6830275229357798,0.7995412844036697,0.43000851713839544,26
colorado,irradiance_first,development_evaluation,single_imputation_compact,1,2182,0.04533960055180291,0.06700601408436432,0.5054995417048579,0.7126489459211732,0.7859761686526123,0.17945712309840253,26
colorado,irradiance_first,development_evaluation,single_imputation_compact,2,2181,0.06506108627613832,0.09447080159059773,0.4543787253553416,0.6331957817514902,0.7120586886749197,0.21798822445788005,26
colorado,irradiance_first,development_evaluation,single_imputation_compact,3,2180,0.07552152564023809,0.10861184727076523,0.43486238532110094,0.6096330275229358,0.6857798165137615,0.23863094519207378,26
colorado,irradiance_first,development_evaluation,single_imputation_compact,4,2180,0.07995165785386775,0.11524269223357667,0.42844036697247706,0.6105504587155963,0.6954128440366972,0.2513828785957854,26
colorado,irradiance_first,development_evaluation,single_imputation_flexible,1,2182,0.04980528906876905,0.06670618430516417,0.39413382218148485,0.5646196150320807,0.6411549037580202,0.1137636519057675,26
colorado,irradiance_first,development_evaluation,single_imputation_flexible,2,2181,0.07010861181009405,0.09159877474063695,0.3626776707932141,0.5016047684548373,0.5731315910132967,0.1346302234637718,26
colorado,irradiance_first,development_evaluation,single_imputation_flexible,3,2180,0.08445757311585003,0.10841075697831516,0.3311926605504587,0.47293577981651375,0.5385321100917431,0.14403521091668753,26
colorado,irradiance_first,development_evaluation,single_imputation_flexible,4,2180,0.09191333316412692,0.11752925868608084,0.32247706422018346,0.4573394495412844,0.5330275229357798,0.15063247693213735,26
colorado,irradiance_first,validation,geometric_persistence,1,1921,0.06357823192417958,0.09292339677722267,0.42634044768349816,0.691827173347215,0.812597605413847,0.4222760634224629,22
colorado,irradiance_first,validation,geometric_persistence,2,1921,0.08446379069988534,0.13731637288222331,0.41697032795419053,0.6642373763664758,0.8302967204580948,0.5534398459549711,22
colorado,irradiance_first,validation,geometric_persistence,3,1921,0.1018372039112842,0.1753266679338332,0.40395627277459656,0.6887038001041125,0.8183237896928683,0.6452834517023207,22
colorado,irradiance_first,validation,geometric_persistence,4,1921,0.1156325549138544,0.20847202374945076,0.40291514836022907,0.6933888599687663,0.8214471629359709,0.7150550710037878,22
colorado,irradiance_first,validation,multiple_imputation_compact,1,1921,0.046520105371364105,0.07127196535387817,0.5210827693909422,0.7334721499219157,0.8006246746486205,0.20414271687718674,22
colorado,irradiance_first,validation,multiple_imputation_compact,2,1921,0.061846971315651596,0.09317270762211001,0.4534096824570536,0.659552316501822,0.737116085372202,0.22860180781486725,22
colorado,irradiance_first,validation,multiple_imputation_compact,3,1921,0.07070099184037454,0.10423951260829582,0.44456012493492975,0.6340447683498178,0.7230609057782404,0.24353532546988635,22
colorado,irradiance_first,validation,multiple_imputation_compact,4,1921,0.07719725346726268,0.11296468715652606,0.43258719416970326,0.6153045288912025,0.69807391983342,0.2534689952310516,22
colorado,irradiance_first,validation,multiple_imputation_flexible,1,1921,0.04963134153961924,0.07026926899874783,0.4299843831337845,0.6059344091618949,0.6855804268610098,0.1427881913826812,22
colorado,irradiance_first,validation,multiple_imputation_flexible,2,1921,0.06745720052258677,0.09207384234169577,0.3430504945340968,0.5137948984903696,0.597084851639771,0.15082441944026373,22
colorado,irradiance_first,validation,multiple_imputation_flexible,3,1921,0.07993471106533398,0.10579000896590679,0.32795419052576785,0.48256116605934407,0.568974492451848,0.15375975675007197,22
colorado,irradiance_first,validation,multiple_imputation_flexible,4,1921,0.08621741614316246,0.11305284968384588,0.3305570015616866,0.4659031754294638,0.5393024466423738,0.15780893340001914,22
colorado,irradiance_first,validation,persistence,1,1921,0.0830705925749268,0.1359636758736611,0.4284226965122332,0.7079646017699115,0.8344612181155648,0.4839931488138849,22
colorado,irradiance_first,validation,persistence,2,1921,0.11527546851755219,0.21016328472657364,0.41020301926080166,0.7064029151483602,0.8365434669442998,0.6333984020063854,22
colorado,irradiance_first,validation,persistence,3,1921,0.13643703176992855,0.2614011738347722,0.41957313899010934,0.7142113482561167,0.8344612181155648,0.7462291436104306,22
colorado,irradiance_first,validation,persistence,4,1921,0.1507135780821133,0.2939517697203811,0.4523685580426861,0.7079646017699115,0.8339406559083811,0.8083419191752187,22
colorado,irradiance_first,validation,quantile_compact,1,1921,0.04182470205674184,0.06775820712931939,0.47423217074440394,0.7470067673086934,0.879229567933368,0.37867114655880213,22
colorado,irradiance_first,validation,quantile_compact,2,1921,0.051484190088164024,0.08961000508778867,0.43935450286309213,0.7459656428943259,0.8662155127537741,0.43212457041840374,22
colorado,irradiance_first,validation,quantile_compact,3,1921,0.05775719123930154,0.10079924041205067,0.43310775637688703,0.7287870900572618,0.8537220197813639,0.4508977926249446,22
colorado,irradiance_first,validation,quantile_compact,4,1921,0.06144237187299215,0.11064115961814337,0.4336283185840708,0.7261842790213431,0.8485163977095262,0.4519033854356944,22
colorado,irradiance_first,validation,quantile_flexible,1,1921,0.04016181550147448,0.06482605618053226,0.4086413326392504,0.6928682977615825,0.8453930244664237,0.3288805158889353,22
colorado,irradiance_first,validation,quantile_flexible,2,1921,0.05062919052632129,0.08706242625334662,0.38781884435190006,0.7027589796980739,0.8365434669442998,0.40131169840765973,22
colorado,irradiance_first,validation,quantile_flexible,3,1921,0.05725691938891403,0.09866937404032831,0.37896928682977615,0.6824570536179073,0.8261322228006247,0.4191831903376037,22
colorado,irradiance_first,validation,quantile_flexible,4,1921,0.06080740179727511,0.1089796579037624,0.37011972930765225,0.6861009890681936,0.8157209786569495,0.42369533137799326,22
colorado,irradiance_first,validation,single_imputation_compact,1,1921,0.04908982750624177,0.07057194036524844,0.5070275897969807,0.7064029151483602,0.769390942217595,0.17775238864764137,22
colorado,irradiance_first,validation,single_imputation_compact,2,1921,0.06321302908939107,0.09248477684045366,0.44924518479958353,0.6444560124934929,0.7199375325351379,0.2143306146353682,22
colorado,irradiance_first,validation,single_imputation_compact,3,1921,0.07137124994787855,0.10390648162144464,0.44195731389901094,0.6251952108276939,0.7121290994273816,0.23662927484218782,22
colorado,irradiance_first,validation,single_imputation_compact,4,1921,0.07789034473676064,0.11295693044681547,0.43206663196251954,0.6121811556480999,0.6933888599687663,0.24915614660582736,22
colorado,irradiance_first,validation,single_imputation_flexible,1,1921,0.05245861608941712,0.06908089127542229,0.41332639250390424,0.5720978656949506,0.6480999479437792,0.11289165895486773,22
colorado,irradiance_first,validation,single_imputation_flexible,2,1921,0.06914557849287739,0.09117269870294419,0.33472149921915667,0.4976574700676731,0.5757418011452369,0.13368100990071305,22
colorado,irradiance_first,validation,single_imputation_flexible,3,1921,0.08134514105658475,0.10556803797706006,0.3243102550754815,0.4721499219156689,0.5528370640291514,0.14366945806899606,22
colorado,irradiance_first,validation,single_imputation_flexible,4,1921,0.08734485259891377,0.11294451284394896,0.3258719416970328,0.45705361790733995,0.5257678292555961,0.15045143140524986,22
colorado,irradiance_first,warmup,geometric_persistence,1,310,0.08679584221047604,0.1131028230787646,0.3387096774193548,0.5,0.6290322580645161,0.2917542609489778,4
colorado,irradiance_first,warmup,geometric_persistence,2,310,0.11188554959395586,0.16551537126519855,0.3193548387096774,0.4870967741935484,0.632258064516129,0.4526185138126195,4
colorado,irradiance_first,warmup,geometric_persistence,3,310,0.13523491991147402,0.22156067272760177,0.2838709677419355,0.4645161290322581,0.6225806451612903,0.5551360170030415,4
colorado,irradiance_first,warmup,geometric_persistence,4,310,0.15712552593490547,0.27534485352402205,0.22580645161290322,0.42258064516129035,0.6096774193548387,0.593500137917531,4
colorado,irradiance_first,warmup,multiple_imputation_compact,1,310,0.05139925547999714,0.08087756692688,0.42258064516129035,0.6612903225806451,0.7709677419354839,0.2241673993679349,4
colorado,irradiance_first,warmup,multiple_imputation_compact,2,310,0.0693576664462598,0.10851293937997131,0.34516129032258064,0.5387096774193548,0.6419354838709678,0.2475173861158308,4
colorado,irradiance_first,warmup,multiple_imputation_compact,3,310,0.0861221349330097,0.12968450699804784,0.3161290322580645,0.5096774193548387,0.5903225806451613,0.2539527837347258,4
colorado,irradiance_first,warmup,multiple_imputation_compact,4,310,0.1007379342127188,0.14812677156236242,0.27741935483870966,0.4483870967741935,0.5516129032258065,0.26053766896895214,4
colorado,irradiance_first,warmup,multiple_imputation_flexible,1,310,0.05676630727699022,0.08014202754321724,0.3258064516129032,0.5096774193548387,0.603225806451613,0.16355592373218478,4
colorado,irradiance_first,warmup,multiple_imputation_flexible,2,310,0.08137638393225444,0.11088123271642616,0.24516129032258063,0.3967741935483871,0.4612903225806452,0.16917992801098486,4
colorado,irradiance_first,warmup,multiple_imputation_flexible,3,310,0.09658998692915739,0.1279185315174207,0.23548387096774193,0.3935483870967742,0.47096774193548385,0.16628217578480933,4
colorado,irradiance_first,warmup,multiple_imputation_flexible,4,310,0.11553303471638807,0.14847188018642535,0.2064516129032258,0.3387096774193548,0.4258064516129032,0.16561942667076676,4
colorado,irradiance_first,warmup,persistence,1,310,0.11690138818307487,0.17251734603344807,0.3419354838709677,0.5516129032258065,0.6709677419354839,0.3926965062944096,4
colorado,irradiance_first,warmup,persistence,2,310,0.15753790575505167,0.2619855134698599,0.2838709677419355,0.5645161290322581,0.6580645161290323,0.581078182725995,4
colorado,irradiance_first,warmup,persistence,3,310,0.18425673188627545,0.33205986402621585,0.2838709677419355,0.5483870967741935,0.6935483870967742,0.7040738736994017,4
colorado,irradiance_first,warmup,persistence,4,310,0.19979160801016776,0.37692063417946314,0.25161290322580643,0.5483870967741935,0.6451612903225806,0.7275214979659826,4
colorado,irradiance_first,warmup,quantile_compact,1,310,0.04704962083001169,0.07887139970258698,0.4838709677419355,0.7612903225806451,0.9096774193548387,0.4416398216676388,4
colorado,irradiance_first,warmup,quantile_compact,2,310,0.05933631585009301,0.10654680766486191,0.44193548387096776,0.7741935483870968,0.9,0.5193748976370841,4
colorado,irradiance_first,warmup,quantile_compact,3,310,0.06766007937334302,0.11831491971427688,0.43870967741935485,0.7161290322580646,0.8548387096774194,0.5240617323768232,4
colorado,irradiance_first,warmup,quantile_compact,4,310,0.07342861383362694,0.1331810026495786,0.43870967741935485,0.6967741935483871,0.8193548387096774,0.538502107415145,4
colorado,irradiance_first,warmup,quantile_flexible,1,310,0.04493173717410268,0.07246279330879372,0.432258064516129,0.6903225806451613,0.832258064516129,0.3741971970382849,4
colorado,irradiance_first,warmup,quantile_flexible,2,310,0.058954427335907666,0.10271331495783366,0.3741935483870968,0.7193548387096774,0.867741935483871,0.48701474546738893,4
colorado,irradiance_first,warmup,quantile_flexible,3,310,0.0674911044391359,0.11584379841557063,0.36774193548387096,0.667741935483871,0.8096774193548387,0.5035834284041231,4
colorado,irradiance_first,warmup,quantile_flexible,4,310,0.07384247039231177,0.12633904398585202,0.3580645161290323,0.6387096774193548,0.7870967741935484,0.518337100196869,4
colorado,irradiance_first,warmup,single_imputation_compact,1,310,0.05323276316542282,0.08049804796906794,0.3903225806451613,0.6064516129032258,0.7290322580645161,0.18382407091613967,4
colorado,irradiance_first,warmup,single_imputation_compact,2,310,0.07057188529216965,0.10780157883385111,0.32903225806451614,0.5161290322580645,0.6064516129032258,0.22005877319234496,4
colorado,irradiance_first,warmup,single_imputation_compact,3,310,0.08736918462217977,0.1292737471033876,0.3,0.5064516129032258,0.5774193548387097,0.2398360402700383,4
colorado,irradiance_first,warmup,single_imputation_compact,4,310,0.10224379147344072,0.14863357284075376,0.27741935483870966,0.43548387096774194,0.535483870967742,0.2533426893545296,4
colorado,irradiance_first,warmup,single_imputation_flexible,1,310,0.05940259376603988,0.07943721962157926,0.2967741935483871,0.45161290322580644,0.5451612903225806,0.11570773551910521,4
colorado,irradiance_first,warmup,single_imputation_flexible,2,310,0.08375937871008132,0.1101936772910531,0.21935483870967742,0.36129032258064514,0.4129032258064516,0.13509254176429356,4
colorado,irradiance_first,warmup,single_imputation_flexible,3,310,0.09823206890582298,0.126367994147319,0.23870967741935484,0.3870967741935484,0.45806451612903226,0.14647125310544695,4
colorado,irradiance_first,warmup,single_imputation_flexible,4,310,0.1182526191399422,0.14905822947673644,0.2064516129032258,0.3258064516129032,0.3967741935483871,0.153442833801902,4
colorado,pv_first,development_evaluation,geometric_persistence,1,2182,0.05769000005037234,0.08359297381277425,0.41934005499541704,0.6686526122823098,0.8153070577451879,0.3927918660728542,26
colorado,pv_first,development_evaluation,geometric_persistence,2,2181,0.08051091139571914,0.12879210765077218,0.40715268225584594,0.6634571297569922,0.8243924805135259,0.5305342704917562,26
colorado,pv_first,development_evaluation,geometric_persistence,3,2180,0.09846563543235301,0.16951380982220138,0.4022935779816514,0.6605504587155964,0.8174311926605504,0.622194458701084,26
colorado,pv_first,development_evaluation,geometric_persistence,4,2180,0.11078377407058818,0.20141049248364926,0.40275229357798165,0.6655963302752294,0.8224770642201835,0.6810625573765087,26
colorado,pv_first,development_evaluation,multiple_imputation_compact,1,2182,0.0440907497696377,0.0671918574563411,0.5178735105407882,0.7360219981668195,0.8102658111824015,0.19601292815998306,26
colorado,pv_first,development_evaluation,multiple_imputation_compact,2,2181,0.06449572482734502,0.09493619314803235,0.45392022008253097,0.6432828977533241,0.7203117835855112,0.22513162371018997,26
colorado,pv_first,development_evaluation,multiple_imputation_compact,3,2180,0.07514658243053539,0.10883797229243533,0.4334862385321101,0.6146788990825688,0.694954128440367,0.24278617002284514,26
colorado,pv_first,development_evaluation,multiple_imputation_compact,4,2180,0.07963281322976548,0.11522951890049381,0.4279816513761468,0.6165137614678899,0.6995412844036697,0.25395572066213795,26
colorado,pv_first,development_evaluation,multiple_imputation_flexible,1,2182,0.04803404008454217,0.06702967345572677,0.4092575618698442,0.5925756186984418,0.6714023831347388,0.13276904201861245,26
colorado,pv_first,development_evaluation,multiple_imputation_flexible,2,2181,0.06879353459800087,0.09158753406797458,0.36909674461256303,0.5153599266391563,0.5910132966529115,0.14446685963899628,26
colorado,pv_first,development_evaluation,multiple_imputation_flexible,3,2180,0.08337858055054957,0.10841420359874601,0.3311926605504587,0.48119266055045873,0.5527522935779816,0.15084443298859335,26
colorado,pv_first,development_evaluation,multiple_imputation_flexible,4,2180,0.09082407276840378,0.1170887106057132,0.32889908256880734,0.46605504587155966,0.544954128440367,0.15568198405467776,26
colorado,pv_first,development_evaluation,persistence,1,2182,0.08275931391844107,0.1356011132345046,0.3927589367552704,0.6883593033913841,0.8382218148487626,0.4633938192305229,26
colorado,pv_first,development_evaluation,persistence,2,2181,0.11698691285992456,0.21139663823185037,0.41357175607519486,0.6964695093993581,0.8413571756075194,0.6213748267956077,26
colorado,pv_first,development_evaluation,persistence,3,2180,0.13807107546158606,0.26228780398365614,0.41376146788990825,0.7119266055045872,0.8518348623853211,0.734796971240536,26
colorado,pv_first,development_evaluation,persistence,4,2180,0.14922771200678892,0.2891170982522428,0.42568807339449544,0.7110091743119266,0.8463302752293578,0.7849381315668379,26
colorado,pv_first,development_evaluation,quantile_compact,1,2182,0.042588369541016156,0.07018164422269978,0.45737855178735104,0.7250229147571036,0.8574702108157654,0.3890537190500852,26
colorado,pv_first,development_evaluation,quantile_compact,2,2181,0.05437314820924657,0.09546290939084977,0.4447501146263182,0.7143512150389729,0.8399816597890876,0.4482182929007805,26
colorado,pv_first,development_evaluation,quantile_compact,3,2180,0.06166449289910645,0.11033230120505791,0.42201834862385323,0.7261467889908257,0.8477064220183487,0.4615978307531052,26
colorado,pv_first,development_evaluation,quantile_compact,4,2180,0.06419190336382714,0.11817528684398419,0.44403669724770645,0.7261467889908257,0.8371559633027523,0.46052191302333434,26
colorado,pv_first,development_evaluation,quantile_flexible,1,2182,0.0410462000423295,0.0655611466658537,0.4000916590284143,0.6773602199816682,0.8368469294225481,0.3466537320061931,26
colorado,pv_first,development_evaluation,quantile_flexible,2,2181,0.053517249078065404,0.09468415638054638,0.38193489225126087,0.6868408986703347,0.8202659330582301,0.41721959116019197,26
colorado,pv_first,development_evaluation,quantile_flexible,3,2180,0.061883935810422876,0.11038015463343435,0.37889908256880733,0.673394495412844,0.8087155963302752,0.4283543687536862,26
colorado,pv_first,development_evaluation,quantile_flexible,4,2180,0.06373427778120012,0.1155697848980911,0.3811926605504587,0.6834862385321101,0.7990825688073394,0.4307955257061708,26
colorado,pv_first,development_evaluation,single_imputation_compact,1,2182,0.04521918810147395,0.06686089116838932,0.5054995417048579,0.7121906507791017,0.7868927589367553,0.1794283259084598,26
colorado,pv_first,development_evaluation,single_imputation_compact,2,2181,0.0650009902564371,0.09446742376023783,0.45392022008253097,0.6331957817514902,0.7125171939477304,0.21794528366731217,26
colorado,pv_first,development_evaluation,single_imputation_compact,3,2180,0.07563602941637111,0.10874748935862835,0.43577981651376146,0.6100917431192661,0.6853211009174311,0.23859337433273234,26
colorado,pv_first,development_evaluation,single_imputation_compact,4,2180,0.08016082640854373,0.11545577916487064,0.42660550458715596,0.6105504587155963,0.6944954128440367,0.2513015544092222,26
colorado,pv_first,development_evaluation,single_imputation_flexible,1,2182,0.049731803235633136,0.06659231913773171,0.39596700274977087,0.5646196150320807,0.6411549037580202,0.1137258485456564,26
colorado,pv_first,development_evaluation,single_imputation_flexible,2,2181,0.06992399186496427,0.09138959915765188,0.36405318661164604,0.5016047684548373,0.572673085740486,0.13463292202919253,26
colorado,pv_first,development_evaluation,single_imputation_flexible,3,2180,0.08426228691199708,0.10816762855054987,0.3321100917431193,0.47477064220183485,0.5389908256880734,0.14403349522020115,26
colorado,pv_first,development_evaluation,single_imputation_flexible,4,2180,0.09179467776374525,0.11736063990399163,0.3238532110091743,0.45825688073394494,0.5353211009174312,0.15068222523644256,26
colorado,pv_first,validation,geometric_persistence,1,1921,0.06050822759519805,0.08878156270054066,0.42894325871941696,0.7006767308693389,0.8193649141072358,0.42444677922619084,22
colorado,pv_first,validation,geometric_persistence,2,1921,0.08273652940901843,0.13429789000490597,0.42061426340447683,0.6710046850598647,0.8334200937011973,0.5560181100280133,22
colorado,pv_first,validation,geometric_persistence,3,1921,0.10097576949841318,0.17344391000135767,0.4060385216033316,0.691827173347215,0.8209266007287871,0.6473084333210082,22
colorado,pv_first,validation,geometric_persistence,4,1921,0.11553296899071276,0.20786065302595633,0.40447683498178033,0.69390942217595,0.8214471629359709,0.716383628803996,22
colorado,pv_first,validation,multiple_imputation_compact,1,1921,0.04633611945250483,0.07111443079315412,0.5184799583550235,0.7334721499219157,0.8021863612701717,0.2037417673246044,22
colorado,pv_first,validation,multiple_imputation_compact,2,1921,0.061835005640213325,0.09322761319278264,0.4534096824570536,0.659552316501822,0.7376366475793857,0.22859601754882614,22
colorado,pv_first,validation,multiple_imputation_compact,3,1921,0.07068235713142429,0.10429221869617941,0.4435190005205622,0.635606454971369,0.7235814679854242,0.24371219187138315,22
colorado,pv_first,validation,multiple_imputation_compact,4,1921,0.0770746571293067,0.11292699390942135,0.4341488807912546,0.614263404476835,0.6996356064549714,0.25378673464216295,22
colorado,pv_first,validation,multiple_imputation_flexible,1,1921,0.04954475142883624,0.0702545736220912,0.42634044768349816,0.6048932847475273,0.6850598646538262,0.14236392806705983,22
colorado,pv_first,validation,multiple_imputation_flexible,2,1921,0.06748763348229159,0.0922314337088935,0.3394065590838105,0.5137948984903696,0.5939614783966684,0.15098554094250746,22
colorado,pv_first,validation,multiple_imputation_flexible,3,1921,0.08003473789153877,0.10606644860909034,0.3243102550754815,0.4799583550234253,0.5694950546590317,0.15416040032323758,22
colorado,pv_first,validation,multiple_imputation_flexible,4,1921,0.08609539843403546,0.11306031271715138,0.3300364393545029,0.46434148880791254,0.5382613222280063,0.15838997294088347,22
colorado,pv_first,validation,persistence,1,1921,0.08082191520072043,0.1327762887041683,0.4305049453409682,0.7147319104633003,0.8422696512233212,0.48728513395712747,22
colorado,pv_first,validation,persistence,2,1921,0.11462972015573805,0.2089671001611489,0.4117647058823529,0.7105674128058302,0.8401874023945861,0.6371245197138411,22
colorado,pv_first,validation,persistence,3,1921,0.1365748700018668,0.2615350593946495,0.4211348256116606,0.7162935970848516,0.8365434669442998,0.7489927651832387,22
colorado,pv_first,validation,persistence,4,1921,0.15102653847510164,0.2943383524458072,0.4534096824570536,0.7079646017699115,0.831858407079646,0.8095100370888224,22
colorado,pv_first,validation,quantile_compact,1,1921,0.04176488259296119,0.06764811681112785,0.47006767308693387,0.7444039562727746,0.8787090057261843,0.3770594673916449,22
colorado,pv_first,validation,quantile_compact,2,1921,0.0515389271589888,0.09005133832515472,0.43831337844872464,0.7444039562727746,0.8672566371681416,0.43178215647699286,22
colorado,pv_first,validation,quantile_compact,3,1921,0.05790287813341358,0.10124523017250067,0.4299843831337845,0.7303487766788131,0.8537220197813639,0.45146135405291465,22
colorado,pv_first,validation,quantile_compact,4,1921,0.061589991047379354,0.11097911338920542,0.43258719416970326,0.7261842790213431,0.8500780843310776,0.45268584047579286,22
colorado,pv_first,validation,quantile_flexible,1,1921,0.04015990610615563,0.06500396447855661,0.40707964601769914,0.6897449245184799,0.8443519000520562,0.3273891927149084,22
colorado,pv_first,validation,quantile_flexible,2,1921,0.05072458065282841,0.08752321360637755,0.3893805309734513,0.7032795419052577,0.8375845913586674,0.4011154557191949,22
colorado,pv_first,validation,quantile_flexible,3,1921,0.0574582291476007,0.09923482839639126,0.3794898490369599,0.6840187402394586,0.8282144716293597,0.41974556833119264,22
colorado,pv_first,validation,quantile_flexible,4,1921,0.06100196997285039,0.10952909405173038,0.37168141592920356,0.6861009890681936,0.8162415408641333,0.4246321758793963,22
colorado,pv_first,validation,single_imputation_compact,1,1921,0.048882734310856525,0.07039632999491577,0.5070275897969807,0.7064029151483602,0.7699115044247787,0.17776532361507522,22
colorado,pv_first,validation,single_imputation_compact,2,1921,0.0633429005331618,0.09269531534473324,0.4497657470067673,0.6439354502863092,0.7173347214992192,0.2143456627142342,22
colorado,pv_first,validation,single_imputation_compact,3,1921,0.07136392816449155,0.10401527147183401,0.4403956272774597,0.6246746486205101,0.7131702238417491,0.2366555308682296,22
colorado,pv_first,validation,single_imputation_compact,4,1921,0.07782014826002212,0.11292323988430475,0.43206663196251954,0.6121811556480999,0.6928682977615825,0.24918217846464047,22
colorado,pv_first,validation,single_imputation_flexible,1,1921,0.05239859087792157,0.06912185831403495,0.4081207704320666,0.5705361790733993,0.6480999479437792,0.11289111336194205,22
colorado,pv_first,validation,single_imputation_flexible,2,1921,0.06932691990784226,0.0914414564793691,0.3331598125976054,0.49453409682457056,0.5726184279021344,0.13372178853031524,22
colorado,pv_first,validation,single_imputation_flexible,3,1921,0.08145830070850293,0.1057268078897549,0.32274856845393024,0.47006767308693387,0.5528370640291514,0.14372243851982233,22
colorado,pv_first,validation,single_imputation_flexible,4,1921,0.08729644189638312,0.11292105486900608,0.3243102550754815,0.45705361790733995,0.5262883914627798,0.15050190622164722,22
colorado,pv_first,warmup,geometric_persistence,1,310,0.08593087231551928,0.11189503083728605,0.3419354838709677,0.5032258064516129,0.632258064516129,0.29227078656231975,4
colorado,pv_first,warmup,geometric_persistence,2,310,0.11198603527026307,0.16569314905248264,0.3193548387096774,0.4870967741935484,0.632258064516129,0.4525234643830345,4
colorado,pv_first,warmup,geometric_persistence,3,310,0.13538731755379385,0.2218666903043282,0.2806451612903226,0.4645161290322581,0.6225806451612903,0.5548299994263151,4
colorado,pv_first,warmup,geometric_persistence,4,310,0.15727313667251674,0.2758823288619425,0.22580645161290322,0.42258064516129035,0.6096774193548387,0.5929626625796105,4
colorado,pv_first,warmup,multiple_imputation_compact,1,310,0.05160209354476953,0.08097963574791812,0.4258064516129032,0.6612903225806451,0.7677419354838709,0.22423468343141686,4
colorado,pv_first,warmup,multiple_imputation_compact,2,310,0.06943353225298686,0.10876240674126977,0.34516129032258064,0.5387096774193548,0.6387096774193548,0.24796486025547196,4
colorado,pv_first,warmup,multiple_imputation_compact,3,310,0.08625188394017778,0.1300560829454491,0.3161290322580645,0.5096774193548387,0.5870967741935483,0.2552081123813956,4
colorado,pv_first,warmup,multiple_imputation_compact,4,310,0.10088420020192904,0.14857840797138436,0.27419354838709675,0.45161290322580644,0.5516129032258065,0.2615121754649649,4
colorado,pv_first,warmup,multiple_imputation_flexible,1,310,0.05708162015282272,0.08058618414535258,0.3258064516129032,0.5096774193548387,0.6,0.1637656403134998,4
colorado,pv_first,warmup,multiple_imputation_flexible,2,310,0.0814913340575988,0.11127723233338054,0.24516129032258063,0.3967741935483871,0.4612903225806452,0.1701240291319082,4
colorado,pv_first,warmup,multiple_imputation_flexible,3,310,0.0971221817698843,0.12894083325373373,0.22903225806451613,0.3903225806451613,0.46774193548387094,0.16785248793516372,4
colorado,pv_first,warmup,multiple_imputation_flexible,4,310,0.11594385669530673,0.1493527734135334,0.2032258064516129,0.33548387096774196,0.42258064516129035,0.1672488140222833,4
colorado,pv_first,warmup,persistence,1,310,0.11750610129439233,0.17317435764285882,0.3419354838709677,0.5516129032258065,0.6741935483870968,0.3943363341712913,4
colorado,pv_first,warmup,persistence,2,310,0.15904792331716464,0.26401149267683083,0.2806451612903226,0.5612903225806452,0.6548387096774193,0.5818628508937423,4
colorado,pv_first,warmup,persistence,3,310,0.18444859446548534,0.3324552454755158,0.2806451612903226,0.5419354838709678,0.6903225806451613,0.7036187449895093,4
colorado,pv_first,warmup,persistence,4,310,0.19989129241197115,0.3773757628893556,0.25161290322580643,0.5483870967741935,0.6451612903225806,0.7270663692560901,4
colorado,pv_first,warmup,quantile_compact,1,310,0.04699041479866393,0.07867273513024238,0.4870967741935484,0.7548387096774194,0.9096774193548387,0.44071871315909106,4
colorado,pv_first,warmup,quantile_compact,2,310,0.05955138883339925,0.10738221951422319,0.43548387096774194,0.7741935483870968,0.9,0.5194732629248546,4
colorado,pv_first,warmup,quantile_compact,3,310,0.06769975335937982,0.11879577695846766,0.43870967741935485,0.7161290322580646,0.8548387096774194,0.524590118830797,4
colorado,pv_first,warmup,quantile_compact,4,310,0.07361597500882573,0.1336324698367019,0.44193548387096776,0.6967741935483871,0.8193548387096774,0.5391731760782021,4
colorado,pv_first,warmup,quantile_flexible,1,310,0.0449930143151488,0.07290990795299798,0.4258064516129032,0.6838709677419355,0.8290322580645161,0.37313397543097465,4
colorado,pv_first,warmup,quantile_flexible,2,310,0.059035181215671265,0.10345279810693984,0.3741935483870968,0.7193548387096774,0.867741935483871,0.48730682498641437,4
colorado,pv_first,warmup,quantile_flexible,3,310,0.06768000201113515,0.11683152267049894,0.36129032258064514,0.667741935483871,0.8096774193548387,0.5042442210916506,4
colorado,pv_first,warmup,quantile_flexible,4,310,0.07402961144914509,0.12668595152337428,0.36129032258064514,0.6387096774193548,0.7870967741935484,0.5190582421139441,4
colorado,pv_first,warmup,single_imputation_compact,1,310,0.053429235940825985,0.08050007712947245,0.3935483870967742,0.6064516129032258,0.7290322580645161,0.18378583842019808,4
colorado,pv_first,warmup,single_imputation_compact,2,310,0.07073107049279313,0.10802599294492558,0.32903225806451614,0.5161290322580645,0.6096774193548387,0.22012739570075743,4
colorado,pv_first,warmup,single_imputation_compact,3,310,0.0877010821313252,0.1295877434173745,0.3032258064516129,0.5032258064516129,0.5774193548387097,0.2398504055938523,4
colorado,pv_first,warmup,single_imputation_compact,4,310,0.10222688224726398,0.14869237838886304,0.27419354838709675,0.43870967741935485,0.535483870967742,0.2533426893545296,4
colorado,pv_first,warmup,single_imputation_flexible,1,310,0.05959190218461335,0.07961499128070647,0.2967741935483871,0.4483870967741935,0.5419354838709678,0.11568411381233383,4
colorado,pv_first,warmup,single_imputation_flexible,2,310,0.08408277095041043,0.11046779141250024,0.21935483870967742,0.3580645161290323,0.4096774193548387,0.13520803244464338,4
colorado,pv_first,warmup,single_imputation_flexible,3,310,0.09912801201960403,0.12730853272598658,0.23870967741935484,0.3870967741935484,0.45483870967741935,0.14647745499819215,4
colorado,pv_first,warmup,single_imputation_flexible,4,310,0.11842905016953775,0.14923392620812692,0.2032258064516129,0.3225806451612903,0.4,0.153442833801902,4
