site,scenario,period,method,horizon,n,nwis,nmae,coverage50,coverage80,coverage90,nwidth90,events
nist,clean,development_evaluation,geometric_persistence,1,2138,0.040102997962322404,0.06432995652550791,0.41019644527595883,0.7773620205799813,0.9069223573433115,0.31297509249310534,0
nist,clean,development_evaluation,geometric_persistence,2,2137,0.06093097775172329,0.10232287562266724,0.4066448291998128,0.7683668694431446,0.8975198876930276,0.4411128926020589,0
nist,clean,development_evaluation,geometric_persistence,3,2137,0.07814856030994151,0.135436231425133,0.39494618624239586,0.7716424894712214,0.8848853532990173,0.5259870515996763,0
nist,clean,development_evaluation,geometric_persistence,4,2137,0.09228305943169791,0.16846401824459578,0.3837154890032756,0.7585400093589144,0.8834815161441273,0.5779680997503112,0
nist,clean,development_evaluation,multiple_imputation_compact,1,2138,0.03643320686276251,0.05661149194739672,0.5902712815715622,0.7722170252572498,0.8419083255378859,0.20102540682898715,0
nist,clean,development_evaluation,multiple_imputation_compact,2,2137,0.04900252669345484,0.07816085831181817,0.5259709873654657,0.7440336920917173,0.8175011698642958,0.2535000347655266,0
nist,clean,development_evaluation,multiple_imputation_compact,3,2137,0.057549216435911585,0.09213191489582048,0.49602246139447825,0.7248479176415535,0.8053345811885821,0.2844524228217489,0
nist,clean,development_evaluation,multiple_imputation_compact,4,2137,0.06435441142964539,0.10314370192207425,0.4805802526906879,0.7056621431913898,0.7945718296677585,0.307918912343996,0
nist,clean,development_evaluation,multiple_imputation_flexible,1,2138,0.03962276320465259,0.05676163106314031,0.4452759588400374,0.6267539756782039,0.696913002806361,0.12633378625935357,0
nist,clean,development_evaluation,multiple_imputation_flexible,2,2137,0.055691409969534894,0.0792925550946877,0.37295273748245206,0.5624707533926064,0.6382779597566682,0.15273675323251837,0
nist,clean,development_evaluation,multiple_imputation_flexible,3,2137,0.0667913011555714,0.09327135040036853,0.3537669630322883,0.5320542817033224,0.6120729995320543,0.16750939920204727,0
nist,clean,development_evaluation,multiple_imputation_flexible,4,2137,0.07574490847818668,0.10429777159259682,0.3401965372016846,0.5021057557323351,0.5816565278427702,0.17458446753778503,0
nist,clean,development_evaluation,persistence,1,2138,0.05914520968922654,0.10955390544718338,0.3961646398503274,0.7773620205799813,0.9130028063610851,0.4139503348356343,0
nist,clean,development_evaluation,persistence,2,2137,0.09307627758561082,0.18166729992900432,0.38324754328497895,0.7707065980346279,0.9064108563406644,0.5756726225191199,0
nist,clean,development_evaluation,persistence,3,2137,0.11494239229467496,0.23225313610351897,0.3907346747777258,0.7533926064576509,0.8928404305100608,0.6533586939975542,0
nist,clean,development_evaluation,persistence,4,2137,0.12835977710847035,0.2627572740032788,0.38558727187646236,0.7468413664014975,0.883949461862424,0.6948175514692753,0
nist,clean,development_evaluation,quantile_compact,1,2138,0.03601951352568965,0.053812942647844204,0.4462114125350795,0.7960710944808232,0.9181478016838166,0.4150144588110094,0
nist,clean,development_evaluation,quantile_compact,2,2137,0.046918119319148556,0.07631399714413888,0.43940102948058024,0.7655591951333646,0.9185774450163781,0.45321042530792516,0
nist,clean,development_evaluation,quantile_compact,3,2137,0.05321292245398472,0.08898302780523965,0.441272812353767,0.828731867103416,0.930276087973795,0.45176071638485205,0
nist,clean,development_evaluation,quantile_compact,4,2137,0.057029888746728596,0.10029824156167413,0.442676649508657,0.788020589611605,0.9424426766495086,0.47482526407867115,0
nist,clean,development_evaluation,quantile_flexible,1,2138,0.034054878651429706,0.0539622780479579,0.3713751169317119,0.7174929840972872,0.8479887745556595,0.2745204307429185,0
nist,clean,development_evaluation,quantile_flexible,2,2137,0.04464186383906248,0.07507001454839142,0.386055217594759,0.6635470285446888,0.8441740758072064,0.3385128840120883,0
nist,clean,development_evaluation,quantile_flexible,3,2137,0.05145654880960242,0.08785891739246868,0.3916705662143191,0.6902199344875994,0.8909686476368741,0.4325295485249832,0
nist,clean,development_evaluation,quantile_flexible,4,2137,0.05582608569583774,0.09945454367384762,0.37201684604585866,0.6747777257838091,0.8427702386523164,0.39031307295987894,0
nist,clean,development_evaluation,single_imputation_compact,1,2138,0.036460661854151734,0.0563764485470724,0.587464920486436,0.7698783910196445,0.8381665107577175,0.1979241242292531,0
nist,clean,development_evaluation,single_imputation_compact,2,2137,0.04891515611581309,0.07779356091831847,0.5250350959288722,0.741693963500234,0.8123537669630323,0.2504701855537432,0
nist,clean,development_evaluation,single_imputation_compact,3,2137,0.05740742748147575,0.09171420561875543,0.4983621899859616,0.7243799719232569,0.8039307440336921,0.28228186729695054,0
nist,clean,development_evaluation,single_imputation_compact,4,2137,0.06432662544259514,0.10290973639860852,0.47964436125409454,0.7028544688816097,0.7912962096396818,0.30625899256321776,0
nist,clean,development_evaluation,single_imputation_flexible,1,2138,0.03984588439219514,0.056572070042034496,0.44200187090739007,0.6225444340505145,0.6903648269410664,0.12237471713018025,0
nist,clean,development_evaluation,single_imputation_flexible,2,2137,0.05575647102227215,0.07891159077151896,0.37201684604585866,0.5577912962096396,0.6307908282639214,0.14858794591196703,0
nist,clean,development_evaluation,single_imputation_flexible,3,2137,0.06672969761774557,0.09268370691852368,0.357042583060365,0.5306504445484324,0.6078614880673842,0.16383399762968717,0
nist,clean,development_evaluation,single_imputation_flexible,4,2137,0.07581403816499671,0.10392192485284496,0.33879270004679457,0.5021057557323351,0.5788488535329902,0.17175590461659435,0
nist,clean,validation,geometric_persistence,1,1899,0.0393656656332052,0.06201092103593759,0.4412848867825171,0.8146392838335966,0.923117430226435,0.3369417333796313,0
nist,clean,validation,geometric_persistence,2,1899,0.05948324300420874,0.09934222961804597,0.4476040021063718,0.7819905213270142,0.9052132701421801,0.46064747462582817,0
nist,clean,validation,geometric_persistence,3,1899,0.07628040649886418,0.13044302463396146,0.45129015271195366,0.7967351237493417,0.8957345971563981,0.5472979319873059,0
nist,clean,validation,geometric_persistence,4,1899,0.08957780422131884,0.1569951610194919,0.4681411269088994,0.8009478672985783,0.8857293312269615,0.6071494555453171,0
nist,clean,validation,multiple_imputation_compact,1,1899,0.03763820318333894,0.05884016291362441,0.5676671932596103,0.7756714060031595,0.8472880463401791,0.20060230472282276,0
nist,clean,validation,multiple_imputation_compact,2,1899,0.052411263254823565,0.08375289030573078,0.48973143759873616,0.7193259610321222,0.7998946814112691,0.2521867947857274,0
nist,clean,validation,multiple_imputation_compact,3,1899,0.06399769080199591,0.10259935568285644,0.4423380726698262,0.6524486571879937,0.7588204318062138,0.2844947306698608,0
nist,clean,validation,multiple_imputation_compact,4,1899,0.07505493686865776,0.11908102850436766,0.421274354923644,0.6298051606108478,0.7414428646656135,0.3074380859595584,0
nist,clean,validation,multiple_imputation_flexible,1,1899,0.04059820927222604,0.05842373240972112,0.42759347024749866,0.617693522906793,0.7003686150605581,0.12630434753900352,0
nist,clean,validation,multiple_imputation_flexible,2,1899,0.0596175230995348,0.08350461067298866,0.3675618746708794,0.5308056872037915,0.6034755134281201,0.15198905063673762,0
nist,clean,validation,multiple_imputation_flexible,3,1899,0.07387355107326629,0.10196033269378457,0.3312269615587151,0.4802527646129542,0.5587151132174829,0.16788587672133046,0
nist,clean,validation,multiple_imputation_flexible,4,1899,0.08946574593096823,0.12075162317850337,0.2927856766719326,0.4412848867825171,0.5134281200631912,0.17472153088735823,0
nist,clean,validation,persistence,1,1899,0.05712646645681132,0.10290622100083266,0.45023696682464454,0.808320168509742,0.9189046866771985,0.4251543877233618,0
nist,clean,validation,persistence,2,1899,0.09075843694908907,0.1717794267444761,0.43970510795155343,0.7998946814112691,0.9010005265929436,0.5749879596899943,0
nist,clean,validation,persistence,3,1899,0.11350106010997732,0.21983244063476723,0.43601895734597157,0.7935755660874144,0.8846761453396524,0.6605264153036425,0
nist,clean,validation,persistence,4,1899,0.1277355946738422,0.24874974476031592,0.45866245392311744,0.7783043707214323,0.8751974723538705,0.7120251026129994,0
nist,clean,validation,quantile_compact,1,1899,0.03664567025751524,0.054854824151009486,0.42496050552922593,0.7809373354397051,0.9083728278041074,0.4021159107108887,0
nist,clean,validation,quantile_compact,2,1899,0.04968705047597009,0.08163732608666872,0.39757767245918907,0.6777251184834123,0.8830963665086888,0.4703424292180533,0
nist,clean,validation,quantile_compact,3,1899,0.05909636441435127,0.0994815821712246,0.3933649289099526,0.7651395471300685,0.8730911005792522,0.4676938481037812,0
nist,clean,validation,quantile_compact,4,1899,0.06469176777026812,0.11362083852363436,0.4086361242759347,0.721958925750395,0.885202738283307,0.5003218833031259,0
nist,clean,validation,quantile_flexible,1,1899,0.03518015752225374,0.05462363116270238,0.36808846761453395,0.6972090573986308,0.8183254344391785,0.27507843367567264,0
nist,clean,validation,quantile_flexible,2,1899,0.048286360323711766,0.08023277938866254,0.34807793575566087,0.6197998946814113,0.7783043707214323,0.3538901489320251,0
nist,clean,validation,quantile_flexible,3,1899,0.057887538887409905,0.09809786475171993,0.33649289099526064,0.6092680358083201,0.8141126908899421,0.43937949811992505,0
nist,clean,validation,quantile_flexible,4,1899,0.0647826803224419,0.11404450402583867,0.3175355450236967,0.5839915745129015,0.741969457609268,0.407103014048551,0
nist,clean,validation,single_imputation_compact,1,1899,0.03803187501710917,0.05877672499878488,0.5681937862032649,0.7709320695102686,0.842548709847288,0.19691025913902444,0
nist,clean,validation,single_imputation_compact,2,1899,0.05259676203727731,0.08362003526542916,0.48973143759873616,0.717219589257504,0.7962085308056872,0.24931545824813495,0
nist,clean,validation,single_imputation_compact,3,1899,0.06417725416257296,0.10260563841705239,0.44075829383886256,0.6492890995260664,0.7556608741442865,0.28216368557899907,0
nist,clean,validation,single_imputation_compact,4,1899,0.07522459599869671,0.11902921805835205,0.4218009478672986,0.6287519747235387,0.7398630858346498,0.30595201686995044,0
nist,clean,validation,single_imputation_flexible,1,1899,0.04123932375108475,0.058384251759833805,0.42496050552922593,0.6134807793575566,0.6898367561874671,0.12155931218092272,0
nist,clean,validation,single_imputation_flexible,2,1899,0.06018037239798497,0.08342055432038749,0.3670352817272249,0.5255397577672459,0.6003159557661928,0.1478281010492596,0
nist,clean,validation,single_imputation_flexible,3,1899,0.07455019800180247,0.10201324501885602,0.32964718272775145,0.473407056345445,0.5523959978936283,0.16374014004742987,0
nist,clean,validation,single_imputation_flexible,4,1899,0.08987056082561401,0.12070554623496976,0.29120589784096895,0.43812532912058977,0.5092153765139548,0.17137737339714898,0
nist,clean,warmup,geometric_persistence,1,289,0.03780340481935992,0.053252179367406643,0.48788927335640137,0.7647058823529411,0.8581314878892734,0.22305292829311735,0
nist,clean,warmup,geometric_persistence,2,289,0.06154942030675658,0.09306370438289233,0.4532871972318339,0.7577854671280276,0.8200692041522492,0.35552090640447864,0
nist,clean,warmup,geometric_persistence,3,289,0.07888167943590156,0.12610061586780694,0.4532871972318339,0.7301038062283737,0.8131487889273357,0.43676341383554496,0
nist,clean,warmup,geometric_persistence,4,289,0.09524321907834213,0.16155118223508247,0.42214532871972316,0.7093425605536332,0.8062283737024222,0.46793819101013523,0
nist,clean,warmup,multiple_imputation_compact,1,289,0.03350545755483145,0.05268057447057963,0.5986159169550173,0.7716262975778547,0.8581314878892734,0.1938380354419341,0
nist,clean,warmup,multiple_imputation_compact,2,289,0.051618207788247994,0.08313117584931615,0.5051903114186851,0.6885813148788927,0.7923875432525952,0.2437673749184671,0
nist,clean,warmup,multiple_imputation_compact,3,289,0.06923669121471038,0.11088628050589018,0.40484429065743943,0.6262975778546713,0.726643598615917,0.27794977655705816,0
nist,clean,warmup,multiple_imputation_compact,4,289,0.08448789418842749,0.1324571037714558,0.3737024221453287,0.5882352941176471,0.7058823529411765,0.30262278386939667,0
nist,clean,warmup,multiple_imputation_flexible,1,289,0.035547913675596066,0.05161288982697754,0.45674740484429066,0.643598615916955,0.7093425605536332,0.12275356340279274,0
nist,clean,warmup,multiple_imputation_flexible,2,289,0.06014455861194196,0.084520295669622,0.3217993079584775,0.48788927335640137,0.5882352941176471,0.14751649337214426,0
nist,clean,warmup,multiple_imputation_flexible,3,289,0.08308650982358685,0.11330295729227788,0.29411764705882354,0.4186851211072664,0.5017301038062284,0.16394033791459264,0
nist,clean,warmup,multiple_imputation_flexible,4,289,0.10283874377531095,0.1358588841024522,0.22491349480968859,0.40484429065743943,0.48788927335640137,0.1731099775553391,0
nist,clean,warmup,persistence,1,289,0.05788428627397417,0.09786136097238608,0.4740484429065744,0.7958477508650519,0.8442906574394463,0.34169772481016986,0
nist,clean,warmup,persistence,2,289,0.08949515690389241,0.16177512378731887,0.4982698961937716,0.7474048442906575,0.8339100346020761,0.515101020774028,0
nist,clean,warmup,persistence,3,289,0.10918949000893738,0.2090872135507542,0.45674740484429066,0.7370242214532872,0.8269896193771626,0.5673776406825135,0
nist,clean,warmup,persistence,4,289,0.12090630127228534,0.23772489794283605,0.4429065743944637,0.6920415224913494,0.8235294117647058,0.5787173568334307,0
nist,clean,warmup,quantile_compact,1,289,0.03335167605655747,0.04908797450508648,0.42214532871972316,0.7647058823529411,0.8754325259515571,0.3552053375751017,0
nist,clean,warmup,quantile_compact,2,289,0.05063034138799693,0.08396190350539641,0.42560553633217996,0.671280276816609,0.8512110726643599,0.42413172409467675,0
nist,clean,warmup,quantile_compact,3,289,0.06322340334323541,0.10813694117667462,0.42560553633217996,0.7301038062283737,0.8581314878892734,0.4648985302049891,0
nist,clean,warmup,quantile_compact,4,289,0.07214233022674832,0.1360746439019343,0.4429065743944637,0.6747404844290658,0.8408304498269896,0.47579299331840064,0
nist,clean,warmup,quantile_flexible,1,289,0.03130787286588715,0.04830888055433251,0.35986159169550175,0.6920415224913494,0.8166089965397924,0.2437806308792939,0
nist,clean,warmup,quantile_flexible,2,289,0.04881447472345098,0.0826675828824267,0.35986159169550175,0.5986159169550173,0.7820069204152249,0.33465650222114435,0
nist,clean,warmup,quantile_flexible,3,289,0.06136852880250617,0.10805242114854977,0.3494809688581315,0.6055363321799307,0.8096885813148789,0.4341090166952678,0
nist,clean,warmup,quantile_flexible,4,289,0.07354554636768136,0.13393656457562994,0.36678200692041524,0.5951557093425606,0.7508650519031141,0.4230028457110819,0
nist,clean,warmup,single_imputation_compact,1,289,0.033305252948231265,0.05240310097532127,0.5986159169550173,0.7716262975778547,0.8581314878892734,0.1912781589650235,0
nist,clean,warmup,single_imputation_compact,2,289,0.05149521270923578,0.08308437482199722,0.5086505190311419,0.6885813148788927,0.7923875432525952,0.2423158055135335,0
nist,clean,warmup,single_imputation_compact,3,289,0.06920714848850182,0.11080876924061807,0.4083044982698962,0.6228373702422145,0.7301038062283737,0.2764763740324888,0
nist,clean,warmup,single_imputation_compact,4,289,0.08443622906743761,0.13239207034869047,0.370242214532872,0.5813148788927336,0.7058823529411765,0.3014699825486154,0
nist,clean,warmup,single_imputation_flexible,1,289,0.035436926207824064,0.05137586541300864,0.4602076124567474,0.643598615916955,0.7058823529411765,0.1195297623385115,0
nist,clean,warmup,single_imputation_flexible,2,289,0.060202322175964405,0.08477026617622703,0.31833910034602075,0.48788927335640137,0.5847750865051903,0.14539493044978405,0
nist,clean,warmup,single_imputation_flexible,3,289,0.08369688521120323,0.11348478278608369,0.29411764705882354,0.41522491349480967,0.49480968858131485,0.16215185813601454,0
nist,clean,warmup,single_imputation_flexible,4,289,0.10306268970885189,0.13575976251596647,0.22145328719723184,0.40484429065743943,0.4809688581314879,0.1708519930696379,0
nist,pv_only,development_evaluation,geometric_persistence,1,2138,0.04841691503404619,0.075444506431658,0.3914873713751169,0.7539756782039289,0.881665107577175,0.3089104021038933,26
nist,pv_only,development_evaluation,geometric_persistence,2,2137,0.06695254039383226,0.11177846814966984,0.3968179691155826,0.7533926064576509,0.8816097332709406,0.43624639461670706,26
nist,pv_only,development_evaluation,geometric_persistence,3,2137,0.08192828117990238,0.143112634066634,0.3888628919045391,0.7604117922321011,0.8741226017781937,0.5210549684583895,26
nist,pv_only,development_evaluation,geometric_persistence,4,2137,0.09346118761401005,0.17269368800758295,0.3841834347215723,0.7543284978942443,0.8797379503977538,0.5734013115498955,26
nist,pv_only,development_evaluation,multiple_imputation_compact,1,2138,0.037068580551927,0.05799951534650612,0.5940130963517306,0.7773620205799813,0.8489242282507016,0.21167477490549677,26
nist,pv_only,development_evaluation,multiple_imputation_compact,2,2137,0.04925500055936422,0.07911366457964247,0.5301824988301357,0.7491810949929808,0.8245203556387459,0.2618767575479896,26
nist,pv_only,development_evaluation,multiple_imputation_compact,3,2137,0.05770880853568765,0.09273503668586697,0.5011698642957417,0.7290594291062237,0.8081422554983622,0.2909956075689154,26
nist,pv_only,development_evaluation,multiple_imputation_compact,4,2137,0.06432850606923589,0.10343767454109765,0.4815161441272812,0.7098736546560599,0.7978474496958353,0.312015284595704,26
nist,pv_only,development_evaluation,multiple_imputation_flexible,1,2138,0.04004554794744786,0.05807390156769874,0.45088868101029,0.6384471468662302,0.7072029934518241,0.13868688631394066,26
nist,pv_only,development_evaluation,multiple_imputation_flexible,2,2137,0.05564357299892096,0.08003826442331206,0.3827795975666823,0.5732335049134301,0.6495086569957885,0.16354925175038648,26
nist,pv_only,development_evaluation,multiple_imputation_flexible,3,2137,0.06661585332740348,0.09388633626445728,0.3589143659335517,0.5432849789424427,0.6228357510528779,0.1759970121534774,26
nist,pv_only,development_evaluation,multiple_imputation_flexible,4,2137,0.07539667762920539,0.10446650098952216,0.34534394010294805,0.5081890500701919,0.586335985025737,0.18048975663844682,26
nist,pv_only,development_evaluation,persistence,1,2138,0.0684280873401703,0.12176706629925835,0.38493919550982225,0.755378858746492,0.8891487371375117,0.4095205849315583,26
nist,pv_only,development_evaluation,persistence,2,2137,0.09807554989799769,0.18919863935606152,0.37950397753860554,0.7557323350491343,0.8890968647636874,0.5699606485683862,26
nist,pv_only,development_evaluation,persistence,3,2137,0.11679802321672837,0.2359757705128739,0.3879270004679457,0.7473093121197941,0.8834815161441273,0.6472770342385753,26
nist,pv_only,development_evaluation,persistence,4,2137,0.1278494751897233,0.26267740432394293,0.3879270004679457,0.7468413664014975,0.8811417875526439,0.6885319774532678,26
nist,pv_only,development_evaluation,quantile_compact,1,2138,0.03812083244239538,0.05743163657441975,0.44574368568755846,0.7871842843779233,0.9190832553788587,0.4265531355865789,26
nist,pv_only,development_evaluation,quantile_compact,2,2137,0.04832021382048364,0.08014761996160666,0.4342536265793168,0.7688348151614413,0.9185774450163781,0.4559134790621832,26
nist,pv_only,development_evaluation,quantile_compact,3,2137,0.05404318933905367,0.09157999496494497,0.44174075807206364,0.8306036499766027,0.9293401965372017,0.45341730670129704,26
nist,pv_only,development_evaluation,quantile_compact,4,2137,0.057740988325737284,0.10229081480544966,0.4408048666354703,0.7753860552175947,0.9344875994384652,0.47186214904919926,26
nist,pv_only,development_evaluation,quantile_flexible,1,2138,0.03590417358668646,0.05634734346086851,0.37418147801683815,0.7128157156220767,0.8447146866230122,0.29072381580803325,26
nist,pv_only,development_evaluation,quantile_flexible,2,2137,0.04593809275655871,0.07829553487367773,0.3818437061300889,0.6682264857276556,0.8469817501169864,0.3453851480123372,26
nist,pv_only,development_evaluation,quantile_flexible,3,2137,0.052458946136444716,0.09038149064230543,0.3888628919045391,0.6878802058961161,0.8811417875526439,0.42971177183556064,26
nist,pv_only,development_evaluation,quantile_flexible,4,2137,0.05642589784314782,0.10149086721270846,0.3696771174543753,0.671970051474029,0.844642021525503,0.3915481276011718,26
nist,pv_only,development_evaluation,single_imputation_compact,1,2138,0.03686494868953636,0.05709566263190801,0.5823199251637043,0.7652011225444341,0.8362956033676333,0.19797168326239598,26
nist,pv_only,development_evaluation,single_imputation_compact,2,2137,0.049239990929004065,0.07842823360057428,0.5236312587739822,0.7384183434721572,0.811417875526439,0.25048881327802147,26
nist,pv_only,development_evaluation,single_imputation_compact,3,2137,0.0576840807761727,0.09208666150742868,0.49742629854936826,0.7239120262049602,0.802526906878802,0.2823134922117123,26
nist,pv_only,development_evaluation,single_imputation_compact,4,2137,0.0644907309057691,0.1031306262707684,0.4791764155357979,0.7023865231633131,0.7917641553579785,0.30624342119797976,26
nist,pv_only,development_evaluation,single_imputation_flexible,1,2138,0.040469242311691155,0.057325852177087216,0.43498596819457436,0.6188026192703461,0.686155285313377,0.12239769897916125,26
nist,pv_only,development_evaluation,single_imputation_flexible,2,2137,0.05620147793015022,0.07948065089603908,0.3696771174543753,0.555919513336453,0.6307908282639214,0.1486111467062035,26
nist,pv_only,development_evaluation,single_imputation_flexible,3,2137,0.06706267657386127,0.09309527398039524,0.3561066916237716,0.5301824988301357,0.6069255966307908,0.163888071291933,26
nist,pv_only,development_evaluation,single_imputation_flexible,4,2137,0.07603088411006675,0.10413213182096137,0.3401965372016846,0.5007019185774451,0.5788488535329902,0.17177864174937832,26
nist,pv_only,validation,geometric_persistence,1,1899,0.049551475602595624,0.07550624649002889,0.42443391258557134,0.7877830437072143,0.8962611901000527,0.33266479902385093,22
nist,pv_only,validation,geometric_persistence,2,1899,0.06622744651068298,0.10969700190011966,0.43601895734597157,0.7714586624539231,0.8909952606635071,0.4557041983826311,22
nist,pv_only,validation,geometric_persistence,3,1899,0.08030356078653586,0.13792682795019462,0.45129015271195366,0.7909426013691416,0.8867825171142707,0.5425540178728198,22
nist,pv_only,validation,geometric_persistence,4,1899,0.09142243583743337,0.16121544015751463,0.4718272775144813,0.7977883096366508,0.8799368088467614,0.6029597721510532,22
nist,pv_only,validation,multiple_imputation_compact,1,1899,0.038704605294793436,0.061237267211384304,0.5581885202738284,0.7788309636650869,0.8488678251711427,0.2111341022876015,22
nist,pv_only,validation,multiple_imputation_compact,2,1899,0.053128641527193286,0.08513286408002926,0.49236440231700895,0.7214323328067404,0.8035808320168509,0.2598027640662956,22
nist,pv_only,validation,multiple_imputation_compact,3,1899,0.06429728596242831,0.10339398582776782,0.4470774091627172,0.6566614007372301,0.7635597682991048,0.2901459642192221,22
nist,pv_only,validation,multiple_imputation_compact,4,1899,0.07532130568454781,0.11984892279146253,0.4218009478672986,0.6292785676671933,0.7456556082148499,0.31031116213240806,22
nist,pv_only,validation,multiple_imputation_flexible,1,1899,0.04196139710479523,0.061126336921833994,0.4291732490784623,0.6219062664560295,0.7035281727224855,0.13808656521583695,22
nist,pv_only,validation,multiple_imputation_flexible,2,1899,0.060029525678569916,0.0848295069102482,0.37388098999473407,0.5418641390205371,0.616640337019484,0.16141605849329735,22
nist,pv_only,validation,multiple_imputation_flexible,3,1899,0.07413704282257004,0.10307234344973812,0.33701948393891523,0.48657187993680884,0.5660874144286466,0.17491505221159415,22
nist,pv_only,validation,multiple_imputation_flexible,4,1899,0.08968166799701618,0.12159351663114056,0.2927856766719326,0.4439178515007899,0.5155344918378094,0.1786133980846946,22
nist,pv_only,validation,persistence,1,1899,0.06756769329924352,0.117139464941107,0.4318062137967351,0.7825171142706687,0.8925750394944708,0.41938545387986687,22
nist,pv_only,validation,persistence,2,1899,0.09517228721032399,0.17841813162411418,0.44075829383886256,0.7898894154818326,0.8888888888888888,0.5667182881592324,22
nist,pv_only,validation,persistence,3,1899,0.11406888128744051,0.22033737213456372,0.4412848867825171,0.7904160084254871,0.8799368088467614,0.6512822446230097,22
nist,pv_only,validation,persistence,4,1899,0.12612955964117833,0.24547319573182838,0.46392838335966297,0.7793575566087414,0.8746708794102159,0.7024470969951003,22
nist,pv_only,validation,quantile_compact,1,1899,0.03923102810180734,0.05938006185885452,0.42232754081095314,0.7756714060031595,0.9031068983675619,0.41548743005351335,22
nist,pv_only,validation,quantile_compact,2,1899,0.05127596920128061,0.085311893849476,0.3959978936282254,0.6814112690889942,0.8830963665086888,0.47368130828942334,22
nist,pv_only,validation,quantile_compact,3,1899,0.059977661865664396,0.10193569441537365,0.39125855713533436,0.7688256977356503,0.8720379146919431,0.46991187269493845,22
nist,pv_only,validation,quantile_compact,4,1899,0.06526554455716196,0.1152507224222555,0.4028436018957346,0.7093206951026856,0.8799368088467614,0.49801945089827127,22
nist,pv_only,validation,quantile_flexible,1,1899,0.037388865981347025,0.0578700967164759,0.36861506055818855,0.6977356503422855,0.8209583991574513,0.2950162117201841,22
nist,pv_only,validation,quantile_flexible,2,1899,0.04973868762152282,0.08299251086847603,0.34913112164297,0.6250658241179569,0.7788309636650869,0.3620421886389489,22
nist,pv_only,validation,quantile_flexible,3,1899,0.05874610356140378,0.10010311032406714,0.3338599262769879,0.6092680358083201,0.8104265402843602,0.43904923046673006,22
nist,pv_only,validation,quantile_flexible,4,1899,0.06513249611137327,0.11525628015535849,0.31332280147446023,0.5887309110057926,0.7472353870458136,0.4091510519410682,22
nist,pv_only,validation,single_imputation_compact,1,1899,0.03935472900993311,0.06066848810033357,0.5539757767245919,0.764612954186414,0.833070036861506,0.19693115220757035,22
nist,pv_only,validation,single_imputation_compact,2,1899,0.0534024463279247,0.0846159459158663,0.48762506582411796,0.7109004739336493,0.7914691943127962,0.24959624237553837,22
nist,pv_only,validation,single_imputation_compact,3,1899,0.06462254854788478,0.1031210116473397,0.4412848867825171,0.6471827277514481,0.7535545023696683,0.28233294224967675,22
nist,pv_only,validation,single_imputation_compact,4,1899,0.07577164283308876,0.11983987197592465,0.4207477619799895,0.6261190100052659,0.7377567140600316,0.3061227238355151,22
nist,pv_only,validation,single_imputation_flexible,1,1899,0.04319383590688849,0.06057995226185533,0.41706161137440756,0.6040021063717746,0.6798314902580306,0.12159242553889499,22
nist,pv_only,validation,single_imputation_flexible,2,1899,0.06109189186299319,0.0844463966177172,0.3675618746708794,0.5223802001053186,0.5987361769352291,0.14800727274128905,22
nist,pv_only,validation,single_imputation_flexible,3,1899,0.0753019218777675,0.10281591650034892,0.32754081095313325,0.47235387045813587,0.5487098472880464,0.16386858527374712,22
nist,pv_only,validation,single_imputation_flexible,4,1899,0.09057264834396624,0.12157504979586511,0.2880463401790416,0.43496577145866244,0.5071090047393365,0.17145374401364832,22
nist,pv_only,warmup,geometric_persistence,1,289,0.06313946265133567,0.08349962195276929,0.44982698961937717,0.7197231833910035,0.8062283737024222,0.217668402132542,4
nist,pv_only,warmup,geometric_persistence,2,289,0.07787462456549454,0.1167459970959039,0.43944636678200694,0.7231833910034602,0.7750865051903114,0.3497739377999633,4
nist,pv_only,warmup,geometric_persistence,3,289,0.08951672893271298,0.14462360226931842,0.4463667820069204,0.698961937716263,0.7889273356401384,0.43160992387979447,4
nist,pv_only,warmup,geometric_persistence,4,289,0.10233020110801654,0.17447981099790363,0.4186851211072664,0.6920415224913494,0.7854671280276817,0.4634031479045569,4
nist,pv_only,warmup,multiple_imputation_compact,1,289,0.03577427442738013,0.05803517202091476,0.5882352941176471,0.7577854671280276,0.8442906574394463,0.2063331709631423,4
nist,pv_only,warmup,multiple_imputation_compact,2,289,0.053476299565991606,0.08709748146480402,0.5017301038062284,0.6885813148788927,0.7923875432525952,0.25257489167456965,4
nist,pv_only,warmup,multiple_imputation_compact,3,289,0.07149496852154848,0.11353890168883637,0.4117647058823529,0.629757785467128,0.726643598615917,0.28010689257162474,4
nist,pv_only,warmup,multiple_imputation_compact,4,289,0.08626838215490999,0.1341318303261494,0.3806228373702422,0.5882352941176471,0.7024221453287197,0.3030507292990883,4
nist,pv_only,warmup,multiple_imputation_flexible,1,289,0.03830699653754601,0.0575704745676087,0.4463667820069204,0.6505190311418685,0.7162629757785467,0.13735806145210885,4
nist,pv_only,warmup,multiple_imputation_flexible,2,289,0.062011346305199305,0.08879543391140313,0.31833910034602075,0.49480968858131485,0.5916955017301038,0.15927083327659494,4
nist,pv_only,warmup,multiple_imputation_flexible,3,289,0.08505172805160383,0.11597363441998461,0.29411764705882354,0.42560553633217996,0.5051903114186851,0.16768657547050636,4
nist,pv_only,warmup,multiple_imputation_flexible,4,289,0.10393659137291907,0.13713928004002948,0.23529411764705882,0.40484429065743943,0.4844290657439446,0.17544652068928596,4
nist,pv_only,warmup,persistence,1,289,0.07871104682647523,0.12218411917669131,0.4602076124567474,0.7612456747404844,0.8027681660899654,0.3288017762910373,4
nist,pv_only,warmup,persistence,2,289,0.09961755148874996,0.1761901158472907,0.48788927335640137,0.7197231833910035,0.8062283737024222,0.4951165955430173,4
nist,pv_only,warmup,persistence,3,289,0.11350550517314646,0.2153765665417822,0.45674740484429066,0.7197231833910035,0.8096885813148789,0.5451220355062202,4
nist,pv_only,warmup,persistence,4,289,0.12267634068436475,0.23882994428132626,0.4429065743944637,0.6851211072664359,0.8096885813148789,0.5584367047775237,4
nist,pv_only,warmup,quantile_compact,1,289,0.03828206766467666,0.06032520366383662,0.42560553633217996,0.7647058823529411,0.8685121107266436,0.3561704550734102,4
nist,pv_only,warmup,quantile_compact,2,289,0.055059766297487524,0.0926413740744555,0.42214532871972316,0.6747404844290658,0.8546712802768166,0.42414392092528247,4
nist,pv_only,warmup,quantile_compact,3,289,0.06546166707110465,0.11310572436921548,0.4290657439446367,0.726643598615917,0.8615916955017301,0.46499132968996093,4
nist,pv_only,warmup,quantile_compact,4,289,0.07254645605464985,0.13612978269161857,0.4429065743944637,0.671280276816609,0.8442906574394463,0.4746622027318941,4
nist,pv_only,warmup,quantile_flexible,1,289,0.03617551876723247,0.057422781103022014,0.36678200692041524,0.698961937716263,0.8096885813148789,0.2582738632533182,4
nist,pv_only,warmup,quantile_flexible,2,289,0.0533203148952379,0.09114299795305611,0.3633217993079585,0.6055363321799307,0.7854671280276817,0.3418290950796447,4
nist,pv_only,warmup,quantile_flexible,3,289,0.06418842572977015,0.1136698871206088,0.35294117647058826,0.6055363321799307,0.8027681660899654,0.4315196455854831,4
nist,pv_only,warmup,quantile_flexible,4,289,0.07450960801817876,0.13478244095636782,0.370242214532872,0.5951557093425606,0.7474048442906575,0.4236999632498756,4
nist,pv_only,warmup,single_imputation_compact,1,289,0.03652011462787384,0.05694668910974417,0.5882352941176471,0.7335640138408305,0.8096885813148789,0.1909086145448311,4
nist,pv_only,warmup,single_imputation_compact,2,289,0.05386050222980393,0.08600173028490236,0.5086505190311419,0.6747404844290658,0.7785467128027682,0.24214991333741862,4
nist,pv_only,warmup,single_imputation_compact,3,289,0.07152084753431354,0.1129056886499168,0.41522491349480967,0.6262975778546713,0.7301038062283737,0.27599104218303144,4
nist,pv_only,warmup,single_imputation_compact,4,289,0.08625682876377906,0.13394362160275955,0.3771626297577855,0.5813148788927336,0.7024221453287197,0.3007536357463055,4
nist,pv_only,warmup,single_imputation_flexible,1,289,0.04074453268461677,0.057163000106344494,0.4463667820069204,0.6332179930795848,0.6816608996539792,0.11943779861108342,4
nist,pv_only,warmup,single_imputation_flexible,2,289,0.06291101248323593,0.08768338569943593,0.314878892733564,0.4844290657439446,0.5674740484429066,0.14539789631834127,4
nist,pv_only,warmup,single_imputation_flexible,3,289,0.08612925106946306,0.11581051609645507,0.29411764705882354,0.42214532871972316,0.4982698961937716,0.16186020790815603,4
nist,pv_only,warmup,single_imputation_flexible,4,289,0.10457167876816434,0.1370336579798132,0.23183391003460208,0.40484429065743943,0.47750865051903113,0.17060310127820158,4
nist,irradiance_only,development_evaluation,geometric_persistence,1,2138,0.040102997962322404,0.06432995652550791,0.41019644527595883,0.7773620205799813,0.9069223573433115,0.31297509249310534,26
nist,irradiance_only,development_evaluation,geometric_persistence,2,2137,0.06093097775172329,0.10232287562266724,0.4066448291998128,0.7683668694431446,0.8975198876930276,0.4411128926020589,26
nist,irradiance_only,development_evaluation,geometric_persistence,3,2137,0.07814856030994151,0.135436231425133,0.39494618624239586,0.7716424894712214,0.8848853532990173,0.5259870515996763,26
nist,irradiance_only,development_evaluation,geometric_persistence,4,2137,0.09228305943169791,0.16846401824459578,0.3837154890032756,0.7585400093589144,0.8834815161441273,0.5779680997503112,26
nist,irradiance_only,development_evaluation,multiple_imputation_compact,1,2138,0.036732259528804136,0.05727232739838364,0.5832553788587465,0.7680074836295603,0.8395696913002806,0.20110604198684945,26
nist,irradiance_only,development_evaluation,multiple_imputation_compact,2,2137,0.04916706687647943,0.07841059910025573,0.5245671502105755,0.743097800655124,0.8151614412728123,0.25367446773740093,26
nist,irradiance_only,development_evaluation,multiple_imputation_compact,3,2137,0.05783588183676701,0.09266390243332279,0.4927468413664015,0.7239120262049602,0.802526906878802,0.28456780259462744,26
nist,irradiance_only,development_evaluation,multiple_imputation_compact,4,2137,0.06438745561603838,0.10332884130244986,0.4791764155357979,0.7051941974730931,0.7941038839494619,0.30807643192251943,26
nist,irradiance_only,development_evaluation,multiple_imputation_flexible,1,2138,0.03978632768364632,0.05703450475256481,0.4429373246024322,0.6244153414405987,0.6931711880261927,0.12656589727290726,26
nist,irradiance_only,development_evaluation,multiple_imputation_flexible,2,2137,0.05585875035152929,0.07950278876495954,0.37435657463734207,0.5657463734206832,0.6396817969115582,0.15316983435500645,26
nist,irradiance_only,development_evaluation,multiple_imputation_flexible,3,2137,0.0668902656937701,0.09345349748184253,0.3537669630322883,0.5329901731399158,0.6102012166588676,0.16792577719745339,26
nist,irradiance_only,development_evaluation,multiple_imputation_flexible,4,2137,0.07592056340847081,0.10456504060624738,0.34160037435657464,0.5016378100140384,0.5802526906878802,0.17511889128791455,26
nist,irradiance_only,development_evaluation,persistence,1,2138,0.05914520968922654,0.10955390544718338,0.3961646398503274,0.7773620205799813,0.9130028063610851,0.4139503348356343,26
nist,irradiance_only,development_evaluation,persistence,2,2137,0.09307627758561082,0.18166729992900432,0.38324754328497895,0.7707065980346279,0.9064108563406644,0.5756726225191199,26
nist,irradiance_only,development_evaluation,persistence,3,2137,0.11494239229467496,0.23225313610351897,0.3907346747777258,0.7533926064576509,0.8928404305100608,0.6533586939975542,26
nist,irradiance_only,development_evaluation,persistence,4,2137,0.12835977710847035,0.2627572740032788,0.38558727187646236,0.7468413664014975,0.883949461862424,0.6948175514692753,26
nist,irradiance_only,development_evaluation,quantile_compact,1,2138,0.03644887672923783,0.05532311474981409,0.44855004677268473,0.7951356407857811,0.9181478016838166,0.4153448259382794,26
nist,irradiance_only,development_evaluation,quantile_compact,2,2137,0.047359280440733925,0.07700926705209078,0.43659335517080017,0.7613476836686944,0.9167056621431914,0.4530345327286118,26
nist,irradiance_only,development_evaluation,quantile_compact,3,2137,0.0536096759406326,0.08989486715958389,0.44408048666354705,0.827328029948526,0.928872250818905,0.4518473081509483,26
nist,irradiance_only,development_evaluation,quantile_compact,4,2137,0.05743619729318883,0.1007365138061026,0.441272812353767,0.7842770238652317,0.9386991109031352,0.47396489869047853,26
nist,irradiance_only,development_evaluation,quantile_flexible,1,2138,0.03462980323915122,0.05590752268189832,0.3760523854069224,0.7174929840972872,0.8484565014031805,0.27553987308113387,26
nist,irradiance_only,development_evaluation,quantile_flexible,2,2137,0.0451568774802755,0.07598524126801423,0.38511932615816563,0.6640149742629855,0.844642021525503,0.3385784159643591,26
nist,irradiance_only,development_evaluation,quantile_flexible,3,2137,0.052015966973427016,0.08867895820487,0.38933083762283577,0.6855404773046326,0.8862891904539073,0.4323080046165388,26
nist,irradiance_only,development_evaluation,quantile_flexible,4,2137,0.056237508908661075,0.09996142589835877,0.37201684604585866,0.6738418343472157,0.8394946186242396,0.3895505570610333,26
nist,irradiance_only,development_evaluation,single_imputation_compact,1,2138,0.03682351375994759,0.05711298954317264,0.5809167446211413,0.7652011225444341,0.8348924228250701,0.19793796521891163,26
nist,irradiance_only,development_evaluation,single_imputation_compact,2,2137,0.049186412663725615,0.0781714924483909,0.5226953673373889,0.7398221806270473,0.810014038371549,0.25042341640664295,26
nist,irradiance_only,development_evaluation,single_imputation_compact,3,2137,0.05805730154602238,0.09259899425920458,0.49508656995788486,0.7220402433317735,0.7987833411324287,0.28220323380746437,26
nist,irradiance_only,development_evaluation,single_imputation_compact,4,2137,0.06466912333405313,0.10342431199376573,0.4763687412260178,0.7019185774450164,0.7898923724847917,0.30615060322271653,26
nist,irradiance_only,development_evaluation,single_imputation_flexible,1,2138,0.04012168685300077,0.05694516793221754,0.4382600561272217,0.6192703461178671,0.686155285313377,0.12240640501368079,26
nist,irradiance_only,development_evaluation,single_imputation_flexible,2,2137,0.0560738465582192,0.0792174930316335,0.37435657463734207,0.5596630790828264,0.6326626111371081,0.14857985902330006,26
nist,irradiance_only,development_evaluation,single_imputation_flexible,3,2137,0.06708724217262294,0.09306917142953552,0.3551708001871783,0.5306504445484324,0.6069255966307908,0.16378381094220923,26
nist,irradiance_only,development_evaluation,single_imputation_flexible,4,2137,0.07635948111928371,0.10445027783581713,0.33926064576509124,0.49976602714085167,0.5774450163781002,0.1717126401632281,26
nist,irradiance_only,validation,geometric_persistence,1,1899,0.0393656656332052,0.06201092103593759,0.4412848867825171,0.8146392838335966,0.923117430226435,0.3369417333796313,22
nist,irradiance_only,validation,geometric_persistence,2,1899,0.05948324300420874,0.09934222961804597,0.4476040021063718,0.7819905213270142,0.9052132701421801,0.46064747462582817,22
nist,irradiance_only,validation,geometric_persistence,3,1899,0.07628040649886418,0.13044302463396146,0.45129015271195366,0.7967351237493417,0.8957345971563981,0.5472979319873059,22
nist,irradiance_only,validation,geometric_persistence,4,1899,0.08957780422131884,0.1569951610194919,0.4681411269088994,0.8009478672985783,0.8857293312269615,0.6071494555453171,22
nist,irradiance_only,validation,multiple_imputation_compact,1,1899,0.03769109369125548,0.05910694182752362,0.5608214849921012,0.775144813059505,0.8472880463401791,0.20044243047162416,22
nist,irradiance_only,validation,multiple_imputation_compact,2,1899,0.052408802541947415,0.08386111822321461,0.4881516587677725,0.7177461822011585,0.8020010531858873,0.252249184137703,22
nist,irradiance_only,validation,multiple_imputation_compact,3,1899,0.06419035047839806,0.1027793033188516,0.44549763033175355,0.65086887835703,0.7593470247498684,0.2845503455624299,22
nist,irradiance_only,validation,multiple_imputation_compact,4,1899,0.07510423825658921,0.11928958279207592,0.4186413902053712,0.6298051606108478,0.7424960505529226,0.30759316881594223,22
nist,irradiance_only,validation,multiple_imputation_flexible,1,1899,0.040741066107202496,0.05872176239244646,0.42022116903633494,0.6108478146392838,0.6972090573986308,0.1262993641193043,22
nist,irradiance_only,validation,multiple_imputation_flexible,2,1899,0.05969169449982383,0.08363397250490104,0.36808846761453395,0.5334386519220643,0.6087414428646656,0.15240627002319815,22
nist,irradiance_only,validation,multiple_imputation_flexible,3,1899,0.07391343415706118,0.10192949955726854,0.33543970510795157,0.48393891521853605,0.5618746708794102,0.16821527806614717,22
nist,irradiance_only,validation,multiple_imputation_flexible,4,1899,0.08970635654654391,0.12104873122709639,0.292259083728278,0.4423380726698262,0.5123749341758821,0.17514553032612912,22
nist,irradiance_only,validation,persistence,1,1899,0.05712646645681132,0.10290622100083266,0.45023696682464454,0.808320168509742,0.9189046866771985,0.4251543877233618,22
nist,irradiance_only,validation,persistence,2,1899,0.09075843694908907,0.1717794267444761,0.43970510795155343,0.7998946814112691,0.9010005265929436,0.5749879596899943,22
nist,irradiance_only,validation,persistence,3,1899,0.11350106010997732,0.21983244063476723,0.43601895734597157,0.7935755660874144,0.8846761453396524,0.6605264153036425,22
nist,irradiance_only,validation,persistence,4,1899,0.1277355946738422,0.24874974476031592,0.45866245392311744,0.7783043707214323,0.8751974723538705,0.7120251026129994,22
nist,irradiance_only,validation,quantile_compact,1,1899,0.03701498814811318,0.056386190831388724,0.42706687730384413,0.7793575566087414,0.9083728278041074,0.4028021668345193,22
nist,irradiance_only,validation,quantile_compact,2,1899,0.049941337603868215,0.08208100062001623,0.4002106371774618,0.6750921537651395,0.8809899947340706,0.4701906227869324,22
nist,irradiance_only,validation,quantile_compact,3,1899,0.0593417172703164,0.09986661617260979,0.3954713006845708,0.765666140073723,0.8704581358609794,0.4679246649504853,22
nist,irradiance_only,validation,quantile_compact,4,1899,0.06494073734510455,0.11391355260736555,0.4075829383886256,0.7224855186940495,0.8815165876777251,0.4993753084749599,22
nist,irradiance_only,validation,quantile_flexible,1,1899,0.035618148252216056,0.056441245525042726,0.37177461822011587,0.6961558715113217,0.822538177988415,0.27639606911045606,22
nist,irradiance_only,validation,quantile_flexible,2,1899,0.0485938574730054,0.08097094125878052,0.3543970510795155,0.617693522906793,0.7767245918904687,0.354431272481714,22
nist,irradiance_only,validation,quantile_flexible,3,1899,0.05814393662821797,0.09847841756092109,0.33649289099526064,0.6092680358083201,0.8109531332280148,0.43978261726183066,22
nist,irradiance_only,validation,quantile_flexible,4,1899,0.06498496849935974,0.11446998841565321,0.3196419167983149,0.583464981569247,0.740916271721959,0.40656964143601754,22
nist,irradiance_only,validation,single_imputation_compact,1,1899,0.03813132512670538,0.059067279829255956,0.5608214849921012,0.7714586624539231,0.8420221169036335,0.19662510341813164,22
nist,irradiance_only,validation,single_imputation_compact,2,1899,0.05264764917227003,0.08372132559765513,0.4892048446550816,0.7156398104265402,0.7967351237493417,0.2491813322550164,22
nist,irradiance_only,validation,single_imputation_compact,3,1899,0.0645715944188512,0.1028255744637284,0.4444444444444444,0.6466561348077936,0.7525013164823592,0.28197237366906885,22
nist,irradiance_only,validation,single_imputation_compact,4,1899,0.07548814049954514,0.11939026229941978,0.4228541337546077,0.627172195892575,0.7393364928909952,0.3057680018420712,22
nist,irradiance_only,validation,single_imputation_flexible,1,1899,0.04148362520373598,0.05874331766300142,0.4191679831490258,0.6050552922590837,0.6829910479199579,0.12125310993083313,22
nist,irradiance_only,validation,single_imputation_flexible,2,1899,0.06028391859107395,0.083465853389872,0.3675618746708794,0.5276461295418642,0.6050552922590837,0.14770756092996998,22
nist,irradiance_only,validation,single_imputation_flexible,3,1899,0.07488784637850837,0.10214701086468053,0.33543970510795157,0.4776197998946814,0.555028962611901,0.16350095874775297,22
nist,irradiance_only,validation,single_imputation_flexible,4,1899,0.09048846713341886,0.12126490430802692,0.2901527119536598,0.43865192206424436,0.506582411795682,0.17107930616241396,22
nist,irradiance_only,warmup,geometric_persistence,1,289,0.03780340481935992,0.053252179367406643,0.48788927335640137,0.7647058823529411,0.8581314878892734,0.22305292829311735,4
nist,irradiance_only,warmup,geometric_persistence,2,289,0.06154942030675658,0.09306370438289233,0.4532871972318339,0.7577854671280276,0.8200692041522492,0.35552090640447864,4
nist,irradiance_only,warmup,geometric_persistence,3,289,0.07888167943590156,0.12610061586780694,0.4532871972318339,0.7301038062283737,0.8131487889273357,0.43676341383554496,4
nist,irradiance_only,warmup,geometric_persistence,4,289,0.09524321907834213,0.16155118223508247,0.42214532871972316,0.7093425605536332,0.8062283737024222,0.46793819101013523,4
nist,irradiance_only,warmup,multiple_imputation_compact,1,289,0.03421661057039185,0.05349695220161607,0.6055363321799307,0.7647058823529411,0.8408304498269896,0.19387502623888128,4
nist,irradiance_only,warmup,multiple_imputation_compact,2,289,0.052172807083847826,0.08421415575834729,0.4982698961937716,0.6851211072664359,0.7923875432525952,0.2441593612930898,4
nist,irradiance_only,warmup,multiple_imputation_compact,3,289,0.07060577280567133,0.11244039552102342,0.4013840830449827,0.6262975778546713,0.7231833910034602,0.27799340266025546,4
nist,irradiance_only,warmup,multiple_imputation_compact,4,289,0.08466213774860677,0.13261637537579654,0.3737024221453287,0.5882352941176471,0.7058823529411765,0.30272204803622144,4
nist,irradiance_only,warmup,multiple_imputation_flexible,1,289,0.03623119514579132,0.052129133998973586,0.46366782006920415,0.6505190311418685,0.71280276816609,0.12288886673812045,4
nist,irradiance_only,warmup,multiple_imputation_flexible,2,289,0.061228827968508634,0.0858282478427388,0.314878892733564,0.4913494809688581,0.5813148788927336,0.14815805193446357,4
nist,irradiance_only,warmup,multiple_imputation_flexible,3,289,0.08408364551289584,0.11455415535883888,0.2837370242214533,0.4186851211072664,0.5017301038062284,0.1639312818370725,4
nist,irradiance_only,warmup,multiple_imputation_flexible,4,289,0.1033261949015687,0.1364252543643521,0.22837370242214533,0.40484429065743943,0.4844290657439446,0.17335463089938813,4
nist,irradiance_only,warmup,persistence,1,289,0.05788428627397417,0.09786136097238608,0.4740484429065744,0.7958477508650519,0.8442906574394463,0.34169772481016986,4
nist,irradiance_only,warmup,persistence,2,289,0.08949515690389241,0.16177512378731887,0.4982698961937716,0.7474048442906575,0.8339100346020761,0.515101020774028,4
nist,irradiance_only,warmup,persistence,3,289,0.10918949000893738,0.2090872135507542,0.45674740484429066,0.7370242214532872,0.8269896193771626,0.5673776406825135,4
nist,irradiance_only,warmup,persistence,4,289,0.12090630127228534,0.23772489794283605,0.4429065743944637,0.6920415224913494,0.8235294117647058,0.5787173568334307,4
nist,irradiance_only,warmup,quantile_compact,1,289,0.03462595417851625,0.0535130196215027,0.4186851211072664,0.7612456747404844,0.8754325259515571,0.35468598160368825,4
nist,irradiance_only,warmup,quantile_compact,2,289,0.05174942899552642,0.08623473743787413,0.42214532871972316,0.671280276816609,0.8512110726643599,0.42374075481111323,4
nist,irradiance_only,warmup,quantile_compact,3,289,0.0641410204374607,0.1095101178257792,0.42214532871972316,0.7301038062283737,0.8581314878892734,0.46440625551572046,4
nist,irradiance_only,warmup,quantile_compact,4,289,0.07299329486952535,0.13756550316836452,0.4359861591695502,0.6782006920415224,0.8408304498269896,0.475189269716341,4
nist,irradiance_only,warmup,quantile_flexible,1,289,0.032772076991186755,0.052775527649089,0.36678200692041524,0.6955017301038062,0.8131487889273357,0.24409323559920185,4
nist,irradiance_only,warmup,quantile_flexible,2,289,0.05024260361412821,0.08547923655953467,0.35986159169550175,0.5986159169550173,0.7716262975778547,0.3343042150483664,4
nist,irradiance_only,warmup,quantile_flexible,3,289,0.06277251739199831,0.11033226899667553,0.3460207612456747,0.6055363321799307,0.8096885813148789,0.43333711465982155,4
nist,irradiance_only,warmup,quantile_flexible,4,289,0.07433644338825597,0.13592149197542064,0.3737024221453287,0.5951557093425606,0.7474048442906575,0.4225130510957768,4
nist,irradiance_only,warmup,single_imputation_compact,1,289,0.0339946719974731,0.05319670479641478,0.6055363321799307,0.7681660899653979,0.8442906574394463,0.19125426884385072,4
nist,irradiance_only,warmup,single_imputation_compact,2,289,0.05215562723780571,0.08440491392088842,0.5017301038062284,0.6816608996539792,0.7923875432525952,0.24249940911559245,4
nist,irradiance_only,warmup,single_imputation_compact,3,289,0.07096212475288387,0.11266018234398602,0.40484429065743943,0.6228373702422145,0.726643598615917,0.2762517864321033,4
nist,irradiance_only,warmup,single_imputation_compact,4,289,0.08468089746263446,0.13273040826544633,0.370242214532872,0.5813148788927336,0.7058823529411765,0.3010191665746797,4
nist,irradiance_only,warmup,single_imputation_flexible,1,289,0.03597659258091711,0.05174207877086991,0.46366782006920415,0.6505190311418685,0.7093425605536332,0.11953454086111197,4
nist,irradiance_only,warmup,single_imputation_flexible,2,289,0.06171995176055975,0.08655464231921156,0.31141868512110726,0.4809688581314879,0.5778546712802768,0.14548231410266907,4
nist,irradiance_only,warmup,single_imputation_flexible,3,289,0.08526186438659913,0.11526717278937457,0.2837370242214533,0.41522491349480967,0.4913494809688581,0.16195088127082732,4
nist,irradiance_only,warmup,single_imputation_flexible,4,289,0.10391085504064392,0.1366438676995033,0.22491349480968859,0.40484429065743943,0.47750865051903113,0.17089436140272782,4
nist,joint_immediate,development_evaluation,geometric_persistence,1,2138,0.04841691503404619,0.075444506431658,0.3914873713751169,0.7539756782039289,0.881665107577175,0.3089104021038933,26
nist,joint_immediate,development_evaluation,geometric_persistence,2,2137,0.06695254039383226,0.11177846814966984,0.3968179691155826,0.7533926064576509,0.8816097332709406,0.43624639461670706,26
nist,joint_immediate,development_evaluation,geometric_persistence,3,2137,0.08192828117990238,0.143112634066634,0.3888628919045391,0.7604117922321011,0.8741226017781937,0.5210549684583895,26
nist,joint_immediate,development_evaluation,geometric_persistence,4,2137,0.09346118761401005,0.17269368800758295,0.3841834347215723,0.7543284978942443,0.8797379503977538,0.5734013115498955,26
nist,joint_immediate,development_evaluation,multiple_imputation_compact,1,2138,0.040284377261053494,0.06386738531754493,0.578578110383536,0.7675397567820393,0.8405051449953227,0.21835856193619638,26
nist,joint_immediate,development_evaluation,multiple_imputation_compact,2,2137,0.05198559191822712,0.08400306351411821,0.5156761815629387,0.7393542349087506,0.8189050070191858,0.2664250319787786,26
nist,joint_immediate,development_evaluation,multiple_imputation_compact,3,2137,0.059537550621772045,0.0957441666203192,0.4927468413664015,0.7211043518951802,0.801123069723912,0.29251637689228466,26
nist,joint_immediate,development_evaluation,multiple_imputation_compact,4,2137,0.06554399603370298,0.10545032367913706,0.47683668694431447,0.7037903603182031,0.7927000467945718,0.3132882553285068,26
nist,joint_immediate,development_evaluation,multiple_imputation_flexible,1,2138,0.04335503147711403,0.06392271445694778,0.43966323666978485,0.6304957904583723,0.7034611786716558,0.1467555803806526,26
nist,joint_immediate,development_evaluation,multiple_imputation_flexible,2,2137,0.058582662972726754,0.08506101160084344,0.371548900327562,0.5671502105755732,0.6476368741226017,0.16918324258717501,26
nist,joint_immediate,development_evaluation,multiple_imputation_flexible,3,2137,0.06843643048139847,0.09667759850478368,0.3551708001871783,0.5381375760411792,0.6158165652784277,0.17950458076981315,26
nist,joint_immediate,development_evaluation,multiple_imputation_flexible,4,2137,0.07681105490636105,0.10655800406185598,0.342536265793168,0.5039775386055217,0.584932147870847,0.18248789933883156,26
nist,joint_immediate,development_evaluation,persistence,1,2138,0.0684280873401703,0.12176706629925835,0.38493919550982225,0.755378858746492,0.8891487371375117,0.4095205849315583,26
nist,joint_immediate,development_evaluation,persistence,2,2137,0.09807554989799769,0.18919863935606152,0.37950397753860554,0.7557323350491343,0.8890968647636874,0.5699606485683862,26
nist,joint_immediate,development_evaluation,persistence,3,2137,0.11679802321672837,0.2359757705128739,0.3879270004679457,0.7473093121197941,0.8834815161441273,0.6472770342385753,26
nist,joint_immediate,development_evaluation,persistence,4,2137,0.1278494751897233,0.26267740432394293,0.3879270004679457,0.7468413664014975,0.8811417875526439,0.6885319774532678,26
nist,joint_immediate,development_evaluation,quantile_compact,1,2138,0.03911666633448786,0.06013665231055867,0.4452759588400374,0.7876520112254444,0.9195509822263798,0.426563292942562,26
nist,joint_immediate,development_evaluation,quantile_compact,2,2137,0.04872002160319602,0.08120011486018168,0.43284978942442676,0.7664950865699579,0.9181094992980814,0.45611882730740266,26
nist,joint_immediate,development_evaluation,quantile_compact,3,2137,0.05433873292037574,0.0922738752896866,0.442676649508657,0.8301357042583061,0.928872250818905,0.45380472381247383,26
nist,joint_immediate,development_evaluation,quantile_compact,4,2137,0.05793329236435767,0.10280115431800287,0.44174075807206364,0.7767898923724847,0.9335517080018718,0.47195328470837705,26
nist,joint_immediate,development_evaluation,quantile_flexible,1,2138,0.03715870191500262,0.06001509016548018,0.3746492048643592,0.7128157156220767,0.8419083255378859,0.29118562216500327,26
nist,joint_immediate,development_evaluation,quantile_flexible,2,2137,0.04652309710428768,0.08009988352851262,0.3841834347215723,0.6682264857276556,0.8469817501169864,0.34577192826443665,26
nist,joint_immediate,development_evaluation,quantile_flexible,3,2137,0.052848438455267835,0.09158547077241107,0.3907346747777258,0.6878802058961161,0.8802058961160505,0.4299939132974765,26
nist,joint_immediate,development_evaluation,quantile_flexible,4,2137,0.056612689686935,0.10204617070897512,0.37201684604585866,0.673373888628919,0.8441740758072064,0.3916741059146698,26
nist,joint_immediate,development_evaluation,single_imputation_compact,1,2138,0.04209449547292052,0.06322873344480923,0.5659494855004678,0.7441534144059869,0.8147801683816651,0.19837057178563552,26
nist,joint_immediate,development_evaluation,single_imputation_compact,2,2137,0.053104357884554206,0.08316599604521498,0.5100608329433786,0.7225081890500702,0.7950397753860552,0.2509910136974199,26
nist,joint_immediate,development_evaluation,single_imputation_compact,3,2137,0.05999266371726974,0.09487806081237438,0.49227889564810484,0.7112774918109499,0.7912962096396818,0.28246041174020226,26
nist,joint_immediate,development_evaluation,single_imputation_compact,4,2137,0.06583021590861035,0.10486073005845982,0.47449695835283107,0.6963032288254563,0.7842770238652317,0.30625015165160413,26
nist,joint_immediate,development_evaluation,single_imputation_flexible,1,2138,0.045952506778052744,0.06320920778385689,0.42516370439663237,0.6043030869971936,0.6693171188026192,0.12262450813445688,26
nist,joint_immediate,development_evaluation,single_imputation_flexible,2,2137,0.0603933460469287,0.08392493359146921,0.3649976602714085,0.5446888160973327,0.6162845109967244,0.14871674883601163,26
nist,joint_immediate,development_evaluation,single_imputation_flexible,3,2137,0.069641579251588,0.09573236598127828,0.3537669630322883,0.5278427702386523,0.6027140851661207,0.1639553069564855,26
nist,joint_immediate,development_evaluation,single_imputation_flexible,4,2137,0.07763808614551249,0.10583143668442285,0.33785680861020123,0.4988301357042583,0.5751052877866167,0.17183155691179586,26
nist,joint_immediate,validation,geometric_persistence,1,1899,0.049551475602595624,0.07550624649002889,0.42443391258557134,0.7877830437072143,0.8962611901000527,0.33266479902385093,22
nist,joint_immediate,validation,geometric_persistence,2,1899,0.06622744651068298,0.10969700190011966,0.43601895734597157,0.7714586624539231,0.8909952606635071,0.4557041983826311,22
nist,joint_immediate,validation,geometric_persistence,3,1899,0.08030356078653586,0.13792682795019462,0.45129015271195366,0.7909426013691416,0.8867825171142707,0.5425540178728198,22
nist,joint_immediate,validation,geometric_persistence,4,1899,0.09142243583743337,0.16121544015751463,0.4718272775144813,0.7977883096366508,0.8799368088467614,0.6029597721510532,22
nist,joint_immediate,validation,multiple_imputation_compact,1,1899,0.04141461226250382,0.06671230454989395,0.5513428120063191,0.7777777777777778,0.8488678251711427,0.2237184823833788,22
nist,joint_immediate,validation,multiple_imputation_compact,2,1899,0.05447997991568394,0.08891819150004626,0.4860452869931543,0.7224855186940495,0.808320168509742,0.2693134314667831,22
nist,joint_immediate,validation,multiple_imputation_compact,3,1899,0.06547812079340183,0.10633664070254405,0.4412848867825171,0.6519220642443391,0.7625065824117957,0.2955362139087942,22
nist,joint_immediate,validation,multiple_imputation_compact,4,1899,0.07598017359006026,0.12198982050908075,0.4160084254870985,0.6276987888362296,0.7424960505529226,0.314642141383732,22
nist,joint_immediate,validation,multiple_imputation_flexible,1,1899,0.04437477114855986,0.06621623082189498,0.426013691416535,0.6219062664560295,0.7061611374407583,0.15184329436468347,22
nist,joint_immediate,validation,multiple_imputation_flexible,2,1899,0.06114804479546558,0.08848503933852382,0.37177461822011587,0.5466034755134281,0.6255924170616114,0.17309983264095127,22
nist,joint_immediate,validation,multiple_imputation_flexible,3,1899,0.07501789590291486,0.10576367756706534,0.334913112164297,0.49025803054239075,0.5697735650342285,0.1825405737742953,22
nist,joint_immediate,validation,multiple_imputation_flexible,4,1899,0.09031630794781531,0.12383698846377914,0.29067930489731436,0.44339125855713535,0.5181674565560821,0.18512337103366447,22
nist,joint_immediate,validation,persistence,1,1899,0.06756769329924352,0.117139464941107,0.4318062137967351,0.7825171142706687,0.8925750394944708,0.41938545387986687,22
nist,joint_immediate,validation,persistence,2,1899,0.09517228721032399,0.17841813162411418,0.44075829383886256,0.7898894154818326,0.8888888888888888,0.5667182881592324,22
nist,joint_immediate,validation,persistence,3,1899,0.11406888128744051,0.22033737213456372,0.4412848867825171,0.7904160084254871,0.8799368088467614,0.6512822446230097,22
nist,joint_immediate,validation,persistence,4,1899,0.12612955964117833,0.24547319573182838,0.46392838335966297,0.7793575566087414,0.8746708794102159,0.7024470969951003,22
nist,joint_immediate,validation,quantile_compact,1,1899,0.040403087727328646,0.06352522596763109,0.4191679831490258,0.7740916271721959,0.9020537124802528,0.41566560902692556,22
nist,joint_immediate,validation,quantile_compact,2,1899,0.051773758613187094,0.08686843996615883,0.3954713006845708,0.6808846761453397,0.8820431806213797,0.4737853334228304,22
nist,joint_immediate,validation,quantile_compact,3,1899,0.06025089107542857,0.10270450427293841,0.3923117430226435,0.7672459189046866,0.8720379146919431,0.4700692212360124,22
nist,joint_immediate,validation,quantile_compact,4,1899,0.0652727339420672,0.11552231434007125,0.40337019483938913,0.7119536598209584,0.8783570300157978,0.49789689295447587,22
nist,joint_immediate,validation,quantile_flexible,1,1899,0.03880203522496044,0.06233124274925662,0.36334913112164297,0.69826224328594,0.818852027382833,0.29552578926232626,22
nist,joint_immediate,validation,quantile_flexible,2,1899,0.05041913762293304,0.08527678431555366,0.34965771458662454,0.6266456029489205,0.7772511848341233,0.3625825360374985,22
nist,joint_immediate,validation,quantile_flexible,3,1899,0.05900571803428469,0.10125649342908791,0.33701948393891523,0.6134807793575566,0.8109531332280148,0.43968211550529357,22
nist,joint_immediate,validation,quantile_flexible,4,1899,0.06520450268823437,0.11579262185438287,0.31911532385466035,0.5918904686677199,0.7477619799894681,0.4092916822926646,22
nist,joint_immediate,validation,single_imputation_compact,1,1899,0.04516423202599682,0.06742531570368382,0.5381779884149552,0.7414428646656135,0.8114797261716693,0.19729913665853374,22
nist,joint_immediate,validation,single_imputation_compact,2,1899,0.05707263766341939,0.0890086144320384,0.4776197998946814,0.6987888362295945,0.7783043707214323,0.2500842112461203,22
nist,joint_immediate,validation,single_imputation_compact,3,1899,0.06734071108123463,0.10656290847869464,0.43391258557135337,0.636650868878357,0.7446024223275408,0.2825789546889375,22
nist,joint_immediate,validation,single_imputation_compact,4,1899,0.07687467825915145,0.1214810654783857,0.4160084254870985,0.6192733017377567,0.7298578199052133,0.3062788454457853,22
nist,joint_immediate,validation,single_imputation_flexible,1,1899,0.04924878103657688,0.0670075912682161,0.40705634544497105,0.5850447604002106,0.6598209583991574,0.12187964324317944,22
nist,joint_immediate,validation,single_imputation_flexible,2,1899,0.06543764398902116,0.08917600812363856,0.3565034228541338,0.5134281200631912,0.5876777251184834,0.14824408212876503,22
nist,joint_immediate,validation,single_imputation_flexible,3,1899,0.0781987970160882,0.10596834210809572,0.32385466034755134,0.4660347551342812,0.5434439178515008,0.16395803041726936,22
nist,joint_immediate,validation,single_imputation_flexible,4,1899,0.09210056820582539,0.12339397271419734,0.2817272248551869,0.42812006319115326,0.4976303317535545,0.1715603891913008,22
nist,joint_immediate,warmup,geometric_persistence,1,289,0.06313946265133567,0.08349962195276929,0.44982698961937717,0.7197231833910035,0.8062283737024222,0.217668402132542,4
nist,joint_immediate,warmup,geometric_persistence,2,289,0.07787462456549454,0.1167459970959039,0.43944636678200694,0.7231833910034602,0.7750865051903114,0.3497739377999633,4
nist,joint_immediate,warmup,geometric_persistence,3,289,0.08951672893271298,0.14462360226931842,0.4463667820069204,0.698961937716263,0.7889273356401384,0.43160992387979447,4
nist,joint_immediate,warmup,geometric_persistence,4,289,0.10233020110801654,0.17447981099790363,0.4186851211072664,0.6920415224913494,0.7854671280276817,0.4634031479045569,4
nist,joint_immediate,warmup,multiple_imputation_compact,1,289,0.04446799147804685,0.07118883920752525,0.5882352941176471,0.740484429065744,0.8200692041522492,0.21613315045770076,4
nist,joint_immediate,warmup,multiple_imputation_compact,2,289,0.059332085486880584,0.09614351747859431,0.5017301038062284,0.6782006920415224,0.7785467128027682,0.2599708568833685,4
nist,joint_immediate,warmup,multiple_imputation_compact,3,289,0.07622243803660174,0.11951681349853968,0.4083044982698962,0.629757785467128,0.726643598615917,0.28370504363608895,4
nist,joint_immediate,warmup,multiple_imputation_compact,4,289,0.08861200059352368,0.13746286785684045,0.3737024221453287,0.5882352941176471,0.7024221453287197,0.30466377055970323,4
nist,joint_immediate,warmup,multiple_imputation_flexible,1,289,0.04665086859006098,0.070063272066169,0.4463667820069204,0.6401384083044983,0.7024221453287197,0.14976798117954113,4
nist,joint_immediate,warmup,multiple_imputation_flexible,2,289,0.06792369397194643,0.09777737857639107,0.3217993079584775,0.4913494809688581,0.5916955017301038,0.16939827252196354,4
nist,joint_immediate,warmup,multiple_imputation_flexible,3,289,0.08954945463248097,0.12231296647409998,0.2906574394463668,0.42214532871972316,0.5017301038062284,0.17348565033351734,4
nist,joint_immediate,warmup,multiple_imputation_flexible,4,289,0.10647935973134462,0.14120826304027592,0.23183391003460208,0.4013840830449827,0.4844290657439446,0.17987767537334198,4
nist,joint_immediate,warmup,persistence,1,289,0.07871104682647523,0.12218411917669131,0.4602076124567474,0.7612456747404844,0.8027681660899654,0.3288017762910373,4
nist,joint_immediate,warmup,persistence,2,289,0.09961755148874996,0.1761901158472907,0.48788927335640137,0.7197231833910035,0.8062283737024222,0.4951165955430173,4
nist,joint_immediate,warmup,persistence,3,289,0.11350550517314646,0.2153765665417822,0.45674740484429066,0.7197231833910035,0.8096885813148789,0.5451220355062202,4
nist,joint_immediate,warmup,persistence,4,289,0.12267634068436475,0.23882994428132626,0.4429065743944637,0.6851211072664359,0.8096885813148789,0.5584367047775237,4
nist,joint_immediate,warmup,quantile_compact,1,289,0.0412801206307171,0.06973846049031955,0.42560553633217996,0.7647058823529411,0.8650519031141869,0.35577471962355806,4
nist,joint_immediate,warmup,quantile_compact,2,289,0.056116976829573735,0.09537169074869642,0.42560553633217996,0.6747404844290658,0.8546712802768166,0.424186310883165,4
nist,joint_immediate,warmup,quantile_compact,3,289,0.06612369766625535,0.11424119061068254,0.4290657439446367,0.726643598615917,0.8650519031141869,0.4649290362065696,4
nist,joint_immediate,warmup,quantile_compact,4,289,0.07300621682586726,0.13731809521913216,0.43944636678200694,0.6678200692041523,0.8442906574394463,0.47444302179918774,4
nist,joint_immediate,warmup,quantile_flexible,1,289,0.04002300901369658,0.06944099395815176,0.36678200692041524,0.698961937716263,0.8096885813148789,0.2577733120229976,4
nist,joint_immediate,warmup,quantile_flexible,2,289,0.05485088721381852,0.09437472474702467,0.3633217993079585,0.6055363321799307,0.7854671280276817,0.3417878020158649,4
nist,joint_immediate,warmup,quantile_flexible,3,289,0.06517232527640787,0.11455205380824698,0.3494809688581315,0.6089965397923875,0.8027681660899654,0.4313724195662232,4
nist,joint_immediate,warmup,quantile_flexible,4,289,0.07495546772954544,0.1362840852539598,0.36678200692041524,0.5916955017301038,0.7474048442906575,0.42378932752931175,4
nist,joint_immediate,warmup,single_imputation_compact,1,289,0.04970655604001618,0.07037982756574324,0.5813148788927336,0.7335640138408305,0.8062283737024222,0.19025311059832278,4
nist,joint_immediate,warmup,single_imputation_compact,2,289,0.06263647829841794,0.0948365240874498,0.5051903114186851,0.6782006920415224,0.7681660899653979,0.24180572264114064,4
nist,joint_immediate,warmup,single_imputation_compact,3,289,0.07551111310607135,0.11725939325363918,0.4083044982698962,0.6228373702422145,0.7301038062283737,0.2755702679179772,4
nist,joint_immediate,warmup,single_imputation_compact,4,289,0.08804480847988772,0.1359912126695988,0.3737024221453287,0.5813148788927336,0.7024221453287197,0.30039343740188434,4
nist,joint_immediate,warmup,single_imputation_flexible,1,289,0.052868168322686315,0.06940073276222937,0.43944636678200694,0.629757785467128,0.6782006920415224,0.11888056978506702,4
nist,joint_immediate,warmup,single_imputation_flexible,2,289,0.07189809761803063,0.09645756409615634,0.31833910034602075,0.48788927335640137,0.5743944636678201,0.14532862245344877,4
nist,joint_immediate,warmup,single_imputation_flexible,3,289,0.09139892272664868,0.12115814177004794,0.2906574394463668,0.41522491349480967,0.48788927335640137,0.16136342750428134,4
nist,joint_immediate,warmup,single_imputation_flexible,4,289,0.10701536003812986,0.13972507149992366,0.22491349480968859,0.4013840830449827,0.47058823529411764,0.1703733880513445,4
nist,joint_gradual,development_evaluation,geometric_persistence,1,2138,0.04841691503404619,0.075444506431658,0.3914873713751169,0.7539756782039289,0.881665107577175,0.3089104021038933,26
nist,joint_gradual,development_evaluation,geometric_persistence,2,2137,0.06695254039383226,0.11177846814966984,0.3968179691155826,0.7533926064576509,0.8816097332709406,0.43624639461670706,26
nist,joint_gradual,development_evaluation,geometric_persistence,3,2137,0.08192828117990238,0.143112634066634,0.3888628919045391,0.7604117922321011,0.8741226017781937,0.5210549684583895,26
nist,joint_gradual,development_evaluation,geometric_persistence,4,2137,0.09346118761401005,0.17269368800758295,0.3841834347215723,0.7543284978942443,0.8797379503977538,0.5734013115498955,26
nist,joint_gradual,development_evaluation,multiple_imputation_compact,1,2138,0.040317960177432305,0.06389748205103706,0.578110383536015,0.7680074836295603,0.8405051449953227,0.21843552473930034,26
nist,joint_gradual,development_evaluation,multiple_imputation_compact,2,2137,0.05201673802788281,0.0840333764160826,0.515208235844642,0.7393542349087506,0.8189050070191858,0.2664995978208085,26
nist,joint_gradual,development_evaluation,multiple_imputation_compact,3,2137,0.059566850923658904,0.09576186129293011,0.4932147870846982,0.7211043518951802,0.801123069723912,0.2926007709747924,26
nist,joint_gradual,development_evaluation,multiple_imputation_compact,4,2137,0.06559192409941605,0.10554878555345376,0.4754328497894244,0.7042583060364997,0.7917641553579785,0.31328482356513043,26
nist,joint_gradual,development_evaluation,multiple_imputation_flexible,1,2138,0.04334812705616116,0.06391823546496694,0.43966323666978485,0.6304957904583723,0.7039289055191768,0.1469456184753123,26
nist,joint_gradual,development_evaluation,multiple_imputation_flexible,2,2137,0.05865202129406407,0.08513560276443903,0.371548900327562,0.5666822648572766,0.6481048198408984,0.1693298276711926,26
nist,joint_gradual,development_evaluation,multiple_imputation_flexible,3,2137,0.06846962425274018,0.09674151852627697,0.3547028544688816,0.5386055217594758,0.615348619560131,0.1797504348334067,26
nist,joint_gradual,development_evaluation,multiple_imputation_flexible,4,2137,0.07690777709485672,0.10668881328108312,0.342536265793168,0.5030416471689284,0.5854000935891437,0.1826663729700284,26
nist,joint_gradual,development_evaluation,persistence,1,2138,0.0684280873401703,0.12176706629925835,0.38493919550982225,0.755378858746492,0.8891487371375117,0.4095205849315583,26
nist,joint_gradual,development_evaluation,persistence,2,2137,0.09807554989799769,0.18919863935606152,0.37950397753860554,0.7557323350491343,0.8890968647636874,0.5699606485683862,26
nist,joint_gradual,development_evaluation,persistence,3,2137,0.11679802321672837,0.2359757705128739,0.3879270004679457,0.7473093121197941,0.8834815161441273,0.6472770342385753,26
nist,joint_gradual,development_evaluation,persistence,4,2137,0.1278494751897233,0.26267740432394293,0.3879270004679457,0.7468413664014975,0.8811417875526439,0.6885319774532678,26
nist,joint_gradual,development_evaluation,quantile_compact,1,2138,0.03915274644275516,0.06019310855377078,0.4462114125350795,0.7876520112254444,0.9190832553788587,0.42665494083953515,26
nist,joint_gradual,development_evaluation,quantile_compact,2,2137,0.048750227786462125,0.08124976150752897,0.4319138979878334,0.7655591951333646,0.917173607861488,0.4560226922669154,26
nist,joint_gradual,development_evaluation,quantile_compact,3,2137,0.054349087550337565,0.09229455602551324,0.442676649508657,0.828731867103416,0.9284043051006083,0.45377409417162007,26
nist,joint_gradual,development_evaluation,quantile_compact,4,2137,0.05797471140602417,0.10287571894978215,0.4422087037903603,0.7749181094992981,0.9307440336920917,0.47161198205932775,26
nist,joint_gradual,development_evaluation,quantile_flexible,1,2138,0.03720726580783922,0.06006287538203265,0.37418147801683815,0.7114125350795135,0.8419083255378859,0.291587290156033,26
nist,joint_gradual,development_evaluation,quantile_flexible,2,2137,0.04658978500523617,0.08024737656036833,0.38324754328497895,0.6686944314459523,0.8460458586803931,0.3458426890424701,26
nist,joint_gradual,development_evaluation,quantile_flexible,3,2137,0.052867352357794314,0.09165350806394758,0.3902667290594291,0.6855404773046326,0.8773982218062705,0.42984631137280743,26
nist,joint_gradual,development_evaluation,quantile_flexible,4,2137,0.056606823027359365,0.10203787749495387,0.37201684604585866,0.671970051474029,0.843238184370613,0.39139918197165213,26
nist,joint_gradual,development_evaluation,single_imputation_compact,1,2138,0.0421049514043359,0.06325020801635885,0.5654817586529467,0.744621141253508,0.8147801683816651,0.19839224487109156,26
nist,joint_gradual,development_evaluation,single_imputation_compact,2,2137,0.053096938351672694,0.08315682084743185,0.5100608329433786,0.7220402433317735,0.7950397753860552,0.2510124376229575,26
nist,joint_gradual,development_evaluation,single_imputation_compact,3,2137,0.05993831843723892,0.09480743119981207,0.49227889564810484,0.7112774918109499,0.7912962096396818,0.28243637963549656,26
nist,joint_gradual,development_evaluation,single_imputation_compact,4,2137,0.06583922509583241,0.10494094950183439,0.47215722976134766,0.6963032288254563,0.7842770238652317,0.3061466576450574,26
nist,joint_gradual,development_evaluation,single_imputation_flexible,1,2138,0.04600489346670199,0.0632622201581852,0.42422825070159026,0.6043030869971936,0.6679139382600561,0.12262069728074407,26
nist,joint_gradual,development_evaluation,single_imputation_flexible,2,2137,0.060428824962170384,0.08396161112459719,0.3654656059897052,0.544220870379036,0.6162845109967244,0.14869216806042482,26
nist,joint_gradual,development_evaluation,single_imputation_flexible,3,2137,0.06961597683595326,0.09570607239284949,0.35423490875058494,0.5273748245203557,0.6017781937295273,0.1639515737493153,26
nist,joint_gradual,development_evaluation,single_imputation_flexible,4,2137,0.0777482778915951,0.10595764706921115,0.33738886289190456,0.49742629854936826,0.5741693963500234,0.1718159589725193,26
nist,joint_gradual,validation,geometric_persistence,1,1899,0.049551475602595624,0.07550624649002889,0.42443391258557134,0.7877830437072143,0.8962611901000527,0.33266479902385093,22
nist,joint_gradual,validation,geometric_persistence,2,1899,0.06622744651068298,0.10969700190011966,0.43601895734597157,0.7714586624539231,0.8909952606635071,0.4557041983826311,22
nist,joint_gradual,validation,geometric_persistence,3,1899,0.08030356078653586,0.13792682795019462,0.45129015271195366,0.7909426013691416,0.8867825171142707,0.5425540178728198,22
nist,joint_gradual,validation,geometric_persistence,4,1899,0.09142243583743337,0.16121544015751463,0.4718272775144813,0.7977883096366508,0.8799368088467614,0.6029597721510532,22
nist,joint_gradual,validation,multiple_imputation_compact,1,1899,0.04142759870371776,0.06673504609040598,0.5513428120063191,0.7777777777777778,0.8483412322274881,0.22375826843977983,22
nist,joint_gradual,validation,multiple_imputation_compact,2,1899,0.054459468278589614,0.08888943299566572,0.4849921011058452,0.7224855186940495,0.808320168509742,0.2693836622833972,22
nist,joint_gradual,validation,multiple_imputation_compact,3,1899,0.0655232422495079,0.10641589302499331,0.44286466561348076,0.6519220642443391,0.7625065824117957,0.29561064256505265,22
nist,joint_gradual,validation,multiple_imputation_compact,4,1899,0.07601402740407288,0.12200166114945958,0.4154818325434439,0.6276987888362296,0.741969457609268,0.3147346523894199,22
nist,joint_gradual,validation,multiple_imputation_flexible,1,1899,0.044419996989646854,0.06628533769254559,0.426013691416535,0.6219062664560295,0.7061611374407583,0.1519655515299475,22
nist,joint_gradual,validation,multiple_imputation_flexible,2,1899,0.061096111655707025,0.08842642606586269,0.37388098999473407,0.5471300684570827,0.6255924170616114,0.1733140663563224,22
nist,joint_gradual,validation,multiple_imputation_flexible,3,1899,0.07503099977468833,0.1058511648702328,0.3338599262769879,0.48973143759873616,0.5703001579778831,0.18271307315224097,22
nist,joint_gradual,validation,multiple_imputation_flexible,4,1899,0.09035296159061079,0.12389883840629408,0.29120589784096895,0.44339125855713535,0.5186940494997367,0.18536701960111537,22
nist,joint_gradual,validation,persistence,1,1899,0.06756769329924352,0.117139464941107,0.4318062137967351,0.7825171142706687,0.8925750394944708,0.41938545387986687,22
nist,joint_gradual,validation,persistence,2,1899,0.09517228721032399,0.17841813162411418,0.44075829383886256,0.7898894154818326,0.8888888888888888,0.5667182881592324,22
nist,joint_gradual,validation,persistence,3,1899,0.11406888128744051,0.22033737213456372,0.4412848867825171,0.7904160084254871,0.8799368088467614,0.6512822446230097,22
nist,joint_gradual,validation,persistence,4,1899,0.12612955964117833,0.24547319573182838,0.46392838335966297,0.7793575566087414,0.8746708794102159,0.7024470969951003,22
nist,joint_gradual,validation,quantile_compact,1,1899,0.040456244609093424,0.06368048441114244,0.4186413902053712,0.7740916271721959,0.9020537124802528,0.415635633798819,22
nist,joint_gradual,validation,quantile_compact,2,1899,0.05185110366531659,0.08703116177977113,0.39441811479726174,0.6793048973143759,0.8794102159031069,0.47364250182083295,22
nist,joint_gradual,validation,quantile_compact,3,1899,0.060338053892633636,0.10281916975189401,0.39125855713533436,0.7661927330173776,0.8720379146919431,0.4700094137266996,22
nist,joint_gradual,validation,quantile_compact,4,1899,0.06538969741033494,0.11567904438791594,0.40442338072669826,0.7114270668773038,0.8778304370721433,0.4977123002012262,22
nist,joint_gradual,validation,quantile_flexible,1,1899,0.03886160417004193,0.06251622343345827,0.36229594523433384,0.6961558715113217,0.8193786203264877,0.29571737011972504,22
nist,joint_gradual,validation,quantile_flexible,2,1899,0.050495394547871254,0.08543197255891222,0.34702474986835175,0.6240126382306477,0.7756714060031595,0.3625885122656984,22
nist,joint_gradual,validation,quantile_flexible,3,1899,0.05910659572045644,0.10137226091098599,0.33754607688256977,0.6124275934702474,0.8104265402843602,0.43960390959903195,22
nist,joint_gradual,validation,quantile_flexible,4,1899,0.06529454908501692,0.1158682493090505,0.3196419167983149,0.5913638757240653,0.7477619799894681,0.40918231860093024,22
nist,joint_gradual,validation,single_imputation_compact,1,1899,0.04516619806136128,0.06741678584980351,0.5381779884149552,0.741969457609268,0.8114797261716693,0.1972988630036452,22
nist,joint_gradual,validation,single_imputation_compact,2,1899,0.057098837956679666,0.08902511163164908,0.4765666140073723,0.6987888362295945,0.7783043707214323,0.250075406240191,22
nist,joint_gradual,validation,single_imputation_compact,3,1899,0.06739613184262067,0.10663980860136715,0.4344391785150079,0.6355976829910479,0.7446024223275408,0.2825742558218581,22
nist,joint_gradual,validation,single_imputation_compact,4,1899,0.07689452065835854,0.12149871742174459,0.41495523959978936,0.6192733017377567,0.7293312269615587,0.3062705306695988,22
nist,joint_gradual,validation,single_imputation_flexible,1,1899,0.049278490174498465,0.06706048070791724,0.40705634544497105,0.5850447604002106,0.6592943654555029,0.1218815486379965,22
nist,joint_gradual,validation,single_imputation_flexible,2,1899,0.06544657258975835,0.08915286701117635,0.3570300157977883,0.5134281200631912,0.5866245392311743,0.14824481256228983,22
nist,joint_gradual,validation,single_imputation_flexible,3,1899,0.07818928852848231,0.10600881185591172,0.3228014744602422,0.4660347551342812,0.5434439178515008,0.16395709578980275,22
nist,joint_gradual,validation,single_imputation_flexible,4,1899,0.09217659834470593,0.12348444751664897,0.2817272248551869,0.4286466561348078,0.4976303317535545,0.17155996170940496,22
nist,joint_gradual,warmup,geometric_persistence,1,289,0.06313946265133567,0.08349962195276929,0.44982698961937717,0.7197231833910035,0.8062283737024222,0.217668402132542,4
nist,joint_gradual,warmup,geometric_persistence,2,289,0.07787462456549454,0.1167459970959039,0.43944636678200694,0.7231833910034602,0.7750865051903114,0.3497739377999633,4
nist,joint_gradual,warmup,geometric_persistence,3,289,0.08951672893271298,0.14462360226931842,0.4463667820069204,0.698961937716263,0.7889273356401384,0.43160992387979447,4
nist,joint_gradual,warmup,geometric_persistence,4,289,0.10233020110801654,0.17447981099790363,0.4186851211072664,0.6920415224913494,0.7854671280276817,0.4634031479045569,4
nist,joint_gradual,warmup,multiple_imputation_compact,1,289,0.044464609458280006,0.07118180998156658,0.5882352941176471,0.740484429065744,0.8200692041522492,0.21611336784651441,4
nist,joint_gradual,warmup,multiple_imputation_compact,2,289,0.0593286451844967,0.09612956838898742,0.5017301038062284,0.6782006920415224,0.7785467128027682,0.2599601753269764,4
nist,joint_gradual,warmup,multiple_imputation_compact,3,289,0.07620360901882245,0.11948409995779319,0.4083044982698962,0.629757785467128,0.726643598615917,0.28368471963864766,4
nist,joint_gradual,warmup,multiple_imputation_compact,4,289,0.08860761710851614,0.13746194479845447,0.3737024221453287,0.5882352941176471,0.7024221453287197,0.3047042712396669,4
nist,joint_gradual,warmup,multiple_imputation_flexible,1,289,0.04664272650116821,0.07003017517305653,0.4463667820069204,0.6401384083044983,0.7024221453287197,0.1497388091996451,4
nist,joint_gradual,warmup,multiple_imputation_flexible,2,289,0.06788129824525015,0.09773317668670893,0.3217993079584775,0.4913494809688581,0.5951557093425606,0.16941831711632385,4
nist,joint_gradual,warmup,multiple_imputation_flexible,3,289,0.08939253816909293,0.12210511712625846,0.29411764705882354,0.42214532871972316,0.5051903114186851,0.17350233335207932,4
nist,joint_gradual,warmup,multiple_imputation_flexible,4,289,0.10639356323578619,0.1411395920844925,0.23529411764705882,0.4013840830449827,0.4844290657439446,0.1799633214488176,4
nist,joint_gradual,warmup,persistence,1,289,0.07871104682647523,0.12218411917669131,0.4602076124567474,0.7612456747404844,0.8027681660899654,0.3288017762910373,4
nist,joint_gradual,warmup,persistence,2,289,0.09961755148874996,0.1761901158472907,0.48788927335640137,0.7197231833910035,0.8062283737024222,0.4951165955430173,4
nist,joint_gradual,warmup,persistence,3,289,0.11350550517314646,0.2153765665417822,0.45674740484429066,0.7197231833910035,0.8096885813148789,0.5451220355062202,4
nist,joint_gradual,warmup,persistence,4,289,0.12267634068436475,0.23882994428132626,0.4429065743944637,0.6851211072664359,0.8096885813148789,0.5584367047775237,4
nist,joint_gradual,warmup,quantile_compact,1,289,0.04126964585615165,0.06971014189170176,0.4290657439446367,0.7681660899653979,0.8650519031141869,0.35577875604416764,4
nist,joint_gradual,warmup,quantile_compact,2,289,0.056093895092297584,0.09532905291944838,0.42560553633217996,0.6747404844290658,0.8546712802768166,0.4240936713014343,4
nist,joint_gradual,warmup,quantile_compact,3,289,0.06610337894987332,0.11418500319935324,0.4290657439446367,0.726643598615917,0.8650519031141869,0.4645054729604598,4
nist,joint_gradual,warmup,quantile_compact,4,289,0.07297521634459972,0.13732325352345326,0.43944636678200694,0.6678200692041523,0.8442906574394463,0.4738532054039918,4
nist,joint_gradual,warmup,quantile_flexible,1,289,0.04001108232214046,0.06940756688847521,0.370242214532872,0.7058823529411765,0.8131487889273357,0.25775069057585237,4
nist,joint_gradual,warmup,quantile_flexible,2,289,0.05483361574912028,0.0943404704195598,0.370242214532872,0.6089965397923875,0.7854671280276817,0.34159037877105247,4
nist,joint_gradual,warmup,quantile_flexible,3,289,0.06515000531146929,0.1145682388705664,0.35294117647058826,0.6089965397923875,0.8027681660899654,0.431008690643282,4
nist,joint_gradual,warmup,quantile_flexible,4,289,0.07493601913011151,0.13629323364792545,0.36678200692041524,0.5916955017301038,0.7474048442906575,0.42325405237792585,4
nist,joint_gradual,warmup,single_imputation_compact,1,289,0.049705820380473005,0.07037750591392945,0.5813148788927336,0.7335640138408305,0.8062283737024222,0.19024957564208725,4
nist,joint_gradual,warmup,single_imputation_compact,2,289,0.0626314856818879,0.09481710835649965,0.5051903114186851,0.6782006920415224,0.7681660899653979,0.24178630691019046,4
nist,joint_gradual,warmup,single_imputation_compact,3,289,0.07552033889453467,0.11732043556697799,0.4083044982698962,0.6228373702422145,0.7301038062283737,0.275631310231316,4
nist,joint_gradual,warmup,single_imputation_compact,4,289,0.08803083252783096,0.13596386686783796,0.3737024221453287,0.5813148788927336,0.7024221453287197,0.30039918634778184,4
nist,joint_gradual,warmup,single_imputation_flexible,1,289,0.05286501711608779,0.06938686709782944,0.43944636678200694,0.629757785467128,0.6782006920415224,0.11887032880782984,4
nist,joint_gradual,warmup,single_imputation_flexible,2,289,0.07185708709559918,0.09640551205201635,0.31833910034602075,0.48788927335640137,0.5778546712802768,0.14528862923743027,4
nist,joint_gradual,warmup,single_imputation_flexible,3,289,0.09130990021779231,0.12105354312278199,0.2906574394463668,0.41522491349480967,0.48788927335640137,0.16136765617638701,4
nist,joint_gradual,warmup,single_imputation_flexible,4,289,0.10703043301319318,0.13980348058834846,0.22491349480968859,0.39792387543252594,0.47058823529411764,0.1704308549153571,4
nist,joint_none,development_evaluation,geometric_persistence,1,2138,0.04841691503404619,0.075444506431658,0.3914873713751169,0.7539756782039289,0.881665107577175,0.3089104021038933,26
nist,joint_none,development_evaluation,geometric_persistence,2,2137,0.06695254039383226,0.11177846814966984,0.3968179691155826,0.7533926064576509,0.8816097332709406,0.43624639461670706,26
nist,joint_none,development_evaluation,geometric_persistence,3,2137,0.08192828117990238,0.143112634066634,0.3888628919045391,0.7604117922321011,0.8741226017781937,0.5210549684583895,26
nist,joint_none,development_evaluation,geometric_persistence,4,2137,0.09346118761401005,0.17269368800758295,0.3841834347215723,0.7543284978942443,0.8797379503977538,0.5734013115498955,26
nist,joint_none,development_evaluation,multiple_imputation_compact,1,2138,0.040368413359495016,0.06404867594804663,0.5767072029934518,0.7703461178671656,0.8409728718428437,0.21906518270133393,26
nist,joint_none,development_evaluation,multiple_imputation_compact,2,2137,0.052259965312175354,0.08445181751659862,0.5119326158165652,0.7370145063172672,0.8179691155825924,0.2672768299567148,26
nist,joint_none,development_evaluation,multiple_imputation_compact,3,2137,0.06004860803184485,0.09639277602081371,0.49742629854936826,0.7178287318671034,0.8020589611605053,0.29364686325061595,26
nist,joint_none,development_evaluation,multiple_imputation_compact,4,2137,0.06640762443707518,0.10656109836555727,0.47683668694431447,0.7065980346279832,0.7870846981750117,0.31458311549739687,26
nist,joint_none,development_evaluation,multiple_imputation_flexible,1,2138,0.04343640996800946,0.064259967482349,0.4382600561272217,0.6318989710009355,0.706267539756782,0.1483512530949251,26
nist,joint_none,development_evaluation,multiple_imputation_flexible,2,2137,0.058732512610775355,0.08577285869472322,0.37248479176415533,0.5685540477304633,0.6532522227421619,0.17209495796523783,26
nist,joint_none,development_evaluation,multiple_imputation_flexible,3,2137,0.06845099372767009,0.09721069809734768,0.36406176883481517,0.5409452503509593,0.6214319138979878,0.18324671991962785,26
nist,joint_none,development_evaluation,multiple_imputation_flexible,4,2137,0.07751470853257983,0.10791331318509051,0.34768366869443146,0.5091249415067852,0.5910154422087038,0.1869352397130303,26
nist,joint_none,development_evaluation,persistence,1,2138,0.0684280873401703,0.12176706629925835,0.38493919550982225,0.755378858746492,0.8891487371375117,0.4095205849315583,26
nist,joint_none,development_evaluation,persistence,2,2137,0.09807554989799769,0.18919863935606152,0.37950397753860554,0.7557323350491343,0.8890968647636874,0.5699606485683862,26
nist,joint_none,development_evaluation,persistence,3,2137,0.11679802321672837,0.2359757705128739,0.3879270004679457,0.7473093121197941,0.8834815161441273,0.6472770342385753,26
nist,joint_none,development_evaluation,persistence,4,2137,0.1278494751897233,0.26267740432394293,0.3879270004679457,0.7468413664014975,0.8811417875526439,0.6885319774532678,26
nist,joint_none,development_evaluation,quantile_compact,1,2138,0.039864245453592066,0.06178718113824052,0.43872778297474274,0.7820392890551918,0.9162768942937325,0.427339198084392,26
nist,joint_none,development_evaluation,quantile_compact,2,2137,0.05002307158475518,0.08338127661059001,0.42021525503041646,0.7515208235844641,0.9031352363125877,0.4552354209389816,26
nist,joint_none,development_evaluation,quantile_compact,3,2137,0.05595794346277248,0.09498623373783775,0.4408048666354703,0.8146934955545156,0.9148338792700047,0.4534747973854438,26
nist,joint_none,development_evaluation,quantile_compact,4,2137,0.05959079808970687,0.10689785462174883,0.4422087037903603,0.7594759007955078,0.9176415535797847,0.46988367733031516,26
nist,joint_none,development_evaluation,quantile_flexible,1,2138,0.03786090958606412,0.06105435391211947,0.3872778297474275,0.7114125350795135,0.8376987839101965,0.29466549910898077,26
nist,joint_none,development_evaluation,quantile_flexible,2,2137,0.048142021639772895,0.08231073063152355,0.3781001403837155,0.658867571361722,0.8315395414131961,0.34583418654284825,26
nist,joint_none,development_evaluation,quantile_flexible,3,2137,0.05469069673632209,0.09487467935941453,0.3813757604117922,0.6696303228825456,0.8624239588207768,0.4289592601293624,26
nist,joint_none,development_evaluation,quantile_flexible,4,2137,0.05887664635310394,0.10635497057781852,0.37295273748245206,0.660271408516612,0.8263921385119326,0.39062855280377123,26
nist,joint_none,development_evaluation,single_imputation_compact,1,2138,0.04209262671817419,0.06331166820520842,0.5654817586529467,0.7464920486435921,0.8152478952291862,0.1985068197347376,26
nist,joint_none,development_evaluation,single_imputation_compact,2,2137,0.05301086517227838,0.08301572704434096,0.5067852129153019,0.7229761347683669,0.7945718296677585,0.25093452505280384,26
nist,joint_none,development_evaluation,single_imputation_compact,3,2137,0.06015245229198237,0.09504329664916851,0.4908750584932148,0.7108095460926532,0.7917641553579785,0.282269582564155,26
nist,joint_none,development_evaluation,single_imputation_compact,4,2137,0.06622667029340952,0.10527454056287916,0.47215722976134766,0.6986429574169396,0.7800655124005615,0.3058606535527962,26
nist,joint_none,development_evaluation,single_imputation_flexible,1,2138,0.04609906926640562,0.06347193799971002,0.42095416276894293,0.6038353601496725,0.6688493919550982,0.12260627223944227,26
nist,joint_none,development_evaluation,single_imputation_flexible,2,2137,0.06047218445695577,0.08394763829404649,0.36827328029948525,0.542817033224146,0.6144127281235376,0.14864520972731513,26
nist,joint_none,development_evaluation,single_imputation_flexible,3,2137,0.0696602304975844,0.09570844656426414,0.3575105287786617,0.5245671502105755,0.6017781937295273,0.16373581104368784,26
nist,joint_none,development_evaluation,single_imputation_flexible,4,2137,0.0784052008517707,0.10649605365320962,0.3401965372016846,0.5011698642957417,0.5760411792232101,0.1716139925657932,26
nist,joint_none,validation,geometric_persistence,1,1899,0.049551475602595624,0.07550624649002889,0.42443391258557134,0.7877830437072143,0.8962611901000527,0.33266479902385093,22
nist,joint_none,validation,geometric_persistence,2,1899,0.06622744651068298,0.10969700190011966,0.43601895734597157,0.7714586624539231,0.8909952606635071,0.4557041983826311,22
nist,joint_none,validation,geometric_persistence,3,1899,0.08030356078653586,0.13792682795019462,0.45129015271195366,0.7909426013691416,0.8867825171142707,0.5425540178728198,22
nist,joint_none,validation,geometric_persistence,4,1899,0.09142243583743337,0.16121544015751463,0.4718272775144813,0.7977883096366508,0.8799368088467614,0.6029597721510532,22
nist,joint_none,validation,multiple_imputation_compact,1,1899,0.0412593828186091,0.06652847216533524,0.5534491837809373,0.7804107424960506,0.8488678251711427,0.22457350205809748,22
nist,joint_none,validation,multiple_imputation_compact,2,1899,0.05445856180439333,0.08905913593713424,0.48709847288046343,0.7230121116377041,0.8098999473407056,0.27070423736823196,22
nist,joint_none,validation,multiple_imputation_compact,3,1899,0.06541039012931392,0.1065473647097485,0.44339125855713535,0.6524486571879937,0.7693522906793049,0.29729528246820486,22
nist,joint_none,validation,multiple_imputation_compact,4,1899,0.07582051380224157,0.12221236216304371,0.416535018430753,0.6329647182727751,0.7477619799894681,0.31699510755062715,22
nist,joint_none,validation,multiple_imputation_flexible,1,1899,0.04423739674154346,0.06633618514195423,0.43022643496577145,0.6250658241179569,0.7135334386519221,0.1541514092805385,22
nist,joint_none,validation,multiple_imputation_flexible,2,1899,0.06096950634797639,0.0889144337181061,0.3780937335439705,0.5497630331753555,0.6324381253291206,0.17725265120498984,22
nist,joint_none,validation,multiple_imputation_flexible,3,1899,0.07439749446901263,0.10593343399951456,0.33754607688256977,0.49499736703528174,0.5813586097946287,0.18714778990446704,22
nist,joint_none,validation,multiple_imputation_flexible,4,1899,0.08932335413670371,0.12385192105322468,0.2943654555028963,0.4486571879936809,0.5286993154291733,0.19104327897778092,22
nist,joint_none,validation,persistence,1,1899,0.06756769329924352,0.117139464941107,0.4318062137967351,0.7825171142706687,0.8925750394944708,0.41938545387986687,22
nist,joint_none,validation,persistence,2,1899,0.09517228721032399,0.17841813162411418,0.44075829383886256,0.7898894154818326,0.8888888888888888,0.5667182881592324,22
nist,joint_none,validation,persistence,3,1899,0.11406888128744051,0.22033737213456372,0.4412848867825171,0.7904160084254871,0.8799368088467614,0.6512822446230097,22
nist,joint_none,validation,persistence,4,1899,0.12612955964117833,0.24547319573182838,0.46392838335966297,0.7793575566087414,0.8746708794102159,0.7024470969951003,22
nist,joint_none,validation,quantile_compact,1,1899,0.04105360944396393,0.06509934538844749,0.41706161137440756,0.7688256977356503,0.8983675618746709,0.416664427900109,22
nist,joint_none,validation,quantile_compact,2,1899,0.05289400393340621,0.08861654041526261,0.3954713006845708,0.6808846761453397,0.8767772511848341,0.473013524185899,22
nist,joint_none,validation,quantile_compact,3,1899,0.06136712017120243,0.1044601520817758,0.39863085834649814,0.7625065824117957,0.8688783570300158,0.47122918597713687,22
nist,joint_none,validation,quantile_compact,4,1899,0.06617911873943107,0.11738049177361136,0.4054765666140074,0.7098472880463402,0.8699315429173249,0.49646116265723655,22
nist,joint_none,validation,quantile_flexible,1,1899,0.03938673538280758,0.06344799523324068,0.3670352817272249,0.7051079515534492,0.822538177988415,0.2992708330239281,22
nist,joint_none,validation,quantile_flexible,2,1899,0.05186458990578711,0.0874259955364909,0.35071090047393366,0.6261190100052659,0.7709320695102686,0.363140312691406,22
nist,joint_none,validation,quantile_flexible,3,1899,0.060224706010272924,0.1028130173270327,0.33543970510795157,0.6092680358083201,0.8051606108478147,0.43959884023304857,22
nist,joint_none,validation,quantile_flexible,4,1899,0.06639389024658385,0.11726536422210158,0.32122169562927855,0.593996840442338,0.7456556082148499,0.4094088177534058,22
nist,joint_none,validation,single_imputation_compact,1,1899,0.04503339055362033,0.06723624788045125,0.5387045813586098,0.7414428646656135,0.8120063191153238,0.1974454752214811,22
nist,joint_none,validation,single_imputation_compact,2,1899,0.05708000092733192,0.0890289221365798,0.478146392838336,0.6966824644549763,0.7756714060031595,0.2501509868520315,22
nist,joint_none,validation,single_imputation_compact,3,1899,0.06749005886947416,0.10696592848083597,0.4333859926276988,0.6334913112164297,0.7456556082148499,0.282648882734088,22
nist,joint_none,validation,single_imputation_compact,4,1899,0.07694105491694905,0.12177365517007888,0.4107424960505529,0.6182201158504476,0.7272248551869405,0.306404937751623,22
nist,joint_none,validation,single_imputation_flexible,1,1899,0.04927940132428635,0.0670319495163995,0.41021590310689837,0.5813586097946287,0.6608741442864665,0.12193299938968602,22
nist,joint_none,validation,single_imputation_flexible,2,1899,0.0656820546484213,0.08948257410435985,0.3559768299104792,0.5123749341758821,0.584518167456556,0.14827025270908334,22
nist,joint_none,validation,single_imputation_flexible,3,1899,0.0782011635850753,0.10610105874229206,0.3222748815165877,0.46445497630331756,0.5439705107951553,0.1639307590523395,22
nist,joint_none,validation,single_imputation_flexible,4,1899,0.09211957057760355,0.12345983567562535,0.2817272248551869,0.426013691416535,0.49236440231700895,0.17150604464700342,22
nist,joint_none,warmup,geometric_persistence,1,289,0.06313946265133567,0.08349962195276929,0.44982698961937717,0.7197231833910035,0.8062283737024222,0.217668402132542,4
nist,joint_none,warmup,geometric_persistence,2,289,0.07787462456549454,0.1167459970959039,0.43944636678200694,0.7231833910034602,0.7750865051903114,0.3497739377999633,4
nist,joint_none,warmup,geometric_persistence,3,289,0.08951672893271298,0.14462360226931842,0.4463667820069204,0.698961937716263,0.7889273356401384,0.43160992387979447,4
nist,joint_none,warmup,geometric_persistence,4,289,0.10233020110801654,0.17447981099790363,0.4186851211072664,0.6920415224913494,0.7854671280276817,0.4634031479045569,4
nist,joint_none,warmup,multiple_imputation_compact,1,289,0.04467944424769149,0.07148398260620654,0.5847750865051903,0.7370242214532872,0.8166089965397924,0.2162575803039115,4
nist,joint_none,warmup,multiple_imputation_compact,2,289,0.06013555790885375,0.09700167211413017,0.4913494809688581,0.6851211072664359,0.7750865051903114,0.26097022354910127,4
nist,joint_none,warmup,multiple_imputation_compact,3,289,0.07721369703114389,0.12082632391103286,0.4117647058823529,0.6470588235294118,0.726643598615917,0.285785013139245,4
nist,joint_none,warmup,multiple_imputation_compact,4,289,0.08957490594587131,0.13836753180886963,0.3944636678200692,0.5882352941176471,0.6955017301038062,0.3070024680735475,4
nist,joint_none,warmup,multiple_imputation_flexible,1,289,0.0472595810138379,0.07125386833665757,0.4290657439446367,0.629757785467128,0.698961937716263,0.15134256731017845,4
nist,joint_none,warmup,multiple_imputation_flexible,2,289,0.0676726220036439,0.09817979557150164,0.32525951557093424,0.49480968858131485,0.5951557093425606,0.17277941033867034,4
nist,joint_none,warmup,multiple_imputation_flexible,3,289,0.08921251996897858,0.12295649392484087,0.29411764705882354,0.4290657439446367,0.5051903114186851,0.1786928295646424,4
nist,joint_none,warmup,multiple_imputation_flexible,4,289,0.10641279806492658,0.14228910646248644,0.2560553633217993,0.4117647058823529,0.4913494809688581,0.18588651735125275,4
nist,joint_none,warmup,persistence,1,289,0.07871104682647523,0.12218411917669131,0.4602076124567474,0.7612456747404844,0.8027681660899654,0.3288017762910373,4
nist,joint_none,warmup,persistence,2,289,0.09961755148874996,0.1761901158472907,0.48788927335640137,0.7197231833910035,0.8062283737024222,0.4951165955430173,4
nist,joint_none,warmup,persistence,3,289,0.11350550517314646,0.2153765665417822,0.45674740484429066,0.7197231833910035,0.8096885813148789,0.5451220355062202,4
nist,joint_none,warmup,persistence,4,289,0.12267634068436475,0.23882994428132626,0.4429065743944637,0.6851211072664359,0.8096885813148789,0.5584367047775237,4
nist,joint_none,warmup,quantile_compact,1,289,0.042720871947697324,0.0726536542613813,0.4290657439446367,0.7647058823529411,0.8615916955017301,0.35596813311974934,4
nist,joint_none,warmup,quantile_compact,2,289,0.05912433646608514,0.09916383701196133,0.42560553633217996,0.671280276816609,0.8408304498269896,0.422093302007316,4
nist,joint_none,warmup,quantile_compact,3,289,0.06864863241973396,0.1161372857577036,0.4359861591695502,0.726643598615917,0.8615916955017301,0.46248705019115927,4
nist,joint_none,warmup,quantile_compact,4,289,0.07530011343146897,0.1390066553455311,0.4532871972318339,0.671280276816609,0.8408304498269896,0.470944072290726,4
nist,joint_none,warmup,quantile_flexible,1,289,0.04146395416746919,0.07146894719071772,0.36678200692041524,0.7058823529411765,0.8062283737024222,0.25889500204440075,4
nist,joint_none,warmup,quantile_flexible,2,289,0.05817370035939684,0.0981597619253007,0.370242214532872,0.6089965397923875,0.7577854671280276,0.33927617851526004,4
nist,joint_none,warmup,quantile_flexible,3,289,0.06851686191940484,0.11872765255182638,0.356401384083045,0.6228373702422145,0.7854671280276817,0.42918751837930197,4
nist,joint_none,warmup,quantile_flexible,4,289,0.07771240217511788,0.1383981286044481,0.3806228373702422,0.6055363321799307,0.740484429065744,0.42136794112762366,4
nist,joint_none,warmup,single_imputation_compact,1,289,0.049811018664133615,0.07049497756013688,0.5709342560553633,0.726643598615917,0.7958477508650519,0.1899423393758559,4
nist,joint_none,warmup,single_imputation_compact,2,289,0.06296706661062179,0.0946159725442475,0.5086505190311419,0.6851211072664359,0.7612456747404844,0.241406943802041,4
nist,joint_none,warmup,single_imputation_compact,3,289,0.07627044781044728,0.11808859192150929,0.4083044982698962,0.629757785467128,0.7439446366782007,0.2752278035963148,4
nist,joint_none,warmup,single_imputation_compact,4,289,0.08943068128642563,0.13710163221169913,0.39100346020761245,0.5778546712802768,0.6920415224913494,0.29948714455875797,4
nist,joint_none,warmup,single_imputation_flexible,1,289,0.053446483900381626,0.07024749331396977,0.42560553633217996,0.6228373702422145,0.6747404844290658,0.11873988731070852,4
nist,joint_none,warmup,single_imputation_flexible,2,289,0.07126798067346762,0.09543246184607931,0.3356401384083045,0.49480968858131485,0.5813148788927336,0.1452761042754364,4
nist,joint_none,warmup,single_imputation_flexible,3,289,0.09200794597180367,0.12172645557541639,0.28719723183391005,0.4186851211072664,0.48788927335640137,0.1614361300732064,4
nist,joint_none,warmup,single_imputation_flexible,4,289,0.10806499101645697,0.14081752692400445,0.23183391003460208,0.4083044982698962,0.47058823529411764,0.17049833029261544,4
nist,irradiance_first,development_evaluation,geometric_persistence,1,2138,0.051594632782209736,0.07985255018510126,0.3854069223573433,0.7455565949485501,0.8741814780168382,0.30726925454873966,26
nist,irradiance_first,development_evaluation,geometric_persistence,2,2137,0.0685388985454952,0.11488786299624669,0.3930744033692092,0.7477772578380908,0.8788020589611605,0.4347136899514487,26
nist,irradiance_first,development_evaluation,geometric_persistence,3,2137,0.08229083386120838,0.144724042784488,0.38745905474964903,0.7594759007955078,0.8741226017781937,0.5201196965965418,26
nist,irradiance_first,development_evaluation,geometric_persistence,4,2137,0.09330838823476192,0.17320927843948372,0.38324754328497895,0.7557323350491343,0.8802058961160505,0.5730881338907546,26
nist,irradiance_first,development_evaluation,multiple_imputation_compact,1,2138,0.04033080610905079,0.06414141250095541,0.578110383536015,0.7680074836295603,0.8405051449953227,0.22039594978282462,26
nist,irradiance_first,development_evaluation,multiple_imputation_compact,2,2137,0.052014680109702546,0.08417495955783483,0.5189518015910154,0.7393542349087506,0.8193729527374825,0.26810003211095895,26
nist,irradiance_first,development_evaluation,multiple_imputation_compact,3,2137,0.05953049140360683,0.09590643052780559,0.4927468413664015,0.7211043518951802,0.801123069723912,0.29375224311610415,26
nist,irradiance_first,development_evaluation,multiple_imputation_compact,4,2137,0.06552175042461691,0.10561077166430896,0.47449695835283107,0.7047262517547964,0.7927000467945718,0.3140161155803036,26
nist,irradiance_first,development_evaluation,multiple_imputation_flexible,1,2138,0.043446267086855395,0.06429770384180578,0.4391955098222638,0.6309635173058934,0.7039289055191768,0.14916243780010252,26
nist,irradiance_first,development_evaluation,multiple_imputation_flexible,2,2137,0.058736928652779935,0.08544040472609142,0.3710809546092653,0.5676181562938699,0.6490407112774919,0.17127454694767488,26
nist,irradiance_first,development_evaluation,multiple_imputation_flexible,3,2137,0.0685984238154282,0.09702494281305746,0.3551708001871783,0.5381375760411792,0.6148806738418343,0.18102231432894927,26
nist,irradiance_first,development_evaluation,multiple_imputation_flexible,4,2137,0.07681869140636627,0.10672162477773377,0.342536265793168,0.5058493214787084,0.5858680393074404,0.18365345157776447,26
nist,irradiance_first,development_evaluation,persistence,1,2138,0.07123742222532384,0.12581451649968226,0.3793264733395697,0.7488306828811974,0.882600561272217,0.407195671713866,26
nist,irradiance_first,development_evaluation,persistence,2,2137,0.09936491190730673,0.1917244711582426,0.37716424894712214,0.7519887693027609,0.8862891904539073,0.5674697584130112,26
nist,irradiance_first,development_evaluation,persistence,3,2137,0.11709363112319839,0.2372005363772335,0.3883949461862424,0.7459054749649041,0.8820776789892373,0.6453721598774773,26
nist,irradiance_first,development_evaluation,persistence,4,2137,0.12778710064374207,0.2636480701315855,0.3879270004679457,0.7491810949929808,0.8811417875526439,0.6877253225820485,26
nist,irradiance_first,development_evaluation,quantile_compact,1,2138,0.03978935264466443,0.06157063255707364,0.4462114125350795,0.7834424695977549,0.9181478016838166,0.4290370107511465,26
nist,irradiance_first,development_evaluation,quantile_compact,2,2137,0.04912988940955727,0.08226295002017822,0.4347215722976135,0.7683668694431446,0.917173607861488,0.4566769456886832,26
nist,irradiance_first,development_evaluation,quantile_compact,3,2137,0.05448377427512186,0.09284332874748054,0.442676649508657,0.8277959756668226,0.928872250818905,0.4540906663224943,26
nist,irradiance_first,development_evaluation,quantile_compact,4,2137,0.058039213778538594,0.10304399863401409,0.44174075807206364,0.7735142723444081,0.9293401965372017,0.4712531425951838,26
nist,irradiance_first,development_evaluation,quantile_flexible,1,2138,0.03779555771612932,0.06102756483246611,0.37652011225444343,0.7118802619270346,0.8400374181478016,0.29516290917395016,26
nist,irradiance_first,development_evaluation,quantile_flexible,2,2137,0.046911111897372286,0.08105534369149436,0.3827795975666823,0.6710341600374357,0.8479176415535797,0.3481820438583467,26
nist,irradiance_first,development_evaluation,quantile_flexible,3,2137,0.05304437437687869,0.09238181367826612,0.3902667290594291,0.6874122601778194,0.8755264389330838,0.4296251718508268,26
nist,irradiance_first,development_evaluation,quantile_flexible,4,2137,0.05662573566377726,0.10225950276671913,0.37201684604585866,0.673373888628919,0.8465138043986897,0.3920891996398348,26
nist,irradiance_first,development_evaluation,single_imputation_compact,1,2138,0.04220751429442,0.06348628705202439,0.5640785781103835,0.7413470533208606,0.8129092609915809,0.19837833152344395,26
nist,irradiance_first,development_evaluation,single_imputation_compact,2,2137,0.05313689424631092,0.0832604965571054,0.5100608329433786,0.7215722976134769,0.7931679925128685,0.25103295055377745,26
nist,irradiance_first,development_evaluation,single_imputation_compact,3,2137,0.05993278002338728,0.09488995815574788,0.4918109499298081,0.7103416003743566,0.7908282639213852,0.28246439162032144,26
nist,irradiance_first,development_evaluation,single_imputation_compact,4,2137,0.06578313480510509,0.10495004558755315,0.47215722976134766,0.6963032288254563,0.7842770238652317,0.3061579364100506,26
nist,irradiance_first,development_evaluation,single_imputation_flexible,1,2138,0.046256311988725735,0.0636119136775669,0.421421889616464,0.6000935453695042,0.6655753040224509,0.12261129848491702,26
nist,irradiance_first,development_evaluation,single_imputation_flexible,2,2137,0.060628119185554524,0.0842274736219729,0.3626579316799251,0.5423490875058493,0.6148806738418343,0.14867143991729753,26
nist,irradiance_first,development_evaluation,single_imputation_flexible,3,2137,0.0698685849253832,0.09602434974395939,0.3528310715956949,0.5259709873654657,0.599438465138044,0.16392655943956436,26
nist,irradiance_first,development_evaluation,single_imputation_flexible,4,2137,0.0777167153478338,0.10593563885825408,0.33692091717360784,0.4983621899859616,0.5746373420683201,0.1718233737372444,26
nist,irradiance_first,validation,geometric_persistence,1,1899,0.052055856284032066,0.07889400342656987,0.4186413902053712,0.7835703001579779,0.8925750394944708,0.33127543811845217,22
nist,irradiance_first,validation,geometric_persistence,2,1899,0.06821736554648533,0.11256451346343622,0.4344391785150079,0.770405476566614,0.8873091100579252,0.4543802436880383,22
nist,irradiance_first,validation,geometric_persistence,3,1899,0.08171124076100231,0.1403303224144184,0.44971037388099,0.7877830437072143,0.8830963665086888,0.541530042592067,22
nist,irradiance_first,validation,geometric_persistence,4,1899,0.09200585647491617,0.1626664825493634,0.4718272775144813,0.7951553449183781,0.8783570300157978,0.6023351574555017,22
nist,irradiance_first,validation,multiple_imputation_compact,1,1899,0.04153633466361769,0.06701240318974215,0.5513428120063191,0.7777777777777778,0.8493944181147972,0.22547321362943384,22
nist,irradiance_first,validation,multiple_imputation_compact,2,1899,0.054593300870329375,0.08917716058546502,0.48657187993680884,0.7235387045813586,0.808320168509742,0.27066048079291655,22
nist,irradiance_first,validation,multiple_imputation_compact,3,1899,0.06554411916399797,0.10651400705947521,0.44339125855713535,0.6519220642443391,0.7625065824117957,0.29648712401675087,22
nist,irradiance_first,validation,multiple_imputation_compact,4,1899,0.07596432256619967,0.12200777052641093,0.416535018430753,0.6282253817798842,0.741969457609268,0.31524512639641333,22
nist,irradiance_first,validation,multiple_imputation_flexible,1,1899,0.044541685020099496,0.06658315775967144,0.42706687730384413,0.6219062664560295,0.707740916271722,0.15392743581823942,22
nist,irradiance_first,validation,multiple_imputation_flexible,2,1899,0.06112607858047316,0.08856427482078372,0.3744075829383886,0.5487098472880464,0.6266456029489205,0.17486908549855365,22
nist,irradiance_first,validation,multiple_imputation_flexible,3,1899,0.07500568837975301,0.10592501847359041,0.33438651922064244,0.4918378093733544,0.5713533438651922,0.18389354319263304,22
nist,irradiance_first,validation,multiple_imputation_flexible,4,1899,0.0902792526610464,0.12389841947646245,0.29120589784096895,0.4439178515007899,0.5192206424433913,0.18599704052219782,22
nist,irradiance_first,validation,persistence,1,1899,0.06961739347914586,0.11980117018276555,0.42759347024749866,0.779884149552396,0.8883622959452343,0.4176309906528941,22
nist,irradiance_first,validation,persistence,2,1899,0.09663367745856133,0.1803838718606978,0.4391785150078989,0.7872564507635598,0.8846761453396524,0.5648970638050254,22
nist,irradiance_first,validation,persistence,3,1899,0.11495674068145076,0.22162123221970695,0.4412848867825171,0.7862032648762507,0.875724065297525,0.6497897190217156,22
nist,irradiance_first,validation,persistence,4,1899,0.1264319572154604,0.24603525316372388,0.46340179041600843,0.7767245918904687,0.8736176935229067,0.7015385037484975,22
nist,irradiance_first,validation,quantile_compact,1,1899,0.04084440330177434,0.0646567056258869,0.41706161137440756,0.7740916271721959,0.9015271195365983,0.41739952941521546,22
nist,irradiance_first,validation,quantile_compact,2,1899,0.05198128744515104,0.0873763959800911,0.3959978936282254,0.6819378620326487,0.880463401790416,0.47381897606938655,22
nist,irradiance_first,validation,quantile_compact,3,1899,0.060337830072353715,0.10293536041118964,0.39178515007898895,0.7672459189046866,0.8704581358609794,0.4705776379298914,22
nist,irradiance_first,validation,quantile_compact,4,1899,0.06522338275332831,0.11556270268369259,0.40337019483938913,0.7103738809899948,0.8778304370721433,0.49726896536445003,22
nist,irradiance_first,validation,quantile_flexible,1,1899,0.03920115258660712,0.06336610922102662,0.36124275934702477,0.6977356503422855,0.818852027382833,0.29826959751091786,22
nist,irradiance_first,validation,quantile_flexible,2,1899,0.05059284051698233,0.08565760586170192,0.34913112164297,0.627172195892575,0.7777777777777778,0.3638213612234548,22
nist,irradiance_first,validation,quantile_flexible,3,1899,0.0591143477554503,0.10160475413260209,0.33754607688256977,0.6129541864139021,0.8109531332280148,0.4392502283872227,22
nist,irradiance_first,validation,quantile_flexible,4,1899,0.06514485688665818,0.11563504585600687,0.32122169562927855,0.5924170616113744,0.7503949447077409,0.4097749616119594,22
nist,irradiance_first,validation,single_imputation_compact,1,1899,0.045216146030600576,0.06756852938017315,0.5355450236966824,0.7414428646656135,0.8109531332280148,0.19726588453685215,22
nist,irradiance_first,validation,single_imputation_compact,2,1899,0.05718026311342255,0.08917282955113749,0.4765666140073723,0.6987888362295945,0.7777777777777778,0.2500689014486284,22
nist,irradiance_first,validation,single_imputation_compact,3,1899,0.06735395986301469,0.10663460738034716,0.4344391785150079,0.6355976829910479,0.7446024223275408,0.28256583807149505,22
nist,irradiance_first,validation,single_imputation_compact,4,1899,0.07681240741336484,0.12142258649538056,0.4160084254870985,0.6187467087941022,0.7288046340179042,0.3062879649746727,22
nist,irradiance_first,validation,single_imputation_flexible,1,1899,0.04938078211564073,0.06717612800121975,0.40705634544497105,0.5839915745129015,0.6598209583991574,0.1218622513859108,22
nist,irradiance_first,validation,single_imputation_flexible,2,1899,0.0654871098540219,0.0892002184235171,0.35808320168509744,0.5134281200631912,0.5866245392311743,0.14821214236799007,22
nist,irradiance_first,validation,single_imputation_flexible,3,1899,0.07814402909234937,0.10598502133257814,0.3228014744602422,0.46550816219062663,0.5439705107951553,0.16394706681884164,22
nist,irradiance_first,validation,single_imputation_flexible,4,1899,0.0920764501597162,0.12339633395572279,0.28067403896787785,0.42812006319115326,0.49815692469720907,0.17157724720222417,22
nist,irradiance_first,warmup,geometric_persistence,1,289,0.06313974682268504,0.08350956794999757,0.44982698961937717,0.7197231833910035,0.8062283737024222,0.21765845613531368,4
nist,irradiance_first,warmup,geometric_persistence,2,289,0.07787500311380927,0.11675924628691872,0.43944636678200694,0.7231833910034602,0.7750865051903114,0.34976068860894854,4
nist,irradiance_first,warmup,geometric_persistence,3,289,0.08951716400445389,0.1446388297802505,0.4463667820069204,0.698961937716263,0.7889273356401384,0.4315946963688624,4
nist,irradiance_first,warmup,geometric_persistence,4,289,0.10233119002840935,0.17449555722512533,0.4186851211072664,0.6920415224913494,0.7854671280276817,0.4633874016773352,4
nist,irradiance_first,warmup,multiple_imputation_compact,1,289,0.04477477974665858,0.07194354641305498,0.5847750865051903,0.7370242214532872,0.8200692041522492,0.2172908839783133,4
nist,irradiance_first,warmup,multiple_imputation_compact,2,289,0.0596699973743585,0.09689416299992147,0.49480968858131485,0.6747404844290658,0.7750865051903114,0.2609791790174217,4
nist,irradiance_first,warmup,multiple_imputation_compact,3,289,0.07655201318759526,0.12025681901752562,0.4083044982698962,0.6262975778546713,0.7301038062283737,0.284836088903725,4
nist,irradiance_first,warmup,multiple_imputation_compact,4,289,0.08882520652924411,0.13797436489271425,0.370242214532872,0.5813148788927336,0.7024221453287197,0.30535801577923,4
nist,irradiance_first,warmup,multiple_imputation_flexible,1,289,0.04686985057618622,0.07060965575636928,0.43944636678200694,0.6366782006920415,0.7024221453287197,0.15066589314735787,4
nist,irradiance_first,warmup,multiple_imputation_flexible,2,289,0.06807810623475999,0.09823550762433077,0.31833910034602075,0.48788927335640137,0.5916955017301038,0.17046245729313272,4
nist,irradiance_first,warmup,multiple_imputation_flexible,3,289,0.08970115460025518,0.12258528433401711,0.29411764705882354,0.42214532871972316,0.5017301038062284,0.1740922667913439,4
nist,irradiance_first,warmup,multiple_imputation_flexible,4,289,0.10637445815338624,0.14117955405766822,0.23183391003460208,0.4013840830449827,0.48788927335640137,0.18019312344779306,4
nist,irradiance_first,warmup,persistence,1,289,0.0787112051948705,0.12218966207052587,0.4602076124567474,0.7612456747404844,0.8027681660899654,0.3287962333972027,4
nist,irradiance_first,warmup,persistence,2,289,0.09961770985714524,0.17619565874112528,0.48788927335640137,0.7197231833910035,0.8062283737024222,0.4951110526491827,4
nist,irradiance_first,warmup,persistence,3,289,0.11350566354154172,0.21538210943561675,0.45674740484429066,0.7197231833910035,0.8096885813148789,0.5451164926123856,4
nist,irradiance_first,warmup,persistence,4,289,0.12267649905276003,0.23883548717516084,0.4429065743944637,0.6851211072664359,0.8096885813148789,0.5584311618836892,4
nist,irradiance_first,warmup,quantile_compact,1,289,0.04181546532194522,0.07067355097314512,0.4290657439446367,0.7681660899653979,0.8650519031141869,0.3603804521410987,4
nist,irradiance_first,warmup,quantile_compact,2,289,0.05630936497566121,0.09559520466418953,0.42214532871972316,0.6747404844290658,0.8546712802768166,0.42550356343417917,4
nist,irradiance_first,warmup,quantile_compact,3,289,0.06630698258601826,0.11461748523134534,0.42560553633217996,0.726643598615917,0.8650519031141869,0.4649667564028146,4
nist,irradiance_first,warmup,quantile_compact,4,289,0.0731173731012823,0.13736925533596298,0.43944636678200694,0.6678200692041523,0.8442906574394463,0.4740584386139456,4
nist,irradiance_first,warmup,quantile_flexible,1,289,0.04047123812180257,0.070139114978585,0.35986159169550175,0.6920415224913494,0.8131487889273357,0.26223786110866565,4
nist,irradiance_first,warmup,quantile_flexible,2,289,0.05506033878024819,0.09460757521831017,0.36678200692041524,0.6055363321799307,0.7854671280276817,0.34321301517925584,4
nist,irradiance_first,warmup,quantile_flexible,3,289,0.06540951518432137,0.11502416544719858,0.3494809688581315,0.6089965397923875,0.8027681660899654,0.4317559725604283,4
nist,irradiance_first,warmup,quantile_flexible,4,289,0.07503500682490076,0.13605155209869038,0.36678200692041524,0.5916955017301038,0.7474048442906575,0.4238333220950148,4
nist,irradiance_first,warmup,single_imputation_compact,1,289,0.050420430383482866,0.07138317681694453,0.5778546712802768,0.7301038062283737,0.8027681660899654,0.1907116075458507,4
nist,irradiance_first,warmup,single_imputation_compact,2,289,0.06320784668273548,0.09573605736408969,0.4982698961937716,0.671280276816609,0.7612456747404844,0.24238932415539705,4
nist,irradiance_first,warmup,single_imputation_compact,3,289,0.07628455896937127,0.11833204633333419,0.4083044982698962,0.6193771626297578,0.7301038062283737,0.27599542802033283,4
nist,irradiance_first,warmup,single_imputation_compact,4,289,0.08843468055198699,0.13662983326313854,0.370242214532872,0.5743944636678201,0.698961937716263,0.3007085053272149,4
nist,irradiance_first,warmup,single_imputation_flexible,1,289,0.053479407535861334,0.07017652017805541,0.43252595155709345,0.6262975778546713,0.6747404844290658,0.11906533804251518,4
nist,irradiance_first,warmup,single_imputation_flexible,2,289,0.0724234605140981,0.09709449179465211,0.314878892733564,0.4844290657439446,0.5709342560553633,0.1455773686021295,4
nist,irradiance_first,warmup,single_imputation_flexible,3,289,0.09190735049020578,0.12169393073543444,0.29411764705882354,0.4117647058823529,0.48788927335640137,0.1614838637688133,4
nist,irradiance_first,warmup,single_imputation_flexible,4,289,0.10711496149247242,0.13988516830157893,0.22491349480968859,0.39792387543252594,0.4671280276816609,0.1704167580876215,4
nist,pv_first,development_evaluation,geometric_persistence,1,2138,0.04841691503404619,0.075444506431658,0.3914873713751169,0.7539756782039289,0.881665107577175,0.3089104021038933,26
nist,pv_first,development_evaluation,geometric_persistence,2,2137,0.06695254039383226,0.11177846814966984,0.3968179691155826,0.7533926064576509,0.8816097332709406,0.43624639461670706,26
nist,pv_first,development_evaluation,geometric_persistence,3,2137,0.08192828117990238,0.143112634066634,0.3888628919045391,0.7604117922321011,0.8741226017781937,0.5210549684583895,26
nist,pv_first,development_evaluation,geometric_persistence,4,2137,0.09346118761401005,0.17269368800758295,0.3841834347215723,0.7543284978942443,0.8797379503977538,0.5734013115498955,26
nist,pv_first,development_evaluation,multiple_imputation_compact,1,2138,0.040340366352259564,0.06407547194494537,0.5757717492984097,0.7661365762394762,0.8400374181478016,0.21850726607790139,26
nist,pv_first,development_evaluation,multiple_imputation_compact,2,2137,0.05207284070589896,0.08414284040088059,0.5161441272812354,0.7398221806270473,0.8179691155825924,0.26651702912640085,26
nist,pv_first,development_evaluation,multiple_imputation_compact,3,2137,0.05965648372336695,0.09597016513528311,0.4918109499298081,0.7201684604585868,0.8015910154422087,0.29255482906218766,26
nist,pv_first,development_evaluation,multiple_imputation_compact,4,2137,0.06571819883319972,0.10571080105262963,0.4740290126345344,0.7042583060364997,0.7917641553579785,0.31321654945340277,26
nist,pv_first,development_evaluation,multiple_imputation_flexible,1,2138,0.04347024104490963,0.06415883366331242,0.43732460243217963,0.627689429373246,0.7020579981290926,0.14705477800243355,26
nist,pv_first,development_evaluation,multiple_imputation_flexible,2,2137,0.05876237311178493,0.0853386747157192,0.3710809546092653,0.5643425362657931,0.6476368741226017,0.1695092495998712,26
nist,pv_first,development_evaluation,multiple_imputation_flexible,3,2137,0.06858887483005326,0.0969602558193503,0.3532990173139916,0.5381375760411792,0.6162845109967244,0.18002895407903804,26
nist,pv_first,development_evaluation,multiple_imputation_flexible,4,2137,0.07699093483018407,0.10689969129834058,0.341132428638278,0.5030416471689284,0.584932147870847,0.1828837111902509,26
nist,pv_first,development_evaluation,persistence,1,2138,0.0684280873401703,0.12176706629925835,0.38493919550982225,0.755378858746492,0.8891487371375117,0.4095205849315583,26
nist,pv_first,development_evaluation,persistence,2,2137,0.09807554989799769,0.18919863935606152,0.37950397753860554,0.7557323350491343,0.8890968647636874,0.5699606485683862,26
nist,pv_first,development_evaluation,persistence,3,2137,0.11679802321672837,0.2359757705128739,0.3879270004679457,0.7473093121197941,0.8834815161441273,0.6472770342385753,26
nist,pv_first,development_evaluation,persistence,4,2137,0.1278494751897233,0.26267740432394293,0.3879270004679457,0.7468413664014975,0.8811417875526439,0.6885319774532678,26
nist,pv_first,development_evaluation,quantile_compact,1,2138,0.03923276060188339,0.06038307310758475,0.44667913938260057,0.7876520112254444,0.9195509822263798,0.42672160610611276,26
nist,pv_first,development_evaluation,quantile_compact,2,2137,0.04892728600398783,0.08140488367554176,0.42957416939635,0.7627515208235844,0.9134300421151147,0.45568616350027946,26
nist,pv_first,development_evaluation,quantile_compact,3,2137,0.05451150303150754,0.0925169887969257,0.44314459522695365,0.8231165184838559,0.9255966307908282,0.4534299266846025,26
nist,pv_first,development_evaluation,quantile_compact,4,2137,0.058174724725689575,0.10311365542314395,0.4398689751988769,0.7697707065980346,0.9255966307908282,0.47097323999153606,26
nist,pv_first,development_evaluation,quantile_flexible,1,2138,0.03736688865963112,0.06046897309829173,0.3774555659494855,0.7142188961646398,0.8419083255378859,0.2922308813924283,26
nist,pv_first,development_evaluation,quantile_flexible,2,2137,0.04678399096401515,0.08039746411956177,0.3818437061300889,0.6663547028544688,0.8427702386523164,0.34562282170322783,26
nist,pv_first,development_evaluation,quantile_flexible,3,2137,0.05313451564029674,0.09195626869562447,0.3902667290594291,0.685072531586336,0.8717828731867103,0.4293537596751565,26
nist,pv_first,development_evaluation,quantile_flexible,4,2137,0.056849407747871165,0.10233894885474208,0.371548900327562,0.6682264857276556,0.8390266729059429,0.3908954105958069,26
nist,pv_first,development_evaluation,single_imputation_compact,1,2138,0.04212129391048523,0.06342049656750137,0.5612722170252572,0.7427502338634238,0.8143124415341441,0.198408122435857,26
nist,pv_first,development_evaluation,single_imputation_compact,2,2137,0.05322182377677489,0.08338738748786416,0.5091249415067852,0.7206364061768835,0.7941038839494619,0.2508843511729553,26
nist,pv_first,development_evaluation,single_imputation_compact,3,2137,0.06027175357408806,0.0953416849860065,0.4904071127749181,0.7080018717828732,0.7889564810481984,0.2821579900829156,26
nist,pv_first,development_evaluation,single_imputation_compact,4,2137,0.06623020044756026,0.10542736950118932,0.470285446888161,0.6953673373888629,0.7824052409920449,0.3058773768159009,26
nist,pv_first,development_evaluation,single_imputation_flexible,1,2138,0.04614778442997681,0.06351789901949186,0.421421889616464,0.5991580916744621,0.666510757717493,0.12263545145123711,26
nist,pv_first,development_evaluation,single_imputation_flexible,2,2137,0.06064504233929278,0.08421931250381916,0.36406176883481517,0.5404773046326626,0.613944782405241,0.14867092815790772,26
nist,pv_first,development_evaluation,single_imputation_flexible,3,2137,0.07008804326207256,0.09624284970332903,0.3528310715956949,0.5250350959288722,0.5999064108563407,0.16383501287483945,26
nist,pv_first,development_evaluation,single_imputation_flexible,4,2137,0.07834539520366535,0.10670629395728956,0.3341132428638278,0.4941506785212915,0.5708937763219466,0.17165855667274668,26
nist,pv_first,validation,geometric_persistence,1,1899,0.049551475602595624,0.07550624649002889,0.42443391258557134,0.7877830437072143,0.8962611901000527,0.33266479902385093,22
nist,pv_first,validation,geometric_persistence,2,1899,0.06622744651068298,0.10969700190011966,0.43601895734597157,0.7714586624539231,0.8909952606635071,0.4557041983826311,22
nist,pv_first,validation,geometric_persistence,3,1899,0.08030356078653586,0.13792682795019462,0.45129015271195366,0.7909426013691416,0.8867825171142707,0.5425540178728198,22
nist,pv_first,validation,geometric_persistence,4,1899,0.09142243583743337,0.16121544015751463,0.4718272775144813,0.7977883096366508,0.8799368088467614,0.6029597721510532,22
nist,pv_first,validation,multiple_imputation_compact,1,1899,0.04146454568771649,0.0668284312799173,0.55028962611901,0.7767245918904687,0.8488678251711427,0.22372658261907724,22
nist,pv_first,validation,multiple_imputation_compact,2,1899,0.05455736349251796,0.0890728418503082,0.4849921011058452,0.7224855186940495,0.808320168509742,0.2694328761020371,22
nist,pv_first,validation,multiple_imputation_compact,3,1899,0.0656628578007974,0.10671492603610587,0.4412848867825171,0.6477093206951027,0.7625065824117957,0.2956047606997664,22
nist,pv_first,validation,multiple_imputation_compact,4,1899,0.07614116315136137,0.12229191972363812,0.41390205371248023,0.6255924170616114,0.7414428646656135,0.31481260831773306,22
nist,pv_first,validation,multiple_imputation_flexible,1,1899,0.04444421568185405,0.06633097703189951,0.42443391258557134,0.6240126382306477,0.7082675092153765,0.15201804507547498,22
nist,pv_first,validation,multiple_imputation_flexible,2,1899,0.06126583765125019,0.08866712334195218,0.37072143233280674,0.5471300684570827,0.6250658241179569,0.17341983160862057,22
nist,pv_first,validation,multiple_imputation_flexible,3,1899,0.07521510206746655,0.10612455878690583,0.334913112164297,0.4860452869931543,0.5666140073723012,0.1828046954299428,22
nist,pv_first,validation,multiple_imputation_flexible,4,1899,0.09038554500386335,0.12398756502838403,0.292259083728278,0.44339125855713535,0.517114270668773,0.18555752784415858,22
nist,pv_first,validation,persistence,1,1899,0.06756769329924352,0.117139464941107,0.4318062137967351,0.7825171142706687,0.8925750394944708,0.41938545387986687,22
nist,pv_first,validation,persistence,2,1899,0.09517228721032399,0.17841813162411418,0.44075829383886256,0.7898894154818326,0.8888888888888888,0.5667182881592324,22
nist,pv_first,validation,persistence,3,1899,0.11406888128744051,0.22033737213456372,0.4412848867825171,0.7904160084254871,0.8799368088467614,0.6512822446230097,22
nist,pv_first,validation,persistence,4,1899,0.12612955964117833,0.24547319573182838,0.46392838335966297,0.7793575566087414,0.8746708794102159,0.7024470969951003,22
nist,pv_first,validation,quantile_compact,1,1899,0.040612067118017216,0.06411468742756675,0.4181147972617167,0.7735650342285414,0.9015271195365983,0.41571960846509887,22
nist,pv_first,validation,quantile_compact,2,1899,0.05208400753338772,0.08719312421536302,0.3954713006845708,0.6771985255397578,0.8788836229594523,0.47352416835135436,22
nist,pv_first,validation,quantile_compact,3,1899,0.06063839379475661,0.10330980417934274,0.3923117430226435,0.764612954186414,0.8699315429173249,0.4701598965738772,22
nist,pv_first,validation,quantile_compact,4,1899,0.06564611710893566,0.11607581642541157,0.4007372301211164,0.708794102159031,0.8741442864665614,0.497384165448502,22
nist,pv_first,validation,quantile_flexible,1,1899,0.03910795525937305,0.06314423854335455,0.3644023170089521,0.6977356503422855,0.8204318062137967,0.29626187025498346,22
nist,pv_first,validation,quantile_flexible,2,1899,0.050799469401415095,0.08586016634924469,0.3486045286993154,0.6224328593996841,0.7746182201158505,0.36249127438631457,22
nist,pv_first,validation,quantile_flexible,3,1899,0.059421685457153164,0.10172859785377615,0.33649289099526064,0.6092680358083201,0.809373354397051,0.4393778946600314,22
nist,pv_first,validation,quantile_flexible,4,1899,0.06556566437649765,0.11625238778605353,0.31911532385466035,0.5892575039494471,0.7467087941021591,0.4088812797475747,22
nist,pv_first,validation,single_imputation_compact,1,1899,0.04526679741657702,0.06757089134984451,0.5365982095839916,0.740916271721959,0.8109531332280148,0.19721408198499762,22
nist,pv_first,validation,single_imputation_compact,2,1899,0.05733751683903096,0.08935797237856859,0.4755134281200632,0.6972090573986308,0.7777777777777778,0.25002470994503834,22
nist,pv_first,validation,single_imputation_compact,3,1899,0.06775714994475689,0.10723558040049341,0.43233280674038965,0.6313849394418115,0.7424960505529226,0.282486552270578,22
nist,pv_first,validation,single_imputation_compact,4,1899,0.07735053386941183,0.12214160792212786,0.41390205371248023,0.6155871511321749,0.7261716692996314,0.306176658923686,22
nist,pv_first,validation,single_imputation_flexible,1,1899,0.049409890091875415,0.06721998422012108,0.4060031595576619,0.5866245392311743,0.6608741442864665,0.12182326702596973,22
nist,pv_first,validation,single_imputation_flexible,2,1899,0.0658087852098043,0.08956816073363735,0.35334386519220645,0.5129015271195366,0.5860979462875198,0.1481805874819503,22
nist,pv_first,validation,single_imputation_flexible,3,1899,0.07861019274411866,0.10653285071853062,0.320695102685624,0.46182201158504477,0.540810953133228,0.16390104509772432,22
nist,pv_first,validation,single_imputation_flexible,4,1899,0.09264119173097828,0.12397446208337476,0.2822538177988415,0.42443391258557134,0.4934175882043181,0.17152944170648118,22
nist,pv_first,warmup,geometric_persistence,1,289,0.06313946265133567,0.08349962195276929,0.44982698961937717,0.7197231833910035,0.8062283737024222,0.217668402132542,4
nist,pv_first,warmup,geometric_persistence,2,289,0.07787462456549454,0.1167459970959039,0.43944636678200694,0.7231833910034602,0.7750865051903114,0.3497739377999633,4
nist,pv_first,warmup,geometric_persistence,3,289,0.08951672893271298,0.14462360226931842,0.4463667820069204,0.698961937716263,0.7889273356401384,0.43160992387979447,4
nist,pv_first,warmup,geometric_persistence,4,289,0.10233020110801654,0.17447981099790363,0.4186851211072664,0.6920415224913494,0.7854671280276817,0.4634031479045569,4
nist,pv_first,warmup,multiple_imputation_compact,1,289,0.0444523806555855,0.07112505020010103,0.5882352941176471,0.740484429065744,0.8200692041522492,0.21605086809456714,4
nist,pv_first,warmup,multiple_imputation_compact,2,289,0.05920051482237892,0.0958762747825849,0.5051903114186851,0.6816608996539792,0.7785467128027682,0.25984537937537094,4
nist,pv_first,warmup,multiple_imputation_compact,3,289,0.07591771312929721,0.11874927790658582,0.41522491349480967,0.6366782006920415,0.7301038062283737,0.2832927269872778,4
nist,pv_first,warmup,multiple_imputation_compact,4,289,0.08838559850427676,0.13677682630127505,0.3806228373702422,0.5882352941176471,0.7024221453287197,0.3041743041882643,4
nist,pv_first,warmup,multiple_imputation_flexible,1,289,0.04663063098760555,0.06998062097241456,0.4463667820069204,0.6401384083044983,0.7024221453287197,0.14967350989156927,4
nist,pv_first,warmup,multiple_imputation_flexible,2,289,0.06749867036962161,0.0973344706543218,0.3217993079584775,0.4913494809688581,0.5951557093425606,0.1695002698599768,4
nist,pv_first,warmup,multiple_imputation_flexible,3,289,0.08895322976371604,0.12162143298305399,0.29411764705882354,0.42560553633217996,0.5121107266435986,0.1738080560526003,4
nist,pv_first,warmup,multiple_imputation_flexible,4,289,0.10608497821802099,0.14063752043480712,0.23875432525951557,0.40484429065743943,0.48788927335640137,0.18000270480215988,4
nist,pv_first,warmup,persistence,1,289,0.07871104682647523,0.12218411917669131,0.4602076124567474,0.7612456747404844,0.8027681660899654,0.3288017762910373,4
nist,pv_first,warmup,persistence,2,289,0.09961755148874996,0.1761901158472907,0.48788927335640137,0.7197231833910035,0.8062283737024222,0.4951165955430173,4
nist,pv_first,warmup,persistence,3,289,0.11350550517314646,0.2153765665417822,0.45674740484429066,0.7197231833910035,0.8096885813148789,0.5451220355062202,4
nist,pv_first,warmup,persistence,4,289,0.12267634068436475,0.23882994428132626,0.4429065743944637,0.6851211072664359,0.8096885813148789,0.5584367047775237,4
nist,pv_first,warmup,quantile_compact,1,289,0.04125352775222438,0.0697298083780288,0.4290657439446367,0.7681660899653979,0.8650519031141869,0.35579202795582054,4
nist,pv_first,warmup,quantile_compact,2,289,0.05606182091357791,0.09527461918068339,0.4290657439446367,0.6747404844290658,0.8546712802768166,0.423679856606079,4
nist,pv_first,warmup,quantile_compact,3,289,0.06597774627474608,0.11380370352751239,0.4290657439446367,0.726643598615917,0.8650519031141869,0.46384293325845577,4
nist,pv_first,warmup,quantile_compact,4,289,0.07279528285083427,0.1370024641583426,0.4359861591695502,0.6678200692041523,0.8442906574394463,0.4729907708733056,4
nist,pv_first,warmup,quantile_flexible,1,289,0.039976066176742174,0.06929098437043642,0.370242214532872,0.7058823529411765,0.8131487889273357,0.2576493650651452,4
nist,pv_first,warmup,quantile_flexible,2,289,0.05480385406329114,0.09434630352013862,0.370242214532872,0.6089965397923875,0.7854671280276817,0.34070173942272236,4
nist,pv_first,warmup,quantile_flexible,3,289,0.06501505779625903,0.11434414281839243,0.35294117647058826,0.6089965397923875,0.8027681660899654,0.43034084382884225,4
nist,pv_first,warmup,quantile_flexible,4,289,0.07464546345449824,0.13528872733698355,0.36678200692041524,0.5916955017301038,0.7474048442906575,0.4224713614191349,4
nist,pv_first,warmup,single_imputation_compact,1,289,0.049678002697904323,0.07026181069197741,0.5813148788927336,0.7335640138408305,0.8062283737024222,0.19012450258784888,4
nist,pv_first,warmup,single_imputation_compact,2,289,0.06243153898678087,0.09440090773825834,0.5086505190311419,0.6851211072664359,0.7681660899653979,0.24160600623965223,4
nist,pv_first,warmup,single_imputation_compact,3,289,0.07506426215848813,0.11600966052421642,0.42214532871972316,0.629757785467128,0.7335640138408305,0.27463036583753925,4
nist,pv_first,warmup,single_imputation_compact,4,289,0.08773963310156599,0.13497853639705304,0.3806228373702422,0.5813148788927336,0.7024221453287197,0.2994413835040386,4
nist,pv_first,warmup,single_imputation_flexible,1,289,0.052849771966637024,0.06936176517974259,0.43944636678200694,0.629757785467128,0.6782006920415224,0.11871742420318034,4
nist,pv_first,warmup,single_imputation_flexible,2,289,0.07129997218992622,0.0957853942740419,0.31833910034602075,0.48788927335640137,0.5813148788927336,0.14530592853422913,4
nist,pv_first,warmup,single_imputation_flexible,3,289,0.09042609781790933,0.119812300590828,0.30103806228373703,0.42560553633217996,0.4982698961937716,0.16127353950878637,4
nist,pv_first,warmup,single_imputation_flexible,4,289,0.10627392109470743,0.13848728369747434,0.2422145328719723,0.4083044982698962,0.47750865051903113,0.1698952594423538,4
