phase,event_id,difference,contrast,site
outage,26,-0.026574077534700362,MI_minus_SI_compact,nist
outage,27,0.0002484161827115364,MI_minus_SI_compact,nist
outage,28,-0.012684218504533221,MI_minus_SI_compact,nist
outage,29,-0.004487445589175783,MI_minus_SI_compact,nist
outage,30,-0.003393487640182862,MI_minus_SI_compact,nist
outage,31,-0.030102078531778965,MI_minus_SI_compact,nist
outage,32,0.018899031321813718,MI_minus_SI_compact,nist
outage,33,-0.011402729132745168,MI_minus_SI_compact,nist
outage,34,0.00613373638820537,MI_minus_SI_compact,nist
outage,35,0.012805519461405623,MI_minus_SI_compact,nist
outage,36,0.004111840457370039,MI_minus_SI_compact,nist
outage,37,-0.05923444317532228,MI_minus_SI_compact,nist
outage,38,-0.0489609756502744,MI_minus_SI_compact,nist
outage,39,-0.011664454331039522,MI_minus_SI_compact,nist
outage,40,0.00620483748469303,MI_minus_SI_compact,nist
outage,42,-0.015946238022989247,MI_minus_SI_compact,nist
outage,43,0.00962226705018721,MI_minus_SI_compact,nist
outage,44,-0.021596625929162058,MI_minus_SI_compact,nist
outage,45,0.006177797465113063,MI_minus_SI_compact,nist
outage,46,-0.05781545618049013,MI_minus_SI_compact,nist
outage,47,0.004729588508088387,MI_minus_SI_compact,nist
outage,48,0.009223150283931635,MI_minus_SI_compact,nist
outage,49,-0.017285597684623805,MI_minus_SI_compact,nist
outage,50,0.0040516738088003865,MI_minus_SI_compact,nist
outage,51,-0.005278612572549693,MI_minus_SI_compact,nist
partial_restoration,26,-0.0007889256398193501,MI_minus_SI_compact,nist
partial_restoration,27,0.004061223725935485,MI_minus_SI_compact,nist
partial_restoration,28,-0.003459684258349154,MI_minus_SI_compact,nist
partial_restoration,29,-0.0004660613111554023,MI_minus_SI_compact,nist
partial_restoration,30,0.005579752778996801,MI_minus_SI_compact,nist
partial_restoration,31,0.001740084190734761,MI_minus_SI_compact,nist
partial_restoration,32,0.008763246898804228,MI_minus_SI_compact,nist
partial_restoration,33,-0.0010245458839361033,MI_minus_SI_compact,nist
partial_restoration,34,-0.002419794616621004,MI_minus_SI_compact,nist
partial_restoration,35,0.0012100517904661688,MI_minus_SI_compact,nist
partial_restoration,36,-0.004316937159143728,MI_minus_SI_compact,nist
partial_restoration,37,-0.0012385758479086528,MI_minus_SI_compact,nist
partial_restoration,38,-0.0011892783809259262,MI_minus_SI_compact,nist
partial_restoration,39,-0.008762410240720917,MI_minus_SI_compact,nist
partial_restoration,40,-0.013570902238152884,MI_minus_SI_compact,nist
partial_restoration,42,-0.0060008844134180304,MI_minus_SI_compact,nist
partial_restoration,43,0.004735214214857105,MI_minus_SI_compact,nist
partial_restoration,44,0.00582379782498661,MI_minus_SI_compact,nist
partial_restoration,45,0.005444973870863579,MI_minus_SI_compact,nist
partial_restoration,46,-0.00374633290365002,MI_minus_SI_compact,nist
partial_restoration,47,0.001194441160606623,MI_minus_SI_compact,nist
partial_restoration,48,0.00013975017078382627,MI_minus_SI_compact,nist
partial_restoration,49,0.0006763063524644359,MI_minus_SI_compact,nist
partial_restoration,50,-0.003361512873636876,MI_minus_SI_compact,nist
partial_restoration,51,-8.72864494275645e-05,MI_minus_SI_compact,nist
recovery_0_6,26,6.621710606933643e-05,MI_minus_SI_compact,nist
recovery_0_6,27,-0.00018274938244774414,MI_minus_SI_compact,nist
recovery_0_6,28,-0.0003468596582051536,MI_minus_SI_compact,nist
recovery_0_6,29,-0.0002198117556861022,MI_minus_SI_compact,nist
recovery_0_6,30,-1.1564823173178713e-18,MI_minus_SI_compact,nist
recovery_0_6,31,0.0006527083292261539,MI_minus_SI_compact,nist
recovery_0_6,32,0.001735069485396005,MI_minus_SI_compact,nist
recovery_0_6,33,-6.291359962314463e-05,MI_minus_SI_compact,nist
recovery_0_6,34,0.0017843841311795464,MI_minus_SI_compact,nist
recovery_0_6,35,0.0009882709887305964,MI_minus_SI_compact,nist
recovery_0_6,36,-0.0017846027785092722,MI_minus_SI_compact,nist
recovery_0_6,37,0.0005407551669735135,MI_minus_SI_compact,nist
recovery_0_6,38,-3.711265617887345e-05,MI_minus_SI_compact,nist
recovery_0_6,39,-0.0004550438256918689,MI_minus_SI_compact,nist
recovery_0_6,40,-0.0004059449553202037,MI_minus_SI_compact,nist
recovery_0_6,41,0.0025854196011498545,MI_minus_SI_compact,nist
recovery_0_6,42,0.0005385049966738757,MI_minus_SI_compact,nist
recovery_0_6,43,0.00040017400869938414,MI_minus_SI_compact,nist
recovery_0_6,44,3.982854043348297e-05,MI_minus_SI_compact,nist
recovery_0_6,45,0.004986643879103295,MI_minus_SI_compact,nist
recovery_0_6,46,0.0005308813303340766,MI_minus_SI_compact,nist
recovery_0_6,47,-2.462558309006859e-05,MI_minus_SI_compact,nist
recovery_0_6,48,0.0004914769700904751,MI_minus_SI_compact,nist
recovery_0_6,49,-0.0005285796498597793,MI_minus_SI_compact,nist
recovery_0_6,50,-0.0035414312166383993,MI_minus_SI_compact,nist
recovery_6_24,26,0.00011575920313063012,MI_minus_SI_compact,nist
recovery_6_24,27,-0.0002242074967142473,MI_minus_SI_compact,nist
recovery_6_24,28,0.000148074624622618,MI_minus_SI_compact,nist
recovery_6_24,29,-0.00024641574359944373,MI_minus_SI_compact,nist
recovery_6_24,30,0.00023230857390666546,MI_minus_SI_compact,nist
recovery_6_24,31,-0.00208257198316214,MI_minus_SI_compact,nist
recovery_6_24,32,-0.00013734246004634668,MI_minus_SI_compact,nist
recovery_6_24,33,0.00438259521587001,MI_minus_SI_compact,nist
recovery_6_24,34,0.0010358575935762455,MI_minus_SI_compact,nist
recovery_6_24,35,0.0018547716016509674,MI_minus_SI_compact,nist
recovery_6_24,36,-9.89743070805735e-05,MI_minus_SI_compact,nist
recovery_6_24,37,0.002120728864854233,MI_minus_SI_compact,nist
recovery_6_24,38,0.0012933839710357992,MI_minus_SI_compact,nist
recovery_6_24,39,-2.395824230591532e-05,MI_minus_SI_compact,nist
recovery_6_24,40,-6.182439402276278e-05,MI_minus_SI_compact,nist
recovery_6_24,41,0.005504847919529698,MI_minus_SI_compact,nist
recovery_6_24,42,-0.00027975173470475354,MI_minus_SI_compact,nist
recovery_6_24,43,-6.937229915324826e-05,MI_minus_SI_compact,nist
recovery_6_24,44,0.0011550460895258657,MI_minus_SI_compact,nist
recovery_6_24,45,6.770324764135816e-05,MI_minus_SI_compact,nist
recovery_6_24,46,0.000505886698374619,MI_minus_SI_compact,nist
recovery_6_24,47,-0.0004953866347457107,MI_minus_SI_compact,nist
recovery_6_24,48,-0.00048335849759059435,MI_minus_SI_compact,nist
recovery_6_24,49,-5.57967402282538e-05,MI_minus_SI_compact,nist
recovery_6_24,50,0.000390144339872638,MI_minus_SI_compact,nist
recovery_6_24,51,-0.000527397959651651,MI_minus_SI_compact,nist
outage,26,-0.037977495552975075,MI_minus_SI_flexible,nist
outage,27,-0.009305889177504849,MI_minus_SI_flexible,nist
outage,28,-0.025278122734475723,MI_minus_SI_flexible,nist
outage,29,-0.009791003640779714,MI_minus_SI_flexible,nist
outage,30,-0.02012287414857782,MI_minus_SI_flexible,nist
outage,31,-0.034996301183403515,MI_minus_SI_flexible,nist
outage,32,0.024798381583133893,MI_minus_SI_flexible,nist
outage,33,-0.013308364710624557,MI_minus_SI_flexible,nist
outage,34,0.0046173251911743145,MI_minus_SI_flexible,nist
outage,35,0.0124570492827475,MI_minus_SI_flexible,nist
outage,36,0.00517025858849182,MI_minus_SI_flexible,nist
outage,37,-0.07983159262353075,MI_minus_SI_flexible,nist
outage,38,-0.05626625908202319,MI_minus_SI_flexible,nist
outage,39,-0.02359024031550999,MI_minus_SI_flexible,nist
outage,40,-6.589772245894055e-06,MI_minus_SI_flexible,nist
outage,42,-0.026113967158767726,MI_minus_SI_flexible,nist
outage,43,-0.005544751186097559,MI_minus_SI_flexible,nist
outage,44,-0.02479272575315441,MI_minus_SI_flexible,nist
outage,45,-0.006112123733434369,MI_minus_SI_flexible,nist
outage,46,-0.05856360097272027,MI_minus_SI_flexible,nist
outage,47,0.0009723130825152644,MI_minus_SI_flexible,nist
outage,48,0.006396924221533373,MI_minus_SI_flexible,nist
outage,49,-0.03325708619154734,MI_minus_SI_flexible,nist
outage,50,0.003496021417732531,MI_minus_SI_flexible,nist
outage,51,-0.012140419228303828,MI_minus_SI_flexible,nist
partial_restoration,26,-0.003454941933680512,MI_minus_SI_flexible,nist
partial_restoration,27,0.0035941760332371736,MI_minus_SI_flexible,nist
partial_restoration,28,-0.007670858178742865,MI_minus_SI_flexible,nist
partial_restoration,29,-0.00213143675884495,MI_minus_SI_flexible,nist
partial_restoration,30,0.0018886981307674603,MI_minus_SI_flexible,nist
partial_restoration,31,0.0016155469062438218,MI_minus_SI_flexible,nist
partial_restoration,32,0.006161111880125742,MI_minus_SI_flexible,nist
partial_restoration,33,-0.004977147930503678,MI_minus_SI_flexible,nist
partial_restoration,34,-0.0049226169472706615,MI_minus_SI_flexible,nist
partial_restoration,35,0.00015915681340859358,MI_minus_SI_flexible,nist
partial_restoration,36,-0.01261536316284652,MI_minus_SI_flexible,nist
partial_restoration,37,-0.003944239589697311,MI_minus_SI_flexible,nist
partial_restoration,38,-0.005843273067963359,MI_minus_SI_flexible,nist
partial_restoration,39,-0.014110366558096783,MI_minus_SI_flexible,nist
partial_restoration,40,-0.018370079390375365,MI_minus_SI_flexible,nist
partial_restoration,42,-0.0169479932825404,MI_minus_SI_flexible,nist
partial_restoration,43,-0.0006697014318598896,MI_minus_SI_flexible,nist
partial_restoration,44,0.0021165499961606905,MI_minus_SI_flexible,nist
partial_restoration,45,0.007693563829186263,MI_minus_SI_flexible,nist
partial_restoration,46,-0.011330848066772987,MI_minus_SI_flexible,nist
partial_restoration,47,0.0013655262024116586,MI_minus_SI_flexible,nist
partial_restoration,48,0.002567512841055129,MI_minus_SI_flexible,nist
partial_restoration,49,0.002647325300764088,MI_minus_SI_flexible,nist
partial_restoration,50,-0.008180955040277313,MI_minus_SI_flexible,nist
partial_restoration,51,0.00012066444528996948,MI_minus_SI_flexible,nist
recovery_0_6,26,-0.0004774132885461564,MI_minus_SI_flexible,nist
recovery_0_6,27,-0.0007060525058870347,MI_minus_SI_flexible,nist
recovery_0_6,28,-0.00125087129573305,MI_minus_SI_flexible,nist
recovery_0_6,29,-0.000739716094681315,MI_minus_SI_flexible,nist
recovery_0_6,30,0.0,MI_minus_SI_flexible,nist
recovery_0_6,31,0.0007203622970163192,MI_minus_SI_flexible,nist
recovery_0_6,32,0.0013335380223362266,MI_minus_SI_flexible,nist
recovery_0_6,33,-0.0007562823337105649,MI_minus_SI_flexible,nist
recovery_0_6,34,6.484731211201355e-05,MI_minus_SI_flexible,nist
recovery_0_6,35,-0.0007531065361756601,MI_minus_SI_flexible,nist
recovery_0_6,36,-0.0025803352204405473,MI_minus_SI_flexible,nist
recovery_0_6,37,0.0008156495563052309,MI_minus_SI_flexible,nist
recovery_0_6,38,0.0003144731339827696,MI_minus_SI_flexible,nist
recovery_0_6,39,-0.0022824973834880496,MI_minus_SI_flexible,nist
recovery_0_6,40,-0.0005444445128182968,MI_minus_SI_flexible,nist
recovery_0_6,41,0.01150928484282134,MI_minus_SI_flexible,nist
recovery_0_6,42,-0.0005991959230627492,MI_minus_SI_flexible,nist
recovery_0_6,43,0.00014940796659107235,MI_minus_SI_flexible,nist
recovery_0_6,44,-0.00045432681770637637,MI_minus_SI_flexible,nist
recovery_0_6,45,0.005747850451645793,MI_minus_SI_flexible,nist
recovery_0_6,46,0.0003963819190002927,MI_minus_SI_flexible,nist
recovery_0_6,47,-0.00015515425560991272,MI_minus_SI_flexible,nist
recovery_0_6,48,0.0009028386229805437,MI_minus_SI_flexible,nist
recovery_0_6,49,-0.0008098713737471373,MI_minus_SI_flexible,nist
recovery_0_6,50,-0.008030949163207261,MI_minus_SI_flexible,nist
recovery_6_24,26,0.00010218017136116037,MI_minus_SI_flexible,nist
recovery_6_24,27,-0.0010250407718933518,MI_minus_SI_flexible,nist
recovery_6_24,28,0.000391753693943174,MI_minus_SI_flexible,nist
recovery_6_24,29,-0.0011561758256728272,MI_minus_SI_flexible,nist
recovery_6_24,30,0.0002673659000130546,MI_minus_SI_flexible,nist
recovery_6_24,31,-0.0019637556371647305,MI_minus_SI_flexible,nist
recovery_6_24,32,-0.00010898159272207364,MI_minus_SI_flexible,nist
recovery_6_24,33,0.005049133025918498,MI_minus_SI_flexible,nist
recovery_6_24,34,0.0004379952072675524,MI_minus_SI_flexible,nist
recovery_6_24,35,0.0026312037017310825,MI_minus_SI_flexible,nist
recovery_6_24,36,-0.00022933912452285325,MI_minus_SI_flexible,nist
recovery_6_24,37,0.001888573562719054,MI_minus_SI_flexible,nist
recovery_6_24,38,0.001244111106800763,MI_minus_SI_flexible,nist
recovery_6_24,39,0.0006723895062813222,MI_minus_SI_flexible,nist
recovery_6_24,40,-0.00030963777502253197,MI_minus_SI_flexible,nist
recovery_6_24,41,0.005668942338661554,MI_minus_SI_flexible,nist
recovery_6_24,42,-0.0008373309936874111,MI_minus_SI_flexible,nist
recovery_6_24,43,-8.710341319525976e-05,MI_minus_SI_flexible,nist
recovery_6_24,44,0.00017572454218273294,MI_minus_SI_flexible,nist
recovery_6_24,45,-0.000494393942820144,MI_minus_SI_flexible,nist
recovery_6_24,46,-0.0006997862007093301,MI_minus_SI_flexible,nist
recovery_6_24,47,-0.000499987472502274,MI_minus_SI_flexible,nist
recovery_6_24,48,-0.0007182628425398929,MI_minus_SI_flexible,nist
recovery_6_24,49,-0.00024005191349869183,MI_minus_SI_flexible,nist
recovery_6_24,50,-0.00031344668947934026,MI_minus_SI_flexible,nist
recovery_6_24,51,-0.0015155947686890027,MI_minus_SI_flexible,nist
outage,26,0.0,joint_gradual_minus_immediate__quantile_flexible,nist
outage,27,0.0,joint_gradual_minus_immediate__quantile_flexible,nist
outage,28,0.0,joint_gradual_minus_immediate__quantile_flexible,nist
outage,29,0.0,joint_gradual_minus_immediate__quantile_flexible,nist
outage,30,0.0,joint_gradual_minus_immediate__quantile_flexible,nist
outage,31,0.0,joint_gradual_minus_immediate__quantile_flexible,nist
outage,32,0.0,joint_gradual_minus_immediate__quantile_flexible,nist
outage,33,0.0,joint_gradual_minus_immediate__quantile_flexible,nist
outage,34,0.0,joint_gradual_minus_immediate__quantile_flexible,nist
outage,35,0.0,joint_gradual_minus_immediate__quantile_flexible,nist
outage,36,0.0,joint_gradual_minus_immediate__quantile_flexible,nist
outage,37,0.0,joint_gradual_minus_immediate__quantile_flexible,nist
outage,38,0.0,joint_gradual_minus_immediate__quantile_flexible,nist
outage,39,0.0,joint_gradual_minus_immediate__quantile_flexible,nist
outage,40,0.0,joint_gradual_minus_immediate__quantile_flexible,nist
outage,42,0.0,joint_gradual_minus_immediate__quantile_flexible,nist
outage,43,0.0,joint_gradual_minus_immediate__quantile_flexible,nist
outage,44,0.0,joint_gradual_minus_immediate__quantile_flexible,nist
outage,45,0.0,joint_gradual_minus_immediate__quantile_flexible,nist
outage,46,0.0,joint_gradual_minus_immediate__quantile_flexible,nist
outage,47,0.0,joint_gradual_minus_immediate__quantile_flexible,nist
outage,48,0.0,joint_gradual_minus_immediate__quantile_flexible,nist
outage,49,0.0,joint_gradual_minus_immediate__quantile_flexible,nist
outage,50,0.0,joint_gradual_minus_immediate__quantile_flexible,nist
outage,51,0.0,joint_gradual_minus_immediate__quantile_flexible,nist
recovery_0_6,26,0.0075759483445932176,joint_gradual_minus_immediate__quantile_flexible,nist
recovery_0_6,27,2.679600339606694e-05,joint_gradual_minus_immediate__quantile_flexible,nist
recovery_0_6,28,0.002553459837080508,joint_gradual_minus_immediate__quantile_flexible,nist
recovery_0_6,29,-0.0010083772277742643,joint_gradual_minus_immediate__quantile_flexible,nist
recovery_0_6,31,-1.2831354665449957e-05,joint_gradual_minus_immediate__quantile_flexible,nist
recovery_0_6,32,-0.0004493707248170543,joint_gradual_minus_immediate__quantile_flexible,nist
recovery_0_6,34,0.0010887687420319892,joint_gradual_minus_immediate__quantile_flexible,nist
recovery_0_6,35,9.590408327573696e-06,joint_gradual_minus_immediate__quantile_flexible,nist
recovery_0_6,36,0.012858120371959195,joint_gradual_minus_immediate__quantile_flexible,nist
recovery_0_6,37,-0.002484850643164509,joint_gradual_minus_immediate__quantile_flexible,nist
recovery_0_6,38,0.0,joint_gradual_minus_immediate__quantile_flexible,nist
recovery_0_6,39,0.002734351162313903,joint_gradual_minus_immediate__quantile_flexible,nist
recovery_0_6,40,0.0064217894385649775,joint_gradual_minus_immediate__quantile_flexible,nist
recovery_0_6,41,0.0,joint_gradual_minus_immediate__quantile_flexible,nist
recovery_0_6,42,-0.0060895984236628235,joint_gradual_minus_immediate__quantile_flexible,nist
recovery_0_6,43,0.0,joint_gradual_minus_immediate__quantile_flexible,nist
recovery_0_6,44,0.0,joint_gradual_minus_immediate__quantile_flexible,nist
recovery_0_6,45,-0.013361790197829852,joint_gradual_minus_immediate__quantile_flexible,nist
recovery_0_6,46,0.003771224364192572,joint_gradual_minus_immediate__quantile_flexible,nist
recovery_0_6,47,-0.0016259488694875422,joint_gradual_minus_immediate__quantile_flexible,nist
recovery_0_6,48,-0.0011561204020613483,joint_gradual_minus_immediate__quantile_flexible,nist
recovery_0_6,49,-0.00044072425686972084,joint_gradual_minus_immediate__quantile_flexible,nist
recovery_0_6,50,0.0051226254465097905,joint_gradual_minus_immediate__quantile_flexible,nist
recovery_6_24,26,0.0,joint_gradual_minus_immediate__quantile_flexible,nist
recovery_6_24,27,0.0,joint_gradual_minus_immediate__quantile_flexible,nist
recovery_6_24,28,0.0,joint_gradual_minus_immediate__quantile_flexible,nist
recovery_6_24,29,0.0,joint_gradual_minus_immediate__quantile_flexible,nist
recovery_6_24,30,0.0,joint_gradual_minus_immediate__quantile_flexible,nist
recovery_6_24,31,0.0,joint_gradual_minus_immediate__quantile_flexible,nist
recovery_6_24,32,0.0,joint_gradual_minus_immediate__quantile_flexible,nist
recovery_6_24,33,0.0,joint_gradual_minus_immediate__quantile_flexible,nist
recovery_6_24,34,0.0,joint_gradual_minus_immediate__quantile_flexible,nist
recovery_6_24,35,0.0,joint_gradual_minus_immediate__quantile_flexible,nist
recovery_6_24,36,0.0,joint_gradual_minus_immediate__quantile_flexible,nist
recovery_6_24,37,0.0,joint_gradual_minus_immediate__quantile_flexible,nist
recovery_6_24,38,0.0,joint_gradual_minus_immediate__quantile_flexible,nist
recovery_6_24,39,0.0,joint_gradual_minus_immediate__quantile_flexible,nist
recovery_6_24,40,0.0,joint_gradual_minus_immediate__quantile_flexible,nist
recovery_6_24,41,0.0,joint_gradual_minus_immediate__quantile_flexible,nist
recovery_6_24,42,0.0,joint_gradual_minus_immediate__quantile_flexible,nist
recovery_6_24,43,0.0,joint_gradual_minus_immediate__quantile_flexible,nist
recovery_6_24,44,0.0,joint_gradual_minus_immediate__quantile_flexible,nist
recovery_6_24,45,0.0,joint_gradual_minus_immediate__quantile_flexible,nist
recovery_6_24,46,0.0,joint_gradual_minus_immediate__quantile_flexible,nist
recovery_6_24,47,0.0,joint_gradual_minus_immediate__quantile_flexible,nist
recovery_6_24,48,0.0,joint_gradual_minus_immediate__quantile_flexible,nist
recovery_6_24,49,0.0,joint_gradual_minus_immediate__quantile_flexible,nist
recovery_6_24,50,0.0,joint_gradual_minus_immediate__quantile_flexible,nist
recovery_6_24,51,0.0,joint_gradual_minus_immediate__quantile_flexible,nist
outage,26,0.0,joint_none_minus_immediate__quantile_flexible,nist
outage,27,0.0,joint_none_minus_immediate__quantile_flexible,nist
outage,28,0.0,joint_none_minus_immediate__quantile_flexible,nist
outage,29,0.0,joint_none_minus_immediate__quantile_flexible,nist
outage,30,0.0,joint_none_minus_immediate__quantile_flexible,nist
outage,31,0.0,joint_none_minus_immediate__quantile_flexible,nist
outage,32,0.0,joint_none_minus_immediate__quantile_flexible,nist
outage,33,0.0,joint_none_minus_immediate__quantile_flexible,nist
outage,34,0.0,joint_none_minus_immediate__quantile_flexible,nist
outage,35,0.0,joint_none_minus_immediate__quantile_flexible,nist
outage,36,0.0,joint_none_minus_immediate__quantile_flexible,nist
outage,37,0.0,joint_none_minus_immediate__quantile_flexible,nist
outage,38,0.0,joint_none_minus_immediate__quantile_flexible,nist
outage,39,0.0,joint_none_minus_immediate__quantile_flexible,nist
outage,40,0.0,joint_none_minus_immediate__quantile_flexible,nist
outage,42,0.0,joint_none_minus_immediate__quantile_flexible,nist
outage,43,0.0,joint_none_minus_immediate__quantile_flexible,nist
outage,44,0.0,joint_none_minus_immediate__quantile_flexible,nist
outage,45,0.0,joint_none_minus_immediate__quantile_flexible,nist
outage,46,0.0,joint_none_minus_immediate__quantile_flexible,nist
outage,47,0.0,joint_none_minus_immediate__quantile_flexible,nist
outage,48,0.0,joint_none_minus_immediate__quantile_flexible,nist
outage,49,0.0,joint_none_minus_immediate__quantile_flexible,nist
outage,50,0.0,joint_none_minus_immediate__quantile_flexible,nist
outage,51,0.0,joint_none_minus_immediate__quantile_flexible,nist
recovery_0_6,26,0.00808070328200653,joint_none_minus_immediate__quantile_flexible,nist
recovery_0_6,27,0.014800895761858215,joint_none_minus_immediate__quantile_flexible,nist
recovery_0_6,28,0.0026338383750494844,joint_none_minus_immediate__quantile_flexible,nist
recovery_0_6,29,-0.0008540490046949834,joint_none_minus_immediate__quantile_flexible,nist
recovery_0_6,31,-0.003468084696538662,joint_none_minus_immediate__quantile_flexible,nist
recovery_0_6,32,-0.003097630059338197,joint_none_minus_immediate__quantile_flexible,nist
recovery_0_6,34,0.04538039518748743,joint_none_minus_immediate__quantile_flexible,nist
recovery_0_6,35,0.053191938851391306,joint_none_minus_immediate__quantile_flexible,nist
recovery_0_6,36,0.022929666045247012,joint_none_minus_immediate__quantile_flexible,nist
recovery_0_6,37,-0.0032079713681972535,joint_none_minus_immediate__quantile_flexible,nist
recovery_0_6,38,-0.002266715403962118,joint_none_minus_immediate__quantile_flexible,nist
recovery_0_6,39,0.006762960485869036,joint_none_minus_immediate__quantile_flexible,nist
recovery_0_6,40,0.007829310311595514,joint_none_minus_immediate__quantile_flexible,nist
recovery_0_6,41,0.0,joint_none_minus_immediate__quantile_flexible,nist
recovery_0_6,42,-0.002242318403898515,joint_none_minus_immediate__quantile_flexible,nist
recovery_0_6,43,-0.008692509779211492,joint_none_minus_immediate__quantile_flexible,nist
recovery_0_6,44,0.018619996973528494,joint_none_minus_immediate__quantile_flexible,nist
recovery_0_6,45,-0.01730853911174331,joint_none_minus_immediate__quantile_flexible,nist
recovery_0_6,46,0.003693967422102004,joint_none_minus_immediate__quantile_flexible,nist
recovery_0_6,47,-0.010662703909728755,joint_none_minus_immediate__quantile_flexible,nist
recovery_0_6,48,-0.01451721848643591,joint_none_minus_immediate__quantile_flexible,nist
recovery_0_6,49,0.008869118332427579,joint_none_minus_immediate__quantile_flexible,nist
recovery_0_6,50,0.0453032575214827,joint_none_minus_immediate__quantile_flexible,nist
recovery_6_24,26,0.006669094583406308,joint_none_minus_immediate__quantile_flexible,nist
recovery_6_24,27,0.009631948464906006,joint_none_minus_immediate__quantile_flexible,nist
recovery_6_24,28,0.010523392700997558,joint_none_minus_immediate__quantile_flexible,nist
recovery_6_24,29,0.010766955910626624,joint_none_minus_immediate__quantile_flexible,nist
recovery_6_24,30,0.02007387471401165,joint_none_minus_immediate__quantile_flexible,nist
recovery_6_24,31,-0.006636401713909456,joint_none_minus_immediate__quantile_flexible,nist
recovery_6_24,32,0.0031766936060238604,joint_none_minus_immediate__quantile_flexible,nist
recovery_6_24,33,0.036458607014722,joint_none_minus_immediate__quantile_flexible,nist
recovery_6_24,34,0.020980500361818106,joint_none_minus_immediate__quantile_flexible,nist
recovery_6_24,35,0.039221232985982575,joint_none_minus_immediate__quantile_flexible,nist
recovery_6_24,36,0.0026744158929944343,joint_none_minus_immediate__quantile_flexible,nist
recovery_6_24,37,-0.0021301215096196555,joint_none_minus_immediate__quantile_flexible,nist
recovery_6_24,38,0.0035189886510666847,joint_none_minus_immediate__quantile_flexible,nist
recovery_6_24,39,0.008149615909529407,joint_none_minus_immediate__quantile_flexible,nist
recovery_6_24,40,0.01462876738161294,joint_none_minus_immediate__quantile_flexible,nist
recovery_6_24,41,0.0,joint_none_minus_immediate__quantile_flexible,nist
recovery_6_24,42,0.012463787223969226,joint_none_minus_immediate__quantile_flexible,nist
recovery_6_24,43,-0.0023999440566948057,joint_none_minus_immediate__quantile_flexible,nist
recovery_6_24,44,0.038973576675870675,joint_none_minus_immediate__quantile_flexible,nist
recovery_6_24,45,0.00420006217706289,joint_none_minus_immediate__quantile_flexible,nist
recovery_6_24,46,0.016385432965268475,joint_none_minus_immediate__quantile_flexible,nist
recovery_6_24,47,0.0022367938289571403,joint_none_minus_immediate__quantile_flexible,nist
recovery_6_24,48,0.003100026150331886,joint_none_minus_immediate__quantile_flexible,nist
recovery_6_24,49,0.0005136326146942413,joint_none_minus_immediate__quantile_flexible,nist
recovery_6_24,50,0.017833514493746726,joint_none_minus_immediate__quantile_flexible,nist
recovery_6_24,51,0.002409467733346608,joint_none_minus_immediate__quantile_flexible,nist
outage,26,0.0,joint_gradual_minus_immediate__single_imputation_compact,nist
outage,27,0.0,joint_gradual_minus_immediate__single_imputation_compact,nist
outage,28,0.0,joint_gradual_minus_immediate__single_imputation_compact,nist
outage,29,0.0,joint_gradual_minus_immediate__single_imputation_compact,nist
outage,30,0.0,joint_gradual_minus_immediate__single_imputation_compact,nist
outage,31,0.0,joint_gradual_minus_immediate__single_imputation_compact,nist
outage,32,0.0,joint_gradual_minus_immediate__single_imputation_compact,nist
outage,33,0.0,joint_gradual_minus_immediate__single_imputation_compact,nist
outage,34,0.0,joint_gradual_minus_immediate__single_imputation_compact,nist
outage,35,0.0,joint_gradual_minus_immediate__single_imputation_compact,nist
outage,36,0.0,joint_gradual_minus_immediate__single_imputation_compact,nist
outage,37,0.0,joint_gradual_minus_immediate__single_imputation_compact,nist
outage,38,0.0,joint_gradual_minus_immediate__single_imputation_compact,nist
outage,39,0.0,joint_gradual_minus_immediate__single_imputation_compact,nist
outage,40,0.0,joint_gradual_minus_immediate__single_imputation_compact,nist
outage,42,0.0,joint_gradual_minus_immediate__single_imputation_compact,nist
outage,43,0.0,joint_gradual_minus_immediate__single_imputation_compact,nist
outage,44,0.0,joint_gradual_minus_immediate__single_imputation_compact,nist
outage,45,0.0,joint_gradual_minus_immediate__single_imputation_compact,nist
outage,46,0.0,joint_gradual_minus_immediate__single_imputation_compact,nist
outage,47,0.0,joint_gradual_minus_immediate__single_imputation_compact,nist
outage,48,0.0,joint_gradual_minus_immediate__single_imputation_compact,nist
outage,49,0.0,joint_gradual_minus_immediate__single_imputation_compact,nist
outage,50,0.0,joint_gradual_minus_immediate__single_imputation_compact,nist
outage,51,0.0,joint_gradual_minus_immediate__single_imputation_compact,nist
recovery_0_6,26,0.001940415877441293,joint_gradual_minus_immediate__single_imputation_compact,nist
recovery_0_6,27,1.4547644432297627e-05,joint_gradual_minus_immediate__single_imputation_compact,nist
recovery_0_6,28,0.0014818826982035311,joint_gradual_minus_immediate__single_imputation_compact,nist
recovery_0_6,29,2.1565729210465748e-05,joint_gradual_minus_immediate__single_imputation_compact,nist
recovery_0_6,31,-4.33425006484571e-05,joint_gradual_minus_immediate__single_imputation_compact,nist
recovery_0_6,32,-0.00553526575358372,joint_gradual_minus_immediate__single_imputation_compact,nist
recovery_0_6,34,0.003281118346148862,joint_gradual_minus_immediate__single_imputation_compact,nist
recovery_0_6,35,-0.00012444355340320498,joint_gradual_minus_immediate__single_imputation_compact,nist
recovery_0_6,36,-0.0030242799961066095,joint_gradual_minus_immediate__single_imputation_compact,nist
recovery_0_6,37,-0.002967345101457709,joint_gradual_minus_immediate__single_imputation_compact,nist
recovery_0_6,38,0.0,joint_gradual_minus_immediate__single_imputation_compact,nist
recovery_0_6,39,0.004086662200834989,joint_gradual_minus_immediate__single_imputation_compact,nist
recovery_0_6,40,0.003332363509869988,joint_gradual_minus_immediate__single_imputation_compact,nist
recovery_0_6,41,0.0,joint_gradual_minus_immediate__single_imputation_compact,nist
recovery_0_6,42,-0.00650717604270285,joint_gradual_minus_immediate__single_imputation_compact,nist
recovery_0_6,43,0.0,joint_gradual_minus_immediate__single_imputation_compact,nist
recovery_0_6,44,0.0,joint_gradual_minus_immediate__single_imputation_compact,nist
recovery_0_6,45,-0.0032319216668488062,joint_gradual_minus_immediate__single_imputation_compact,nist
recovery_0_6,46,0.0006276189677525433,joint_gradual_minus_immediate__single_imputation_compact,nist
recovery_0_6,47,-0.001194155877204027,joint_gradual_minus_immediate__single_imputation_compact,nist
recovery_0_6,48,-0.0023843782228097424,joint_gradual_minus_immediate__single_imputation_compact,nist
recovery_0_6,49,0.0003610299826730249,joint_gradual_minus_immediate__single_imputation_compact,nist
recovery_0_6,50,0.007028883982355579,joint_gradual_minus_immediate__single_imputation_compact,nist
recovery_6_24,26,0.0,joint_gradual_minus_immediate__single_imputation_compact,nist
recovery_6_24,27,0.0,joint_gradual_minus_immediate__single_imputation_compact,nist
recovery_6_24,28,0.0,joint_gradual_minus_immediate__single_imputation_compact,nist
recovery_6_24,29,0.0,joint_gradual_minus_immediate__single_imputation_compact,nist
recovery_6_24,30,0.0,joint_gradual_minus_immediate__single_imputation_compact,nist
recovery_6_24,31,0.0,joint_gradual_minus_immediate__single_imputation_compact,nist
recovery_6_24,32,0.0,joint_gradual_minus_immediate__single_imputation_compact,nist
recovery_6_24,33,0.0,joint_gradual_minus_immediate__single_imputation_compact,nist
recovery_6_24,34,0.0,joint_gradual_minus_immediate__single_imputation_compact,nist
recovery_6_24,35,0.0,joint_gradual_minus_immediate__single_imputation_compact,nist
recovery_6_24,36,0.0,joint_gradual_minus_immediate__single_imputation_compact,nist
recovery_6_24,37,0.0,joint_gradual_minus_immediate__single_imputation_compact,nist
recovery_6_24,38,0.0,joint_gradual_minus_immediate__single_imputation_compact,nist
recovery_6_24,39,0.0,joint_gradual_minus_immediate__single_imputation_compact,nist
recovery_6_24,40,0.0,joint_gradual_minus_immediate__single_imputation_compact,nist
recovery_6_24,41,0.0,joint_gradual_minus_immediate__single_imputation_compact,nist
recovery_6_24,42,0.0,joint_gradual_minus_immediate__single_imputation_compact,nist
recovery_6_24,43,0.0,joint_gradual_minus_immediate__single_imputation_compact,nist
recovery_6_24,44,0.0,joint_gradual_minus_immediate__single_imputation_compact,nist
recovery_6_24,45,0.0,joint_gradual_minus_immediate__single_imputation_compact,nist
recovery_6_24,46,0.0,joint_gradual_minus_immediate__single_imputation_compact,nist
recovery_6_24,47,0.0,joint_gradual_minus_immediate__single_imputation_compact,nist
recovery_6_24,48,0.0,joint_gradual_minus_immediate__single_imputation_compact,nist
recovery_6_24,49,0.0,joint_gradual_minus_immediate__single_imputation_compact,nist
recovery_6_24,50,0.0,joint_gradual_minus_immediate__single_imputation_compact,nist
recovery_6_24,51,0.0,joint_gradual_minus_immediate__single_imputation_compact,nist
outage,26,0.0,joint_none_minus_immediate__single_imputation_compact,nist
outage,27,0.0,joint_none_minus_immediate__single_imputation_compact,nist
outage,28,0.0,joint_none_minus_immediate__single_imputation_compact,nist
outage,29,0.0,joint_none_minus_immediate__single_imputation_compact,nist
outage,30,0.0,joint_none_minus_immediate__single_imputation_compact,nist
outage,31,0.0,joint_none_minus_immediate__single_imputation_compact,nist
outage,32,0.0,joint_none_minus_immediate__single_imputation_compact,nist
outage,33,0.0,joint_none_minus_immediate__single_imputation_compact,nist
outage,34,0.0,joint_none_minus_immediate__single_imputation_compact,nist
outage,35,0.0,joint_none_minus_immediate__single_imputation_compact,nist
outage,36,0.0,joint_none_minus_immediate__single_imputation_compact,nist
outage,37,0.0,joint_none_minus_immediate__single_imputation_compact,nist
outage,38,0.0,joint_none_minus_immediate__single_imputation_compact,nist
outage,39,0.0,joint_none_minus_immediate__single_imputation_compact,nist
outage,40,0.0,joint_none_minus_immediate__single_imputation_compact,nist
outage,42,0.0,joint_none_minus_immediate__single_imputation_compact,nist
outage,43,0.0,joint_none_minus_immediate__single_imputation_compact,nist
outage,44,0.0,joint_none_minus_immediate__single_imputation_compact,nist
outage,45,0.0,joint_none_minus_immediate__single_imputation_compact,nist
outage,46,0.0,joint_none_minus_immediate__single_imputation_compact,nist
outage,47,0.0,joint_none_minus_immediate__single_imputation_compact,nist
outage,48,0.0,joint_none_minus_immediate__single_imputation_compact,nist
outage,49,0.0,joint_none_minus_immediate__single_imputation_compact,nist
outage,50,0.0,joint_none_minus_immediate__single_imputation_compact,nist
outage,51,0.0,joint_none_minus_immediate__single_imputation_compact,nist
recovery_0_6,26,0.001768709746390759,joint_none_minus_immediate__single_imputation_compact,nist
recovery_0_6,27,0.00014068821987102336,joint_none_minus_immediate__single_imputation_compact,nist
recovery_0_6,28,0.001416166893094422,joint_none_minus_immediate__single_imputation_compact,nist
recovery_0_6,29,3.1675853073405424e-05,joint_none_minus_immediate__single_imputation_compact,nist
recovery_0_6,31,-0.00048030136722677745,joint_none_minus_immediate__single_imputation_compact,nist
recovery_0_6,32,-0.007486935193606431,joint_none_minus_immediate__single_imputation_compact,nist
recovery_0_6,34,0.013623620700836865,joint_none_minus_immediate__single_imputation_compact,nist
recovery_0_6,35,0.0011678134328871313,joint_none_minus_immediate__single_imputation_compact,nist
recovery_0_6,36,-0.01031861458206893,joint_none_minus_immediate__single_imputation_compact,nist
recovery_0_6,37,-0.003088298759615945,joint_none_minus_immediate__single_imputation_compact,nist
recovery_0_6,38,0.0017731078060056644,joint_none_minus_immediate__single_imputation_compact,nist
recovery_0_6,39,0.00521288810373894,joint_none_minus_immediate__single_imputation_compact,nist
recovery_0_6,40,0.0025160917506750345,joint_none_minus_immediate__single_imputation_compact,nist
recovery_0_6,41,0.0,joint_none_minus_immediate__single_imputation_compact,nist
recovery_0_6,42,-0.004770223953965106,joint_none_minus_immediate__single_imputation_compact,nist
recovery_0_6,43,-0.012721547430983486,joint_none_minus_immediate__single_imputation_compact,nist
recovery_0_6,44,-0.0010945835253717388,joint_none_minus_immediate__single_imputation_compact,nist
recovery_0_6,45,7.042248201973287e-05,joint_none_minus_immediate__single_imputation_compact,nist
recovery_0_6,46,0.0003670157701278085,joint_none_minus_immediate__single_imputation_compact,nist
recovery_0_6,47,-0.001680642639509951,joint_none_minus_immediate__single_imputation_compact,nist
recovery_0_6,48,-0.0032345172987787163,joint_none_minus_immediate__single_imputation_compact,nist
recovery_0_6,49,0.0026610030676139378,joint_none_minus_immediate__single_imputation_compact,nist
recovery_0_6,50,0.03086997195358857,joint_none_minus_immediate__single_imputation_compact,nist
recovery_6_24,26,0.005994064700763741,joint_none_minus_immediate__single_imputation_compact,nist
recovery_6_24,27,-0.0023484360077816874,joint_none_minus_immediate__single_imputation_compact,nist
recovery_6_24,28,-0.018450517421446173,joint_none_minus_immediate__single_imputation_compact,nist
recovery_6_24,29,0.0026387728473006747,joint_none_minus_immediate__single_imputation_compact,nist
recovery_6_24,30,-0.0011557807013362436,joint_none_minus_immediate__single_imputation_compact,nist
recovery_6_24,31,0.010967784924319178,joint_none_minus_immediate__single_imputation_compact,nist
recovery_6_24,32,0.000692966785034767,joint_none_minus_immediate__single_imputation_compact,nist
recovery_6_24,33,0.0019318196796468976,joint_none_minus_immediate__single_imputation_compact,nist
recovery_6_24,34,0.005737171168283866,joint_none_minus_immediate__single_imputation_compact,nist
recovery_6_24,35,-0.0009046013788421957,joint_none_minus_immediate__single_imputation_compact,nist
recovery_6_24,36,0.0006646511347979204,joint_none_minus_immediate__single_imputation_compact,nist
recovery_6_24,37,-0.004036185198226781,joint_none_minus_immediate__single_imputation_compact,nist
recovery_6_24,38,-0.015529352107243984,joint_none_minus_immediate__single_imputation_compact,nist
recovery_6_24,39,0.0038732175201457732,joint_none_minus_immediate__single_imputation_compact,nist
recovery_6_24,40,0.005631566666457428,joint_none_minus_immediate__single_imputation_compact,nist
recovery_6_24,41,0.0,joint_none_minus_immediate__single_imputation_compact,nist
recovery_6_24,42,0.004958503416608317,joint_none_minus_immediate__single_imputation_compact,nist
recovery_6_24,43,-0.0052371935387013685,joint_none_minus_immediate__single_imputation_compact,nist
recovery_6_24,44,0.01427420565111424,joint_none_minus_immediate__single_imputation_compact,nist
recovery_6_24,45,-0.0031107614861326724,joint_none_minus_immediate__single_imputation_compact,nist
recovery_6_24,46,0.010515572013496236,joint_none_minus_immediate__single_imputation_compact,nist
recovery_6_24,47,0.0018853411894472014,joint_none_minus_immediate__single_imputation_compact,nist
recovery_6_24,48,0.0015341012884182424,joint_none_minus_immediate__single_imputation_compact,nist
recovery_6_24,49,5.4298883143462576e-05,joint_none_minus_immediate__single_imputation_compact,nist
recovery_6_24,50,0.004135586218390713,joint_none_minus_immediate__single_imputation_compact,nist
recovery_6_24,51,0.005081790249753071,joint_none_minus_immediate__single_imputation_compact,nist
outage,26,0.0,joint_gradual_minus_immediate__multiple_imputation_compact,nist
outage,27,0.0,joint_gradual_minus_immediate__multiple_imputation_compact,nist
outage,28,0.0,joint_gradual_minus_immediate__multiple_imputation_compact,nist
outage,29,0.0,joint_gradual_minus_immediate__multiple_imputation_compact,nist
outage,30,0.0,joint_gradual_minus_immediate__multiple_imputation_compact,nist
outage,31,0.0,joint_gradual_minus_immediate__multiple_imputation_compact,nist
outage,32,0.0,joint_gradual_minus_immediate__multiple_imputation_compact,nist
outage,33,0.0,joint_gradual_minus_immediate__multiple_imputation_compact,nist
outage,34,0.0,joint_gradual_minus_immediate__multiple_imputation_compact,nist
outage,35,0.0,joint_gradual_minus_immediate__multiple_imputation_compact,nist
outage,36,0.0,joint_gradual_minus_immediate__multiple_imputation_compact,nist
outage,37,0.0,joint_gradual_minus_immediate__multiple_imputation_compact,nist
outage,38,0.0,joint_gradual_minus_immediate__multiple_imputation_compact,nist
outage,39,0.0,joint_gradual_minus_immediate__multiple_imputation_compact,nist
outage,40,0.0,joint_gradual_minus_immediate__multiple_imputation_compact,nist
outage,42,0.0,joint_gradual_minus_immediate__multiple_imputation_compact,nist
outage,43,0.0,joint_gradual_minus_immediate__multiple_imputation_compact,nist
outage,44,0.0,joint_gradual_minus_immediate__multiple_imputation_compact,nist
outage,45,0.0,joint_gradual_minus_immediate__multiple_imputation_compact,nist
outage,46,0.0,joint_gradual_minus_immediate__multiple_imputation_compact,nist
outage,47,0.0,joint_gradual_minus_immediate__multiple_imputation_compact,nist
outage,48,0.0,joint_gradual_minus_immediate__multiple_imputation_compact,nist
outage,49,0.0,joint_gradual_minus_immediate__multiple_imputation_compact,nist
outage,50,0.0,joint_gradual_minus_immediate__multiple_imputation_compact,nist
outage,51,0.0,joint_gradual_minus_immediate__multiple_imputation_compact,nist
recovery_0_6,26,0.0021214229365744794,joint_gradual_minus_immediate__multiple_imputation_compact,nist
recovery_0_6,27,-1.8094230958933275e-06,joint_gradual_minus_immediate__multiple_imputation_compact,nist
recovery_0_6,28,0.0006147335526906552,joint_gradual_minus_immediate__multiple_imputation_compact,nist
recovery_0_6,29,-0.0005279636600047868,joint_gradual_minus_immediate__multiple_imputation_compact,nist
recovery_0_6,31,-3.6171807062415456e-05,joint_gradual_minus_immediate__multiple_imputation_compact,nist
recovery_0_6,32,-0.0017393312743624815,joint_gradual_minus_immediate__multiple_imputation_compact,nist
recovery_0_6,34,0.00257546342629758,joint_gradual_minus_immediate__multiple_imputation_compact,nist
recovery_0_6,35,-0.00012971400028144453,joint_gradual_minus_immediate__multiple_imputation_compact,nist
recovery_0_6,36,-0.0022279135777731455,joint_gradual_minus_immediate__multiple_imputation_compact,nist
recovery_0_6,37,-0.0022610062122347227,joint_gradual_minus_immediate__multiple_imputation_compact,nist
recovery_0_6,38,0.0,joint_gradual_minus_immediate__multiple_imputation_compact,nist
recovery_0_6,39,0.0024488838803791487,joint_gradual_minus_immediate__multiple_imputation_compact,nist
recovery_0_6,40,0.0012741527536067499,joint_gradual_minus_immediate__multiple_imputation_compact,nist
recovery_0_6,41,0.0,joint_gradual_minus_immediate__multiple_imputation_compact,nist
recovery_0_6,42,2.8077100281507005e-05,joint_gradual_minus_immediate__multiple_imputation_compact,nist
recovery_0_6,43,0.0,joint_gradual_minus_immediate__multiple_imputation_compact,nist
recovery_0_6,44,0.0,joint_gradual_minus_immediate__multiple_imputation_compact,nist
recovery_0_6,45,0.011467285909942936,joint_gradual_minus_immediate__multiple_imputation_compact,nist
recovery_0_6,46,0.0018866611037763967,joint_gradual_minus_immediate__multiple_imputation_compact,nist
recovery_0_6,47,-0.0009630101740773905,joint_gradual_minus_immediate__multiple_imputation_compact,nist
recovery_0_6,48,-0.002925782757864057,joint_gradual_minus_immediate__multiple_imputation_compact,nist
recovery_0_6,49,-0.0005671876552634974,joint_gradual_minus_immediate__multiple_imputation_compact,nist
recovery_0_6,50,0.004616794700800776,joint_gradual_minus_immediate__multiple_imputation_compact,nist
recovery_6_24,26,0.0,joint_gradual_minus_immediate__multiple_imputation_compact,nist
recovery_6_24,27,0.0,joint_gradual_minus_immediate__multiple_imputation_compact,nist
recovery_6_24,28,0.0,joint_gradual_minus_immediate__multiple_imputation_compact,nist
recovery_6_24,29,0.0,joint_gradual_minus_immediate__multiple_imputation_compact,nist
recovery_6_24,30,0.0,joint_gradual_minus_immediate__multiple_imputation_compact,nist
recovery_6_24,31,0.0,joint_gradual_minus_immediate__multiple_imputation_compact,nist
recovery_6_24,32,0.0,joint_gradual_minus_immediate__multiple_imputation_compact,nist
recovery_6_24,33,0.0,joint_gradual_minus_immediate__multiple_imputation_compact,nist
recovery_6_24,34,0.0,joint_gradual_minus_immediate__multiple_imputation_compact,nist
recovery_6_24,35,0.0,joint_gradual_minus_immediate__multiple_imputation_compact,nist
recovery_6_24,36,0.0,joint_gradual_minus_immediate__multiple_imputation_compact,nist
recovery_6_24,37,0.0,joint_gradual_minus_immediate__multiple_imputation_compact,nist
recovery_6_24,38,0.0,joint_gradual_minus_immediate__multiple_imputation_compact,nist
recovery_6_24,39,0.0,joint_gradual_minus_immediate__multiple_imputation_compact,nist
recovery_6_24,40,0.0,joint_gradual_minus_immediate__multiple_imputation_compact,nist
recovery_6_24,41,0.0,joint_gradual_minus_immediate__multiple_imputation_compact,nist
recovery_6_24,42,0.0,joint_gradual_minus_immediate__multiple_imputation_compact,nist
recovery_6_24,43,0.0,joint_gradual_minus_immediate__multiple_imputation_compact,nist
recovery_6_24,44,0.0,joint_gradual_minus_immediate__multiple_imputation_compact,nist
recovery_6_24,45,0.0,joint_gradual_minus_immediate__multiple_imputation_compact,nist
recovery_6_24,46,0.0,joint_gradual_minus_immediate__multiple_imputation_compact,nist
recovery_6_24,47,0.0,joint_gradual_minus_immediate__multiple_imputation_compact,nist
recovery_6_24,48,0.0,joint_gradual_minus_immediate__multiple_imputation_compact,nist
recovery_6_24,49,0.0,joint_gradual_minus_immediate__multiple_imputation_compact,nist
recovery_6_24,50,0.0,joint_gradual_minus_immediate__multiple_imputation_compact,nist
recovery_6_24,51,0.0,joint_gradual_minus_immediate__multiple_imputation_compact,nist
outage,26,0.0,joint_none_minus_immediate__multiple_imputation_compact,nist
outage,27,0.0,joint_none_minus_immediate__multiple_imputation_compact,nist
outage,28,0.0,joint_none_minus_immediate__multiple_imputation_compact,nist
outage,29,0.0,joint_none_minus_immediate__multiple_imputation_compact,nist
outage,30,0.0,joint_none_minus_immediate__multiple_imputation_compact,nist
outage,31,0.0,joint_none_minus_immediate__multiple_imputation_compact,nist
outage,32,0.0,joint_none_minus_immediate__multiple_imputation_compact,nist
outage,33,0.0,joint_none_minus_immediate__multiple_imputation_compact,nist
outage,34,0.0,joint_none_minus_immediate__multiple_imputation_compact,nist
outage,35,0.0,joint_none_minus_immediate__multiple_imputation_compact,nist
outage,36,0.0,joint_none_minus_immediate__multiple_imputation_compact,nist
outage,37,0.0,joint_none_minus_immediate__multiple_imputation_compact,nist
outage,38,0.0,joint_none_minus_immediate__multiple_imputation_compact,nist
outage,39,0.0,joint_none_minus_immediate__multiple_imputation_compact,nist
outage,40,0.0,joint_none_minus_immediate__multiple_imputation_compact,nist
outage,42,0.0,joint_none_minus_immediate__multiple_imputation_compact,nist
outage,43,0.0,joint_none_minus_immediate__multiple_imputation_compact,nist
outage,44,0.0,joint_none_minus_immediate__multiple_imputation_compact,nist
outage,45,0.0,joint_none_minus_immediate__multiple_imputation_compact,nist
outage,46,0.0,joint_none_minus_immediate__multiple_imputation_compact,nist
outage,47,0.0,joint_none_minus_immediate__multiple_imputation_compact,nist
outage,48,0.0,joint_none_minus_immediate__multiple_imputation_compact,nist
outage,49,0.0,joint_none_minus_immediate__multiple_imputation_compact,nist
outage,50,0.0,joint_none_minus_immediate__multiple_imputation_compact,nist
outage,51,0.0,joint_none_minus_immediate__multiple_imputation_compact,nist
recovery_0_6,26,0.0020689374190191352,joint_none_minus_immediate__multiple_imputation_compact,nist
recovery_0_6,27,6.1783351256569e-05,joint_none_minus_immediate__multiple_imputation_compact,nist
recovery_0_6,28,0.0005490177475815471,joint_none_minus_immediate__multiple_imputation_compact,nist
recovery_0_6,29,-0.0005178535361418471,joint_none_minus_immediate__multiple_imputation_compact,nist
recovery_0_6,31,0.001449779943233267,joint_none_minus_immediate__multiple_imputation_compact,nist
recovery_0_6,32,-0.0004604750565361253,joint_none_minus_immediate__multiple_imputation_compact,nist
recovery_0_6,34,0.03719788989580526,joint_none_minus_immediate__multiple_imputation_compact,nist
recovery_0_6,35,0.015679009304245383,joint_none_minus_immediate__multiple_imputation_compact,nist
recovery_0_6,36,-0.009079672741492363,joint_none_minus_immediate__multiple_imputation_compact,nist
recovery_0_6,37,-0.0018858237161970292,joint_none_minus_immediate__multiple_imputation_compact,nist
recovery_0_6,38,0.0012369632379004378,joint_none_minus_immediate__multiple_imputation_compact,nist
recovery_0_6,39,0.0038870384945324343,joint_none_minus_immediate__multiple_imputation_compact,nist
recovery_0_6,40,0.001170776245303377,joint_none_minus_immediate__multiple_imputation_compact,nist
recovery_0_6,41,0.0,joint_none_minus_immediate__multiple_imputation_compact,nist
recovery_0_6,42,0.0015742973721690895,joint_none_minus_immediate__multiple_imputation_compact,nist
recovery_0_6,43,-0.009478319659093976,joint_none_minus_immediate__multiple_imputation_compact,nist
recovery_0_6,44,-0.0009335502059962739,joint_none_minus_immediate__multiple_imputation_compact,nist
recovery_0_6,45,0.016199409810076084,joint_none_minus_immediate__multiple_imputation_compact,nist
recovery_0_6,46,0.0017623802857743003,joint_none_minus_immediate__multiple_imputation_compact,nist
recovery_0_6,47,-0.003481117478023526,joint_none_minus_immediate__multiple_imputation_compact,nist
recovery_0_6,48,-0.006914534300373999,joint_none_minus_immediate__multiple_imputation_compact,nist
recovery_0_6,49,0.004076426900254728,joint_none_minus_immediate__multiple_imputation_compact,nist
recovery_0_6,50,0.027828416401972995,joint_none_minus_immediate__multiple_imputation_compact,nist
recovery_6_24,26,0.006804379122678147,joint_none_minus_immediate__multiple_imputation_compact,nist
recovery_6_24,27,-0.0039178884847813735,joint_none_minus_immediate__multiple_imputation_compact,nist
recovery_6_24,28,-0.01741399504908789,joint_none_minus_immediate__multiple_imputation_compact,nist
recovery_6_24,29,0.0009138626421046104,joint_none_minus_immediate__multiple_imputation_compact,nist
recovery_6_24,30,0.00047037931601041455,joint_none_minus_immediate__multiple_imputation_compact,nist
recovery_6_24,31,0.00704346276923228,joint_none_minus_immediate__multiple_imputation_compact,nist
recovery_6_24,32,-0.00026843043528966727,joint_none_minus_immediate__multiple_imputation_compact,nist
recovery_6_24,33,0.01505534135346154,joint_none_minus_immediate__multiple_imputation_compact,nist
recovery_6_24,34,0.012988174323317567,joint_none_minus_immediate__multiple_imputation_compact,nist
recovery_6_24,35,0.012078799832714586,joint_none_minus_immediate__multiple_imputation_compact,nist
recovery_6_24,36,-2.8169014766113876e-05,joint_none_minus_immediate__multiple_imputation_compact,nist
recovery_6_24,37,-0.0029093920308150057,joint_none_minus_immediate__multiple_imputation_compact,nist
recovery_6_24,38,-0.00898847635980372,joint_none_minus_immediate__multiple_imputation_compact,nist
recovery_6_24,39,0.0019418282153731681,joint_none_minus_immediate__multiple_imputation_compact,nist
recovery_6_24,40,0.005198795908298088,joint_none_minus_immediate__multiple_imputation_compact,nist
recovery_6_24,41,0.0,joint_none_minus_immediate__multiple_imputation_compact,nist
recovery_6_24,42,0.00300024127367499,joint_none_minus_immediate__multiple_imputation_compact,nist
recovery_6_24,43,-0.0057227996327741315,joint_none_minus_immediate__multiple_imputation_compact,nist
recovery_6_24,44,0.02235952827779533,joint_none_minus_immediate__multiple_imputation_compact,nist
recovery_6_24,45,-0.002636838752643114,joint_none_minus_immediate__multiple_imputation_compact,nist
recovery_6_24,46,0.014056778902118618,joint_none_minus_immediate__multiple_imputation_compact,nist
recovery_6_24,47,-0.0015823652537727603,joint_none_minus_immediate__multiple_imputation_compact,nist
recovery_6_24,48,-0.0018494081947159154,joint_none_minus_immediate__multiple_imputation_compact,nist
recovery_6_24,49,-0.0003362782984542716,joint_none_minus_immediate__multiple_imputation_compact,nist
recovery_6_24,50,0.00686659659749918,joint_none_minus_immediate__multiple_imputation_compact,nist
recovery_6_24,51,0.0013900045321915664,joint_none_minus_immediate__multiple_imputation_compact,nist
outage,26,0.0,joint_gradual_minus_immediate__persistence,nist
outage,27,0.0,joint_gradual_minus_immediate__persistence,nist
outage,28,0.0,joint_gradual_minus_immediate__persistence,nist
outage,29,0.0,joint_gradual_minus_immediate__persistence,nist
outage,30,0.0,joint_gradual_minus_immediate__persistence,nist
outage,31,0.0,joint_gradual_minus_immediate__persistence,nist
outage,32,0.0,joint_gradual_minus_immediate__persistence,nist
outage,33,0.0,joint_gradual_minus_immediate__persistence,nist
outage,34,0.0,joint_gradual_minus_immediate__persistence,nist
outage,35,0.0,joint_gradual_minus_immediate__persistence,nist
outage,36,0.0,joint_gradual_minus_immediate__persistence,nist
outage,37,0.0,joint_gradual_minus_immediate__persistence,nist
outage,38,0.0,joint_gradual_minus_immediate__persistence,nist
outage,39,0.0,joint_gradual_minus_immediate__persistence,nist
outage,40,0.0,joint_gradual_minus_immediate__persistence,nist
outage,42,0.0,joint_gradual_minus_immediate__persistence,nist
outage,43,0.0,joint_gradual_minus_immediate__persistence,nist
outage,44,0.0,joint_gradual_minus_immediate__persistence,nist
outage,45,0.0,joint_gradual_minus_immediate__persistence,nist
outage,46,0.0,joint_gradual_minus_immediate__persistence,nist
outage,47,0.0,joint_gradual_minus_immediate__persistence,nist
outage,48,0.0,joint_gradual_minus_immediate__persistence,nist
outage,49,0.0,joint_gradual_minus_immediate__persistence,nist
outage,50,0.0,joint_gradual_minus_immediate__persistence,nist
outage,51,0.0,joint_gradual_minus_immediate__persistence,nist
recovery_0_6,26,0.0,joint_gradual_minus_immediate__persistence,nist
recovery_0_6,27,0.0,joint_gradual_minus_immediate__persistence,nist
recovery_0_6,28,0.0,joint_gradual_minus_immediate__persistence,nist
recovery_0_6,29,0.0,joint_gradual_minus_immediate__persistence,nist
recovery_0_6,31,0.0,joint_gradual_minus_immediate__persistence,nist
recovery_0_6,32,0.0,joint_gradual_minus_immediate__persistence,nist
recovery_0_6,34,0.0,joint_gradual_minus_immediate__persistence,nist
recovery_0_6,35,0.0,joint_gradual_minus_immediate__persistence,nist
recovery_0_6,36,0.0,joint_gradual_minus_immediate__persistence,nist
recovery_0_6,37,0.0,joint_gradual_minus_immediate__persistence,nist
recovery_0_6,38,0.0,joint_gradual_minus_immediate__persistence,nist
recovery_0_6,39,0.0,joint_gradual_minus_immediate__persistence,nist
recovery_0_6,40,0.0,joint_gradual_minus_immediate__persistence,nist
recovery_0_6,41,0.0,joint_gradual_minus_immediate__persistence,nist
recovery_0_6,42,0.0,joint_gradual_minus_immediate__persistence,nist
recovery_0_6,43,0.0,joint_gradual_minus_immediate__persistence,nist
recovery_0_6,44,0.0,joint_gradual_minus_immediate__persistence,nist
recovery_0_6,45,0.0,joint_gradual_minus_immediate__persistence,nist
recovery_0_6,46,0.0,joint_gradual_minus_immediate__persistence,nist
recovery_0_6,47,0.0,joint_gradual_minus_immediate__persistence,nist
recovery_0_6,48,0.0,joint_gradual_minus_immediate__persistence,nist
recovery_0_6,49,0.0,joint_gradual_minus_immediate__persistence,nist
recovery_0_6,50,0.0,joint_gradual_minus_immediate__persistence,nist
recovery_6_24,26,0.0,joint_gradual_minus_immediate__persistence,nist
recovery_6_24,27,0.0,joint_gradual_minus_immediate__persistence,nist
recovery_6_24,28,0.0,joint_gradual_minus_immediate__persistence,nist
recovery_6_24,29,0.0,joint_gradual_minus_immediate__persistence,nist
recovery_6_24,30,0.0,joint_gradual_minus_immediate__persistence,nist
recovery_6_24,31,0.0,joint_gradual_minus_immediate__persistence,nist
recovery_6_24,32,0.0,joint_gradual_minus_immediate__persistence,nist
recovery_6_24,33,0.0,joint_gradual_minus_immediate__persistence,nist
recovery_6_24,34,0.0,joint_gradual_minus_immediate__persistence,nist
recovery_6_24,35,0.0,joint_gradual_minus_immediate__persistence,nist
recovery_6_24,36,0.0,joint_gradual_minus_immediate__persistence,nist
recovery_6_24,37,0.0,joint_gradual_minus_immediate__persistence,nist
recovery_6_24,38,0.0,joint_gradual_minus_immediate__persistence,nist
recovery_6_24,39,0.0,joint_gradual_minus_immediate__persistence,nist
recovery_6_24,40,0.0,joint_gradual_minus_immediate__persistence,nist
recovery_6_24,41,0.0,joint_gradual_minus_immediate__persistence,nist
recovery_6_24,42,0.0,joint_gradual_minus_immediate__persistence,nist
recovery_6_24,43,0.0,joint_gradual_minus_immediate__persistence,nist
recovery_6_24,44,0.0,joint_gradual_minus_immediate__persistence,nist
recovery_6_24,45,0.0,joint_gradual_minus_immediate__persistence,nist
recovery_6_24,46,0.0,joint_gradual_minus_immediate__persistence,nist
recovery_6_24,47,0.0,joint_gradual_minus_immediate__persistence,nist
recovery_6_24,48,0.0,joint_gradual_minus_immediate__persistence,nist
recovery_6_24,49,0.0,joint_gradual_minus_immediate__persistence,nist
recovery_6_24,50,0.0,joint_gradual_minus_immediate__persistence,nist
recovery_6_24,51,0.0,joint_gradual_minus_immediate__persistence,nist
outage,26,0.0,joint_none_minus_immediate__persistence,nist
outage,27,0.0,joint_none_minus_immediate__persistence,nist
outage,28,0.0,joint_none_minus_immediate__persistence,nist
outage,29,0.0,joint_none_minus_immediate__persistence,nist
outage,30,0.0,joint_none_minus_immediate__persistence,nist
outage,31,0.0,joint_none_minus_immediate__persistence,nist
outage,32,0.0,joint_none_minus_immediate__persistence,nist
outage,33,0.0,joint_none_minus_immediate__persistence,nist
outage,34,0.0,joint_none_minus_immediate__persistence,nist
outage,35,0.0,joint_none_minus_immediate__persistence,nist
outage,36,0.0,joint_none_minus_immediate__persistence,nist
outage,37,0.0,joint_none_minus_immediate__persistence,nist
outage,38,0.0,joint_none_minus_immediate__persistence,nist
outage,39,0.0,joint_none_minus_immediate__persistence,nist
outage,40,0.0,joint_none_minus_immediate__persistence,nist
outage,42,0.0,joint_none_minus_immediate__persistence,nist
outage,43,0.0,joint_none_minus_immediate__persistence,nist
outage,44,0.0,joint_none_minus_immediate__persistence,nist
outage,45,0.0,joint_none_minus_immediate__persistence,nist
outage,46,0.0,joint_none_minus_immediate__persistence,nist
outage,47,0.0,joint_none_minus_immediate__persistence,nist
outage,48,0.0,joint_none_minus_immediate__persistence,nist
outage,49,0.0,joint_none_minus_immediate__persistence,nist
outage,50,0.0,joint_none_minus_immediate__persistence,nist
outage,51,0.0,joint_none_minus_immediate__persistence,nist
recovery_0_6,26,0.0,joint_none_minus_immediate__persistence,nist
recovery_0_6,27,0.0,joint_none_minus_immediate__persistence,nist
recovery_0_6,28,0.0,joint_none_minus_immediate__persistence,nist
recovery_0_6,29,0.0,joint_none_minus_immediate__persistence,nist
recovery_0_6,31,0.0,joint_none_minus_immediate__persistence,nist
recovery_0_6,32,0.0,joint_none_minus_immediate__persistence,nist
recovery_0_6,34,0.0,joint_none_minus_immediate__persistence,nist
recovery_0_6,35,0.0,joint_none_minus_immediate__persistence,nist
recovery_0_6,36,0.0,joint_none_minus_immediate__persistence,nist
recovery_0_6,37,0.0,joint_none_minus_immediate__persistence,nist
recovery_0_6,38,0.0,joint_none_minus_immediate__persistence,nist
recovery_0_6,39,0.0,joint_none_minus_immediate__persistence,nist
recovery_0_6,40,0.0,joint_none_minus_immediate__persistence,nist
recovery_0_6,41,0.0,joint_none_minus_immediate__persistence,nist
recovery_0_6,42,0.0,joint_none_minus_immediate__persistence,nist
recovery_0_6,43,0.0,joint_none_minus_immediate__persistence,nist
recovery_0_6,44,0.0,joint_none_minus_immediate__persistence,nist
recovery_0_6,45,0.0,joint_none_minus_immediate__persistence,nist
recovery_0_6,46,0.0,joint_none_minus_immediate__persistence,nist
recovery_0_6,47,0.0,joint_none_minus_immediate__persistence,nist
recovery_0_6,48,0.0,joint_none_minus_immediate__persistence,nist
recovery_0_6,49,0.0,joint_none_minus_immediate__persistence,nist
recovery_0_6,50,0.0,joint_none_minus_immediate__persistence,nist
recovery_6_24,26,0.0,joint_none_minus_immediate__persistence,nist
recovery_6_24,27,0.0,joint_none_minus_immediate__persistence,nist
recovery_6_24,28,0.0,joint_none_minus_immediate__persistence,nist
recovery_6_24,29,0.0,joint_none_minus_immediate__persistence,nist
recovery_6_24,30,0.0,joint_none_minus_immediate__persistence,nist
recovery_6_24,31,0.0,joint_none_minus_immediate__persistence,nist
recovery_6_24,32,0.0,joint_none_minus_immediate__persistence,nist
recovery_6_24,33,0.0,joint_none_minus_immediate__persistence,nist
recovery_6_24,34,0.0,joint_none_minus_immediate__persistence,nist
recovery_6_24,35,0.0,joint_none_minus_immediate__persistence,nist
recovery_6_24,36,0.0,joint_none_minus_immediate__persistence,nist
recovery_6_24,37,0.0,joint_none_minus_immediate__persistence,nist
recovery_6_24,38,0.0,joint_none_minus_immediate__persistence,nist
recovery_6_24,39,0.0,joint_none_minus_immediate__persistence,nist
recovery_6_24,40,0.0,joint_none_minus_immediate__persistence,nist
recovery_6_24,41,0.0,joint_none_minus_immediate__persistence,nist
recovery_6_24,42,0.0,joint_none_minus_immediate__persistence,nist
recovery_6_24,43,0.0,joint_none_minus_immediate__persistence,nist
recovery_6_24,44,0.0,joint_none_minus_immediate__persistence,nist
recovery_6_24,45,0.0,joint_none_minus_immediate__persistence,nist
recovery_6_24,46,0.0,joint_none_minus_immediate__persistence,nist
recovery_6_24,47,0.0,joint_none_minus_immediate__persistence,nist
recovery_6_24,48,0.0,joint_none_minus_immediate__persistence,nist
recovery_6_24,49,0.0,joint_none_minus_immediate__persistence,nist
recovery_6_24,50,0.0,joint_none_minus_immediate__persistence,nist
recovery_6_24,51,0.0,joint_none_minus_immediate__persistence,nist
outage,26,0.0,joint_gradual_minus_immediate__geometric_persistence,nist
outage,27,0.0,joint_gradual_minus_immediate__geometric_persistence,nist
outage,28,0.0,joint_gradual_minus_immediate__geometric_persistence,nist
outage,29,0.0,joint_gradual_minus_immediate__geometric_persistence,nist
outage,30,0.0,joint_gradual_minus_immediate__geometric_persistence,nist
outage,31,0.0,joint_gradual_minus_immediate__geometric_persistence,nist
outage,32,0.0,joint_gradual_minus_immediate__geometric_persistence,nist
outage,33,0.0,joint_gradual_minus_immediate__geometric_persistence,nist
outage,34,0.0,joint_gradual_minus_immediate__geometric_persistence,nist
outage,35,0.0,joint_gradual_minus_immediate__geometric_persistence,nist
outage,36,0.0,joint_gradual_minus_immediate__geometric_persistence,nist
outage,37,0.0,joint_gradual_minus_immediate__geometric_persistence,nist
outage,38,0.0,joint_gradual_minus_immediate__geometric_persistence,nist
outage,39,0.0,joint_gradual_minus_immediate__geometric_persistence,nist
outage,40,0.0,joint_gradual_minus_immediate__geometric_persistence,nist
outage,42,0.0,joint_gradual_minus_immediate__geometric_persistence,nist
outage,43,0.0,joint_gradual_minus_immediate__geometric_persistence,nist
outage,44,0.0,joint_gradual_minus_immediate__geometric_persistence,nist
outage,45,0.0,joint_gradual_minus_immediate__geometric_persistence,nist
outage,46,0.0,joint_gradual_minus_immediate__geometric_persistence,nist
outage,47,0.0,joint_gradual_minus_immediate__geometric_persistence,nist
outage,48,0.0,joint_gradual_minus_immediate__geometric_persistence,nist
outage,49,0.0,joint_gradual_minus_immediate__geometric_persistence,nist
outage,50,0.0,joint_gradual_minus_immediate__geometric_persistence,nist
outage,51,0.0,joint_gradual_minus_immediate__geometric_persistence,nist
recovery_0_6,26,0.0,joint_gradual_minus_immediate__geometric_persistence,nist
recovery_0_6,27,0.0,joint_gradual_minus_immediate__geometric_persistence,nist
recovery_0_6,28,0.0,joint_gradual_minus_immediate__geometric_persistence,nist
recovery_0_6,29,0.0,joint_gradual_minus_immediate__geometric_persistence,nist
recovery_0_6,31,0.0,joint_gradual_minus_immediate__geometric_persistence,nist
recovery_0_6,32,0.0,joint_gradual_minus_immediate__geometric_persistence,nist
recovery_0_6,34,0.0,joint_gradual_minus_immediate__geometric_persistence,nist
recovery_0_6,35,0.0,joint_gradual_minus_immediate__geometric_persistence,nist
recovery_0_6,36,0.0,joint_gradual_minus_immediate__geometric_persistence,nist
recovery_0_6,37,0.0,joint_gradual_minus_immediate__geometric_persistence,nist
recovery_0_6,38,0.0,joint_gradual_minus_immediate__geometric_persistence,nist
recovery_0_6,39,0.0,joint_gradual_minus_immediate__geometric_persistence,nist
recovery_0_6,40,0.0,joint_gradual_minus_immediate__geometric_persistence,nist
recovery_0_6,41,0.0,joint_gradual_minus_immediate__geometric_persistence,nist
recovery_0_6,42,0.0,joint_gradual_minus_immediate__geometric_persistence,nist
recovery_0_6,43,0.0,joint_gradual_minus_immediate__geometric_persistence,nist
recovery_0_6,44,0.0,joint_gradual_minus_immediate__geometric_persistence,nist
recovery_0_6,45,0.0,joint_gradual_minus_immediate__geometric_persistence,nist
recovery_0_6,46,0.0,joint_gradual_minus_immediate__geometric_persistence,nist
recovery_0_6,47,0.0,joint_gradual_minus_immediate__geometric_persistence,nist
recovery_0_6,48,0.0,joint_gradual_minus_immediate__geometric_persistence,nist
recovery_0_6,49,0.0,joint_gradual_minus_immediate__geometric_persistence,nist
recovery_0_6,50,0.0,joint_gradual_minus_immediate__geometric_persistence,nist
recovery_6_24,26,0.0,joint_gradual_minus_immediate__geometric_persistence,nist
recovery_6_24,27,0.0,joint_gradual_minus_immediate__geometric_persistence,nist
recovery_6_24,28,0.0,joint_gradual_minus_immediate__geometric_persistence,nist
recovery_6_24,29,0.0,joint_gradual_minus_immediate__geometric_persistence,nist
recovery_6_24,30,0.0,joint_gradual_minus_immediate__geometric_persistence,nist
recovery_6_24,31,0.0,joint_gradual_minus_immediate__geometric_persistence,nist
recovery_6_24,32,0.0,joint_gradual_minus_immediate__geometric_persistence,nist
recovery_6_24,33,0.0,joint_gradual_minus_immediate__geometric_persistence,nist
recovery_6_24,34,0.0,joint_gradual_minus_immediate__geometric_persistence,nist
recovery_6_24,35,0.0,joint_gradual_minus_immediate__geometric_persistence,nist
recovery_6_24,36,0.0,joint_gradual_minus_immediate__geometric_persistence,nist
recovery_6_24,37,0.0,joint_gradual_minus_immediate__geometric_persistence,nist
recovery_6_24,38,0.0,joint_gradual_minus_immediate__geometric_persistence,nist
recovery_6_24,39,0.0,joint_gradual_minus_immediate__geometric_persistence,nist
recovery_6_24,40,0.0,joint_gradual_minus_immediate__geometric_persistence,nist
recovery_6_24,41,0.0,joint_gradual_minus_immediate__geometric_persistence,nist
recovery_6_24,42,0.0,joint_gradual_minus_immediate__geometric_persistence,nist
recovery_6_24,43,0.0,joint_gradual_minus_immediate__geometric_persistence,nist
recovery_6_24,44,0.0,joint_gradual_minus_immediate__geometric_persistence,nist
recovery_6_24,45,0.0,joint_gradual_minus_immediate__geometric_persistence,nist
recovery_6_24,46,0.0,joint_gradual_minus_immediate__geometric_persistence,nist
recovery_6_24,47,0.0,joint_gradual_minus_immediate__geometric_persistence,nist
recovery_6_24,48,0.0,joint_gradual_minus_immediate__geometric_persistence,nist
recovery_6_24,49,0.0,joint_gradual_minus_immediate__geometric_persistence,nist
recovery_6_24,50,0.0,joint_gradual_minus_immediate__geometric_persistence,nist
recovery_6_24,51,0.0,joint_gradual_minus_immediate__geometric_persistence,nist
outage,26,0.0,joint_none_minus_immediate__geometric_persistence,nist
outage,27,0.0,joint_none_minus_immediate__geometric_persistence,nist
outage,28,0.0,joint_none_minus_immediate__geometric_persistence,nist
outage,29,0.0,joint_none_minus_immediate__geometric_persistence,nist
outage,30,0.0,joint_none_minus_immediate__geometric_persistence,nist
outage,31,0.0,joint_none_minus_immediate__geometric_persistence,nist
outage,32,0.0,joint_none_minus_immediate__geometric_persistence,nist
outage,33,0.0,joint_none_minus_immediate__geometric_persistence,nist
outage,34,0.0,joint_none_minus_immediate__geometric_persistence,nist
outage,35,0.0,joint_none_minus_immediate__geometric_persistence,nist
outage,36,0.0,joint_none_minus_immediate__geometric_persistence,nist
outage,37,0.0,joint_none_minus_immediate__geometric_persistence,nist
outage,38,0.0,joint_none_minus_immediate__geometric_persistence,nist
outage,39,0.0,joint_none_minus_immediate__geometric_persistence,nist
outage,40,0.0,joint_none_minus_immediate__geometric_persistence,nist
outage,42,0.0,joint_none_minus_immediate__geometric_persistence,nist
outage,43,0.0,joint_none_minus_immediate__geometric_persistence,nist
outage,44,0.0,joint_none_minus_immediate__geometric_persistence,nist
outage,45,0.0,joint_none_minus_immediate__geometric_persistence,nist
outage,46,0.0,joint_none_minus_immediate__geometric_persistence,nist
outage,47,0.0,joint_none_minus_immediate__geometric_persistence,nist
outage,48,0.0,joint_none_minus_immediate__geometric_persistence,nist
outage,49,0.0,joint_none_minus_immediate__geometric_persistence,nist
outage,50,0.0,joint_none_minus_immediate__geometric_persistence,nist
outage,51,0.0,joint_none_minus_immediate__geometric_persistence,nist
recovery_0_6,26,0.0,joint_none_minus_immediate__geometric_persistence,nist
recovery_0_6,27,0.0,joint_none_minus_immediate__geometric_persistence,nist
recovery_0_6,28,0.0,joint_none_minus_immediate__geometric_persistence,nist
recovery_0_6,29,0.0,joint_none_minus_immediate__geometric_persistence,nist
recovery_0_6,31,0.0,joint_none_minus_immediate__geometric_persistence,nist
recovery_0_6,32,0.0,joint_none_minus_immediate__geometric_persistence,nist
recovery_0_6,34,0.0,joint_none_minus_immediate__geometric_persistence,nist
recovery_0_6,35,0.0,joint_none_minus_immediate__geometric_persistence,nist
recovery_0_6,36,0.0,joint_none_minus_immediate__geometric_persistence,nist
recovery_0_6,37,0.0,joint_none_minus_immediate__geometric_persistence,nist
recovery_0_6,38,0.0,joint_none_minus_immediate__geometric_persistence,nist
recovery_0_6,39,0.0,joint_none_minus_immediate__geometric_persistence,nist
recovery_0_6,40,0.0,joint_none_minus_immediate__geometric_persistence,nist
recovery_0_6,41,0.0,joint_none_minus_immediate__geometric_persistence,nist
recovery_0_6,42,0.0,joint_none_minus_immediate__geometric_persistence,nist
recovery_0_6,43,0.0,joint_none_minus_immediate__geometric_persistence,nist
recovery_0_6,44,0.0,joint_none_minus_immediate__geometric_persistence,nist
recovery_0_6,45,0.0,joint_none_minus_immediate__geometric_persistence,nist
recovery_0_6,46,0.0,joint_none_minus_immediate__geometric_persistence,nist
recovery_0_6,47,0.0,joint_none_minus_immediate__geometric_persistence,nist
recovery_0_6,48,0.0,joint_none_minus_immediate__geometric_persistence,nist
recovery_0_6,49,0.0,joint_none_minus_immediate__geometric_persistence,nist
recovery_0_6,50,0.0,joint_none_minus_immediate__geometric_persistence,nist
recovery_6_24,26,0.0,joint_none_minus_immediate__geometric_persistence,nist
recovery_6_24,27,0.0,joint_none_minus_immediate__geometric_persistence,nist
recovery_6_24,28,0.0,joint_none_minus_immediate__geometric_persistence,nist
recovery_6_24,29,0.0,joint_none_minus_immediate__geometric_persistence,nist
recovery_6_24,30,0.0,joint_none_minus_immediate__geometric_persistence,nist
recovery_6_24,31,0.0,joint_none_minus_immediate__geometric_persistence,nist
recovery_6_24,32,0.0,joint_none_minus_immediate__geometric_persistence,nist
recovery_6_24,33,0.0,joint_none_minus_immediate__geometric_persistence,nist
recovery_6_24,34,0.0,joint_none_minus_immediate__geometric_persistence,nist
recovery_6_24,35,0.0,joint_none_minus_immediate__geometric_persistence,nist
recovery_6_24,36,0.0,joint_none_minus_immediate__geometric_persistence,nist
recovery_6_24,37,0.0,joint_none_minus_immediate__geometric_persistence,nist
recovery_6_24,38,0.0,joint_none_minus_immediate__geometric_persistence,nist
recovery_6_24,39,0.0,joint_none_minus_immediate__geometric_persistence,nist
recovery_6_24,40,0.0,joint_none_minus_immediate__geometric_persistence,nist
recovery_6_24,41,0.0,joint_none_minus_immediate__geometric_persistence,nist
recovery_6_24,42,0.0,joint_none_minus_immediate__geometric_persistence,nist
recovery_6_24,43,0.0,joint_none_minus_immediate__geometric_persistence,nist
recovery_6_24,44,0.0,joint_none_minus_immediate__geometric_persistence,nist
recovery_6_24,45,0.0,joint_none_minus_immediate__geometric_persistence,nist
recovery_6_24,46,0.0,joint_none_minus_immediate__geometric_persistence,nist
recovery_6_24,47,0.0,joint_none_minus_immediate__geometric_persistence,nist
recovery_6_24,48,0.0,joint_none_minus_immediate__geometric_persistence,nist
recovery_6_24,49,0.0,joint_none_minus_immediate__geometric_persistence,nist
recovery_6_24,50,0.0,joint_none_minus_immediate__geometric_persistence,nist
recovery_6_24,51,0.0,joint_none_minus_immediate__geometric_persistence,nist
outage,26,-0.008097912433109854,MI_minus_SI_compact,colorado
outage,27,-0.0010562899422972367,MI_minus_SI_compact,colorado
outage,28,-0.0006453439425421478,MI_minus_SI_compact,colorado
outage,29,-0.007593522201628405,MI_minus_SI_compact,colorado
outage,30,-0.0038153544471867607,MI_minus_SI_compact,colorado
outage,31,-0.004298271195700434,MI_minus_SI_compact,colorado
outage,32,-0.0031931224115142377,MI_minus_SI_compact,colorado
outage,33,-0.007517039047916033,MI_minus_SI_compact,colorado
outage,34,-0.010088484454599322,MI_minus_SI_compact,colorado
outage,35,0.002952556529496877,MI_minus_SI_compact,colorado
outage,36,0.0012901405776742842,MI_minus_SI_compact,colorado
outage,37,0.009032663769196722,MI_minus_SI_compact,colorado
outage,38,0.0017568030859425761,MI_minus_SI_compact,colorado
outage,39,-0.0015173314255807393,MI_minus_SI_compact,colorado
outage,40,0.015305620169870356,MI_minus_SI_compact,colorado
outage,41,-0.007832671942851296,MI_minus_SI_compact,colorado
outage,42,0.003094494199428955,MI_minus_SI_compact,colorado
outage,43,-0.006850102680621186,MI_minus_SI_compact,colorado
outage,44,0.006847082489527864,MI_minus_SI_compact,colorado
outage,45,-0.02869233946491398,MI_minus_SI_compact,colorado
outage,46,-0.004327453389305169,MI_minus_SI_compact,colorado
outage,47,0.01873248910468908,MI_minus_SI_compact,colorado
outage,48,-0.01020530670995856,MI_minus_SI_compact,colorado
outage,49,0.013158559955121074,MI_minus_SI_compact,colorado
outage,50,0.024505074029481943,MI_minus_SI_compact,colorado
outage,51,-0.02418945328933902,MI_minus_SI_compact,colorado
partial_restoration,26,-0.005122680105473392,MI_minus_SI_compact,colorado
partial_restoration,27,0.0007753944507711603,MI_minus_SI_compact,colorado
partial_restoration,28,-0.00020502593327600423,MI_minus_SI_compact,colorado
partial_restoration,29,0.0016040813100558673,MI_minus_SI_compact,colorado
partial_restoration,30,-0.0001976781623638403,MI_minus_SI_compact,colorado
partial_restoration,31,-0.002639045287581938,MI_minus_SI_compact,colorado
partial_restoration,32,-0.004181356984015747,MI_minus_SI_compact,colorado
partial_restoration,33,-0.0006478712427778363,MI_minus_SI_compact,colorado
partial_restoration,34,0.0009063512854293862,MI_minus_SI_compact,colorado
partial_restoration,35,0.00031110695449724,MI_minus_SI_compact,colorado
partial_restoration,36,0.0027220868564767444,MI_minus_SI_compact,colorado
partial_restoration,37,0.00129009318733043,MI_minus_SI_compact,colorado
partial_restoration,38,0.0009996210621406368,MI_minus_SI_compact,colorado
partial_restoration,39,0.0007017031203545395,MI_minus_SI_compact,colorado
partial_restoration,40,0.004069227259224547,MI_minus_SI_compact,colorado
partial_restoration,41,0.0016741124537984554,MI_minus_SI_compact,colorado
partial_restoration,42,-0.0004890797310450897,MI_minus_SI_compact,colorado
partial_restoration,43,0.0008351877224233931,MI_minus_SI_compact,colorado
partial_restoration,44,0.0004822142137320981,MI_minus_SI_compact,colorado
partial_restoration,45,-0.0028234898029410485,MI_minus_SI_compact,colorado
partial_restoration,46,-0.004803650439358847,MI_minus_SI_compact,colorado
partial_restoration,47,-0.0022056963444492084,MI_minus_SI_compact,colorado
partial_restoration,48,-0.0011940177534853428,MI_minus_SI_compact,colorado
partial_restoration,49,-0.022629929016680303,MI_minus_SI_compact,colorado
partial_restoration,50,-0.004813965248963087,MI_minus_SI_compact,colorado
partial_restoration,51,0.002663543230642945,MI_minus_SI_compact,colorado
recovery_0_6,26,-0.0013106982884762888,MI_minus_SI_compact,colorado
recovery_0_6,27,0.0001259084998508303,MI_minus_SI_compact,colorado
recovery_0_6,28,7.526478990259082e-05,MI_minus_SI_compact,colorado
recovery_0_6,29,4.597574942343849e-05,MI_minus_SI_compact,colorado
recovery_0_6,30,4.8797976392491477e-05,MI_minus_SI_compact,colorado
recovery_0_6,31,0.0004252325871401972,MI_minus_SI_compact,colorado
recovery_0_6,32,-0.0005031055602202334,MI_minus_SI_compact,colorado
recovery_0_6,33,5.39200021908969e-05,MI_minus_SI_compact,colorado
recovery_0_6,34,4.90225992298999e-05,MI_minus_SI_compact,colorado
recovery_0_6,35,-0.00020262212401068316,MI_minus_SI_compact,colorado
recovery_0_6,36,-0.0003142587257823062,MI_minus_SI_compact,colorado
recovery_0_6,37,8.371940674288729e-05,MI_minus_SI_compact,colorado
recovery_0_6,38,4.625929269271485e-18,MI_minus_SI_compact,colorado
recovery_0_6,39,-0.0004983054228378995,MI_minus_SI_compact,colorado
recovery_0_6,40,-2.9355639060238483e-05,MI_minus_SI_compact,colorado
recovery_0_6,41,2.1560710152931533e-05,MI_minus_SI_compact,colorado
recovery_0_6,42,-0.0005347093366783748,MI_minus_SI_compact,colorado
recovery_0_6,43,0.0,MI_minus_SI_compact,colorado
recovery_0_6,44,-4.625929269271485e-18,MI_minus_SI_compact,colorado
recovery_0_6,45,-0.0012658459308739919,MI_minus_SI_compact,colorado
recovery_0_6,46,-0.00019338261537110298,MI_minus_SI_compact,colorado
recovery_0_6,47,-0.0010255406284613413,MI_minus_SI_compact,colorado
recovery_0_6,48,-0.0019717430452148967,MI_minus_SI_compact,colorado
recovery_0_6,49,0.00011979435679948033,MI_minus_SI_compact,colorado
recovery_0_6,50,-0.003479982853533277,MI_minus_SI_compact,colorado
recovery_0_6,51,0.0003316154331262852,MI_minus_SI_compact,colorado
recovery_6_24,26,-1.2019694442029888e-05,MI_minus_SI_compact,colorado
recovery_6_24,27,-0.0004461544777659881,MI_minus_SI_compact,colorado
recovery_6_24,28,-0.00034609825884555944,MI_minus_SI_compact,colorado
recovery_6_24,29,0.00018979326461937958,MI_minus_SI_compact,colorado
recovery_6_24,30,-9.662620287152408e-05,MI_minus_SI_compact,colorado
recovery_6_24,31,-0.00021010465592114752,MI_minus_SI_compact,colorado
recovery_6_24,32,0.00012828273236580617,MI_minus_SI_compact,colorado
recovery_6_24,33,0.00019199074045194066,MI_minus_SI_compact,colorado
recovery_6_24,34,-0.00028939877903321566,MI_minus_SI_compact,colorado
recovery_6_24,35,0.0001393802145270646,MI_minus_SI_compact,colorado
recovery_6_24,36,-0.000399330007423653,MI_minus_SI_compact,colorado
recovery_6_24,37,-0.0004299467802718274,MI_minus_SI_compact,colorado
recovery_6_24,38,0.00022776373579907444,MI_minus_SI_compact,colorado
recovery_6_24,39,1.6231099936277465e-05,MI_minus_SI_compact,colorado
recovery_6_24,40,1.1190688795799026e-05,MI_minus_SI_compact,colorado
recovery_6_24,41,0.00014352752976373235,MI_minus_SI_compact,colorado
recovery_6_24,42,5.011219605482941e-05,MI_minus_SI_compact,colorado
recovery_6_24,43,-0.0001853668036685094,MI_minus_SI_compact,colorado
recovery_6_24,44,2.7382001998255483e-05,MI_minus_SI_compact,colorado
recovery_6_24,45,0.00041702124887464377,MI_minus_SI_compact,colorado
recovery_6_24,46,0.0007051109934634714,MI_minus_SI_compact,colorado
recovery_6_24,47,-0.001093246968184048,MI_minus_SI_compact,colorado
recovery_6_24,48,0.0001222350077954426,MI_minus_SI_compact,colorado
recovery_6_24,49,-5.309758609975564e-05,MI_minus_SI_compact,colorado
recovery_6_24,50,-0.0006938007103079888,MI_minus_SI_compact,colorado
recovery_6_24,51,-0.002323097060536269,MI_minus_SI_compact,colorado
outage,26,-0.02332560137966217,MI_minus_SI_flexible,colorado
outage,27,-0.0036348381856511048,MI_minus_SI_flexible,colorado
outage,28,-0.002062858849964176,MI_minus_SI_flexible,colorado
outage,29,-0.008661830582464121,MI_minus_SI_flexible,colorado
outage,30,-0.0026311444729450427,MI_minus_SI_flexible,colorado
outage,31,-0.0057150574314741315,MI_minus_SI_flexible,colorado
outage,32,-0.005585106122865848,MI_minus_SI_flexible,colorado
outage,33,-0.008522995783773269,MI_minus_SI_flexible,colorado
outage,34,-0.012079678694214889,MI_minus_SI_flexible,colorado
outage,35,0.0001549867575971543,MI_minus_SI_flexible,colorado
outage,36,0.002469366679318415,MI_minus_SI_flexible,colorado
outage,37,0.009961853743914702,MI_minus_SI_flexible,colorado
outage,38,-0.0036164452445521904,MI_minus_SI_flexible,colorado
outage,39,-0.017734565629557456,MI_minus_SI_flexible,colorado
outage,40,0.01737319374265908,MI_minus_SI_flexible,colorado
outage,41,-0.014813302488829833,MI_minus_SI_flexible,colorado
outage,42,0.0066979593285415775,MI_minus_SI_flexible,colorado
outage,43,-0.012609316102962653,MI_minus_SI_flexible,colorado
outage,44,-0.0021786990369392746,MI_minus_SI_flexible,colorado
outage,45,-0.03992861725295625,MI_minus_SI_flexible,colorado
outage,46,-0.014728109611439222,MI_minus_SI_flexible,colorado
outage,47,0.008783057904842266,MI_minus_SI_flexible,colorado
outage,48,-0.0073097411432394635,MI_minus_SI_flexible,colorado
outage,49,0.008286597447024523,MI_minus_SI_flexible,colorado
outage,50,-0.008814183838037186,MI_minus_SI_flexible,colorado
outage,51,-0.035961836324564345,MI_minus_SI_flexible,colorado
partial_restoration,26,-0.0051925499921417805,MI_minus_SI_flexible,colorado
partial_restoration,27,-0.00021774418713227313,MI_minus_SI_flexible,colorado
partial_restoration,28,0.0004879881649161639,MI_minus_SI_flexible,colorado
partial_restoration,29,-0.00014223966861257048,MI_minus_SI_flexible,colorado
partial_restoration,30,-0.000675393477624357,MI_minus_SI_flexible,colorado
partial_restoration,31,-0.002952575046316065,MI_minus_SI_flexible,colorado
partial_restoration,32,-0.008417437460072893,MI_minus_SI_flexible,colorado
partial_restoration,33,-0.0014085721611554768,MI_minus_SI_flexible,colorado
partial_restoration,34,0.0001236103574569229,MI_minus_SI_flexible,colorado
partial_restoration,35,-0.0021803545249114583,MI_minus_SI_flexible,colorado
partial_restoration,36,0.000425694823333966,MI_minus_SI_flexible,colorado
partial_restoration,37,-0.00016201043446340045,MI_minus_SI_flexible,colorado
partial_restoration,38,0.0007450148579098403,MI_minus_SI_flexible,colorado
partial_restoration,39,-0.002354222331676573,MI_minus_SI_flexible,colorado
partial_restoration,40,0.0020880335424310077,MI_minus_SI_flexible,colorado
partial_restoration,41,0.0019857165419365557,MI_minus_SI_flexible,colorado
partial_restoration,42,-0.002910400151840086,MI_minus_SI_flexible,colorado
partial_restoration,43,2.879777306819128e-06,MI_minus_SI_flexible,colorado
partial_restoration,44,0.0004417624567039078,MI_minus_SI_flexible,colorado
partial_restoration,45,-0.006208517203510631,MI_minus_SI_flexible,colorado
partial_restoration,46,-0.0038245355191152777,MI_minus_SI_flexible,colorado
partial_restoration,47,-0.007941947050342681,MI_minus_SI_flexible,colorado
partial_restoration,48,-0.002941388564292851,MI_minus_SI_flexible,colorado
partial_restoration,49,-0.03245689803676099,MI_minus_SI_flexible,colorado
partial_restoration,50,-0.009655694547929652,MI_minus_SI_flexible,colorado
partial_restoration,51,0.0033217067211412273,MI_minus_SI_flexible,colorado
recovery_0_6,26,-0.0018652108241458082,MI_minus_SI_flexible,colorado
recovery_0_6,27,0.0001195114395485838,MI_minus_SI_flexible,colorado
recovery_0_6,28,0.00037798586634752606,MI_minus_SI_flexible,colorado
recovery_0_6,29,-0.0001619658273724131,MI_minus_SI_flexible,colorado
recovery_0_6,30,0.00013434184199833326,MI_minus_SI_flexible,colorado
recovery_0_6,31,0.00032695896332782384,MI_minus_SI_flexible,colorado
recovery_0_6,32,-0.002729485561923067,MI_minus_SI_flexible,colorado
recovery_0_6,33,5.363324721293181e-05,MI_minus_SI_flexible,colorado
recovery_0_6,34,-0.0012187548936856117,MI_minus_SI_flexible,colorado
recovery_0_6,35,-8.06325831431907e-05,MI_minus_SI_flexible,colorado
recovery_0_6,36,-0.002201304850084401,MI_minus_SI_flexible,colorado
recovery_0_6,37,-0.00014515609645615097,MI_minus_SI_flexible,colorado
recovery_0_6,38,-8.0953762212251e-18,MI_minus_SI_flexible,colorado
recovery_0_6,39,-0.0028388934164223735,MI_minus_SI_flexible,colorado
recovery_0_6,40,-0.002306532519733877,MI_minus_SI_flexible,colorado
recovery_0_6,41,1.1386954384976117e-05,MI_minus_SI_flexible,colorado
recovery_0_6,42,-0.001238384415870914,MI_minus_SI_flexible,colorado
recovery_0_6,43,-3.932039878880763e-17,MI_minus_SI_flexible,colorado
recovery_0_6,44,1.0986582014519778e-17,MI_minus_SI_flexible,colorado
recovery_0_6,45,-0.0032461214095291444,MI_minus_SI_flexible,colorado
recovery_0_6,46,-0.0009263047334063231,MI_minus_SI_flexible,colorado
recovery_0_6,47,-0.0023074356621450983,MI_minus_SI_flexible,colorado
recovery_0_6,48,-0.0037298544110293463,MI_minus_SI_flexible,colorado
recovery_0_6,49,-0.0013968422086946975,MI_minus_SI_flexible,colorado
recovery_0_6,50,-0.006187618440809434,MI_minus_SI_flexible,colorado
recovery_0_6,51,0.001673560087590518,MI_minus_SI_flexible,colorado
recovery_6_24,26,-0.0001607278961863886,MI_minus_SI_flexible,colorado
recovery_6_24,27,-0.0008492317077100981,MI_minus_SI_flexible,colorado
recovery_6_24,28,-0.0008204476173703614,MI_minus_SI_flexible,colorado
recovery_6_24,29,0.000555898670809511,MI_minus_SI_flexible,colorado
recovery_6_24,30,-0.0007268874821155923,MI_minus_SI_flexible,colorado
recovery_6_24,31,-0.0007673724001055463,MI_minus_SI_flexible,colorado
recovery_6_24,32,0.0001394851855941988,MI_minus_SI_flexible,colorado
recovery_6_24,33,0.0002658676168984206,MI_minus_SI_flexible,colorado
recovery_6_24,34,-0.0004081612676375529,MI_minus_SI_flexible,colorado
recovery_6_24,35,-0.0011548917850632227,MI_minus_SI_flexible,colorado
recovery_6_24,36,-0.0022620316789764517,MI_minus_SI_flexible,colorado
recovery_6_24,37,-0.0005512621131299355,MI_minus_SI_flexible,colorado
recovery_6_24,38,0.0001927423387765137,MI_minus_SI_flexible,colorado
recovery_6_24,39,2.3550568533513806e-05,MI_minus_SI_flexible,colorado
recovery_6_24,40,7.848309711681183e-05,MI_minus_SI_flexible,colorado
recovery_6_24,41,0.0003069820858340292,MI_minus_SI_flexible,colorado
recovery_6_24,42,0.0001495168731785964,MI_minus_SI_flexible,colorado
recovery_6_24,43,-0.0004830250417303906,MI_minus_SI_flexible,colorado
recovery_6_24,44,0.00025388544706270367,MI_minus_SI_flexible,colorado
recovery_6_24,45,0.0004871153421885304,MI_minus_SI_flexible,colorado
recovery_6_24,46,0.0011632009777861087,MI_minus_SI_flexible,colorado
recovery_6_24,47,-0.0008794317248479826,MI_minus_SI_flexible,colorado
recovery_6_24,48,-0.0007942664174599548,MI_minus_SI_flexible,colorado
recovery_6_24,49,-0.0006621157963578985,MI_minus_SI_flexible,colorado
recovery_6_24,50,-0.0012571651977867067,MI_minus_SI_flexible,colorado
recovery_6_24,51,-0.002005416999761193,MI_minus_SI_flexible,colorado
outage,26,0.0,joint_gradual_minus_immediate__quantile_flexible,colorado
outage,27,0.0,joint_gradual_minus_immediate__quantile_flexible,colorado
outage,28,0.0,joint_gradual_minus_immediate__quantile_flexible,colorado
outage,29,0.0,joint_gradual_minus_immediate__quantile_flexible,colorado
outage,30,0.0,joint_gradual_minus_immediate__quantile_flexible,colorado
outage,31,0.0,joint_gradual_minus_immediate__quantile_flexible,colorado
outage,32,0.0,joint_gradual_minus_immediate__quantile_flexible,colorado
outage,33,0.0,joint_gradual_minus_immediate__quantile_flexible,colorado
outage,34,0.0,joint_gradual_minus_immediate__quantile_flexible,colorado
outage,35,0.0,joint_gradual_minus_immediate__quantile_flexible,colorado
outage,36,0.0,joint_gradual_minus_immediate__quantile_flexible,colorado
outage,37,0.0,joint_gradual_minus_immediate__quantile_flexible,colorado
outage,38,0.0,joint_gradual_minus_immediate__quantile_flexible,colorado
outage,39,0.0,joint_gradual_minus_immediate__quantile_flexible,colorado
outage,40,0.0,joint_gradual_minus_immediate__quantile_flexible,colorado
outage,41,0.0,joint_gradual_minus_immediate__quantile_flexible,colorado
outage,42,0.0,joint_gradual_minus_immediate__quantile_flexible,colorado
outage,43,0.0,joint_gradual_minus_immediate__quantile_flexible,colorado
outage,44,0.0,joint_gradual_minus_immediate__quantile_flexible,colorado
outage,45,0.0,joint_gradual_minus_immediate__quantile_flexible,colorado
outage,46,0.0,joint_gradual_minus_immediate__quantile_flexible,colorado
outage,47,0.0,joint_gradual_minus_immediate__quantile_flexible,colorado
outage,48,0.0,joint_gradual_minus_immediate__quantile_flexible,colorado
outage,49,0.0,joint_gradual_minus_immediate__quantile_flexible,colorado
outage,50,0.0,joint_gradual_minus_immediate__quantile_flexible,colorado
outage,51,0.0,joint_gradual_minus_immediate__quantile_flexible,colorado
recovery_0_6,26,-0.0011693288738071125,joint_gradual_minus_immediate__quantile_flexible,colorado
recovery_0_6,27,0.0,joint_gradual_minus_immediate__quantile_flexible,colorado
recovery_0_6,28,0.003269204555659138,joint_gradual_minus_immediate__quantile_flexible,colorado
recovery_0_6,29,0.0029087425794003642,joint_gradual_minus_immediate__quantile_flexible,colorado
recovery_0_6,30,0.0024639542900974864,joint_gradual_minus_immediate__quantile_flexible,colorado
recovery_0_6,31,0.0,joint_gradual_minus_immediate__quantile_flexible,colorado
recovery_0_6,32,-0.002650850862026221,joint_gradual_minus_immediate__quantile_flexible,colorado
recovery_0_6,34,-0.00045675332016537583,joint_gradual_minus_immediate__quantile_flexible,colorado
recovery_0_6,35,0.0,joint_gradual_minus_immediate__quantile_flexible,colorado
recovery_0_6,36,0.011063484558023574,joint_gradual_minus_immediate__quantile_flexible,colorado
recovery_0_6,37,0.004288725173659721,joint_gradual_minus_immediate__quantile_flexible,colorado
recovery_0_6,39,8.697510493992711e-05,joint_gradual_minus_immediate__quantile_flexible,colorado
recovery_0_6,40,0.014303391806541972,joint_gradual_minus_immediate__quantile_flexible,colorado
recovery_0_6,41,0.0,joint_gradual_minus_immediate__quantile_flexible,colorado
recovery_0_6,42,0.004184501362995524,joint_gradual_minus_immediate__quantile_flexible,colorado
recovery_0_6,45,0.017652978850519627,joint_gradual_minus_immediate__quantile_flexible,colorado
recovery_0_6,46,0.00541452932556802,joint_gradual_minus_immediate__quantile_flexible,colorado
recovery_0_6,47,-0.0007113600736063747,joint_gradual_minus_immediate__quantile_flexible,colorado
recovery_0_6,48,-7.403788332797923e-06,joint_gradual_minus_immediate__quantile_flexible,colorado
recovery_0_6,49,0.021494587585277964,joint_gradual_minus_immediate__quantile_flexible,colorado
recovery_0_6,50,-0.001778014036614857,joint_gradual_minus_immediate__quantile_flexible,colorado
recovery_0_6,51,-0.0001004296291749994,joint_gradual_minus_immediate__quantile_flexible,colorado
recovery_6_24,26,0.0,joint_gradual_minus_immediate__quantile_flexible,colorado
recovery_6_24,27,0.0,joint_gradual_minus_immediate__quantile_flexible,colorado
recovery_6_24,28,0.0,joint_gradual_minus_immediate__quantile_flexible,colorado
recovery_6_24,29,0.0,joint_gradual_minus_immediate__quantile_flexible,colorado
recovery_6_24,30,0.0,joint_gradual_minus_immediate__quantile_flexible,colorado
recovery_6_24,31,0.0,joint_gradual_minus_immediate__quantile_flexible,colorado
recovery_6_24,32,0.0,joint_gradual_minus_immediate__quantile_flexible,colorado
recovery_6_24,33,0.0,joint_gradual_minus_immediate__quantile_flexible,colorado
recovery_6_24,34,0.0,joint_gradual_minus_immediate__quantile_flexible,colorado
recovery_6_24,35,0.0,joint_gradual_minus_immediate__quantile_flexible,colorado
recovery_6_24,36,0.0,joint_gradual_minus_immediate__quantile_flexible,colorado
recovery_6_24,37,0.0,joint_gradual_minus_immediate__quantile_flexible,colorado
recovery_6_24,38,0.0,joint_gradual_minus_immediate__quantile_flexible,colorado
recovery_6_24,39,0.0,joint_gradual_minus_immediate__quantile_flexible,colorado
recovery_6_24,40,0.0,joint_gradual_minus_immediate__quantile_flexible,colorado
recovery_6_24,41,0.0,joint_gradual_minus_immediate__quantile_flexible,colorado
recovery_6_24,42,0.0,joint_gradual_minus_immediate__quantile_flexible,colorado
recovery_6_24,43,0.0,joint_gradual_minus_immediate__quantile_flexible,colorado
recovery_6_24,44,0.0,joint_gradual_minus_immediate__quantile_flexible,colorado
recovery_6_24,45,0.0,joint_gradual_minus_immediate__quantile_flexible,colorado
recovery_6_24,46,0.0,joint_gradual_minus_immediate__quantile_flexible,colorado
recovery_6_24,47,0.0,joint_gradual_minus_immediate__quantile_flexible,colorado
recovery_6_24,48,0.0,joint_gradual_minus_immediate__quantile_flexible,colorado
recovery_6_24,49,0.0,joint_gradual_minus_immediate__quantile_flexible,colorado
recovery_6_24,50,0.0,joint_gradual_minus_immediate__quantile_flexible,colorado
recovery_6_24,51,0.0,joint_gradual_minus_immediate__quantile_flexible,colorado
outage,26,0.0,joint_none_minus_immediate__quantile_flexible,colorado
outage,27,0.0,joint_none_minus_immediate__quantile_flexible,colorado
outage,28,0.0,joint_none_minus_immediate__quantile_flexible,colorado
outage,29,0.0,joint_none_minus_immediate__quantile_flexible,colorado
outage,30,0.0,joint_none_minus_immediate__quantile_flexible,colorado
outage,31,0.0,joint_none_minus_immediate__quantile_flexible,colorado
outage,32,0.0,joint_none_minus_immediate__quantile_flexible,colorado
outage,33,0.0,joint_none_minus_immediate__quantile_flexible,colorado
outage,34,0.0,joint_none_minus_immediate__quantile_flexible,colorado
outage,35,0.0,joint_none_minus_immediate__quantile_flexible,colorado
outage,36,0.0,joint_none_minus_immediate__quantile_flexible,colorado
outage,37,0.0,joint_none_minus_immediate__quantile_flexible,colorado
outage,38,0.0,joint_none_minus_immediate__quantile_flexible,colorado
outage,39,0.0,joint_none_minus_immediate__quantile_flexible,colorado
outage,40,0.0,joint_none_minus_immediate__quantile_flexible,colorado
outage,41,0.0,joint_none_minus_immediate__quantile_flexible,colorado
outage,42,0.0,joint_none_minus_immediate__quantile_flexible,colorado
outage,43,0.0,joint_none_minus_immediate__quantile_flexible,colorado
outage,44,0.0,joint_none_minus_immediate__quantile_flexible,colorado
outage,45,0.0,joint_none_minus_immediate__quantile_flexible,colorado
outage,46,0.0,joint_none_minus_immediate__quantile_flexible,colorado
outage,47,0.0,joint_none_minus_immediate__quantile_flexible,colorado
outage,48,0.0,joint_none_minus_immediate__quantile_flexible,colorado
outage,49,0.0,joint_none_minus_immediate__quantile_flexible,colorado
outage,50,0.0,joint_none_minus_immediate__quantile_flexible,colorado
outage,51,0.0,joint_none_minus_immediate__quantile_flexible,colorado
recovery_0_6,26,-0.0006942241529513901,joint_none_minus_immediate__quantile_flexible,colorado
recovery_0_6,27,0.015190694805511842,joint_none_minus_immediate__quantile_flexible,colorado
recovery_0_6,28,0.0034423934789363673,joint_none_minus_immediate__quantile_flexible,colorado
recovery_0_6,29,0.0034742102023721257,joint_none_minus_immediate__quantile_flexible,colorado
recovery_0_6,30,0.0026870741568478045,joint_none_minus_immediate__quantile_flexible,colorado
recovery_0_6,31,0.011976698443310516,joint_none_minus_immediate__quantile_flexible,colorado
recovery_0_6,32,-0.0015214163947492624,joint_none_minus_immediate__quantile_flexible,colorado
recovery_0_6,34,0.006437209610732661,joint_none_minus_immediate__quantile_flexible,colorado
recovery_0_6,35,-0.001214207895329316,joint_none_minus_immediate__quantile_flexible,colorado
recovery_0_6,36,0.01759826080870797,joint_none_minus_immediate__quantile_flexible,colorado
recovery_0_6,37,0.005482342551114268,joint_none_minus_immediate__quantile_flexible,colorado
recovery_0_6,39,-0.001233237411258663,joint_none_minus_immediate__quantile_flexible,colorado
recovery_0_6,40,0.017399717358249703,joint_none_minus_immediate__quantile_flexible,colorado
recovery_0_6,41,0.0006741532887055779,joint_none_minus_immediate__quantile_flexible,colorado
recovery_0_6,42,0.00783244134205146,joint_none_minus_immediate__quantile_flexible,colorado
recovery_0_6,45,0.020049462360408877,joint_none_minus_immediate__quantile_flexible,colorado
recovery_0_6,46,0.00595393080578407,joint_none_minus_immediate__quantile_flexible,colorado
recovery_0_6,47,-0.004706093183298003,joint_none_minus_immediate__quantile_flexible,colorado
recovery_0_6,48,0.009507039392181416,joint_none_minus_immediate__quantile_flexible,colorado
recovery_0_6,49,0.037954484646406515,joint_none_minus_immediate__quantile_flexible,colorado
recovery_0_6,50,-0.018877695817902194,joint_none_minus_immediate__quantile_flexible,colorado
recovery_0_6,51,-0.0001004296291749994,joint_none_minus_immediate__quantile_flexible,colorado
recovery_6_24,26,0.0055590057076662334,joint_none_minus_immediate__quantile_flexible,colorado
recovery_6_24,27,0.013885606473665655,joint_none_minus_immediate__quantile_flexible,colorado
recovery_6_24,28,0.0033048403652404493,joint_none_minus_immediate__quantile_flexible,colorado
recovery_6_24,29,-0.00825186177423814,joint_none_minus_immediate__quantile_flexible,colorado
recovery_6_24,30,0.009167051769057187,joint_none_minus_immediate__quantile_flexible,colorado
recovery_6_24,31,0.011282589292580001,joint_none_minus_immediate__quantile_flexible,colorado
recovery_6_24,32,0.0072438441904839525,joint_none_minus_immediate__quantile_flexible,colorado
recovery_6_24,33,-0.011849601840768683,joint_none_minus_immediate__quantile_flexible,colorado
recovery_6_24,34,0.0013814397788843985,joint_none_minus_immediate__quantile_flexible,colorado
recovery_6_24,35,-0.0057451835570152595,joint_none_minus_immediate__quantile_flexible,colorado
recovery_6_24,36,0.004565079233960947,joint_none_minus_immediate__quantile_flexible,colorado
recovery_6_24,37,-0.006903871206719858,joint_none_minus_immediate__quantile_flexible,colorado
recovery_6_24,38,0.021344029335946136,joint_none_minus_immediate__quantile_flexible,colorado
recovery_6_24,39,-0.0009526984580540071,joint_none_minus_immediate__quantile_flexible,colorado
recovery_6_24,40,0.005766206899079802,joint_none_minus_immediate__quantile_flexible,colorado
recovery_6_24,41,0.005632566700707824,joint_none_minus_immediate__quantile_flexible,colorado
recovery_6_24,42,0.0065508999858058855,joint_none_minus_immediate__quantile_flexible,colorado
recovery_6_24,43,0.010837217995063287,joint_none_minus_immediate__quantile_flexible,colorado
recovery_6_24,44,0.022517614638563554,joint_none_minus_immediate__quantile_flexible,colorado
recovery_6_24,45,-0.0024254725615551064,joint_none_minus_immediate__quantile_flexible,colorado
recovery_6_24,46,0.007227001221271965,joint_none_minus_immediate__quantile_flexible,colorado
recovery_6_24,47,0.004877368292680224,joint_none_minus_immediate__quantile_flexible,colorado
recovery_6_24,48,0.009242169560970745,joint_none_minus_immediate__quantile_flexible,colorado
recovery_6_24,49,0.002448557182955063,joint_none_minus_immediate__quantile_flexible,colorado
recovery_6_24,50,0.02208016380103065,joint_none_minus_immediate__quantile_flexible,colorado
recovery_6_24,51,-0.0012008629605795129,joint_none_minus_immediate__quantile_flexible,colorado
outage,26,0.0,joint_gradual_minus_immediate__single_imputation_compact,colorado
outage,27,0.0,joint_gradual_minus_immediate__single_imputation_compact,colorado
outage,28,0.0,joint_gradual_minus_immediate__single_imputation_compact,colorado
outage,29,0.0,joint_gradual_minus_immediate__single_imputation_compact,colorado
outage,30,0.0,joint_gradual_minus_immediate__single_imputation_compact,colorado
outage,31,0.0,joint_gradual_minus_immediate__single_imputation_compact,colorado
outage,32,0.0,joint_gradual_minus_immediate__single_imputation_compact,colorado
outage,33,0.0,joint_gradual_minus_immediate__single_imputation_compact,colorado
outage,34,0.0,joint_gradual_minus_immediate__single_imputation_compact,colorado
outage,35,0.0,joint_gradual_minus_immediate__single_imputation_compact,colorado
outage,36,0.0,joint_gradual_minus_immediate__single_imputation_compact,colorado
outage,37,0.0,joint_gradual_minus_immediate__single_imputation_compact,colorado
outage,38,0.0,joint_gradual_minus_immediate__single_imputation_compact,colorado
outage,39,0.0,joint_gradual_minus_immediate__single_imputation_compact,colorado
outage,40,0.0,joint_gradual_minus_immediate__single_imputation_compact,colorado
outage,41,0.0,joint_gradual_minus_immediate__single_imputation_compact,colorado
outage,42,0.0,joint_gradual_minus_immediate__single_imputation_compact,colorado
outage,43,0.0,joint_gradual_minus_immediate__single_imputation_compact,colorado
outage,44,0.0,joint_gradual_minus_immediate__single_imputation_compact,colorado
outage,45,0.0,joint_gradual_minus_immediate__single_imputation_compact,colorado
outage,46,0.0,joint_gradual_minus_immediate__single_imputation_compact,colorado
outage,47,0.0,joint_gradual_minus_immediate__single_imputation_compact,colorado
outage,48,0.0,joint_gradual_minus_immediate__single_imputation_compact,colorado
outage,49,0.0,joint_gradual_minus_immediate__single_imputation_compact,colorado
outage,50,0.0,joint_gradual_minus_immediate__single_imputation_compact,colorado
outage,51,0.0,joint_gradual_minus_immediate__single_imputation_compact,colorado
recovery_0_6,26,0.0036985569932545827,joint_gradual_minus_immediate__single_imputation_compact,colorado
recovery_0_6,27,0.0,joint_gradual_minus_immediate__single_imputation_compact,colorado
recovery_0_6,28,-0.0001268568667901593,joint_gradual_minus_immediate__single_imputation_compact,colorado
recovery_0_6,29,-0.0005347677260377836,joint_gradual_minus_immediate__single_imputation_compact,colorado
recovery_0_6,30,5.871242414097188e-05,joint_gradual_minus_immediate__single_imputation_compact,colorado
recovery_0_6,31,0.0,joint_gradual_minus_immediate__single_imputation_compact,colorado
recovery_0_6,32,-0.0003302868330328672,joint_gradual_minus_immediate__single_imputation_compact,colorado
recovery_0_6,34,-0.00014282855880253347,joint_gradual_minus_immediate__single_imputation_compact,colorado
recovery_0_6,35,0.0,joint_gradual_minus_immediate__single_imputation_compact,colorado
recovery_0_6,36,-0.003471204981245435,joint_gradual_minus_immediate__single_imputation_compact,colorado
recovery_0_6,37,0.001255503850205533,joint_gradual_minus_immediate__single_imputation_compact,colorado
recovery_0_6,39,-0.0002127731349208903,joint_gradual_minus_immediate__single_imputation_compact,colorado
recovery_0_6,40,0.006322163294601948,joint_gradual_minus_immediate__single_imputation_compact,colorado
recovery_0_6,41,0.0,joint_gradual_minus_immediate__single_imputation_compact,colorado
recovery_0_6,42,0.0027330821725703273,joint_gradual_minus_immediate__single_imputation_compact,colorado
recovery_0_6,45,0.011013318557626666,joint_gradual_minus_immediate__single_imputation_compact,colorado
recovery_0_6,46,0.005039611929390798,joint_gradual_minus_immediate__single_imputation_compact,colorado
recovery_0_6,47,-0.0003699809396310678,joint_gradual_minus_immediate__single_imputation_compact,colorado
recovery_0_6,48,0.00010142230119901119,joint_gradual_minus_immediate__single_imputation_compact,colorado
recovery_0_6,49,0.0008517131014282988,joint_gradual_minus_immediate__single_imputation_compact,colorado
recovery_0_6,50,0.0014894513215736435,joint_gradual_minus_immediate__single_imputation_compact,colorado
recovery_0_6,51,-0.0027051939212121637,joint_gradual_minus_immediate__single_imputation_compact,colorado
recovery_6_24,26,0.0,joint_gradual_minus_immediate__single_imputation_compact,colorado
recovery_6_24,27,0.0,joint_gradual_minus_immediate__single_imputation_compact,colorado
recovery_6_24,28,0.0,joint_gradual_minus_immediate__single_imputation_compact,colorado
recovery_6_24,29,0.0,joint_gradual_minus_immediate__single_imputation_compact,colorado
recovery_6_24,30,0.0,joint_gradual_minus_immediate__single_imputation_compact,colorado
recovery_6_24,31,0.0,joint_gradual_minus_immediate__single_imputation_compact,colorado
recovery_6_24,32,0.0,joint_gradual_minus_immediate__single_imputation_compact,colorado
recovery_6_24,33,0.0,joint_gradual_minus_immediate__single_imputation_compact,colorado
recovery_6_24,34,0.0,joint_gradual_minus_immediate__single_imputation_compact,colorado
recovery_6_24,35,0.0,joint_gradual_minus_immediate__single_imputation_compact,colorado
recovery_6_24,36,0.0,joint_gradual_minus_immediate__single_imputation_compact,colorado
recovery_6_24,37,0.0,joint_gradual_minus_immediate__single_imputation_compact,colorado
recovery_6_24,38,0.0,joint_gradual_minus_immediate__single_imputation_compact,colorado
recovery_6_24,39,0.0,joint_gradual_minus_immediate__single_imputation_compact,colorado
recovery_6_24,40,0.0,joint_gradual_minus_immediate__single_imputation_compact,colorado
recovery_6_24,41,0.0,joint_gradual_minus_immediate__single_imputation_compact,colorado
recovery_6_24,42,0.0,joint_gradual_minus_immediate__single_imputation_compact,colorado
recovery_6_24,43,0.0,joint_gradual_minus_immediate__single_imputation_compact,colorado
recovery_6_24,44,0.0,joint_gradual_minus_immediate__single_imputation_compact,colorado
recovery_6_24,45,0.0,joint_gradual_minus_immediate__single_imputation_compact,colorado
recovery_6_24,46,0.0,joint_gradual_minus_immediate__single_imputation_compact,colorado
recovery_6_24,47,0.0,joint_gradual_minus_immediate__single_imputation_compact,colorado
recovery_6_24,48,0.0,joint_gradual_minus_immediate__single_imputation_compact,colorado
recovery_6_24,49,0.0,joint_gradual_minus_immediate__single_imputation_compact,colorado
recovery_6_24,50,0.0,joint_gradual_minus_immediate__single_imputation_compact,colorado
recovery_6_24,51,0.0,joint_gradual_minus_immediate__single_imputation_compact,colorado
outage,26,0.0,joint_none_minus_immediate__single_imputation_compact,colorado
outage,27,0.0,joint_none_minus_immediate__single_imputation_compact,colorado
outage,28,0.0,joint_none_minus_immediate__single_imputation_compact,colorado
outage,29,0.0,joint_none_minus_immediate__single_imputation_compact,colorado
outage,30,0.0,joint_none_minus_immediate__single_imputation_compact,colorado
outage,31,0.0,joint_none_minus_immediate__single_imputation_compact,colorado
outage,32,0.0,joint_none_minus_immediate__single_imputation_compact,colorado
outage,33,0.0,joint_none_minus_immediate__single_imputation_compact,colorado
outage,34,0.0,joint_none_minus_immediate__single_imputation_compact,colorado
outage,35,0.0,joint_none_minus_immediate__single_imputation_compact,colorado
outage,36,0.0,joint_none_minus_immediate__single_imputation_compact,colorado
outage,37,0.0,joint_none_minus_immediate__single_imputation_compact,colorado
outage,38,0.0,joint_none_minus_immediate__single_imputation_compact,colorado
outage,39,0.0,joint_none_minus_immediate__single_imputation_compact,colorado
outage,40,0.0,joint_none_minus_immediate__single_imputation_compact,colorado
outage,41,0.0,joint_none_minus_immediate__single_imputation_compact,colorado
outage,42,0.0,joint_none_minus_immediate__single_imputation_compact,colorado
outage,43,0.0,joint_none_minus_immediate__single_imputation_compact,colorado
outage,44,0.0,joint_none_minus_immediate__single_imputation_compact,colorado
outage,45,0.0,joint_none_minus_immediate__single_imputation_compact,colorado
outage,46,0.0,joint_none_minus_immediate__single_imputation_compact,colorado
outage,47,0.0,joint_none_minus_immediate__single_imputation_compact,colorado
outage,48,0.0,joint_none_minus_immediate__single_imputation_compact,colorado
outage,49,0.0,joint_none_minus_immediate__single_imputation_compact,colorado
outage,50,0.0,joint_none_minus_immediate__single_imputation_compact,colorado
outage,51,0.0,joint_none_minus_immediate__single_imputation_compact,colorado
recovery_0_6,26,0.0028547178433081205,joint_none_minus_immediate__single_imputation_compact,colorado
recovery_0_6,27,-0.00024741459472642804,joint_none_minus_immediate__single_imputation_compact,colorado
recovery_0_6,28,-0.0001271106326649023,joint_none_minus_immediate__single_imputation_compact,colorado
recovery_0_6,29,-0.0005175015038736373,joint_none_minus_immediate__single_imputation_compact,colorado
recovery_0_6,30,5.871242414097188e-05,joint_none_minus_immediate__single_imputation_compact,colorado
recovery_0_6,31,-0.002341502165026815,joint_none_minus_immediate__single_imputation_compact,colorado
recovery_0_6,32,-0.0015266396254892242,joint_none_minus_immediate__single_imputation_compact,colorado
recovery_0_6,34,-0.0024605531698670886,joint_none_minus_immediate__single_imputation_compact,colorado
recovery_0_6,35,0.0001339568988723792,joint_none_minus_immediate__single_imputation_compact,colorado
recovery_0_6,36,-0.005171034768676155,joint_none_minus_immediate__single_imputation_compact,colorado
recovery_0_6,37,0.0009362456148311642,joint_none_minus_immediate__single_imputation_compact,colorado
recovery_0_6,39,-0.0017518106579343627,joint_none_minus_immediate__single_imputation_compact,colorado
recovery_0_6,40,0.007534315555028469,joint_none_minus_immediate__single_imputation_compact,colorado
recovery_0_6,41,-0.0011887863933948313,joint_none_minus_immediate__single_imputation_compact,colorado
recovery_0_6,42,0.005505866733954096,joint_none_minus_immediate__single_imputation_compact,colorado
recovery_0_6,45,0.003764766681239512,joint_none_minus_immediate__single_imputation_compact,colorado
recovery_0_6,46,0.0037267239213562334,joint_none_minus_immediate__single_imputation_compact,colorado
recovery_0_6,47,-0.002969090391498892,joint_none_minus_immediate__single_imputation_compact,colorado
recovery_0_6,48,-0.0008028882782848149,joint_none_minus_immediate__single_imputation_compact,colorado
recovery_0_6,49,0.0011675910202671054,joint_none_minus_immediate__single_imputation_compact,colorado
recovery_0_6,50,0.0067947631953981435,joint_none_minus_immediate__single_imputation_compact,colorado
recovery_0_6,51,-0.0027051939212121637,joint_none_minus_immediate__single_imputation_compact,colorado
recovery_6_24,26,0.0003747576240497908,joint_none_minus_immediate__single_imputation_compact,colorado
recovery_6_24,27,0.007816428962441876,joint_none_minus_immediate__single_imputation_compact,colorado
recovery_6_24,28,-0.00046105172621842874,joint_none_minus_immediate__single_imputation_compact,colorado
recovery_6_24,29,-0.00419628392090985,joint_none_minus_immediate__single_imputation_compact,colorado
recovery_6_24,30,0.003562019138074247,joint_none_minus_immediate__single_imputation_compact,colorado
recovery_6_24,31,0.00145775907426681,joint_none_minus_immediate__single_imputation_compact,colorado
recovery_6_24,32,-0.00016593300631116573,joint_none_minus_immediate__single_imputation_compact,colorado
recovery_6_24,33,-0.0006439594031638757,joint_none_minus_immediate__single_imputation_compact,colorado
recovery_6_24,34,-0.014629263465607325,joint_none_minus_immediate__single_imputation_compact,colorado
recovery_6_24,35,-0.004758935111317007,joint_none_minus_immediate__single_imputation_compact,colorado
recovery_6_24,36,0.0009631282749766315,joint_none_minus_immediate__single_imputation_compact,colorado
recovery_6_24,37,-0.00047421980665536686,joint_none_minus_immediate__single_imputation_compact,colorado
recovery_6_24,38,0.004146779426499462,joint_none_minus_immediate__single_imputation_compact,colorado
recovery_6_24,39,0.0014381205791504908,joint_none_minus_immediate__single_imputation_compact,colorado
recovery_6_24,40,0.00062555844196673,joint_none_minus_immediate__single_imputation_compact,colorado
recovery_6_24,41,-0.00812266134927714,joint_none_minus_immediate__single_imputation_compact,colorado
recovery_6_24,42,-0.0004938387848179737,joint_none_minus_immediate__single_imputation_compact,colorado
recovery_6_24,43,0.0014341684753237404,joint_none_minus_immediate__single_imputation_compact,colorado
recovery_6_24,44,0.002917825802154017,joint_none_minus_immediate__single_imputation_compact,colorado
recovery_6_24,45,-0.0047457722209375735,joint_none_minus_immediate__single_imputation_compact,colorado
recovery_6_24,46,0.009679888231796552,joint_none_minus_immediate__single_imputation_compact,colorado
recovery_6_24,47,0.001208514855527427,joint_none_minus_immediate__single_imputation_compact,colorado
recovery_6_24,48,-0.01872368867427793,joint_none_minus_immediate__single_imputation_compact,colorado
recovery_6_24,49,0.000906446152794495,joint_none_minus_immediate__single_imputation_compact,colorado
recovery_6_24,50,0.01431953767429411,joint_none_minus_immediate__single_imputation_compact,colorado
recovery_6_24,51,-0.011934141117283258,joint_none_minus_immediate__single_imputation_compact,colorado
outage,26,0.0,joint_gradual_minus_immediate__multiple_imputation_compact,colorado
outage,27,0.0,joint_gradual_minus_immediate__multiple_imputation_compact,colorado
outage,28,0.0,joint_gradual_minus_immediate__multiple_imputation_compact,colorado
outage,29,0.0,joint_gradual_minus_immediate__multiple_imputation_compact,colorado
outage,30,0.0,joint_gradual_minus_immediate__multiple_imputation_compact,colorado
outage,31,0.0,joint_gradual_minus_immediate__multiple_imputation_compact,colorado
outage,32,0.0,joint_gradual_minus_immediate__multiple_imputation_compact,colorado
outage,33,0.0,joint_gradual_minus_immediate__multiple_imputation_compact,colorado
outage,34,0.0,joint_gradual_minus_immediate__multiple_imputation_compact,colorado
outage,35,0.0,joint_gradual_minus_immediate__multiple_imputation_compact,colorado
outage,36,0.0,joint_gradual_minus_immediate__multiple_imputation_compact,colorado
outage,37,0.0,joint_gradual_minus_immediate__multiple_imputation_compact,colorado
outage,38,0.0,joint_gradual_minus_immediate__multiple_imputation_compact,colorado
outage,39,0.0,joint_gradual_minus_immediate__multiple_imputation_compact,colorado
outage,40,0.0,joint_gradual_minus_immediate__multiple_imputation_compact,colorado
outage,41,0.0,joint_gradual_minus_immediate__multiple_imputation_compact,colorado
outage,42,0.0,joint_gradual_minus_immediate__multiple_imputation_compact,colorado
outage,43,0.0,joint_gradual_minus_immediate__multiple_imputation_compact,colorado
outage,44,0.0,joint_gradual_minus_immediate__multiple_imputation_compact,colorado
outage,45,0.0,joint_gradual_minus_immediate__multiple_imputation_compact,colorado
outage,46,0.0,joint_gradual_minus_immediate__multiple_imputation_compact,colorado
outage,47,0.0,joint_gradual_minus_immediate__multiple_imputation_compact,colorado
outage,48,0.0,joint_gradual_minus_immediate__multiple_imputation_compact,colorado
outage,49,0.0,joint_gradual_minus_immediate__multiple_imputation_compact,colorado
outage,50,0.0,joint_gradual_minus_immediate__multiple_imputation_compact,colorado
outage,51,0.0,joint_gradual_minus_immediate__multiple_imputation_compact,colorado
recovery_0_6,26,-0.00012757531694282826,joint_gradual_minus_immediate__multiple_imputation_compact,colorado
recovery_0_6,27,0.0,joint_gradual_minus_immediate__multiple_imputation_compact,colorado
recovery_0_6,28,7.717439390383697e-05,joint_gradual_minus_immediate__multiple_imputation_compact,colorado
recovery_0_6,29,-0.0003788654432557402,joint_gradual_minus_immediate__multiple_imputation_compact,colorado
recovery_0_6,30,0.00018247348486093856,joint_gradual_minus_immediate__multiple_imputation_compact,colorado
recovery_0_6,31,0.0,joint_gradual_minus_immediate__multiple_imputation_compact,colorado
recovery_0_6,32,-0.0023673215886684503,joint_gradual_minus_immediate__multiple_imputation_compact,colorado
recovery_0_6,34,-9.623541666907674e-05,joint_gradual_minus_immediate__multiple_imputation_compact,colorado
recovery_0_6,35,0.0,joint_gradual_minus_immediate__multiple_imputation_compact,colorado
recovery_0_6,36,-0.0023500029019853314,joint_gradual_minus_immediate__multiple_imputation_compact,colorado
recovery_0_6,37,0.0011323514667190037,joint_gradual_minus_immediate__multiple_imputation_compact,colorado
recovery_0_6,39,-0.0023272675854623206,joint_gradual_minus_immediate__multiple_imputation_compact,colorado
recovery_0_6,40,0.004171683066087467,joint_gradual_minus_immediate__multiple_imputation_compact,colorado
recovery_0_6,41,0.0,joint_gradual_minus_immediate__multiple_imputation_compact,colorado
recovery_0_6,42,0.0004755291486033517,joint_gradual_minus_immediate__multiple_imputation_compact,colorado
recovery_0_6,45,0.005967838913734425,joint_gradual_minus_immediate__multiple_imputation_compact,colorado
recovery_0_6,46,0.0027105506635361895,joint_gradual_minus_immediate__multiple_imputation_compact,colorado
recovery_0_6,47,-0.000415687693198757,joint_gradual_minus_immediate__multiple_imputation_compact,colorado
recovery_0_6,48,4.799602134620412e-06,joint_gradual_minus_immediate__multiple_imputation_compact,colorado
recovery_0_6,49,-0.003910046553222641,joint_gradual_minus_immediate__multiple_imputation_compact,colorado
recovery_0_6,50,0.0003023499648235721,joint_gradual_minus_immediate__multiple_imputation_compact,colorado
recovery_0_6,51,-0.001876155338396442,joint_gradual_minus_immediate__multiple_imputation_compact,colorado
recovery_6_24,26,0.0,joint_gradual_minus_immediate__multiple_imputation_compact,colorado
recovery_6_24,27,0.0,joint_gradual_minus_immediate__multiple_imputation_compact,colorado
recovery_6_24,28,0.0,joint_gradual_minus_immediate__multiple_imputation_compact,colorado
recovery_6_24,29,0.0,joint_gradual_minus_immediate__multiple_imputation_compact,colorado
recovery_6_24,30,0.0,joint_gradual_minus_immediate__multiple_imputation_compact,colorado
recovery_6_24,31,0.0,joint_gradual_minus_immediate__multiple_imputation_compact,colorado
recovery_6_24,32,0.0,joint_gradual_minus_immediate__multiple_imputation_compact,colorado
recovery_6_24,33,0.0,joint_gradual_minus_immediate__multiple_imputation_compact,colorado
recovery_6_24,34,0.0,joint_gradual_minus_immediate__multiple_imputation_compact,colorado
recovery_6_24,35,0.0,joint_gradual_minus_immediate__multiple_imputation_compact,colorado
recovery_6_24,36,0.0,joint_gradual_minus_immediate__multiple_imputation_compact,colorado
recovery_6_24,37,0.0,joint_gradual_minus_immediate__multiple_imputation_compact,colorado
recovery_6_24,38,0.0,joint_gradual_minus_immediate__multiple_imputation_compact,colorado
recovery_6_24,39,0.0,joint_gradual_minus_immediate__multiple_imputation_compact,colorado
recovery_6_24,40,0.0,joint_gradual_minus_immediate__multiple_imputation_compact,colorado
recovery_6_24,41,0.0,joint_gradual_minus_immediate__multiple_imputation_compact,colorado
recovery_6_24,42,0.0,joint_gradual_minus_immediate__multiple_imputation_compact,colorado
recovery_6_24,43,0.0,joint_gradual_minus_immediate__multiple_imputation_compact,colorado
recovery_6_24,44,0.0,joint_gradual_minus_immediate__multiple_imputation_compact,colorado
recovery_6_24,45,0.0,joint_gradual_minus_immediate__multiple_imputation_compact,colorado
recovery_6_24,46,0.0,joint_gradual_minus_immediate__multiple_imputation_compact,colorado
recovery_6_24,47,0.0,joint_gradual_minus_immediate__multiple_imputation_compact,colorado
recovery_6_24,48,0.0,joint_gradual_minus_immediate__multiple_imputation_compact,colorado
recovery_6_24,49,0.0,joint_gradual_minus_immediate__multiple_imputation_compact,colorado
recovery_6_24,50,0.0,joint_gradual_minus_immediate__multiple_imputation_compact,colorado
recovery_6_24,51,0.0,joint_gradual_minus_immediate__multiple_imputation_compact,colorado
outage,26,0.0,joint_none_minus_immediate__multiple_imputation_compact,colorado
outage,27,0.0,joint_none_minus_immediate__multiple_imputation_compact,colorado
outage,28,0.0,joint_none_minus_immediate__multiple_imputation_compact,colorado
outage,29,0.0,joint_none_minus_immediate__multiple_imputation_compact,colorado
outage,30,0.0,joint_none_minus_immediate__multiple_imputation_compact,colorado
outage,31,0.0,joint_none_minus_immediate__multiple_imputation_compact,colorado
outage,32,0.0,joint_none_minus_immediate__multiple_imputation_compact,colorado
outage,33,0.0,joint_none_minus_immediate__multiple_imputation_compact,colorado
outage,34,0.0,joint_none_minus_immediate__multiple_imputation_compact,colorado
outage,35,0.0,joint_none_minus_immediate__multiple_imputation_compact,colorado
outage,36,0.0,joint_none_minus_immediate__multiple_imputation_compact,colorado
outage,37,0.0,joint_none_minus_immediate__multiple_imputation_compact,colorado
outage,38,0.0,joint_none_minus_immediate__multiple_imputation_compact,colorado
outage,39,0.0,joint_none_minus_immediate__multiple_imputation_compact,colorado
outage,40,0.0,joint_none_minus_immediate__multiple_imputation_compact,colorado
outage,41,0.0,joint_none_minus_immediate__multiple_imputation_compact,colorado
outage,42,0.0,joint_none_minus_immediate__multiple_imputation_compact,colorado
outage,43,0.0,joint_none_minus_immediate__multiple_imputation_compact,colorado
outage,44,0.0,joint_none_minus_immediate__multiple_imputation_compact,colorado
outage,45,0.0,joint_none_minus_immediate__multiple_imputation_compact,colorado
outage,46,0.0,joint_none_minus_immediate__multiple_imputation_compact,colorado
outage,47,0.0,joint_none_minus_immediate__multiple_imputation_compact,colorado
outage,48,0.0,joint_none_minus_immediate__multiple_imputation_compact,colorado
outage,49,0.0,joint_none_minus_immediate__multiple_imputation_compact,colorado
outage,50,0.0,joint_none_minus_immediate__multiple_imputation_compact,colorado
outage,51,0.0,joint_none_minus_immediate__multiple_imputation_compact,colorado
recovery_0_6,26,-0.0010337032033117973,joint_none_minus_immediate__multiple_imputation_compact,colorado
recovery_0_6,27,0.000503221043541492,joint_none_minus_immediate__multiple_imputation_compact,colorado
recovery_0_6,28,0.000205026113259478,joint_none_minus_immediate__multiple_imputation_compact,colorado
recovery_0_6,29,-0.00035542135950856254,joint_none_minus_immediate__multiple_imputation_compact,colorado
recovery_0_6,30,0.00017894124538345678,joint_none_minus_immediate__multiple_imputation_compact,colorado
recovery_0_6,31,0.00037361066104322815,joint_none_minus_immediate__multiple_imputation_compact,colorado
recovery_0_6,32,-0.0024571946891013075,joint_none_minus_immediate__multiple_imputation_compact,colorado
recovery_0_6,34,-0.0027677872516079748,joint_none_minus_immediate__multiple_imputation_compact,colorado
recovery_0_6,35,-0.00017502330036402286,joint_none_minus_immediate__multiple_imputation_compact,colorado
recovery_0_6,36,-0.006107724147658804,joint_none_minus_immediate__multiple_imputation_compact,colorado
recovery_0_6,37,0.0012272699780358125,joint_none_minus_immediate__multiple_imputation_compact,colorado
recovery_0_6,39,-0.0025011166406185485,joint_none_minus_immediate__multiple_imputation_compact,colorado
recovery_0_6,40,0.006483908756402187,joint_none_minus_immediate__multiple_imputation_compact,colorado
recovery_0_6,41,-0.0010822197868463265,joint_none_minus_immediate__multiple_imputation_compact,colorado
recovery_0_6,42,0.002814332223115923,joint_none_minus_immediate__multiple_imputation_compact,colorado
recovery_0_6,45,0.0012207080236435917,joint_none_minus_immediate__multiple_imputation_compact,colorado
recovery_0_6,46,0.004689040086403641,joint_none_minus_immediate__multiple_imputation_compact,colorado
recovery_0_6,47,-0.006793435409511302,joint_none_minus_immediate__multiple_imputation_compact,colorado
recovery_0_6,48,0.011222472773137798,joint_none_minus_immediate__multiple_imputation_compact,colorado
recovery_0_6,49,0.0066314019761727966,joint_none_minus_immediate__multiple_imputation_compact,colorado
recovery_0_6,50,-0.007636269226863805,joint_none_minus_immediate__multiple_imputation_compact,colorado
recovery_0_6,51,-0.001876155338396442,joint_none_minus_immediate__multiple_imputation_compact,colorado
recovery_6_24,26,0.00029061976295560006,joint_none_minus_immediate__multiple_imputation_compact,colorado
recovery_6_24,27,0.004693347618079991,joint_none_minus_immediate__multiple_imputation_compact,colorado
recovery_6_24,28,-0.002883739538137327,joint_none_minus_immediate__multiple_imputation_compact,colorado
recovery_6_24,29,-0.00286773106857426,joint_none_minus_immediate__multiple_imputation_compact,colorado
recovery_6_24,30,0.0028856357179735904,joint_none_minus_immediate__multiple_imputation_compact,colorado
recovery_6_24,31,-1.2973517181282058e-05,joint_none_minus_immediate__multiple_imputation_compact,colorado
recovery_6_24,32,0.0007320461202494732,joint_none_minus_immediate__multiple_imputation_compact,colorado
recovery_6_24,33,0.0006999757799997223,joint_none_minus_immediate__multiple_imputation_compact,colorado
recovery_6_24,34,-0.016655054918839847,joint_none_minus_immediate__multiple_imputation_compact,colorado
recovery_6_24,35,-0.005871894314216141,joint_none_minus_immediate__multiple_imputation_compact,colorado
recovery_6_24,36,-0.0018321817769889474,joint_none_minus_immediate__multiple_imputation_compact,colorado
recovery_6_24,37,-0.0034838472685582195,joint_none_minus_immediate__multiple_imputation_compact,colorado
recovery_6_24,38,0.005741125577092967,joint_none_minus_immediate__multiple_imputation_compact,colorado
recovery_6_24,39,0.0015517382787044844,joint_none_minus_immediate__multiple_imputation_compact,colorado
recovery_6_24,40,0.0007038932635373438,joint_none_minus_immediate__multiple_imputation_compact,colorado
recovery_6_24,41,-0.0071179686409310015,joint_none_minus_immediate__multiple_imputation_compact,colorado
recovery_6_24,42,-0.0001430534124341163,joint_none_minus_immediate__multiple_imputation_compact,colorado
recovery_6_24,43,0.00013660084964415832,joint_none_minus_immediate__multiple_imputation_compact,colorado
recovery_6_24,44,0.003109499816141799,joint_none_minus_immediate__multiple_imputation_compact,colorado
recovery_6_24,45,-0.0018266234788150899,joint_none_minus_immediate__multiple_imputation_compact,colorado
recovery_6_24,46,0.01461566518604087,joint_none_minus_immediate__multiple_imputation_compact,colorado
recovery_6_24,47,-0.006444213921760886,joint_none_minus_immediate__multiple_imputation_compact,colorado
recovery_6_24,48,-0.01786804361970972,joint_none_minus_immediate__multiple_imputation_compact,colorado
recovery_6_24,49,0.0005347630500961834,joint_none_minus_immediate__multiple_imputation_compact,colorado
recovery_6_24,50,0.009462932702138178,joint_none_minus_immediate__multiple_imputation_compact,colorado
recovery_6_24,51,-0.02819582054103715,joint_none_minus_immediate__multiple_imputation_compact,colorado
outage,26,0.0,joint_gradual_minus_immediate__persistence,colorado
outage,27,0.0,joint_gradual_minus_immediate__persistence,colorado
outage,28,0.0,joint_gradual_minus_immediate__persistence,colorado
outage,29,0.0,joint_gradual_minus_immediate__persistence,colorado
outage,30,0.0,joint_gradual_minus_immediate__persistence,colorado
outage,31,0.0,joint_gradual_minus_immediate__persistence,colorado
outage,32,0.0,joint_gradual_minus_immediate__persistence,colorado
outage,33,0.0,joint_gradual_minus_immediate__persistence,colorado
outage,34,0.0,joint_gradual_minus_immediate__persistence,colorado
outage,35,0.0,joint_gradual_minus_immediate__persistence,colorado
outage,36,0.0,joint_gradual_minus_immediate__persistence,colorado
outage,37,0.0,joint_gradual_minus_immediate__persistence,colorado
outage,38,0.0,joint_gradual_minus_immediate__persistence,colorado
outage,39,0.0,joint_gradual_minus_immediate__persistence,colorado
outage,40,0.0,joint_gradual_minus_immediate__persistence,colorado
outage,41,0.0,joint_gradual_minus_immediate__persistence,colorado
outage,42,0.0,joint_gradual_minus_immediate__persistence,colorado
outage,43,0.0,joint_gradual_minus_immediate__persistence,colorado
outage,44,0.0,joint_gradual_minus_immediate__persistence,colorado
outage,45,0.0,joint_gradual_minus_immediate__persistence,colorado
outage,46,0.0,joint_gradual_minus_immediate__persistence,colorado
outage,47,0.0,joint_gradual_minus_immediate__persistence,colorado
outage,48,0.0,joint_gradual_minus_immediate__persistence,colorado
outage,49,0.0,joint_gradual_minus_immediate__persistence,colorado
outage,50,0.0,joint_gradual_minus_immediate__persistence,colorado
outage,51,0.0,joint_gradual_minus_immediate__persistence,colorado
recovery_0_6,26,0.0,joint_gradual_minus_immediate__persistence,colorado
recovery_0_6,27,0.0,joint_gradual_minus_immediate__persistence,colorado
recovery_0_6,28,0.0,joint_gradual_minus_immediate__persistence,colorado
recovery_0_6,29,0.0,joint_gradual_minus_immediate__persistence,colorado
recovery_0_6,30,0.0,joint_gradual_minus_immediate__persistence,colorado
recovery_0_6,31,0.0,joint_gradual_minus_immediate__persistence,colorado
recovery_0_6,32,0.0,joint_gradual_minus_immediate__persistence,colorado
recovery_0_6,34,0.0,joint_gradual_minus_immediate__persistence,colorado
recovery_0_6,35,0.0,joint_gradual_minus_immediate__persistence,colorado
recovery_0_6,36,0.0,joint_gradual_minus_immediate__persistence,colorado
recovery_0_6,37,0.0,joint_gradual_minus_immediate__persistence,colorado
recovery_0_6,39,0.0,joint_gradual_minus_immediate__persistence,colorado
recovery_0_6,40,0.0,joint_gradual_minus_immediate__persistence,colorado
recovery_0_6,41,0.0,joint_gradual_minus_immediate__persistence,colorado
recovery_0_6,42,0.0,joint_gradual_minus_immediate__persistence,colorado
recovery_0_6,45,0.0,joint_gradual_minus_immediate__persistence,colorado
recovery_0_6,46,0.0,joint_gradual_minus_immediate__persistence,colorado
recovery_0_6,47,0.0,joint_gradual_minus_immediate__persistence,colorado
recovery_0_6,48,0.0,joint_gradual_minus_immediate__persistence,colorado
recovery_0_6,49,0.0,joint_gradual_minus_immediate__persistence,colorado
recovery_0_6,50,0.0,joint_gradual_minus_immediate__persistence,colorado
recovery_0_6,51,0.0,joint_gradual_minus_immediate__persistence,colorado
recovery_6_24,26,0.0,joint_gradual_minus_immediate__persistence,colorado
recovery_6_24,27,0.0,joint_gradual_minus_immediate__persistence,colorado
recovery_6_24,28,0.0,joint_gradual_minus_immediate__persistence,colorado
recovery_6_24,29,0.0,joint_gradual_minus_immediate__persistence,colorado
recovery_6_24,30,0.0,joint_gradual_minus_immediate__persistence,colorado
recovery_6_24,31,0.0,joint_gradual_minus_immediate__persistence,colorado
recovery_6_24,32,0.0,joint_gradual_minus_immediate__persistence,colorado
recovery_6_24,33,0.0,joint_gradual_minus_immediate__persistence,colorado
recovery_6_24,34,0.0,joint_gradual_minus_immediate__persistence,colorado
recovery_6_24,35,0.0,joint_gradual_minus_immediate__persistence,colorado
recovery_6_24,36,0.0,joint_gradual_minus_immediate__persistence,colorado
recovery_6_24,37,0.0,joint_gradual_minus_immediate__persistence,colorado
recovery_6_24,38,0.0,joint_gradual_minus_immediate__persistence,colorado
recovery_6_24,39,0.0,joint_gradual_minus_immediate__persistence,colorado
recovery_6_24,40,0.0,joint_gradual_minus_immediate__persistence,colorado
recovery_6_24,41,0.0,joint_gradual_minus_immediate__persistence,colorado
recovery_6_24,42,0.0,joint_gradual_minus_immediate__persistence,colorado
recovery_6_24,43,0.0,joint_gradual_minus_immediate__persistence,colorado
recovery_6_24,44,0.0,joint_gradual_minus_immediate__persistence,colorado
recovery_6_24,45,0.0,joint_gradual_minus_immediate__persistence,colorado
recovery_6_24,46,0.0,joint_gradual_minus_immediate__persistence,colorado
recovery_6_24,47,0.0,joint_gradual_minus_immediate__persistence,colorado
recovery_6_24,48,0.0,joint_gradual_minus_immediate__persistence,colorado
recovery_6_24,49,0.0,joint_gradual_minus_immediate__persistence,colorado
recovery_6_24,50,0.0,joint_gradual_minus_immediate__persistence,colorado
recovery_6_24,51,0.0,joint_gradual_minus_immediate__persistence,colorado
outage,26,0.0,joint_none_minus_immediate__persistence,colorado
outage,27,0.0,joint_none_minus_immediate__persistence,colorado
outage,28,0.0,joint_none_minus_immediate__persistence,colorado
outage,29,0.0,joint_none_minus_immediate__persistence,colorado
outage,30,0.0,joint_none_minus_immediate__persistence,colorado
outage,31,0.0,joint_none_minus_immediate__persistence,colorado
outage,32,0.0,joint_none_minus_immediate__persistence,colorado
outage,33,0.0,joint_none_minus_immediate__persistence,colorado
outage,34,0.0,joint_none_minus_immediate__persistence,colorado
outage,35,0.0,joint_none_minus_immediate__persistence,colorado
outage,36,0.0,joint_none_minus_immediate__persistence,colorado
outage,37,0.0,joint_none_minus_immediate__persistence,colorado
outage,38,0.0,joint_none_minus_immediate__persistence,colorado
outage,39,0.0,joint_none_minus_immediate__persistence,colorado
outage,40,0.0,joint_none_minus_immediate__persistence,colorado
outage,41,0.0,joint_none_minus_immediate__persistence,colorado
outage,42,0.0,joint_none_minus_immediate__persistence,colorado
outage,43,0.0,joint_none_minus_immediate__persistence,colorado
outage,44,0.0,joint_none_minus_immediate__persistence,colorado
outage,45,0.0,joint_none_minus_immediate__persistence,colorado
outage,46,0.0,joint_none_minus_immediate__persistence,colorado
outage,47,0.0,joint_none_minus_immediate__persistence,colorado
outage,48,0.0,joint_none_minus_immediate__persistence,colorado
outage,49,0.0,joint_none_minus_immediate__persistence,colorado
outage,50,0.0,joint_none_minus_immediate__persistence,colorado
outage,51,0.0,joint_none_minus_immediate__persistence,colorado
recovery_0_6,26,0.0,joint_none_minus_immediate__persistence,colorado
recovery_0_6,27,0.0,joint_none_minus_immediate__persistence,colorado
recovery_0_6,28,0.0,joint_none_minus_immediate__persistence,colorado
recovery_0_6,29,0.0,joint_none_minus_immediate__persistence,colorado
recovery_0_6,30,0.0,joint_none_minus_immediate__persistence,colorado
recovery_0_6,31,0.0,joint_none_minus_immediate__persistence,colorado
recovery_0_6,32,0.0,joint_none_minus_immediate__persistence,colorado
recovery_0_6,34,0.0,joint_none_minus_immediate__persistence,colorado
recovery_0_6,35,0.0,joint_none_minus_immediate__persistence,colorado
recovery_0_6,36,0.0,joint_none_minus_immediate__persistence,colorado
recovery_0_6,37,0.0,joint_none_minus_immediate__persistence,colorado
recovery_0_6,39,0.0,joint_none_minus_immediate__persistence,colorado
recovery_0_6,40,0.0,joint_none_minus_immediate__persistence,colorado
recovery_0_6,41,0.0,joint_none_minus_immediate__persistence,colorado
recovery_0_6,42,0.0,joint_none_minus_immediate__persistence,colorado
recovery_0_6,45,0.0,joint_none_minus_immediate__persistence,colorado
recovery_0_6,46,0.0,joint_none_minus_immediate__persistence,colorado
recovery_0_6,47,0.0,joint_none_minus_immediate__persistence,colorado
recovery_0_6,48,0.0,joint_none_minus_immediate__persistence,colorado
recovery_0_6,49,0.0,joint_none_minus_immediate__persistence,colorado
recovery_0_6,50,0.0,joint_none_minus_immediate__persistence,colorado
recovery_0_6,51,0.0,joint_none_minus_immediate__persistence,colorado
recovery_6_24,26,0.0,joint_none_minus_immediate__persistence,colorado
recovery_6_24,27,0.0,joint_none_minus_immediate__persistence,colorado
recovery_6_24,28,0.0,joint_none_minus_immediate__persistence,colorado
recovery_6_24,29,0.0,joint_none_minus_immediate__persistence,colorado
recovery_6_24,30,0.0,joint_none_minus_immediate__persistence,colorado
recovery_6_24,31,0.0,joint_none_minus_immediate__persistence,colorado
recovery_6_24,32,0.0,joint_none_minus_immediate__persistence,colorado
recovery_6_24,33,0.0,joint_none_minus_immediate__persistence,colorado
recovery_6_24,34,0.0,joint_none_minus_immediate__persistence,colorado
recovery_6_24,35,0.0,joint_none_minus_immediate__persistence,colorado
recovery_6_24,36,0.0,joint_none_minus_immediate__persistence,colorado
recovery_6_24,37,0.0,joint_none_minus_immediate__persistence,colorado
recovery_6_24,38,0.0,joint_none_minus_immediate__persistence,colorado
recovery_6_24,39,0.0,joint_none_minus_immediate__persistence,colorado
recovery_6_24,40,0.0,joint_none_minus_immediate__persistence,colorado
recovery_6_24,41,0.0,joint_none_minus_immediate__persistence,colorado
recovery_6_24,42,0.0,joint_none_minus_immediate__persistence,colorado
recovery_6_24,43,0.0,joint_none_minus_immediate__persistence,colorado
recovery_6_24,44,0.0,joint_none_minus_immediate__persistence,colorado
recovery_6_24,45,0.0,joint_none_minus_immediate__persistence,colorado
recovery_6_24,46,0.0,joint_none_minus_immediate__persistence,colorado
recovery_6_24,47,0.0,joint_none_minus_immediate__persistence,colorado
recovery_6_24,48,0.0,joint_none_minus_immediate__persistence,colorado
recovery_6_24,49,0.0,joint_none_minus_immediate__persistence,colorado
recovery_6_24,50,0.0,joint_none_minus_immediate__persistence,colorado
recovery_6_24,51,0.0,joint_none_minus_immediate__persistence,colorado
outage,26,0.0,joint_gradual_minus_immediate__geometric_persistence,colorado
outage,27,0.0,joint_gradual_minus_immediate__geometric_persistence,colorado
outage,28,0.0,joint_gradual_minus_immediate__geometric_persistence,colorado
outage,29,0.0,joint_gradual_minus_immediate__geometric_persistence,colorado
outage,30,0.0,joint_gradual_minus_immediate__geometric_persistence,colorado
outage,31,0.0,joint_gradual_minus_immediate__geometric_persistence,colorado
outage,32,0.0,joint_gradual_minus_immediate__geometric_persistence,colorado
outage,33,0.0,joint_gradual_minus_immediate__geometric_persistence,colorado
outage,34,0.0,joint_gradual_minus_immediate__geometric_persistence,colorado
outage,35,0.0,joint_gradual_minus_immediate__geometric_persistence,colorado
outage,36,0.0,joint_gradual_minus_immediate__geometric_persistence,colorado
outage,37,0.0,joint_gradual_minus_immediate__geometric_persistence,colorado
outage,38,0.0,joint_gradual_minus_immediate__geometric_persistence,colorado
outage,39,0.0,joint_gradual_minus_immediate__geometric_persistence,colorado
outage,40,0.0,joint_gradual_minus_immediate__geometric_persistence,colorado
outage,41,0.0,joint_gradual_minus_immediate__geometric_persistence,colorado
outage,42,0.0,joint_gradual_minus_immediate__geometric_persistence,colorado
outage,43,0.0,joint_gradual_minus_immediate__geometric_persistence,colorado
outage,44,0.0,joint_gradual_minus_immediate__geometric_persistence,colorado
outage,45,0.0,joint_gradual_minus_immediate__geometric_persistence,colorado
outage,46,0.0,joint_gradual_minus_immediate__geometric_persistence,colorado
outage,47,0.0,joint_gradual_minus_immediate__geometric_persistence,colorado
outage,48,0.0,joint_gradual_minus_immediate__geometric_persistence,colorado
outage,49,0.0,joint_gradual_minus_immediate__geometric_persistence,colorado
outage,50,0.0,joint_gradual_minus_immediate__geometric_persistence,colorado
outage,51,0.0,joint_gradual_minus_immediate__geometric_persistence,colorado
recovery_0_6,26,0.0,joint_gradual_minus_immediate__geometric_persistence,colorado
recovery_0_6,27,0.0,joint_gradual_minus_immediate__geometric_persistence,colorado
recovery_0_6,28,0.0,joint_gradual_minus_immediate__geometric_persistence,colorado
recovery_0_6,29,0.0,joint_gradual_minus_immediate__geometric_persistence,colorado
recovery_0_6,30,0.0,joint_gradual_minus_immediate__geometric_persistence,colorado
recovery_0_6,31,0.0,joint_gradual_minus_immediate__geometric_persistence,colorado
recovery_0_6,32,0.0,joint_gradual_minus_immediate__geometric_persistence,colorado
recovery_0_6,34,0.0,joint_gradual_minus_immediate__geometric_persistence,colorado
recovery_0_6,35,0.0,joint_gradual_minus_immediate__geometric_persistence,colorado
recovery_0_6,36,0.0,joint_gradual_minus_immediate__geometric_persistence,colorado
recovery_0_6,37,0.0,joint_gradual_minus_immediate__geometric_persistence,colorado
recovery_0_6,39,0.0,joint_gradual_minus_immediate__geometric_persistence,colorado
recovery_0_6,40,0.0,joint_gradual_minus_immediate__geometric_persistence,colorado
recovery_0_6,41,0.0,joint_gradual_minus_immediate__geometric_persistence,colorado
recovery_0_6,42,0.0,joint_gradual_minus_immediate__geometric_persistence,colorado
recovery_0_6,45,0.0,joint_gradual_minus_immediate__geometric_persistence,colorado
recovery_0_6,46,0.0,joint_gradual_minus_immediate__geometric_persistence,colorado
recovery_0_6,47,0.0,joint_gradual_minus_immediate__geometric_persistence,colorado
recovery_0_6,48,0.0,joint_gradual_minus_immediate__geometric_persistence,colorado
recovery_0_6,49,0.0,joint_gradual_minus_immediate__geometric_persistence,colorado
recovery_0_6,50,0.0,joint_gradual_minus_immediate__geometric_persistence,colorado
recovery_0_6,51,0.0,joint_gradual_minus_immediate__geometric_persistence,colorado
recovery_6_24,26,0.0,joint_gradual_minus_immediate__geometric_persistence,colorado
recovery_6_24,27,0.0,joint_gradual_minus_immediate__geometric_persistence,colorado
recovery_6_24,28,0.0,joint_gradual_minus_immediate__geometric_persistence,colorado
recovery_6_24,29,0.0,joint_gradual_minus_immediate__geometric_persistence,colorado
recovery_6_24,30,0.0,joint_gradual_minus_immediate__geometric_persistence,colorado
recovery_6_24,31,0.0,joint_gradual_minus_immediate__geometric_persistence,colorado
recovery_6_24,32,0.0,joint_gradual_minus_immediate__geometric_persistence,colorado
recovery_6_24,33,0.0,joint_gradual_minus_immediate__geometric_persistence,colorado
recovery_6_24,34,0.0,joint_gradual_minus_immediate__geometric_persistence,colorado
recovery_6_24,35,0.0,joint_gradual_minus_immediate__geometric_persistence,colorado
recovery_6_24,36,0.0,joint_gradual_minus_immediate__geometric_persistence,colorado
recovery_6_24,37,0.0,joint_gradual_minus_immediate__geometric_persistence,colorado
recovery_6_24,38,0.0,joint_gradual_minus_immediate__geometric_persistence,colorado
recovery_6_24,39,0.0,joint_gradual_minus_immediate__geometric_persistence,colorado
recovery_6_24,40,0.0,joint_gradual_minus_immediate__geometric_persistence,colorado
recovery_6_24,41,0.0,joint_gradual_minus_immediate__geometric_persistence,colorado
recovery_6_24,42,0.0,joint_gradual_minus_immediate__geometric_persistence,colorado
recovery_6_24,43,0.0,joint_gradual_minus_immediate__geometric_persistence,colorado
recovery_6_24,44,0.0,joint_gradual_minus_immediate__geometric_persistence,colorado
recovery_6_24,45,0.0,joint_gradual_minus_immediate__geometric_persistence,colorado
recovery_6_24,46,0.0,joint_gradual_minus_immediate__geometric_persistence,colorado
recovery_6_24,47,0.0,joint_gradual_minus_immediate__geometric_persistence,colorado
recovery_6_24,48,0.0,joint_gradual_minus_immediate__geometric_persistence,colorado
recovery_6_24,49,0.0,joint_gradual_minus_immediate__geometric_persistence,colorado
recovery_6_24,50,0.0,joint_gradual_minus_immediate__geometric_persistence,colorado
recovery_6_24,51,0.0,joint_gradual_minus_immediate__geometric_persistence,colorado
outage,26,0.0,joint_none_minus_immediate__geometric_persistence,colorado
outage,27,0.0,joint_none_minus_immediate__geometric_persistence,colorado
outage,28,0.0,joint_none_minus_immediate__geometric_persistence,colorado
outage,29,0.0,joint_none_minus_immediate__geometric_persistence,colorado
outage,30,0.0,joint_none_minus_immediate__geometric_persistence,colorado
outage,31,0.0,joint_none_minus_immediate__geometric_persistence,colorado
outage,32,0.0,joint_none_minus_immediate__geometric_persistence,colorado
outage,33,0.0,joint_none_minus_immediate__geometric_persistence,colorado
outage,34,0.0,joint_none_minus_immediate__geometric_persistence,colorado
outage,35,0.0,joint_none_minus_immediate__geometric_persistence,colorado
outage,36,0.0,joint_none_minus_immediate__geometric_persistence,colorado
outage,37,0.0,joint_none_minus_immediate__geometric_persistence,colorado
outage,38,0.0,joint_none_minus_immediate__geometric_persistence,colorado
outage,39,0.0,joint_none_minus_immediate__geometric_persistence,colorado
outage,40,0.0,joint_none_minus_immediate__geometric_persistence,colorado
outage,41,0.0,joint_none_minus_immediate__geometric_persistence,colorado
outage,42,0.0,joint_none_minus_immediate__geometric_persistence,colorado
outage,43,0.0,joint_none_minus_immediate__geometric_persistence,colorado
outage,44,0.0,joint_none_minus_immediate__geometric_persistence,colorado
outage,45,0.0,joint_none_minus_immediate__geometric_persistence,colorado
outage,46,0.0,joint_none_minus_immediate__geometric_persistence,colorado
outage,47,0.0,joint_none_minus_immediate__geometric_persistence,colorado
outage,48,0.0,joint_none_minus_immediate__geometric_persistence,colorado
outage,49,0.0,joint_none_minus_immediate__geometric_persistence,colorado
outage,50,0.0,joint_none_minus_immediate__geometric_persistence,colorado
outage,51,0.0,joint_none_minus_immediate__geometric_persistence,colorado
recovery_0_6,26,0.0,joint_none_minus_immediate__geometric_persistence,colorado
recovery_0_6,27,0.0,joint_none_minus_immediate__geometric_persistence,colorado
recovery_0_6,28,0.0,joint_none_minus_immediate__geometric_persistence,colorado
recovery_0_6,29,0.0,joint_none_minus_immediate__geometric_persistence,colorado
recovery_0_6,30,0.0,joint_none_minus_immediate__geometric_persistence,colorado
recovery_0_6,31,0.0,joint_none_minus_immediate__geometric_persistence,colorado
recovery_0_6,32,0.0,joint_none_minus_immediate__geometric_persistence,colorado
recovery_0_6,34,0.0,joint_none_minus_immediate__geometric_persistence,colorado
recovery_0_6,35,0.0,joint_none_minus_immediate__geometric_persistence,colorado
recovery_0_6,36,0.0,joint_none_minus_immediate__geometric_persistence,colorado
recovery_0_6,37,0.0,joint_none_minus_immediate__geometric_persistence,colorado
recovery_0_6,39,0.0,joint_none_minus_immediate__geometric_persistence,colorado
recovery_0_6,40,0.0,joint_none_minus_immediate__geometric_persistence,colorado
recovery_0_6,41,0.0,joint_none_minus_immediate__geometric_persistence,colorado
recovery_0_6,42,0.0,joint_none_minus_immediate__geometric_persistence,colorado
recovery_0_6,45,0.0,joint_none_minus_immediate__geometric_persistence,colorado
recovery_0_6,46,0.0,joint_none_minus_immediate__geometric_persistence,colorado
recovery_0_6,47,0.0,joint_none_minus_immediate__geometric_persistence,colorado
recovery_0_6,48,0.0,joint_none_minus_immediate__geometric_persistence,colorado
recovery_0_6,49,0.0,joint_none_minus_immediate__geometric_persistence,colorado
recovery_0_6,50,0.0,joint_none_minus_immediate__geometric_persistence,colorado
recovery_0_6,51,0.0,joint_none_minus_immediate__geometric_persistence,colorado
recovery_6_24,26,0.0,joint_none_minus_immediate__geometric_persistence,colorado
recovery_6_24,27,0.0,joint_none_minus_immediate__geometric_persistence,colorado
recovery_6_24,28,0.0,joint_none_minus_immediate__geometric_persistence,colorado
recovery_6_24,29,0.0,joint_none_minus_immediate__geometric_persistence,colorado
recovery_6_24,30,0.0,joint_none_minus_immediate__geometric_persistence,colorado
recovery_6_24,31,0.0,joint_none_minus_immediate__geometric_persistence,colorado
recovery_6_24,32,0.0,joint_none_minus_immediate__geometric_persistence,colorado
recovery_6_24,33,0.0,joint_none_minus_immediate__geometric_persistence,colorado
recovery_6_24,34,0.0,joint_none_minus_immediate__geometric_persistence,colorado
recovery_6_24,35,0.0,joint_none_minus_immediate__geometric_persistence,colorado
recovery_6_24,36,0.0,joint_none_minus_immediate__geometric_persistence,colorado
recovery_6_24,37,0.0,joint_none_minus_immediate__geometric_persistence,colorado
recovery_6_24,38,0.0,joint_none_minus_immediate__geometric_persistence,colorado
recovery_6_24,39,0.0,joint_none_minus_immediate__geometric_persistence,colorado
recovery_6_24,40,0.0,joint_none_minus_immediate__geometric_persistence,colorado
recovery_6_24,41,0.0,joint_none_minus_immediate__geometric_persistence,colorado
recovery_6_24,42,0.0,joint_none_minus_immediate__geometric_persistence,colorado
recovery_6_24,43,0.0,joint_none_minus_immediate__geometric_persistence,colorado
recovery_6_24,44,0.0,joint_none_minus_immediate__geometric_persistence,colorado
recovery_6_24,45,0.0,joint_none_minus_immediate__geometric_persistence,colorado
recovery_6_24,46,0.0,joint_none_minus_immediate__geometric_persistence,colorado
recovery_6_24,47,0.0,joint_none_minus_immediate__geometric_persistence,colorado
recovery_6_24,48,0.0,joint_none_minus_immediate__geometric_persistence,colorado
recovery_6_24,49,0.0,joint_none_minus_immediate__geometric_persistence,colorado
recovery_6_24,50,0.0,joint_none_minus_immediate__geometric_persistence,colorado
recovery_6_24,51,0.0,joint_none_minus_immediate__geometric_persistence,colorado
