site,case_id,case_group,period,method,horizon,n,nwis,nmae,coverage50,coverage80,coverage90,nwidth90,events
nist,clean,primary,evaluation,aci_bounded,1,3978,0.031791075595644126,0.05283412882899899,0.49949723479135244,0.7986425339366516,0.8989441930618401,0.2544529155027163,0
nist,clean,primary,evaluation,aci_bounded,2,3978,0.043469677789486016,0.07438842186513044,0.4984917043740573,0.7988939165409754,0.9004524886877828,0.3498913886152651,0
nist,clean,primary,evaluation,aci_bounded,3,3978,0.051189331501765384,0.09098876002305792,0.49321266968325794,0.797134238310709,0.8974358974358975,0.3990730852103229,0
nist,clean,primary,evaluation,aci_bounded,4,3978,0.05718150142057849,0.10534304852386311,0.49572649572649574,0.7961287078934137,0.8971845148315737,0.4224303840547464,0
nist,clean,primary,evaluation,carry_forward,1,3978,0.033931781031371754,0.05537538634892138,0.41151332327802914,0.7043740573152338,0.8443941679235797,0.28060430998219876,0
nist,clean,primary,evaluation,carry_forward,2,3978,0.04556704226086002,0.07812755910838093,0.40824534942182,0.6882855706385118,0.8310708898944194,0.3363784858449185,0
nist,clean,primary,evaluation,carry_forward,3,3978,0.05337366763402785,0.09548078801282375,0.3888888888888889,0.6804927099044746,0.8144796380090498,0.37075758025240524,0
nist,clean,primary,evaluation,carry_forward,4,3978,0.05942598474048277,0.1109451240598656,0.3821015585721468,0.6757164404223228,0.8109602815485168,0.38471599970637327,0
nist,clean,primary,evaluation,geometric_persistence,1,3978,0.03913361086572387,0.06258258635575305,0.5228758169934641,0.8318250377073907,0.9374057315233786,0.34440451759035423,0
nist,clean,primary,evaluation,geometric_persistence,2,3978,0.05913608072784346,0.1000560651333879,0.5143288084464555,0.834841628959276,0.9291101055806938,0.46733708434399845,0
nist,clean,primary,evaluation,geometric_persistence,3,3978,0.07656740632201528,0.1340169237614385,0.5123177476118652,0.8112116641528406,0.9203117144293614,0.5596556379424303,0
nist,clean,primary,evaluation,geometric_persistence,4,3978,0.08964079606597068,0.1628629046197637,0.5098039215686274,0.8159879336349924,0.9140271493212669,0.6265848543235701,0
nist,clean,primary,evaluation,mask50,1,3978,0.03175707487558371,0.05283412882899899,0.5017596782302665,0.8024132730015083,0.9029663147310206,0.25563069222927914,0
nist,clean,primary,evaluation,mask50,2,3978,0.04338723249714628,0.07438842186513044,0.5025138260432378,0.8051784816490699,0.9044746103569633,0.34916549923630963,0
nist,clean,primary,evaluation,mask50,3,3978,0.051082981589344836,0.09098876002305792,0.5010055304172951,0.8024132730015083,0.9022121669180493,0.39543849588647,0
nist,clean,primary,evaluation,mask50,4,3978,0.057064125678784744,0.10534304852386311,0.5032679738562091,0.7968828557063852,0.8984414278531926,0.4192519450340812,0
nist,clean,primary,evaluation,mi_recency,1,3978,0.03502094668988193,0.055257127202459747,0.5042735042735043,0.8107088989441931,0.9047259929612871,0.24876757664894092,0
nist,clean,primary,evaluation,mi_recency,2,3978,0.04800829697955143,0.078177958603005,0.5087983911513323,0.8059326294620413,0.9017094017094017,0.3302099243107587,0
nist,clean,primary,evaluation,mi_recency,3,3978,0.05679248859287112,0.09464820041970531,0.5035193564605329,0.8026646556058321,0.9004524886877828,0.3966115967889767,0
nist,clean,primary,evaluation,mi_recency,4,3978,0.06426583803571277,0.10769444305592925,0.4987430869783811,0.8026646556058321,0.8999497234791353,0.44287415647106565,0
nist,clean,primary,evaluation,multiple_imputation,1,3978,0.03529609599999152,0.055257127202459747,0.6053293112116641,0.8172448466566113,0.8740573152337858,0.2155415134470158,0
nist,clean,primary,evaluation,multiple_imputation,2,3978,0.048751240522001915,0.078177958603005,0.5324283559577677,0.7621920563097033,0.838360985419809,0.26904593589144543,0
nist,clean,primary,evaluation,multiple_imputation,3,3978,0.058718479313914794,0.09464820041970531,0.49095022624434387,0.7252388134741076,0.8124685771744595,0.29987146140809584,0
nist,clean,primary,evaluation,multiple_imputation,4,3978,0.06741263300563737,0.10769444305592925,0.4751131221719457,0.7031171442936148,0.7905982905982906,0.322248394532297,0
nist,clean,primary,evaluation,persistence,1,3978,0.05670222414961268,0.10629417014612261,0.5123177476118652,0.8350930115635998,0.942684766214178,0.43128346474350465,0
nist,clean,primary,evaluation,persistence,2,3978,0.08885213051090814,0.17686439556831135,0.5050276520864756,0.8197586726998491,0.9308697838109603,0.5915290338550243,0
nist,clean,primary,evaluation,persistence,3,3978,0.10983985348776902,0.2251937361172324,0.5035193564605329,0.8081950729009553,0.9170437405731523,0.6855591939945033,0
nist,clean,primary,evaluation,persistence,4,3978,0.1221727014504317,0.2533604425373912,0.5057817998994469,0.8079436902966315,0.9077425842131724,0.7382610700683583,0
nist,clean,primary,evaluation,physical,1,3978,0.031702598047656814,0.05283412882899899,0.5042735042735043,0.8104575163398693,0.9074912016088487,0.2586254811375218,0
nist,clean,primary,evaluation,physical,2,3978,0.04331285172259705,0.07438842186513044,0.5100553041729512,0.809703368526898,0.9095022624434389,0.35137406664301285,0
nist,clean,primary,evaluation,physical,3,3978,0.050983713366760136,0.09098876002305792,0.497737556561086,0.8056812468577175,0.9029663147310206,0.39983149624691594,0
nist,clean,primary,evaluation,physical,4,3978,0.05696196310499869,0.10534304852386311,0.5065359477124183,0.8064353946706888,0.9042232277526395,0.42265556808510024,0
nist,clean,primary,evaluation,physical_availability,1,3978,0.03169621294092001,0.05283412882899899,0.5055304172951232,0.8129713423831071,0.9072398190045249,0.2585370589136277,0
nist,clean,primary,evaluation,physical_availability,2,3978,0.04331837865499714,0.07438842186513044,0.5060331825037707,0.8112116641528406,0.9120160884866767,0.3515242362445102,0
nist,clean,primary,evaluation,physical_availability,3,3978,0.051021157314269566,0.09098876002305792,0.5010055304172951,0.8079436902966315,0.9039718451483157,0.3997755570114996,0
nist,clean,primary,evaluation,physical_availability,4,3978,0.05700952560312226,0.10534304852386311,0.5070387129210658,0.8034188034188035,0.9042232277526395,0.4225694617164618,0
nist,clean,primary,evaluation,physical_recovery,1,3978,0.031694210349101234,0.05283412882899899,0.5070387129210658,0.811965811965812,0.9074912016088487,0.25866075863258925,0
nist,clean,primary,evaluation,physical_recovery,2,3978,0.04332435269355317,0.07438842186513044,0.5095525389643036,0.8109602815485168,0.9115133232780291,0.35197558192233086,0
nist,clean,primary,evaluation,physical_recovery,3,3978,0.05103024764867058,0.09098876002305792,0.5027652086475616,0.8099547511312217,0.9047259929612871,0.40061181661749534,0
nist,clean,primary,evaluation,physical_recovery,4,3978,0.057014637015462645,0.10534304852386311,0.5090497737556561,0.8046757164404224,0.9027149321266968,0.4229516167399434,0
nist,clean,primary,evaluation,previous_day,1,3978,0.08688771864429518,0.1436944259180944,0.48969331322272497,0.809703368526898,0.9150326797385621,0.63010109250366,0
nist,clean,primary,evaluation,previous_day,2,3978,0.08769921490637245,0.1455719616987137,0.49321266968325794,0.8149824032176973,0.918552036199095,0.6353312087076755,0
nist,clean,primary,evaluation,previous_day,3,3978,0.08857764766585502,0.1470680301657887,0.49824032176973354,0.8169934640522876,0.922071392659628,0.647124911487538,0
nist,clean,primary,evaluation,previous_day,4,3978,0.08928265525997814,0.1480001890399661,0.4997486173956762,0.8207642031171443,0.924333836098542,0.658232159413562,0
nist,clean,primary,evaluation,raw,1,3978,0.032086496597291285,0.05283412882899899,0.39894419306184015,0.68350930115636,0.8353443941679236,0.23536380831485826,0
nist,clean,primary,evaluation,raw,2,3978,0.043852054271083823,0.07438842186513044,0.40372046254399196,0.6784816490698844,0.8313222724987431,0.3257222909542194,0
nist,clean,primary,evaluation,raw,3,3978,0.05170761114265882,0.09098876002305792,0.3783308195072901,0.6684263448969331,0.8169934640522876,0.3640175942682732,0
nist,clean,primary,evaluation,raw,4,3978,0.05772795132360548,0.10534304852386311,0.38235294117647056,0.6762192056309704,0.8172448466566113,0.38754609515280086,0
nist,clean,primary,evaluation,recency,1,3978,0.03176673094797148,0.05283412882899899,0.5032679738562091,0.801659125188537,0.9044746103569633,0.2562495282262126,0
nist,clean,primary,evaluation,recency,2,3978,0.043391667687496,0.07438842186513044,0.504524886877828,0.806184012066365,0.9047259929612871,0.3494030301433645,0
nist,clean,primary,evaluation,recency,3,3978,0.051082864425888004,0.09098876002305792,0.4974861739567622,0.8021618903971846,0.9012066365007542,0.39590117751239345,0
nist,clean,primary,evaluation,recency,4,3978,0.05706651461390679,0.10534304852386311,0.5032679738562091,0.7961287078934137,0.8991955756661639,0.4195641142463162,0
nist,clean,primary,evaluation,rolling,1,3978,0.03179268437248268,0.05283412882899899,0.5017596782302665,0.8026646556058321,0.9042232277526395,0.25588725138627005,0
nist,clean,primary,evaluation,rolling,2,3978,0.04347181432592887,0.07438842186513044,0.5025138260432378,0.8024132730015083,0.9027149321266968,0.3500127135633816,0
nist,clean,primary,evaluation,rolling,3,3978,0.05118803167232194,0.09098876002305792,0.4984917043740573,0.7996480643539468,0.8984414278531926,0.39675474866900035,0
nist,clean,primary,evaluation,rolling,4,3978,0.05718189834253234,0.10534304852386311,0.49949723479135244,0.7941176470588235,0.8949220713926597,0.41965193161736924,0
nist,clean,primary,evaluation,single_imputation,1,3978,0.03564120487841595,0.05524247885410789,0.6018099547511312,0.8117144293614882,0.8687782805429864,0.21071776980375181,0
nist,clean,primary,evaluation,single_imputation,2,3978,0.04908742153818209,0.07822954080072353,0.528657616892911,0.7566616390145802,0.8343388637506285,0.2654304593576391,0
nist,clean,primary,evaluation,single_imputation,3,3978,0.05894513996565919,0.09463552452845014,0.48994469582704875,0.722473604826546,0.8089492207139266,0.2973066224855526,0
nist,clean,primary,evaluation,single_imputation,4,3978,0.06760019541456022,0.10764087437229711,0.4763700351935646,0.700603318250377,0.7890899949723479,0.32043546977527604,0
nist,clean,primary,warmup,aci_bounded,1,272,0.03318994445376898,0.054990586184100985,0.5,0.8014705882352942,0.9044117647058824,0.25062839324453884,0
nist,clean,primary,warmup,aci_bounded,2,272,0.04839222925185794,0.08643765082977718,0.5294117647058824,0.8088235294117647,0.8970588235294118,0.3836326007118554,0
nist,clean,primary,warmup,aci_bounded,3,272,0.05852638251375573,0.10607536066430935,0.5625,0.8125,0.9080882352941176,0.44048729175136053,0
nist,clean,primary,warmup,aci_bounded,4,272,0.06421827558952477,0.12285793411022829,0.5441176470588235,0.8161764705882353,0.9117647058823529,0.4671901157112803,0
nist,clean,primary,warmup,carry_forward,1,272,0.035810881963393694,0.05645409463221224,0.39338235294117646,0.6948529411764706,0.8455882352941176,0.33191666419088733,0
nist,clean,primary,warmup,carry_forward,2,272,0.05230929248651487,0.08865800308962368,0.3860294117647059,0.6544117647058824,0.8088235294117647,0.39421598713458084,0
nist,clean,primary,warmup,carry_forward,3,272,0.062130372018572265,0.11397427573468075,0.3492647058823529,0.7022058823529411,0.8308823529411765,0.43136303744232996,0
nist,clean,primary,warmup,carry_forward,4,272,0.06676682306657047,0.13170799552605839,0.3713235294117647,0.6875,0.8345588235294118,0.4427721362533037,0
nist,clean,primary,warmup,geometric_persistence,1,272,0.039310418642506784,0.05999021104390302,0.5735294117647058,0.8235294117647058,0.875,0.2684666879590487,0
nist,clean,primary,warmup,geometric_persistence,2,272,0.05802073074549618,0.09289684945772014,0.5735294117647058,0.8088235294117647,0.8897058823529411,0.40784882049614835,0
nist,clean,primary,warmup,geometric_persistence,3,272,0.07147654482454097,0.11945843362247457,0.5588235294117647,0.8125,0.8860294117647058,0.4876906674675528,0
nist,clean,primary,warmup,geometric_persistence,4,272,0.07879506239500186,0.13762075479973304,0.5551470588235294,0.8272058823529411,0.8897058823529411,0.5293769451729559,0
nist,clean,primary,warmup,mask50,1,272,0.033201586194998224,0.054990586184100985,0.5036764705882353,0.7941176470588235,0.9007352941176471,0.2491580687898909,0
nist,clean,primary,warmup,mask50,2,272,0.04841122610321221,0.08643765082977718,0.5183823529411765,0.8014705882352942,0.8933823529411765,0.38298330278960213,0
nist,clean,primary,warmup,mask50,3,272,0.05851374294077402,0.10607536066430935,0.5367647058823529,0.8014705882352942,0.9044117647058824,0.43894975665406244,0
nist,clean,primary,warmup,mask50,4,272,0.06415906510124735,0.12285793411022829,0.5330882352941176,0.8014705882352942,0.9007352941176471,0.46445242933244146,0
nist,clean,primary,warmup,mi_recency,1,272,0.03748213038920253,0.05903823824023924,0.5220588235294118,0.7977941176470589,0.8970588235294118,0.2617861514941281,0
nist,clean,primary,warmup,mi_recency,2,272,0.052311483324371716,0.08976471650028618,0.5220588235294118,0.8014705882352942,0.9044117647058824,0.32753732773820826,0
nist,clean,primary,warmup,mi_recency,3,272,0.0659187863391009,0.11513432624242301,0.5,0.8088235294117647,0.8933823529411765,0.4101653215262719,0
nist,clean,primary,warmup,mi_recency,4,272,0.07329713153702913,0.13082323911256546,0.5036764705882353,0.7757352941176471,0.8713235294117647,0.4504448378160649,0
nist,clean,primary,warmup,multiple_imputation,1,272,0.037911274197174855,0.05903823824023924,0.6213235294117647,0.7904411764705882,0.8492647058823529,0.20355435790117252,0
nist,clean,primary,warmup,multiple_imputation,2,272,0.05315258120608551,0.08976471650028618,0.43014705882352944,0.7389705882352942,0.8382352941176471,0.26166053915803733,0
nist,clean,primary,warmup,multiple_imputation,3,272,0.06929515215949027,0.11513432624242301,0.36764705882352944,0.6433823529411765,0.7389705882352942,0.2977016453397602,0
nist,clean,primary,warmup,multiple_imputation,4,272,0.07839496266540558,0.13082323911256546,0.33455882352941174,0.5919117647058824,0.7132352941176471,0.3208494225157162,0
nist,clean,primary,warmup,persistence,1,272,0.05068896107514857,0.08739122518235222,0.6544117647058824,0.8713235294117647,0.9191176470588235,0.36474168416396846,0
nist,clean,primary,warmup,persistence,2,272,0.07435877708928973,0.1428644262424216,0.6102941176470589,0.875,0.9448529411764706,0.5295103483072209,0
nist,clean,primary,warmup,persistence,3,272,0.08691659092802248,0.17264462085859464,0.6139705882352942,0.8566176470588235,0.9411764705882353,0.5887803993549765,0
nist,clean,primary,warmup,persistence,4,272,0.09202514123776127,0.18565880261413767,0.6176470588235294,0.8676470588235294,0.9301470588235294,0.60738730225559,0
nist,clean,primary,warmup,physical,1,272,0.0331165274755881,0.054990586184100985,0.5110294117647058,0.7904411764705882,0.9007352941176471,0.2500724720168344,0
nist,clean,primary,warmup,physical,2,272,0.048353198465811424,0.08643765082977718,0.5294117647058824,0.7977941176470589,0.8970588235294118,0.38455081214945835,0
nist,clean,primary,warmup,physical,3,272,0.05851787148264309,0.10607536066430935,0.5404411764705882,0.7867647058823529,0.9044117647058824,0.44090689811866257,0
nist,clean,primary,warmup,physical,4,272,0.0641982131163655,0.12285793411022829,0.5330882352941176,0.8051470588235294,0.9044117647058824,0.46589787506138525,0
nist,clean,primary,warmup,physical_availability,1,272,0.0331140180202248,0.054990586184100985,0.5110294117647058,0.7904411764705882,0.9007352941176471,0.249884076928978,0
nist,clean,primary,warmup,physical_availability,2,272,0.04835014801436288,0.08643765082977718,0.5294117647058824,0.7977941176470589,0.8970588235294118,0.3844919753891735,0
nist,clean,primary,warmup,physical_availability,3,272,0.05849602584759646,0.10607536066430935,0.5404411764705882,0.7867647058823529,0.9007352941176471,0.4409207664780627,0
nist,clean,primary,warmup,physical_availability,4,272,0.06419107577326828,0.12285793411022829,0.5330882352941176,0.8051470588235294,0.9044117647058824,0.46598055371821107,0
nist,clean,primary,warmup,physical_recovery,1,272,0.03308843595733305,0.054990586184100985,0.5110294117647058,0.7904411764705882,0.9007352941176471,0.25060437320741535,0
nist,clean,primary,warmup,physical_recovery,2,272,0.04834206622689332,0.08643765082977718,0.5294117647058824,0.7977941176470589,0.8970588235294118,0.384869048614153,0
nist,clean,primary,warmup,physical_recovery,3,272,0.058491135622442285,0.10607536066430935,0.5404411764705882,0.7867647058823529,0.9044117647058824,0.44123757550209003,0
nist,clean,primary,warmup,physical_recovery,4,272,0.06420370138715883,0.12285793411022829,0.5294117647058824,0.8014705882352942,0.9044117647058824,0.4661864718962104,0
nist,clean,primary,warmup,previous_day,1,272,0.10043118065849355,0.17428029319411548,0.3088235294117647,0.6654411764705882,0.8272058823529411,0.4878229833284441,0
nist,clean,primary,warmup,previous_day,2,272,0.0995689633590784,0.17428029319411548,0.3161764705882353,0.6727941176470589,0.8308823529411765,0.495659750365791,0
nist,clean,primary,warmup,previous_day,3,272,0.09905047738611976,0.17428029319411548,0.3235294117647059,0.6764705882352942,0.8419117647058824,0.4998828076786218,0
nist,clean,primary,warmup,previous_day,4,272,0.09878662613071179,0.17428029319411548,0.3235294117647059,0.6875,0.8419117647058824,0.5026859470069428,0
nist,clean,primary,warmup,raw,1,272,0.03331696816406609,0.054990586184100985,0.43014705882352944,0.6948529411764706,0.8161764705882353,0.2248530795941177,0
nist,clean,primary,warmup,raw,2,272,0.048655968536251135,0.08643765082977718,0.39338235294117646,0.6654411764705882,0.8235294117647058,0.3651614625124749,0
nist,clean,primary,warmup,raw,3,272,0.05883769233303887,0.10607536066430935,0.34191176470588236,0.6691176470588235,0.8088235294117647,0.4171326040195213,0
nist,clean,primary,warmup,raw,4,272,0.06438349861279132,0.12285793411022829,0.3713235294117647,0.6727941176470589,0.8235294117647058,0.4424663277634333,0
nist,clean,primary,warmup,recency,1,272,0.033205900050337314,0.054990586184100985,0.5036764705882353,0.7941176470588235,0.9007352941176471,0.24897841343575658,0
nist,clean,primary,warmup,recency,2,272,0.04841499769630072,0.08643765082977718,0.5183823529411765,0.8014705882352942,0.8933823529411765,0.3827117665948362,0
nist,clean,primary,warmup,recency,3,272,0.05851594404075684,0.10607536066430935,0.5367647058823529,0.8014705882352942,0.9044117647058824,0.4386630432639227,0
nist,clean,primary,warmup,recency,4,272,0.06416036561695038,0.12285793411022829,0.5330882352941176,0.8014705882352942,0.9007352941176471,0.46429734951250673,0
nist,clean,primary,warmup,rolling,1,272,0.03316948326659408,0.054990586184100985,0.5036764705882353,0.7977941176470589,0.9044117647058824,0.2506205750898192,0
nist,clean,primary,warmup,rolling,2,272,0.04838285047345897,0.08643765082977718,0.5330882352941176,0.8125,0.8970588235294118,0.3830045593255955,0
nist,clean,primary,warmup,rolling,3,272,0.05852003070912763,0.10607536066430935,0.5661764705882353,0.8088235294117647,0.9080882352941176,0.44006998572574496,0
nist,clean,primary,warmup,rolling,4,272,0.06422418029430388,0.12285793411022829,0.5404411764705882,0.8161764705882353,0.9117647058823529,0.46708254028713875,0
nist,clean,primary,warmup,single_imputation,1,272,0.037820060941308464,0.058697446728697845,0.6176470588235294,0.7941176470588235,0.8492647058823529,0.20374545351920056,0
nist,clean,primary,warmup,single_imputation,2,272,0.05292589257926587,0.08932374938707374,0.43014705882352944,0.7389705882352942,0.8382352941176471,0.2609806005725838,0
nist,clean,primary,warmup,single_imputation,3,272,0.06887252457970881,0.11391096958273292,0.375,0.6507352941176471,0.7389705882352942,0.2965158751014418,0
nist,clean,primary,warmup,single_imputation,4,272,0.07832499212617992,0.13083336010007218,0.33455882352941174,0.5955882352941176,0.7095588235294118,0.32019587014675255,0
nist,pv_only,primary,evaluation,aci_bounded,1,3978,0.03279010345583509,0.05473391192133981,0.4984917043740573,0.7991452991452992,0.8996983408748115,0.26700337213899644,48
nist,pv_only,primary,evaluation,aci_bounded,2,3978,0.04413804241663312,0.07565826268707239,0.5,0.8001508295625943,0.9007038712921066,0.3552640082349646,48
nist,pv_only,primary,evaluation,aci_bounded,3,3978,0.051671780341029004,0.09225892452534831,0.4949723479135244,0.7966314731020613,0.8966817496229261,0.399849598989029,48
nist,pv_only,primary,evaluation,aci_bounded,4,3978,0.05750093528249652,0.10632356276695486,0.4962292609351433,0.7968828557063852,0.8976872800402212,0.4234335071582151,48
nist,pv_only,primary,evaluation,carry_forward,1,3978,0.03565015757857135,0.05852282144811816,0.41452991452991456,0.7031171442936148,0.8421317244846657,0.29003019506534383,48
nist,pv_only,primary,evaluation,carry_forward,2,3978,0.046712499817655025,0.08034237810412974,0.40874811463046756,0.688034188034188,0.8298139768728005,0.34255068159928787,48
nist,pv_only,primary,evaluation,carry_forward,3,3978,0.054115920068308745,0.09763634080857167,0.39215686274509803,0.6845148315736551,0.8149824032176973,0.3740713028719053,48
nist,pv_only,primary,evaluation,carry_forward,4,3978,0.05976697068371206,0.11199172887545991,0.3851181498240322,0.678984414278532,0.8114630467571644,0.38649582690481965,48
nist,pv_only,primary,evaluation,geometric_persistence,1,3978,0.049526437546598884,0.07674803953274795,0.5027652086475616,0.8014077425842132,0.9097536450477627,0.3385761462443225,48
nist,pv_only,primary,evaluation,geometric_persistence,2,3978,0.06654700041295825,0.11186997777449449,0.5007541478129713,0.8124685771744595,0.9102564102564102,0.4604292096047626,48
nist,pv_only,primary,evaluation,geometric_persistence,3,3978,0.08101257575012584,0.14290436924254238,0.5057817998994469,0.799396681749623,0.9062342885872298,0.5531505961759471,48
nist,pv_only,primary,evaluation,geometric_persistence,4,3978,0.09150890334887567,0.1681008697060571,0.5085470085470085,0.808446455505279,0.9079939668174962,0.6212153046785853,48
nist,pv_only,primary,evaluation,mask50,1,3978,0.032754412163535404,0.05473391192133981,0.502262443438914,0.8054298642533937,0.9054801407742584,0.2680302548650108,48
nist,pv_only,primary,evaluation,mask50,2,3978,0.04406504143397887,0.07565826268707239,0.5020110608345902,0.8069381598793364,0.9042232277526395,0.3550240925443727,48
nist,pv_only,primary,evaluation,mask50,3,3978,0.05157038786329515,0.09225892452534831,0.5005027652086476,0.8041729512317748,0.9017094017094017,0.39785304854899517,48
nist,pv_only,primary,evaluation,mask50,4,3978,0.05738487572515693,0.10632356276695486,0.5047762694821518,0.803921568627451,0.9007038712921066,0.42083812094292683,48
nist,pv_only,primary,evaluation,mi_recency,1,3978,0.03537662406541116,0.055828623043570814,0.5065359477124183,0.8104575163398693,0.9049773755656109,0.25241028346069727,48
nist,pv_only,primary,evaluation,mi_recency,2,3978,0.04811883364231067,0.07828141311100009,0.5098039215686274,0.8051784816490699,0.9017094017094017,0.33134913766944873,48
nist,pv_only,primary,evaluation,mi_recency,3,3978,0.05686668890457254,0.09468881784830059,0.5025138260432378,0.8019105077928608,0.900201106083459,0.3979486966795007,48
nist,pv_only,primary,evaluation,mi_recency,4,3978,0.06428307094882389,0.10775019447102319,0.4987430869783811,0.8014077425842132,0.9007038712921066,0.4443109819454556,48
nist,pv_only,primary,evaluation,multiple_imputation,1,3978,0.03564961167092594,0.055828623043570814,0.6063348416289592,0.8190045248868778,0.8748114630467572,0.22029592661504835,48
nist,pv_only,primary,evaluation,multiple_imputation,2,3978,0.048802543270822105,0.07828141311100009,0.5354449472096531,0.7649572649572649,0.8408748114630468,0.2723122789781387,48
nist,pv_only,primary,evaluation,multiple_imputation,3,3978,0.05871768815000203,0.09468881784830059,0.4927099044746104,0.7275012569130216,0.8139768728004022,0.30203273365921474,48
nist,pv_only,primary,evaluation,multiple_imputation,4,3978,0.06739815178324848,0.10775019447102319,0.47561588738059324,0.7038712921065863,0.7921065862242332,0.3234475531345253,48
nist,pv_only,primary,evaluation,persistence,1,3978,0.06680164800540968,0.12043470410369952,0.49120160884866765,0.8049270990447461,0.9140271493212669,0.4243035504233078,48
nist,pv_only,primary,evaluation,persistence,2,3978,0.09387237033474159,0.18541571180898958,0.4904474610356963,0.8031674208144797,0.9117647058823529,0.5823557794690153,48
nist,pv_only,primary,evaluation,persistence,3,3978,0.11143241213042165,0.22866480813480425,0.5025138260432378,0.7983911513323279,0.9074912016088487,0.6757675502574837,48
nist,pv_only,primary,evaluation,persistence,4,3978,0.12150506087406183,0.2520104787171705,0.5075414781297134,0.8026646556058321,0.9042232277526395,0.7290238330365093,48
nist,pv_only,primary,evaluation,physical,1,3978,0.03270809583656286,0.05473391192133981,0.5017596782302665,0.808446455505279,0.9067370537958773,0.27019641492283897,48
nist,pv_only,primary,evaluation,physical,2,3978,0.04398933919309208,0.07565826268707239,0.5060331825037707,0.8109602815485168,0.9095022624434389,0.356705212387382,48
nist,pv_only,primary,evaluation,physical,3,3978,0.051477511286749225,0.09225892452534831,0.4972347913524384,0.8071895424836601,0.9027149321266968,0.40147902466173374,48
nist,pv_only,primary,evaluation,physical,4,3978,0.05729306134663708,0.10632356276695486,0.5050276520864756,0.8071895424836601,0.9052287581699346,0.42372054481118976,48
nist,pv_only,primary,evaluation,physical_availability,1,3978,0.0326961611107971,0.05473391192133981,0.5060331825037707,0.8122171945701357,0.9097536450477627,0.27071555399299363,48
nist,pv_only,primary,evaluation,physical_availability,2,3978,0.043995546823252026,0.07565826268707239,0.5032679738562091,0.8137254901960784,0.912770236299648,0.35759094851145395,48
nist,pv_only,primary,evaluation,physical_availability,3,3978,0.05150714155432661,0.09225892452534831,0.5005027652086476,0.8094519859225742,0.9039718451483157,0.40224779570590846,48
nist,pv_only,primary,evaluation,physical_availability,4,3978,0.05733078387852697,0.10632356276695486,0.510306686777275,0.8059326294620413,0.9042232277526395,0.42425139857572697,48
nist,pv_only,primary,evaluation,physical_recovery,1,3978,0.03269091962102974,0.05473391192133981,0.5077928607340372,0.8124685771744595,0.9092508798391151,0.27104832058063894,48
nist,pv_only,primary,evaluation,physical_recovery,2,3978,0.04400191659933754,0.07565826268707239,0.5082956259426847,0.8109602815485168,0.9107591754650578,0.35803803727462513,48
nist,pv_only,primary,evaluation,physical_recovery,3,3978,0.05152664416529682,0.09225892452534831,0.5037707390648567,0.8089492207139266,0.9044746103569633,0.4032031446426504,48
nist,pv_only,primary,evaluation,physical_recovery,4,3978,0.05733292185174014,0.10632356276695486,0.5110608345902463,0.806184012066365,0.9067370537958773,0.42503124649252344,48
nist,pv_only,primary,evaluation,previous_day,1,3978,0.08705956489592259,0.1440371038061883,0.48868778280542985,0.8089492207139266,0.9145299145299145,0.6296767266140351,48
nist,pv_only,primary,evaluation,previous_day,2,3978,0.08780240123438954,0.145796491248598,0.4924585218702866,0.8144796380090498,0.9183006535947712,0.6348753578278612,48
nist,pv_only,primary,evaluation,previous_day,3,3978,0.08858184026037963,0.1471535704254201,0.49798893916540976,0.8169934640522876,0.922071392659628,0.6467723100451697,48
nist,pv_only,primary,evaluation,previous_day,4,3978,0.08919818903396089,0.14799231597576845,0.49924585218702866,0.821015585721468,0.9248366013071896,0.6579497046788366,48
nist,pv_only,primary,evaluation,raw,1,3978,0.033059888712169305,0.05473391192133981,0.40271493212669685,0.6895424836601307,0.8401206636500754,0.24780042033654584,48
nist,pv_only,primary,evaluation,raw,2,3978,0.04452314664057789,0.07565826268707239,0.40120663650075417,0.6809954751131222,0.8328305681246858,0.33096720547073794,48
nist,pv_only,primary,evaluation,raw,3,3978,0.052183816784145,0.09225892452534831,0.37883358471593764,0.6709401709401709,0.8179989944695827,0.365837143659884,48
nist,pv_only,primary,evaluation,raw,4,3978,0.0580332485655032,0.10632356276695486,0.3841126194067371,0.6777275012569131,0.818753142282554,0.38870466390877395,48
nist,pv_only,primary,evaluation,recency,1,3978,0.032765437940054466,0.05473391192133981,0.502262443438914,0.8024132730015083,0.9052287581699346,0.2678868545152343,48
nist,pv_only,primary,evaluation,recency,2,3978,0.044070532253424555,0.07565826268707239,0.502262443438914,0.8046757164404224,0.9047259929612871,0.3546791926535608,48
nist,pv_only,primary,evaluation,recency,3,3978,0.05157544133213715,0.09225892452534831,0.5010055304172951,0.8011563599798894,0.9012066365007542,0.3974838048782466,48
nist,pv_only,primary,evaluation,recency,4,3978,0.05739126384137221,0.10632356276695486,0.5027652086475616,0.7973856209150327,0.8981900452488688,0.42051947522190963,48
nist,pv_only,primary,evaluation,rolling,1,3978,0.032791022826216036,0.05473391192133981,0.5002513826043238,0.8021618903971846,0.9039718451483157,0.2676136007952915,48
nist,pv_only,primary,evaluation,rolling,2,3978,0.04414536915522234,0.07565826268707239,0.5007541478129713,0.8019105077928608,0.9027149321266968,0.3552593632958243,48
nist,pv_only,primary,evaluation,rolling,3,3978,0.05167589076955237,0.09225892452534831,0.5005027652086476,0.7968828557063852,0.8969331322272499,0.39810048359310213,48
nist,pv_only,primary,evaluation,rolling,4,3978,0.05749500534517243,0.10632356276695486,0.49949723479135244,0.7941176470588235,0.8939165409753645,0.42039546828829794,48
nist,pv_only,primary,evaluation,single_imputation,1,3978,0.03585136886089307,0.0555583784434661,0.5972850678733032,0.809703368526898,0.8665158371040724,0.2107021938776328,48
nist,pv_only,primary,evaluation,single_imputation,2,3978,0.049072377163679945,0.078254486411105,0.5279034690799397,0.7564102564102564,0.8340874811463047,0.2654352860234573,48
nist,pv_only,primary,evaluation,single_imputation,3,3978,0.058937869823400976,0.09463025630524578,0.48994469582704875,0.7217194570135747,0.8086978381096028,0.2972951453381484,48
nist,pv_only,primary,evaluation,single_imputation,4,3978,0.06757524459192268,0.10763772762376281,0.47561588738059324,0.7018602312719959,0.7895927601809954,0.32044090169582196,48
nist,pv_only,primary,warmup,aci_bounded,1,272,0.03325919228936614,0.055931950970878094,0.5073529411764706,0.8014705882352942,0.8860294117647058,0.2550942905708414,4
nist,pv_only,primary,warmup,aci_bounded,2,272,0.048228256154217594,0.08512526977754163,0.5073529411764706,0.7867647058823529,0.8933823529411765,0.3888072709724841,4
nist,pv_only,primary,warmup,aci_bounded,3,272,0.05763699130265683,0.10428843918545246,0.5551470588235294,0.8051470588235294,0.9117647058823529,0.4402591349452666,4
nist,pv_only,primary,warmup,aci_bounded,4,272,0.06379543481979853,0.12241758097122775,0.5404411764705882,0.8125,0.9080882352941176,0.46747787547409636,4
nist,pv_only,primary,warmup,carry_forward,1,272,0.03680797692728138,0.05847818399349097,0.41911764705882354,0.7169117647058824,0.8455882352941176,0.3447856700954129,4
nist,pv_only,primary,warmup,carry_forward,2,272,0.05251914560836207,0.089230368606937,0.41544117647058826,0.6727941176470589,0.8161764705882353,0.4023444072634409,4
nist,pv_only,primary,warmup,carry_forward,3,272,0.061385669792928844,0.11191024984027609,0.3786764705882353,0.7132352941176471,0.8345588235294118,0.43569789788588864,4
nist,pv_only,primary,warmup,carry_forward,4,272,0.06613781910073016,0.12977348600006283,0.3897058823529412,0.7022058823529411,0.8382352941176471,0.4449015932630505,4
nist,pv_only,primary,warmup,geometric_persistence,1,272,0.051187270931567885,0.07668578461116309,0.5551470588235294,0.7904411764705882,0.8492647058823529,0.25887543729661916,4
nist,pv_only,primary,warmup,geometric_persistence,2,272,0.06362691623184619,0.10473939700824077,0.5551470588235294,0.7941176470588235,0.8786764705882353,0.3972035307141819,4
nist,pv_only,primary,warmup,geometric_persistence,3,272,0.07194313786852818,0.12286948210425457,0.5772058823529411,0.8198529411764706,0.8860294117647058,0.4782376186323554,4
nist,pv_only,primary,warmup,geometric_persistence,4,272,0.0775156302964876,0.13687249248389463,0.5808823529411765,0.8419117647058824,0.9007352941176471,0.521826077981066,4
nist,pv_only,primary,warmup,mask50,1,272,0.03325454028148932,0.055931950970878094,0.4963235294117647,0.7941176470588235,0.8823529411764706,0.2560538595122526,4
nist,pv_only,primary,warmup,mask50,2,272,0.04824202142162294,0.08512526977754163,0.5036764705882353,0.7904411764705882,0.8897058823529411,0.3893277531999669,4
nist,pv_only,primary,warmup,mask50,3,272,0.05762403573899637,0.10428843918545246,0.5367647058823529,0.8014705882352942,0.9080882352941176,0.43971691958335996,4
nist,pv_only,primary,warmup,mask50,4,272,0.06376419164085737,0.12241758097122775,0.5294117647058824,0.8088235294117647,0.9044117647058824,0.46638525132953274,4
nist,pv_only,primary,warmup,mi_recency,1,272,0.037220343621225234,0.05878204418868313,0.5220588235294118,0.7904411764705882,0.8933823529411765,0.2489191734964968,4
nist,pv_only,primary,warmup,mi_recency,2,272,0.05198946986877723,0.08923132863094187,0.5147058823529411,0.8088235294117647,0.8933823529411765,0.31608274661820557,4
nist,pv_only,primary,warmup,mi_recency,3,272,0.06540991919131062,0.11440895076264494,0.5036764705882353,0.7941176470588235,0.8823529411764706,0.40286819097820376,4
nist,pv_only,primary,warmup,mi_recency,4,272,0.07328425585913531,0.13062703400260367,0.5036764705882353,0.7683823529411765,0.8676470588235294,0.4498343741165689,4
nist,pv_only,primary,warmup,multiple_imputation,1,272,0.037468656398930794,0.05878204418868313,0.6213235294117647,0.7941176470588235,0.8566176470588235,0.20662875046585408,4
nist,pv_only,primary,warmup,multiple_imputation,2,272,0.05233662937511905,0.08923132863094187,0.4338235294117647,0.7426470588235294,0.8492647058823529,0.26394884252046363,4
nist,pv_only,primary,warmup,multiple_imputation,3,272,0.06851185649489855,0.11440895076264494,0.3713235294117647,0.6507352941176471,0.7426470588235294,0.29912906142079915,4
nist,pv_only,primary,warmup,multiple_imputation,4,272,0.0781099520121029,0.13062703400260367,0.33088235294117646,0.5955882352941176,0.7169117647058824,0.32141060995550186,4
nist,pv_only,primary,warmup,persistence,1,272,0.05960513028133308,0.10053156327640032,0.625,0.8419117647058824,0.8860294117647058,0.34805955275719447,4
nist,pv_only,primary,warmup,persistence,2,272,0.0762740189109907,0.14664595443367595,0.6029411764705882,0.8566176470588235,0.9338235294117647,0.5076424717236359,4
nist,pv_only,primary,warmup,persistence,3,272,0.08564944417044618,0.17004746658083256,0.6066176470588235,0.8566176470588235,0.9338235294117647,0.5675589887691316,4
nist,pv_only,primary,warmup,persistence,4,272,0.08943699395643001,0.1790115355432901,0.6286764705882353,0.8676470588235294,0.9227941176470589,0.5890857461048697,4
nist,pv_only,primary,warmup,physical,1,272,0.03323431270803606,0.055931950970878094,0.5036764705882353,0.7941176470588235,0.8786764705882353,0.25519488512045996,4
nist,pv_only,primary,warmup,physical,2,272,0.048187268505606895,0.08512526977754163,0.5036764705882353,0.7904411764705882,0.8933823529411765,0.3897369739942759,4
nist,pv_only,primary,warmup,physical,3,272,0.05764133988323619,0.10428843918545246,0.5367647058823529,0.7904411764705882,0.9007352941176471,0.440261457132642,4
nist,pv_only,primary,warmup,physical,4,272,0.06380211302216704,0.12241758097122775,0.5330882352941176,0.8014705882352942,0.9044117647058824,0.46678549099733385,4
nist,pv_only,primary,warmup,physical_availability,1,272,0.03321921630900603,0.055931950970878094,0.4852941176470588,0.7977941176470589,0.8860294117647058,0.2575643729533692,4
nist,pv_only,primary,warmup,physical_availability,2,272,0.04817766194113815,0.08512526977754163,0.5073529411764706,0.7977941176470589,0.8933823529411765,0.39115412649335185,4
nist,pv_only,primary,warmup,physical_availability,3,272,0.05762214971432771,0.10428843918545246,0.5367647058823529,0.7941176470588235,0.9007352941176471,0.441699351165858,4
nist,pv_only,primary,warmup,physical_availability,4,272,0.06382500772554066,0.12241758097122775,0.5294117647058824,0.8125,0.9117647058823529,0.46832230436801286,4
nist,pv_only,primary,warmup,physical_recovery,1,272,0.03319607763728858,0.055931950970878094,0.5147058823529411,0.7941176470588235,0.8933823529411765,0.25815791158531426,4
nist,pv_only,primary,warmup,physical_recovery,2,272,0.04819458175560972,0.08512526977754163,0.49264705882352944,0.7904411764705882,0.8933823529411765,0.391842124046996,4
nist,pv_only,primary,warmup,physical_recovery,3,272,0.05763738048992952,0.10428843918545246,0.5294117647058824,0.7904411764705882,0.8970588235294118,0.4427259156724567,4
nist,pv_only,primary,warmup,physical_recovery,4,272,0.06385826377525224,0.12241758097122775,0.4963235294117647,0.7904411764705882,0.9117647058823529,0.46887519028943303,4
nist,pv_only,primary,warmup,previous_day,1,272,0.10043118065849355,0.17428029319411548,0.3088235294117647,0.6654411764705882,0.8272058823529411,0.4878229833284441,4
nist,pv_only,primary,warmup,previous_day,2,272,0.0995689633590784,0.17428029319411548,0.3161764705882353,0.6727941176470589,0.8308823529411765,0.495659750365791,4
nist,pv_only,primary,warmup,previous_day,3,272,0.09905047738611976,0.17428029319411548,0.3235294117647059,0.6764705882352942,0.8419117647058824,0.4998828076786218,4
nist,pv_only,primary,warmup,previous_day,4,272,0.09878662613071179,0.17428029319411548,0.3235294117647059,0.6875,0.8419117647058824,0.5026859470069428,4
nist,pv_only,primary,warmup,raw,1,272,0.033359940555400425,0.055931950970878094,0.4227941176470588,0.7058823529411765,0.8272058823529411,0.23879070911307324,4
nist,pv_only,primary,warmup,raw,2,272,0.048401652954564146,0.08512526977754163,0.4117647058823529,0.6875,0.8272058823529411,0.37172541535171866,4
nist,pv_only,primary,warmup,raw,3,272,0.05787670337263613,0.10428843918545246,0.35661764705882354,0.6875,0.8125,0.41969948441070287,4
nist,pv_only,primary,warmup,raw,4,272,0.06386706390476642,0.12241758097122775,0.3786764705882353,0.6911764705882353,0.8308823529411765,0.4442000487116544,4
nist,pv_only,primary,warmup,recency,1,272,0.03327082531186812,0.055931950970878094,0.5,0.7941176470588235,0.8786764705882353,0.2535523649109693,4
nist,pv_only,primary,warmup,recency,2,272,0.04823955359629675,0.08512526977754163,0.5036764705882353,0.7830882352941176,0.8897058823529411,0.3873900116095984,4
nist,pv_only,primary,warmup,recency,3,272,0.057613819206126494,0.10428843918545246,0.5367647058823529,0.8014705882352942,0.9080882352941176,0.4382155855924769,4
nist,pv_only,primary,warmup,recency,4,272,0.06374407544200503,0.12241758097122775,0.5330882352941176,0.8014705882352942,0.9044117647058824,0.46469776723481065,4
nist,pv_only,primary,warmup,rolling,1,272,0.03325787130343938,0.055931950970878094,0.5073529411764706,0.8014705882352942,0.8786764705882353,0.25396841662122605,4
nist,pv_only,primary,warmup,rolling,2,272,0.048220823739974904,0.08512526977754163,0.5073529411764706,0.7830882352941176,0.8933823529411765,0.3878162894731834,4
nist,pv_only,primary,warmup,rolling,3,272,0.057626997793473446,0.10428843918545246,0.5588235294117647,0.8051470588235294,0.9117647058823529,0.4399740639367961,4
nist,pv_only,primary,warmup,rolling,4,272,0.06379161045924434,0.12241758097122775,0.5441176470588235,0.8161764705882353,0.9080882352941176,0.46699026290789775,4
nist,pv_only,primary,warmup,single_imputation,1,272,0.03765420426586862,0.058873930415866214,0.6139705882352942,0.7941176470588235,0.8492647058823529,0.20376989988810484,4
nist,pv_only,primary,warmup,single_imputation,2,272,0.052308510954488296,0.08860654864676977,0.43014705882352944,0.7389705882352942,0.8455882352941176,0.2609210558901547,4
nist,pv_only,primary,warmup,single_imputation,3,272,0.06845368271661396,0.1131254731896725,0.38235294117647056,0.6544117647058824,0.7389705882352942,0.29651080789497863,4
nist,pv_only,primary,warmup,single_imputation,4,272,0.07801138077924523,0.1306111564677377,0.33088235294117646,0.5992647058823529,0.7169117647058824,0.32015500042737544,4
nist,irradiance_only,primary,evaluation,aci_bounded,1,3978,0.03265777091374243,0.05421689525704305,0.49798893916540976,0.7998994469582705,0.8999497234791353,0.26140869873123895,48
nist,irradiance_only,primary,evaluation,aci_bounded,2,3978,0.044027901101396746,0.07586381531419648,0.49824032176973354,0.7996480643539468,0.8996983408748115,0.3532361637510191,48
nist,irradiance_only,primary,evaluation,aci_bounded,3,3978,0.05161827725220445,0.09194839301274214,0.4934640522875817,0.7973856209150327,0.8976872800402212,0.40031258977685374,48
nist,irradiance_only,primary,evaluation,aci_bounded,4,3978,0.057523478132949064,0.10653621666092354,0.4959778783308195,0.7973856209150327,0.897938662644545,0.4239441681307828,48
nist,irradiance_only,primary,evaluation,carry_forward,1,3978,0.03518585908898596,0.058416318861699006,0.41377576671694316,0.7021116138763197,0.8448969331322272,0.28424592794915093,48
nist,irradiance_only,primary,evaluation,carry_forward,2,3978,0.0462920793948531,0.08032369282474244,0.40372046254399196,0.6875314228255405,0.8308195072900956,0.3382636416367491,48
nist,irradiance_only,primary,evaluation,carry_forward,3,3978,0.053848364759496475,0.09698464570865567,0.38712921065862244,0.6832579185520362,0.8167420814479638,0.3716503049359796,48
nist,irradiance_only,primary,evaluation,carry_forward,4,3978,0.05971106700958567,0.11179240364895747,0.38109602815485166,0.6772247360482655,0.811965811965812,0.3852328723149977,48
nist,irradiance_only,primary,evaluation,geometric_persistence,1,3978,0.03913361086572387,0.06258258635575305,0.5228758169934641,0.8318250377073907,0.9374057315233786,0.34440451759035423,48
nist,irradiance_only,primary,evaluation,geometric_persistence,2,3978,0.05913608072784346,0.1000560651333879,0.5143288084464555,0.834841628959276,0.9291101055806938,0.46733708434399845,48
nist,irradiance_only,primary,evaluation,geometric_persistence,3,3978,0.07656740632201528,0.1340169237614385,0.5123177476118652,0.8112116641528406,0.9203117144293614,0.5596556379424303,48
nist,irradiance_only,primary,evaluation,geometric_persistence,4,3978,0.08964079606597068,0.1628629046197637,0.5098039215686274,0.8159879336349924,0.9140271493212669,0.6265848543235701,48
nist,irradiance_only,primary,evaluation,mask50,1,3978,0.03261780883754494,0.05421689525704305,0.5067873303167421,0.8094519859225742,0.9079939668174962,0.2634323411456688,48
nist,irradiance_only,primary,evaluation,mask50,2,3978,0.043941985183788626,0.07586381531419648,0.5037707390648567,0.8079436902966315,0.9042232277526395,0.3527182412771296,48
nist,irradiance_only,primary,evaluation,mask50,3,3978,0.05150085212665164,0.09194839301274214,0.5,0.8044243338360986,0.901458019105078,0.3980740588895534,48
nist,irradiance_only,primary,evaluation,mask50,4,3978,0.057398048403203596,0.10653621666092354,0.502262443438914,0.8001508295625943,0.9004524886877828,0.42088658812686325,48
nist,irradiance_only,primary,evaluation,mi_recency,1,3978,0.035243034870655214,0.05571249001260693,0.5037707390648567,0.808446455505279,0.9047259929612871,0.2507194226333541,48
nist,irradiance_only,primary,evaluation,mi_recency,2,3978,0.0479835135329827,0.07826564648339085,0.5098039215686274,0.8046757164404224,0.9024635495223731,0.3295795620554059,48
nist,irradiance_only,primary,evaluation,mi_recency,3,3978,0.05683580085506,0.0948403165976025,0.5035193564605329,0.8024132730015083,0.9009552538964304,0.39671292033007627,48
nist,irradiance_only,primary,evaluation,mi_recency,4,3978,0.06428247576713443,0.10790707066144507,0.4989944695827049,0.8024132730015083,0.8999497234791353,0.44281734831881414,48
nist,irradiance_only,primary,evaluation,multiple_imputation,1,3978,0.03552299015563666,0.05571249001260693,0.6010558069381599,0.8132227249874309,0.8712921065862242,0.21562038127018152,48
nist,irradiance_only,primary,evaluation,multiple_imputation,2,3978,0.048718438115964914,0.07826564648339085,0.5311714429361488,0.7624434389140271,0.8396178984414279,0.2691398486300149,48
nist,irradiance_only,primary,evaluation,multiple_imputation,3,3978,0.05876534109855097,0.0948403165976025,0.4894419306184012,0.7237305178481649,0.8127199597787833,0.2999618362999886,48
nist,irradiance_only,primary,evaluation,multiple_imputation,4,3978,0.06746169043326157,0.10790707066144507,0.4733534439416792,0.702865761689291,0.7913524384112619,0.3223974220704488,48
nist,irradiance_only,primary,evaluation,persistence,1,3978,0.05670222414961268,0.10629417014612261,0.5123177476118652,0.8350930115635998,0.942684766214178,0.43128346474350465,48
nist,irradiance_only,primary,evaluation,persistence,2,3978,0.08885213051090814,0.17686439556831135,0.5050276520864756,0.8197586726998491,0.9308697838109603,0.5915290338550243,48
nist,irradiance_only,primary,evaluation,persistence,3,3978,0.10983985348776902,0.2251937361172324,0.5035193564605329,0.8081950729009553,0.9170437405731523,0.6855591939945033,48
nist,irradiance_only,primary,evaluation,persistence,4,3978,0.1221727014504317,0.2533604425373912,0.5057817998994469,0.8079436902966315,0.9077425842131724,0.7382610700683583,48
nist,irradiance_only,primary,evaluation,physical,1,3978,0.03256351791384647,0.05421689525704305,0.5047762694821518,0.8129713423831071,0.9097536450477627,0.2657136810201348,48
nist,irradiance_only,primary,evaluation,physical,2,3978,0.04386504665695496,0.07586381531419648,0.5062845651080945,0.8102061337355455,0.9117647058823529,0.3547729944307102,48
nist,irradiance_only,primary,evaluation,physical,3,3978,0.05141447030372936,0.09194839301274214,0.49547511312217196,0.8064353946706888,0.9027149321266968,0.40218356752543316,48
nist,irradiance_only,primary,evaluation,physical,4,3978,0.05729887159179362,0.10653621666092354,0.5037707390648567,0.8071895424836601,0.9064856711915535,0.4243700466130283,48
nist,irradiance_only,primary,evaluation,physical_availability,1,3978,0.0325470217360025,0.05421689525704305,0.512569130216189,0.818753142282554,0.9125188536953243,0.2662642779490381,48
nist,irradiance_only,primary,evaluation,physical_availability,2,3978,0.043869222549748704,0.07586381531419648,0.5030165912518854,0.8132227249874309,0.9130216189039718,0.3552461980819323,48
nist,irradiance_only,primary,evaluation,physical_availability,3,3978,0.05143727601541028,0.09194839301274214,0.49698340874811464,0.8081950729009553,0.9032176973353444,0.4025316530808681,48
nist,irradiance_only,primary,evaluation,physical_availability,4,3978,0.057329181138412226,0.10653621666092354,0.5055304172951232,0.8054298642533937,0.905982905982906,0.424400671738927,48
nist,irradiance_only,primary,evaluation,physical_recovery,1,3978,0.03254285739522062,0.05421689525704305,0.5123177476118652,0.8182503770739065,0.9120160884866767,0.26652787113175197,48
nist,irradiance_only,primary,evaluation,physical_recovery,2,3978,0.04387132151996149,0.07586381531419648,0.5093011563599799,0.8109602815485168,0.910507792860734,0.3557533281757586,48
nist,irradiance_only,primary,evaluation,physical_recovery,3,3978,0.05145077480545508,0.09194839301274214,0.5015082956259427,0.8094519859225742,0.9042232277526395,0.40353407729735513,48
nist,irradiance_only,primary,evaluation,physical_recovery,4,3978,0.057328066367681736,0.10653621666092354,0.5070387129210658,0.8059326294620413,0.9072398190045249,0.4252143307512367,48
nist,irradiance_only,primary,evaluation,previous_day,1,3978,0.08688771864429518,0.1436944259180944,0.48969331322272497,0.809703368526898,0.9150326797385621,0.63010109250366,48
nist,irradiance_only,primary,evaluation,previous_day,2,3978,0.08769921490637245,0.1455719616987137,0.49321266968325794,0.8149824032176973,0.918552036199095,0.6353312087076755,48
nist,irradiance_only,primary,evaluation,previous_day,3,3978,0.08857764766585502,0.1470680301657887,0.49824032176973354,0.8169934640522876,0.922071392659628,0.647124911487538,48
nist,irradiance_only,primary,evaluation,previous_day,4,3978,0.08928265525997814,0.1480001890399661,0.4997486173956762,0.8207642031171443,0.924333836098542,0.658232159413562,48
nist,irradiance_only,primary,evaluation,raw,1,3978,0.03289798094740841,0.05421689525704305,0.41126194067370536,0.6948215183509301,0.8438914027149321,0.24386175042465294,48
nist,irradiance_only,primary,evaluation,raw,2,3978,0.044400245841630756,0.07586381531419648,0.40271493212669685,0.6817496229260935,0.8323278029160383,0.32865469044822576,48
nist,irradiance_only,primary,evaluation,raw,3,3978,0.05212400194327422,0.09194839301274214,0.37757667169431874,0.6691804927099044,0.818753142282554,0.3662127274921866,48
nist,irradiance_only,primary,evaluation,raw,4,3978,0.05809795977672181,0.10653621666092354,0.3805932629462041,0.6719457013574661,0.8182503770739065,0.3885602756806312,48
nist,irradiance_only,primary,evaluation,recency,1,3978,0.03263108717182022,0.05421689525704305,0.5015082956259427,0.8034188034188035,0.905982905982906,0.2623461334995302,48
nist,irradiance_only,primary,evaluation,recency,2,3978,0.04395173961306732,0.07586381531419648,0.504524886877828,0.8054298642533937,0.903720462543992,0.3524120704969917,48
nist,irradiance_only,primary,evaluation,recency,3,3978,0.05151527465766874,0.09194839301274214,0.49673202614379086,0.8024132730015083,0.8999497234791353,0.39762968619122074,48
nist,irradiance_only,primary,evaluation,recency,4,3978,0.057405896257533624,0.10653621666092354,0.5025138260432378,0.7953745600804424,0.8991955756661639,0.42075506449013317,48
nist,irradiance_only,primary,evaluation,rolling,1,3978,0.03265879636885504,0.05421689525704305,0.5005027652086476,0.8019105077928608,0.903720462543992,0.26203330720359885,48
nist,irradiance_only,primary,evaluation,rolling,2,3978,0.044035485445063756,0.07586381531419648,0.5032679738562091,0.8024132730015083,0.9032176973353444,0.35301685881005945,48
nist,irradiance_only,primary,evaluation,rolling,3,3978,0.051619532629907636,0.09194839301274214,0.49824032176973354,0.7983911513323279,0.8984414278531926,0.39833455191464723,48
nist,irradiance_only,primary,evaluation,rolling,4,3978,0.057529475982944854,0.10653621666092354,0.5002513826043238,0.7941176470588235,0.8951734539969834,0.42092504456211305,48
nist,irradiance_only,primary,evaluation,single_imputation,1,3978,0.03583104745627875,0.05562824335515239,0.5977878330819507,0.8086978381096028,0.8657616892911011,0.21070035903145048,48
nist,irradiance_only,primary,evaluation,single_imputation,2,3978,0.04905274252551843,0.07830795449094452,0.5274007038712921,0.7559074912016088,0.834841628959276,0.2654102883550281,48
nist,irradiance_only,primary,evaluation,single_imputation,3,3978,0.05902128169191201,0.0948351636109273,0.48868778280542985,0.7204625439919558,0.808446455505279,0.2973242478077263,48
nist,irradiance_only,primary,evaluation,single_imputation,4,3978,0.06772634396956237,0.10791074194964,0.4738562091503268,0.7003519356460532,0.7883358471593765,0.3204627462047255,48
nist,irradiance_only,primary,warmup,aci_bounded,1,272,0.0332231848676588,0.05616140771497516,0.5147058823529411,0.7941176470588235,0.8860294117647058,0.25196123995440756,4
nist,irradiance_only,primary,warmup,aci_bounded,2,272,0.04846470558430677,0.08789207257163607,0.5367647058823529,0.7904411764705882,0.8933823529411765,0.386734519699607,4
nist,irradiance_only,primary,warmup,aci_bounded,3,272,0.05791726109958217,0.10487697937703687,0.5661764705882353,0.8088235294117647,0.9044117647058824,0.4423469556042224,4
nist,irradiance_only,primary,warmup,aci_bounded,4,272,0.06367635006177842,0.12208075909378419,0.5404411764705882,0.8088235294117647,0.9080882352941176,0.4675863647678752,4
nist,irradiance_only,primary,warmup,carry_forward,1,272,0.03692358959152898,0.0596744119516872,0.4227941176470588,0.7169117647058824,0.8455882352941176,0.3373328438513904,4
nist,irradiance_only,primary,warmup,carry_forward,2,272,0.05310667821477085,0.09081249638299563,0.3860294117647059,0.6691176470588235,0.8051470588235294,0.3962634554768277,4
nist,irradiance_only,primary,warmup,carry_forward,3,272,0.0620010230883863,0.11485362429947679,0.3602941176470588,0.7058823529411765,0.8308823529411765,0.4324732160083848,4
nist,irradiance_only,primary,warmup,carry_forward,4,272,0.06654533152017456,0.13047936154033382,0.3786764705882353,0.7022058823529411,0.8345588235294118,0.44333652410575247,4
nist,irradiance_only,primary,warmup,geometric_persistence,1,272,0.039310418642506784,0.05999021104390302,0.5735294117647058,0.8235294117647058,0.875,0.2684666879590487,4
nist,irradiance_only,primary,warmup,geometric_persistence,2,272,0.05802073074549618,0.09289684945772014,0.5735294117647058,0.8088235294117647,0.8897058823529411,0.40784882049614835,4
nist,irradiance_only,primary,warmup,geometric_persistence,3,272,0.07147654482454097,0.11945843362247457,0.5588235294117647,0.8125,0.8860294117647058,0.4876906674675528,4
nist,irradiance_only,primary,warmup,geometric_persistence,4,272,0.07879506239500186,0.13762075479973304,0.5551470588235294,0.8272058823529411,0.8897058823529411,0.5293769451729559,4
nist,irradiance_only,primary,warmup,mask50,1,272,0.033216062966664066,0.05616140771497516,0.5183823529411765,0.8014705882352942,0.8860294117647058,0.2533402524461231,4
nist,irradiance_only,primary,warmup,mask50,2,272,0.04847658111285941,0.08789207257163607,0.5147058823529411,0.7867647058823529,0.8897058823529411,0.3865558694764977,4
nist,irradiance_only,primary,warmup,mask50,3,272,0.057912032353897226,0.10487697937703687,0.5404411764705882,0.7941176470588235,0.9007352941176471,0.44029119334913935,4
nist,irradiance_only,primary,warmup,mask50,4,272,0.06365022347867978,0.12208075909378419,0.5257352941176471,0.8051470588235294,0.9044117647058824,0.46580062917231907,4
nist,irradiance_only,primary,warmup,mi_recency,1,272,0.038482286835876615,0.06039619964016416,0.5183823529411765,0.7977941176470589,0.8933823529411765,0.27348139774185587,4
nist,irradiance_only,primary,warmup,mi_recency,2,272,0.052614860001354284,0.09009427764660206,0.5147058823529411,0.7977941176470589,0.8970588235294118,0.33031333925975886,4
nist,irradiance_only,primary,warmup,mi_recency,3,272,0.06582157032031281,0.1151865336811989,0.5,0.8014705882352942,0.8860294117647058,0.4086215722239772,4
nist,irradiance_only,primary,warmup,mi_recency,4,272,0.07343883521489313,0.13125490472364384,0.5073529411764706,0.7794117647058824,0.8713235294117647,0.45064423753489535,4
nist,irradiance_only,primary,warmup,multiple_imputation,1,272,0.038951480806869186,0.06039619964016416,0.6139705882352942,0.7941176470588235,0.8492647058823529,0.2038905818099128,4
nist,irradiance_only,primary,warmup,multiple_imputation,2,272,0.053482255218849584,0.09009427764660206,0.4264705882352941,0.7352941176470589,0.8419117647058824,0.2617410705346394,4
nist,irradiance_only,primary,warmup,multiple_imputation,3,272,0.06916268340127675,0.1151865336811989,0.3713235294117647,0.6397058823529411,0.7389705882352942,0.29767943494892524,4
nist,irradiance_only,primary,warmup,multiple_imputation,4,272,0.07868862813413005,0.13125490472364384,0.33455882352941174,0.5919117647058824,0.7095588235294118,0.32101496288051123,4
nist,irradiance_only,primary,warmup,persistence,1,272,0.05068896107514857,0.08739122518235222,0.6544117647058824,0.8713235294117647,0.9191176470588235,0.36474168416396846,4
nist,irradiance_only,primary,warmup,persistence,2,272,0.07435877708928973,0.1428644262424216,0.6102941176470589,0.875,0.9448529411764706,0.5295103483072209,4
nist,irradiance_only,primary,warmup,persistence,3,272,0.08691659092802248,0.17264462085859464,0.6139705882352942,0.8566176470588235,0.9411764705882353,0.5887803993549765,4
nist,irradiance_only,primary,warmup,persistence,4,272,0.09202514123776127,0.18565880261413767,0.6176470588235294,0.8676470588235294,0.9301470588235294,0.60738730225559,4
nist,irradiance_only,primary,warmup,physical,1,272,0.03317748836770001,0.05616140771497516,0.5183823529411765,0.8014705882352942,0.8823529411764706,0.2535319389282412,4
nist,irradiance_only,primary,warmup,physical,2,272,0.04841649228029214,0.08789207257163607,0.5110294117647058,0.7941176470588235,0.8897058823529411,0.3879808085262506,4
nist,irradiance_only,primary,warmup,physical,3,272,0.057897467129867354,0.10487697937703687,0.5404411764705882,0.7904411764705882,0.9007352941176471,0.4426355417424869,4
nist,irradiance_only,primary,warmup,physical,4,272,0.06368988584011982,0.12208075909378419,0.5367647058823529,0.8051470588235294,0.9007352941176471,0.46730877309853147,4
nist,irradiance_only,primary,warmup,physical_availability,1,272,0.03316061522478634,0.05616140771497516,0.5220588235294118,0.8051470588235294,0.8897058823529411,0.2545214506583531,4
nist,irradiance_only,primary,warmup,physical_availability,2,272,0.04842374886259715,0.08789207257163607,0.5220588235294118,0.8014705882352942,0.8933823529411765,0.3881430926402149,4
nist,irradiance_only,primary,warmup,physical_availability,3,272,0.05789399962984529,0.10487697937703687,0.5404411764705882,0.7941176470588235,0.8933823529411765,0.4427799309059543,4
nist,irradiance_only,primary,warmup,physical_availability,4,272,0.06368391376742225,0.12208075909378419,0.5367647058823529,0.8051470588235294,0.9080882352941176,0.4681906344383259,4
nist,irradiance_only,primary,warmup,physical_recovery,1,272,0.033122864965381686,0.05616140771497516,0.5257352941176471,0.8051470588235294,0.8970588235294118,0.2555008556365336,4
nist,irradiance_only,primary,warmup,physical_recovery,2,272,0.04841787804870992,0.08789207257163607,0.5073529411764706,0.7941176470588235,0.8933823529411765,0.3891982853660567,4
nist,irradiance_only,primary,warmup,physical_recovery,3,272,0.05791480249184788,0.10487697937703687,0.5330882352941176,0.7830882352941176,0.8897058823529411,0.4441143525846969,4
nist,irradiance_only,primary,warmup,physical_recovery,4,272,0.06372127147650694,0.12208075909378419,0.5073529411764706,0.7867647058823529,0.9080882352941176,0.46868811810962574,4
nist,irradiance_only,primary,warmup,previous_day,1,272,0.10043118065849355,0.17428029319411548,0.3088235294117647,0.6654411764705882,0.8272058823529411,0.4878229833284441,4
nist,irradiance_only,primary,warmup,previous_day,2,272,0.0995689633590784,0.17428029319411548,0.3161764705882353,0.6727941176470589,0.8308823529411765,0.495659750365791,4
nist,irradiance_only,primary,warmup,previous_day,3,272,0.09905047738611976,0.17428029319411548,0.3235294117647059,0.6764705882352942,0.8419117647058824,0.4998828076786218,4
nist,irradiance_only,primary,warmup,previous_day,4,272,0.09878662613071179,0.17428029319411548,0.3235294117647059,0.6875,0.8419117647058824,0.5026859470069428,4
nist,irradiance_only,primary,warmup,raw,1,272,0.03329517165282331,0.05616140771497516,0.46691176470588236,0.7132352941176471,0.8308823529411765,0.23581555540428015,4
nist,irradiance_only,primary,warmup,raw,2,272,0.04865710724496946,0.08789207257163607,0.40441176470588236,0.6764705882352942,0.8272058823529411,0.3683021615284367,4
nist,irradiance_only,primary,warmup,raw,3,272,0.05820919379559477,0.10487697937703687,0.3492647058823529,0.6801470588235294,0.8051470588235294,0.41949229748556716,4
nist,irradiance_only,primary,warmup,raw,4,272,0.06381001700506499,0.12208075909378419,0.3713235294117647,0.6801470588235294,0.8272058823529411,0.44338779138620193,4
nist,irradiance_only,primary,warmup,recency,1,272,0.0332319480504844,0.05616140771497516,0.5147058823529411,0.7941176470588235,0.8823529411764706,0.2508346043567278,4
nist,irradiance_only,primary,warmup,recency,2,272,0.04848077223672339,0.08789207257163607,0.5220588235294118,0.7794117647058824,0.8897058823529411,0.3855898529550376,4
nist,irradiance_only,primary,warmup,recency,3,272,0.05791293941577315,0.10487697937703687,0.5441176470588235,0.7941176470588235,0.9007352941176471,0.43996397951971083,4
nist,irradiance_only,primary,warmup,recency,4,272,0.06363930519943063,0.12208075909378419,0.5294117647058824,0.8051470588235294,0.9044117647058824,0.4644965485021409,4
nist,irradiance_only,primary,warmup,rolling,1,272,0.03322469950168631,0.05616140771497516,0.5183823529411765,0.7941176470588235,0.8823529411764706,0.2512917511202457,4
nist,irradiance_only,primary,warmup,rolling,2,272,0.04846787555630929,0.08789207257163607,0.5367647058823529,0.7830882352941176,0.8897058823529411,0.3858103410049143,4
nist,irradiance_only,primary,warmup,rolling,3,272,0.05791278918424263,0.10487697937703687,0.5661764705882353,0.8088235294117647,0.9044117647058824,0.4416335768799633,4
nist,irradiance_only,primary,warmup,rolling,4,272,0.06367204398762803,0.12208075909378419,0.5441176470588235,0.8125,0.9080882352941176,0.46718784107877065,4
nist,irradiance_only,primary,warmup,single_imputation,1,272,0.038775864475094186,0.059931959647964765,0.6139705882352942,0.7977941176470589,0.8529411764705882,0.20401979601274725,4
nist,irradiance_only,primary,warmup,single_imputation,2,272,0.05328757955272909,0.0896726708241055,0.4264705882352941,0.7389705882352942,0.8382352941176471,0.26102053218862464,4
nist,irradiance_only,primary,warmup,single_imputation,3,272,0.06870342435239715,0.1139457589163296,0.3786764705882353,0.6470588235294118,0.7389705882352942,0.2965160949593841,4
nist,irradiance_only,primary,warmup,single_imputation,4,272,0.07856489716052385,0.13105054444590075,0.33455882352941174,0.5919117647058824,0.7058823529411765,0.32022823826650937,4
nist,joint_immediate,primary,evaluation,aci_bounded,1,3978,0.034711298228185264,0.05912618749997799,0.497737556561086,0.7998994469582705,0.8989441930618401,0.27535816042591393,48
nist,joint_immediate,primary,evaluation,aci_bounded,2,3978,0.04515105898281832,0.0784893734733155,0.4987430869783811,0.7991452991452992,0.8996983408748115,0.3586581188767787,48
nist,joint_immediate,primary,evaluation,aci_bounded,3,3978,0.052364212375436314,0.09418752496811438,0.49572649572649574,0.7978883861236803,0.8969331322272499,0.4020901765530115,48
nist,joint_immediate,primary,evaluation,aci_bounded,4,3978,0.057944336679593,0.10773967342961184,0.4947209653092006,0.7978883861236803,0.8981900452488688,0.42442776177659425,48
nist,joint_immediate,primary,evaluation,carry_forward,1,3978,0.03717709413702761,0.062419921346540654,0.40749120160884866,0.6988436400201106,0.8381096028154852,0.2911568452838036,48
nist,joint_immediate,primary,evaluation,carry_forward,2,3978,0.047569763503482576,0.08267469162208614,0.4054801407742584,0.6862745098039216,0.8283056812468578,0.34338025567297165,48
nist,joint_immediate,primary,evaluation,carry_forward,3,3978,0.0547539664627506,0.0992541668913351,0.39089994972347913,0.6837606837606838,0.814228255404726,0.3745353928814317,48
nist,joint_immediate,primary,evaluation,carry_forward,4,3978,0.06012704785846715,0.11285061094077789,0.3848667672197084,0.6794871794871795,0.8112116641528406,0.386897092884541,48
nist,joint_immediate,primary,evaluation,geometric_persistence,1,3978,0.049526437546598884,0.07674803953274795,0.5027652086475616,0.8014077425842132,0.9097536450477627,0.3385761462443225,48
nist,joint_immediate,primary,evaluation,geometric_persistence,2,3978,0.06654700041295825,0.11186997777449449,0.5007541478129713,0.8124685771744595,0.9102564102564102,0.4604292096047626,48
nist,joint_immediate,primary,evaluation,geometric_persistence,3,3978,0.08101257575012584,0.14290436924254238,0.5057817998994469,0.799396681749623,0.9062342885872298,0.5531505961759471,48
nist,joint_immediate,primary,evaluation,geometric_persistence,4,3978,0.09150890334887567,0.1681008697060571,0.5085470085470085,0.808446455505279,0.9079939668174962,0.6212153046785853,48
nist,joint_immediate,primary,evaluation,mask50,1,3978,0.03467467146966101,0.05912618749997799,0.5040221216691805,0.8054298642533937,0.9042232277526395,0.27635595156289744,48
nist,joint_immediate,primary,evaluation,mask50,2,3978,0.04507086139390936,0.0784893734733155,0.5025138260432378,0.806184012066365,0.9044746103569633,0.3576991524788684,48
nist,joint_immediate,primary,evaluation,mask50,3,3978,0.05225422985266068,0.09418752496811438,0.5002513826043238,0.8059326294620413,0.9017094017094017,0.3998845960328281,48
nist,joint_immediate,primary,evaluation,mask50,4,3978,0.05782334488389541,0.10773967342961184,0.5037707390648567,0.803921568627451,0.9004524886877828,0.42180713592897934,48
nist,joint_immediate,primary,evaluation,mi_recency,1,3978,0.03838244855908852,0.06159325953293418,0.5042735042735043,0.8099547511312217,0.9047259929612871,0.2699433214554893,48
nist,joint_immediate,primary,evaluation,mi_recency,2,3978,0.0499636301858232,0.08214778836037182,0.5075414781297134,0.8059326294620413,0.9004524886877828,0.34200516914625123,48
nist,joint_immediate,primary,evaluation,mi_recency,3,3978,0.058168889639241605,0.09748357730909085,0.5012569130216189,0.8026646556058321,0.9017094017094017,0.4064291161037864,48
nist,joint_immediate,primary,evaluation,mi_recency,4,3978,0.06505483526335851,0.10963012354761695,0.4972347913524384,0.8006535947712419,0.901458019105078,0.44916457439061963,48
nist,joint_immediate,primary,evaluation,multiple_imputation,1,3978,0.0386409333555173,0.06159325953293418,0.5950226244343891,0.8152337858220211,0.8735545500251383,0.23602718905453932,48
nist,joint_immediate,primary,evaluation,multiple_imputation,2,3978,0.050628037965616296,0.08214778836037182,0.5279034690799397,0.7644544997486173,0.8431372549019608,0.28325694536200036,48
nist,joint_immediate,primary,evaluation,multiple_imputation,3,3978,0.0600322783104252,0.09748357730909085,0.4894419306184012,0.7262443438914027,0.8144796380090498,0.30985533271986654,48
nist,joint_immediate,primary,evaluation,multiple_imputation,4,3978,0.06819715525788214,0.10963012354761695,0.4710910005027652,0.7033685268979387,0.7938662644544997,0.3286585669848159,48
nist,joint_immediate,primary,evaluation,persistence,1,3978,0.06680164800540968,0.12043470410369952,0.49120160884866765,0.8049270990447461,0.9140271493212669,0.4243035504233078,48
nist,joint_immediate,primary,evaluation,persistence,2,3978,0.09387237033474159,0.18541571180898958,0.4904474610356963,0.8031674208144797,0.9117647058823529,0.5823557794690153,48
nist,joint_immediate,primary,evaluation,persistence,3,3978,0.11143241213042165,0.22866480813480425,0.5025138260432378,0.7983911513323279,0.9074912016088487,0.6757675502574837,48
nist,joint_immediate,primary,evaluation,persistence,4,3978,0.12150506087406183,0.2520104787171705,0.5075414781297134,0.8026646556058321,0.9042232277526395,0.7290238330365093,48
nist,joint_immediate,primary,evaluation,physical,1,3978,0.03462274615590611,0.05912618749997799,0.5037707390648567,0.811965811965812,0.90824534942182,0.2790561508920245,48
nist,joint_immediate,primary,evaluation,physical,2,3978,0.04499247409881462,0.0784893734733155,0.5050276520864756,0.8112116641528406,0.9110105580693816,0.3597745596566229,48
nist,joint_immediate,primary,evaluation,physical,3,3978,0.05216002957393052,0.09418752496811438,0.49698340874811464,0.8092006033182504,0.9039718451483157,0.4039720813637968,48
nist,joint_immediate,primary,evaluation,physical,4,3978,0.05772532589733618,0.10773967342961184,0.5055304172951232,0.8092006033182504,0.9062342885872298,0.4253062693295338,48
nist,joint_immediate,primary,evaluation,physical_availability,1,3978,0.03462024052318574,0.05912618749997799,0.5062845651080945,0.811965811965812,0.9089994972347913,0.2790796883681673,48
nist,joint_immediate,primary,evaluation,physical_availability,2,3978,0.04499949381667945,0.0784893734733155,0.5040221216691805,0.8124685771744595,0.9132730015082956,0.36022575248477345,48
nist,joint_immediate,primary,evaluation,physical_availability,3,3978,0.052183370672550085,0.09418752496811438,0.5012569130216189,0.8109602815485168,0.9042232277526395,0.40431939707345593,48
nist,joint_immediate,primary,evaluation,physical_availability,4,3978,0.05776523146408236,0.10773967342961184,0.5095525389643036,0.8074409250879839,0.9052287581699346,0.4253668775892017,48
nist,joint_immediate,primary,evaluation,physical_recovery,1,3978,0.03462010929368655,0.05912618749997799,0.5075414781297134,0.8112116641528406,0.9072398190045249,0.2790907902365727,48
nist,joint_immediate,primary,evaluation,physical_recovery,2,3978,0.045002157662261635,0.0784893734733155,0.5090497737556561,0.809703368526898,0.9100050276520865,0.36038289945345797,48
nist,joint_immediate,primary,evaluation,physical_recovery,3,3978,0.05219383017403085,0.09418752496811438,0.5052790346907994,0.8109602815485168,0.9039718451483157,0.404710433148269,48
nist,joint_immediate,primary,evaluation,physical_recovery,4,3978,0.05775943560309286,0.10773967342961184,0.5100553041729512,0.8074409250879839,0.9064856711915535,0.425643540693806,48
nist,joint_immediate,primary,evaluation,previous_day,1,3978,0.08705956489592259,0.1440371038061883,0.48868778280542985,0.8089492207139266,0.9145299145299145,0.6296767266140351,48
nist,joint_immediate,primary,evaluation,previous_day,2,3978,0.08780240123438954,0.145796491248598,0.4924585218702866,0.8144796380090498,0.9183006535947712,0.6348753578278612,48
nist,joint_immediate,primary,evaluation,previous_day,3,3978,0.08858184026037963,0.1471535704254201,0.49798893916540976,0.8169934640522876,0.922071392659628,0.6467723100451697,48
nist,joint_immediate,primary,evaluation,previous_day,4,3978,0.08919818903396089,0.14799231597576845,0.49924585218702866,0.821015585721468,0.9248366013071896,0.6579497046788366,48
nist,joint_immediate,primary,evaluation,raw,1,3978,0.034977757211133435,0.05912618749997799,0.4054801407742584,0.6910507792860734,0.8373554550025138,0.25599256573601475,48
nist,joint_immediate,primary,evaluation,raw,2,3978,0.045518356419646105,0.0784893734733155,0.4029663147310206,0.6820010055304173,0.8335847159376572,0.33373357248076013,48
nist,joint_immediate,primary,evaluation,raw,3,3978,0.05285574413837133,0.09418752496811438,0.37883358471593764,0.6726998491704375,0.8197586726998491,0.36813410727327434,48
nist,joint_immediate,primary,evaluation,raw,4,3978,0.05847419142866333,0.10773967342961184,0.38461538461538464,0.6784816490698844,0.8195072900955254,0.38975414114564894,48
nist,joint_immediate,primary,evaluation,recency,1,3978,0.03468377037645434,0.05912618749997799,0.5012569130216189,0.8036701860231272,0.9042232277526395,0.2764601769555303,48
nist,joint_immediate,primary,evaluation,recency,2,3978,0.04507971929862527,0.0784893734733155,0.5032679738562091,0.8029160382101559,0.9044746103569633,0.3572659463150877,48
nist,joint_immediate,primary,evaluation,recency,3,3978,0.052261497928484876,0.09418752496811438,0.4987430869783811,0.8024132730015083,0.8996983408748115,0.3993747556824249,48
nist,joint_immediate,primary,evaluation,recency,4,3978,0.057832403743795856,0.10773967342961184,0.5015082956259427,0.7976370035193565,0.8976872800402212,0.4215421958979606,48
nist,joint_immediate,primary,evaluation,rolling,1,3978,0.034711072820946556,0.05912618749997799,0.5015082956259427,0.8019105077928608,0.9019607843137255,0.275972599416405,48
nist,joint_immediate,primary,evaluation,rolling,2,3978,0.04515705984512634,0.0784893734733155,0.5015082956259427,0.799396681749623,0.9022121669180493,0.357946170156696,48
nist,joint_immediate,primary,evaluation,rolling,3,3978,0.052367375312969144,0.09418752496811438,0.4984917043740573,0.7978883861236803,0.8966817496229261,0.3999082901072305,48
nist,joint_immediate,primary,evaluation,rolling,4,3978,0.05794152277782284,0.10773967342961184,0.4984917043740573,0.7963800904977375,0.8944193061840121,0.421593057718256,48
nist,joint_immediate,primary,evaluation,single_imputation,1,3978,0.040629016840395556,0.061570923577781385,0.5774258421317244,0.7835595776772247,0.8403720462543992,0.21107260116219861,48
nist,joint_immediate,primary,evaluation,single_imputation,2,3978,0.05197211424986985,0.082130787244103,0.516088486676722,0.738562091503268,0.8190045248868778,0.26563854991307423,48
nist,joint_immediate,primary,evaluation,single_imputation,3,3978,0.06098457079203329,0.09745823349282308,0.48265460030165913,0.7109100050276521,0.7948717948717948,0.2974100566812329,48
nist,joint_immediate,primary,evaluation,single_imputation,4,3978,0.06879365374740348,0.10932425645677547,0.4708396178984414,0.6965811965811965,0.7828054298642534,0.32044768068163637,48
nist,joint_immediate,primary,warmup,aci_bounded,1,272,0.034901074020722296,0.05952577303450629,0.5183823529411765,0.8014705882352942,0.8860294117647058,0.26597698093200217,4
nist,joint_immediate,primary,warmup,aci_bounded,2,272,0.04891504804720433,0.08767618745062525,0.5147058823529411,0.7867647058823529,0.8897058823529411,0.39172064207389445,4
nist,joint_immediate,primary,warmup,aci_bounded,3,272,0.057626372884662755,0.10373071433816991,0.5551470588235294,0.8051470588235294,0.9117647058823529,0.44295540990192184,4
nist,joint_immediate,primary,warmup,aci_bounded,4,272,0.06359441873127414,0.12157803988661765,0.5551470588235294,0.8088235294117647,0.9080882352941176,0.46834967492897617,4
nist,joint_immediate,primary,warmup,carry_forward,1,272,0.039705388270288224,0.06618084876239083,0.40808823529411764,0.7169117647058824,0.8382352941176471,0.34658669082427745,4
nist,joint_immediate,primary,warmup,carry_forward,2,272,0.054638805447051964,0.09569014597981364,0.4117647058823529,0.6727941176470589,0.8125,0.4031735935212743,4
nist,joint_immediate,primary,warmup,carry_forward,3,272,0.062317903050604306,0.1144796469773185,0.38235294117647056,0.7132352941176471,0.8345588235294118,0.43651847589507914,4
nist,joint_immediate,primary,warmup,carry_forward,4,272,0.06645008988069269,0.12927993049840283,0.39705882352941174,0.7058823529411765,0.8382352941176471,0.44544390016045105,4
nist,joint_immediate,primary,warmup,geometric_persistence,1,272,0.051187270931567885,0.07668578461116309,0.5551470588235294,0.7904411764705882,0.8492647058823529,0.25887543729661916,4
nist,joint_immediate,primary,warmup,geometric_persistence,2,272,0.06362691623184619,0.10473939700824077,0.5551470588235294,0.7941176470588235,0.8786764705882353,0.3972035307141819,4
nist,joint_immediate,primary,warmup,geometric_persistence,3,272,0.07194313786852818,0.12286948210425457,0.5772058823529411,0.8198529411764706,0.8860294117647058,0.4782376186323554,4
nist,joint_immediate,primary,warmup,geometric_persistence,4,272,0.0775156302964876,0.13687249248389463,0.5808823529411765,0.8419117647058824,0.9007352941176471,0.521826077981066,4
nist,joint_immediate,primary,warmup,mask50,1,272,0.03489608457667619,0.05952577303450629,0.5220588235294118,0.7977941176470589,0.8823529411764706,0.26654071131930485,4
nist,joint_immediate,primary,warmup,mask50,2,272,0.048920718032507526,0.08767618745062525,0.5147058823529411,0.7941176470588235,0.8860294117647058,0.3921052709783091,4
nist,joint_immediate,primary,warmup,mask50,3,272,0.05762823873803138,0.10373071433816991,0.5477941176470589,0.8051470588235294,0.9080882352941176,0.4423985874930326,4
nist,joint_immediate,primary,warmup,mask50,4,272,0.06359205573671126,0.12157803988661765,0.5551470588235294,0.8088235294117647,0.9044117647058824,0.4672574202459761,4
nist,joint_immediate,primary,warmup,mi_recency,1,272,0.038426815470086265,0.06174936306450872,0.5110294117647058,0.7757352941176471,0.8823529411764706,0.25022020111159593,4
nist,joint_immediate,primary,warmup,mi_recency,2,272,0.052686455847534695,0.0911664738109155,0.4963235294117647,0.7977941176470589,0.8897058823529411,0.32051387158238615,4
nist,joint_immediate,primary,warmup,mi_recency,3,272,0.06452105420472866,0.11202264453168709,0.5036764705882353,0.8014705882352942,0.8933823529411765,0.41032273966854327,4
nist,joint_immediate,primary,warmup,mi_recency,4,272,0.07251475239633898,0.12973945989503288,0.5036764705882353,0.7720588235294118,0.875,0.45172466853451976,4
nist,joint_immediate,primary,warmup,multiple_imputation,1,272,0.0385529537340591,0.06174936306450872,0.6286764705882353,0.8235294117647058,0.8786764705882353,0.24016646211631645,4
nist,joint_immediate,primary,warmup,multiple_imputation,2,272,0.05288881408516057,0.0911664738109155,0.44485294117647056,0.7720588235294118,0.8639705882352942,0.28535144640784543,4
nist,joint_immediate,primary,warmup,multiple_imputation,3,272,0.06695014244030455,0.11202264453168709,0.4007352941176471,0.6727941176470589,0.7720588235294118,0.31359431463075815,4
nist,joint_immediate,primary,warmup,multiple_imputation,4,272,0.07677361337891603,0.12973945989503288,0.33455882352941174,0.6176470588235294,0.7389705882352942,0.3296720878839303,4
nist,joint_immediate,primary,warmup,persistence,1,272,0.05960513028133308,0.10053156327640032,0.625,0.8419117647058824,0.8860294117647058,0.34805955275719447,4
nist,joint_immediate,primary,warmup,persistence,2,272,0.0762740189109907,0.14664595443367595,0.6029411764705882,0.8566176470588235,0.9338235294117647,0.5076424717236359,4
nist,joint_immediate,primary,warmup,persistence,3,272,0.08564944417044618,0.17004746658083256,0.6066176470588235,0.8566176470588235,0.9338235294117647,0.5675589887691316,4
nist,joint_immediate,primary,warmup,persistence,4,272,0.08943699395643001,0.1790115355432901,0.6286764705882353,0.8676470588235294,0.9227941176470589,0.5890857461048697,4
nist,joint_immediate,primary,warmup,physical,1,272,0.034865816489086605,0.05952577303450629,0.5183823529411765,0.7977941176470589,0.8823529411764706,0.2677972337369542,4
nist,joint_immediate,primary,warmup,physical,2,272,0.04887129576350884,0.08767618745062525,0.5036764705882353,0.7941176470588235,0.8860294117647058,0.39346331054590405,4
nist,joint_immediate,primary,warmup,physical,3,272,0.05763072035542509,0.10373071433816991,0.5441176470588235,0.7977941176470589,0.9044117647058824,0.44400290943168186,4
nist,joint_immediate,primary,warmup,physical,4,272,0.06363865652382868,0.12157803988661765,0.5441176470588235,0.8051470588235294,0.9044117647058824,0.4686612333100623,4
nist,joint_immediate,primary,warmup,physical_availability,1,272,0.03486100546327384,0.05952577303450629,0.5257352941176471,0.7941176470588235,0.8860294117647058,0.2679793114791279,4
nist,joint_immediate,primary,warmup,physical_availability,2,272,0.04881678115702625,0.08767618745062525,0.5220588235294118,0.8014705882352942,0.8897058823529411,0.39389720573118536,4
nist,joint_immediate,primary,warmup,physical_availability,3,272,0.0576112662493162,0.10373071433816991,0.5514705882352942,0.8051470588235294,0.9044117647058824,0.44457684985877893,4
nist,joint_immediate,primary,warmup,physical_availability,4,272,0.06360400866047981,0.12157803988661765,0.5514705882352942,0.8161764705882353,0.9117647058823529,0.46946067150313653,4
nist,joint_immediate,primary,warmup,physical_recovery,1,272,0.034843007898645466,0.05952577303450629,0.5330882352941176,0.7977941176470589,0.8933823529411765,0.2687886699755992,4
nist,joint_immediate,primary,warmup,physical_recovery,2,272,0.04883196214692591,0.08767618745062525,0.5110294117647058,0.8051470588235294,0.8897058823529411,0.39493520564592666,4
nist,joint_immediate,primary,warmup,physical_recovery,3,272,0.05762404176356999,0.10373071433816991,0.5404411764705882,0.7941176470588235,0.9007352941176471,0.44580463553357713,4
nist,joint_immediate,primary,warmup,physical_recovery,4,272,0.06361424705643393,0.12157803988661765,0.5073529411764706,0.8014705882352942,0.9117647058823529,0.4698093578946114,4
nist,joint_immediate,primary,warmup,previous_day,1,272,0.10043118065849355,0.17428029319411548,0.3088235294117647,0.6654411764705882,0.8272058823529411,0.4878229833284441,4
nist,joint_immediate,primary,warmup,previous_day,2,272,0.0995689633590784,0.17428029319411548,0.3161764705882353,0.6727941176470589,0.8308823529411765,0.495659750365791,4
nist,joint_immediate,primary,warmup,previous_day,3,272,0.09905047738611976,0.17428029319411548,0.3235294117647059,0.6764705882352942,0.8419117647058824,0.4998828076786218,4
nist,joint_immediate,primary,warmup,previous_day,4,272,0.09878662613071179,0.17428029319411548,0.3235294117647059,0.6875,0.8419117647058824,0.5026859470069428,4
nist,joint_immediate,primary,warmup,raw,1,272,0.03497308884249357,0.05952577303450629,0.47058823529411764,0.7095588235294118,0.8235294117647058,0.24920699015060616,4
nist,joint_immediate,primary,warmup,raw,2,272,0.049056290417706594,0.08767618745062525,0.4227941176470588,0.6838235294117647,0.8235294117647058,0.3745307939184037,4
nist,joint_immediate,primary,warmup,raw,3,272,0.05783583822146952,0.10373071433816991,0.375,0.6875,0.8161764705882353,0.42248256173575116,4
nist,joint_immediate,primary,warmup,raw,4,272,0.0636473040564328,0.12157803988661765,0.39705882352941174,0.6948529411764706,0.8308823529411765,0.4451062707111272,4
nist,joint_immediate,primary,warmup,recency,1,272,0.0348976409385818,0.05952577303450629,0.5147058823529411,0.7977941176470589,0.8786764705882353,0.2643845504079459,4
nist,joint_immediate,primary,warmup,recency,2,272,0.04894086818563294,0.08767618745062525,0.5,0.7867647058823529,0.8860294117647058,0.39019969378470565,4
nist,joint_immediate,primary,warmup,recency,3,272,0.05761528445126968,0.10373071433816991,0.5367647058823529,0.8051470588235294,0.9080882352941176,0.44079782164365683,4
nist,joint_immediate,primary,warmup,recency,4,272,0.06356279778024454,0.12157803988661765,0.5404411764705882,0.8051470588235294,0.9044117647058824,0.46556494281514377,4
nist,joint_immediate,primary,warmup,rolling,1,272,0.034895451086427075,0.05952577303450629,0.5183823529411765,0.8014705882352942,0.8823529411764706,0.2649596152616333,4
nist,joint_immediate,primary,warmup,rolling,2,272,0.04890852349179032,0.08767618745062525,0.5147058823529411,0.7830882352941176,0.8897058823529411,0.3905581539313048,4
nist,joint_immediate,primary,warmup,rolling,3,272,0.05761910364026681,0.10373071433816991,0.5588235294117647,0.8088235294117647,0.9117647058823529,0.4427051429571952,4
nist,joint_immediate,primary,warmup,rolling,4,272,0.0635832825132443,0.12157803988661765,0.5551470588235294,0.8125,0.9080882352941176,0.46786176826730985,4
nist,joint_immediate,primary,warmup,single_imputation,1,272,0.03940233782812369,0.06104185787485085,0.6029411764705882,0.7904411764705882,0.8455882352941176,0.2046617282182701,4
nist,joint_immediate,primary,warmup,single_imputation,2,272,0.05308159804677802,0.08974714346343873,0.43014705882352944,0.7352941176470589,0.8382352941176471,0.2611433710128554,4
nist,joint_immediate,primary,warmup,single_imputation,3,272,0.06728868954107357,0.11185123744189929,0.3860294117647059,0.6580882352941176,0.75,0.29677289293348924,4
nist,joint_immediate,primary,warmup,single_imputation,4,272,0.07742008039005699,0.12963288012316213,0.33455882352941174,0.5992647058823529,0.7169117647058824,0.32013492721869913,4
nist,joint_gradual,primary,evaluation,aci_bounded,1,3978,0.03473712513268488,0.05918178691536377,0.497737556561086,0.7996480643539468,0.8989441930618401,0.2752928078384482,48
nist,joint_gradual,primary,evaluation,aci_bounded,2,3978,0.04519483926008703,0.07859623472644241,0.4989944695827049,0.7996480643539468,0.900201106083459,0.35868079964643373,48
nist,joint_gradual,primary,evaluation,aci_bounded,3,3978,0.052398350389174744,0.09433358344723193,0.4959778783308195,0.7973856209150327,0.8969331322272499,0.4018975610870979,48
nist,joint_gradual,primary,evaluation,aci_bounded,4,3978,0.05800667001909356,0.10797712420663902,0.4947209653092006,0.7981397687280041,0.897938662644545,0.4246776536491258,48
nist,joint_gradual,primary,evaluation,carry_forward,1,3978,0.037324006866429345,0.06264789724349158,0.4069884364002011,0.698340874811463,0.8376068376068376,0.29131084191083,48
nist,joint_gradual,primary,evaluation,carry_forward,2,3978,0.04768382987995112,0.08281149968293877,0.4034690799396682,0.6847662141779789,0.8273001508295625,0.3434015783095578,48
nist,joint_gradual,primary,evaluation,carry_forward,3,3978,0.05486389314792624,0.09951570369326752,0.3888888888888889,0.6840120663650076,0.8139768728004022,0.37458336263401926,48
nist,joint_gradual,primary,evaluation,carry_forward,4,3978,0.06019556701322593,0.11306393488407507,0.38461538461538464,0.6792357968828557,0.8107088989441931,0.3868979260340567,48
nist,joint_gradual,primary,evaluation,geometric_persistence,1,3978,0.049526437546598884,0.07674803953274795,0.5027652086475616,0.8014077425842132,0.9097536450477627,0.3385761462443225,48
nist,joint_gradual,primary,evaluation,geometric_persistence,2,3978,0.06654700041295825,0.11186997777449449,0.5007541478129713,0.8124685771744595,0.9102564102564102,0.4604292096047626,48
nist,joint_gradual,primary,evaluation,geometric_persistence,3,3978,0.08101257575012584,0.14290436924254238,0.5057817998994469,0.799396681749623,0.9062342885872298,0.5531505961759471,48
nist,joint_gradual,primary,evaluation,geometric_persistence,4,3978,0.09150890334887567,0.1681008697060571,0.5085470085470085,0.808446455505279,0.9079939668174962,0.6212153046785853,48
nist,joint_gradual,primary,evaluation,mask50,1,3978,0.034703635059899256,0.05918178691536377,0.5030165912518854,0.8056812468577175,0.9047259929612871,0.27658418363872833,48
nist,joint_gradual,primary,evaluation,mask50,2,3978,0.045112243607305064,0.07859623472644241,0.5027652086475616,0.8056812468577175,0.9039718451483157,0.3581902974428817,48
nist,joint_gradual,primary,evaluation,mask50,3,3978,0.05228945183249997,0.09433358344723193,0.5005027652086476,0.8069381598793364,0.901458019105078,0.40024713332803885,48
nist,joint_gradual,primary,evaluation,mask50,4,3978,0.05789469634121364,0.10797712420663902,0.5040221216691805,0.8054298642533937,0.9004524886877828,0.42197607673544574,48
nist,joint_gradual,primary,evaluation,mi_recency,1,3978,0.038391929025934204,0.06162615487090362,0.5040221216691805,0.8099547511312217,0.9039718451483157,0.26993507565589847,48
nist,joint_gradual,primary,evaluation,mi_recency,2,3978,0.04997135236488389,0.08219424407417437,0.5075414781297134,0.8049270990447461,0.9004524886877828,0.34207664852096326,48
nist,joint_gradual,primary,evaluation,mi_recency,3,3978,0.058155350351792943,0.09745722280102688,0.5012569130216189,0.8021618903971846,0.9019607843137255,0.4062252697614163,48
nist,joint_gradual,primary,evaluation,mi_recency,4,3978,0.06504964596473618,0.10964267220326043,0.49673202614379086,0.8001508295625943,0.9022121669180493,0.4490126951325258,48
nist,joint_gradual,primary,evaluation,multiple_imputation,1,3978,0.038649735939941046,0.06162615487090362,0.5945198592257416,0.8157365510306687,0.873805932629462,0.2360649100707017,48
nist,joint_gradual,primary,evaluation,multiple_imputation,2,3978,0.05063321596498618,0.08219424407417437,0.5276520864756159,0.7639517345399698,0.842885872297637,0.2832962383522923,48
nist,joint_gradual,primary,evaluation,multiple_imputation,3,3978,0.060009282113472805,0.09745722280102688,0.4894419306184012,0.7264957264957265,0.8144796380090498,0.30988000223974654,48
nist,joint_gradual,primary,evaluation,multiple_imputation,4,3978,0.06819329828819239,0.10964267220326043,0.47058823529411764,0.7026143790849673,0.7936148818501759,0.3286914146288067,48
nist,joint_gradual,primary,evaluation,persistence,1,3978,0.06680164800540968,0.12043470410369952,0.49120160884866765,0.8049270990447461,0.9140271493212669,0.4243035504233078,48
nist,joint_gradual,primary,evaluation,persistence,2,3978,0.09387237033474159,0.18541571180898958,0.4904474610356963,0.8031674208144797,0.9117647058823529,0.5823557794690153,48
nist,joint_gradual,primary,evaluation,persistence,3,3978,0.11143241213042165,0.22866480813480425,0.5025138260432378,0.7983911513323279,0.9074912016088487,0.6757675502574837,48
nist,joint_gradual,primary,evaluation,persistence,4,3978,0.12150506087406183,0.2520104787171705,0.5075414781297134,0.8026646556058321,0.9042232277526395,0.7290238330365093,48
nist,joint_gradual,primary,evaluation,physical,1,3978,0.03465048712166246,0.05918178691536377,0.5032679738562091,0.8127199597787833,0.9079939668174962,0.2792410964290214,48
nist,joint_gradual,primary,evaluation,physical,2,3978,0.04503836649035907,0.07859623472644241,0.5050276520864756,0.8117144293614882,0.9112619406737054,0.3601951738386761,48
nist,joint_gradual,primary,evaluation,physical,3,3978,0.05219366269547724,0.09433358344723193,0.49698340874811464,0.809703368526898,0.9044746103569633,0.40420028643981815,48
nist,joint_gradual,primary,evaluation,physical,4,3978,0.05779236409809621,0.10797712420663902,0.5055304172951232,0.8089492207139266,0.9054801407742584,0.4256485466494791,48
nist,joint_gradual,primary,evaluation,physical_availability,1,3978,0.034646608143991585,0.05918178691536377,0.5057817998994469,0.811965811965812,0.9089994972347913,0.27929740748266546,48
nist,joint_gradual,primary,evaluation,physical_availability,2,3978,0.04503900627308657,0.07859623472644241,0.5052790346907994,0.8137254901960784,0.9122674710910005,0.3605930026508839,48
nist,joint_gradual,primary,evaluation,physical_availability,3,3978,0.05220920092054896,0.09433358344723193,0.5015082956259427,0.8117144293614882,0.9047259929612871,0.40446403624470867,48
nist,joint_gradual,primary,evaluation,physical_availability,4,3978,0.05783137330374567,0.10797712420663902,0.5095525389643036,0.8086978381096028,0.9057315233785822,0.42566323783782106,48
nist,joint_gradual,primary,evaluation,physical_recovery,1,3978,0.034646394693835056,0.05918178691536377,0.5072900955253896,0.811965811965812,0.9077425842131724,0.27930130886489357,48
nist,joint_gradual,primary,evaluation,physical_recovery,2,3978,0.045048783710949405,0.07859623472644241,0.5090497737556561,0.8104575163398693,0.910507792860734,0.3607224219207859,48
nist,joint_gradual,primary,evaluation,physical_recovery,3,3978,0.05222712661643209,0.09433358344723193,0.504524886877828,0.8104575163398693,0.9044746103569633,0.4048468768470193,48
nist,joint_gradual,primary,evaluation,physical_recovery,4,3978,0.057827389539173504,0.10797712420663902,0.5105580693815988,0.8081950729009553,0.9069884364002011,0.42582305750442173,48
nist,joint_gradual,primary,evaluation,previous_day,1,3978,0.08705956489592259,0.1440371038061883,0.48868778280542985,0.8089492207139266,0.9145299145299145,0.6296767266140351,48
nist,joint_gradual,primary,evaluation,previous_day,2,3978,0.08780240123438954,0.145796491248598,0.4924585218702866,0.8144796380090498,0.9183006535947712,0.6348753578278612,48
nist,joint_gradual,primary,evaluation,previous_day,3,3978,0.08858184026037963,0.1471535704254201,0.49798893916540976,0.8169934640522876,0.922071392659628,0.6467723100451697,48
nist,joint_gradual,primary,evaluation,previous_day,4,3978,0.08919818903396089,0.14799231597576845,0.49924585218702866,0.821015585721468,0.9248366013071896,0.6579497046788366,48
nist,joint_gradual,primary,evaluation,raw,1,3978,0.03500030510105797,0.05918178691536377,0.40623428858722976,0.6918049270990447,0.8381096028154852,0.25627961213031186,48
nist,joint_gradual,primary,evaluation,raw,2,3978,0.04556533959889413,0.07859623472644241,0.4029663147310206,0.6825037707390649,0.8340874811463047,0.3340428128946078,48
nist,joint_gradual,primary,evaluation,raw,3,3978,0.05289362132688574,0.09433358344723193,0.37858220211161386,0.6721970839617899,0.8197586726998491,0.368361616572161,48
nist,joint_gradual,primary,evaluation,raw,4,3978,0.058539978533349864,0.10797712420663902,0.38436400201106086,0.6784816490698844,0.8200100553041729,0.38984339941297763,48
nist,joint_gradual,primary,evaluation,recency,1,3978,0.034709252457172,0.05918178691536377,0.5002513826043238,0.8036701860231272,0.9047259929612871,0.27654151825152185,48
nist,joint_gradual,primary,evaluation,recency,2,3978,0.04512379249701184,0.07859623472644241,0.5030165912518854,0.8024132730015083,0.9044746103569633,0.35772088363113774,48
nist,joint_gradual,primary,evaluation,recency,3,3978,0.05229609031124156,0.09433358344723193,0.4989944695827049,0.8021618903971846,0.8996983408748115,0.3995437660973766,48
nist,joint_gradual,primary,evaluation,recency,4,3978,0.057897569692226834,0.10797712420663902,0.5005027652086476,0.7986425339366516,0.8974358974358975,0.4217099006079664,48
nist,joint_gradual,primary,evaluation,rolling,1,3978,0.03473647615543423,0.05918178691536377,0.5010055304172951,0.8024132730015083,0.9024635495223731,0.27602913277590047,48
nist,joint_gradual,primary,evaluation,rolling,2,3978,0.045202724620211486,0.07859623472644241,0.5005027652086476,0.7991452991452992,0.9024635495223731,0.3583624953898126,48
nist,joint_gradual,primary,evaluation,rolling,3,3978,0.052402954786033226,0.09433358344723193,0.4984917043740573,0.7981397687280041,0.8969331322272499,0.40009382815867667,48
nist,joint_gradual,primary,evaluation,rolling,4,3978,0.058004245553519185,0.10797712420663902,0.4972347913524384,0.7961287078934137,0.8949220713926597,0.4217641720087834,48
nist,joint_gradual,primary,evaluation,single_imputation,1,3978,0.040629841912497494,0.0615862755775758,0.5771744595274007,0.783308195072901,0.8403720462543992,0.2110745705211753,48
nist,joint_gradual,primary,evaluation,single_imputation,2,3978,0.051974873369597656,0.0821713515827505,0.5158371040723982,0.7378079436902967,0.8185017596782302,0.26564212737915455,48
nist,joint_gradual,primary,evaluation,single_imputation,3,3978,0.06095420680472167,0.09741736502889188,0.48240321769733535,0.7109100050276521,0.7951231774761186,0.29740886586326704,48
nist,joint_gradual,primary,evaluation,single_imputation,4,3978,0.06879534372748276,0.10934758725169884,0.47058823529411764,0.6958270487682252,0.7825540472599296,0.32044861320035833,48
nist,joint_gradual,primary,warmup,aci_bounded,1,272,0.03490647987831258,0.05951438216409893,0.5183823529411765,0.8014705882352942,0.8860294117647058,0.2660086505552613,4
nist,joint_gradual,primary,warmup,aci_bounded,2,272,0.04891504804720433,0.08767618745062525,0.5147058823529411,0.7867647058823529,0.8897058823529411,0.39172064207389445,4
nist,joint_gradual,primary,warmup,aci_bounded,3,272,0.05762689449640059,0.10373239146157132,0.5551470588235294,0.8051470588235294,0.9117647058823529,0.442949681349213,4
nist,joint_gradual,primary,warmup,aci_bounded,4,272,0.06360993840322637,0.12165244015944679,0.5551470588235294,0.8088235294117647,0.9080882352941176,0.46833632660276253,4
nist,joint_gradual,primary,warmup,carry_forward,1,272,0.03974742960050162,0.0662662555432322,0.40441176470588236,0.7169117647058824,0.8382352941176471,0.3466246971216169,4
nist,joint_gradual,primary,warmup,carry_forward,2,272,0.054638805447051964,0.09569014597981364,0.4117647058823529,0.6727941176470589,0.8125,0.4031735935212743,4
nist,joint_gradual,primary,warmup,carry_forward,3,272,0.062317903050604306,0.1144796469773185,0.38235294117647056,0.7132352941176471,0.8345588235294118,0.43651847589507914,4
nist,joint_gradual,primary,warmup,carry_forward,4,272,0.06645381698431338,0.12928669275101357,0.39338235294117646,0.7022058823529411,0.8382352941176471,0.445438906889084,4
nist,joint_gradual,primary,warmup,geometric_persistence,1,272,0.051187270931567885,0.07668578461116309,0.5551470588235294,0.7904411764705882,0.8492647058823529,0.25887543729661916,4
nist,joint_gradual,primary,warmup,geometric_persistence,2,272,0.06362691623184619,0.10473939700824077,0.5551470588235294,0.7941176470588235,0.8786764705882353,0.3972035307141819,4
nist,joint_gradual,primary,warmup,geometric_persistence,3,272,0.07194313786852818,0.12286948210425457,0.5772058823529411,0.8198529411764706,0.8860294117647058,0.4782376186323554,4
nist,joint_gradual,primary,warmup,geometric_persistence,4,272,0.0775156302964876,0.13687249248389463,0.5808823529411765,0.8419117647058824,0.9007352941176471,0.521826077981066,4
nist,joint_gradual,primary,warmup,mask50,1,272,0.03490220759053392,0.05951438216409893,0.5220588235294118,0.7977941176470589,0.8823529411764706,0.26658659669987184,4
nist,joint_gradual,primary,warmup,mask50,2,272,0.048920718032507526,0.08767618745062525,0.5147058823529411,0.7941176470588235,0.8860294117647058,0.3921052709783091,4
nist,joint_gradual,primary,warmup,mask50,3,272,0.05763093894775936,0.10373239146157132,0.5477941176470589,0.8051470588235294,0.9080882352941176,0.4424943597345483,4
nist,joint_gradual,primary,warmup,mask50,4,272,0.06360460850045717,0.12165244015944679,0.5551470588235294,0.8088235294117647,0.9044117647058824,0.46742042049173654,4
nist,joint_gradual,primary,warmup,mi_recency,1,272,0.0384286930581274,0.06174481774037392,0.5110294117647058,0.7757352941176471,0.8823529411764706,0.25025988064770394,4
nist,joint_gradual,primary,warmup,mi_recency,2,272,0.052686455847534695,0.0911664738109155,0.4963235294117647,0.7977941176470589,0.8897058823529411,0.32051387158238615,4
nist,joint_gradual,primary,warmup,mi_recency,3,272,0.06452583751315545,0.11204102820811994,0.5036764705882353,0.8014705882352942,0.8933823529411765,0.41034197511096465,4
nist,joint_gradual,primary,warmup,mi_recency,4,272,0.07252190076997576,0.12976642728359258,0.5036764705882353,0.7720588235294118,0.875,0.45175488491250726,4
nist,joint_gradual,primary,warmup,multiple_imputation,1,272,0.038555046807230306,0.06174481774037392,0.6286764705882353,0.8235294117647058,0.8786764705882353,0.24019134302329465,4
nist,joint_gradual,primary,warmup,multiple_imputation,2,272,0.05288881408516057,0.0911664738109155,0.44485294117647056,0.7720588235294118,0.8639705882352942,0.28535144640784543,4
nist,joint_gradual,primary,warmup,multiple_imputation,3,272,0.06695492574873133,0.11204102820811994,0.4007352941176471,0.6727941176470589,0.7720588235294118,0.3136135500731796,4
nist,joint_gradual,primary,warmup,multiple_imputation,4,272,0.07678076175255281,0.12976642728359258,0.33455882352941174,0.6176470588235294,0.7389705882352942,0.3297023042619177,4
nist,joint_gradual,primary,warmup,persistence,1,272,0.05960513028133308,0.10053156327640032,0.625,0.8419117647058824,0.8860294117647058,0.34805955275719447,4
nist,joint_gradual,primary,warmup,persistence,2,272,0.0762740189109907,0.14664595443367595,0.6029411764705882,0.8566176470588235,0.9338235294117647,0.5076424717236359,4
nist,joint_gradual,primary,warmup,persistence,3,272,0.08564944417044618,0.17004746658083256,0.6066176470588235,0.8566176470588235,0.9338235294117647,0.5675589887691316,4
nist,joint_gradual,primary,warmup,persistence,4,272,0.08943699395643001,0.1790115355432901,0.6286764705882353,0.8676470588235294,0.9227941176470589,0.5890857461048697,4
nist,joint_gradual,primary,warmup,physical,1,272,0.03487035871977574,0.05951438216409893,0.5183823529411765,0.7977941176470589,0.8823529411764706,0.26782825683062755,4
nist,joint_gradual,primary,warmup,physical,2,272,0.04887129576350884,0.08767618745062525,0.5036764705882353,0.7941176470588235,0.8860294117647058,0.39346331054590405,4
nist,joint_gradual,primary,warmup,physical,3,272,0.05763132321008796,0.10373239146157132,0.5441176470588235,0.7977941176470589,0.9044117647058824,0.44399718087897305,4
nist,joint_gradual,primary,warmup,physical,4,272,0.06365539329609565,0.12165244015944679,0.5441176470588235,0.8051470588235294,0.9044117647058824,0.46866159095983606,4
nist,joint_gradual,primary,warmup,physical_availability,1,272,0.03486698866862021,0.05951438216409893,0.5257352941176471,0.7941176470588235,0.8860294117647058,0.2680088105929508,4
nist,joint_gradual,primary,warmup,physical_availability,2,272,0.04881678115702625,0.08767618745062525,0.5220588235294118,0.8014705882352942,0.8897058823529411,0.39389720573118536,4
nist,joint_gradual,primary,warmup,physical_availability,3,272,0.05761488739482967,0.10373239146157132,0.5514705882352942,0.8051470588235294,0.9007352941176471,0.4446383058610137,4
nist,joint_gradual,primary,warmup,physical_availability,4,272,0.06362037329454732,0.12165244015944679,0.5551470588235294,0.8161764705882353,0.9117647058823529,0.4695299368620676,4
nist,joint_gradual,primary,warmup,physical_recovery,1,272,0.034848546359768584,0.05951438216409893,0.5330882352941176,0.7977941176470589,0.8933823529411765,0.2688181690894221,4
nist,joint_gradual,primary,warmup,physical_recovery,2,272,0.04883196214692591,0.08767618745062525,0.5110294117647058,0.8051470588235294,0.8897058823529411,0.39493520564592666,4
nist,joint_gradual,primary,warmup,physical_recovery,3,272,0.05762379221312554,0.10373239146157132,0.5404411764705882,0.7941176470588235,0.9007352941176471,0.44578076974944714,4
nist,joint_gradual,primary,warmup,physical_recovery,4,272,0.06362813923498375,0.12165244015944679,0.5073529411764706,0.8014705882352942,0.9117647058823529,0.46975276661719306,4
nist,joint_gradual,primary,warmup,previous_day,1,272,0.10043118065849355,0.17428029319411548,0.3088235294117647,0.6654411764705882,0.8272058823529411,0.4878229833284441,4
nist,joint_gradual,primary,warmup,previous_day,2,272,0.0995689633590784,0.17428029319411548,0.3161764705882353,0.6727941176470589,0.8308823529411765,0.495659750365791,4
nist,joint_gradual,primary,warmup,previous_day,3,272,0.09905047738611976,0.17428029319411548,0.3235294117647059,0.6764705882352942,0.8419117647058824,0.4998828076786218,4
nist,joint_gradual,primary,warmup,previous_day,4,272,0.09878662613071179,0.17428029319411548,0.3235294117647059,0.6875,0.8419117647058824,0.5026859470069428,4
nist,joint_gradual,primary,warmup,raw,1,272,0.034978427638384796,0.05951438216409893,0.47058823529411764,0.7095588235294118,0.8235294117647058,0.24926168413312855,4
nist,joint_gradual,primary,warmup,raw,2,272,0.049056290417706594,0.08767618745062525,0.4227941176470588,0.6838235294117647,0.8235294117647058,0.3745307939184037,4
nist,joint_gradual,primary,warmup,raw,3,272,0.057836401389648955,0.10373239146157132,0.375,0.6875,0.8161764705882353,0.4224768331830423,4
nist,joint_gradual,primary,warmup,raw,4,272,0.06366388055161516,0.12165244015944679,0.39705882352941174,0.6948529411764706,0.8345588235294118,0.4451028266687582,4
nist,joint_gradual,primary,warmup,recency,1,272,0.0349035520848612,0.05951438216409893,0.5147058823529411,0.7977941176470589,0.8786764705882353,0.2644260241378132,4
nist,joint_gradual,primary,warmup,recency,2,272,0.04894086818563294,0.08767618745062525,0.5,0.7867647058823529,0.8860294117647058,0.39019969378470565,4
nist,joint_gradual,primary,warmup,recency,3,272,0.057615806063007514,0.10373239146157132,0.5367647058823529,0.8051470588235294,0.9080882352941176,0.44079209309094797,4
nist,joint_gradual,primary,warmup,recency,4,272,0.06357844279569058,0.12165244015944679,0.5404411764705882,0.8051470588235294,0.9044117647058824,0.46555986627458573,4
nist,joint_gradual,primary,warmup,rolling,1,272,0.03490073047674938,0.05951438216409893,0.5183823529411765,0.8014705882352942,0.8823529411764706,0.26499128488489243,4
nist,joint_gradual,primary,warmup,rolling,2,272,0.04890852349179032,0.08767618745062525,0.5147058823529411,0.7830882352941176,0.8897058823529411,0.3905581539313048,4
nist,joint_gradual,primary,warmup,rolling,3,272,0.05761962525200464,0.10373239146157132,0.5588235294117647,0.8088235294117647,0.9117647058823529,0.4426994144044864,4
nist,joint_gradual,primary,warmup,rolling,4,272,0.06359880218519652,0.12165244015944679,0.5551470588235294,0.8125,0.9080882352941176,0.4678484199410962,4
nist,joint_gradual,primary,warmup,single_imputation,1,272,0.03940241739867377,0.06104464284410359,0.6029411764705882,0.7904411764705882,0.8455882352941176,0.20465894324901734,4
nist,joint_gradual,primary,warmup,single_imputation,2,272,0.05308159804677802,0.08974714346343873,0.43014705882352944,0.7352941176470589,0.8382352941176471,0.2611433710128554,4
nist,joint_gradual,primary,warmup,single_imputation,3,272,0.06729644207246939,0.11188138617510522,0.3860294117647059,0.6580882352941176,0.75,0.2968030416666952,4
nist,joint_gradual,primary,warmup,single_imputation,4,272,0.07743924451601349,0.1297074072796596,0.33455882352941174,0.5992647058823529,0.7169117647058824,0.32020945437519666,4
nist,joint_none,primary,evaluation,aci_bounded,1,3978,0.03526515200413414,0.06019475570885299,0.5032679738562091,0.8049270990447461,0.9024635495223731,0.2801304266677589,48
nist,joint_none,primary,evaluation,aci_bounded,2,3978,0.04592045796917198,0.0801711840781645,0.5010055304172951,0.8046757164404224,0.9047259929612871,0.36335800914911365,48
nist,joint_none,primary,evaluation,aci_bounded,3,3978,0.05307994640565258,0.09582981918651239,0.4937154348919055,0.8034188034188035,0.9009552538964304,0.4055458855889639,48
nist,joint_none,primary,evaluation,aci_bounded,4,3978,0.05850246935748065,0.10886149862655979,0.4959778783308195,0.801659125188537,0.9017094017094017,0.42776365643258557,48
nist,joint_none,primary,evaluation,carry_forward,1,3978,0.03804920045413038,0.06422229648356291,0.4054801407742584,0.6955756661639014,0.8353443941679236,0.29427448990435,48
nist,joint_none,primary,evaluation,carry_forward,2,3978,0.04856283214681827,0.08476188399759876,0.405982905982906,0.6814982403217698,0.824534942182001,0.34549399553415533,48
nist,joint_none,primary,evaluation,carry_forward,3,3978,0.05547863550039815,0.10044663687897043,0.3916540975364505,0.6840120663650076,0.8137254901960784,0.3764300697056205,48
nist,joint_none,primary,evaluation,carry_forward,4,3978,0.06059336812018833,0.11352929098908682,0.389894419306184,0.6799899446958271,0.8104575163398693,0.3888160115988427,48
nist,joint_none,primary,evaluation,geometric_persistence,1,3978,0.04949189233192612,0.07672745795495481,0.5027652086475616,0.8014077425842132,0.9097536450477627,0.33854692787402413,48
nist,joint_none,primary,evaluation,geometric_persistence,2,3978,0.06642022387487935,0.11175202282331546,0.5010055304172951,0.8129713423831071,0.9107591754650578,0.46035304361468277,48
nist,joint_none,primary,evaluation,geometric_persistence,3,3978,0.08083260809582234,0.14269507268886727,0.5062845651080945,0.8001508295625943,0.9069884364002011,0.5530298250179931,48
nist,joint_none,primary,evaluation,geometric_persistence,4,3978,0.09130420547734008,0.16784421729018767,0.5090497737556561,0.8094519859225742,0.9089994972347913,0.621076861682052,48
nist,joint_none,primary,evaluation,mask50,1,3978,0.03523579433736746,0.06019475570885299,0.5005027652086476,0.8064353946706888,0.9029663147310206,0.279699348085597,48
nist,joint_none,primary,evaluation,mask50,2,3978,0.04586482235477368,0.0801711840781645,0.5027652086475616,0.8036701860231272,0.905982905982906,0.36148625403650175,48
nist,joint_none,primary,evaluation,mask50,3,3978,0.05300633796292461,0.09582981918651239,0.49924585218702866,0.8069381598793364,0.9007038712921066,0.40401665203811143,48
nist,joint_none,primary,evaluation,mask50,4,3978,0.05842927010971311,0.10886149862655979,0.4987430869783811,0.8051784816490699,0.8999497234791353,0.4246346502443113,48
nist,joint_none,primary,evaluation,mi_recency,1,3978,0.03838440342121307,0.0616871240627819,0.497737556561086,0.8086978381096028,0.9039718451483157,0.26946684437492935,48
nist,joint_none,primary,evaluation,mi_recency,2,3978,0.04998349329841048,0.08230119654792499,0.5075414781297134,0.8056812468577175,0.9032176973353444,0.34359638095667755,48
nist,joint_none,primary,evaluation,mi_recency,3,3978,0.05824093477989189,0.09762265874454357,0.49949723479135244,0.8029160382101559,0.9022121669180493,0.4100819940430835,48
nist,joint_none,primary,evaluation,mi_recency,4,3978,0.06512276855726541,0.10976818986097336,0.491955756661639,0.8026646556058321,0.9027149321266968,0.45053640947478796,48
nist,joint_none,primary,evaluation,multiple_imputation,1,3978,0.03864391668419512,0.0616871240627819,0.5950226244343891,0.8144796380090498,0.8730517848164907,0.23648552625713426,48
nist,joint_none,primary,evaluation,multiple_imputation,2,3978,0.050643726951765264,0.08230119654792499,0.5268979386626446,0.7631975867269984,0.8438914027149321,0.28385737479276246,48
nist,joint_none,primary,evaluation,multiple_imputation,3,3978,0.06011494259007115,0.09762265874454357,0.49296128707893416,0.7267471091000502,0.8149824032176973,0.31061633171363146,48
nist,joint_none,primary,evaluation,multiple_imputation,4,3978,0.0682745086019172,0.10976818986097336,0.4725992961287079,0.7043740573152338,0.7913524384112619,0.3295110791260891,48
nist,joint_none,primary,evaluation,persistence,1,3978,0.06680071314630727,0.12043760750932246,0.49120160884866765,0.8049270990447461,0.9142785319255907,0.42424545911808753,48
nist,joint_none,primary,evaluation,persistence,2,3978,0.09381968800514374,0.18531844766645067,0.4906988436400201,0.8034188034188035,0.9120160884866767,0.5821611195338677,48
nist,joint_none,primary,evaluation,persistence,3,3978,0.11133412150493519,0.22843524290010525,0.5030165912518854,0.7988939165409754,0.9074912016088487,0.675400962961601,48
nist,joint_none,primary,evaluation,persistence,4,3978,0.1213670031986996,0.25163359583174766,0.508044243338361,0.8029160382101559,0.9042232277526395,0.7284894773829637,48
nist,joint_none,primary,evaluation,physical,1,3978,0.035174115595973776,0.06019475570885299,0.5075414781297134,0.8117144293614882,0.9092508798391151,0.28320984423376394,48
nist,joint_none,primary,evaluation,physical,2,3978,0.045784345106261906,0.0801711840781645,0.5030165912518854,0.8129713423831071,0.912770236299648,0.36494120636076927,48
nist,joint_none,primary,evaluation,physical,3,3978,0.05289984583953987,0.09582981918651239,0.49572649572649574,0.8132227249874309,0.9054801407742584,0.4086031509358185,48
nist,joint_none,primary,evaluation,physical,4,3978,0.05830620650668405,0.10886149862655979,0.5050276520864756,0.8089492207139266,0.9064856711915535,0.42887997739234107,48
nist,joint_none,primary,evaluation,physical_availability,1,3978,0.03517086038650305,0.06019475570885299,0.5070387129210658,0.8192559074912016,0.9117647058823529,0.283572066337066,48
nist,joint_none,primary,evaluation,physical_availability,2,3978,0.04579113354707744,0.0801711840781645,0.5055304172951232,0.811965811965812,0.9140271493212669,0.36450475992213727,48
nist,joint_none,primary,evaluation,physical_availability,3,3978,0.0529348640000405,0.09582981918651239,0.5015082956259427,0.8147310206133735,0.905982905982906,0.4087324076548287,48
nist,joint_none,primary,evaluation,physical_availability,4,3978,0.05836950491457163,0.10886149862655979,0.5090497737556561,0.811965811965812,0.9067370537958773,0.42905540954450694,48
nist,joint_none,primary,evaluation,physical_recovery,1,3978,0.0351725920764732,0.06019475570885299,0.5082956259426847,0.8172448466566113,0.9100050276520865,0.2831478680621464,48
nist,joint_none,primary,evaluation,physical_recovery,2,3978,0.04579868856265085,0.0801711840781645,0.5098039215686274,0.8124685771744595,0.912770236299648,0.36453281303686086,48
nist,joint_none,primary,evaluation,physical_recovery,3,3978,0.05295458605230222,0.09582981918651239,0.5027652086475616,0.8147310206133735,0.9047259929612871,0.40870220437577,48
nist,joint_none,primary,evaluation,physical_recovery,4,3978,0.05838627345105074,0.10886149862655979,0.5087983911513323,0.8112116641528406,0.905982905982906,0.42924107969848624,48
nist,joint_none,primary,evaluation,previous_day,1,3978,0.08502258668662481,0.14020965601721921,0.49296128707893416,0.8132227249874309,0.9172951231774761,0.6295135596476347,48
nist,joint_none,primary,evaluation,previous_day,2,3978,0.08857683033592512,0.14709803824061524,0.4856711915535445,0.8076923076923077,0.9155354449472096,0.632966897924114,48
nist,joint_none,primary,evaluation,previous_day,3,3978,0.09211424359767241,0.15270652504858487,0.4891905480140774,0.8019105077928608,0.9117647058823529,0.6429586040703241,48
nist,joint_none,primary,evaluation,previous_day,4,3978,0.09476240498205635,0.15694629135284083,0.48592257415786827,0.8024132730015083,0.9117647058823529,0.6519018130215817,48
nist,joint_none,primary,evaluation,raw,1,3978,0.03558319638694586,0.06019475570885299,0.39668174962292607,0.6887883358471594,0.832579185520362,0.2582601185732605,48
nist,joint_none,primary,evaluation,raw,2,3978,0.04632294265681321,0.0801711840781645,0.3976872800402212,0.6787330316742082,0.8335847159376572,0.3374183855730199,48
nist,joint_none,primary,evaluation,raw,3,3978,0.05360663086942894,0.09582981918651239,0.3805932629462041,0.6684263448969331,0.8207642031171443,0.3720999380943501,48
nist,joint_none,primary,evaluation,raw,4,3978,0.05902285265934315,0.10886149862655979,0.38134741075917544,0.6804927099044746,0.8217697335344394,0.3928803162145396,48
nist,joint_none,primary,evaluation,recency,1,3978,0.0352342527598067,0.06019475570885299,0.5057817998994469,0.8074409250879839,0.9054801407742584,0.2807848053989514,48
nist,joint_none,primary,evaluation,recency,2,3978,0.04586215689643157,0.0801711840781645,0.5077928607340372,0.8092006033182504,0.90824534942182,0.3626942609312556,48
nist,joint_none,primary,evaluation,recency,3,3978,0.05300063967374556,0.09582981918651239,0.49547511312217196,0.8081950729009553,0.9004524886877828,0.4041721263023705,48
nist,joint_none,primary,evaluation,recency,4,3978,0.058409475120131636,0.10886149862655979,0.5015082956259427,0.8011563599798894,0.9009552538964304,0.42495749146559536,48
nist,joint_none,primary,evaluation,rolling,1,3978,0.035261975018387716,0.06019475570885299,0.5027652086475616,0.8064353946706888,0.9047259929612871,0.2805471491093391,48
nist,joint_none,primary,evaluation,rolling,2,3978,0.045920039155175625,0.0801711840781645,0.5082956259426847,0.8036701860231272,0.9072398190045249,0.36314170153707825,48
nist,joint_none,primary,evaluation,rolling,3,3978,0.0530796830992062,0.09582981918651239,0.4987430869783811,0.803921568627451,0.9017094017094017,0.4048920453888221,48
nist,joint_none,primary,evaluation,rolling,4,3978,0.05849687682710381,0.10886149862655979,0.5012569130216189,0.8001508295625943,0.8996983408748115,0.42542083545330034,48
nist,joint_none,primary,evaluation,single_imputation,1,3978,0.040690687239683825,0.06173647480507238,0.5769230769230769,0.7812971342383107,0.8388637506284565,0.21114096749314243,48
nist,joint_none,primary,evaluation,single_imputation,2,3978,0.05205778740043147,0.08235149830593842,0.5150829562594268,0.7365510306686778,0.8182503770739065,0.26564544381587296,48
nist,joint_none,primary,evaluation,single_imputation,3,3978,0.0611872327694022,0.09770316200005426,0.48366013071895425,0.7101558572146808,0.7921065862242332,0.2974390559637334,48
nist,joint_none,primary,evaluation,single_imputation,4,3978,0.06897938559337692,0.10946410435522834,0.4733534439416792,0.6943187531422825,0.7792860734037205,0.3204500728186292,48
nist,joint_none,primary,warmup,aci_bounded,1,272,0.03513662066784872,0.06009600776950069,0.5183823529411765,0.7941176470588235,0.8897058823529411,0.2725455711512752,4
nist,joint_none,primary,warmup,aci_bounded,2,272,0.04985751490492281,0.09207533526292504,0.5367647058823529,0.8014705882352942,0.8860294117647058,0.39332087747034705,4
nist,joint_none,primary,warmup,aci_bounded,3,272,0.0578461440465291,0.10631263487791896,0.5698529411764706,0.7977941176470589,0.9080882352941176,0.4369863436050849,4
nist,joint_none,primary,warmup,aci_bounded,4,272,0.06379680533084926,0.12414237863122217,0.5808823529411765,0.8382352941176471,0.9154411764705882,0.45588311485192895,4
nist,joint_none,primary,warmup,carry_forward,1,272,0.0408390983841284,0.06877661889148211,0.38235294117647056,0.6801470588235294,0.8051470588235294,0.3475707868246458,4
nist,joint_none,primary,warmup,carry_forward,2,272,0.056122600429436176,0.09893103998352701,0.39705882352941174,0.6544117647058824,0.7977941176470589,0.4040920241217649,4
nist,joint_none,primary,warmup,carry_forward,3,272,0.06333793140126553,0.11719892823264376,0.38235294117647056,0.7169117647058824,0.8235294117647058,0.4376135888082117,4
nist,joint_none,primary,warmup,carry_forward,4,272,0.06669389829210129,0.13109110237508245,0.4007352941176471,0.7279411764705882,0.8419117647058824,0.4468145495086501,4
nist,joint_none,primary,warmup,geometric_persistence,1,272,0.051187270931567885,0.07668578461116309,0.5551470588235294,0.7904411764705882,0.8492647058823529,0.25887543729661916,4
nist,joint_none,primary,warmup,geometric_persistence,2,272,0.06362691623184619,0.10473939700824077,0.5551470588235294,0.7941176470588235,0.8786764705882353,0.3972035307141819,4
nist,joint_none,primary,warmup,geometric_persistence,3,272,0.07194313786852818,0.12286948210425457,0.5772058823529411,0.8198529411764706,0.8860294117647058,0.4782376186323554,4
nist,joint_none,primary,warmup,geometric_persistence,4,272,0.0775156302964876,0.13687249248389463,0.5808823529411765,0.8419117647058824,0.9007352941176471,0.521826077981066,4
nist,joint_none,primary,warmup,mask50,1,272,0.03512131826241476,0.06009600776950069,0.5110294117647058,0.7794117647058824,0.8823529411764706,0.2679528223199349,4
nist,joint_none,primary,warmup,mask50,2,272,0.049834113897495085,0.09207533526292504,0.5036764705882353,0.7757352941176471,0.8786764705882353,0.3893505684487104,4
nist,joint_none,primary,warmup,mask50,3,272,0.057834764868920405,0.10631263487791896,0.5514705882352942,0.7904411764705882,0.9007352941176471,0.4352587553921217,4
nist,joint_none,primary,warmup,mask50,4,272,0.06375283747239086,0.12414237863122217,0.5625,0.8235294117647058,0.9117647058823529,0.4556361328989695,4
nist,joint_none,primary,warmup,mi_recency,1,272,0.038512311908553275,0.06170104385191984,0.5294117647058824,0.8051470588235294,0.8970588235294118,0.25923088168594777,4
nist,joint_none,primary,warmup,mi_recency,2,272,0.052720311573374465,0.09143467049211677,0.4963235294117647,0.8125,0.9044117647058824,0.335224488333265,4
nist,joint_none,primary,warmup,mi_recency,3,272,0.0645335878920584,0.11235318549325486,0.5220588235294118,0.8161764705882353,0.9007352941176471,0.418271832184295,4
nist,joint_none,primary,warmup,mi_recency,4,272,0.07241731589864535,0.12948704991309654,0.5294117647058824,0.7720588235294118,0.8786764705882353,0.4560407224782864,4
nist,joint_none,primary,warmup,multiple_imputation,1,272,0.03859309574380585,0.06170104385191984,0.6323529411764706,0.8272058823529411,0.8786764705882353,0.2402434885002151,4
nist,joint_none,primary,warmup,multiple_imputation,2,272,0.052983986004416006,0.09143467049211677,0.4375,0.7683823529411765,0.8676470588235294,0.2857793988653825,4
nist,joint_none,primary,warmup,multiple_imputation,3,272,0.0669119574220742,0.11235318549325486,0.4007352941176471,0.6727941176470589,0.7757352941176471,0.3149491417952818,4
nist,joint_none,primary,warmup,multiple_imputation,4,272,0.07640211186395746,0.12948704991309654,0.3492647058823529,0.6139705882352942,0.7389705882352942,0.3309950135792556,4
nist,joint_none,primary,warmup,persistence,1,272,0.05960513028133308,0.10053156327640032,0.625,0.8419117647058824,0.8860294117647058,0.34805955275719447,4
nist,joint_none,primary,warmup,persistence,2,272,0.0762740189109907,0.14664595443367595,0.6029411764705882,0.8566176470588235,0.9338235294117647,0.5076424717236359,4
nist,joint_none,primary,warmup,persistence,3,272,0.08564944417044618,0.17004746658083256,0.6066176470588235,0.8566176470588235,0.9338235294117647,0.5675589887691316,4
nist,joint_none,primary,warmup,persistence,4,272,0.08943699395643001,0.1790115355432901,0.6286764705882353,0.8676470588235294,0.9227941176470589,0.5890857461048697,4
nist,joint_none,primary,warmup,physical,1,272,0.03505170271950139,0.06009600776950069,0.5220588235294118,0.7941176470588235,0.8860294117647058,0.27108214846576356,4
nist,joint_none,primary,warmup,physical,2,272,0.049793758339156016,0.09207533526292504,0.5220588235294118,0.7867647058823529,0.8860294117647058,0.39363674227851964,4
nist,joint_none,primary,warmup,physical,3,272,0.05781493531743804,0.10631263487791896,0.5441176470588235,0.7830882352941176,0.9044117647058824,0.4374592288553312,4
nist,joint_none,primary,warmup,physical,4,272,0.06377032841623506,0.12414237863122217,0.5661764705882353,0.8198529411764706,0.9080882352941176,0.45566714082304094,4
nist,joint_none,primary,warmup,physical_availability,1,272,0.03506421857436834,0.06009600776950069,0.5183823529411765,0.7941176470588235,0.8786764705882353,0.26870123869723095,4
nist,joint_none,primary,warmup,physical_availability,2,272,0.04974256493095924,0.09207533526292504,0.5294117647058824,0.7941176470588235,0.8860294117647058,0.3912786975612771,4
nist,joint_none,primary,warmup,physical_availability,3,272,0.05783299486839804,0.10631263487791896,0.5441176470588235,0.7867647058823529,0.9007352941176471,0.436536905309808,4
nist,joint_none,primary,warmup,physical_availability,4,272,0.06379363908836609,0.12414237863122217,0.5625,0.8198529411764706,0.9080882352941176,0.4548404823824644,4
nist,joint_none,primary,warmup,physical_recovery,1,272,0.03508660652918289,0.06009600776950069,0.5220588235294118,0.7977941176470589,0.8823529411764706,0.26880379729397624,4
nist,joint_none,primary,warmup,physical_recovery,2,272,0.049767500200765966,0.09207533526292504,0.5147058823529411,0.7794117647058824,0.8823529411764706,0.3915014624456752,4
nist,joint_none,primary,warmup,physical_recovery,3,272,0.0578075175005176,0.10631263487791896,0.5330882352941176,0.7794117647058824,0.8933823529411765,0.4364119208147154,4
nist,joint_none,primary,warmup,physical_recovery,4,272,0.06379487558076503,0.12414237863122217,0.5477941176470589,0.8014705882352942,0.9080882352941176,0.4544436517574549,4
nist,joint_none,primary,warmup,previous_day,1,272,0.08850087563890535,0.15257559626639722,0.3602941176470588,0.7169117647058824,0.8529411764705882,0.4706899678438978,4
nist,joint_none,primary,warmup,previous_day,2,272,0.08908299646354663,0.15524833968034943,0.36764705882352944,0.7132352941176471,0.8566176470588235,0.4768433212821517,4
nist,joint_none,primary,warmup,previous_day,3,272,0.08935868943188192,0.15652203596159556,0.3786764705882353,0.7132352941176471,0.8602941176470589,0.4792046735791194,4
nist,joint_none,primary,warmup,previous_day,4,272,0.08969554753409953,0.15756124168821573,0.375,0.7205882352941176,0.8602941176470589,0.48096631111832433,4
nist,joint_none,primary,warmup,raw,1,272,0.03527251446516831,0.06009600776950069,0.44485294117647056,0.6801470588235294,0.8235294117647058,0.2511573417499835,4
nist,joint_none,primary,warmup,raw,2,272,0.05002012440853879,0.09207533526292504,0.4007352941176471,0.6654411764705882,0.8198529411764706,0.37592820055305903,4
nist,joint_none,primary,warmup,raw,3,272,0.05792930341748328,0.10631263487791896,0.3860294117647059,0.6838235294117647,0.8272058823529411,0.4239164688681048,4
nist,joint_none,primary,warmup,raw,4,272,0.06359094918405928,0.12414237863122217,0.4117647058823529,0.7426470588235294,0.875,0.4479413077122555,4
nist,joint_none,primary,warmup,recency,1,272,0.03514497070861979,0.06009600776950069,0.5183823529411765,0.7941176470588235,0.8860294117647058,0.27028402865843315,4
nist,joint_none,primary,warmup,recency,2,272,0.04986635222085328,0.09207533526292504,0.5147058823529411,0.7904411764705882,0.8786764705882353,0.3920370798212031,4
nist,joint_none,primary,warmup,recency,3,272,0.057821029489536234,0.10631263487791896,0.5477941176470589,0.7941176470588235,0.9044117647058824,0.43622622958668633,4
nist,joint_none,primary,warmup,recency,4,272,0.06372749190312225,0.12414237863122217,0.5625,0.8198529411764706,0.9117647058823529,0.455268907618051,4
nist,joint_none,primary,warmup,rolling,1,272,0.035138064266028377,0.06009600776950069,0.5147058823529411,0.7867647058823529,0.8897058823529411,0.2704644405918716,4
nist,joint_none,primary,warmup,rolling,2,272,0.049834952989969115,0.09207533526292504,0.5367647058823529,0.8014705882352942,0.8860294117647058,0.3920008471433315,4
nist,joint_none,primary,warmup,rolling,3,272,0.05782083978947904,0.10631263487791896,0.5625,0.7977941176470589,0.9080882352941176,0.4365207844037631,4
nist,joint_none,primary,warmup,rolling,4,272,0.06378901719956818,0.12414237863122217,0.5845588235294118,0.8345588235294118,0.9191176470588235,0.4557963182945544,4
nist,joint_none,primary,warmup,single_imputation,1,272,0.03941040592847852,0.06135627398618226,0.5919117647058824,0.7941176470588235,0.8455882352941176,0.20505099886590417,4
nist,joint_none,primary,warmup,single_imputation,2,272,0.0537311687144039,0.09108100063171673,0.41544117647058826,0.7316176470588235,0.8345588235294118,0.262106871290282,4
nist,joint_none,primary,warmup,single_imputation,3,272,0.06895225719678605,0.11405169042900949,0.3860294117647059,0.6397058823529411,0.7426470588235294,0.2972237483482157,4
nist,joint_none,primary,warmup,single_imputation,4,272,0.07904322092140428,0.13124631597357292,0.3382352941176471,0.5992647058823529,0.6948529411764706,0.31982115315622633,4
nist,irradiance_first,primary,evaluation,aci_bounded,1,3978,0.03493050743745874,0.05967070079852474,0.4987430869783811,0.7996480643539468,0.8996983408748115,0.27769661715659805,48
nist,irradiance_first,primary,evaluation,aci_bounded,2,3978,0.04527151262713294,0.07886304879704671,0.4984917043740573,0.799396681749623,0.8999497234791353,0.35965020401725634,48
nist,irradiance_first,primary,evaluation,aci_bounded,3,3978,0.052473086344486365,0.09459100018297396,0.49572649572649574,0.7978883861236803,0.8969331322272499,0.401823168006875,48
nist,irradiance_first,primary,evaluation,aci_bounded,4,3978,0.05807219236898447,0.1081915552902412,0.4949723479135244,0.7976370035193565,0.897938662644545,0.4248811299521833,48
nist,irradiance_first,primary,evaluation,carry_forward,1,3978,0.03757645116899009,0.06313287007585547,0.40874811463046756,0.7008547008547008,0.8378582202111614,0.29349464727370866,48
nist,irradiance_first,primary,evaluation,carry_forward,2,3978,0.04783303266722141,0.08328789434493131,0.4057315233785822,0.6855203619909502,0.8278029160382101,0.3443086031601519,48
nist,irradiance_first,primary,evaluation,carry_forward,3,3978,0.05494587565417133,0.09969985316745225,0.39089994972347913,0.6837606837606838,0.814228255404726,0.37491098548278545,48
nist,irradiance_first,primary,evaluation,carry_forward,4,3978,0.06022062892717615,0.11313057008128617,0.38436400201106086,0.6797385620915033,0.8107088989441931,0.387033557995169,48
nist,irradiance_first,primary,evaluation,geometric_persistence,1,3978,0.05162127921426371,0.07981141663329748,0.4952237305178482,0.7941176470588235,0.9039718451483157,0.3372615161070815,48
nist,irradiance_first,primary,evaluation,geometric_persistence,2,3978,0.06753557374856764,0.11365504535169527,0.49673202614379086,0.8086978381096028,0.9072398190045249,0.4593394867109859,48
nist,irradiance_first,primary,evaluation,geometric_persistence,3,3978,0.08138140922984573,0.1435333388793746,0.5042735042735043,0.7986425339366516,0.9047259929612871,0.5525537026572159,48
nist,irradiance_first,primary,evaluation,geometric_persistence,4,3978,0.09150764621980956,0.1678056562486417,0.5090497737556561,0.8092006033182504,0.9074912016088487,0.6211213465207268,48
nist,irradiance_first,primary,evaluation,mask50,1,3978,0.03489727073972007,0.05967070079852474,0.5035193564605329,0.8041729512317748,0.9049773755656109,0.2791835647561564,48
nist,irradiance_first,primary,evaluation,mask50,2,3978,0.04519528031535355,0.07886304879704671,0.5040221216691805,0.8069381598793364,0.9044746103569633,0.35910401964510025,48
nist,irradiance_first,primary,evaluation,mask50,3,3978,0.05237421402958677,0.09459100018297396,0.5002513826043238,0.8069381598793364,0.9004524886877828,0.4002877854010407,48
nist,irradiance_first,primary,evaluation,mask50,4,3978,0.05797184965016725,0.1081915552902412,0.5037707390648567,0.803921568627451,0.9007038712921066,0.4218030931712232,48
nist,irradiance_first,primary,evaluation,mi_recency,1,3978,0.03844240831955424,0.061724238474125816,0.5040221216691805,0.8102061337355455,0.9047259929612871,0.2705957420229435,48
nist,irradiance_first,primary,evaluation,mi_recency,2,3978,0.04999057804373256,0.08225948924045827,0.5072900955253896,0.8059326294620413,0.900201106083459,0.34226146070160895,48
nist,irradiance_first,primary,evaluation,mi_recency,3,3978,0.05814033498410287,0.09746182967960813,0.5012569130216189,0.8024132730015083,0.901458019105078,0.4060777954916386,48
nist,irradiance_first,primary,evaluation,mi_recency,4,3978,0.06501669520484209,0.10960104197436903,0.4964806435394671,0.799396681749623,0.9019607843137255,0.4487749610797462,48
nist,irradiance_first,primary,evaluation,multiple_imputation,1,3978,0.038697843584689987,0.061724238474125816,0.5957767722473605,0.8157365510306687,0.8735545500251383,0.23700520422162044,48
nist,irradiance_first,primary,evaluation,multiple_imputation,2,3978,0.05064407320825567,0.08225948924045827,0.5274007038712921,0.7649572649572649,0.8438914027149321,0.2838981627743679,48
nist,irradiance_first,primary,evaluation,multiple_imputation,3,3978,0.059975150299182135,0.09746182967960813,0.4891905480140774,0.7272498743086978,0.8157365510306687,0.31019795796935073,48
nist,irradiance_first,primary,evaluation,multiple_imputation,4,3978,0.06813098004027925,0.10960104197436903,0.4708396178984414,0.7033685268979387,0.7948717948717948,0.3289399216240608,48
nist,irradiance_first,primary,evaluation,persistence,1,3978,0.06870334892334864,0.12322404515625252,0.48516842634489693,0.7983911513323279,0.9092508798391151,0.4226873469192615,48
nist,irradiance_first,primary,evaluation,persistence,2,3978,0.09428627452008528,0.18614572665978607,0.4879336349924585,0.8024132730015083,0.9097536450477627,0.580681453804941,48
nist,irradiance_first,primary,evaluation,persistence,3,3978,0.11129854851165995,0.22812781787022318,0.5035193564605329,0.7978883861236803,0.9064856711915535,0.6748465341548199,48
nist,irradiance_first,primary,evaluation,persistence,4,3978,0.12141282656967006,0.25153393626465076,0.5093011563599799,0.8029160382101559,0.9044746103569633,0.7294046011931525,48
nist,irradiance_first,primary,evaluation,physical,1,3978,0.03484008056120726,0.05967070079852474,0.5025138260432378,0.8132227249874309,0.90824534942182,0.2816870067208957,48
nist,irradiance_first,primary,evaluation,physical,2,3978,0.045115310653357756,0.07886304879704671,0.5050276520864756,0.8122171945701357,0.9107591754650578,0.3611847789542415,48
nist,irradiance_first,primary,evaluation,physical,3,3978,0.05227264876168739,0.09459100018297396,0.4962292609351433,0.8104575163398693,0.9044746103569633,0.40455352309873494,48
nist,irradiance_first,primary,evaluation,physical,4,3978,0.057860415699315264,0.1081915552902412,0.5060331825037707,0.8102061337355455,0.905982905982906,0.42563243058327055,48
nist,irradiance_first,primary,evaluation,physical_availability,1,3978,0.03483830934726757,0.05967070079852474,0.5050276520864756,0.8147310206133735,0.9095022624434389,0.2819975875851593,48
nist,irradiance_first,primary,evaluation,physical_availability,2,3978,0.0451211469565074,0.07886304879704671,0.5077928607340372,0.8157365510306687,0.9120160884866767,0.3616151852607873,48
nist,irradiance_first,primary,evaluation,physical_availability,3,3978,0.05229674807822804,0.09459100018297396,0.5002513826043238,0.811965811965812,0.9039718451483157,0.4048498077746821,48
nist,irradiance_first,primary,evaluation,physical_availability,4,3978,0.05791237974500251,0.1081915552902412,0.5087983911513323,0.8069381598793364,0.9072398190045249,0.4258220706970957,48
nist,irradiance_first,primary,evaluation,physical_recovery,1,3978,0.0348290776721991,0.05967070079852474,0.5055304172951232,0.8127199597787833,0.9077425842131724,0.28189297207330954,48
nist,irradiance_first,primary,evaluation,physical_recovery,2,3978,0.04511480331339964,0.07886304879704671,0.5093011563599799,0.8127199597787833,0.910507792860734,0.361421528705445,48
nist,irradiance_first,primary,evaluation,physical_recovery,3,3978,0.05229471375805318,0.09459100018297396,0.504524886877828,0.8117144293614882,0.9049773755656109,0.40496633440539653,48
nist,irradiance_first,primary,evaluation,physical_recovery,4,3978,0.05788580216875474,0.1081915552902412,0.510306686777275,0.808446455505279,0.9072398190045249,0.42567101597237633,48
nist,irradiance_first,primary,evaluation,previous_day,1,3978,0.08711042558163519,0.14423879957547575,0.4879336349924585,0.8089492207139266,0.9145299145299145,0.629458035201489,48
nist,irradiance_first,primary,evaluation,previous_day,2,3978,0.08780492691274205,0.14594034310986004,0.4917043740573152,0.8144796380090498,0.9183006535947712,0.634578282929589,48
nist,irradiance_first,primary,evaluation,previous_day,3,3978,0.08849921013833026,0.14720916876028353,0.49698340874811464,0.8169934640522876,0.9223227752639518,0.6464367112727624,48
nist,irradiance_first,primary,evaluation,previous_day,4,3978,0.0890700809526653,0.14796172084625767,0.4987430869783811,0.821015585721468,0.9250879839115134,0.6576437830483309,48
nist,irradiance_first,primary,evaluation,raw,1,3978,0.035188568260727304,0.05967070079852474,0.40648567119155354,0.6928104575163399,0.8396178984414279,0.25880769913556095,48
nist,irradiance_first,primary,evaluation,raw,2,3978,0.04563010206954723,0.07886304879704671,0.4042232277526395,0.6840120663650076,0.8353443941679236,0.3350607990792944,48
nist,irradiance_first,primary,evaluation,raw,3,3978,0.05295595971152672,0.09459100018297396,0.3783308195072901,0.6739567621920564,0.8205128205128205,0.3687195635850318,48
nist,irradiance_first,primary,evaluation,raw,4,3978,0.05859801989403316,0.1081915552902412,0.3836098541980895,0.678984414278532,0.8197586726998491,0.39004030029263603,48
nist,irradiance_first,primary,evaluation,recency,1,3978,0.03490494838244728,0.05967070079852474,0.5017596782302665,0.8031674208144797,0.9049773755656109,0.27890070225806757,48
nist,irradiance_first,primary,evaluation,recency,2,3978,0.04520486314942444,0.07886304879704671,0.5030165912518854,0.801659125188537,0.903720462543992,0.3584279284832669,48
nist,irradiance_first,primary,evaluation,recency,3,3978,0.05237399027947912,0.09459100018297396,0.49824032176973354,0.8034188034188035,0.900201106083459,0.3998329445715878,48
nist,irradiance_first,primary,evaluation,recency,4,3978,0.057967663896925384,0.1081915552902412,0.5015082956259427,0.7988939165409754,0.897938662644545,0.42174512621619187,48
nist,irradiance_first,primary,evaluation,rolling,1,3978,0.03492908191194704,0.05967070079852474,0.5010055304172951,0.8021618903971846,0.9024635495223731,0.27834957535469534,48
nist,irradiance_first,primary,evaluation,rolling,2,3978,0.04527668940559857,0.07886304879704671,0.49949723479135244,0.7998994469582705,0.9022121669180493,0.3590851083940696,48
nist,irradiance_first,primary,evaluation,rolling,3,3978,0.052478294619964554,0.09459100018297396,0.4984917043740573,0.7983911513323279,0.8961789844142786,0.4004297432994219,48
nist,irradiance_first,primary,evaluation,rolling,4,3978,0.0580718959559307,0.1081915552902412,0.4984917043740573,0.7966314731020613,0.8946706887883359,0.4217675383833959,48
nist,irradiance_first,primary,evaluation,single_imputation,1,3978,0.040675037309683575,0.061658456517614764,0.5769230769230769,0.782051282051282,0.8393665158371041,0.21106550691317708,48
nist,irradiance_first,primary,evaluation,single_imputation,2,3978,0.051989718773033676,0.08219854280532678,0.5153343388637506,0.7380593262946205,0.8185017596782302,0.2656349049035465,48
nist,irradiance_first,primary,evaluation,single_imputation,3,3978,0.0609387308949808,0.0974092989057344,0.48240321769733535,0.7111613876319759,0.7956259426847662,0.2974079776123634,48
nist,irradiance_first,primary,evaluation,single_imputation,4,3978,0.06878486093175357,0.1093525517114259,0.47033685268979386,0.6958270487682252,0.7825540472599296,0.3204395557726533,48
nist,irradiance_first,primary,warmup,aci_bounded,1,272,0.034918776073848724,0.05955202255679268,0.5147058823529411,0.8014705882352942,0.8860294117647058,0.26622544492857175,4
nist,irradiance_first,primary,warmup,aci_bounded,2,272,0.048919137123516844,0.08771313535706435,0.5147058823529411,0.7867647058823529,0.8897058823529411,0.39172953857486664,4
nist,irradiance_first,primary,warmup,aci_bounded,3,272,0.05767174411339164,0.10394781229672674,0.5551470588235294,0.8051470588235294,0.9117647058823529,0.4429982400515005,4
nist,irradiance_first,primary,warmup,aci_bounded,4,272,0.0636716421891731,0.12195492432235448,0.5514705882352942,0.8088235294117647,0.9080882352941176,0.4683673313671271,4
nist,irradiance_first,primary,warmup,carry_forward,1,272,0.03972061780529526,0.06617563389151884,0.40808823529411764,0.7169117647058824,0.8382352941176471,0.34668699340755776,4
nist,irradiance_first,primary,warmup,carry_forward,2,272,0.05463850872408099,0.09569022669293326,0.41544117647058826,0.6727941176470589,0.8125,0.4031633958370244,4
nist,irradiance_first,primary,warmup,carry_forward,3,272,0.062329442106508634,0.11450804049699992,0.38235294117647056,0.7132352941176471,0.8345588235294118,0.4365199667817716,4
nist,irradiance_first,primary,warmup,carry_forward,4,272,0.06646587253012426,0.12932906514294493,0.39338235294117646,0.7022058823529411,0.8382352941176471,0.445433593839089,4
nist,irradiance_first,primary,warmup,geometric_persistence,1,272,0.051199879133110665,0.07673813615190885,0.5514705882352942,0.7904411764705882,0.8492647058823529,0.2587036748844324,4
nist,irradiance_first,primary,warmup,geometric_persistence,2,272,0.06362691623184619,0.10473939700824077,0.5551470588235294,0.7941176470588235,0.8786764705882353,0.3972035307141819,4
nist,irradiance_first,primary,warmup,geometric_persistence,3,272,0.07194401695387798,0.12287290076950379,0.5772058823529411,0.8198529411764706,0.8860294117647058,0.47824103729760464,4
nist,irradiance_first,primary,warmup,geometric_persistence,4,272,0.07752668220966791,0.13687907830952942,0.5845588235294118,0.8419117647058824,0.9007352941176471,0.5219793428052304,4
nist,irradiance_first,primary,warmup,mask50,1,272,0.034915877452363214,0.05955202255679268,0.5183823529411765,0.7977941176470589,0.8823529411764706,0.26696218413927875,4
nist,irradiance_first,primary,warmup,mask50,2,272,0.04891935869535887,0.08771313535706435,0.5147058823529411,0.7941176470588235,0.8860294117647058,0.39232685356054486,4
nist,irradiance_first,primary,warmup,mask50,3,272,0.05767446078810464,0.10394781229672674,0.5441176470588235,0.8051470588235294,0.9080882352941176,0.4427525738312209,4
nist,irradiance_first,primary,warmup,mask50,4,272,0.06366532516525113,0.12195492432235448,0.5514705882352942,0.8088235294117647,0.9044117647058824,0.4675260871462061,4
nist,irradiance_first,primary,warmup,mi_recency,1,272,0.03842700250259598,0.06173992495717629,0.5110294117647058,0.7757352941176471,0.8823529411764706,0.2502548184965085,4
nist,irradiance_first,primary,warmup,mi_recency,2,272,0.0526867583915152,0.09116492596823458,0.4963235294117647,0.7977941176470589,0.8897058823529411,0.3205123903375546,4
nist,irradiance_first,primary,warmup,mi_recency,3,272,0.06452762987014074,0.11203775934330044,0.5036764705882353,0.8014705882352942,0.8933823529411765,0.4103387305651448,4
nist,irradiance_first,primary,warmup,mi_recency,4,272,0.07252127877232664,0.12976353634455598,0.5036764705882353,0.7720588235294118,0.875,0.4517520364254882,4
nist,irradiance_first,primary,warmup,multiple_imputation,1,272,0.03855377751237286,0.06173992495717629,0.6286764705882353,0.8235294117647058,0.8786764705882353,0.2401862808720992,4
nist,irradiance_first,primary,warmup,multiple_imputation,2,272,0.05288842045304461,0.09116492596823458,0.44485294117647056,0.7720588235294118,0.8639705882352942,0.2853499651630139,4
nist,irradiance_first,primary,warmup,multiple_imputation,3,272,0.06695408678457135,0.11203775934330044,0.4007352941176471,0.6727941176470589,0.7720588235294118,0.31361030552735975,4
nist,irradiance_first,primary,warmup,multiple_imputation,4,272,0.07677938730028011,0.12976353634455598,0.33455882352941174,0.6176470588235294,0.7389705882352942,0.3297008593635582,4
nist,irradiance_first,primary,warmup,persistence,1,272,0.05956289043332516,0.10039553250650095,0.6213235294117647,0.8419117647058824,0.8860294117647058,0.34769808294762306,4
nist,irradiance_first,primary,warmup,persistence,2,272,0.0762740189109907,0.14664595443367595,0.6029411764705882,0.8566176470588235,0.9338235294117647,0.5076424717236359,4
nist,irradiance_first,primary,warmup,persistence,3,272,0.08575151981091661,0.17043898093269447,0.6066176470588235,0.8566176470588235,0.9338235294117647,0.5679627576834205,4
nist,irradiance_first,primary,warmup,persistence,4,272,0.08961592037553848,0.17966635565382416,0.6323529411764706,0.8676470588235294,0.9227941176470589,0.5898932839334478,4
nist,irradiance_first,primary,warmup,physical,1,272,0.034883748499023516,0.05955202255679268,0.5147058823529411,0.7977941176470589,0.8860294117647058,0.26805249163933126,4
nist,irradiance_first,primary,warmup,physical,2,272,0.04887414292982547,0.08771313535706435,0.5036764705882353,0.7941176470588235,0.8860294117647058,0.3935069093047378,4
nist,irradiance_first,primary,warmup,physical,3,272,0.05768024499924913,0.10394781229672674,0.5404411764705882,0.7977941176470589,0.9044117647058824,0.44407622966051413,4
nist,irradiance_first,primary,warmup,physical,4,272,0.06372206438146706,0.12195492432235448,0.5404411764705882,0.8088235294117647,0.9044117647058824,0.46875699927221226,4
nist,irradiance_first,primary,warmup,physical_availability,1,272,0.034881813647933094,0.05955202255679268,0.5220588235294118,0.7941176470588235,0.8897058823529411,0.26839495650578504,4
nist,irradiance_first,primary,warmup,physical_availability,2,272,0.04881476465841944,0.08771313535706435,0.5220588235294118,0.8051470588235294,0.8897058823529411,0.3941674903098704,4
nist,irradiance_first,primary,warmup,physical_availability,3,272,0.05765433283108776,0.10394781229672674,0.5477941176470589,0.8088235294117647,0.9117647058823529,0.4449816494517882,4
nist,irradiance_first,primary,warmup,physical_availability,4,272,0.06367557007280394,0.12195492432235448,0.5477941176470589,0.8161764705882353,0.9117647058823529,0.4697838212433006,4
nist,irradiance_first,primary,warmup,physical_recovery,1,272,0.034881427578083636,0.05955202255679268,0.5257352941176471,0.7977941176470589,0.8860294117647058,0.2689560154961335,4
nist,irradiance_first,primary,warmup,physical_recovery,2,272,0.048862582671851305,0.08771313535706435,0.5110294117647058,0.7977941176470589,0.8786764705882353,0.3937909010395796,4
nist,irradiance_first,primary,warmup,physical_recovery,3,272,0.0576165265008011,0.10394781229672674,0.5294117647058824,0.7904411764705882,0.9007352941176471,0.44182528310068614,4
nist,irradiance_first,primary,warmup,physical_recovery,4,272,0.06361559345670491,0.12195492432235448,0.5036764705882353,0.7941176470588235,0.8933823529411765,0.46555628385792597,4
nist,irradiance_first,primary,warmup,previous_day,1,272,0.10043118065849355,0.17428029319411548,0.3088235294117647,0.6654411764705882,0.8272058823529411,0.4878229833284441,4
nist,irradiance_first,primary,warmup,previous_day,2,272,0.0995689633590784,0.17428029319411548,0.3161764705882353,0.6727941176470589,0.8308823529411765,0.495659750365791,4
nist,irradiance_first,primary,warmup,previous_day,3,272,0.09905047738611976,0.17428029319411548,0.3235294117647059,0.6764705882352942,0.8419117647058824,0.4998828076786218,4
nist,irradiance_first,primary,warmup,previous_day,4,272,0.09878662613071179,0.17428029319411548,0.3235294117647059,0.6875,0.8419117647058824,0.5026859470069428,4
nist,irradiance_first,primary,warmup,raw,1,272,0.03499219563561752,0.05955202255679268,0.46691176470588236,0.7095588235294118,0.8235294117647058,0.24948004799050255,4
nist,irradiance_first,primary,warmup,raw,2,272,0.04906278135827255,0.08771313535706435,0.41911764705882354,0.6801470588235294,0.8235294117647058,0.37454361402806,4
nist,irradiance_first,primary,warmup,raw,3,272,0.05788244788314058,0.10394781229672674,0.375,0.6875,0.8161764705882353,0.42253335632834543,4
nist,irradiance_first,primary,warmup,raw,4,272,0.06373723657561514,0.12195492432235448,0.39338235294117646,0.6948529411764706,0.8345588235294118,0.44512428498978696,4
nist,irradiance_first,primary,warmup,recency,1,272,0.03491540195580648,0.05955202255679268,0.5110294117647058,0.7977941176470589,0.8786764705882353,0.2646428185111236,4
nist,irradiance_first,primary,warmup,recency,2,272,0.048944259544639435,0.08771313535706435,0.5,0.7867647058823529,0.8860294117647058,0.39022020794731055,4
nist,irradiance_first,primary,warmup,recency,3,272,0.057661725695557484,0.10394781229672674,0.5330882352941176,0.8051470588235294,0.9080882352941176,0.44084736330919494,4
nist,irradiance_first,primary,warmup,recency,4,272,0.06363851772940145,0.12195492432235448,0.5404411764705882,0.8051470588235294,0.9044117647058824,0.4656049520729667,4
nist,irradiance_first,primary,warmup,rolling,1,272,0.03491285052757811,0.05955202255679268,0.5183823529411765,0.8014705882352942,0.8823529411764706,0.26520807925820283,4
nist,irradiance_first,primary,warmup,rolling,2,272,0.048912713129761365,0.08771313535706435,0.5147058823529411,0.7830882352941176,0.8897058823529411,0.3905669149779185,4
nist,irradiance_first,primary,warmup,rolling,3,272,0.05766100247923699,0.10394781229672674,0.5625,0.8088235294117647,0.9117647058823529,0.4427477132692058,4
nist,irradiance_first,primary,warmup,rolling,4,272,0.06366132319976217,0.12195492432235448,0.5514705882352942,0.8125,0.9080882352941176,0.4678794247054608,4
nist,irradiance_first,primary,warmup,single_imputation,1,272,0.039402508008360065,0.061047814183123925,0.6029411764705882,0.7904411764705882,0.8455882352941176,0.204655771909997,4
nist,irradiance_first,primary,warmup,single_imputation,2,272,0.05308159804677802,0.08974714346343873,0.43014705882352944,0.7352941176470589,0.8382352941176471,0.2611433710128554,4
nist,irradiance_first,primary,warmup,single_imputation,3,272,0.06729592877803636,0.1118793900300879,0.3860294117647059,0.6580882352941176,0.75,0.29680104552167785,4
nist,irradiance_first,primary,warmup,single_imputation,4,272,0.07743885113825481,0.1297058774772648,0.33455882352941174,0.5992647058823529,0.7169117647058824,0.3202079245728018,4
nist,pv_first,primary,evaluation,aci_bounded,1,3978,0.03494297312265836,0.05949294690994293,0.49824032176973354,0.799396681749623,0.8991955756661639,0.2772480438558857,48
nist,pv_first,primary,evaluation,aci_bounded,2,3978,0.04532947560875441,0.07893916001698452,0.49798893916540976,0.7996480643539468,0.900201106083459,0.3595432944819628,48
nist,pv_first,primary,evaluation,aci_bounded,3,3978,0.052544565060241355,0.09462008634373517,0.49572649572649574,0.7978883861236803,0.8966817496229261,0.4022399831249441,48
nist,pv_first,primary,evaluation,aci_bounded,4,3978,0.05805465861085171,0.10797051260416801,0.4949723479135244,0.7981397687280041,0.8981900452488688,0.42529282589930023,48
nist,pv_first,primary,evaluation,carry_forward,1,3978,0.03748617346834811,0.06312255452946292,0.41277023629964804,0.6998491704374057,0.8378582202111614,0.2927890871374592,48
nist,pv_first,primary,evaluation,carry_forward,2,3978,0.04787466028091832,0.08337272388138035,0.4042232277526395,0.6852689793866265,0.8270487682252388,0.34387185060581377,48
nist,pv_first,primary,evaluation,carry_forward,3,3978,0.05497343240820703,0.09977154165256431,0.3911513323278029,0.68350930115636,0.8139768728004022,0.3747695233665564,48
nist,pv_first,primary,evaluation,carry_forward,4,3978,0.06023985325793769,0.11315512603161366,0.38310708898944196,0.6794871794871795,0.8102061337355455,0.3869869927545688,48
nist,pv_first,primary,evaluation,geometric_persistence,1,3978,0.049526437546598884,0.07674803953274795,0.5027652086475616,0.8014077425842132,0.9097536450477627,0.3385761462443225,48
nist,pv_first,primary,evaluation,geometric_persistence,2,3978,0.06654700041295825,0.11186997777449449,0.5007541478129713,0.8124685771744595,0.9102564102564102,0.4604292096047626,48
nist,pv_first,primary,evaluation,geometric_persistence,3,3978,0.08101257575012584,0.14290436924254238,0.5057817998994469,0.799396681749623,0.9062342885872298,0.5531505961759471,48
nist,pv_first,primary,evaluation,geometric_persistence,4,3978,0.09150890334887567,0.1681008697060571,0.5085470085470085,0.808446455505279,0.9079939668174962,0.6212153046785853,48
nist,pv_first,primary,evaluation,mask50,1,3978,0.034911731780619494,0.05949294690994293,0.5055304172951232,0.8041729512317748,0.9049773755656109,0.2787879557677597,48
nist,pv_first,primary,evaluation,mask50,2,3978,0.04525246636644593,0.07893916001698452,0.504524886877828,0.806184012066365,0.903720462543992,0.35903252370205124,48
nist,pv_first,primary,evaluation,mask50,3,3978,0.052440288210834955,0.09462008634373517,0.5012569130216189,0.8059326294620413,0.9009552538964304,0.4005902364132872,48
nist,pv_first,primary,evaluation,mask50,4,3978,0.05795913947269672,0.10797051260416801,0.5040221216691805,0.8034188034188035,0.8999497234791353,0.4219577395231671,48
nist,pv_first,primary,evaluation,mi_recency,1,3978,0.03837930900146923,0.06161692051401303,0.5037707390648567,0.8102061337355455,0.9034690799396682,0.2696697456571054,48
nist,pv_first,primary,evaluation,mi_recency,2,3978,0.04997034097057082,0.08224067091360827,0.5077928607340372,0.8054298642533937,0.9009552538964304,0.34178514056575365,48
nist,pv_first,primary,evaluation,mi_recency,3,3978,0.05814064979261771,0.09744493962542287,0.502262443438914,0.8021618903971846,0.9017094017094017,0.4060252277102386,48
nist,pv_first,primary,evaluation,mi_recency,4,3978,0.06505325582241961,0.1096599011994605,0.4972347913524384,0.8009049773755657,0.9017094017094017,0.44928488994470234,48
nist,pv_first,primary,evaluation,multiple_imputation,1,3978,0.03863511646155159,0.06161692051401303,0.5942684766214178,0.8154851684263449,0.873805932629462,0.23611441407247988,48
nist,pv_first,primary,evaluation,multiple_imputation,2,3978,0.050638165772415256,0.08224067091360827,0.5274007038712921,0.7639517345399698,0.8436400201106083,0.28333189541134896,48
nist,pv_first,primary,evaluation,multiple_imputation,3,3978,0.059998451780497036,0.09744493962542287,0.48969331322272497,0.7267471091000502,0.8149824032176973,0.3099365052058781,48
nist,pv_first,primary,evaluation,multiple_imputation,4,3978,0.06822184950675915,0.1096599011994605,0.47058823529411764,0.7021116138763197,0.7936148818501759,0.32876081259563944,48
nist,pv_first,primary,evaluation,persistence,1,3978,0.06680164800540968,0.12043470410369952,0.49120160884866765,0.8049270990447461,0.9140271493212669,0.4243035504233078,48
nist,pv_first,primary,evaluation,persistence,2,3978,0.09387237033474159,0.18541571180898958,0.4904474610356963,0.8031674208144797,0.9117647058823529,0.5823557794690153,48
nist,pv_first,primary,evaluation,persistence,3,3978,0.11143241213042165,0.22866480813480425,0.5025138260432378,0.7983911513323279,0.9074912016088487,0.6757675502574837,48
nist,pv_first,primary,evaluation,persistence,4,3978,0.12150506087406183,0.2520104787171705,0.5075414781297134,0.8026646556058321,0.9042232277526395,0.7290238330365093,48
nist,pv_first,primary,evaluation,physical,1,3978,0.03485820064744553,0.05949294690994293,0.5050276520864756,0.8134741075917546,0.9084967320261438,0.28131989355799997,48
nist,pv_first,primary,evaluation,physical,2,3978,0.04517727709844573,0.07893916001698452,0.5052790346907994,0.811965811965812,0.9102564102564102,0.3611844106620884,48
nist,pv_first,primary,evaluation,physical,3,3978,0.05234415159841203,0.09462008634373517,0.4987430869783811,0.8109602815485168,0.9042232277526395,0.40483663124880137,48
nist,pv_first,primary,evaluation,physical,4,3978,0.05785000523511198,0.10797051260416801,0.5077928607340372,0.8102061337355455,0.9057315233785822,0.42579295890821994,48
nist,pv_first,primary,evaluation,physical_availability,1,3978,0.034854978630706156,0.05949294690994293,0.5090497737556561,0.8139768728004022,0.9102564102564102,0.28171324217249827,48
nist,pv_first,primary,evaluation,physical_availability,2,3978,0.04518101783718293,0.07893916001698452,0.508044243338361,0.8152337858220211,0.9117647058823529,0.36153750702918974,48
nist,pv_first,primary,evaluation,physical_availability,3,3978,0.05237217508501989,0.09462008634373517,0.5015082956259427,0.8117144293614882,0.9042232277526395,0.4051417913057896,48
nist,pv_first,primary,evaluation,physical_availability,4,3978,0.05790064577248495,0.10797051260416801,0.5077928607340372,0.8064353946706888,0.9072398190045249,0.42605447670186214,48
nist,pv_first,primary,evaluation,physical_recovery,1,3978,0.034846885919088556,0.05949294690994293,0.5082956259426847,0.8112116641528406,0.9087481146304676,0.28158570528812116,48
nist,pv_first,primary,evaluation,physical_recovery,2,3978,0.04517269371449552,0.07893916001698452,0.5090497737556561,0.8117144293614882,0.9097536450477627,0.361328105602027,48
nist,pv_first,primary,evaluation,physical_recovery,3,3978,0.05236645209746496,0.09462008634373517,0.5055304172951232,0.811965811965812,0.9044746103569633,0.40528313057999943,48
nist,pv_first,primary,evaluation,physical_recovery,4,3978,0.057872419872753204,0.10797051260416801,0.5105580693815988,0.8079436902966315,0.9072398190045249,0.42585601720328126,48
nist,pv_first,primary,evaluation,previous_day,1,3978,0.08705956489592259,0.1440371038061883,0.48868778280542985,0.8089492207139266,0.9145299145299145,0.6296767266140351,48
nist,pv_first,primary,evaluation,previous_day,2,3978,0.08780240123438954,0.145796491248598,0.4924585218702866,0.8144796380090498,0.9183006535947712,0.6348753578278612,48
nist,pv_first,primary,evaluation,previous_day,3,3978,0.08858184026037963,0.1471535704254201,0.49798893916540976,0.8169934640522876,0.922071392659628,0.6467723100451697,48
nist,pv_first,primary,evaluation,previous_day,4,3978,0.08919818903396089,0.14799231597576845,0.49924585218702866,0.821015585721468,0.9248366013071896,0.6579497046788366,48
nist,pv_first,primary,evaluation,raw,1,3978,0.03519267475568923,0.05949294690994293,0.410507792860734,0.6953242835595776,0.8401206636500754,0.2586263575823127,48
nist,pv_first,primary,evaluation,raw,2,3978,0.04569146161609182,0.07893916001698452,0.4044746103569633,0.6840120663650076,0.8350930115635998,0.3349345943438292,48
nist,pv_first,primary,evaluation,raw,3,3978,0.053026563105185526,0.09462008634373517,0.38009049773755654,0.6739567621920564,0.8205128205128205,0.369172542542329,48
nist,pv_first,primary,evaluation,raw,4,3978,0.058584377989463095,0.10797051260416801,0.38436400201106086,0.6779788838612368,0.8202614379084967,0.3902444996278841,48
nist,pv_first,primary,evaluation,recency,1,3978,0.03491956516399646,0.05949294690994293,0.5025138260432378,0.8026646556058321,0.9044746103569633,0.2782574042617293,48
nist,pv_first,primary,evaluation,recency,2,3978,0.04526063523250388,0.07893916001698452,0.5025138260432378,0.8029160382101559,0.9042232277526395,0.358502571516947,48
nist,pv_first,primary,evaluation,recency,3,3978,0.05244115469613872,0.09462008634373517,0.49824032176973354,0.8029160382101559,0.9012066365007542,0.39998479216209293,48
nist,pv_first,primary,evaluation,recency,4,3978,0.05794976280140092,0.10797051260416801,0.5012569130216189,0.7991452991452992,0.897938662644545,0.4218226244718207,48
nist,pv_first,primary,evaluation,rolling,1,3978,0.03494387251220052,0.05949294690994293,0.5010055304172951,0.8024132730015083,0.9017094017094017,0.27770491647790935,48
nist,pv_first,primary,evaluation,rolling,2,3978,0.045335015532548296,0.07893916001698452,0.5,0.7998994469582705,0.9022121669180493,0.3591521038735494,48
nist,pv_first,primary,evaluation,rolling,3,3978,0.052546327068349975,0.09462008634373517,0.49924585218702866,0.7978883861236803,0.8964303670186023,0.4006714585135968,48
nist,pv_first,primary,evaluation,rolling,4,3978,0.058052104984082496,0.10797051260416801,0.49798893916540976,0.7958773252890899,0.8954248366013072,0.42194540443299483,48
nist,pv_first,primary,evaluation,single_imputation,1,3978,0.040622534452580475,0.0616109463025542,0.5766716943187531,0.783308195072901,0.8403720462543992,0.2110862042861716,48
nist,pv_first,primary,evaluation,single_imputation,2,3978,0.05199965741086688,0.08223647844584646,0.5145801910507792,0.7375565610859729,0.818753142282554,0.26564041678441963,48
nist,pv_first,primary,evaluation,single_imputation,3,3978,0.06094715761927162,0.09740974817104735,0.4831573655103067,0.7109100050276521,0.7953745600804424,0.2974376772758947,48
nist,pv_first,primary,evaluation,single_imputation,4,3978,0.06882645074489714,0.10938135743322587,0.4710910005027652,0.6953242835595776,0.7828054298642534,0.32050944641584006,48
nist,pv_first,primary,warmup,aci_bounded,1,272,0.03495235588077786,0.059659538580485956,0.5147058823529411,0.8014705882352942,0.8860294117647058,0.26638859911350776,4
nist,pv_first,primary,warmup,aci_bounded,2,272,0.04895975174741089,0.08792440001917276,0.5147058823529411,0.7867647058823529,0.8897058823529411,0.3917598037382896,4
nist,pv_first,primary,warmup,aci_bounded,3,272,0.0577317763892262,0.10408241840892338,0.5588235294117647,0.8051470588235294,0.9117647058823529,0.44304695098207225,4
nist,pv_first,primary,warmup,aci_bounded,4,272,0.06390362871069771,0.12308600851032268,0.5514705882352942,0.8088235294117647,0.9080882352941176,0.4684862818506961,4
nist,pv_first,primary,warmup,carry_forward,1,272,0.039734209793833485,0.06621282597838614,0.4007352941176471,0.7169117647058824,0.8382352941176471,0.34666014828007363,4
nist,pv_first,primary,warmup,carry_forward,2,272,0.05466453626852731,0.09574979060705399,0.4117647058823529,0.6727941176470589,0.8125,0.4031742157096254,4
nist,pv_first,primary,warmup,carry_forward,3,272,0.062407161387627065,0.11483608717415546,0.38235294117647056,0.7095588235294118,0.8345588235294118,0.43655126138140415,4
nist,pv_first,primary,warmup,carry_forward,4,272,0.06667778201274693,0.13028543617275196,0.39705882352941174,0.7058823529411765,0.8382352941176471,0.44556963680944145,4
nist,pv_first,primary,warmup,geometric_persistence,1,272,0.051187270931567885,0.07668578461116309,0.5551470588235294,0.7904411764705882,0.8492647058823529,0.25887543729661916,4
nist,pv_first,primary,warmup,geometric_persistence,2,272,0.06362691623184619,0.10473939700824077,0.5551470588235294,0.7941176470588235,0.8786764705882353,0.3972035307141819,4
nist,pv_first,primary,warmup,geometric_persistence,3,272,0.07194313786852818,0.12286948210425457,0.5772058823529411,0.8198529411764706,0.8860294117647058,0.4782376186323554,4
nist,pv_first,primary,warmup,geometric_persistence,4,272,0.0775156302964876,0.13687249248389463,0.5808823529411765,0.8419117647058824,0.9007352941176471,0.521826077981066,4
nist,pv_first,primary,warmup,mask50,1,272,0.0349501119647781,0.059659538580485956,0.5220588235294118,0.7977941176470589,0.8823529411764706,0.2671253383242147,4
nist,pv_first,primary,warmup,mask50,2,272,0.04896031748303771,0.08792440001917276,0.5147058823529411,0.7941176470588235,0.8860294117647058,0.39234847051226945,4
nist,pv_first,primary,warmup,mask50,3,272,0.05773576150381038,0.10408241840892338,0.5477941176470589,0.8051470588235294,0.9080882352941176,0.4428119668470796,4
nist,pv_first,primary,warmup,mask50,4,272,0.0638967389641335,0.12308600851032268,0.5514705882352942,0.8088235294117647,0.9044117647058824,0.46763360583991515,4
nist,pv_first,primary,warmup,mi_recency,1,272,0.03844651018391148,0.06180716657592624,0.5110294117647058,0.7757352941176471,0.8823529411764706,0.2503230938676281,4
nist,pv_first,primary,warmup,mi_recency,2,272,0.052720053150451245,0.09126223983207912,0.4963235294117647,0.8051470588235294,0.8897058823529411,0.32056670599765963,4
nist,pv_first,primary,warmup,mi_recency,3,272,0.06469276364352423,0.11240257794570163,0.5036764705882353,0.8051470588235294,0.8933823529411765,0.4106180364417086,4
nist,pv_first,primary,warmup,mi_recency,4,272,0.07306125557171042,0.13081180054356548,0.5036764705882353,0.7683823529411765,0.8713235294117647,0.4530839689871927,4
nist,pv_first,primary,warmup,multiple_imputation,1,272,0.038572863933014394,0.06180716657592624,0.6286764705882353,0.8235294117647058,0.8786764705882353,0.2402545562432188,4
nist,pv_first,primary,warmup,multiple_imputation,2,272,0.05293317219885686,0.09126223983207912,0.44485294117647056,0.7683823529411765,0.8639705882352942,0.2854042808231189,4
nist,pv_first,primary,warmup,multiple_imputation,3,272,0.06719115602714079,0.11240257794570163,0.4007352941176471,0.6727941176470589,0.7647058823529411,0.3136965981525265,4
nist,pv_first,primary,warmup,multiple_imputation,4,272,0.07761550041413552,0.13081180054356548,0.33455882352941174,0.6139705882352942,0.7279411764705882,0.32990399725976816,4
nist,pv_first,primary,warmup,persistence,1,272,0.05960513028133308,0.10053156327640032,0.625,0.8419117647058824,0.8860294117647058,0.34805955275719447,4
nist,pv_first,primary,warmup,persistence,2,272,0.0762740189109907,0.14664595443367595,0.6029411764705882,0.8566176470588235,0.9338235294117647,0.5076424717236359,4
nist,pv_first,primary,warmup,persistence,3,272,0.08564944417044618,0.17004746658083256,0.6066176470588235,0.8566176470588235,0.9338235294117647,0.5675589887691316,4
nist,pv_first,primary,warmup,persistence,4,272,0.08943699395643001,0.1790115355432901,0.6286764705882353,0.8676470588235294,0.9227941176470589,0.5890857461048697,4
nist,pv_first,primary,warmup,physical,1,272,0.03491761076959151,0.059659538580485956,0.5183823529411765,0.7977941176470589,0.8860294117647058,0.2682113181965997,4
nist,pv_first,primary,warmup,physical,2,272,0.0489144837047915,0.08792440001917276,0.5036764705882353,0.7941176470588235,0.8860294117647058,0.3935417867269796,4
nist,pv_first,primary,warmup,physical,3,272,0.05774274079260917,0.10408241840892338,0.5441176470588235,0.7977941176470589,0.9044117647058824,0.44412324655700947,4
nist,pv_first,primary,warmup,physical,4,272,0.06394995803198672,0.12308600851032268,0.5404411764705882,0.8088235294117647,0.9044117647058824,0.4688691773725746,4
nist,pv_first,primary,warmup,physical_availability,1,272,0.03491447223693527,0.059659538580485956,0.5220588235294118,0.7941176470588235,0.8897058823529411,0.2685864948156534,4
nist,pv_first,primary,warmup,physical_availability,2,272,0.04885750274354378,0.08792440001917276,0.5220588235294118,0.8051470588235294,0.8897058823529411,0.3942023677321122,4
nist,pv_first,primary,warmup,physical_availability,3,272,0.057716931418307374,0.10408241840892338,0.5477941176470589,0.8088235294117647,0.9117647058823529,0.44504062074854495,4
nist,pv_first,primary,warmup,physical_availability,4,272,0.0639054625827918,0.12308600851032268,0.5477941176470589,0.8161764705882353,0.9117647058823529,0.46989755496944124,4
nist,pv_first,primary,warmup,physical_recovery,1,272,0.03491472347261918,0.059659538580485956,0.5257352941176471,0.7977941176470589,0.8860294117647058,0.26914755380600175,4
nist,pv_first,primary,warmup,physical_recovery,2,272,0.04890497198803948,0.08792440001917276,0.5110294117647058,0.7977941176470589,0.8786764705882353,0.3938255075531045,4
nist,pv_first,primary,warmup,physical_recovery,3,272,0.057678616921821774,0.10408241840892338,0.5294117647058824,0.7904411764705882,0.9007352941176471,0.4418756371283339,4
nist,pv_first,primary,warmup,physical_recovery,4,272,0.06384157787685281,0.12308600851032268,0.5036764705882353,0.7941176470588235,0.8933823529411765,0.4656606869671876,4
nist,pv_first,primary,warmup,previous_day,1,272,0.10043118065849355,0.17428029319411548,0.3088235294117647,0.6654411764705882,0.8272058823529411,0.4878229833284441,4
nist,pv_first,primary,warmup,previous_day,2,272,0.0995689633590784,0.17428029319411548,0.3161764705882353,0.6727941176470589,0.8308823529411765,0.495659750365791,4
nist,pv_first,primary,warmup,previous_day,3,272,0.09905047738611976,0.17428029319411548,0.3235294117647059,0.6764705882352942,0.8419117647058824,0.4998828076786218,4
nist,pv_first,primary,warmup,previous_day,4,272,0.09878662613071179,0.17428029319411548,0.3235294117647059,0.6875,0.8419117647058824,0.5026859470069428,4
nist,pv_first,primary,warmup,raw,1,272,0.03502616158538653,0.059659538580485956,0.47058823529411764,0.7095588235294118,0.8235294117647058,0.24964826520048408,4
nist,pv_first,primary,warmup,raw,2,272,0.04910591283282562,0.08792440001917276,0.41911764705882354,0.6801470588235294,0.8198529411764706,0.37457681686282146,4
nist,pv_first,primary,warmup,raw,3,272,0.057946427020632296,0.10408241840892338,0.375,0.6838235294117647,0.8161764705882353,0.42261082720061693,4
nist,pv_first,primary,warmup,raw,4,272,0.06396515579867534,0.12308600851032268,0.39338235294117646,0.6948529411764706,0.8345588235294118,0.4452658734901189,4
nist,pv_first,primary,warmup,recency,1,272,0.03494853161799462,0.059659538580485956,0.5147058823529411,0.7977941176470589,0.8786764705882353,0.2648059726960596,4
nist,pv_first,primary,warmup,recency,2,272,0.04898365230270579,0.08792440001917276,0.5,0.7867647058823529,0.8860294117647058,0.39024182489903514,4
nist,pv_first,primary,warmup,recency,3,272,0.05772154589970882,0.10408241840892338,0.5367647058823529,0.8051470588235294,0.9080882352941176,0.4409067563250536,4
nist,pv_first,primary,warmup,recency,4,272,0.06387049102201581,0.12308600851032268,0.5404411764705882,0.8051470588235294,0.9044117647058824,0.4657115207257195,4
nist,pv_first,primary,warmup,rolling,1,272,0.03494620011067204,0.059659538580485956,0.5183823529411765,0.8014705882352942,0.8823529411764706,0.26537123344313884,4
nist,pv_first,primary,warmup,rolling,2,272,0.048953540908875874,0.08792440001917276,0.5147058823529411,0.7830882352941176,0.8897058823529411,0.3905973155956999,4
nist,pv_first,primary,warmup,rolling,3,272,0.05771993113453423,0.10408241840892338,0.5625,0.8088235294117647,0.9117647058823529,0.4427964241997776,4
nist,pv_first,primary,warmup,rolling,4,272,0.06389300063699853,0.12308600851032268,0.5514705882352942,0.8125,0.9080882352941176,0.46799837518902976,4
nist,pv_first,primary,warmup,single_imputation,1,272,0.03941667616143908,0.06107836245350412,0.6029411764705882,0.7904411764705882,0.8455882352941176,0.2047255717462125,4
nist,pv_first,primary,warmup,single_imputation,2,272,0.05313304091114009,0.08986170192256074,0.43014705882352944,0.7316176470588235,0.8382352941176471,0.2612132397934419,4
nist,pv_first,primary,warmup,single_imputation,3,272,0.06759911881610862,0.1123566033014124,0.3860294117647059,0.6580882352941176,0.7426470588235294,0.29687129273614077,4
nist,pv_first,primary,warmup,single_imputation,4,272,0.07855503013765393,0.13099029070391088,0.33455882352941174,0.5955882352941176,0.7058823529411765,0.3202908283403428,4
nist,duration_6h,sensitivity,evaluation,physical,1,3978,0.03325496642104926,0.0561619445582581,0.5020110608345902,0.8114630467571644,0.9064856711915535,0.2696136259796572,48
nist,duration_6h,sensitivity,evaluation,physical,2,3978,0.04418138878721859,0.07648693667254279,0.5072900955253896,0.8102061337355455,0.9107591754650578,0.3560062362526019,48
nist,duration_6h,sensitivity,evaluation,physical,3,3978,0.05157133320015567,0.09255749144929455,0.4984917043740573,0.8086978381096028,0.9042232277526395,0.40189894771811624,48
nist,duration_6h,sensitivity,evaluation,physical,4,3978,0.057382988186548946,0.10666986572965996,0.5042735042735043,0.8076923076923077,0.9057315233785822,0.42369137415239655,48
nist,duration_6h,sensitivity,evaluation,physical_availability,1,3978,0.03325652757239798,0.0561619445582581,0.5050276520864756,0.8127199597787833,0.9074912016088487,0.2696550606107074,48
nist,duration_6h,sensitivity,evaluation,physical_availability,2,3978,0.044183867967824336,0.07648693667254279,0.5062845651080945,0.8132227249874309,0.9125188536953243,0.3563604817320281,48
nist,duration_6h,sensitivity,evaluation,physical_availability,3,3978,0.051598215656363876,0.09255749144929455,0.5012569130216189,0.8109602815485168,0.905982905982906,0.40240967355669105,48
nist,duration_6h,sensitivity,evaluation,physical_availability,4,3978,0.05742680937272174,0.10666986572965996,0.5090497737556561,0.8059326294620413,0.9047259929612871,0.42391133604215586,48
nist,duration_6h,sensitivity,evaluation,physical_recovery,1,3978,0.03325692658346304,0.0561619445582581,0.5032679738562091,0.8129713423831071,0.9084967320261438,0.269774885897019,48
nist,duration_6h,sensitivity,evaluation,physical_recovery,2,3978,0.044190335583949955,0.07648693667254279,0.5082956259426847,0.8109602815485168,0.9107591754650578,0.35651638198314434,48
nist,duration_6h,sensitivity,evaluation,physical_recovery,3,3978,0.05161311607267416,0.09255749144929455,0.4997486173956762,0.8102061337355455,0.9044746103569633,0.4025943515949476,48
nist,duration_6h,sensitivity,evaluation,physical_recovery,4,3978,0.05742795544369633,0.10666986572965996,0.5060331825037707,0.8049270990447461,0.9064856711915535,0.4242116950941736,48
nist,duration_6h,sensitivity,evaluation,raw,1,3978,0.03362862836133761,0.0561619445582581,0.39869281045751637,0.6872800402212167,0.8353443941679236,0.24611209065310094,48
nist,duration_6h,sensitivity,evaluation,raw,2,3978,0.044719002074555286,0.07648693667254279,0.4007038712921066,0.6792357968828557,0.832579185520362,0.32996049178917475,48
nist,duration_6h,sensitivity,evaluation,raw,3,3978,0.05228094930278614,0.09255749144929455,0.3768225238813474,0.6691804927099044,0.8179989944695827,0.36606249337897395,48
nist,duration_6h,sensitivity,evaluation,raw,4,3978,0.05814693373657779,0.10666986572965996,0.381850175967823,0.6759678230266466,0.8182503770739065,0.3885012383462707,48
nist,duration_6h,sensitivity,evaluation,recency,1,3978,0.03331295951516735,0.0561619445582581,0.5017596782302665,0.8029160382101559,0.9029663147310206,0.26702185444297416,48
nist,duration_6h,sensitivity,evaluation,recency,2,3978,0.04426509802110837,0.07648693667254279,0.5035193564605329,0.8046757164404224,0.9044746103569633,0.35371068422962243,48
nist,duration_6h,sensitivity,evaluation,recency,3,3978,0.051670021366948975,0.09255749144929455,0.49547511312217196,0.8026646556058321,0.9012066365007542,0.39762833035221584,48
nist,duration_6h,sensitivity,evaluation,recency,4,3978,0.05748724194641004,0.10666986572965996,0.5020110608345902,0.797134238310709,0.8986928104575164,0.4200991420960142,48
nist,duration_6h,sensitivity,warmup,physical,1,272,0.03395541060889004,0.05625144632370647,0.5036764705882353,0.7941176470588235,0.8823529411764706,0.25749281119115996,4
nist,duration_6h,sensitivity,warmup,physical,2,272,0.048769047361148156,0.08616211307080758,0.5183823529411765,0.7904411764705882,0.8897058823529411,0.39136220676962213,4
nist,duration_6h,sensitivity,warmup,physical,3,272,0.05779398349615993,0.10299894435801743,0.5441176470588235,0.7941176470588235,0.9044117647058824,0.4421083566958642,4
nist,duration_6h,sensitivity,warmup,physical,4,272,0.06375687419428257,0.12189688367906708,0.5367647058823529,0.8088235294117647,0.9044117647058824,0.4675064416158853,4
nist,duration_6h,sensitivity,warmup,physical_availability,1,272,0.03397827779686491,0.05625144632370647,0.5073529411764706,0.7830882352941176,0.8860294117647058,0.2576421126740599,4
nist,duration_6h,sensitivity,warmup,physical_availability,2,272,0.0487510228102335,0.08616211307080758,0.5257352941176471,0.7941176470588235,0.8860294117647058,0.3914409553771158,4
nist,duration_6h,sensitivity,warmup,physical_availability,3,272,0.05776646620368697,0.10299894435801743,0.5477941176470589,0.7977941176470589,0.9007352941176471,0.4429335555261145,4
nist,duration_6h,sensitivity,warmup,physical_availability,4,272,0.06373712304348021,0.12189688367906708,0.5404411764705882,0.8088235294117647,0.9117647058823529,0.468418140316523,4
nist,duration_6h,sensitivity,warmup,physical_recovery,1,272,0.033994698098416175,0.05625144632370647,0.5110294117647058,0.7867647058823529,0.8860294117647058,0.25871202605780425,4
nist,duration_6h,sensitivity,warmup,physical_recovery,2,272,0.04876346788774327,0.08616211307080758,0.5183823529411765,0.7977941176470589,0.8897058823529411,0.39294386357511496,4
nist,duration_6h,sensitivity,warmup,physical_recovery,3,272,0.05779483631264114,0.10299894435801743,0.5404411764705882,0.7977941176470589,0.9080882352941176,0.4451712111999706,4
nist,duration_6h,sensitivity,warmup,physical_recovery,4,272,0.06378322590283292,0.12189688367906708,0.5294117647058824,0.8051470588235294,0.9117647058823529,0.47155057824494573,4
nist,duration_6h,sensitivity,warmup,raw,1,272,0.03412258074792572,0.05625144632370647,0.4522058823529412,0.6911764705882353,0.8161764705882353,0.23836389863152985,4
nist,duration_6h,sensitivity,warmup,raw,2,272,0.04900901936067729,0.08616211307080758,0.41911764705882354,0.6727941176470589,0.8161764705882353,0.37137576741385353,4
nist,duration_6h,sensitivity,warmup,raw,3,272,0.05799831884191405,0.10299894435801743,0.3602941176470588,0.6764705882352942,0.8161764705882353,0.42081420279451126,4
nist,duration_6h,sensitivity,warmup,raw,4,272,0.06380126019660587,0.12189688367906708,0.3897058823529412,0.6875,0.8308823529411765,0.44412796372655244,4
nist,duration_6h,sensitivity,warmup,recency,1,272,0.034012363100493305,0.05625144632370647,0.5,0.7904411764705882,0.8786764705882353,0.25512838197581655,4
nist,duration_6h,sensitivity,warmup,recency,2,272,0.048808785860786866,0.08616211307080758,0.5073529411764706,0.7830882352941176,0.8823529411764706,0.3889236685391167,4
nist,duration_6h,sensitivity,warmup,recency,3,272,0.05776214353036824,0.10299894435801743,0.5441176470588235,0.8014705882352942,0.9080882352941176,0.43927024253386016,4
nist,duration_6h,sensitivity,warmup,recency,4,272,0.06370427685413586,0.12189688367906708,0.5330882352941176,0.7977941176470589,0.9044117647058824,0.46466115521068074,4
nist,duration_24h,sensitivity,evaluation,physical,1,3978,0.037480477739416665,0.06483876939682781,0.5052790346907994,0.8147310206133735,0.9077425842131724,0.29862679695264704,48
nist,duration_24h,sensitivity,evaluation,physical,2,3978,0.04689466259573022,0.0829010351099981,0.5082956259426847,0.8104575163398693,0.9095022624434389,0.3677759148853555,48
nist,duration_24h,sensitivity,evaluation,physical,3,3978,0.05339037010488367,0.09691867556048062,0.4997486173956762,0.806184012066365,0.9022121669180493,0.4083000965366283,48
nist,duration_24h,sensitivity,evaluation,physical,4,3978,0.0585312575777971,0.10933772926932488,0.5070387129210658,0.8056812468577175,0.9044746103569633,0.42736967884702837,48
nist,duration_24h,sensitivity,evaluation,physical_availability,1,3978,0.03749389298954905,0.06483876939682781,0.5113122171945701,0.8117144293614882,0.9067370537958773,0.2982983962978507,48
nist,duration_24h,sensitivity,evaluation,physical_availability,2,3978,0.04690716583398927,0.0829010351099981,0.5113122171945701,0.8114630467571644,0.9097536450477627,0.36778971009130207,48
nist,duration_24h,sensitivity,evaluation,physical_availability,3,3978,0.053423308943384595,0.09691867556048062,0.5032679738562091,0.8074409250879839,0.9012066365007542,0.4082645652721759,48
nist,duration_24h,sensitivity,evaluation,physical_availability,4,3978,0.058583175225325614,0.10933772926932488,0.5095525389643036,0.8031674208144797,0.9042232277526395,0.4274440658189599,48
nist,duration_24h,sensitivity,evaluation,physical_recovery,1,3978,0.037491247508447186,0.06483876939682781,0.5100553041729512,0.8117144293614882,0.9064856711915535,0.2979848295294076,48
nist,duration_24h,sensitivity,evaluation,physical_recovery,2,3978,0.04691722168962206,0.0829010351099981,0.5138260432378079,0.8076923076923077,0.9077425842131724,0.36746596706085144,48
nist,duration_24h,sensitivity,evaluation,physical_recovery,3,3978,0.053436370333741955,0.09691867556048062,0.5060331825037707,0.8064353946706888,0.9032176973353444,0.40787096799651895,48
nist,duration_24h,sensitivity,evaluation,physical_recovery,4,3978,0.05859701820082024,0.10933772926932488,0.5075414781297134,0.8024132730015083,0.9042232277526395,0.4270663406892603,48
nist,duration_24h,sensitivity,evaluation,raw,1,3978,0.037792003379539446,0.06483876939682781,0.41729512317747613,0.6985922574157868,0.838360985419809,0.27543859055579684,48
nist,duration_24h,sensitivity,evaluation,raw,2,3978,0.04736793362393407,0.0829010351099981,0.40648567119155354,0.6845148315736551,0.8368526897938663,0.3421377533067908,48
nist,duration_24h,sensitivity,evaluation,raw,3,3978,0.05402406914265121,0.09691867556048062,0.3848667672197084,0.6747109100050277,0.8232780291603821,0.37365041729070125,48
nist,duration_24h,sensitivity,evaluation,raw,4,3978,0.05922599229212179,0.10933772926932488,0.3866264454499749,0.6784816490698844,0.8232780291603821,0.3928551637378069,48
nist,duration_24h,sensitivity,evaluation,recency,1,3978,0.037518330311822216,0.06483876939682781,0.5020110608345902,0.8041729512317748,0.9034690799396682,0.29582196481413875,48
nist,duration_24h,sensitivity,evaluation,recency,2,3978,0.04695201679165291,0.0829010351099981,0.5027652086475616,0.8006535947712419,0.9029663147310206,0.36532883815105927,48
nist,duration_24h,sensitivity,evaluation,recency,3,3978,0.053464479986003455,0.09691867556048062,0.4987430869783811,0.8031674208144797,0.9004524886877828,0.4034407005955245,48
nist,duration_24h,sensitivity,evaluation,recency,4,3978,0.05862098777430294,0.10933772926932488,0.5042735042735043,0.8004022121669181,0.8976872800402212,0.42373533231894384,48
nist,duration_24h,sensitivity,warmup,physical,1,272,0.03769564238580396,0.06716674380238799,0.4889705882352941,0.7794117647058824,0.8897058823529411,0.2808386779548315,4
nist,duration_24h,sensitivity,warmup,physical,2,272,0.051781502134581416,0.0969894169852506,0.47794117647058826,0.7757352941176471,0.8860294117647058,0.3949895367312686,4
nist,duration_24h,sensitivity,warmup,physical,3,272,0.05996516192128037,0.11295921034769901,0.5183823529411765,0.7830882352941176,0.8970588235294118,0.43764749104266726,4
nist,duration_24h,sensitivity,warmup,physical,4,272,0.06555878484727054,0.12971069498910925,0.5,0.7794117647058824,0.8897058823529411,0.45806145405901394,4
nist,duration_24h,sensitivity,warmup,physical_availability,1,272,0.037707797369449236,0.06716674380238799,0.49264705882352944,0.7720588235294118,0.8823529411764706,0.28167522751851926,4
nist,duration_24h,sensitivity,warmup,physical_availability,2,272,0.051731909230716376,0.0969894169852506,0.4889705882352941,0.7757352941176471,0.8823529411764706,0.39524470651092136,4
nist,duration_24h,sensitivity,warmup,physical_availability,3,272,0.05991894984515536,0.11295921034769901,0.5183823529411765,0.7757352941176471,0.8970588235294118,0.43720639326049887,4
nist,duration_24h,sensitivity,warmup,physical_availability,4,272,0.06551091910148871,0.12971069498910925,0.5036764705882353,0.7867647058823529,0.8970588235294118,0.4576855564851128,4
nist,duration_24h,sensitivity,warmup,physical_recovery,1,272,0.03774014820019909,0.06716674380238799,0.5073529411764706,0.7720588235294118,0.8823529411764706,0.2818177358729243,4
nist,duration_24h,sensitivity,warmup,physical_recovery,2,272,0.05179589757912473,0.0969894169852506,0.4889705882352941,0.7757352941176471,0.8786764705882353,0.3954472733214352,4
nist,duration_24h,sensitivity,warmup,physical_recovery,3,272,0.059948360322375605,0.11295921034769901,0.5073529411764706,0.7757352941176471,0.8860294117647058,0.4385924468820421,4
nist,duration_24h,sensitivity,warmup,physical_recovery,4,272,0.06557288246993076,0.12971069498910925,0.49264705882352944,0.7867647058823529,0.8970588235294118,0.4578540026751276,4
nist,duration_24h,sensitivity,warmup,raw,1,272,0.03783998465009287,0.06716674380238799,0.4522058823529412,0.6875,0.8198529411764706,0.2627246874595273,4
nist,duration_24h,sensitivity,warmup,raw,2,272,0.05199225742200679,0.0969894169852506,0.4117647058823529,0.6654411764705882,0.8345588235294118,0.3792884691958167,4
nist,duration_24h,sensitivity,warmup,raw,3,272,0.06020898623175867,0.11295921034769901,0.3713235294117647,0.6764705882352942,0.8198529411764706,0.4248920019052326,4
nist,duration_24h,sensitivity,warmup,raw,4,272,0.06561037922410878,0.12971069498910925,0.3897058823529412,0.7022058823529411,0.8602941176470589,0.4474412812211777,4
nist,duration_24h,sensitivity,warmup,recency,1,272,0.037724780351555326,0.06716674380238799,0.5,0.7683823529411765,0.8860294117647058,0.2775211592950825,4
nist,duration_24h,sensitivity,warmup,recency,2,272,0.051830570136866976,0.0969894169852506,0.5,0.7794117647058824,0.8860294117647058,0.39138794407526395,4
nist,duration_24h,sensitivity,warmup,recency,3,272,0.05998659278367482,0.11295921034769901,0.5367647058823529,0.7904411764705882,0.9007352941176471,0.43625640285302153,4
nist,duration_24h,sensitivity,warmup,recency,4,272,0.0655150110650844,0.12971069498910925,0.5367647058823529,0.8014705882352942,0.9007352941176471,0.4577262487856282,4
nist,backfill_60min,sensitivity,evaluation,physical,1,3978,0.03470220767625723,0.05931579820734254,0.5032679738562091,0.8132227249874309,0.9084967320261438,0.2798449624238737,48
nist,backfill_60min,sensitivity,evaluation,physical,2,3978,0.04515366356505826,0.07897982370444652,0.5032679738562091,0.811965811965812,0.9112619406737054,0.3605900602682203,48
nist,backfill_60min,sensitivity,evaluation,physical,3,3978,0.05228012933120375,0.09459031666617596,0.4984917043740573,0.8102061337355455,0.9049773755656109,0.4048308408793878,48
nist,backfill_60min,sensitivity,evaluation,physical,4,3978,0.05780221239184327,0.10805228782008491,0.5060331825037707,0.8094519859225742,0.9064856711915535,0.42577976904448583,48
nist,backfill_60min,sensitivity,evaluation,physical_availability,1,3978,0.03469911946882696,0.05931579820734254,0.5065359477124183,0.8129713423831071,0.9072398190045249,0.28002362904331657,48
nist,backfill_60min,sensitivity,evaluation,physical_availability,2,3978,0.045163162108620175,0.07897982370444652,0.5077928607340372,0.8129713423831071,0.910507792860734,0.36095123176546356,48
nist,backfill_60min,sensitivity,evaluation,physical_availability,3,3978,0.05231110472053825,0.09459031666617596,0.5062845651080945,0.8117144293614882,0.9044746103569633,0.4053905308184638,48
nist,backfill_60min,sensitivity,evaluation,physical_availability,4,3978,0.05785060101678369,0.10805228782008491,0.5128205128205128,0.8092006033182504,0.9074912016088487,0.42601818513994816,48
nist,backfill_60min,sensitivity,evaluation,physical_recovery,1,3978,0.034694144735798245,0.05931579820734254,0.5075414781297134,0.811965811965812,0.9074912016088487,0.2799017184583917,48
nist,backfill_60min,sensitivity,evaluation,physical_recovery,2,3978,0.04516125452631253,0.07897982370444652,0.510306686777275,0.8109602815485168,0.9092508798391151,0.3610629845506527,48
nist,backfill_60min,sensitivity,evaluation,physical_recovery,3,3978,0.052310954766279213,0.09459031666617596,0.5065359477124183,0.811965811965812,0.9064856711915535,0.4055159354608001,48
nist,backfill_60min,sensitivity,evaluation,physical_recovery,4,3978,0.05784031789654272,0.10805228782008491,0.5118149824032177,0.8089492207139266,0.9074912016088487,0.42618158304749926,48
nist,backfill_60min,sensitivity,evaluation,raw,1,3978,0.035047983364826354,0.05931579820734254,0.4067370537958773,0.6933132227249874,0.8386123680241327,0.25691791617754567,48
nist,backfill_60min,sensitivity,evaluation,raw,2,3978,0.04566897587184413,0.07897982370444652,0.40623428858722976,0.6832579185520362,0.8340874811463047,0.33445880939206685,48
nist,backfill_60min,sensitivity,evaluation,raw,3,3978,0.052968282572396254,0.09459031666617596,0.38109602815485166,0.6739567621920564,0.8202614379084967,0.3693633422724825,48
nist,backfill_60min,sensitivity,evaluation,raw,4,3978,0.05853999284222773,0.10805228782008491,0.38562091503267976,0.6792357968828557,0.8205128205128205,0.39036523909577925,48
nist,backfill_60min,sensitivity,evaluation,recency,1,3978,0.03476311328480571,0.05931579820734254,0.5010055304172951,0.8029160382101559,0.9039718451483157,0.2772121250909278,48
nist,backfill_60min,sensitivity,evaluation,recency,2,3978,0.04523778847373583,0.07897982370444652,0.5027652086475616,0.8029160382101559,0.905982905982906,0.3579873614884027,48
nist,backfill_60min,sensitivity,evaluation,recency,3,3978,0.05238532481273863,0.09459031666617596,0.5007541478129713,0.8026646556058321,0.9009552538964304,0.40002667063897823,48
nist,backfill_60min,sensitivity,evaluation,recency,4,3978,0.05790756769509246,0.10805228782008491,0.5007541478129713,0.7996480643539468,0.8984414278531926,0.4219024618935934,48
nist,backfill_60min,sensitivity,warmup,physical,1,272,0.03488061694707906,0.05954104687106469,0.5183823529411765,0.7977941176470589,0.8860294117647058,0.267887661512265,4
nist,backfill_60min,sensitivity,warmup,physical,2,272,0.04904416857345243,0.08875212872232469,0.5,0.7977941176470589,0.8860294117647058,0.3936799421730282,4
nist,backfill_60min,sensitivity,warmup,physical,3,272,0.05786867332750865,0.10467034200047705,0.5404411764705882,0.7977941176470589,0.9044117647058824,0.44413460836895835,4
nist,backfill_60min,sensitivity,warmup,physical,4,272,0.06409115308426495,0.12366248470223776,0.5367647058823529,0.8014705882352942,0.9080882352941176,0.4684377597014307,4
nist,backfill_60min,sensitivity,warmup,physical_availability,1,272,0.0348588420446363,0.05954104687106469,0.5257352941176471,0.7941176470588235,0.8933823529411765,0.26817850373097873,4
nist,backfill_60min,sensitivity,warmup,physical_availability,2,272,0.04896937337408848,0.08875212872232469,0.5147058823529411,0.8051470588235294,0.8933823529411765,0.3943278711494289,4
nist,backfill_60min,sensitivity,warmup,physical_availability,3,272,0.057841226278686236,0.10467034200047705,0.5477941176470589,0.8051470588235294,0.9044117647058824,0.4449729585919324,4
nist,backfill_60min,sensitivity,warmup,physical_availability,4,272,0.06406513046006002,0.12366248470223776,0.5330882352941176,0.8088235294117647,0.9080882352941176,0.4692374192128082,4
nist,backfill_60min,sensitivity,warmup,physical_recovery,1,272,0.034863981359050486,0.05954104687106469,0.5330882352941176,0.7977941176470589,0.8933823529411765,0.2688148236733533,4
nist,backfill_60min,sensitivity,warmup,physical_recovery,2,272,0.04901541826179655,0.08875212872232469,0.5073529411764706,0.8014705882352942,0.8897058823529411,0.3948546975698227,4
nist,backfill_60min,sensitivity,warmup,physical_recovery,3,272,0.05785269710548481,0.10467034200047705,0.5367647058823529,0.7941176470588235,0.9007352941176471,0.4457015259376337,4
nist,backfill_60min,sensitivity,warmup,physical_recovery,4,272,0.06408981009580506,0.12366248470223776,0.4963235294117647,0.8014705882352942,0.9044117647058824,0.4694200244816355,4
nist,backfill_60min,sensitivity,warmup,raw,1,272,0.034989482374698955,0.05954104687106469,0.47058823529411764,0.7095588235294118,0.8235294117647058,0.24932547283511522,4
nist,backfill_60min,sensitivity,warmup,raw,2,272,0.04924419560971524,0.08875212872232469,0.4117647058823529,0.6801470588235294,0.8198529411764706,0.3747207846374141,4
nist,backfill_60min,sensitivity,warmup,raw,3,272,0.0580713387812544,0.10467034200047705,0.375,0.6875,0.8161764705882353,0.42287169230109706,4
nist,backfill_60min,sensitivity,warmup,raw,4,272,0.06410392026842823,0.12366248470223776,0.39705882352941174,0.6911764705882353,0.8382352941176471,0.4452669629736572,4
nist,backfill_60min,sensitivity,warmup,recency,1,272,0.0349137713509314,0.05954104687106469,0.5147058823529411,0.7977941176470589,0.8786764705882353,0.26448542881945064,4
nist,backfill_60min,sensitivity,warmup,recency,2,272,0.049118881432349375,0.08875212872232469,0.4963235294117647,0.7867647058823529,0.8860294117647058,0.3903660034615734,4
nist,backfill_60min,sensitivity,warmup,recency,3,272,0.05784877527025597,0.10467034200047705,0.5367647058823529,0.8051470588235294,0.9080882352941176,0.44090459074454935,4
nist,backfill_60min,sensitivity,warmup,recency,4,272,0.06402558659575718,0.12366248470223776,0.5367647058823529,0.7941176470588235,0.9044117647058824,0.4653592825313786,4
nist,channel_gap_6h,sensitivity,evaluation,physical,1,3978,0.035000166456165265,0.059850937656618336,0.5030165912518854,0.8122171945701357,0.9079939668174962,0.2839565106934754,48
nist,channel_gap_6h,sensitivity,evaluation,physical,2,3978,0.04526154297405695,0.07900435045889925,0.5035193564605329,0.8129713423831071,0.9112619406737054,0.36231962363704606,48
nist,channel_gap_6h,sensitivity,evaluation,physical,3,3978,0.05237975697870868,0.09476603892039036,0.4974861739567622,0.8107088989441931,0.9047259929612871,0.4047484962939673,48
nist,channel_gap_6h,sensitivity,evaluation,physical,4,3978,0.05790816517974549,0.10821856286882243,0.5070387129210658,0.8104575163398693,0.9062342885872298,0.4257197198962646,48
nist,channel_gap_6h,sensitivity,evaluation,physical_availability,1,3978,0.03499715218844357,0.059850937656618336,0.504524886877828,0.8129713423831071,0.9084967320261438,0.2840487970497191,48
nist,channel_gap_6h,sensitivity,evaluation,physical_availability,2,3978,0.045268806522658356,0.07900435045889925,0.5077928607340372,0.8137254901960784,0.9122674710910005,0.36279350203770394,48
nist,channel_gap_6h,sensitivity,evaluation,physical_availability,3,3978,0.05240962920942937,0.09476603892039036,0.5032679738562091,0.8122171945701357,0.9054801407742584,0.4055668087626962,48
nist,channel_gap_6h,sensitivity,evaluation,physical_availability,4,3978,0.05795893705084504,0.10821856286882243,0.510306686777275,0.8089492207139266,0.9089994972347913,0.42654934167411773,48
nist,channel_gap_6h,sensitivity,evaluation,physical_recovery,1,3978,0.03498699897860014,0.059850937656618336,0.5065359477124183,0.8112116641528406,0.9089994972347913,0.2841159846771475,48
nist,channel_gap_6h,sensitivity,evaluation,physical_recovery,2,3978,0.045263387571721665,0.07900435045889925,0.5113122171945701,0.8134741075917546,0.9100050276520865,0.3622383781468993,48
nist,channel_gap_6h,sensitivity,evaluation,physical_recovery,3,3978,0.052413288335952934,0.09476603892039036,0.5050276520864756,0.8099547511312217,0.9032176973353444,0.4045751901638424,48
nist,channel_gap_6h,sensitivity,evaluation,physical_recovery,4,3978,0.057940314024217315,0.10821856286882243,0.510306686777275,0.8079436902966315,0.905982905982906,0.42546686213440355,48
nist,channel_gap_6h,sensitivity,evaluation,raw,1,3978,0.035341472918002124,0.059850937656618336,0.4057315233785822,0.6940673705379587,0.8403720462543992,0.261274159800724,48
nist,channel_gap_6h,sensitivity,evaluation,raw,2,3978,0.045774496821803165,0.07900435045889925,0.4042232277526395,0.6850175967823027,0.836098541980895,0.33614417738944696,48
nist,channel_gap_6h,sensitivity,evaluation,raw,3,3978,0.053060207370710565,0.09476603892039036,0.3780794369029663,0.6734539969834088,0.821015585721468,0.3690990747185752,48
nist,channel_gap_6h,sensitivity,evaluation,raw,4,3978,0.05863659711706861,0.10821856286882243,0.38461538461538464,0.6794871794871795,0.8205128205128205,0.3902531772049871,48
nist,channel_gap_6h,sensitivity,evaluation,recency,1,3978,0.03506341077128274,0.059850937656618336,0.5015082956259427,0.803921568627451,0.9052287581699346,0.2810444972768119,48
nist,channel_gap_6h,sensitivity,evaluation,recency,2,3978,0.04534826219650596,0.07900435045889925,0.5035193564605329,0.8021618903971846,0.9034690799396682,0.3596970869087136,48
nist,channel_gap_6h,sensitivity,evaluation,recency,3,3978,0.052477005651150044,0.09476603892039036,0.4972347913524384,0.8031674208144797,0.9012066365007542,0.40004804109120984,48
nist,channel_gap_6h,sensitivity,evaluation,recency,4,3978,0.058013134352676195,0.10821856286882243,0.502262443438914,0.7978883861236803,0.8986928104575164,0.4218462621259813,48
nist,channel_gap_6h,sensitivity,warmup,physical,1,272,0.035022337154444576,0.059837047740358446,0.5147058823529411,0.8014705882352942,0.8860294117647058,0.26939188411533366,4
nist,channel_gap_6h,sensitivity,warmup,physical,2,272,0.04909021839060327,0.08843690553805342,0.5036764705882353,0.7904411764705882,0.8860294117647058,0.3937909981616772,4
nist,channel_gap_6h,sensitivity,warmup,physical,3,272,0.05804979384156915,0.10546003961594692,0.5367647058823529,0.8014705882352942,0.9044117647058824,0.44415264219380596,4
nist,channel_gap_6h,sensitivity,warmup,physical,4,272,0.06412915102194286,0.12377940818826758,0.5330882352941176,0.8125,0.9044117647058824,0.4688913233291312,4
nist,channel_gap_6h,sensitivity,warmup,physical_availability,1,272,0.035010800661987,0.059837047740358446,0.5183823529411765,0.7941176470588235,0.8897058823529411,0.26989719617407837,4
nist,channel_gap_6h,sensitivity,warmup,physical_availability,2,272,0.04902273658861311,0.08843690553805342,0.5147058823529411,0.8051470588235294,0.8933823529411765,0.39469146937009564,4
nist,channel_gap_6h,sensitivity,warmup,physical_availability,3,272,0.05802354021651499,0.10546003961594692,0.5367647058823529,0.8088235294117647,0.9117647058823529,0.4456093573490192,4
nist,channel_gap_6h,sensitivity,warmup,physical_availability,4,272,0.06408167855739674,0.12377940818826758,0.5330882352941176,0.8161764705882353,0.9080882352941176,0.4697329557852446,4
nist,channel_gap_6h,sensitivity,warmup,physical_recovery,1,272,0.035017579834495174,0.059837047740358446,0.5220588235294118,0.7977941176470589,0.8897058823529411,0.271254997517709,4
nist,channel_gap_6h,sensitivity,warmup,physical_recovery,2,272,0.049071157434349,0.08843690553805342,0.5036764705882353,0.7904411764705882,0.8823529411764706,0.3929959601957312,4
nist,channel_gap_6h,sensitivity,warmup,physical_recovery,3,272,0.057997346566429867,0.10546003961594692,0.5257352941176471,0.7867647058823529,0.9007352941176471,0.44210810218444035,4
nist,channel_gap_6h,sensitivity,warmup,physical_recovery,4,272,0.0640505577033316,0.12377940818826758,0.4963235294117647,0.7977941176470589,0.8897058823529411,0.46531625163202417,4
nist,channel_gap_6h,sensitivity,warmup,raw,1,272,0.035131382181189774,0.059837047740358446,0.4632352941176471,0.7022058823529411,0.8198529411764706,0.25070164762284614,4
nist,channel_gap_6h,sensitivity,warmup,raw,2,272,0.04929349043235288,0.08843690553805342,0.41544117647058826,0.6764705882352942,0.8198529411764706,0.37468852256926294,4
nist,channel_gap_6h,sensitivity,warmup,raw,3,272,0.05826328718833119,0.10546003961594692,0.3713235294117647,0.6875,0.8161764705882353,0.422483656776539,4
nist,channel_gap_6h,sensitivity,warmup,raw,4,272,0.06416990403004934,0.12377940818826758,0.3897058823529412,0.6948529411764706,0.8345588235294118,0.44511551069197103,4
nist,channel_gap_6h,sensitivity,warmup,recency,1,272,0.035039546761613805,0.059837047740358446,0.5110294117647058,0.7977941176470589,0.8786764705882353,0.26592444746791105,4
nist,channel_gap_6h,sensitivity,warmup,recency,2,272,0.049155624118850924,0.08843690553805342,0.49264705882352944,0.7830882352941176,0.8860294117647058,0.3904236140449868,4
nist,channel_gap_6h,sensitivity,warmup,recency,3,272,0.05803369017020296,0.10546003961594692,0.5330882352941176,0.8051470588235294,0.9080882352941176,0.4408100931309483,4
nist,channel_gap_6h,sensitivity,warmup,recency,4,272,0.0640507292100867,0.12377940818826758,0.5294117647058824,0.8051470588235294,0.9044117647058824,0.4656373615541226,4
nist,schedule_seed_2,sensitivity,evaluation,physical,1,3978,0.0339651708143638,0.057083634996918084,0.5037707390648567,0.8104575163398693,0.9074912016088487,0.27579328157408395,48
nist,schedule_seed_2,sensitivity,evaluation,physical,2,3978,0.0444273185985294,0.07723022952170412,0.5085470085470085,0.8107088989441931,0.910507792860734,0.35737926017352756,48
nist,schedule_seed_2,sensitivity,evaluation,physical,3,3978,0.05177160430395618,0.09320399442301265,0.4974861739567622,0.8071895424836601,0.9019607843137255,0.40241570447406866,48
nist,schedule_seed_2,sensitivity,evaluation,physical,4,3978,0.05757518664564906,0.10746981630542896,0.5075414781297134,0.8054298642533937,0.9039718451483157,0.4244876987583132,48
nist,schedule_seed_2,sensitivity,evaluation,physical_availability,1,3978,0.033972839107257756,0.057083634996918084,0.5060331825037707,0.8132227249874309,0.9074912016088487,0.2756994263154187,48
nist,schedule_seed_2,sensitivity,evaluation,physical_availability,2,3978,0.0444336541677839,0.07723022952170412,0.5082956259426847,0.8122171945701357,0.9102564102564102,0.3575751768935181,48
nist,schedule_seed_2,sensitivity,evaluation,physical_availability,3,3978,0.05180314087772127,0.09320399442301265,0.5025138260432378,0.8076923076923077,0.9027149321266968,0.4026947220347881,48
nist,schedule_seed_2,sensitivity,evaluation,physical_availability,4,3978,0.05763414206727546,0.10746981630542896,0.5108094519859225,0.8034188034188035,0.903720462543992,0.4247048798641114,48
nist,schedule_seed_2,sensitivity,evaluation,physical_recovery,1,3978,0.03397409213632782,0.057083634996918084,0.5070387129210658,0.8099547511312217,0.9067370537958773,0.27555611383607753,48
nist,schedule_seed_2,sensitivity,evaluation,physical_recovery,2,3978,0.0444342752188673,0.07723022952170412,0.508044243338361,0.8104575163398693,0.9077425842131724,0.3576055909789323,48
nist,schedule_seed_2,sensitivity,evaluation,physical_recovery,3,3978,0.05182368727268013,0.09320399442301265,0.502262443438914,0.806184012066365,0.9024635495223731,0.40265009704484417,48
nist,schedule_seed_2,sensitivity,evaluation,physical_recovery,4,3978,0.05764132226628437,0.10746981630542896,0.5098039215686274,0.801659125188537,0.9019607843137255,0.4245274686746748,48
nist,schedule_seed_2,sensitivity,evaluation,raw,1,3978,0.03431914239060826,0.057083634996918084,0.405982905982906,0.6897938662644545,0.8378582202111614,0.25279979864208396,48
nist,schedule_seed_2,sensitivity,evaluation,raw,2,3978,0.04489917588854845,0.07723022952170412,0.41025641025641024,0.6885369532428356,0.8355957767722474,0.3323981430973116,48
nist,schedule_seed_2,sensitivity,evaluation,raw,3,3978,0.05242297479293074,0.09320399442301265,0.3790849673202614,0.6764705882352942,0.821015585721468,0.3677787616057023,48
nist,schedule_seed_2,sensitivity,evaluation,raw,4,3978,0.05828288623538288,0.10746981630542896,0.3861236802413273,0.6814982403217698,0.8227752639517345,0.3895605655239049,48
nist,schedule_seed_2,sensitivity,evaluation,recency,1,3978,0.03402520755900166,0.057083634996918084,0.5015082956259427,0.8029160382101559,0.9054801407742584,0.2734754678814189,48
nist,schedule_seed_2,sensitivity,evaluation,recency,2,3978,0.04450312149112613,0.07723022952170412,0.5042735042735043,0.8014077425842132,0.903720462543992,0.35548605063547994,48
nist,schedule_seed_2,sensitivity,evaluation,recency,3,3978,0.05186049768727576,0.09320399442301265,0.49798893916540976,0.8029160382101559,0.9017094017094017,0.3980656161318574,48
nist,schedule_seed_2,sensitivity,evaluation,recency,4,3978,0.057682233840780014,0.10746981630542896,0.5012569130216189,0.7968828557063852,0.8981900452488688,0.420881634939992,48
nist,schedule_seed_2,sensitivity,warmup,physical,1,272,0.03468538947078271,0.05841453209039385,0.5110294117647058,0.7977941176470589,0.8860294117647058,0.26707733244705095,4
nist,schedule_seed_2,sensitivity,warmup,physical,2,272,0.04893018320107833,0.08666468249363637,0.5073529411764706,0.7977941176470589,0.8897058823529411,0.39460318249110404,4
nist,schedule_seed_2,sensitivity,warmup,physical,3,272,0.0580135928213483,0.10523308654809739,0.5441176470588235,0.7941176470588235,0.9080882352941176,0.44517253618625313,4
nist,schedule_seed_2,sensitivity,warmup,physical,4,272,0.0639253735321073,0.12215844160186927,0.5514705882352942,0.8051470588235294,0.9117647058823529,0.4691607932880844,4
nist,schedule_seed_2,sensitivity,warmup,physical_availability,1,272,0.03468157993115287,0.05841453209039385,0.5110294117647058,0.7977941176470589,0.8860294117647058,0.26692604527287395,4
nist,schedule_seed_2,sensitivity,warmup,physical_availability,2,272,0.048897007950968574,0.08666468249363637,0.5183823529411765,0.8051470588235294,0.8933823529411765,0.3946973533029813,4
nist,schedule_seed_2,sensitivity,warmup,physical_availability,3,272,0.05801183985465491,0.10523308654809739,0.5551470588235294,0.7941176470588235,0.9044117647058824,0.44630138696496935,4
nist,schedule_seed_2,sensitivity,warmup,physical_availability,4,272,0.06393191064559652,0.12215844160186927,0.5514705882352942,0.8088235294117647,0.9080882352941176,0.47009680189223,4
nist,schedule_seed_2,sensitivity,warmup,physical_recovery,1,272,0.034686683498282495,0.05841453209039385,0.5220588235294118,0.7977941176470589,0.8860294117647058,0.26774187500249536,4
nist,schedule_seed_2,sensitivity,warmup,physical_recovery,2,272,0.04891855148568424,0.08666468249363637,0.5183823529411765,0.8088235294117647,0.8933823529411765,0.39614910728020364,4
nist,schedule_seed_2,sensitivity,warmup,physical_recovery,3,272,0.058033779587619,0.10523308654809739,0.5441176470588235,0.7977941176470589,0.9080882352941176,0.44871810697606906,4
nist,schedule_seed_2,sensitivity,warmup,physical_recovery,4,272,0.06399031958685118,0.12215844160186927,0.5404411764705882,0.8051470588235294,0.9080882352941176,0.47284708302617723,4
nist,schedule_seed_2,sensitivity,warmup,raw,1,272,0.03484216160197805,0.05841453209039385,0.45955882352941174,0.7058823529411765,0.8198529411764706,0.24709464291974637,4
nist,schedule_seed_2,sensitivity,warmup,raw,2,272,0.049128845572064234,0.08666468249363637,0.43014705882352944,0.6838235294117647,0.8235294117647058,0.37420936166411645,4
nist,schedule_seed_2,sensitivity,warmup,raw,3,272,0.05822469093645447,0.10523308654809739,0.3713235294117647,0.6875,0.8161764705882353,0.4230804487803589,4
nist,schedule_seed_2,sensitivity,warmup,raw,4,272,0.06396228411099442,0.12215844160186927,0.39338235294117646,0.6948529411764706,0.8308823529411765,0.4451370997290887,4
nist,schedule_seed_2,sensitivity,warmup,recency,1,272,0.03473712854605504,0.05841453209039385,0.5036764705882353,0.8014705882352942,0.8786764705882353,0.26465319523457825,4
nist,schedule_seed_2,sensitivity,warmup,recency,2,272,0.048970304655411565,0.08666468249363637,0.5036764705882353,0.7830882352941176,0.8823529411764706,0.3922000933679794,4
nist,schedule_seed_2,sensitivity,warmup,recency,3,272,0.05799732153920918,0.10523308654809739,0.5330882352941176,0.7977941176470589,0.9044117647058824,0.4423435687560546,4
nist,schedule_seed_2,sensitivity,warmup,recency,4,272,0.06387855619135553,0.12215844160186927,0.5330882352941176,0.8051470588235294,0.9044117647058824,0.46577333488419076,4
nist,schedule_seed_3,sensitivity,evaluation,physical,1,3978,0.034794457721480404,0.05970672384746181,0.5037707390648567,0.8107088989441931,0.9079939668174962,0.2799124674173674,47
nist,schedule_seed_3,sensitivity,evaluation,physical,2,3978,0.04515090711941416,0.07922656446427541,0.5062845651080945,0.8114630467571644,0.9125188536953243,0.36034055068924414,47
nist,schedule_seed_3,sensitivity,evaluation,physical,3,3978,0.05225953474887165,0.09466330246967136,0.4962292609351433,0.8081950729009553,0.9044746103569633,0.40359709958684814,47
nist,schedule_seed_3,sensitivity,evaluation,physical,4,3978,0.05772818025731662,0.10777167210361754,0.5040221216691805,0.8092006033182504,0.9052287581699346,0.4248748138430801,47
nist,schedule_seed_3,sensitivity,evaluation,physical_availability,1,3978,0.034815543860500585,0.05970672384746181,0.5082956259426847,0.8129713423831071,0.9062342885872298,0.2799571730489261,47
nist,schedule_seed_3,sensitivity,evaluation,physical_availability,2,3978,0.04516811314829836,0.07922656446427541,0.5087983911513323,0.814228255404726,0.9110105580693816,0.3603943626903525,47
nist,schedule_seed_3,sensitivity,evaluation,physical_availability,3,3978,0.05229359619134549,0.09466330246967136,0.5,0.8081950729009553,0.9039718451483157,0.40385302995644107,47
nist,schedule_seed_3,sensitivity,evaluation,physical_availability,4,3978,0.05777638138558427,0.10777167210361754,0.5087983911513323,0.8081950729009553,0.9039718451483157,0.42476331547985957,47
nist,schedule_seed_3,sensitivity,evaluation,physical_recovery,1,3978,0.03480903022437058,0.05970672384746181,0.5082956259426847,0.8117144293614882,0.9067370537958773,0.2799891957641781,47
nist,schedule_seed_3,sensitivity,evaluation,physical_recovery,2,3978,0.04517982220123471,0.07922656446427541,0.5100553041729512,0.8129713423831071,0.9097536450477627,0.3603163977879428,47
nist,schedule_seed_3,sensitivity,evaluation,physical_recovery,3,3978,0.05230828732799933,0.09466330246967136,0.4984917043740573,0.8092006033182504,0.9052287581699346,0.40412624919531265,47
nist,schedule_seed_3,sensitivity,evaluation,physical_recovery,4,3978,0.057774029430556845,0.10777167210361754,0.5123177476118652,0.809703368526898,0.9057315233785822,0.4252482903055423,47
nist,schedule_seed_3,sensitivity,evaluation,raw,1,3978,0.03513768494428517,0.05970672384746181,0.4069884364002011,0.691553544494721,0.8381096028154852,0.25745852767868843,47
nist,schedule_seed_3,sensitivity,evaluation,raw,2,3978,0.04566690877921737,0.07922656446427541,0.4032176973353444,0.6840120663650076,0.8358471593765712,0.3348772729944331,47
nist,schedule_seed_3,sensitivity,evaluation,raw,3,3978,0.052942225110509694,0.09466330246967136,0.3780794369029663,0.6752136752136753,0.8185017596782302,0.368695050558674,47
nist,schedule_seed_3,sensitivity,evaluation,raw,4,3978,0.0584571963260023,0.10777167210361754,0.3851181498240322,0.6802413273001509,0.8222724987430869,0.39016675190706823,47
nist,schedule_seed_3,sensitivity,evaluation,recency,1,3978,0.03485413807461541,0.05970672384746181,0.5027652086475616,0.8059326294620413,0.9027149321266968,0.277265448941687,47
nist,schedule_seed_3,sensitivity,evaluation,recency,2,3978,0.04524123104552128,0.07922656446427541,0.5052790346907994,0.8034188034188035,0.903720462543992,0.3578988415919082,47
nist,schedule_seed_3,sensitivity,evaluation,recency,3,3978,0.05236129839363308,0.09466330246967136,0.49673202614379086,0.8014077425842132,0.9027149321266968,0.39921323900869154,47
nist,schedule_seed_3,sensitivity,evaluation,recency,4,3978,0.05784448386821897,0.10777167210361754,0.5042735042735043,0.7986425339366516,0.8986928104575164,0.4212283479151393,47
nist,schedule_seed_3,sensitivity,warmup,physical,1,272,0.037221026727266605,0.06627432569385538,0.5,0.7867647058823529,0.8970588235294118,0.2730406720194526,4
nist,schedule_seed_3,sensitivity,warmup,physical,2,272,0.050870375579226954,0.09470556316628388,0.5073529411764706,0.8051470588235294,0.8970588235294118,0.39272093661212587,4
nist,schedule_seed_3,sensitivity,warmup,physical,3,272,0.05979545930519062,0.11247648766785784,0.5404411764705882,0.7941176470588235,0.9044117647058824,0.4441619123858344,4
nist,schedule_seed_3,sensitivity,warmup,physical,4,272,0.0647646321528385,0.125439984581194,0.5441176470588235,0.8051470588235294,0.9044117647058824,0.46726487634594016,4
nist,schedule_seed_3,sensitivity,warmup,physical_availability,1,272,0.03719829422003522,0.06627432569385538,0.5036764705882353,0.7904411764705882,0.8970588235294118,0.27356340353212155,4
nist,schedule_seed_3,sensitivity,warmup,physical_availability,2,272,0.05086837637333143,0.09470556316628388,0.5036764705882353,0.8088235294117647,0.8970588235294118,0.3930790664696631,4
nist,schedule_seed_3,sensitivity,warmup,physical_availability,3,272,0.05977430806667079,0.11247648766785784,0.5294117647058824,0.8014705882352942,0.9044117647058824,0.4448936198637405,4
nist,schedule_seed_3,sensitivity,warmup,physical_availability,4,272,0.06476717803989104,0.125439984581194,0.5441176470588235,0.8125,0.9044117647058824,0.4678111243658251,4
nist,schedule_seed_3,sensitivity,warmup,physical_recovery,1,272,0.03723870773430797,0.06627432569385538,0.5073529411764706,0.7904411764705882,0.8860294117647058,0.272699320767792,4
nist,schedule_seed_3,sensitivity,warmup,physical_recovery,2,272,0.0508904872711603,0.09470556316628388,0.49264705882352944,0.8014705882352942,0.8897058823529411,0.3926411245510385,4
nist,schedule_seed_3,sensitivity,warmup,physical_recovery,3,272,0.059759375276627696,0.11247648766785784,0.5257352941176471,0.7904411764705882,0.9007352941176471,0.44181851636565234,4
nist,schedule_seed_3,sensitivity,warmup,physical_recovery,4,272,0.06468954925505288,0.125439984581194,0.5110294117647058,0.7941176470588235,0.8933823529411765,0.46439005835751307,4
nist,schedule_seed_3,sensitivity,warmup,raw,1,272,0.037356543135155434,0.06627432569385538,0.41544117647058826,0.6911764705882353,0.8235294117647058,0.25078534610989484,4
nist,schedule_seed_3,sensitivity,warmup,raw,2,272,0.05110716249208909,0.09470556316628388,0.3860294117647059,0.6801470588235294,0.8272058823529411,0.37366326950187106,4
nist,schedule_seed_3,sensitivity,warmup,raw,3,272,0.0600877402182029,0.11247648766785784,0.33088235294117646,0.6764705882352942,0.8125,0.4211556214835803,4
nist,schedule_seed_3,sensitivity,warmup,raw,4,272,0.06484837276447042,0.125439984581194,0.375,0.6838235294117647,0.8272058823529411,0.4442859864845361,4
nist,schedule_seed_3,sensitivity,warmup,recency,1,272,0.03726508463257457,0.06627432569385538,0.5,0.7941176470588235,0.8860294117647058,0.2704363614141528,4
nist,schedule_seed_3,sensitivity,warmup,recency,2,272,0.05093717175278931,0.09470556316628388,0.5220588235294118,0.7904411764705882,0.8933823529411765,0.3898162196612492,4
nist,schedule_seed_3,sensitivity,warmup,recency,3,272,0.059794382688808,0.11247648766785784,0.5514705882352942,0.8051470588235294,0.9044117647058824,0.440642709295296,4
nist,schedule_seed_3,sensitivity,warmup,recency,4,272,0.06470894025223915,0.125439984581194,0.5367647058823529,0.8014705882352942,0.9044117647058824,0.46474724447308996,4
nist,narrow_quality,sensitivity,evaluation,physical,1,3978,0.03465048712166246,0.05918178691536377,0.5032679738562091,0.8127199597787833,0.9079939668174962,0.2792410964290214,48
nist,narrow_quality,sensitivity,evaluation,physical,2,3978,0.04503836649035907,0.07859623472644241,0.5050276520864756,0.8117144293614882,0.9112619406737054,0.3601951738386761,48
nist,narrow_quality,sensitivity,evaluation,physical,3,3978,0.05219366269547724,0.09433358344723193,0.49698340874811464,0.809703368526898,0.9044746103569633,0.40420028643981815,48
nist,narrow_quality,sensitivity,evaluation,physical,4,3978,0.05779236409809621,0.10797712420663902,0.5055304172951232,0.8089492207139266,0.9054801407742584,0.4256485466494791,48
nist,narrow_quality,sensitivity,evaluation,physical_availability,1,3978,0.034646608143991585,0.05918178691536377,0.5057817998994469,0.811965811965812,0.9089994972347913,0.27929740748266546,48
nist,narrow_quality,sensitivity,evaluation,physical_availability,2,3978,0.04503900627308657,0.07859623472644241,0.5052790346907994,0.8137254901960784,0.9122674710910005,0.3605930026508839,48
nist,narrow_quality,sensitivity,evaluation,physical_availability,3,3978,0.05220920092054896,0.09433358344723193,0.5015082956259427,0.8117144293614882,0.9047259929612871,0.40446403624470867,48
nist,narrow_quality,sensitivity,evaluation,physical_availability,4,3978,0.05783137330374567,0.10797712420663902,0.5095525389643036,0.8086978381096028,0.9057315233785822,0.42566323783782106,48
nist,narrow_quality,sensitivity,evaluation,physical_recovery,1,3978,0.034646394693835056,0.05918178691536377,0.5072900955253896,0.811965811965812,0.9077425842131724,0.27930130886489357,48
nist,narrow_quality,sensitivity,evaluation,physical_recovery,2,3978,0.045048783710949405,0.07859623472644241,0.5090497737556561,0.8104575163398693,0.910507792860734,0.3607224219207859,48
nist,narrow_quality,sensitivity,evaluation,physical_recovery,3,3978,0.05222712661643209,0.09433358344723193,0.504524886877828,0.8104575163398693,0.9044746103569633,0.4048468768470193,48
nist,narrow_quality,sensitivity,evaluation,physical_recovery,4,3978,0.057827389539173504,0.10797712420663902,0.5105580693815988,0.8081950729009553,0.9069884364002011,0.42582305750442173,48
nist,narrow_quality,sensitivity,evaluation,raw,1,3978,0.03500030510105797,0.05918178691536377,0.40623428858722976,0.6918049270990447,0.8381096028154852,0.25627961213031186,48
nist,narrow_quality,sensitivity,evaluation,raw,2,3978,0.04556533959889413,0.07859623472644241,0.4029663147310206,0.6825037707390649,0.8340874811463047,0.3340428128946078,48
nist,narrow_quality,sensitivity,evaluation,raw,3,3978,0.05289362132688574,0.09433358344723193,0.37858220211161386,0.6721970839617899,0.8197586726998491,0.368361616572161,48
nist,narrow_quality,sensitivity,evaluation,raw,4,3978,0.058539978533349864,0.10797712420663902,0.38436400201106086,0.6784816490698844,0.8200100553041729,0.38984339941297763,48
nist,narrow_quality,sensitivity,evaluation,recency,1,3978,0.034709252457172,0.05918178691536377,0.5002513826043238,0.8036701860231272,0.9047259929612871,0.27654151825152185,48
nist,narrow_quality,sensitivity,evaluation,recency,2,3978,0.04512379249701184,0.07859623472644241,0.5030165912518854,0.8024132730015083,0.9044746103569633,0.35772088363113774,48
nist,narrow_quality,sensitivity,evaluation,recency,3,3978,0.05229609031124156,0.09433358344723193,0.4989944695827049,0.8021618903971846,0.8996983408748115,0.3995437660973766,48
nist,narrow_quality,sensitivity,evaluation,recency,4,3978,0.057897569692226834,0.10797712420663902,0.5005027652086476,0.7986425339366516,0.8974358974358975,0.4217099006079664,48
nist,narrow_quality,sensitivity,warmup,physical,1,272,0.03487035871977574,0.05951438216409893,0.5183823529411765,0.7977941176470589,0.8823529411764706,0.26782825683062755,4
nist,narrow_quality,sensitivity,warmup,physical,2,272,0.04887129576350884,0.08767618745062525,0.5036764705882353,0.7941176470588235,0.8860294117647058,0.39346331054590405,4
nist,narrow_quality,sensitivity,warmup,physical,3,272,0.05763132321008796,0.10373239146157132,0.5441176470588235,0.7977941176470589,0.9044117647058824,0.44399718087897305,4
nist,narrow_quality,sensitivity,warmup,physical,4,272,0.06365539329609565,0.12165244015944679,0.5441176470588235,0.8051470588235294,0.9044117647058824,0.46866159095983606,4
nist,narrow_quality,sensitivity,warmup,physical_availability,1,272,0.03486698866862021,0.05951438216409893,0.5257352941176471,0.7941176470588235,0.8860294117647058,0.2680088105929508,4
nist,narrow_quality,sensitivity,warmup,physical_availability,2,272,0.04881678115702625,0.08767618745062525,0.5220588235294118,0.8014705882352942,0.8897058823529411,0.39389720573118536,4
nist,narrow_quality,sensitivity,warmup,physical_availability,3,272,0.05761488739482967,0.10373239146157132,0.5514705882352942,0.8051470588235294,0.9007352941176471,0.4446383058610137,4
nist,narrow_quality,sensitivity,warmup,physical_availability,4,272,0.06362037329454732,0.12165244015944679,0.5551470588235294,0.8161764705882353,0.9117647058823529,0.4695299368620676,4
nist,narrow_quality,sensitivity,warmup,physical_recovery,1,272,0.034848546359768584,0.05951438216409893,0.5330882352941176,0.7977941176470589,0.8933823529411765,0.2688181690894221,4
nist,narrow_quality,sensitivity,warmup,physical_recovery,2,272,0.04883196214692591,0.08767618745062525,0.5110294117647058,0.8051470588235294,0.8897058823529411,0.39493520564592666,4
nist,narrow_quality,sensitivity,warmup,physical_recovery,3,272,0.05762379221312554,0.10373239146157132,0.5404411764705882,0.7941176470588235,0.9007352941176471,0.44578076974944714,4
nist,narrow_quality,sensitivity,warmup,physical_recovery,4,272,0.06362813923498375,0.12165244015944679,0.5073529411764706,0.8014705882352942,0.9117647058823529,0.46975276661719306,4
nist,narrow_quality,sensitivity,warmup,raw,1,272,0.034978427638384796,0.05951438216409893,0.47058823529411764,0.7095588235294118,0.8235294117647058,0.24926168413312855,4
nist,narrow_quality,sensitivity,warmup,raw,2,272,0.049056290417706594,0.08767618745062525,0.4227941176470588,0.6838235294117647,0.8235294117647058,0.3745307939184037,4
nist,narrow_quality,sensitivity,warmup,raw,3,272,0.057836401389648955,0.10373239146157132,0.375,0.6875,0.8161764705882353,0.4224768331830423,4
nist,narrow_quality,sensitivity,warmup,raw,4,272,0.06366388055161516,0.12165244015944679,0.39705882352941174,0.6948529411764706,0.8345588235294118,0.4451028266687582,4
nist,narrow_quality,sensitivity,warmup,recency,1,272,0.0349035520848612,0.05951438216409893,0.5147058823529411,0.7977941176470589,0.8786764705882353,0.2644260241378132,4
nist,narrow_quality,sensitivity,warmup,recency,2,272,0.04894086818563294,0.08767618745062525,0.5,0.7867647058823529,0.8860294117647058,0.39019969378470565,4
nist,narrow_quality,sensitivity,warmup,recency,3,272,0.057615806063007514,0.10373239146157132,0.5367647058823529,0.8051470588235294,0.9080882352941176,0.44079209309094797,4
nist,narrow_quality,sensitivity,warmup,recency,4,272,0.06357844279569058,0.12165244015944679,0.5404411764705882,0.8051470588235294,0.9044117647058824,0.46555986627458573,4
nist,training_2015,sensitivity,evaluation,physical,1,3978,0.036775125607265646,0.05939529425431747,0.5050276520864756,0.8071895424836601,0.9072398190045249,0.3175956501821849,48
nist,training_2015,sensitivity,evaluation,physical,2,3978,0.0475362819693059,0.08212178738159069,0.5070387129210658,0.8114630467571644,0.9072398190045249,0.3872163071998282,48
nist,training_2015,sensitivity,evaluation,physical,3,3978,0.05550117639822833,0.09869800079594505,0.5057817998994469,0.809703368526898,0.9198089492207139,0.45349390291673847,48
nist,training_2015,sensitivity,evaluation,physical,4,3978,0.06056586540738277,0.11250935368670319,0.5072900955253896,0.8089492207139266,0.9087481146304676,0.43363201624027453,48
nist,training_2015,sensitivity,evaluation,physical_availability,1,3978,0.036781966058918085,0.05939529425431747,0.5052790346907994,0.8074409250879839,0.9089994972347913,0.3178162357172434,48
nist,training_2015,sensitivity,evaluation,physical_availability,2,3978,0.047557310213953985,0.08212178738159069,0.5042735042735043,0.8092006033182504,0.9077425842131724,0.3877766490828897,48
nist,training_2015,sensitivity,evaluation,physical_availability,3,3978,0.05552217726932024,0.09869800079594505,0.5047762694821518,0.8071895424836601,0.9198089492207139,0.45375446329815977,48
nist,training_2015,sensitivity,evaluation,physical_availability,4,3978,0.06060615786647219,0.11250935368670319,0.5067873303167421,0.8079436902966315,0.9072398190045249,0.4338797423807932,48
nist,training_2015,sensitivity,evaluation,physical_recovery,1,3978,0.03678117330203198,0.05939529425431747,0.5027652086475616,0.806184012066365,0.9087481146304676,0.3177622392935567,48
nist,training_2015,sensitivity,evaluation,physical_recovery,2,3978,0.047549972936626286,0.08212178738159069,0.5037707390648567,0.8086978381096028,0.9052287581699346,0.3873539373207344,48
nist,training_2015,sensitivity,evaluation,physical_recovery,3,3978,0.055525547908705584,0.09869800079594505,0.5052790346907994,0.8076923076923077,0.9183006535947712,0.4539122304573205,48
nist,training_2015,sensitivity,evaluation,physical_recovery,4,3978,0.060591263473915975,0.11250935368670319,0.5098039215686274,0.8079436902966315,0.9067370537958773,0.4342371611077095,48
nist,training_2015,sensitivity,evaluation,raw,1,3978,0.03707246087922312,0.05939529425431747,0.4047259929612871,0.7229763700351935,0.8506787330316742,0.2959581745373816,48
nist,training_2015,sensitivity,evaluation,raw,2,3978,0.048327302645847094,0.08212178738159069,0.36324786324786323,0.657114127702363,0.8217697335344394,0.3519472470879918,48
nist,training_2015,sensitivity,evaluation,raw,3,3978,0.056527567066969125,0.09869800079594505,0.3536953242835596,0.6440422322775264,0.8710407239819005,0.43534652011225994,48
nist,training_2015,sensitivity,evaluation,raw,4,3978,0.06180093498495679,0.11250935368670319,0.3295625942684766,0.6420311714429362,0.8117144293614882,0.3979110906512489,48
nist,training_2015,sensitivity,evaluation,recency,1,3978,0.0368434749570272,0.05939529425431747,0.5017596782302665,0.8021618903971846,0.9042232277526395,0.31496328747601776,48
nist,training_2015,sensitivity,evaluation,recency,2,3978,0.047687968502588746,0.08212178738159069,0.5,0.8044243338360986,0.9049773755656109,0.3830360539415505,48
nist,training_2015,sensitivity,evaluation,recency,3,3978,0.055761329307384325,0.09869800079594505,0.5070387129210658,0.8001508295625943,0.9135243841126194,0.4504650770515856,48
nist,training_2015,sensitivity,evaluation,recency,4,3978,0.06080065183033278,0.11250935368670319,0.5020110608345902,0.7963800904977375,0.9054801407742584,0.4295559466397722,48
nist,training_2015,sensitivity,warmup,physical,1,272,0.0343419849352537,0.05565988672869408,0.4742647058823529,0.7867647058823529,0.8676470588235294,0.2605858603237305,4
nist,training_2015,sensitivity,warmup,physical,2,272,0.04807081094564375,0.0815474372329178,0.5,0.7867647058823529,0.8860294117647058,0.36506503301610804,4
nist,training_2015,sensitivity,warmup,physical,3,272,0.05669471986639867,0.09530041767860709,0.5147058823529411,0.8014705882352942,0.9154411764705882,0.44167969087337555,4
nist,training_2015,sensitivity,warmup,physical,4,272,0.061738256386655234,0.1070358083079893,0.5036764705882353,0.8088235294117647,0.8933823529411765,0.4507923319316179,4
nist,training_2015,sensitivity,warmup,physical_availability,1,272,0.0343771148453708,0.05565988672869408,0.47794117647058826,0.7867647058823529,0.8639705882352942,0.2606644233464243,4
nist,training_2015,sensitivity,warmup,physical_availability,2,272,0.04807263502240913,0.0815474372329178,0.4889705882352941,0.7904411764705882,0.8897058823529411,0.36524300422833395,4
nist,training_2015,sensitivity,warmup,physical_availability,3,272,0.056670136824583564,0.09530041767860709,0.5073529411764706,0.8014705882352942,0.9154411764705882,0.4418447810004552,4
nist,training_2015,sensitivity,warmup,physical_availability,4,272,0.061737845842920525,0.1070358083079893,0.5036764705882353,0.8014705882352942,0.8970588235294118,0.45039239008823573,4
nist,training_2015,sensitivity,warmup,physical_recovery,1,272,0.034339652546303515,0.05565988672869408,0.49264705882352944,0.7977941176470589,0.875,0.26367142162324014,4
nist,training_2015,sensitivity,warmup,physical_recovery,2,272,0.04808293971811624,0.0815474372329178,0.4963235294117647,0.7904411764705882,0.8897058823529411,0.3654053477228591,4
nist,training_2015,sensitivity,warmup,physical_recovery,3,272,0.0566881577308583,0.09530041767860709,0.5147058823529411,0.8051470588235294,0.9154411764705882,0.4411468041820661,4
nist,training_2015,sensitivity,warmup,physical_recovery,4,272,0.061784627746083856,0.1070358083079893,0.5073529411764706,0.8088235294117647,0.8933823529411765,0.45213430311778824,4
nist,training_2015,sensitivity,warmup,raw,1,272,0.03442534131544362,0.05565988672869408,0.4338235294117647,0.75,0.8161764705882353,0.24492922141171233,4
nist,training_2015,sensitivity,warmup,raw,2,272,0.04844481590696875,0.0815474372329178,0.4117647058823529,0.6617647058823529,0.7977941176470589,0.33910562800564553,4
nist,training_2015,sensitivity,warmup,raw,3,272,0.0567969915082563,0.09530041767860709,0.41544117647058826,0.6911764705882353,0.8897058823529411,0.4325009978602715,4
nist,training_2015,sensitivity,warmup,raw,4,272,0.06172655387298041,0.1070358083079893,0.44485294117647056,0.7058823529411765,0.8419117647058824,0.4297541511113043,4
nist,training_2015,sensitivity,warmup,recency,1,272,0.03434505175165596,0.05565988672869408,0.49264705882352944,0.7830882352941176,0.8602941176470589,0.2587442232230503,4
nist,training_2015,sensitivity,warmup,recency,2,272,0.04804548401723443,0.0815474372329178,0.5073529411764706,0.7794117647058824,0.8860294117647058,0.3619853930111148,4
nist,training_2015,sensitivity,warmup,recency,3,272,0.056709381001485135,0.09530041767860709,0.5110294117647058,0.8014705882352942,0.9154411764705882,0.4403526351779756,4
nist,training_2015,sensitivity,warmup,recency,4,272,0.061645764947005376,0.1070358083079893,0.5147058823529411,0.8125,0.9044117647058824,0.449821091935767,4
nist,receipt_5min,sensitivity,evaluation,physical,1,3978,0.03465048712166246,0.05918178691536377,0.5032679738562091,0.8127199597787833,0.9079939668174962,0.2792410964290214,48
nist,receipt_5min,sensitivity,evaluation,physical,2,3978,0.04503836649035907,0.07859623472644241,0.5050276520864756,0.8117144293614882,0.9112619406737054,0.3601951738386761,48
nist,receipt_5min,sensitivity,evaluation,physical,3,3978,0.05219366269547724,0.09433358344723193,0.49698340874811464,0.809703368526898,0.9044746103569633,0.40420028643981815,48
nist,receipt_5min,sensitivity,evaluation,physical,4,3978,0.05779236409809621,0.10797712420663902,0.5055304172951232,0.8089492207139266,0.9054801407742584,0.4256485466494791,48
nist,receipt_5min,sensitivity,evaluation,physical_availability,1,3978,0.034646608143991585,0.05918178691536377,0.5057817998994469,0.811965811965812,0.9089994972347913,0.27929740748266546,48
nist,receipt_5min,sensitivity,evaluation,physical_availability,2,3978,0.04503900627308657,0.07859623472644241,0.5052790346907994,0.8137254901960784,0.9122674710910005,0.3605930026508839,48
nist,receipt_5min,sensitivity,evaluation,physical_availability,3,3978,0.05220920092054896,0.09433358344723193,0.5015082956259427,0.8117144293614882,0.9047259929612871,0.40446403624470867,48
nist,receipt_5min,sensitivity,evaluation,physical_availability,4,3978,0.05783137330374567,0.10797712420663902,0.5095525389643036,0.8086978381096028,0.9057315233785822,0.42566323783782106,48
nist,receipt_5min,sensitivity,evaluation,physical_recovery,1,3978,0.034646394693835056,0.05918178691536377,0.5072900955253896,0.811965811965812,0.9077425842131724,0.27930130886489357,48
nist,receipt_5min,sensitivity,evaluation,physical_recovery,2,3978,0.045048783710949405,0.07859623472644241,0.5090497737556561,0.8104575163398693,0.910507792860734,0.3607224219207859,48
nist,receipt_5min,sensitivity,evaluation,physical_recovery,3,3978,0.05222712661643209,0.09433358344723193,0.504524886877828,0.8104575163398693,0.9044746103569633,0.4048468768470193,48
nist,receipt_5min,sensitivity,evaluation,physical_recovery,4,3978,0.057827389539173504,0.10797712420663902,0.5105580693815988,0.8081950729009553,0.9069884364002011,0.42582305750442173,48
nist,receipt_5min,sensitivity,evaluation,raw,1,3978,0.03500030510105797,0.05918178691536377,0.40623428858722976,0.6918049270990447,0.8381096028154852,0.25627961213031186,48
nist,receipt_5min,sensitivity,evaluation,raw,2,3978,0.04556533959889413,0.07859623472644241,0.4029663147310206,0.6825037707390649,0.8340874811463047,0.3340428128946078,48
nist,receipt_5min,sensitivity,evaluation,raw,3,3978,0.05289362132688574,0.09433358344723193,0.37858220211161386,0.6721970839617899,0.8197586726998491,0.368361616572161,48
nist,receipt_5min,sensitivity,evaluation,raw,4,3978,0.058539978533349864,0.10797712420663902,0.38436400201106086,0.6784816490698844,0.8200100553041729,0.38984339941297763,48
nist,receipt_5min,sensitivity,evaluation,recency,1,3978,0.034709252457172,0.05918178691536377,0.5002513826043238,0.8036701860231272,0.9047259929612871,0.27654151825152185,48
nist,receipt_5min,sensitivity,evaluation,recency,2,3978,0.04512379249701184,0.07859623472644241,0.5030165912518854,0.8024132730015083,0.9044746103569633,0.35772088363113774,48
nist,receipt_5min,sensitivity,evaluation,recency,3,3978,0.05229609031124156,0.09433358344723193,0.4989944695827049,0.8021618903971846,0.8996983408748115,0.3995437660973766,48
nist,receipt_5min,sensitivity,evaluation,recency,4,3978,0.057897569692226834,0.10797712420663902,0.5005027652086476,0.7986425339366516,0.8974358974358975,0.4217099006079664,48
nist,receipt_5min,sensitivity,warmup,physical,1,272,0.03487035871977574,0.05951438216409893,0.5183823529411765,0.7977941176470589,0.8823529411764706,0.26782825683062755,4
nist,receipt_5min,sensitivity,warmup,physical,2,272,0.04887129576350884,0.08767618745062525,0.5036764705882353,0.7941176470588235,0.8860294117647058,0.39346331054590405,4
nist,receipt_5min,sensitivity,warmup,physical,3,272,0.05763132321008796,0.10373239146157132,0.5441176470588235,0.7977941176470589,0.9044117647058824,0.44399718087897305,4
nist,receipt_5min,sensitivity,warmup,physical,4,272,0.06365539329609565,0.12165244015944679,0.5441176470588235,0.8051470588235294,0.9044117647058824,0.46866159095983606,4
nist,receipt_5min,sensitivity,warmup,physical_availability,1,272,0.03486698866862021,0.05951438216409893,0.5257352941176471,0.7941176470588235,0.8860294117647058,0.2680088105929508,4
nist,receipt_5min,sensitivity,warmup,physical_availability,2,272,0.04881678115702625,0.08767618745062525,0.5220588235294118,0.8014705882352942,0.8897058823529411,0.39389720573118536,4
nist,receipt_5min,sensitivity,warmup,physical_availability,3,272,0.05761488739482967,0.10373239146157132,0.5514705882352942,0.8051470588235294,0.9007352941176471,0.4446383058610137,4
nist,receipt_5min,sensitivity,warmup,physical_availability,4,272,0.06362037329454732,0.12165244015944679,0.5551470588235294,0.8161764705882353,0.9117647058823529,0.4695299368620676,4
nist,receipt_5min,sensitivity,warmup,physical_recovery,1,272,0.034848546359768584,0.05951438216409893,0.5330882352941176,0.7977941176470589,0.8933823529411765,0.2688181690894221,4
nist,receipt_5min,sensitivity,warmup,physical_recovery,2,272,0.04883196214692591,0.08767618745062525,0.5110294117647058,0.8051470588235294,0.8897058823529411,0.39493520564592666,4
nist,receipt_5min,sensitivity,warmup,physical_recovery,3,272,0.05762379221312554,0.10373239146157132,0.5404411764705882,0.7941176470588235,0.9007352941176471,0.44578076974944714,4
nist,receipt_5min,sensitivity,warmup,physical_recovery,4,272,0.06362813923498375,0.12165244015944679,0.5073529411764706,0.8014705882352942,0.9117647058823529,0.46975276661719306,4
nist,receipt_5min,sensitivity,warmup,raw,1,272,0.034978427638384796,0.05951438216409893,0.47058823529411764,0.7095588235294118,0.8235294117647058,0.24926168413312855,4
nist,receipt_5min,sensitivity,warmup,raw,2,272,0.049056290417706594,0.08767618745062525,0.4227941176470588,0.6838235294117647,0.8235294117647058,0.3745307939184037,4
nist,receipt_5min,sensitivity,warmup,raw,3,272,0.057836401389648955,0.10373239146157132,0.375,0.6875,0.8161764705882353,0.4224768331830423,4
nist,receipt_5min,sensitivity,warmup,raw,4,272,0.06366388055161516,0.12165244015944679,0.39705882352941174,0.6948529411764706,0.8345588235294118,0.4451028266687582,4
nist,receipt_5min,sensitivity,warmup,recency,1,272,0.0349035520848612,0.05951438216409893,0.5147058823529411,0.7977941176470589,0.8786764705882353,0.2644260241378132,4
nist,receipt_5min,sensitivity,warmup,recency,2,272,0.04894086818563294,0.08767618745062525,0.5,0.7867647058823529,0.8860294117647058,0.39019969378470565,4
nist,receipt_5min,sensitivity,warmup,recency,3,272,0.057615806063007514,0.10373239146157132,0.5367647058823529,0.8051470588235294,0.9080882352941176,0.44079209309094797,4
nist,receipt_5min,sensitivity,warmup,recency,4,272,0.06357844279569058,0.12165244015944679,0.5404411764705882,0.8051470588235294,0.9044117647058824,0.46555986627458573,4
nist,schedule_seed_4,sensitivity,evaluation,physical,1,3978,0.034596617415168535,0.05892593477826065,0.504524886877828,0.8099547511312217,0.9069884364002011,0.27853464045502024,48
nist,schedule_seed_4,sensitivity,evaluation,physical,2,3978,0.044847436895766514,0.07797183708892687,0.5065359477124183,0.8122171945701357,0.9107591754650578,0.35893945243814895,48
nist,schedule_seed_4,sensitivity,evaluation,physical,3,3978,0.0519424196666558,0.09323647032410134,0.4972347913524384,0.808446455505279,0.9042232277526395,0.40336166708148086,48
nist,schedule_seed_4,sensitivity,evaluation,physical,4,3978,0.05762339863177634,0.10717795872455217,0.5067873303167421,0.8064353946706888,0.9057315233785822,0.4254202638779628,48
nist,schedule_seed_4,sensitivity,evaluation,physical_availability,1,3978,0.03460938666256055,0.05892593477826065,0.5093011563599799,0.811965811965812,0.9062342885872298,0.2785761807830853,48
nist,schedule_seed_4,sensitivity,evaluation,physical_availability,2,3978,0.04486019919079208,0.07797183708892687,0.5082956259426847,0.8149824032176973,0.9117647058823529,0.35938872162699426,48
nist,schedule_seed_4,sensitivity,evaluation,physical_availability,3,3978,0.05197475576202423,0.09323647032410134,0.5010055304172951,0.8089492207139266,0.9044746103569633,0.40349274781574723,48
nist,schedule_seed_4,sensitivity,evaluation,physical_availability,4,3978,0.05766612748601201,0.10717795872455217,0.5090497737556561,0.8056812468577175,0.9039718451483157,0.42548158065879815,48
nist,schedule_seed_4,sensitivity,evaluation,physical_recovery,1,3978,0.03459952989575262,0.05892593477826065,0.5087983911513323,0.8114630467571644,0.905982905982906,0.2781893148399174,48
nist,schedule_seed_4,sensitivity,evaluation,physical_recovery,2,3978,0.04487013425493216,0.07797183708892687,0.510306686777275,0.8129713423831071,0.9095022624434389,0.35879916823824964,48
nist,schedule_seed_4,sensitivity,evaluation,physical_recovery,3,3978,0.05199203716545885,0.09323647032410134,0.5027652086475616,0.8074409250879839,0.9019607843137255,0.4033473638982302,48
nist,schedule_seed_4,sensitivity,evaluation,physical_recovery,4,3978,0.057669450994164144,0.10717795872455217,0.5065359477124183,0.8051784816490699,0.9029663147310206,0.42496140265793997,48
nist,schedule_seed_4,sensitivity,evaluation,raw,1,3978,0.03492303319984631,0.05892593477826065,0.4084967320261438,0.691553544494721,0.8386123680241327,0.2552613471505315,48
nist,schedule_seed_4,sensitivity,evaluation,raw,2,3978,0.045325459559531545,0.07797183708892687,0.40623428858722976,0.6855203619909502,0.8368526897938663,0.3337817341637144,48
nist,schedule_seed_4,sensitivity,evaluation,raw,3,3978,0.05260408978253202,0.09323647032410134,0.3808446455505279,0.6752136752136753,0.8207642031171443,0.36825097344303404,48
nist,schedule_seed_4,sensitivity,evaluation,raw,4,3978,0.05833313977263193,0.10717795872455217,0.3861236802413273,0.6784816490698844,0.8205128205128205,0.38984007155266653,48
nist,schedule_seed_4,sensitivity,evaluation,recency,1,3978,0.0346498801584029,0.05892593477826065,0.5007541478129713,0.8019105077928608,0.9049773755656109,0.2759472921497913,48
nist,schedule_seed_4,sensitivity,evaluation,recency,2,3978,0.04492907021485728,0.07797183708892687,0.5047762694821518,0.8034188034188035,0.9057315233785822,0.35610913540176986,48
nist,schedule_seed_4,sensitivity,evaluation,recency,3,3978,0.05204198140051102,0.09323647032410134,0.4987430869783811,0.8024132730015083,0.9012066365007542,0.39855496085489384,48
nist,schedule_seed_4,sensitivity,evaluation,recency,4,3978,0.0577195790385441,0.10717795872455217,0.5032679738562091,0.7988939165409754,0.8981900452488688,0.4213246452527749,48
nist,schedule_seed_4,sensitivity,warmup,physical,1,272,0.0374725582705638,0.06588215168390145,0.4963235294117647,0.7904411764705882,0.9044117647058824,0.2786494804532203,4
nist,schedule_seed_4,sensitivity,warmup,physical,2,272,0.05129642758708586,0.09501699243233833,0.5294117647058824,0.8051470588235294,0.8970588235294118,0.3955537222067069,4
nist,schedule_seed_4,sensitivity,warmup,physical,3,272,0.0603888795862777,0.11326615745360852,0.5404411764705882,0.7904411764705882,0.9044117647058824,0.446014385020633,4
nist,schedule_seed_4,sensitivity,warmup,physical,4,272,0.06526779843991642,0.1264875624530636,0.5367647058823529,0.8051470588235294,0.9080882352941176,0.4695841172156263,4
nist,schedule_seed_4,sensitivity,warmup,physical_availability,1,272,0.03747735803181201,0.06588215168390145,0.49264705882352944,0.7904411764705882,0.9007352941176471,0.2783998131211482,4
nist,schedule_seed_4,sensitivity,warmup,physical_availability,2,272,0.05130894769230816,0.09501699243233833,0.5294117647058824,0.8051470588235294,0.8970588235294118,0.3953776066670869,4
nist,schedule_seed_4,sensitivity,warmup,physical_availability,3,272,0.060392009948926705,0.11326615745360852,0.5367647058823529,0.7904411764705882,0.8970588235294118,0.4459646722755107,4
nist,schedule_seed_4,sensitivity,warmup,physical_availability,4,272,0.06526586763015066,0.1264875624530636,0.5330882352941176,0.8088235294117647,0.9044117647058824,0.469722450446949,4
nist,schedule_seed_4,sensitivity,warmup,physical_recovery,1,272,0.037514448927646576,0.06588215168390145,0.5,0.7904411764705882,0.8933823529411765,0.2775004237703401,4
nist,schedule_seed_4,sensitivity,warmup,physical_recovery,2,272,0.05138006173612922,0.09501699243233833,0.5073529411764706,0.7977941176470589,0.8860294117647058,0.3957685806318685,4
nist,schedule_seed_4,sensitivity,warmup,physical_recovery,3,272,0.06044457098004745,0.11326615745360852,0.5220588235294118,0.7867647058823529,0.8897058823529411,0.44652542745318297,4
nist,schedule_seed_4,sensitivity,warmup,physical_recovery,4,272,0.06531907118259998,0.1264875624530636,0.5220588235294118,0.8014705882352942,0.8933823529411765,0.4688649539879865,4
nist,schedule_seed_4,sensitivity,warmup,raw,1,272,0.03765081039980085,0.06588215168390145,0.41911764705882354,0.6875,0.8125,0.25148729235228595,4
nist,schedule_seed_4,sensitivity,warmup,raw,2,272,0.051585546794363835,0.09501699243233833,0.3860294117647059,0.6727941176470589,0.8235294117647058,0.3744687649565647,4
nist,schedule_seed_4,sensitivity,warmup,raw,3,272,0.0607032285362397,0.11326615745360852,0.33455882352941174,0.6801470588235294,0.8051470588235294,0.42236962012532975,4
nist,schedule_seed_4,sensitivity,warmup,raw,4,272,0.06541227827958929,0.1264875624530636,0.36764705882352944,0.6875,0.8272058823529411,0.4449424713820579,4
nist,schedule_seed_4,sensitivity,warmup,recency,1,272,0.03747334640869082,0.06588215168390145,0.4963235294117647,0.7977941176470589,0.8970588235294118,0.2771213836937338,4
nist,schedule_seed_4,sensitivity,warmup,recency,2,272,0.051343530065111526,0.09501699243233833,0.5257352941176471,0.7941176470588235,0.8933823529411765,0.39311380116131334,4
nist,schedule_seed_4,sensitivity,warmup,recency,3,272,0.06036134566884626,0.11326615745360852,0.5477941176470589,0.7977941176470589,0.9044117647058824,0.4433108860724296,4
nist,schedule_seed_4,sensitivity,warmup,recency,4,272,0.06522552966625743,0.1264875624530636,0.5294117647058824,0.8051470588235294,0.9007352941176471,0.4669978327252599,4
nist,schedule_seed_5,sensitivity,evaluation,physical,1,3978,0.03443042605223233,0.05912399840359806,0.5020110608345902,0.8099547511312217,0.9089994972347913,0.2775789760922678,48
nist,schedule_seed_5,sensitivity,evaluation,physical,2,3978,0.044870952025162184,0.07870527644479602,0.5062845651080945,0.8107088989441931,0.9097536450477627,0.35826134266887244,48
nist,schedule_seed_5,sensitivity,evaluation,physical,3,3978,0.05198155092235748,0.09409140137928837,0.5005027652086476,0.8092006033182504,0.9052287581699346,0.40266158862650464,48
nist,schedule_seed_5,sensitivity,evaluation,physical,4,3978,0.05755354520349737,0.10732410670956556,0.5057817998994469,0.8074409250879839,0.9057315233785822,0.424307461428211,48
nist,schedule_seed_5,sensitivity,evaluation,physical_availability,1,3978,0.034436762839459414,0.05912399840359806,0.5077928607340372,0.8132227249874309,0.9079939668174962,0.27777625401020467,48
nist,schedule_seed_5,sensitivity,evaluation,physical_availability,2,3978,0.044891454648073995,0.07870527644479602,0.5072900955253896,0.8117144293614882,0.9102564102564102,0.35855175751803825,48
nist,schedule_seed_5,sensitivity,evaluation,physical_availability,3,3978,0.05200976067368282,0.09409140137928837,0.5002513826043238,0.8107088989441931,0.9049773755656109,0.40294434273981833,48
nist,schedule_seed_5,sensitivity,evaluation,physical_availability,4,3978,0.05760378353257257,0.10732410670956556,0.5077928607340372,0.8049270990447461,0.905982905982906,0.42441628194535813,48
nist,schedule_seed_5,sensitivity,evaluation,physical_recovery,1,3978,0.03442640733544526,0.05912399840359806,0.5082956259426847,0.8112116641528406,0.9087481146304676,0.2777189723008547,48
nist,schedule_seed_5,sensitivity,evaluation,physical_recovery,2,3978,0.044888599683857854,0.07870527644479602,0.510306686777275,0.8109602815485168,0.9097536450477627,0.3585628720096242,48
nist,schedule_seed_5,sensitivity,evaluation,physical_recovery,3,3978,0.051991889624613895,0.09409140137928837,0.5060331825037707,0.8137254901960784,0.9044746103569633,0.40340940519199314,48
nist,schedule_seed_5,sensitivity,evaluation,physical_recovery,4,3978,0.057572811052179595,0.10732410670956556,0.5113122171945701,0.806184012066365,0.9064856711915535,0.42473103266420875,48
nist,schedule_seed_5,sensitivity,evaluation,raw,1,3978,0.03477160416585111,0.05912399840359806,0.41000502765208646,0.6913021618903972,0.8396178984414279,0.25544696181571447,48
nist,schedule_seed_5,sensitivity,evaluation,raw,2,3978,0.04535749006019051,0.07870527644479602,0.40522875816993464,0.6860231271995978,0.8373554550025138,0.333611466492796,48
nist,schedule_seed_5,sensitivity,evaluation,raw,3,3978,0.05264008021222182,0.09409140137928837,0.37757667169431874,0.6767219708396179,0.8207642031171443,0.36804642492051126,48
nist,schedule_seed_5,sensitivity,evaluation,raw,4,3978,0.05826671140182579,0.10732410670956556,0.3861236802413273,0.6794871794871795,0.8207642031171443,0.38968605461064276,48
nist,schedule_seed_5,sensitivity,evaluation,recency,1,3978,0.034487856323936486,0.05912399840359806,0.5015082956259427,0.803921568627451,0.903720462543992,0.2750448208323417,48
nist,schedule_seed_5,sensitivity,evaluation,recency,2,3978,0.04494633513308118,0.07870527644479602,0.5047762694821518,0.8036701860231272,0.9047259929612871,0.35574125350001,48
nist,schedule_seed_5,sensitivity,evaluation,recency,3,3978,0.05206422157959376,0.09409140137928837,0.4984917043740573,0.8024132730015083,0.901458019105078,0.39813744056440964,48
nist,schedule_seed_5,sensitivity,evaluation,recency,4,3978,0.057660607233400774,0.10732410670956556,0.5027652086475616,0.7961287078934137,0.8994469582704877,0.4202918111847383,48
nist,schedule_seed_5,sensitivity,warmup,physical,1,272,0.03803716317935344,0.06699766638206447,0.4963235294117647,0.7867647058823529,0.8933823529411765,0.2816243419246928,4
nist,schedule_seed_5,sensitivity,warmup,physical,2,272,0.05132752149890804,0.09509758100586736,0.5183823529411765,0.8051470588235294,0.8933823529411765,0.3973279509382495,4
nist,schedule_seed_5,sensitivity,warmup,physical,3,272,0.060153779948262334,0.11258731347791524,0.5330882352941176,0.7941176470588235,0.9080882352941176,0.44562468755729495,4
nist,schedule_seed_5,sensitivity,warmup,physical,4,272,0.06516533266772581,0.12608397805510246,0.5367647058823529,0.8088235294117647,0.9080882352941176,0.4692407666840709,4
nist,schedule_seed_5,sensitivity,warmup,physical_availability,1,272,0.03804748424126464,0.06699766638206447,0.4852941176470588,0.7904411764705882,0.8970588235294118,0.281659828616299,4
nist,schedule_seed_5,sensitivity,warmup,physical_availability,2,272,0.051341451219081784,0.09509758100586736,0.5183823529411765,0.8051470588235294,0.8933823529411765,0.3972260652305474,4
nist,schedule_seed_5,sensitivity,warmup,physical_availability,3,272,0.0601427720452543,0.11258731347791524,0.5330882352941176,0.7941176470588235,0.9007352941176471,0.44610737092978314,4
nist,schedule_seed_5,sensitivity,warmup,physical_availability,4,272,0.06516771708161775,0.12608397805510246,0.5367647058823529,0.8088235294117647,0.9080882352941176,0.46972973096508086,4
nist,schedule_seed_5,sensitivity,warmup,physical_recovery,1,272,0.038072018248668224,0.06699766638206447,0.4963235294117647,0.7941176470588235,0.8897058823529411,0.2814862915113955,4
nist,schedule_seed_5,sensitivity,warmup,physical_recovery,2,272,0.05137935549612084,0.09509758100586736,0.5,0.7977941176470589,0.8860294117647058,0.3969746736416319,4
nist,schedule_seed_5,sensitivity,warmup,physical_recovery,3,272,0.06018610057619402,0.11258731347791524,0.5183823529411765,0.7941176470588235,0.8933823529411765,0.4461952051110716,4
nist,schedule_seed_5,sensitivity,warmup,physical_recovery,4,272,0.06521530067116024,0.12608397805510246,0.5257352941176471,0.7941176470588235,0.8970588235294118,0.46808960639123093,4
nist,schedule_seed_5,sensitivity,warmup,raw,1,272,0.03818967870497142,0.06699766638206447,0.41911764705882354,0.6911764705882353,0.8161764705882353,0.25587134255157196,4
nist,schedule_seed_5,sensitivity,warmup,raw,2,272,0.05155699725058891,0.09509758100586736,0.3897058823529412,0.6838235294117647,0.8235294117647058,0.37632697008964183,4
nist,schedule_seed_5,sensitivity,warmup,raw,3,272,0.060443053884991785,0.11258731347791524,0.33455882352941174,0.6838235294117647,0.8088235294117647,0.4231618307255633,4
nist,schedule_seed_5,sensitivity,warmup,raw,4,272,0.06521065463344124,0.12608397805510246,0.36764705882352944,0.6948529411764706,0.8308823529411765,0.4450509276570326,4
nist,schedule_seed_5,sensitivity,warmup,recency,1,272,0.038096335085583716,0.06699766638206447,0.49264705882352944,0.7941176470588235,0.8860294117647058,0.2799032304129601,4
nist,schedule_seed_5,sensitivity,warmup,recency,2,272,0.05135352959641502,0.09509758100586736,0.5183823529411765,0.7904411764705882,0.8933823529411765,0.3950061283622909,4
nist,schedule_seed_5,sensitivity,warmup,recency,3,272,0.060142288996565645,0.11258731347791524,0.5477941176470589,0.8014705882352942,0.9044117647058824,0.4429945137555492,4
nist,schedule_seed_5,sensitivity,warmup,recency,4,272,0.0650967219167764,0.12608397805510246,0.5330882352941176,0.8051470588235294,0.9007352941176471,0.4661011010759534,4
nist,no_input_age,sensitivity,evaluation,physical,1,3978,0.03461269744874709,0.05906072195342562,0.49924585218702866,0.8107088989441931,0.9102564102564102,0.2779533283562351,48
nist,no_input_age,sensitivity,evaluation,physical,2,3978,0.045044187706170136,0.07860376402929037,0.5027652086475616,0.8104575163398693,0.9074912016088487,0.3590805417952297,48
nist,no_input_age,sensitivity,evaluation,physical,3,3978,0.05223591301787162,0.09427323493867498,0.49924585218702866,0.8099547511312217,0.903720462543992,0.4053952144222182,48
nist,no_input_age,sensitivity,evaluation,physical,4,3978,0.05781226552394724,0.1079794402500319,0.5055304172951232,0.8099547511312217,0.9049773755656109,0.42319569141642716,48
nist,no_input_age,sensitivity,evaluation,physical_availability,1,3978,0.034614266259284564,0.05906072195342562,0.5050276520864756,0.8117144293614882,0.9097536450477627,0.2782588975179837,48
nist,no_input_age,sensitivity,evaluation,physical_availability,2,3978,0.045048799230135016,0.07860376402929037,0.502262443438914,0.8089492207139266,0.9044746103569633,0.3590314531731181,48
nist,no_input_age,sensitivity,evaluation,physical_availability,3,3978,0.052254149455337226,0.09427323493867498,0.5010055304172951,0.809703368526898,0.9052287581699346,0.40545809058825283,48
nist,no_input_age,sensitivity,evaluation,physical_availability,4,3978,0.057864312174388643,0.1079794402500319,0.5093011563599799,0.8092006033182504,0.9057315233785822,0.42336509184581694,48
nist,no_input_age,sensitivity,evaluation,physical_recovery,1,3978,0.03461849527910925,0.05906072195342562,0.5052790346907994,0.8124685771744595,0.9087481146304676,0.27809286221123386,48
nist,no_input_age,sensitivity,evaluation,physical_recovery,2,3978,0.04505151830639919,0.07860376402929037,0.5052790346907994,0.8069381598793364,0.9077425842131724,0.3593966652636336,48
nist,no_input_age,sensitivity,evaluation,physical_recovery,3,3978,0.05226017851427729,0.09427323493867498,0.504524886877828,0.8104575163398693,0.903720462543992,0.4059804064768258,48
nist,no_input_age,sensitivity,evaluation,physical_recovery,4,3978,0.05784979153907279,0.1079794402500319,0.5115635997988939,0.8089492207139266,0.9062342885872298,0.42375680035274765,48
nist,no_input_age,sensitivity,evaluation,raw,1,3978,0.03497165585578418,0.05906072195342562,0.4054801407742584,0.6920563097033685,0.8353443941679236,0.255153914217924,48
nist,no_input_age,sensitivity,evaluation,raw,2,3978,0.04555278177714264,0.07860376402929037,0.4009552538964304,0.688034188034188,0.8378582202111614,0.3328710636695482,48
nist,no_input_age,sensitivity,evaluation,raw,3,3978,0.052917417097253325,0.09427323493867498,0.38335847159376574,0.6769733534439417,0.8235294117647058,0.3707290145473319,48
nist,no_input_age,sensitivity,evaluation,raw,4,3978,0.058579186803363985,0.1079794402500319,0.3841126194067371,0.6752136752136753,0.8154851684263449,0.38709124904824366,48
nist,no_input_age,sensitivity,evaluation,recency,1,3978,0.034676007988603194,0.05906072195342562,0.4997486173956762,0.8034188034188035,0.9052287581699346,0.2752348649588146,48
nist,no_input_age,sensitivity,evaluation,recency,2,3978,0.04512693226770667,0.07860376402929037,0.5,0.8014077425842132,0.9029663147310206,0.35632363198976363,48
nist,no_input_age,sensitivity,evaluation,recency,3,3978,0.0523341464902599,0.09427323493867498,0.5,0.8024132730015083,0.9012066365007542,0.40113554555325404,48
nist,no_input_age,sensitivity,evaluation,recency,4,3978,0.05792659252178458,0.1079794402500319,0.5010055304172951,0.8006535947712419,0.897938662644545,0.41885033274023814,48
nist,no_input_age,sensitivity,warmup,physical,1,272,0.0346676663227537,0.05890798477605152,0.5,0.7830882352941176,0.8897058823529411,0.2682987090065528,4
nist,no_input_age,sensitivity,warmup,physical,2,272,0.0490005731971139,0.08851233136644038,0.5147058823529411,0.7867647058823529,0.8970588235294118,0.3898272004829334,4
nist,no_input_age,sensitivity,warmup,physical,3,272,0.0577416280062268,0.10351073034380186,0.5367647058823529,0.7977941176470589,0.9007352941176471,0.44873561217435703,4
nist,no_input_age,sensitivity,warmup,physical,4,272,0.0636130729423078,0.12163776969787465,0.5441176470588235,0.8051470588235294,0.9080882352941176,0.46696430227703123,4
nist,no_input_age,sensitivity,warmup,physical_availability,1,272,0.034640842248852076,0.05890798477605152,0.5,0.7867647058823529,0.8897058823529411,0.2684160091720781,4
nist,no_input_age,sensitivity,warmup,physical_availability,2,272,0.04895562932119772,0.08851233136644038,0.5183823529411765,0.7977941176470589,0.8970588235294118,0.38981704278569107,4
nist,no_input_age,sensitivity,warmup,physical_availability,3,272,0.057713171782549366,0.10351073034380186,0.5477941176470589,0.7977941176470589,0.9044117647058824,0.4491063423002936,4
nist,no_input_age,sensitivity,warmup,physical_availability,4,272,0.06355553853790619,0.12163776969787465,0.5514705882352942,0.8051470588235294,0.9080882352941176,0.46725514820342745,4
nist,no_input_age,sensitivity,warmup,physical_recovery,1,272,0.034632525044241656,0.05890798477605152,0.5073529411764706,0.7867647058823529,0.8970588235294118,0.2696254689320002,4
nist,no_input_age,sensitivity,warmup,physical_recovery,2,272,0.04896266233527021,0.08851233136644038,0.5110294117647058,0.7941176470588235,0.8970588235294118,0.3911648539458939,4
nist,no_input_age,sensitivity,warmup,physical_recovery,3,272,0.0577260567940299,0.10351073034380186,0.5330882352941176,0.7867647058823529,0.8970588235294118,0.4498817440943503,4
nist,no_input_age,sensitivity,warmup,physical_recovery,4,272,0.06357133959572343,0.12163776969787465,0.5110294117647058,0.7977941176470589,0.9044117647058824,0.46708374595558305,4
nist,no_input_age,sensitivity,warmup,raw,1,272,0.03476790089969472,0.05890798477605152,0.4485294117647059,0.7279411764705882,0.8419117647058824,0.2506217980639979,4
nist,no_input_age,sensitivity,warmup,raw,2,272,0.049140039053117236,0.08851233136644038,0.4375,0.6838235294117647,0.8308823529411765,0.37280443091632703,4
nist,no_input_age,sensitivity,warmup,raw,3,272,0.05797938593762204,0.10351073034380186,0.36764705882352944,0.6911764705882353,0.8161764705882353,0.42737237158466673,4
nist,no_input_age,sensitivity,warmup,raw,4,272,0.06367901086528532,0.12163776969787465,0.39705882352941174,0.6801470588235294,0.8198529411764706,0.44147631236567714,4
nist,no_input_age,sensitivity,warmup,recency,1,272,0.03470365386237756,0.05890798477605152,0.5,0.7867647058823529,0.8823529411764706,0.265925552167666,4
nist,no_input_age,sensitivity,warmup,recency,2,272,0.049050210443053965,0.08851233136644038,0.5073529411764706,0.7794117647058824,0.8933823529411765,0.38691638413492563,4
nist,no_input_age,sensitivity,warmup,recency,3,272,0.05775624468076806,0.10351073034380186,0.5330882352941176,0.8014705882352942,0.9007352941176471,0.4465087306413911,4
nist,no_input_age,sensitivity,warmup,recency,4,272,0.06354281250225387,0.12163776969787465,0.5441176470588235,0.8051470588235294,0.9117647058823529,0.4648273600414936,4
nist,no_block_augmentation,sensitivity,evaluation,physical,1,3978,0.03658217625906655,0.06201589815558471,0.49572649572649574,0.7998994469582705,0.8994469582704877,0.27286427309233247,48
nist,no_block_augmentation,sensitivity,evaluation,physical,2,3978,0.0455405914149428,0.07919988144675041,0.49446958270487684,0.8054298642533937,0.9024635495223731,0.33969924946123453,48
nist,no_block_augmentation,sensitivity,evaluation,physical,3,3978,0.05234726396397837,0.09369476986044571,0.4964806435394671,0.8089492207139266,0.9069884364002011,0.3871080214546803,48
nist,no_block_augmentation,sensitivity,evaluation,physical,4,3978,0.05776029984374374,0.10706638028459856,0.4987430869783811,0.8092006033182504,0.9067370537958773,0.40820318029483627,48
nist,no_block_augmentation,sensitivity,evaluation,physical_availability,1,3978,0.03651162705726903,0.06201589815558471,0.4924585218702866,0.7928607340372046,0.8994469582704877,0.2717980953753824,48
nist,no_block_augmentation,sensitivity,evaluation,physical_availability,2,3978,0.04551556638410186,0.07919988144675041,0.48893916540975363,0.8026646556058321,0.9009552538964304,0.33895803059030827,48
nist,no_block_augmentation,sensitivity,evaluation,physical_availability,3,3978,0.05237378606730528,0.09369476986044571,0.4962292609351433,0.8086978381096028,0.9049773755656109,0.38761949366867704,48
nist,no_block_augmentation,sensitivity,evaluation,physical_availability,4,3978,0.057795622127431404,0.10706638028459856,0.5005027652086476,0.8102061337355455,0.9079939668174962,0.40959867145799445,48
nist,no_block_augmentation,sensitivity,evaluation,physical_recovery,1,3978,0.036506104325373455,0.06201589815558471,0.4927099044746104,0.7958773252890899,0.901458019105078,0.2720968019198136,48
nist,no_block_augmentation,sensitivity,evaluation,physical_recovery,2,3978,0.045526218586171036,0.07919988144675041,0.49095022624434387,0.8019105077928608,0.8996983408748115,0.3391705510732188,48
nist,no_block_augmentation,sensitivity,evaluation,physical_recovery,3,3978,0.05237706760557738,0.09369476986044571,0.4959778783308195,0.8086978381096028,0.905982905982906,0.38821341770065665,48
nist,no_block_augmentation,sensitivity,evaluation,physical_recovery,4,3978,0.05777851637739261,0.10706638028459856,0.4974861739567622,0.8086978381096028,0.9069884364002011,0.40989895496245077,48
nist,no_block_augmentation,sensitivity,evaluation,raw,1,3978,0.037060689329715756,0.06201589815558471,0.41578682755153346,0.6797385620915033,0.8114630467571644,0.23904995605661816,48
nist,no_block_augmentation,sensitivity,evaluation,raw,2,3978,0.04623362854782156,0.07919988144675041,0.38712921065862244,0.6711915535444947,0.8157365510306687,0.3005924841272139,48
nist,no_block_augmentation,sensitivity,evaluation,raw,3,3978,0.0532506843139155,0.09369476986044571,0.38335847159376574,0.6654097536450477,0.8129713423831071,0.34199221606602115,48
nist,no_block_augmentation,sensitivity,evaluation,raw,4,3978,0.058796410339694134,0.10706638028459856,0.36450477626948213,0.6568627450980392,0.8081950729009553,0.3593296644773876,48
nist,no_block_augmentation,sensitivity,evaluation,recency,1,3978,0.03669200857874447,0.06201589815558471,0.5042735042735043,0.8011563599798894,0.8986928104575164,0.2719246000168744,48
nist,no_block_augmentation,sensitivity,evaluation,recency,2,3978,0.04567556735867446,0.07919988144675041,0.49924585218702866,0.8024132730015083,0.8994469582704877,0.3360079618155389,48
nist,no_block_augmentation,sensitivity,evaluation,recency,3,3978,0.05251405576553756,0.09369476986044571,0.4952237305178482,0.7996480643539468,0.897938662644545,0.38141964312350035,48
nist,no_block_augmentation,sensitivity,evaluation,recency,4,3978,0.057929914017356664,0.10706638028459856,0.5010055304172951,0.8001508295625943,0.8989441930618401,0.4015365752216845,48
nist,no_block_augmentation,sensitivity,warmup,physical,1,272,0.03478076428078712,0.05719017148358182,0.5147058823529411,0.7720588235294118,0.8860294117647058,0.2538378019289902,4
nist,no_block_augmentation,sensitivity,warmup,physical,2,272,0.047653411350101656,0.08425285444085977,0.5220588235294118,0.7794117647058824,0.875,0.35453642884117365,4
nist,no_block_augmentation,sensitivity,warmup,physical,3,272,0.057345924501592475,0.10123629096855553,0.5220588235294118,0.8051470588235294,0.8860294117647058,0.4223234178946134,4
nist,no_block_augmentation,sensitivity,warmup,physical,4,272,0.0637666782301497,0.12254176396506364,0.5294117647058824,0.8014705882352942,0.9117647058823529,0.46340372196580654,4
nist,no_block_augmentation,sensitivity,warmup,physical_availability,1,272,0.03484395370108515,0.05719017148358182,0.5147058823529411,0.7683823529411765,0.8823529411764706,0.2529456673913933,4
nist,no_block_augmentation,sensitivity,warmup,physical_availability,2,272,0.04767149075939072,0.08425285444085977,0.5294117647058824,0.7794117647058824,0.875,0.35369962427321805,4
nist,no_block_augmentation,sensitivity,warmup,physical_availability,3,272,0.05733938782467986,0.10123629096855553,0.5220588235294118,0.8051470588235294,0.8823529411764706,0.42145997045826566,4
nist,no_block_augmentation,sensitivity,warmup,physical_availability,4,272,0.0637467618744084,0.12254176396506364,0.5330882352941176,0.8014705882352942,0.9191176470588235,0.46414417403271924,4
nist,no_block_augmentation,sensitivity,warmup,physical_recovery,1,272,0.034848788588686154,0.05719017148358182,0.5257352941176471,0.7757352941176471,0.8860294117647058,0.2547159478597174,4
nist,no_block_augmentation,sensitivity,warmup,physical_recovery,2,272,0.047669216044444886,0.08425285444085977,0.5257352941176471,0.7830882352941176,0.8786764705882353,0.35474954005672393,4
nist,no_block_augmentation,sensitivity,warmup,physical_recovery,3,272,0.057345997791516765,0.10123629096855553,0.5183823529411765,0.8014705882352942,0.8823529411764706,0.4228708673627119,4
nist,no_block_augmentation,sensitivity,warmup,physical_recovery,4,272,0.06376298419531615,0.12254176396506364,0.5220588235294118,0.7941176470588235,0.9080882352941176,0.46212004404294743,4
nist,no_block_augmentation,sensitivity,warmup,raw,1,272,0.03487548286638634,0.05719017148358182,0.47058823529411764,0.7205882352941176,0.8529411764705882,0.23610188426795553,4
nist,no_block_augmentation,sensitivity,warmup,raw,2,272,0.04797160204088535,0.08425285444085977,0.4117647058823529,0.6654411764705882,0.8308823529411765,0.3324208288022515,4
nist,no_block_augmentation,sensitivity,warmup,raw,3,272,0.0577090160586082,0.10123629096855553,0.4117647058823529,0.6838235294117647,0.8088235294117647,0.39411558970860555,4
nist,no_block_augmentation,sensitivity,warmup,raw,4,272,0.06386766859219974,0.12254176396506364,0.40441176470588236,0.6948529411764706,0.8308823529411765,0.4355332751943659,4
nist,no_block_augmentation,sensitivity,warmup,recency,1,272,0.03481601896308504,0.05719017148358182,0.5220588235294118,0.7830882352941176,0.8970588235294118,0.2550748605467805,4
nist,no_block_augmentation,sensitivity,warmup,recency,2,272,0.04774591119387852,0.08425285444085977,0.5220588235294118,0.7830882352941176,0.875,0.35387992777535554,4
nist,no_block_augmentation,sensitivity,warmup,recency,3,272,0.05737313296975147,0.10123629096855553,0.5147058823529411,0.8014705882352942,0.8860294117647058,0.4199307608843875,4
nist,no_block_augmentation,sensitivity,warmup,recency,4,272,0.06366518534804008,0.12254176396506364,0.5294117647058824,0.7904411764705882,0.9117647058823529,0.46034128276300645,4
nist,privileged_labels,diagnostic,evaluation,physical,1,3978,0.03463645209294345,0.05918178691536377,0.5037707390648567,0.8124685771744595,0.9089994972347913,0.27919105251742016,48
nist,privileged_labels,diagnostic,evaluation,physical,2,3978,0.045032492513592516,0.07859623472644241,0.5052790346907994,0.8124685771744595,0.9110105580693816,0.3601206564196325,48
nist,privileged_labels,diagnostic,evaluation,physical,3,3978,0.05219247385349918,0.09433358344723193,0.4964806435394671,0.809703368526898,0.9044746103569633,0.40416008264176795,48
nist,privileged_labels,diagnostic,evaluation,physical,4,3978,0.05778960266063298,0.10797712420663902,0.5052790346907994,0.8086978381096028,0.9054801407742584,0.4256153840949941,48
nist,privileged_labels,diagnostic,evaluation,physical_availability,1,3978,0.03462539261720162,0.05918178691536377,0.5060331825037707,0.8122171945701357,0.9095022624434389,0.2791916438512446,48
nist,privileged_labels,diagnostic,evaluation,physical_availability,2,3978,0.045029689626642624,0.07859623472644241,0.504524886877828,0.8137254901960784,0.9122674710910005,0.36048500786162024,48
nist,privileged_labels,diagnostic,evaluation,physical_availability,3,3978,0.0522072010683213,0.09433358344723193,0.5007541478129713,0.8114630467571644,0.9039718451483157,0.4044179793052929,48
nist,privileged_labels,diagnostic,evaluation,physical_availability,4,3978,0.057829852595952885,0.10797712420663902,0.5095525389643036,0.8086978381096028,0.9052287581699346,0.42562917015395607,48
nist,privileged_labels,diagnostic,evaluation,physical_recovery,1,3978,0.03462525181146883,0.05918178691536377,0.5072900955253896,0.8122171945701357,0.90824534942182,0.2791985878962024,48
nist,privileged_labels,diagnostic,evaluation,physical_recovery,2,3978,0.04503962421418093,0.07859623472644241,0.508044243338361,0.8104575163398693,0.910507792860734,0.3606113906018393,48
nist,privileged_labels,diagnostic,evaluation,physical_recovery,3,3978,0.052225081504010826,0.09433358344723193,0.5037707390648567,0.8102061337355455,0.903720462543992,0.40479853411597966,48
nist,privileged_labels,diagnostic,evaluation,physical_recovery,4,3978,0.05782575229028873,0.10797712420663902,0.5105580693815988,0.8081950729009553,0.9064856711915535,0.4257881922331471,48
nist,privileged_labels,diagnostic,evaluation,raw,1,3978,0.03500030510105797,0.05918178691536377,0.40623428858722976,0.6918049270990447,0.8381096028154852,0.25627961213031186,48
nist,privileged_labels,diagnostic,evaluation,raw,2,3978,0.04556533959889413,0.07859623472644241,0.4029663147310206,0.6825037707390649,0.8340874811463047,0.3340428128946078,48
nist,privileged_labels,diagnostic,evaluation,raw,3,3978,0.05289362132688574,0.09433358344723193,0.37858220211161386,0.6721970839617899,0.8197586726998491,0.368361616572161,48
nist,privileged_labels,diagnostic,evaluation,raw,4,3978,0.058539978533349864,0.10797712420663902,0.38436400201106086,0.6784816490698844,0.8200100553041729,0.38984339941297763,48
nist,privileged_labels,diagnostic,evaluation,recency,1,3978,0.03470501370148687,0.05918178691536377,0.5,0.8034188034188035,0.9044746103569633,0.2765267212172988,48
nist,privileged_labels,diagnostic,evaluation,recency,2,3978,0.04512255428009871,0.07859623472644241,0.5030165912518854,0.8026646556058321,0.9044746103569633,0.35768029653616235,48
nist,privileged_labels,diagnostic,evaluation,recency,3,3978,0.05229457011561591,0.09433358344723193,0.4987430869783811,0.801659125188537,0.8991955756661639,0.3995117735455637,48
nist,privileged_labels,diagnostic,evaluation,recency,4,3978,0.057896956417000454,0.10797712420663902,0.5002513826043238,0.7981397687280041,0.8974358974358975,0.4216767687686703,48
nist,privileged_labels,diagnostic,warmup,physical,1,272,0.03485640656560395,0.05951438216409893,0.5147058823529411,0.7977941176470589,0.8823529411764706,0.2679714325815509,4
nist,privileged_labels,diagnostic,warmup,physical,2,272,0.04886750745881152,0.08767618745062525,0.5036764705882353,0.7941176470588235,0.8860294117647058,0.3936134788774194,4
nist,privileged_labels,diagnostic,warmup,physical,3,272,0.057665597928757084,0.10373239146157132,0.5514705882352942,0.7977941176470589,0.9044117647058824,0.44416178697308145,4
nist,privileged_labels,diagnostic,warmup,physical,4,272,0.06369207390734777,0.12165244015944679,0.5441176470588235,0.8051470588235294,0.9044117647058824,0.4687182462880159,4
nist,privileged_labels,diagnostic,warmup,physical_availability,1,272,0.0348356623624252,0.05951438216409893,0.5220588235294118,0.7977941176470589,0.8860294117647058,0.26817022158968246,4
nist,privileged_labels,diagnostic,warmup,physical_availability,2,272,0.048812845161190034,0.08767618745062525,0.5220588235294118,0.7977941176470589,0.8897058823529411,0.39393437438950163,4
nist,privileged_labels,diagnostic,warmup,physical_availability,3,272,0.05763915383046884,0.10373239146157132,0.5588235294117647,0.8051470588235294,0.9007352941176471,0.44481562585451623,4
nist,privileged_labels,diagnostic,warmup,physical_availability,4,272,0.06365944189096369,0.12165244015944679,0.5551470588235294,0.8161764705882353,0.9117647058823529,0.46957188249687426,4
nist,privileged_labels,diagnostic,warmup,physical_recovery,1,272,0.03481722005357357,0.05951438216409893,0.5294117647058824,0.8014705882352942,0.8933823529411765,0.2689795800861537,4
nist,privileged_labels,diagnostic,warmup,physical_recovery,2,272,0.048828026151089686,0.08767618745062525,0.5110294117647058,0.8014705882352942,0.8897058823529411,0.39497237430424287,4
nist,privileged_labels,diagnostic,warmup,physical_recovery,3,272,0.0576480586487647,0.10373239146157132,0.5477941176470589,0.7941176470588235,0.9007352941176471,0.44595808974294965,4
nist,privileged_labels,diagnostic,warmup,physical_recovery,4,272,0.06366720783140012,0.12165244015944679,0.5073529411764706,0.8014705882352942,0.9117647058823529,0.4697947122519997,4
nist,privileged_labels,diagnostic,warmup,raw,1,272,0.034978427638384796,0.05951438216409893,0.47058823529411764,0.7095588235294118,0.8235294117647058,0.24926168413312855,4
nist,privileged_labels,diagnostic,warmup,raw,2,272,0.049056290417706594,0.08767618745062525,0.4227941176470588,0.6838235294117647,0.8235294117647058,0.3745307939184037,4
nist,privileged_labels,diagnostic,warmup,raw,3,272,0.057836401389648955,0.10373239146157132,0.375,0.6875,0.8161764705882353,0.4224768331830423,4
nist,privileged_labels,diagnostic,warmup,raw,4,272,0.06366388055161516,0.12165244015944679,0.39705882352941174,0.6948529411764706,0.8345588235294118,0.4451028266687582,4
nist,privileged_labels,diagnostic,warmup,recency,1,272,0.034905456088361535,0.05951438216409893,0.5147058823529411,0.7977941176470589,0.8786764705882353,0.2647483880179641,4
nist,privileged_labels,diagnostic,warmup,recency,2,272,0.04895344088830017,0.08767618745062525,0.5073529411764706,0.7867647058823529,0.8860294117647058,0.390447769742286,4
nist,privileged_labels,diagnostic,warmup,recency,3,272,0.057657788777006745,0.10373239146157132,0.5441176470588235,0.8051470588235294,0.9080882352941176,0.44096176927681563,4
nist,privileged_labels,diagnostic,warmup,recency,4,272,0.06361620367677827,0.12165244015944679,0.5404411764705882,0.8051470588235294,0.9044117647058824,0.46561941737762075,4
nist,cross_site_weights,sensitivity,evaluation,physical,1,3978,0.05569525882993713,0.08799124768343625,0.5040221216691805,0.8270487682252388,0.9328808446455505,0.48095072039537096,48
nist,cross_site_weights,sensitivity,evaluation,physical,2,3978,0.07695633869330627,0.1274222476714131,0.5143288084464555,0.8366013071895425,0.9353946706887883,0.6269728921277861,48
nist,cross_site_weights,sensitivity,evaluation,physical,3,3978,0.08166086153076803,0.13880192491918575,0.514831573655103,0.8280542986425339,0.936902966314731,0.6190102112771185,48
nist,cross_site_weights,sensitivity,evaluation,physical,4,3978,0.08621942933671896,0.16017845229889782,0.5133232780291603,0.836098541980895,0.9328808446455505,0.5936801211285863,48
nist,cross_site_weights,sensitivity,evaluation,physical_availability,1,3978,0.05571767843833935,0.08799124768343625,0.5065359477124183,0.8295625942684767,0.9306184012066365,0.482082894766232,48
nist,cross_site_weights,sensitivity,evaluation,physical_availability,2,3978,0.07706470882372791,0.1274222476714131,0.5110608345902463,0.834841628959276,0.9381598793363499,0.6291510547333289,48
nist,cross_site_weights,sensitivity,evaluation,physical_availability,3,3978,0.08179804968520421,0.13880192491918575,0.5153343388637506,0.8288084464555053,0.9348919054801408,0.6204869154452654,48
nist,cross_site_weights,sensitivity,evaluation,physical_availability,4,3978,0.08628503795742656,0.16017845229889782,0.516088486676722,0.8335847159376572,0.9336349924585219,0.5943973958170009,48
nist,cross_site_weights,sensitivity,evaluation,physical_recovery,1,3978,0.055667942692813846,0.08799124768343625,0.5082956259426847,0.8285570638511816,0.9336349924585219,0.48305038750015616,48
nist,cross_site_weights,sensitivity,evaluation,physical_recovery,2,3978,0.07704024312355266,0.1274222476714131,0.5140774258421317,0.8350930115635998,0.9404223227752639,0.6302881488804649,48
nist,cross_site_weights,sensitivity,evaluation,physical_recovery,3,3978,0.08174355253535072,0.13880192491918575,0.5150829562594268,0.8305681246857718,0.9374057315233786,0.6221726713553624,48
nist,cross_site_weights,sensitivity,evaluation,physical_recovery,4,3978,0.08623913953101611,0.16017845229889782,0.5155857214680744,0.8368526897938663,0.9338863750628457,0.5960812564734737,48
nist,cross_site_weights,sensitivity,evaluation,raw,1,3978,0.06076662695031821,0.08799124768343625,0.4446958270487682,0.6998491704374057,0.7936148818501759,0.3643816692728431,48
nist,cross_site_weights,sensitivity,evaluation,raw,2,3978,0.0895434463722333,0.1274222476714131,0.47762694821518353,0.6623931623931624,0.7375565610859729,0.424701689864576,48
nist,cross_site_weights,sensitivity,evaluation,raw,3,3978,0.09205107624793431,0.13880192491918575,0.49824032176973354,0.6900452488687783,0.7762694821518351,0.44814123194973543,48
nist,cross_site_weights,sensitivity,evaluation,raw,4,3978,0.09628873518676892,0.16017845229889782,0.49019607843137253,0.7031171442936148,0.7800402212166918,0.4589013806865636,48
nist,cross_site_weights,sensitivity,evaluation,recency,1,3978,0.058686494395074416,0.08799124768343625,0.49949723479135244,0.8021618903971846,0.901458019105078,0.4935434395733647,48
nist,cross_site_weights,sensitivity,evaluation,recency,2,3978,0.08341520368213247,0.1274222476714131,0.5025138260432378,0.8001508295625943,0.8996983408748115,0.6520349188087815,48
nist,cross_site_weights,sensitivity,evaluation,recency,3,3978,0.08746097481070285,0.13880192491918575,0.5035193564605329,0.8029160382101559,0.8989441930618401,0.6295227799089735,48
nist,cross_site_weights,sensitivity,evaluation,recency,4,3978,0.09155244068059214,0.16017845229889782,0.5065359477124183,0.8036701860231272,0.9012066365007542,0.6018343446827245,48
nist,cross_site_weights,sensitivity,warmup,physical,1,272,0.04943137225059415,0.07490615223442319,0.5257352941176471,0.8198529411764706,0.9227941176470589,0.419775171626754,4
nist,cross_site_weights,sensitivity,warmup,physical,2,272,0.06750959245225213,0.11005658840235912,0.5183823529411765,0.8051470588235294,0.8860294117647058,0.5108892657124624,4
nist,cross_site_weights,sensitivity,warmup,physical,3,272,0.07385083203915252,0.13274524677858288,0.5110294117647058,0.8014705882352942,0.8970588235294118,0.5190425665449225,4
nist,cross_site_weights,sensitivity,warmup,physical,4,272,0.07618926929788658,0.14277386615848298,0.5294117647058824,0.8088235294117647,0.9080882352941176,0.5120119809952139,4
nist,cross_site_weights,sensitivity,warmup,physical_availability,1,272,0.049436027767103354,0.07490615223442319,0.5294117647058824,0.8308823529411765,0.9301470588235294,0.42004315667836617,4
nist,cross_site_weights,sensitivity,warmup,physical_availability,2,272,0.06755319811159034,0.11005658840235912,0.5220588235294118,0.8125,0.8823529411764706,0.5111858564168394,4
nist,cross_site_weights,sensitivity,warmup,physical_availability,3,272,0.0738358202275648,0.13274524677858288,0.5,0.8088235294117647,0.8970588235294118,0.5193174618694435,4
nist,cross_site_weights,sensitivity,warmup,physical_availability,4,272,0.07618545318598104,0.14277386615848298,0.5257352941176471,0.8125,0.9080882352941176,0.5121185160311464,4
nist,cross_site_weights,sensitivity,warmup,physical_recovery,1,272,0.04945060671163059,0.07490615223442319,0.5257352941176471,0.8419117647058824,0.9264705882352942,0.4208746669438329,4
nist,cross_site_weights,sensitivity,warmup,physical_recovery,2,272,0.06750565769643958,0.11005658840235912,0.5220588235294118,0.8125,0.8823529411764706,0.514577379654678,4
nist,cross_site_weights,sensitivity,warmup,physical_recovery,3,272,0.07388990173601806,0.13274524677858288,0.5147058823529411,0.8051470588235294,0.8970588235294118,0.5217122736591248,4
nist,cross_site_weights,sensitivity,warmup,physical_recovery,4,272,0.0762958038484634,0.14277386615848298,0.5294117647058824,0.8088235294117647,0.9154411764705882,0.5150552473230396,4
nist,cross_site_weights,sensitivity,warmup,raw,1,272,0.04960727717474831,0.07490615223442319,0.5919117647058824,0.8529411764705882,0.9411764705882353,0.4235847273881668,4
nist,cross_site_weights,sensitivity,warmup,raw,2,272,0.06766172545456858,0.11005658840235912,0.5698529411764706,0.8051470588235294,0.8860294117647058,0.4993877258844306,4
nist,cross_site_weights,sensitivity,warmup,raw,3,272,0.07370629540446873,0.13274524677858288,0.5441176470588235,0.7904411764705882,0.8933823529411765,0.515110868339328,4
nist,cross_site_weights,sensitivity,warmup,raw,4,272,0.07608420730305927,0.14277386615848298,0.5404411764705882,0.8639705882352942,0.9375,0.5129224098029004,4
nist,cross_site_weights,sensitivity,warmup,recency,1,272,0.04952176231964894,0.07490615223442319,0.5294117647058824,0.7977941176470589,0.9080882352941176,0.4206870614681763,4
nist,cross_site_weights,sensitivity,warmup,recency,2,272,0.06768893709093977,0.11005658840235912,0.5220588235294118,0.8014705882352942,0.8897058823529411,0.5103709117542827,4
nist,cross_site_weights,sensitivity,warmup,recency,3,272,0.07386063626536586,0.13274524677858288,0.4963235294117647,0.7904411764705882,0.8933823529411765,0.5175438109430457,4
nist,cross_site_weights,sensitivity,warmup,recency,4,272,0.0762023501726228,0.14277386615848298,0.5183823529411765,0.7941176470588235,0.9044117647058824,0.5120309194970493,4
nist,stale_transport,sensitivity,evaluation,physical,1,3978,0.03517349125339694,0.06019584972828073,0.5075414781297134,0.8117144293614882,0.9092508798391151,0.28320991433112325,48
nist,stale_transport,sensitivity,evaluation,physical,2,3978,0.045784345106261906,0.0801711840781645,0.5030165912518854,0.8129713423831071,0.912770236299648,0.36494120636076927,48
nist,stale_transport,sensitivity,evaluation,physical,3,3978,0.05289984583953987,0.09582981918651239,0.49572649572649574,0.8132227249874309,0.9054801407742584,0.4086031509358185,48
nist,stale_transport,sensitivity,evaluation,physical,4,3978,0.05830620650668405,0.10886149862655979,0.5050276520864756,0.8089492207139266,0.9064856711915535,0.42887997739234107,48
nist,stale_transport,sensitivity,evaluation,physical_availability,1,3978,0.03517023660247942,0.06019584972828073,0.5070387129210658,0.8192559074912016,0.9117647058823529,0.28357217553314956,48
nist,stale_transport,sensitivity,evaluation,physical_availability,2,3978,0.04579113354707744,0.0801711840781645,0.5055304172951232,0.811965811965812,0.9140271493212669,0.36450475992213727,48
nist,stale_transport,sensitivity,evaluation,physical_availability,3,3978,0.0529348640000405,0.09582981918651239,0.5015082956259427,0.8147310206133735,0.905982905982906,0.4087324076548287,48
nist,stale_transport,sensitivity,evaluation,physical_availability,4,3978,0.05836950491457163,0.10886149862655979,0.5090497737556561,0.811965811965812,0.9067370537958773,0.42905540954450694,48
nist,stale_transport,sensitivity,evaluation,physical_recovery,1,3978,0.035171941982800686,0.06019584972828073,0.5082956259426847,0.8172448466566113,0.9100050276520865,0.28314797725823004,48
nist,stale_transport,sensitivity,evaluation,physical_recovery,2,3978,0.04579868856265085,0.0801711840781645,0.5098039215686274,0.8124685771744595,0.912770236299648,0.36453281303686086,48
nist,stale_transport,sensitivity,evaluation,physical_recovery,3,3978,0.05295458605230222,0.09582981918651239,0.5027652086475616,0.8147310206133735,0.9047259929612871,0.40870220437577,48
nist,stale_transport,sensitivity,evaluation,physical_recovery,4,3978,0.05838627345105074,0.10886149862655979,0.5087983911513323,0.8112116641528406,0.905982905982906,0.42924107969848624,48
nist,stale_transport,sensitivity,evaluation,raw,1,3978,0.03558168196020767,0.06019584972828073,0.3974358974358974,0.6890397184514832,0.832579185520362,0.25825999317699816,48
nist,stale_transport,sensitivity,evaluation,raw,2,3978,0.04632294265681321,0.0801711840781645,0.3976872800402212,0.6787330316742082,0.8335847159376572,0.3374183855730199,48
nist,stale_transport,sensitivity,evaluation,raw,3,3978,0.05360663086942894,0.09582981918651239,0.3805932629462041,0.6684263448969331,0.8207642031171443,0.3720999380943501,48
nist,stale_transport,sensitivity,evaluation,raw,4,3978,0.05902285265934315,0.10886149862655979,0.38134741075917544,0.6804927099044746,0.8217697335344394,0.3928803162145396,48
nist,stale_transport,sensitivity,evaluation,recency,1,3978,0.035233473409894286,0.06019584972828073,0.5060331825037707,0.8074409250879839,0.9054801407742584,0.28078487549631076,48
nist,stale_transport,sensitivity,evaluation,recency,2,3978,0.04586215689643157,0.0801711840781645,0.5077928607340372,0.8092006033182504,0.90824534942182,0.3626942609312556,48
nist,stale_transport,sensitivity,evaluation,recency,3,3978,0.05300063967374556,0.09582981918651239,0.49547511312217196,0.8081950729009553,0.9004524886877828,0.4041721263023705,48
nist,stale_transport,sensitivity,evaluation,recency,4,3978,0.058409475120131636,0.10886149862655979,0.5015082956259427,0.8011563599798894,0.9009552538964304,0.42495749146559536,48
nist,stale_transport,sensitivity,warmup,physical,1,272,0.035048265971918506,0.06009600776950069,0.5220588235294118,0.7941176470588235,0.8860294117647058,0.27108157664692034,4
nist,stale_transport,sensitivity,warmup,physical,2,272,0.049793758339156016,0.09207533526292504,0.5220588235294118,0.7867647058823529,0.8860294117647058,0.39363674227851964,4
nist,stale_transport,sensitivity,warmup,physical,3,272,0.05781493531743804,0.10631263487791896,0.5441176470588235,0.7830882352941176,0.9044117647058824,0.4374592288553312,4
nist,stale_transport,sensitivity,warmup,physical,4,272,0.06377032841623506,0.12414237863122217,0.5661764705882353,0.8198529411764706,0.9080882352941176,0.45566714082304094,4
nist,stale_transport,sensitivity,warmup,physical_availability,1,272,0.03506078182678545,0.06009600776950069,0.5183823529411765,0.7941176470588235,0.8786764705882353,0.2687006668783877,4
nist,stale_transport,sensitivity,warmup,physical_availability,2,272,0.04974256493095924,0.09207533526292504,0.5294117647058824,0.7941176470588235,0.8860294117647058,0.3912786975612771,4
nist,stale_transport,sensitivity,warmup,physical_availability,3,272,0.05783299486839804,0.10631263487791896,0.5441176470588235,0.7867647058823529,0.9007352941176471,0.436536905309808,4
nist,stale_transport,sensitivity,warmup,physical_availability,4,272,0.06379363908836609,0.12414237863122217,0.5625,0.8198529411764706,0.9080882352941176,0.4548404823824644,4
nist,stale_transport,sensitivity,warmup,physical_recovery,1,272,0.035083169781600004,0.06009600776950069,0.5220588235294118,0.7977941176470589,0.8823529411764706,0.268803225475133,4
nist,stale_transport,sensitivity,warmup,physical_recovery,2,272,0.049767500200765966,0.09207533526292504,0.5147058823529411,0.7794117647058824,0.8823529411764706,0.3915014624456752,4
nist,stale_transport,sensitivity,warmup,physical_recovery,3,272,0.0578075175005176,0.10631263487791896,0.5330882352941176,0.7794117647058824,0.8933823529411765,0.4364119208147154,4
nist,stale_transport,sensitivity,warmup,physical_recovery,4,272,0.06379487558076503,0.12414237863122217,0.5477941176470589,0.8014705882352942,0.9080882352941176,0.4544436517574549,4
nist,stale_transport,sensitivity,warmup,raw,1,272,0.0352690695487448,0.06009600776950069,0.44485294117647056,0.6801470588235294,0.8235294117647058,0.25115619811229706,4
nist,stale_transport,sensitivity,warmup,raw,2,272,0.05002012440853879,0.09207533526292504,0.4007352941176471,0.6654411764705882,0.8198529411764706,0.37592820055305903,4
nist,stale_transport,sensitivity,warmup,raw,3,272,0.05792930341748328,0.10631263487791896,0.3860294117647059,0.6838235294117647,0.8272058823529411,0.4239164688681048,4
nist,stale_transport,sensitivity,warmup,raw,4,272,0.06359094918405928,0.12414237863122217,0.4117647058823529,0.7426470588235294,0.875,0.4479413077122555,4
nist,stale_transport,sensitivity,warmup,recency,1,272,0.0351415339610369,0.06009600776950069,0.5183823529411765,0.7941176470588235,0.8860294117647058,0.2702834568395899,4
nist,stale_transport,sensitivity,warmup,recency,2,272,0.04986635222085328,0.09207533526292504,0.5147058823529411,0.7904411764705882,0.8786764705882353,0.3920370798212031,4
nist,stale_transport,sensitivity,warmup,recency,3,272,0.057821029489536234,0.10631263487791896,0.5477941176470589,0.7941176470588235,0.9044117647058824,0.43622622958668633,4
nist,stale_transport,sensitivity,warmup,recency,4,272,0.06372749190312225,0.12414237863122217,0.5625,0.8198529411764706,0.9117647058823529,0.455268907618051,4
colorado,clean,primary,evaluation,aci_bounded,1,3957,0.017083981760574733,0.028732921115520806,0.5231235784685367,0.8180439727065959,0.9143290371493555,0.17260955165763855,0
colorado,clean,primary,evaluation,aci_bounded,2,3957,0.04297803644144373,0.0888163131906978,0.520596411422795,0.8182966894111701,0.9178670710133939,0.44585993658241274,0
colorado,clean,primary,evaluation,aci_bounded,3,3957,0.05806581197060219,0.12426076460670793,0.524892595400556,0.8230983067980794,0.9178670710133939,0.46696924300580545,0
colorado,clean,primary,evaluation,aci_bounded,4,3957,0.07012821740125252,0.15969818390738272,0.5259034622188526,0.821076573161486,0.9107910032853171,0.48583679341313435,0
colorado,clean,primary,evaluation,carry_forward,1,3957,0.04544794955384007,0.05497986386596794,0.060399292393227194,0.15845337376800606,0.36037402072276975,0.3899488443881427,0
colorado,clean,primary,evaluation,carry_forward,2,3957,0.06649990701896379,0.09315042472573233,0.03209502148091989,0.09527419762446297,0.24286075309577962,0.4339776084397446,0
colorado,clean,primary,evaluation,carry_forward,3,3957,0.10900277765137982,0.1772595667140259,0.03538033864038413,0.07910032853171595,0.2137983320697498,0.4254378099213308,0
colorado,clean,primary,evaluation,carry_forward,4,3957,0.12339842078092278,0.22246107348768882,0.020722769775082132,0.05964114227950468,0.18069244377053323,0.4325020281125408,0
colorado,clean,primary,evaluation,geometric_persistence,1,3957,0.0153419901225576,0.004776055309514669,0.9881223148850139,0.9939347990902199,0.9969673995451099,0.3071845833476502,0
colorado,clean,primary,evaluation,geometric_persistence,2,3957,0.02828240228304413,0.014760524989672083,0.9861005812484205,0.9944402324993682,0.9957038160222391,0.40619565453221224,0
colorado,clean,primary,evaluation,geometric_persistence,3,3957,0.041762175243618256,0.0372415609006228,0.9873641647712914,0.9934293656810715,0.9959565327268133,0.5111616367286268,0
colorado,clean,primary,evaluation,geometric_persistence,4,3957,0.05697071006781658,0.07487543857875578,0.9878695981804397,0.9934293656810715,0.9951983826130907,0.5963854503327038,0
colorado,clean,primary,evaluation,mask50,1,3957,0.017124512957471295,0.028732921115520806,0.5054334091483447,0.7988375031589589,0.9037149355572404,0.17173795112431445,0
colorado,clean,primary,evaluation,mask50,2,3957,0.043005545967537626,0.0888163131906978,0.5039171089208997,0.7942886024766237,0.9133181703310589,0.44560941433026074,0
colorado,clean,primary,evaluation,mask50,3,3957,0.05817001303989127,0.12426076460670793,0.49785190801111956,0.7985847864543847,0.9059893858984079,0.46487800421891806,0
colorado,clean,primary,evaluation,mask50,4,3957,0.07021161438865137,0.15969818390738272,0.4960828910791003,0.8051554207733131,0.9070002527167046,0.48467578194574823,0
colorado,clean,primary,evaluation,mi_recency,1,3957,0.013096777665235676,0.015585738292751311,0.5941369724538792,0.844579226686884,0.9231741218094516,0.14902078617338443,0
colorado,clean,primary,evaluation,mi_recency,2,3957,0.025960814877071848,0.04902946749334359,0.5415718979024513,0.8271417740712661,0.916350770785949,0.21020299593344227,0
colorado,clean,primary,evaluation,mi_recency,3,3957,0.04247778867468814,0.0802538157793035,0.5157947940358858,0.7980793530452363,0.8938589840788476,0.2700746985316017,0
colorado,clean,primary,evaluation,mi_recency,4,3957,0.07306697585027583,0.14342933164036403,0.4892595400555977,0.7836745008845085,0.8855193328279,0.43413216022203827,0
colorado,clean,primary,evaluation,multiple_imputation,1,3957,0.01375133194260204,0.015585738292751311,0.9855951478392722,0.9939347990902199,0.9954510993176648,0.15469281472985819,0
colorado,clean,primary,evaluation,multiple_imputation,2,3957,0.026425755303514417,0.04902946749334359,0.7189790245135204,0.9689158453373768,0.9906494819307556,0.21454736648913703,0
colorado,clean,primary,evaluation,multiple_imputation,3,3957,0.0431832779676286,0.0802538157793035,0.6095526914329037,0.8016173869092748,0.8832448824867324,0.25534572787968063,0
colorado,clean,primary,evaluation,multiple_imputation,4,3957,0.08713296844955265,0.14342933164036403,0.35456153651756384,0.5392974475612838,0.6621177659843316,0.3000109390387482,0
colorado,clean,primary,evaluation,persistence,1,3957,0.024208592258718357,0.018157025046216087,0.9883750315895881,0.9949456659085165,0.9969673995451099,0.34300107569352073,0
colorado,clean,primary,evaluation,persistence,2,3957,0.04148422135717046,0.04732750266837425,0.9878695981804397,0.9946929492039424,0.9962092494313874,0.4565785348846665,0
colorado,clean,primary,evaluation,persistence,3,3957,0.057546153242865335,0.09262196359958058,0.9883750315895881,0.994187515794794,0.9962092494313874,0.5600202697749943,0
colorado,clean,primary,evaluation,persistence,4,3957,0.07266685615262038,0.14759143643093015,0.9886277482941622,0.9936820823856457,0.9954510993176648,0.6304833847336311,0
colorado,clean,primary,evaluation,physical,1,3957,0.016342723348382243,0.028732921115520806,0.560020217336366,0.8501389941875158,0.9368208238564569,0.171583553497978,0
colorado,clean,primary,evaluation,physical,2,3957,0.04221010859531236,0.0888163131906978,0.558756633813495,0.8405357594136973,0.9416224412433661,0.4453836141685212,0
colorado,clean,primary,evaluation,physical,3,3957,0.05672807115508792,0.12426076460670793,0.5473843821076573,0.8556987616881476,0.934040940106141,0.4645692186726611,0
colorado,clean,primary,evaluation,physical,4,3957,0.0687694403025247,0.15969818390738272,0.5489006823351024,0.85342431134698,0.9330300732878444,0.4853185871503717,0
colorado,clean,primary,evaluation,physical_availability,1,3957,0.016342659938478894,0.028732921115520806,0.5585039171089209,0.8506444275966641,0.9370735405610311,0.1716113948060771,0
colorado,clean,primary,evaluation,physical_availability,2,3957,0.04221141826629591,0.0888163131906978,0.5582512004043467,0.840283042709123,0.9416224412433661,0.44537900120855356,0
colorado,clean,primary,evaluation,physical_availability,3,3957,0.05672990373031947,0.12426076460670793,0.5476370988122314,0.8559514783927218,0.934040940106141,0.4646159355286956,0
colorado,clean,primary,evaluation,physical_availability,4,3957,0.06876826716390942,0.15969818390738272,0.5509224159716958,0.85342431134698,0.9330300732878444,0.485383433290813,0
colorado,clean,primary,evaluation,physical_recovery,1,3957,0.016341591425174384,0.028732921115520806,0.5567349001769017,0.8506444275966641,0.9370735405610311,0.1715453941852517,0
colorado,clean,primary,evaluation,physical_recovery,2,3957,0.04221037758689828,0.0888163131906978,0.5572403335860501,0.8400303260045489,0.9416224412433661,0.4452910683923891,0
colorado,clean,primary,evaluation,physical_recovery,3,3957,0.05672794995021575,0.12426076460670793,0.5463735152893606,0.8554460449835735,0.9332827899924185,0.46450110360339547,0
colorado,clean,primary,evaluation,physical_recovery,4,3957,0.06876425734975508,0.15969818390738272,0.548395248925954,0.8524134445286834,0.9327773565832701,0.4852663225229871,0
colorado,clean,primary,evaluation,previous_day,1,3957,0.022739846995315137,0.008379550650632341,0.979529946929492,0.9845842810209755,0.9881223148850139,0.40136364795046714,0
colorado,clean,primary,evaluation,previous_day,2,3957,0.023650769312346963,0.008377776109902823,0.979529946929492,0.985342431134698,0.9881223148850139,0.4112742687560692,0
colorado,clean,primary,evaluation,previous_day,3,3957,0.024211782186840163,0.008377504207135582,0.979529946929492,0.985342431134698,0.9886277482941622,0.42309679774657016,0
colorado,clean,primary,evaluation,previous_day,4,3957,0.024827208137769004,0.008377461884925996,0.979529946929492,0.985342431134698,0.9888804649987364,0.4343340010782178,0
colorado,clean,primary,evaluation,raw,1,3957,0.022464139661986054,0.028732921115520806,0.07328784432650998,0.177407126611069,0.3765478898155168,0.13648295827054593,0
colorado,clean,primary,evaluation,raw,2,3957,0.05198011067463088,0.0888163131906978,0.04675259034622189,0.12332575183219611,0.35911043719989894,0.4017211194567307,0
colorado,clean,primary,evaluation,raw,3,3957,0.07236950430001506,0.12426076460670793,0.05964114227950468,0.1599696739954511,0.3189284811726055,0.39999215742874883,0
colorado,clean,primary,evaluation,raw,4,3957,0.08731218661730143,0.15969818390738272,0.04927975739196361,0.12079858478645439,0.2686378569623452,0.40501789144281425,0
colorado,clean,primary,evaluation,recency,1,3957,0.017123964419151774,0.028732921115520806,0.5066969926712156,0.7985847864543847,0.9037149355572404,0.17172906643152547,0
colorado,clean,primary,evaluation,recency,2,3957,0.043004835237555585,0.0888163131906978,0.5049279757391963,0.7945413191811979,0.913570887035633,0.44566261285652214,0
colorado,clean,primary,evaluation,recency,3,3957,0.058167170586289146,0.12426076460670793,0.4965883244882487,0.7983320697498104,0.9059893858984079,0.46486253564166236,0
colorado,clean,primary,evaluation,recency,4,3957,0.07020829338820465,0.15969818390738272,0.4938084407379328,0.8046499873641648,0.9070002527167046,0.4846055333945037,0
colorado,clean,primary,evaluation,rolling,1,3957,0.017183137042965816,0.028732921115520806,0.505938842557493,0.791761435430882,0.8979024513520344,0.17166096577068254,0
colorado,clean,primary,evaluation,rolling,2,3957,0.043123785131154654,0.0888163131906978,0.4981046247156937,0.7894869850897144,0.9095274197624463,0.4455957695083728,0
colorado,clean,primary,evaluation,rolling,3,3957,0.05833176096368795,0.12426076460670793,0.495577457669952,0.794794035885772,0.8961334344200151,0.4648521354140103,0
colorado,clean,primary,evaluation,rolling,4,3957,0.07034453577591658,0.15969818390738272,0.49305029062421024,0.7937831690674754,0.8963861511245893,0.48473131200358244,0
colorado,clean,primary,evaluation,single_imputation,1,3957,0.013778021292556323,0.015631664345239056,0.985342431134698,0.9936820823856457,0.9951983826130907,0.15465746073927425,0
colorado,clean,primary,evaluation,single_imputation,2,3957,0.02647328460779744,0.04908112333519308,0.7187263078089462,0.9679049785190801,0.9901440485216073,0.21447228528901274,0
colorado,clean,primary,evaluation,single_imputation,3,3957,0.043214077047856896,0.08028606398529055,0.6092999747283295,0.8008592367955522,0.8827394490775841,0.2552756968567108,0
colorado,clean,primary,evaluation,single_imputation,4,3957,0.08715314927224634,0.1434489211248726,0.3543088198129896,0.5385392974475612,0.6618650492797574,0.29993827011676516,0
colorado,clean,primary,warmup,aci_bounded,1,290,0.009152903062547634,0.01043479354553977,0.3620689655172414,0.6620689655172414,0.8379310344827586,0.13224810337955237,0
colorado,clean,primary,warmup,aci_bounded,2,290,0.02734046434197368,0.029605204021366415,0.3310344827586207,0.6103448275862069,0.803448275862069,0.46921810398689795,0
colorado,clean,primary,warmup,aci_bounded,3,290,0.03259049707574811,0.04091325794543108,0.3413793103448276,0.6275862068965518,0.7862068965517242,0.47050358710377355,0
colorado,clean,primary,warmup,aci_bounded,4,290,0.03552234715920009,0.0431125701309977,0.33448275862068966,0.6655172413793103,0.8172413793103448,0.46475358820685175,0
colorado,clean,primary,warmup,carry_forward,1,290,0.027326300674762282,0.026458887425322365,0.1482758620689655,0.2896551724137931,0.5793103448275863,0.4282442152472309,0
colorado,clean,primary,warmup,carry_forward,2,290,0.03346567737757793,0.026282824318039234,0.15172413793103448,0.3310344827586207,0.5586206896551724,0.5090934785537693,0
colorado,clean,primary,warmup,carry_forward,3,290,0.050382731867860374,0.06547080968353645,0.04827586206896552,0.1413793103448276,0.35517241379310344,0.4948136000959723,0
colorado,clean,primary,warmup,carry_forward,4,290,0.05825069278278462,0.07965757530040576,0.03103448275862069,0.10344827586206896,0.3482758620689655,0.501326456826571,0
colorado,clean,primary,warmup,geometric_persistence,1,290,0.012151434145922716,0.002770317325708104,1.0,1.0,1.0,0.24243651254051776,0
colorado,clean,primary,warmup,geometric_persistence,2,290,0.0248124231308459,0.010166996092096151,1.0,1.0,1.0,0.3740967952153785,0
colorado,clean,primary,warmup,geometric_persistence,3,290,0.035572996042940945,0.026229445938692718,1.0,1.0,1.0,0.4896789989570457,0
colorado,clean,primary,warmup,geometric_persistence,4,290,0.04111097138240512,0.036300690144961595,1.0,1.0,1.0,0.5431580080981353,0
colorado,clean,primary,warmup,mask50,1,290,0.009143060802483477,0.01043479354553977,0.3689655172413793,0.6689655172413793,0.8517241379310345,0.13254485252410667,0
colorado,clean,primary,warmup,mask50,2,290,0.027208158662949088,0.029605204021366415,0.33793103448275863,0.6241379310344828,0.8103448275862069,0.469655815410846,0
colorado,clean,primary,warmup,mask50,3,290,0.03250450685558556,0.04091325794543108,0.35172413793103446,0.6379310344827587,0.7965517241379311,0.4710601829465407,0
colorado,clean,primary,warmup,mask50,4,290,0.035487170619811305,0.0431125701309977,0.3448275862068966,0.6655172413793103,0.8241379310344827,0.4653696280519114,0
colorado,clean,primary,warmup,mi_recency,1,290,0.009901154616157197,0.00560559388080521,0.8413793103448276,0.9448275862068966,0.9724137931034482,0.1374146083656801,0
colorado,clean,primary,warmup,mi_recency,2,290,0.019685809585620342,0.03329121840480728,0.6482758620689655,0.9310344827586207,0.9689655172413794,0.19364156323201906,0
colorado,clean,primary,warmup,mi_recency,3,290,0.025384089995627235,0.042251349639037504,0.6310344827586207,0.9,0.9310344827586207,0.21399122763205217,0
colorado,clean,primary,warmup,mi_recency,4,290,0.03534135800827984,0.05765606577192706,0.603448275862069,0.8448275862068966,0.906896551724138,0.2332265973301754,0
colorado,clean,primary,warmup,multiple_imputation,1,290,0.010421552165564571,0.00560559388080521,1.0,1.0,1.0,0.1418751513633466,0
colorado,clean,primary,warmup,multiple_imputation,2,290,0.0201159157301664,0.03329121840480728,0.8310344827586207,0.996551724137931,1.0,0.19870331952373918,0
colorado,clean,primary,warmup,multiple_imputation,3,290,0.025758430677917443,0.042251349639037504,0.8275862068965517,0.9620689655172414,0.9620689655172414,0.21900617552315946,0
colorado,clean,primary,warmup,multiple_imputation,4,290,0.035562266520141154,0.05765606577192706,0.7172413793103448,0.8931034482758621,0.9275862068965517,0.2376287573434439,0
colorado,clean,primary,warmup,persistence,1,290,0.019253932841053988,0.004650862139517241,1.0,1.0,1.0,0.27464491823051995,0
colorado,clean,primary,warmup,persistence,2,290,0.03164068119516137,0.01607479405890804,1.0,1.0,1.0,0.4102410526333936,0
colorado,clean,primary,warmup,persistence,3,290,0.03924838673644848,0.033604460255804595,1.0,1.0,1.0,0.513735110514727,0
colorado,clean,primary,warmup,persistence,4,290,0.04403542574245017,0.03885273340350575,1.0,1.0,1.0,0.56709513685263,0
colorado,clean,primary,warmup,physical,1,290,0.008944004720062437,0.01043479354553977,0.3793103448275862,0.7241379310344828,0.896551724137931,0.13316410444163013,0
colorado,clean,primary,warmup,physical,2,290,0.02688853274837837,0.029605204021366415,0.33793103448275863,0.6724137931034483,0.8482758620689655,0.4700049897490355,0
colorado,clean,primary,warmup,physical,3,290,0.032210334700851655,0.04091325794543108,0.3586206896551724,0.6517241379310345,0.8068965517241379,0.4714716905703679,0
colorado,clean,primary,warmup,physical,4,290,0.03497756447422051,0.0431125701309977,0.3689655172413793,0.7,0.8517241379310345,0.4667194794119536,0
colorado,clean,primary,warmup,physical_availability,1,290,0.008944004720062437,0.01043479354553977,0.3793103448275862,0.7241379310344828,0.896551724137931,0.13316410444163013,0
colorado,clean,primary,warmup,physical_availability,2,290,0.02688853274837837,0.029605204021366415,0.33793103448275863,0.6724137931034483,0.8482758620689655,0.4700049897490355,0
colorado,clean,primary,warmup,physical_availability,3,290,0.032210334700851655,0.04091325794543108,0.3586206896551724,0.6517241379310345,0.8068965517241379,0.4714716905703679,0
colorado,clean,primary,warmup,physical_availability,4,290,0.03497756447422051,0.0431125701309977,0.3689655172413793,0.7,0.8517241379310345,0.4667194794119536,0
colorado,clean,primary,warmup,physical_recovery,1,290,0.008944004720062437,0.01043479354553977,0.3793103448275862,0.7241379310344828,0.896551724137931,0.13316410444163013,0
colorado,clean,primary,warmup,physical_recovery,2,290,0.02688853274837837,0.029605204021366415,0.33793103448275863,0.6724137931034483,0.8482758620689655,0.4700049897490355,0
colorado,clean,primary,warmup,physical_recovery,3,290,0.032210334700851655,0.04091325794543108,0.3586206896551724,0.6517241379310345,0.8068965517241379,0.4714716905703679,0
colorado,clean,primary,warmup,physical_recovery,4,290,0.03497756447422051,0.0431125701309977,0.3689655172413793,0.7,0.8517241379310345,0.4667194794119536,0
colorado,clean,primary,warmup,previous_day,1,290,0.012398350975467981,5.6050188850574624e-05,1.0,1.0,1.0,0.3041640823104368,0
colorado,clean,primary,warmup,previous_day,2,290,0.013234613086697123,5.2794387442513676e-05,1.0,1.0,1.0,0.3173284959483678,0
colorado,clean,primary,warmup,previous_day,3,290,0.013555613772899914,5.216289034482761e-05,1.0,1.0,1.0,0.33247287303285017,0
colorado,clean,primary,warmup,previous_day,4,290,0.013647017162727506,5.2059014999999876e-05,1.0,1.0,1.0,0.3359383317690575,0
colorado,clean,primary,warmup,raw,1,290,0.009794904626858465,0.01043479354553977,0.15172413793103448,0.3758620689655172,0.7172413793103448,0.128260657333205,0
colorado,clean,primary,warmup,raw,2,290,0.02864251150315496,0.029605204021366415,0.15862068965517243,0.3448275862068966,0.6344827586206897,0.4608587642338858,0
colorado,clean,primary,warmup,raw,3,290,0.033661712524717245,0.04091325794543108,0.1896551724137931,0.4379310344827586,0.6758620689655173,0.46364341387672836,0
colorado,clean,primary,warmup,raw,4,290,0.0375472652447567,0.0431125701309977,0.1482758620689655,0.3586206896551724,0.6172413793103448,0.45122548081086955,0
colorado,clean,primary,warmup,recency,1,290,0.009143060802483477,0.01043479354553977,0.3689655172413793,0.6689655172413793,0.8517241379310345,0.13254485252410667,0
colorado,clean,primary,warmup,recency,2,290,0.027208158662949088,0.029605204021366415,0.33793103448275863,0.6241379310344828,0.8103448275862069,0.469655815410846,0
colorado,clean,primary,warmup,recency,3,290,0.03250450685558556,0.04091325794543108,0.35172413793103446,0.6379310344827587,0.7965517241379311,0.4710601829465407,0
colorado,clean,primary,warmup,recency,4,290,0.035487170619811305,0.0431125701309977,0.3448275862068966,0.6655172413793103,0.8241379310344827,0.4653696280519114,0
colorado,clean,primary,warmup,rolling,1,290,0.009212223153601314,0.01043479354553977,0.3448275862068966,0.6448275862068965,0.8344827586206897,0.13178707212230806,0
colorado,clean,primary,warmup,rolling,2,290,0.02750835731958642,0.029605204021366415,0.3103448275862069,0.5758620689655173,0.7896551724137931,0.46804066762959606,0
colorado,clean,primary,warmup,rolling,3,290,0.032721412407421026,0.04091325794543108,0.3310344827586207,0.603448275862069,0.7827586206896552,0.469364164124014,0
colorado,clean,primary,warmup,rolling,4,290,0.03575931057859436,0.0431125701309977,0.3310344827586207,0.6379310344827587,0.8,0.4631662909605063,0
colorado,clean,primary,warmup,single_imputation,1,290,0.010421552165564571,0.005605593880805209,1.0,1.0,1.0,0.1418751513633466,0
colorado,clean,primary,warmup,single_imputation,2,290,0.0201159157301664,0.03329121840480728,0.8310344827586207,0.996551724137931,1.0,0.19870331952373918,0
colorado,clean,primary,warmup,single_imputation,3,290,0.025758430677917443,0.042251349639037504,0.8275862068965517,0.9620689655172414,0.9620689655172414,0.21900617552315946,0
colorado,clean,primary,warmup,single_imputation,4,290,0.035562266520141154,0.05765606577192706,0.7172413793103448,0.8931034482758621,0.9275862068965517,0.2376287573434439,0
colorado,pv_only,primary,evaluation,aci_bounded,1,3957,0.021331391828293102,0.03742210057000338,0.5198382613090725,0.8132423553196866,0.9110437199898913,0.1990533739058779,46
colorado,pv_only,primary,evaluation,aci_bounded,2,3957,0.046375525329624655,0.09945601006784442,0.5221127116502401,0.8182966894111701,0.9171089208996714,0.4506389511794417,46
colorado,pv_only,primary,evaluation,aci_bounded,3,3957,0.06006286331522139,0.12974018722754085,0.524892595400556,0.8228455900935052,0.916350770785949,0.46959763530418464,46
colorado,pv_only,primary,evaluation,aci_bounded,4,3957,0.07110173947160728,0.16380664373779322,0.5261561789234268,0.8213292898660601,0.9107910032853171,0.4871031063521264,46
colorado,pv_only,primary,evaluation,carry_forward,1,3957,0.045480387356246925,0.05501486220230513,0.06014657568865302,0.15870609047258025,0.36037402072276975,0.3899749899723976,46
colorado,pv_only,primary,evaluation,carry_forward,2,3957,0.06647235884648288,0.09319553812248746,0.032853171594642405,0.09628506444275967,0.24361890320950214,0.4340553930176556,46
colorado,pv_only,primary,evaluation,carry_forward,3,3957,0.10897477813356785,0.17713525658110252,0.0356330553449583,0.07935304523629012,0.2137983320697498,0.4255189591921076,46
colorado,pv_only,primary,evaluation,carry_forward,4,3957,0.1233578105225466,0.2223898975373342,0.020975486479656306,0.060399292393227194,0.1817033105888299,0.4325432888704914,46
colorado,pv_only,primary,evaluation,geometric_persistence,1,3957,0.01545419402234911,0.005076894225802893,0.9878695981804397,0.9939347990902199,0.9967146828405358,0.307321247073982,46
colorado,pv_only,primary,evaluation,geometric_persistence,2,3957,0.028347389402510196,0.014986698850536117,0.9861005812484205,0.9944402324993682,0.9957038160222391,0.406329620451452,46
colorado,pv_only,primary,evaluation,geometric_persistence,3,3957,0.04181132975339194,0.037437035470822326,0.9868587313621431,0.9934293656810715,0.9959565327268133,0.5112912930757116,46
colorado,pv_only,primary,evaluation,geometric_persistence,4,3957,0.057009119456241125,0.07504003592307487,0.9876168814758656,0.9934293656810715,0.9951983826130907,0.5964911010547125,46
colorado,pv_only,primary,evaluation,mask50,1,3957,0.02140788155600229,0.03742210057000338,0.49330300732878446,0.7856962345211018,0.8925954005559767,0.19767766898146155,46
colorado,pv_only,primary,evaluation,mask50,2,3957,0.04642285780580181,0.09945601006784442,0.49962092494313876,0.7869598180439727,0.9097801364670205,0.44975276899323197,46
colorado,pv_only,primary,evaluation,mask50,3,3957,0.06019727900859643,0.12974018722754085,0.4963356077836745,0.7937831690674754,0.9009350518069245,0.46691888309229185,46
colorado,pv_only,primary,evaluation,mask50,4,3957,0.07118951832199465,0.16380664373779322,0.4953247409653778,0.8033864038412939,0.9027040687389436,0.48553372900170844,46
colorado,pv_only,primary,evaluation,mi_recency,1,3957,0.023406852572160783,0.029756217038049416,0.5830174374526156,0.8375031589588072,0.9148344705585039,0.15878864921714073,46
colorado,pv_only,primary,evaluation,mi_recency,2,3957,0.034328234509472956,0.06055174507014211,0.533737680060652,0.8256254738438211,0.9097801364670205,0.2186258914887698,46
colorado,pv_only,primary,evaluation,mi_recency,3,3957,0.04889287256214726,0.08928802997102697,0.5127621935809957,0.7915087187263078,0.8880464998736416,0.28762310260558016,46
colorado,pv_only,primary,evaluation,mi_recency,4,3957,0.07511789772016439,0.147379977441208,0.48774323982815265,0.7834217841799342,0.8880464998736416,0.4433218097523814,46
colorado,pv_only,primary,evaluation,multiple_imputation,1,3957,0.02396423383893477,0.029756217038049416,0.9390952741976245,0.9577963103361132,0.9636087945413192,0.16405636384542321,46
colorado,pv_only,primary,evaluation,multiple_imputation,2,3957,0.03472287391969522,0.06055174507014211,0.686125852918878,0.9284811726055092,0.9550164265857973,0.22241838314162776,46
colorado,pv_only,primary,evaluation,multiple_imputation,3,3957,0.04999914149765502,0.08928802997102697,0.5868081880212282,0.7723022491786707,0.8564569118018701,0.2609858185880216,46
colorado,pv_only,primary,evaluation,multiple_imputation,4,3957,0.09037563998916223,0.147379977441208,0.35178165276724793,0.5274197624462977,0.6492292140510487,0.30205947351228174,46
colorado,pv_only,primary,evaluation,persistence,1,3957,0.02422240727920967,0.01813628528528996,0.9886277482941622,0.9949456659085165,0.9967146828405358,0.3428033661225006,46
colorado,pv_only,primary,evaluation,persistence,2,3957,0.04145918117874571,0.04724956911592257,0.9878695981804397,0.9949456659085165,0.9959565327268133,0.45639070582755,46
colorado,pv_only,primary,evaluation,persistence,3,3957,0.05754204606804268,0.09261363988576085,0.9881223148850139,0.994187515794794,0.9962092494313874,0.5599659777357197,46
colorado,pv_only,primary,evaluation,persistence,4,3957,0.07266838759024942,0.14761236511976258,0.9883750315895881,0.9936820823856457,0.9954510993176648,0.6304613842258027,46
colorado,pv_only,primary,evaluation,physical,1,3957,0.02059043062887679,0.03742210057000338,0.5569876168814759,0.8458428102097548,0.9322719231741218,0.1980128918989541,46
colorado,pv_only,primary,evaluation,physical,2,3957,0.045607901237813026,0.09945601006784442,0.5524387161991408,0.8369977255496588,0.9411170078342178,0.4500164161098891,46
colorado,pv_only,primary,evaluation,physical,3,3957,0.05873846686177856,0.12974018722754085,0.548395248925954,0.8559514783927218,0.9342936568107152,0.46701568885883654,46
colorado,pv_only,primary,evaluation,physical,4,3957,0.06973155869073049,0.16380664373779322,0.5516805660854183,0.8544351781652767,0.9335355066969927,0.48660150173725697,46
colorado,pv_only,primary,evaluation,physical_availability,1,3957,0.020570202111202758,0.03742210057000338,0.545362648471064,0.8405357594136973,0.9299974728329543,0.19775987673245457,46
colorado,pv_only,primary,evaluation,physical_availability,2,3957,0.04560953927548614,0.09945601006784442,0.5524387161991408,0.8332069749810462,0.9383371240839019,0.44963731035027393,46
colorado,pv_only,primary,evaluation,physical_availability,3,3957,0.05873956823317003,0.12974018722754085,0.5478898155168057,0.8514025777103866,0.9294920394238059,0.46674174192686396,46
colorado,pv_only,primary,evaluation,physical_availability,4,3957,0.06974025872456852,0.16380664373779322,0.5491533990396765,0.8516552944149608,0.9305029062421026,0.4863620973872116,46
colorado,pv_only,primary,evaluation,physical_recovery,1,3957,0.020565282234030598,0.03742210057000338,0.5481425322213799,0.8405357594136973,0.9307556229466768,0.19779047385620183,46
colorado,pv_only,primary,evaluation,physical_recovery,2,3957,0.04561314546406233,0.09945601006784442,0.5531968663128632,0.8342178417993429,0.9406115744250695,0.4497044099708542,46
colorado,pv_only,primary,evaluation,physical_recovery,3,3957,0.05875788272920046,0.12974018722754085,0.5481425322213799,0.851908011119535,0.9307556229466768,0.4668271410849249,46
colorado,pv_only,primary,evaluation,physical_recovery,4,3957,0.06975663622271945,0.16380664373779322,0.5506696992671215,0.8526661612332576,0.9312610563558251,0.4862536035958121,46
colorado,pv_only,primary,evaluation,previous_day,1,3957,0.022739846995315137,0.008379550650632341,0.979529946929492,0.9845842810209755,0.9881223148850139,0.40136364795046714,46
colorado,pv_only,primary,evaluation,previous_day,2,3957,0.023650769312346963,0.008377776109902823,0.979529946929492,0.985342431134698,0.9881223148850139,0.4112742687560692,46
colorado,pv_only,primary,evaluation,previous_day,3,3957,0.024211782186840163,0.008377504207135582,0.979529946929492,0.985342431134698,0.9886277482941622,0.42309679774657016,46
colorado,pv_only,primary,evaluation,previous_day,4,3957,0.024827208137769004,0.008377461884925996,0.979529946929492,0.985342431134698,0.9888804649987364,0.4343340010782178,46
colorado,pv_only,primary,evaluation,raw,1,3957,0.027030286191826628,0.03742210057000338,0.07328784432650998,0.17437452615617893,0.3661865049279757,0.16172051703946563,46
colorado,pv_only,primary,evaluation,raw,2,3957,0.05560841213862342,0.09945601006784442,0.04473085670962851,0.12004043467273187,0.35506696992671216,0.40524375788591327,46
colorado,pv_only,primary,evaluation,raw,3,3957,0.074653043742232,0.12974018722754085,0.058630275461207984,0.1571897902451352,0.3136214303765479,0.40125388680419427,46
colorado,pv_only,primary,evaluation,raw,4,3957,0.08841747727320917,0.16380664373779322,0.04927975739196361,0.11751326762699014,0.26560525650745515,0.4054959176009369,46
colorado,pv_only,primary,evaluation,recency,1,3957,0.021381729178233753,0.03742210057000338,0.5024008086934546,0.7952994692949203,0.8996714682840535,0.19823287160428707,46
colorado,pv_only,primary,evaluation,recency,2,3957,0.046403121944757424,0.09945601006784442,0.5054334091483447,0.7958049027040688,0.9125600202173364,0.4504210888472756,46
colorado,pv_only,primary,evaluation,recency,3,3957,0.06017965276557473,0.12974018722754085,0.49507202426080366,0.7970684862269396,0.9042203689663887,0.4674373205691721,46
colorado,pv_only,primary,evaluation,recency,4,3957,0.07118092949520641,0.16380664373779322,0.49406115744250695,0.8056608541824615,0.9067475360121304,0.48591029744818265,46
colorado,pv_only,primary,evaluation,rolling,1,3957,0.021434555602894003,0.03742210057000338,0.5026535253980288,0.7882234015668436,0.8953752843062927,0.19817367551810017,46
colorado,pv_only,primary,evaluation,rolling,2,3957,0.046523299029123284,0.09945601006784442,0.5003790750568613,0.788981551680566,0.9062421026029821,0.45026439846582905,46
colorado,pv_only,primary,evaluation,rolling,3,3957,0.060337372866923006,0.12974018722754085,0.49583017437452614,0.7942886024766237,0.8971443012383119,0.4674573159974038,46
colorado,pv_only,primary,evaluation,rolling,4,3957,0.07131422998441515,0.16380664373779322,0.49178670710133937,0.794794035885772,0.8973970179428861,0.48598747253609775,46
colorado,pv_only,primary,evaluation,single_imputation,1,3957,0.024961361105594597,0.02981720312928804,0.939853424311347,0.9565327268132423,0.960323477381855,0.15995123826789015,46
colorado,pv_only,primary,evaluation,single_imputation,2,3957,0.03566699882166203,0.060866860946737725,0.6851149861005813,0.9254485721506192,0.9504675259034622,0.2196384573735852,46
colorado,pv_only,primary,evaluation,single_imputation,3,3957,0.05091139795412439,0.08978461910926175,0.5857973212029315,0.7692696487237807,0.85342431134698,0.2589491142055895,46
colorado,pv_only,primary,evaluation,single_imputation,4,3957,0.09067679963914442,0.14752275113725308,0.3502653525398029,0.5259034622188526,0.6472074804144554,0.30125250670962855,46
colorado,pv_only,primary,warmup,aci_bounded,1,290,0.015649477146890817,0.0232121286663635,0.3758620689655172,0.6896551724137931,0.8551724137931035,0.17765184002268564,4
colorado,pv_only,primary,warmup,aci_bounded,2,290,0.03260959500188201,0.04278260231576082,0.31724137931034485,0.6172413793103448,0.8103448275862069,0.47699339197662294,4
colorado,pv_only,primary,warmup,aci_bounded,3,290,0.035326747845538804,0.044566286552611925,0.3413793103448276,0.6310344827586207,0.7862068965517242,0.47331787826896893,4
colorado,pv_only,primary,warmup,aci_bounded,4,290,0.03670623263833816,0.045945201564396736,0.33448275862068966,0.6689655172413793,0.8206896551724138,0.46542546260026774,4
colorado,pv_only,primary,warmup,carry_forward,1,290,0.02723779607515051,0.026328267704195173,0.14482758620689656,0.296551724137931,0.5793103448275863,0.4283502828214273,4
colorado,pv_only,primary,warmup,carry_forward,2,290,0.03338661323633018,0.02610978110526145,0.15172413793103448,0.33793103448275863,0.5586206896551724,0.5091193210260191,4
colorado,pv_only,primary,warmup,carry_forward,3,290,0.0502877476269412,0.06525274225179879,0.05172413793103448,0.14482758620689656,0.35517241379310344,0.4948403434615857,4
colorado,pv_only,primary,warmup,carry_forward,4,290,0.058139581458032524,0.07940027749880096,0.034482758620689655,0.1103448275862069,0.3482758620689655,0.5013593170588062,4
colorado,pv_only,primary,warmup,geometric_persistence,1,290,0.012238513695436192,0.003109709137844272,1.0,1.0,1.0,0.24277421883359046,4
colorado,pv_only,primary,warmup,geometric_persistence,2,290,0.024886516607797515,0.010453161680866881,1.0,1.0,1.0,0.37438740615274174,4
colorado,pv_only,primary,warmup,geometric_persistence,3,290,0.03563536505565323,0.02646845208610895,1.0,1.0,1.0,0.4899259701340079,4
colorado,pv_only,primary,warmup,geometric_persistence,4,290,0.041160704542553044,0.036490106159744566,1.0,1.0,1.0,0.543356403230951,4
colorado,pv_only,primary,warmup,mask50,1,290,0.015683136793405373,0.0232121286663635,0.3586206896551724,0.6689655172413793,0.8448275862068966,0.17709543894080257,4
colorado,pv_only,primary,warmup,mask50,2,290,0.03253454503076662,0.04278260231576082,0.32068965517241377,0.6310344827586207,0.8068965517241379,0.477232006267827,4
colorado,pv_only,primary,warmup,mask50,3,290,0.03527406423990015,0.044566286552611925,0.3448275862068966,0.6379310344827587,0.7896551724137931,0.47348745061816083,4
colorado,pv_only,primary,warmup,mask50,4,290,0.03664952299615672,0.045945201564396736,0.3413793103448276,0.6655172413793103,0.8310344827586207,0.46682636339181177,4
colorado,pv_only,primary,warmup,mi_recency,1,290,0.026727593293732414,0.029614997408492206,0.8068965517241379,0.906896551724138,0.9275862068965517,0.15689098313073527,4
colorado,pv_only,primary,warmup,mi_recency,2,290,0.0345132332737051,0.054160238566082756,0.6172413793103448,0.8896551724137931,0.9275862068965517,0.21103107931618473,4
colorado,pv_only,primary,warmup,mi_recency,3,290,0.03416751567689515,0.05471647619381753,0.6103448275862069,0.8620689655172413,0.906896551724138,0.22680349045721226,4
colorado,pv_only,primary,warmup,mi_recency,4,290,0.03917432169394456,0.06399785868627335,0.596551724137931,0.8275862068965517,0.8896551724137931,0.24021558032583018,4
colorado,pv_only,primary,warmup,multiple_imputation,1,290,0.02707207160501024,0.029614997408492206,0.9310344827586207,0.9379310344827586,0.9413793103448276,0.16000343826642419,4
colorado,pv_only,primary,warmup,multiple_imputation,2,290,0.03476221007993672,0.054160238566082756,0.7689655172413793,0.9379310344827586,0.9448275862068966,0.2137439248579323,4
colorado,pv_only,primary,warmup,multiple_imputation,3,290,0.03445250409570897,0.05471647619381753,0.7931034482758621,0.9172413793103448,0.9241379310344827,0.22778723497284448,4
colorado,pv_only,primary,warmup,multiple_imputation,4,290,0.03938933738396043,0.06399785868627335,0.6827586206896552,0.8689655172413793,0.906896551724138,0.24291829191764078,4
colorado,pv_only,primary,warmup,persistence,1,290,0.019252056721677964,0.004643864391931034,1.0,1.0,1.0,0.2746372493704625,4
colorado,pv_only,primary,warmup,persistence,2,290,0.031639102649709816,0.01606940814281609,1.0,1.0,1.0,0.4102339727558074,4
colorado,pv_only,primary,warmup,persistence,3,290,0.039247261807914824,0.03360101779114943,1.0,1.0,1.0,0.5137295704708764,4
colorado,pv_only,primary,warmup,persistence,4,290,0.04403478434523998,0.0388515332,1.0,1.0,1.0,0.567091024881423,4
colorado,pv_only,primary,warmup,physical,1,290,0.015427316130926802,0.0232121286663635,0.38275862068965516,0.7172413793103448,0.8758620689655172,0.17823435810984412,4
colorado,pv_only,primary,warmup,physical,2,290,0.03214648532742027,0.04278260231576082,0.3310344827586207,0.6758620689655173,0.8517241379310345,0.47782763190864935,4
colorado,pv_only,primary,warmup,physical,3,290,0.03493591852383838,0.044566286552611925,0.3413793103448276,0.6586206896551724,0.8344827586206897,0.47428650119441523,4
colorado,pv_only,primary,warmup,physical,4,290,0.036171778971309416,0.045945201564396736,0.3758620689655172,0.7137931034482758,0.8586206896551725,0.4675568938238406,4
colorado,pv_only,primary,warmup,physical_availability,1,290,0.015440824628601217,0.0232121286663635,0.3724137931034483,0.7034482758620689,0.8758620689655172,0.17765011160701608,4
colorado,pv_only,primary,warmup,physical_availability,2,290,0.03220162458070304,0.04278260231576082,0.3275862068965517,0.6689655172413793,0.8482758620689655,0.4775618294485843,4
colorado,pv_only,primary,warmup,physical_availability,3,290,0.03496932286152711,0.044566286552611925,0.33448275862068966,0.6586206896551724,0.8103448275862069,0.47391878020042383,4
colorado,pv_only,primary,warmup,physical_availability,4,290,0.03615599303566618,0.045945201564396736,0.3689655172413793,0.6896551724137931,0.8551724137931035,0.46775931664278314,4
colorado,pv_only,primary,warmup,physical_recovery,1,290,0.015408270673792952,0.0232121286663635,0.39655172413793105,0.7241379310344828,0.8793103448275862,0.17802118014880666,4
colorado,pv_only,primary,warmup,physical_recovery,2,290,0.03217171792612003,0.04278260231576082,0.3310344827586207,0.6758620689655173,0.8551724137931035,0.4778295064543646,4
colorado,pv_only,primary,warmup,physical_recovery,3,290,0.034931125024165594,0.044566286552611925,0.35517241379310344,0.6862068965517242,0.8310344827586207,0.47421550346311686,4
colorado,pv_only,primary,warmup,physical_recovery,4,290,0.03599259115702321,0.045945201564396736,0.38275862068965516,0.7310344827586207,0.8620689655172413,0.46849199006944575,4
colorado,pv_only,primary,warmup,previous_day,1,290,0.012398350975467981,5.6050188850574624e-05,1.0,1.0,1.0,0.3041640823104368,4
colorado,pv_only,primary,warmup,previous_day,2,290,0.013234613086697123,5.2794387442513676e-05,1.0,1.0,1.0,0.3173284959483678,4
colorado,pv_only,primary,warmup,previous_day,3,290,0.013555613772899914,5.216289034482761e-05,1.0,1.0,1.0,0.33247287303285017,4
colorado,pv_only,primary,warmup,previous_day,4,290,0.013647017162727506,5.2059014999999876e-05,1.0,1.0,1.0,0.3359383317690575,4
colorado,pv_only,primary,warmup,raw,1,290,0.016454033803942433,0.0232121286663635,0.1413793103448276,0.3586206896551724,0.6758620689655173,0.17198875326398577,4
colorado,pv_only,primary,warmup,raw,2,290,0.03402927017980023,0.04278260231576082,0.1482758620689655,0.3482758620689655,0.6206896551724138,0.46819322090008747,4
colorado,pv_only,primary,warmup,raw,3,290,0.036440005506654397,0.044566286552611925,0.1793103448275862,0.4206896551724138,0.6689655172413793,0.46595759395055564,4
colorado,pv_only,primary,warmup,raw,4,290,0.038725215543088214,0.045945201564396736,0.1482758620689655,0.3620689655172414,0.6241379310344828,0.4519904828398308,4
colorado,pv_only,primary,warmup,recency,1,290,0.01565520832632065,0.0232121286663635,0.3758620689655172,0.6827586206896552,0.8482758620689655,0.17790762892466327,4
colorado,pv_only,primary,warmup,recency,2,290,0.03247155738062987,0.04278260231576082,0.32413793103448274,0.6344827586206897,0.8103448275862069,0.4774723604859701,4
colorado,pv_only,primary,warmup,recency,3,290,0.035240924969770514,0.044566286552611925,0.3586206896551724,0.6379310344827587,0.7931034482758621,0.47388091868207477,4
colorado,pv_only,primary,warmup,recency,4,290,0.03667242765280522,0.045945201564396736,0.3413793103448276,0.6689655172413793,0.8310344827586207,0.46607835731788405,4
colorado,pv_only,primary,warmup,rolling,1,290,0.015703771051138293,0.0232121286663635,0.35517241379310344,0.6586206896551724,0.8310344827586207,0.17730015044671216,4
colorado,pv_only,primary,warmup,rolling,2,290,0.032784819228794455,0.04278260231576082,0.30689655172413793,0.593103448275862,0.7931034482758621,0.4759664764373088,4
colorado,pv_only,primary,warmup,rolling,3,290,0.03545794019575791,0.044566286552611925,0.3310344827586207,0.603448275862069,0.7793103448275862,0.47218867992893443,4
colorado,pv_only,primary,warmup,rolling,4,290,0.03694213906504226,0.045945201564396736,0.32413793103448274,0.6413793103448275,0.803448275862069,0.4639578901877117,4
colorado,pv_only,primary,warmup,single_imputation,1,290,0.028788505249065982,0.02895016872058148,0.9344827586206896,0.9413793103448276,0.9413793103448276,0.15042347931958644,4
colorado,pv_only,primary,warmup,single_imputation,2,290,0.03709558532748316,0.055052007605030165,0.7689655172413793,0.9275862068965517,0.9344827586206896,0.2076949360083671,4
colorado,pv_only,primary,warmup,single_imputation,3,290,0.03560401573341368,0.055315599549931004,0.7931034482758621,0.9137931034482759,0.9241379310344827,0.22518192830476258,4
colorado,pv_only,primary,warmup,single_imputation,4,290,0.03981881136521333,0.06425213610538973,0.6827586206896552,0.8655172413793103,0.9,0.24208628000269214,4
colorado,irradiance_only,primary,evaluation,aci_bounded,1,3957,0.01708255272249829,0.02861558035599456,0.5228708617639626,0.8190548395248926,0.9143290371493555,0.17382022347806506,46
colorado,irradiance_only,primary,evaluation,aci_bounded,2,3957,0.04302365934008448,0.08885938984063478,0.5211018448319434,0.8188021228203184,0.9166034874905231,0.44648720896085625,46
colorado,irradiance_only,primary,evaluation,aci_bounded,3,3957,0.057825717278824025,0.12366735535081465,0.5253980288097043,0.8220874399797826,0.9158453373768006,0.46741749476059413,46
colorado,irradiance_only,primary,evaluation,aci_bounded,4,3957,0.06983114509905801,0.1587290770938716,0.5256507455142785,0.8208238564569118,0.9115491533990396,0.4860656707067644,46
colorado,irradiance_only,primary,evaluation,carry_forward,1,3957,0.045341806345096554,0.055150374247302104,0.060652009097801364,0.15946424058630276,0.3644174879959565,0.3911670107504439,46
colorado,irradiance_only,primary,evaluation,carry_forward,2,3957,0.06626358236254812,0.09301363388654928,0.03234773818549406,0.09502148091988881,0.2441243366186505,0.4343270045387206,46
colorado,irradiance_only,primary,evaluation,carry_forward,3,3957,0.10890308794839335,0.17778514502252613,0.034622188526661615,0.07758402830427091,0.21632549911549154,0.42586446783105164,46
colorado,irradiance_only,primary,evaluation,carry_forward,4,3957,0.12314426043401384,0.22245113082274992,0.02047005307050796,0.060652009097801364,0.18347232752084913,0.4326175520217139,46
colorado,irradiance_only,primary,evaluation,geometric_persistence,1,3957,0.0153419901225576,0.004776055309514669,0.9881223148850139,0.9939347990902199,0.9969673995451099,0.3071845833476502,46
colorado,irradiance_only,primary,evaluation,geometric_persistence,2,3957,0.02828240228304413,0.014760524989672083,0.9861005812484205,0.9944402324993682,0.9957038160222391,0.40619565453221224,46
colorado,irradiance_only,primary,evaluation,geometric_persistence,3,3957,0.041762175243618256,0.0372415609006228,0.9873641647712914,0.9934293656810715,0.9959565327268133,0.5111616367286268,46
colorado,irradiance_only,primary,evaluation,geometric_persistence,4,3957,0.05697071006781658,0.07487543857875578,0.9878695981804397,0.9934293656810715,0.9951983826130907,0.5963854503327038,46
colorado,irradiance_only,primary,evaluation,mask50,1,3957,0.01711341138875086,0.02861558035599456,0.5034116755117514,0.8023755370229972,0.9062421026029821,0.17330468310281336,46
colorado,irradiance_only,primary,evaluation,mask50,2,3957,0.04300275889928799,0.08885938984063478,0.5120040434672732,0.8013646702047005,0.9186252211271165,0.4467602071111843,46
colorado,irradiance_only,primary,evaluation,mask50,3,3957,0.05789073982652483,0.12366735535081465,0.5036643922163255,0.8038918372504422,0.9095274197624463,0.4655832007300532,46
colorado,irradiance_only,primary,evaluation,mask50,4,3957,0.06987416014554931,0.1587290770938716,0.5021480919888804,0.8104624715693708,0.909021986353298,0.4852340058056661,46
colorado,irradiance_only,primary,evaluation,mi_recency,1,3957,0.013169392873008482,0.01586530678751002,0.5961587060904726,0.8453373768006065,0.9239322719231742,0.14927484050272513,46
colorado,irradiance_only,primary,evaluation,mi_recency,2,3957,0.02601818944433393,0.04927195681172874,0.5446044983573414,0.8301743745261562,0.9176143543088198,0.2103504935007507,46
colorado,irradiance_only,primary,evaluation,mi_recency,3,3957,0.042300105593144434,0.08011278655916516,0.5155420773313116,0.7993429365681072,0.8961334344200151,0.26941033991745494,46
colorado,irradiance_only,primary,evaluation,mi_recency,4,3957,0.07282089233667279,0.14312392776080626,0.49027040687389434,0.7831690674753601,0.8860247662370483,0.43235423375005916,46
colorado,irradiance_only,primary,evaluation,multiple_imputation,1,3957,0.013821532796710858,0.01586530678751002,0.9848369977255497,0.9934293656810715,0.9951983826130907,0.15493633794943065,46
colorado,irradiance_only,primary,evaluation,multiple_imputation,2,3957,0.026488101388082535,0.04927195681172874,0.7210007581501138,0.9668941117007834,0.9903967652261815,0.21476064889938737,46
colorado,irradiance_only,primary,evaluation,multiple_imputation,3,3957,0.04294383558058452,0.08011278655916516,0.607025524387162,0.8046499873641648,0.8850138994187515,0.25562299215517836,46
colorado,irradiance_only,primary,evaluation,multiple_imputation,4,3957,0.08659174647038084,0.14312392776080626,0.35355066969926713,0.5403083143795805,0.66565579984837,0.3008563123846566,46
colorado,irradiance_only,primary,evaluation,persistence,1,3957,0.024208592258718357,0.018157025046216087,0.9883750315895881,0.9949456659085165,0.9969673995451099,0.34300107569352073,46
colorado,irradiance_only,primary,evaluation,persistence,2,3957,0.04148422135717046,0.04732750266837425,0.9878695981804397,0.9946929492039424,0.9962092494313874,0.4565785348846665,46
colorado,irradiance_only,primary,evaluation,persistence,3,3957,0.057546153242865335,0.09262196359958058,0.9883750315895881,0.994187515794794,0.9962092494313874,0.5600202697749943,46
colorado,irradiance_only,primary,evaluation,persistence,4,3957,0.07266685615262038,0.14759143643093015,0.9886277482941622,0.9936820823856457,0.9954510993176648,0.6304833847336311,46
colorado,irradiance_only,primary,evaluation,physical,1,3957,0.016362287763575834,0.02861558035599456,0.5579984836997726,0.8514025777103866,0.9390952741976245,0.17292296463923912,46
colorado,irradiance_only,primary,evaluation,physical,2,3957,0.04225592270230275,0.08885938984063478,0.5612838008592368,0.8423047763457164,0.9438968915845337,0.4461963084135466,46
colorado,irradiance_only,primary,evaluation,physical,3,3957,0.05649286967647011,0.12366735535081465,0.5491533990396765,0.8559514783927218,0.9353045236290118,0.4650089807438785,46
colorado,irradiance_only,primary,evaluation,physical,4,3957,0.06847123160092129,0.1587290770938716,0.5524387161991408,0.8556987616881476,0.9345463735152894,0.48573050817189645,46
colorado,irradiance_only,primary,evaluation,physical_availability,1,3957,0.016354596895103688,0.02861558035599456,0.5579984836997726,0.8531715946424059,0.9403588577204953,0.1730430768835656,46
colorado,irradiance_only,primary,evaluation,physical_availability,2,3957,0.04224260344371426,0.08885938984063478,0.5625473843821076,0.8433156431640132,0.9433914581753854,0.44624499872550455,46
colorado,irradiance_only,primary,evaluation,physical_availability,3,3957,0.056488876230693465,0.12366735535081465,0.5509224159716958,0.8584786454384635,0.935557240333586,0.4652124262426562,46
colorado,irradiance_only,primary,evaluation,physical_availability,4,3957,0.06845853173694681,0.1587290770938716,0.5549658832448825,0.8577204953247409,0.935557240333586,0.4858948164768267,46
colorado,irradiance_only,primary,evaluation,physical_recovery,1,3957,0.016350020536497038,0.02861558035599456,0.5602729340409401,0.8531715946424059,0.939853424311347,0.17304021049780757,46
colorado,irradiance_only,primary,evaluation,physical_recovery,2,3957,0.04224690131246677,0.08885938984063478,0.5620419509729593,0.8433156431640132,0.9449077584028305,0.44627108630594764,46
colorado,irradiance_only,primary,evaluation,physical_recovery,3,3957,0.056507630043438464,0.12366735535081465,0.5486479656305282,0.8582259287338894,0.9353045236290118,0.4652396847583135,46
colorado,irradiance_only,primary,evaluation,physical_recovery,4,3957,0.06847495326858445,0.1587290770938716,0.5554713166540308,0.8572150619155926,0.9345463735152894,0.48572704577683556,46
colorado,irradiance_only,primary,evaluation,previous_day,1,3957,0.022739846995315137,0.008379550650632341,0.979529946929492,0.9845842810209755,0.9881223148850139,0.40136364795046714,46
colorado,irradiance_only,primary,evaluation,previous_day,2,3957,0.023650769312346963,0.008377776109902823,0.979529946929492,0.985342431134698,0.9881223148850139,0.4112742687560692,46
colorado,irradiance_only,primary,evaluation,previous_day,3,3957,0.024211782186840163,0.008377504207135582,0.979529946929492,0.985342431134698,0.9886277482941622,0.42309679774657016,46
colorado,irradiance_only,primary,evaluation,previous_day,4,3957,0.024827208137769004,0.008377461884925996,0.979529946929492,0.985342431134698,0.9888804649987364,0.4343340010782178,46
colorado,irradiance_only,primary,evaluation,raw,1,3957,0.02245881877759519,0.02861558035599456,0.07657316148597422,0.17841799342936568,0.37149355572403336,0.13800545564792663,46
colorado,irradiance_only,primary,evaluation,raw,2,3957,0.05189426192940682,0.08885938984063478,0.04624715693707354,0.12357846853677028,0.354814253222138,0.40291893140310875,46
colorado,irradiance_only,primary,evaluation,raw,3,3957,0.07201511059995588,0.12366735535081465,0.05913570887035633,0.15971695729087693,0.3191811978771797,0.4008104080910192,46
colorado,irradiance_only,primary,evaluation,raw,4,3957,0.0867568141553346,0.1587290770938716,0.05155420773313116,0.12256760171847358,0.2716704574172353,0.4060358608961407,46
colorado,irradiance_only,primary,evaluation,recency,1,3957,0.017126012892355023,0.02861558035599456,0.5046752590346222,0.7952994692949203,0.9014404852160728,0.17297257776254468,46
colorado,irradiance_only,primary,evaluation,recency,2,3957,0.04304713400195527,0.08885938984063478,0.5066969926712156,0.7952994692949203,0.9148344705585039,0.44632149704186513,46
colorado,irradiance_only,primary,evaluation,recency,3,3957,0.05794486913907494,0.12366735535081465,0.4965883244882487,0.7968157695223654,0.904725802375537,0.46504950233709685,46
colorado,irradiance_only,primary,evaluation,recency,4,3957,0.06992320977852635,0.1587290770938716,0.49330300732878446,0.8013646702047005,0.904725802375537,0.4847592817228497,46
colorado,irradiance_only,primary,evaluation,rolling,1,3957,0.017185220378874242,0.02861558035599456,0.5066969926712156,0.7925195855446044,0.8986606014657569,0.17290450549363992,46
colorado,irradiance_only,primary,evaluation,rolling,2,3957,0.04316918371005362,0.08885938984063478,0.4981046247156937,0.7894869850897144,0.9085165529441496,0.44619476765597843,46
colorado,irradiance_only,primary,evaluation,rolling,3,3957,0.058104173670721224,0.12366735535081465,0.4938084407379328,0.7915087187263078,0.8938589840788476,0.46502799112022436,46
colorado,irradiance_only,primary,evaluation,rolling,4,3957,0.07006593167955037,0.1587290770938716,0.49330300732878446,0.7922668688400303,0.8981551680566086,0.4849068670623811,46
colorado,irradiance_only,primary,evaluation,single_imputation,1,3957,0.01373070359328462,0.015566869490911368,0.9850897144301238,0.9936820823856457,0.9951983826130907,0.15435824190680317,46
colorado,irradiance_only,primary,evaluation,single_imputation,2,3957,0.026239202495547162,0.048569189180363896,0.7247915087187263,0.9679049785190801,0.9909021986353298,0.21374158967372414,46
colorado,irradiance_only,primary,evaluation,single_imputation,3,3957,0.04264845652163062,0.07934980220742702,0.6135961587060905,0.8041445539550164,0.8855193328279,0.2546065980320004,46
colorado,irradiance_only,primary,evaluation,single_imputation,4,3957,0.08604170803297188,0.14209158499362914,0.3565832701541572,0.5408137477887288,0.6651503664392217,0.299501174514293,46
colorado,irradiance_only,primary,warmup,aci_bounded,1,290,0.00908118850654327,0.010304111715666243,0.3689655172413793,0.6517241379310345,0.8448275862068966,0.13353964395487583,4
colorado,irradiance_only,primary,warmup,aci_bounded,2,290,0.027277894949665038,0.02946164598027143,0.3310344827586207,0.6206896551724138,0.8172413793103448,0.4703008365298365,4
colorado,irradiance_only,primary,warmup,aci_bounded,3,290,0.032009627462233764,0.03899786336662263,0.3413793103448276,0.6413793103448275,0.8,0.4702211345578852,4
colorado,irradiance_only,primary,warmup,aci_bounded,4,290,0.03505672771379655,0.04181213620146936,0.3482758620689655,0.6620689655172414,0.8172413793103448,0.4650531776789288,4
colorado,irradiance_only,primary,warmup,carry_forward,1,290,0.02684103773703752,0.025163582793746236,0.15172413793103448,0.3103448275862069,0.5862068965517241,0.4270833045822001,4
colorado,irradiance_only,primary,warmup,carry_forward,2,290,0.03329348239829041,0.026019739948509923,0.1482758620689655,0.33448275862068966,0.5655172413793104,0.5084353070788149,4
colorado,irradiance_only,primary,warmup,carry_forward,3,290,0.05005314120024289,0.06447875085943623,0.05517241379310345,0.15172413793103448,0.36551724137931035,0.49444849712947075,4
colorado,irradiance_only,primary,warmup,carry_forward,4,290,0.0578365264286564,0.07862771225961598,0.03103448275862069,0.12413793103448276,0.3793103448275862,0.501054375946439,4
colorado,irradiance_only,primary,warmup,geometric_persistence,1,290,0.012151434145922716,0.002770317325708104,1.0,1.0,1.0,0.24243651254051776,4
colorado,irradiance_only,primary,warmup,geometric_persistence,2,290,0.0248124231308459,0.010166996092096151,1.0,1.0,1.0,0.3740967952153785,4
colorado,irradiance_only,primary,warmup,geometric_persistence,3,290,0.035572996042940945,0.026229445938692718,1.0,1.0,1.0,0.4896789989570457,4
colorado,irradiance_only,primary,warmup,geometric_persistence,4,290,0.04111097138240512,0.036300690144961595,1.0,1.0,1.0,0.5431580080981353,4
colorado,irradiance_only,primary,warmup,mask50,1,290,0.009070844715059876,0.010304111715666243,0.38620689655172413,0.6655172413793103,0.8551724137931035,0.1339891476821899,4
colorado,irradiance_only,primary,warmup,mask50,2,290,0.027091876105557057,0.02946164598027143,0.3482758620689655,0.6551724137931034,0.8344827586206897,0.47123360857663543,4
colorado,irradiance_only,primary,warmup,mask50,3,290,0.03187022401434402,0.03899786336662263,0.3758620689655172,0.6689655172413793,0.8103448275862069,0.4710874099677373,4
colorado,irradiance_only,primary,warmup,mask50,4,290,0.03496676919107915,0.04181213620146936,0.35517241379310344,0.6724137931034483,0.8241379310344827,0.46627990458026874,4
colorado,irradiance_only,primary,warmup,mi_recency,1,290,0.00986758789082653,0.0057494558354704,0.8517241379310345,0.9482758620689655,0.9758620689655172,0.13695691728407083,4
colorado,irradiance_only,primary,warmup,mi_recency,2,290,0.01941571116956405,0.032709694070606664,0.6517241379310345,0.9379310344827586,0.9758620689655172,0.19200467573041735,4
colorado,irradiance_only,primary,warmup,mi_recency,3,290,0.024797548131042853,0.04063906032228667,0.6482758620689655,0.906896551724138,0.9379310344827586,0.21190307468951136,4
colorado,irradiance_only,primary,warmup,mi_recency,4,290,0.034890178995528515,0.05633356054403901,0.603448275862069,0.8551724137931035,0.9137931034482759,0.23164735577265125,4
colorado,irradiance_only,primary,warmup,multiple_imputation,1,290,0.010377671911958094,0.0057494558354704,1.0,1.0,1.0,0.14132729524418752,4
colorado,irradiance_only,primary,warmup,multiple_imputation,2,290,0.019826844208169523,0.032709694070606664,0.8275862068965517,0.996551724137931,1.0,0.19693886217072118,4
colorado,irradiance_only,primary,warmup,multiple_imputation,3,290,0.025168382425379582,0.04063906032228667,0.8344827586206897,0.9620689655172414,0.9620689655172414,0.21683466910745525,4
colorado,irradiance_only,primary,warmup,multiple_imputation,4,290,0.035108383231744665,0.05633356054403901,0.7172413793103448,0.9,0.9275862068965517,0.23598717879180903,4
colorado,irradiance_only,primary,warmup,persistence,1,290,0.019253932841053988,0.004650862139517241,1.0,1.0,1.0,0.27464491823051995,4
colorado,irradiance_only,primary,warmup,persistence,2,290,0.03164068119516137,0.01607479405890804,1.0,1.0,1.0,0.4102410526333936,4
colorado,irradiance_only,primary,warmup,persistence,3,290,0.03924838673644848,0.033604460255804595,1.0,1.0,1.0,0.513735110514727,4
colorado,irradiance_only,primary,warmup,persistence,4,290,0.04403542574245017,0.03885273340350575,1.0,1.0,1.0,0.56709513685263,4
colorado,irradiance_only,primary,warmup,physical,1,290,0.008876334734273897,0.010304111715666243,0.38620689655172413,0.7103448275862069,0.896551724137931,0.13441033736271513,4
colorado,irradiance_only,primary,warmup,physical,2,290,0.026830565798306272,0.02946164598027143,0.3448275862068966,0.6862068965517242,0.8620689655172413,0.47130600414656265,4
colorado,irradiance_only,primary,warmup,physical,3,290,0.031623863068677684,0.03899786336662263,0.3586206896551724,0.6793103448275862,0.8241379310344827,0.471276010084481,4
colorado,irradiance_only,primary,warmup,physical,4,290,0.034517960059320396,0.04181213620146936,0.3758620689655172,0.7034482758620689,0.8551724137931035,0.46709111246547486,4
colorado,irradiance_only,primary,warmup,physical_availability,1,290,0.008868547530829728,0.010304111715666243,0.3931034482758621,0.7275862068965517,0.903448275862069,0.13453577849111492,4
colorado,irradiance_only,primary,warmup,physical_availability,2,290,0.02680126821111897,0.02946164598027143,0.3448275862068966,0.6931034482758621,0.8689655172413793,0.4714083172073246,4
colorado,irradiance_only,primary,warmup,physical_availability,3,290,0.031597130792268835,0.03899786336662263,0.3689655172413793,0.6896551724137931,0.8275862068965517,0.4714104444047559,4
colorado,irradiance_only,primary,warmup,physical_availability,4,290,0.03447097374845561,0.04181213620146936,0.3758620689655172,0.7034482758620689,0.8620689655172413,0.46738779844955725,4
colorado,irradiance_only,primary,warmup,physical_recovery,1,290,0.00883096601062705,0.010304111715666243,0.4103448275862069,0.7379310344827587,0.9,0.13477896488395208,4
colorado,irradiance_only,primary,warmup,physical_recovery,2,290,0.02677919343943228,0.02946164598027143,0.35172413793103446,0.7,0.8655172413793103,0.47151252641531965,4
colorado,irradiance_only,primary,warmup,physical_recovery,3,290,0.031568080801461215,0.03899786336662263,0.38275862068965516,0.7034482758620689,0.8482758620689655,0.4716485779517281,4
colorado,irradiance_only,primary,warmup,physical_recovery,4,290,0.0343122696968931,0.04181213620146936,0.4,0.7413793103448276,0.8689655172413793,0.46794449029711044,4
colorado,irradiance_only,primary,warmup,previous_day,1,290,0.012398350975467981,5.6050188850574624e-05,1.0,1.0,1.0,0.3041640823104368,4
colorado,irradiance_only,primary,warmup,previous_day,2,290,0.013234613086697123,5.2794387442513676e-05,1.0,1.0,1.0,0.3173284959483678,4
colorado,irradiance_only,primary,warmup,previous_day,3,290,0.013555613772899914,5.216289034482761e-05,1.0,1.0,1.0,0.33247287303285017,4
colorado,irradiance_only,primary,warmup,previous_day,4,290,0.013647017162727506,5.2059014999999876e-05,1.0,1.0,1.0,0.3359383317690575,4
colorado,irradiance_only,primary,warmup,raw,1,290,0.009699484064818758,0.010304111715666243,0.16896551724137931,0.3896551724137931,0.7241379310344828,0.12971704341775267,4
colorado,irradiance_only,primary,warmup,raw,2,290,0.02845019297847251,0.02946164598027143,0.17586206896551723,0.3793103448275862,0.6551724137931034,0.4625949195433396,4
colorado,irradiance_only,primary,warmup,raw,3,290,0.03289099621407312,0.03899786336662263,0.23448275862068965,0.4827586206896552,0.7034482758620689,0.464135141328005,4
colorado,irradiance_only,primary,warmup,raw,4,290,0.0369825554383519,0.04181213620146936,0.15517241379310345,0.3931034482758621,0.6275862068965518,0.45150332937211957,4
colorado,irradiance_only,primary,warmup,recency,1,290,0.009077245335583023,0.010304111715666243,0.3758620689655172,0.6517241379310345,0.8482758620689655,0.13372544749159435,4
colorado,irradiance_only,primary,warmup,recency,2,290,0.0271437684496871,0.02946164598027143,0.3413793103448276,0.6413793103448275,0.8275862068965517,0.4709395055218175,4
colorado,irradiance_only,primary,warmup,recency,3,290,0.031917309448468496,0.03899786336662263,0.3586206896551724,0.6551724137931034,0.8068965517241379,0.4707249109460357,4
colorado,irradiance_only,primary,warmup,recency,4,290,0.035027198502166665,0.04181213620146936,0.35517241379310344,0.6620689655172414,0.8206896551724138,0.4655212252318244,4
colorado,irradiance_only,primary,warmup,rolling,1,290,0.009143448848516209,0.010304111715666243,0.3482758620689655,0.6344827586206897,0.8379310344827586,0.13316179887713328,4
colorado,irradiance_only,primary,warmup,rolling,2,290,0.027425387372961622,0.02946164598027143,0.3103448275862069,0.603448275862069,0.8,0.4691362851149962,4
colorado,irradiance_only,primary,warmup,rolling,3,290,0.03211788659534096,0.03899786336662263,0.3275862068965517,0.6172413793103448,0.7965517241379311,0.46920370302088793,4
colorado,irradiance_only,primary,warmup,rolling,4,290,0.03532893722510081,0.04181213620146936,0.33793103448275863,0.6310344827586207,0.8,0.4632372494955823,4
colorado,irradiance_only,primary,warmup,single_imputation,1,290,0.010264020498025722,0.005629214861241952,1.0,1.0,1.0,0.14046722304683576,4
colorado,irradiance_only,primary,warmup,single_imputation,2,290,0.019615691759051927,0.03228500394253427,0.8344827586206897,0.996551724137931,1.0,0.195722832802554,4
colorado,irradiance_only,primary,warmup,single_imputation,3,290,0.024788202682621607,0.039714018252273206,0.8551724137931035,0.9620689655172414,0.9620689655172414,0.21510797218816324,4
colorado,irradiance_only,primary,warmup,single_imputation,4,290,0.03474942631947173,0.055419347131773516,0.7241379310344828,0.896551724137931,0.9275862068965517,0.2343816307088874,4
colorado,joint_immediate,primary,evaluation,aci_bounded,1,3957,0.020339050413849594,0.031387192560494374,0.520596411422795,0.8157695223654283,0.9120545868081881,0.1996650925557672,46
colorado,joint_immediate,primary,evaluation,aci_bounded,2,3957,0.04624788717628324,0.09922712904096145,0.5221127116502401,0.8198129896386152,0.9178670710133939,0.44994710066345006,46
colorado,joint_immediate,primary,evaluation,aci_bounded,3,3957,0.05975062072821694,0.1287880774494683,0.5251453121051302,0.8238564569118019,0.9171089208996714,0.46911628700382557,46
colorado,joint_immediate,primary,evaluation,aci_bounded,4,3957,0.07075096702589126,0.16245870041912475,0.5251453121051302,0.8208238564569118,0.9118018701036138,0.4868154411670682,46
colorado,joint_immediate,primary,evaluation,carry_forward,1,3957,0.04537259980946244,0.055200984498383884,0.060399292393227194,0.15870609047258025,0.36416477129138236,0.3911768637369113,46
colorado,joint_immediate,primary,evaluation,carry_forward,2,3957,0.06623572930243639,0.0930664085034088,0.032600454890068235,0.09577963103361133,0.244882486732373,0.4343559449707912,46
colorado,joint_immediate,primary,evaluation,carry_forward,3,3957,0.10888140115571213,0.17773743161296024,0.034622188526661615,0.07758402830427091,0.21733636593378822,0.425927676026235,46
colorado,joint_immediate,primary,evaluation,carry_forward,4,3957,0.1231486624560516,0.22254025934299532,0.020722769775082132,0.060652009097801364,0.1844831943391458,0.43265394185007267,46
colorado,joint_immediate,primary,evaluation,geometric_persistence,1,3957,0.01545419402234911,0.005076894225802893,0.9878695981804397,0.9939347990902199,0.9967146828405358,0.307321247073982,46
colorado,joint_immediate,primary,evaluation,geometric_persistence,2,3957,0.028347389402510196,0.014986698850536117,0.9861005812484205,0.9944402324993682,0.9957038160222391,0.406329620451452,46
colorado,joint_immediate,primary,evaluation,geometric_persistence,3,3957,0.04181132975339194,0.037437035470822326,0.9868587313621431,0.9934293656810715,0.9959565327268133,0.5112912930757116,46
colorado,joint_immediate,primary,evaluation,geometric_persistence,4,3957,0.057009119456241125,0.07504003592307487,0.9876168814758656,0.9934293656810715,0.9951983826130907,0.5964911010547125,46
colorado,joint_immediate,primary,evaluation,mask50,1,3957,0.02041583113618723,0.031387192560494374,0.4920394238059136,0.7897397017942887,0.8999241849886277,0.1988091262809683,46
colorado,joint_immediate,primary,evaluation,mask50,2,3957,0.046269661641896685,0.09922712904096145,0.5026535253980288,0.7952994692949203,0.9150871872630781,0.45009669887861176,46
colorado,joint_immediate,primary,evaluation,mask50,3,3957,0.05983840832096804,0.1287880774494683,0.5041698256254739,0.7978266363406621,0.9067475360121304,0.46726902411432064,46
colorado,joint_immediate,primary,evaluation,mask50,4,3957,0.07080979145994168,0.16245870041912475,0.5001263583522871,0.8076825878190549,0.9082638362395754,0.48605475896226114,46
colorado,joint_immediate,primary,evaluation,mi_recency,1,3957,0.02286286814272107,0.03172817853794225,0.5840283042709123,0.8382613090725297,0.9178670710133939,0.1687583239525711,46
colorado,joint_immediate,primary,evaluation,mi_recency,2,3957,0.034146484402766665,0.06096247584190023,0.5344958301743745,0.8258781905483953,0.913570887035633,0.2210130934316585,46
colorado,joint_immediate,primary,evaluation,mi_recency,3,3957,0.048614476154208504,0.08915811134157091,0.5135203436947182,0.7925195855446044,0.8898155168056608,0.2860216268589194,46
colorado,joint_immediate,primary,evaluation,mi_recency,4,3957,0.07495737187830613,0.14736971156656406,0.4862269396007076,0.7819054839524893,0.8865301996461966,0.4413014846274572,46
colorado,joint_immediate,primary,evaluation,multiple_imputation,1,3957,0.023419605473781618,0.03172817853794225,0.9350518069244377,0.9588071771544099,0.9684104119282284,0.17443199012681954,46
colorado,joint_immediate,primary,evaluation,multiple_imputation,2,3957,0.034510741371204814,0.06096247584190023,0.6863785696234521,0.9289866060146575,0.9570381602223907,0.22528567103848451,46
colorado,joint_immediate,primary,evaluation,multiple_imputation,3,3957,0.0496400108368734,0.08915811134157091,0.5852918877937832,0.7730603992923932,0.8602476623704827,0.26183817181506086,46
colorado,joint_immediate,primary,evaluation,multiple_imputation,4,3957,0.09018452094659286,0.14736971156656406,0.34950720242608035,0.5276724791508719,0.6489764973464746,0.30258684555389087,46
colorado,joint_immediate,primary,evaluation,persistence,1,3957,0.02422240727920967,0.01813628528528996,0.9886277482941622,0.9949456659085165,0.9967146828405358,0.3428033661225006,46
colorado,joint_immediate,primary,evaluation,persistence,2,3957,0.04145918117874571,0.04724956911592257,0.9878695981804397,0.9949456659085165,0.9959565327268133,0.45639070582755,46
colorado,joint_immediate,primary,evaluation,persistence,3,3957,0.05754204606804268,0.09261363988576085,0.9881223148850139,0.994187515794794,0.9962092494313874,0.5599659777357197,46
colorado,joint_immediate,primary,evaluation,persistence,4,3957,0.07266838759024942,0.14761236511976258,0.9883750315895881,0.9936820823856457,0.9954510993176648,0.6304613842258027,46
colorado,joint_immediate,primary,evaluation,physical,1,3957,0.019654958333527477,0.031387192560494374,0.548395248925954,0.8420520596411423,0.9345463735152894,0.19869286258250027,46
colorado,joint_immediate,primary,evaluation,physical,2,3957,0.04551205347430707,0.09922712904096145,0.5514278493808441,0.8380085923679556,0.9403588577204953,0.44979556856249037,46
colorado,joint_immediate,primary,evaluation,physical,3,3957,0.05843126830612328,0.1287880774494683,0.5509224159716958,0.8551933282789992,0.934040940106141,0.4669037853719702,46
colorado,joint_immediate,primary,evaluation,physical,4,3957,0.06937980134191042,0.16245870041912475,0.5511751326762699,0.8539297447561284,0.9337882234015669,0.4866511686002757,46
colorado,joint_immediate,primary,evaluation,physical_availability,1,3957,0.01963329340545109,0.031387192560494374,0.5435936315390447,0.8407884761182715,0.9345463735152894,0.1987083643430556,46
colorado,joint_immediate,primary,evaluation,physical_availability,2,3957,0.04551003869972653,0.09922712904096145,0.5526914329037149,0.8375031589588072,0.9411170078342178,0.4497282382063435,46
colorado,joint_immediate,primary,evaluation,physical_availability,3,3957,0.05842307472237671,0.1287880774494683,0.5526914329037149,0.8554460449835735,0.9342936568107152,0.46698530244463676,46
colorado,joint_immediate,primary,evaluation,physical_availability,4,3957,0.06937973438314675,0.16245870041912475,0.5529441496082891,0.8554460449835735,0.9345463735152894,0.48674440875189284,46
colorado,joint_immediate,primary,evaluation,physical_recovery,1,3957,0.0196308874297162,0.031387192560494374,0.5478898155168057,0.8400303260045489,0.9347990902198635,0.1987655631936843,46
colorado,joint_immediate,primary,evaluation,physical_recovery,2,3957,0.04551465818235221,0.09922712904096145,0.5539550164265858,0.8377558756633814,0.9423805913570887,0.4498386521312806,46
colorado,joint_immediate,primary,evaluation,physical_recovery,3,3957,0.05844342905086662,0.1287880774494683,0.5516805660854183,0.8556987616881476,0.9350518069244377,0.46711868240585014,46
colorado,joint_immediate,primary,evaluation,physical_recovery,4,3957,0.06939912671492567,0.16245870041912475,0.5554713166540308,0.8556987616881476,0.934040940106141,0.4866956563431172,46
colorado,joint_immediate,primary,evaluation,previous_day,1,3957,0.022739846995315137,0.008379550650632341,0.979529946929492,0.9845842810209755,0.9881223148850139,0.40136364795046714,46
colorado,joint_immediate,primary,evaluation,previous_day,2,3957,0.023650769312346963,0.008377776109902823,0.979529946929492,0.985342431134698,0.9881223148850139,0.4112742687560692,46
colorado,joint_immediate,primary,evaluation,previous_day,3,3957,0.024211782186840163,0.008377504207135582,0.979529946929492,0.985342431134698,0.9886277482941622,0.42309679774657016,46
colorado,joint_immediate,primary,evaluation,previous_day,4,3957,0.024827208137769004,0.008377461884925996,0.979529946929492,0.985342431134698,0.9888804649987364,0.4343340010782178,46
colorado,joint_immediate,primary,evaluation,raw,1,3957,0.026001300801692866,0.031387192560494374,0.07202426080363912,0.17386909274703058,0.36542835481425323,0.1631031081256776,46
colorado,joint_immediate,primary,evaluation,raw,2,3957,0.05537415160664707,0.09922712904096145,0.04447814000505433,0.12105130149102855,0.34773818549406116,0.4058315219901563,46
colorado,joint_immediate,primary,evaluation,raw,3,3957,0.07420085805643753,0.1287880774494683,0.05913570887035633,0.1571897902451352,0.3141268637856962,0.40200314633284706,46
colorado,joint_immediate,primary,evaluation,raw,4,3957,0.08784591238941837,0.16245870041912475,0.04927975739196361,0.12004043467273187,0.2693960070760677,0.4064742839076806,46
colorado,joint_immediate,primary,evaluation,recency,1,3957,0.020388831218945577,0.031387192560494374,0.5021480919888804,0.7968157695223654,0.9014404852160728,0.198849159585248,46
colorado,joint_immediate,primary,evaluation,recency,2,3957,0.046272725856379246,0.09922712904096145,0.5039171089208997,0.794794035885772,0.913570887035633,0.4500288490436692,46
colorado,joint_immediate,primary,evaluation,recency,3,3957,0.05986325949025292,0.1287880774494683,0.497093757897397,0.7983320697498104,0.9039676522618145,0.46707539299974654,46
colorado,joint_immediate,primary,evaluation,recency,4,3957,0.07083743661188988,0.16245870041912475,0.49229214051048775,0.800606520090978,0.9054839524892595,0.48573161535070997,46
colorado,joint_immediate,primary,evaluation,rolling,1,3957,0.020450482941700026,0.031387192560494374,0.5024008086934546,0.7910032853171595,0.8973970179428861,0.19879135731946956,46
colorado,joint_immediate,primary,evaluation,rolling,2,3957,0.04639812526112258,0.09922712904096145,0.49962092494313876,0.7915087187263078,0.9097801364670205,0.44993944714948664,46
colorado,joint_immediate,primary,evaluation,rolling,3,3957,0.060015673042701376,0.1287880774494683,0.4938084407379328,0.7940358857720495,0.8931008339651251,0.46706612394785496,46
colorado,joint_immediate,primary,evaluation,rolling,4,3957,0.0709801235847346,0.16245870041912475,0.4927975739196361,0.7937831690674754,0.8976497346474602,0.48586882759628724,46
colorado,joint_immediate,primary,evaluation,single_imputation,1,3957,0.027004625684950254,0.032369812870359,0.9320192064695476,0.9474349254485721,0.9514783927217589,0.16076912340493324,46
colorado,joint_immediate,primary,evaluation,single_imputation,2,3957,0.03550263551294095,0.06079817786447153,0.6835986858731362,0.9226686884003032,0.948698508971443,0.21975898917969516,46
colorado,joint_immediate,primary,evaluation,single_imputation,3,3957,0.0508682858467723,0.0899066027832929,0.5835228708617639,0.7682587819054839,0.849128127369219,0.25921673898038805,46
colorado,joint_immediate,primary,evaluation,single_imputation,4,3957,0.09089210411702445,0.14780262087103738,0.34900176901693203,0.5251453121051302,0.643669446550417,0.3013581461184071,46
colorado,joint_immediate,primary,warmup,aci_bounded,1,290,0.013663646440996725,0.011569761034081848,0.3793103448275862,0.6724137931034483,0.8551724137931035,0.17768613485117465,4
colorado,joint_immediate,primary,warmup,aci_bounded,2,290,0.03225220515058663,0.04163452505240461,0.3137931034482759,0.603448275862069,0.8103448275862069,0.4766592084867572,4
colorado,joint_immediate,primary,warmup,aci_bounded,3,290,0.03458404196806367,0.041844596636293446,0.3482758620689655,0.6310344827586207,0.7965517241379311,0.4728549752941169,4
colorado,joint_immediate,primary,warmup,aci_bounded,4,290,0.03620567581413036,0.043562403440827485,0.33793103448275863,0.6620689655172414,0.8206896551724138,0.4657512587138882,4
colorado,joint_immediate,primary,warmup,carry_forward,1,290,0.02681742870707725,0.025094626155550942,0.15517241379310345,0.30689655172413793,0.5862068965517241,0.4272177500198989,4
colorado,joint_immediate,primary,warmup,carry_forward,2,290,0.033223201670451064,0.025902819669102514,0.16206896551724137,0.33793103448275863,0.5620689655172414,0.5084510969736551,4
colorado,joint_immediate,primary,warmup,carry_forward,3,290,0.04998944839040827,0.06436488913906584,0.05517241379310345,0.14482758620689656,0.3689655172413793,0.4945203357509391,4
colorado,joint_immediate,primary,warmup,carry_forward,4,290,0.05774301325645896,0.07840883163191383,0.03103448275862069,0.11724137931034483,0.3793103448275862,0.5010513512420288,4
colorado,joint_immediate,primary,warmup,geometric_persistence,1,290,0.012238513695436192,0.003109709137844272,1.0,1.0,1.0,0.24277421883359046,4
colorado,joint_immediate,primary,warmup,geometric_persistence,2,290,0.024886516607797515,0.010453161680866881,1.0,1.0,1.0,0.37438740615274174,4
colorado,joint_immediate,primary,warmup,geometric_persistence,3,290,0.03563536505565323,0.02646845208610895,1.0,1.0,1.0,0.4899259701340079,4
colorado,joint_immediate,primary,warmup,geometric_persistence,4,290,0.041160704542553044,0.036490106159744566,1.0,1.0,1.0,0.543356403230951,4
colorado,joint_immediate,primary,warmup,mask50,1,290,0.013678786045965056,0.011569761034081848,0.36551724137931035,0.6655172413793103,0.8586206896551725,0.17791792146779123,4
colorado,joint_immediate,primary,warmup,mask50,2,290,0.032116854163701046,0.04163452505240461,0.3103448275862069,0.6344827586206897,0.8275862068965517,0.47751953346396026,4
colorado,joint_immediate,primary,warmup,mask50,3,290,0.034489989735328345,0.041844596636293446,0.3586206896551724,0.6448275862068965,0.8068965517241379,0.4735402948156054,4
colorado,joint_immediate,primary,warmup,mask50,4,290,0.03613640857386272,0.043562403440827485,0.35172413793103446,0.6758620689655173,0.8310344827586207,0.4669544198808889,4
colorado,joint_immediate,primary,warmup,mi_recency,1,290,0.019121531054623754,0.024537644172912987,0.8103448275862069,0.9310344827586207,0.9620689655172414,0.1696709692883635,4
colorado,joint_immediate,primary,warmup,mi_recency,2,290,0.02815459672968497,0.04888142581795002,0.6275862068965518,0.9103448275862069,0.9551724137931035,0.21570953521381303,4
colorado,joint_immediate,primary,warmup,mi_recency,3,290,0.02933318778386289,0.04962315486685946,0.6206896551724138,0.8862068965517241,0.9310344827586207,0.22396583113475454,4
colorado,joint_immediate,primary,warmup,mi_recency,4,290,0.037170565449890426,0.06124985192295251,0.6,0.8448275862068966,0.906896551724138,0.23794828607123636,4
colorado,joint_immediate,primary,warmup,multiple_imputation,1,290,0.019547484386443978,0.024537644172912987,0.9344827586206896,0.9655172413793104,0.9827586206896551,0.17417701735214244,4
colorado,joint_immediate,primary,warmup,multiple_imputation,2,290,0.028483232842480263,0.04888142581795002,0.7724137931034483,0.9586206896551724,0.9793103448275862,0.22074410466949945,4
colorado,joint_immediate,primary,warmup,multiple_imputation,3,290,0.02964855596261698,0.04962315486685946,0.803448275862069,0.9344827586206896,0.9482758620689655,0.22893153223660892,4
colorado,joint_immediate,primary,warmup,multiple_imputation,4,290,0.037357607163101755,0.06124985192295251,0.6862068965517242,0.8862068965517241,0.9206896551724137,0.24215030314571473,4
colorado,joint_immediate,primary,warmup,persistence,1,290,0.019252056721677964,0.004643864391931034,1.0,1.0,1.0,0.2746372493704625,4
colorado,joint_immediate,primary,warmup,persistence,2,290,0.031639102649709816,0.01606940814281609,1.0,1.0,1.0,0.4102339727558074,4
colorado,joint_immediate,primary,warmup,persistence,3,290,0.039247261807914824,0.03360101779114943,1.0,1.0,1.0,0.5137295704708764,4
colorado,joint_immediate,primary,warmup,persistence,4,290,0.04403478434523998,0.0388515332,1.0,1.0,1.0,0.567091024881423,4
colorado,joint_immediate,primary,warmup,physical,1,290,0.013481691745949636,0.011569761034081848,0.3724137931034483,0.7068965517241379,0.9,0.1783904780260274,4
colorado,joint_immediate,primary,warmup,physical,2,290,0.031836810971922806,0.04163452505240461,0.32413793103448274,0.6724137931034483,0.8551724137931035,0.47768408407620905,4
colorado,joint_immediate,primary,warmup,physical,3,290,0.034212944703827075,0.041844596636293446,0.35172413793103446,0.6620689655172414,0.8172413793103448,0.47377662689414224,4
colorado,joint_immediate,primary,warmup,physical,4,290,0.035681724658473725,0.043562403440827485,0.3758620689655172,0.7,0.8551724137931035,0.46782396909791846,4
colorado,joint_immediate,primary,warmup,physical_availability,1,290,0.013493903744023357,0.011569761034081848,0.3689655172413793,0.7103448275862069,0.9,0.17840655272047268,4
colorado,joint_immediate,primary,warmup,physical_availability,2,290,0.03184433036640437,0.04163452505240461,0.32068965517241377,0.6689655172413793,0.8586206896551725,0.4777147613599177,4
colorado,joint_immediate,primary,warmup,physical_availability,3,290,0.034221286535396266,0.041844596636293446,0.35172413793103446,0.6689655172413793,0.8206896551724138,0.47374124818394253,4
colorado,joint_immediate,primary,warmup,physical_availability,4,290,0.0356341470557768,0.043562403440827485,0.3724137931034483,0.7,0.8586206896551725,0.46806062879098653,4
colorado,joint_immediate,primary,warmup,physical_recovery,1,290,0.01345894982032333,0.011569761034081848,0.3931034482758621,0.7275862068965517,0.896551724137931,0.17867000569312474,4
colorado,joint_immediate,primary,warmup,physical_recovery,2,290,0.03181942551407784,0.04163452505240461,0.3275862068965517,0.6758620689655173,0.8586206896551725,0.4778362661774339,4
colorado,joint_immediate,primary,warmup,physical_recovery,3,290,0.034186556414304105,0.041844596636293446,0.3724137931034483,0.6896551724137931,0.8413793103448276,0.4740123059685899,4
colorado,joint_immediate,primary,warmup,physical_recovery,4,290,0.0354812341286718,0.043562403440827485,0.39655172413793105,0.7379310344827587,0.8655172413793103,0.468632741789523,4
colorado,joint_immediate,primary,warmup,previous_day,1,290,0.012398350975467981,5.6050188850574624e-05,1.0,1.0,1.0,0.3041640823104368,4
colorado,joint_immediate,primary,warmup,previous_day,2,290,0.013234613086697123,5.2794387442513676e-05,1.0,1.0,1.0,0.3173284959483678,4
colorado,joint_immediate,primary,warmup,previous_day,3,290,0.013555613772899914,5.216289034482761e-05,1.0,1.0,1.0,0.33247287303285017,4
colorado,joint_immediate,primary,warmup,previous_day,4,290,0.013647017162727506,5.2059014999999876e-05,1.0,1.0,1.0,0.3359383317690575,4
colorado,joint_immediate,primary,warmup,raw,1,290,0.014359318439447256,0.011569761034081848,0.1482758620689655,0.3793103448275862,0.7103448275862069,0.17342367479414847,4
colorado,joint_immediate,primary,warmup,raw,2,290,0.03356264206562721,0.04163452505240461,0.1482758620689655,0.35172413793103446,0.6482758620689655,0.46875082980789345,4
colorado,joint_immediate,primary,warmup,raw,3,290,0.035570417943240944,0.041844596636293446,0.2,0.4517241379310345,0.6931034482758621,0.46634181726495366,4
colorado,joint_immediate,primary,warmup,raw,4,290,0.03817160963118988,0.043562403440827485,0.15862068965517243,0.38275862068965516,0.6310344827586207,0.4521613581984023,4
colorado,joint_immediate,primary,warmup,recency,1,290,0.013657235440091021,0.011569761034081848,0.3758620689655172,0.6620689655172414,0.8620689655172413,0.17791581124204853,4
colorado,joint_immediate,primary,warmup,recency,2,290,0.0321288513622439,0.04163452505240461,0.32068965517241377,0.6206896551724138,0.8241379310344827,0.4772672045316321,4
colorado,joint_immediate,primary,warmup,recency,3,290,0.03449476590899719,0.041844596636293446,0.35517241379310344,0.6413793103448275,0.8068965517241379,0.47341637767456723,4
colorado,joint_immediate,primary,warmup,recency,4,290,0.03618825683087916,0.043562403440827485,0.3482758620689655,0.6655172413793103,0.8310344827586207,0.4662638091343087,4
colorado,joint_immediate,primary,warmup,rolling,1,290,0.013724262601069931,0.011569761034081848,0.3620689655172414,0.6413793103448275,0.8379310344827586,0.17726675652025922,4
colorado,joint_immediate,primary,warmup,rolling,2,290,0.03242661985141303,0.04163452505240461,0.3,0.5793103448275863,0.7896551724137931,0.475555767713605,4
colorado,joint_immediate,primary,warmup,rolling,3,290,0.03470568842833358,0.041844596636293446,0.33448275862068966,0.6068965517241379,0.7931034482758621,0.47178769278494087,4
colorado,joint_immediate,primary,warmup,rolling,4,290,0.036469065194312825,0.043562403440827485,0.3310344827586207,0.6241379310344828,0.7965517241379311,0.4639790208745778,4
colorado,joint_immediate,primary,warmup,single_imputation,1,290,0.02288670003057736,0.02244781580020244,0.9413793103448276,0.9448275862068966,0.9517241379310345,0.14947879794438315,4
colorado,joint_immediate,primary,warmup,single_imputation,2,290,0.031153701332118734,0.04864245991193445,0.7758620689655172,0.9344827586206896,0.9413793103448276,0.20680540827164834,4
colorado,joint_immediate,primary,warmup,single_imputation,3,290,0.031611011108050494,0.05096484641871556,0.7931034482758621,0.9241379310344827,0.9310344827586207,0.2239087788715665,4
colorado,joint_immediate,primary,warmup,single_imputation,4,290,0.038353749531688075,0.06230240624183295,0.6862068965517242,0.8758620689655172,0.906896551724138,0.24081115005613,4
colorado,joint_gradual,primary,evaluation,aci_bounded,1,3957,0.02035496231145804,0.031395215679132095,0.5208491281273692,0.8157695223654283,0.9120545868081881,0.1999366199326023,46
colorado,joint_gradual,primary,evaluation,aci_bounded,2,3957,0.04623460582972749,0.09910301257060367,0.5223654283548143,0.8198129896386152,0.9178670710133939,0.4500754611547258,46
colorado,joint_gradual,primary,evaluation,aci_bounded,3,3957,0.05965212779793198,0.12840166954913376,0.5253980288097043,0.8238564569118019,0.9168562041950973,0.4695403289607416,46
colorado,joint_gradual,primary,evaluation,aci_bounded,4,3957,0.07068540891893127,0.16222906975999882,0.5253980288097043,0.8208238564569118,0.9118018701036138,0.48700616383139894,46
colorado,joint_gradual,primary,evaluation,carry_forward,1,3957,0.04543862047511752,0.05528875596552335,0.060399292393227194,0.15845337376800606,0.3626484710639373,0.39121286754541984,46
colorado,joint_gradual,primary,evaluation,carry_forward,2,3957,0.06628597260875803,0.09318578423065979,0.032600454890068235,0.09603234773818549,0.24665150366439223,0.4343534231030775,46
colorado,joint_gradual,primary,evaluation,carry_forward,3,3957,0.10883315375594761,0.17766285062522982,0.034622188526661615,0.07707859489512257,0.21784179934293657,0.4260071446103349,46
colorado,joint_gradual,primary,evaluation,carry_forward,4,3957,0.12306477187917994,0.22247165998425653,0.020722769775082132,0.060652009097801364,0.18574677786201668,0.4327671957827787,46
colorado,joint_gradual,primary,evaluation,geometric_persistence,1,3957,0.01545419402234911,0.005076894225802893,0.9878695981804397,0.9939347990902199,0.9967146828405358,0.307321247073982,46
colorado,joint_gradual,primary,evaluation,geometric_persistence,2,3957,0.028347389402510196,0.014986698850536117,0.9861005812484205,0.9944402324993682,0.9957038160222391,0.406329620451452,46
colorado,joint_gradual,primary,evaluation,geometric_persistence,3,3957,0.04181132975339194,0.037437035470822326,0.9868587313621431,0.9934293656810715,0.9959565327268133,0.5112912930757116,46
colorado,joint_gradual,primary,evaluation,geometric_persistence,4,3957,0.057009119456241125,0.07504003592307487,0.9876168814758656,0.9934293656810715,0.9951983826130907,0.5964911010547125,46
colorado,joint_gradual,primary,evaluation,mask50,1,3957,0.020430913765113735,0.031395215679132095,0.4925448572150619,0.7887288349759919,0.900176901693202,0.19902473495008582,46
colorado,joint_gradual,primary,evaluation,mask50,2,3957,0.04624765604353739,0.09910301257060367,0.5046752590346222,0.7955521859994946,0.9153399039676523,0.4502629135956702,46
colorado,joint_gradual,primary,evaluation,mask50,3,3957,0.05973663080614255,0.12840166954913376,0.5061915592620673,0.7973212029315138,0.9059893858984079,0.4677014461810979,46
colorado,joint_gradual,primary,evaluation,mask50,4,3957,0.07072728121614755,0.16222906975999882,0.5026535253980288,0.8071771544099064,0.9080111195350012,0.4863780204183269,46
colorado,joint_gradual,primary,evaluation,mi_recency,1,3957,0.022866039902832546,0.03173455699084298,0.5837755875663382,0.8380085923679556,0.9176143543088198,0.16875992908596746,46
colorado,joint_gradual,primary,evaluation,mi_recency,2,3957,0.034164104257523815,0.06103998471224175,0.5347485468789487,0.8256254738438211,0.913570887035633,0.22111841638798582,46
colorado,joint_gradual,primary,evaluation,mi_recency,3,3957,0.04861437999529101,0.08917333119985632,0.5137730603992924,0.7925195855446044,0.8898155168056608,0.286349338088036,46
colorado,joint_gradual,primary,evaluation,mi_recency,4,3957,0.07500605703622325,0.14751747151695316,0.4852160727824109,0.7811473338387668,0.8867829163507708,0.44170294421221845,46
colorado,joint_gradual,primary,evaluation,multiple_imputation,1,3957,0.023422566741894302,0.03173455699084298,0.9350518069244377,0.9588071771544099,0.9684104119282284,0.1744319315126253,46
colorado,joint_gradual,primary,evaluation,multiple_imputation,2,3957,0.03452768713064666,0.06103998471224175,0.686125852918878,0.9292393227192317,0.9570381602223907,0.22539284954366343,46
colorado,joint_gradual,primary,evaluation,multiple_imputation,3,3957,0.04964162022883999,0.08917333119985632,0.5852918877937832,0.7730603992923932,0.8594895122567602,0.2618802519841452,46
colorado,joint_gradual,primary,evaluation,multiple_imputation,4,3957,0.0902696365127763,0.14751747151695316,0.34950720242608035,0.5271670457417236,0.6489764973464746,0.30274406779580393,46
colorado,joint_gradual,primary,evaluation,persistence,1,3957,0.02422240727920967,0.01813628528528996,0.9886277482941622,0.9949456659085165,0.9967146828405358,0.3428033661225006,46
colorado,joint_gradual,primary,evaluation,persistence,2,3957,0.04145918117874571,0.04724956911592257,0.9878695981804397,0.9949456659085165,0.9959565327268133,0.45639070582755,46
colorado,joint_gradual,primary,evaluation,persistence,3,3957,0.05754204606804268,0.09261363988576085,0.9881223148850139,0.994187515794794,0.9962092494313874,0.5599659777357197,46
colorado,joint_gradual,primary,evaluation,persistence,4,3957,0.07266838759024942,0.14761236511976258,0.9883750315895881,0.9936820823856457,0.9954510993176648,0.6304613842258027,46
colorado,joint_gradual,primary,evaluation,physical,1,3957,0.019670690081345026,0.031395215679132095,0.5494061157442507,0.8410411928228456,0.9347990902198635,0.19891726678600505,46
colorado,joint_gradual,primary,evaluation,physical,2,3957,0.045503405819900734,0.09910301257060367,0.5519332827899924,0.8375031589588072,0.9393479909021987,0.44990649177482067,46
colorado,joint_gradual,primary,evaluation,physical,3,3957,0.05834670695797274,0.12840166954913376,0.5516805660854183,0.8539297447561284,0.934040940106141,0.4673422375539473,46
colorado,joint_gradual,primary,evaluation,physical,4,3957,0.06931195675835822,0.16222906975999882,0.5526914329037149,0.8541824614607025,0.9337882234015669,0.4868858653705048,46
colorado,joint_gradual,primary,evaluation,physical_availability,1,3957,0.019648434900893807,0.031395215679132095,0.5448572150619156,0.8395248925954005,0.9353045236290118,0.19892873623901547,46
colorado,joint_gradual,primary,evaluation,physical_availability,2,3957,0.04549686967249257,0.09910301257060367,0.5554713166540308,0.8400303260045489,0.9421278746525146,0.4498961501882318,46
colorado,joint_gradual,primary,evaluation,physical_availability,3,3957,0.05833549425927322,0.12840166954913376,0.555724033358605,0.8551933282789992,0.9347990902198635,0.4674400443917847,46
colorado,joint_gradual,primary,evaluation,physical_availability,4,3957,0.06930682546925049,0.16222906975999882,0.5564821834723275,0.8559514783927218,0.9347990902198635,0.4870507815607699,46
colorado,joint_gradual,primary,evaluation,physical_recovery,1,3957,0.019647818961661453,0.031395215679132095,0.5481425322213799,0.8392721758908264,0.9347990902198635,0.1989864869671859,46
colorado,joint_gradual,primary,evaluation,physical_recovery,2,3957,0.045503611489956054,0.09910301257060367,0.5549658832448825,0.8380085923679556,0.9418751579479404,0.4499218388246657,46
colorado,joint_gradual,primary,evaluation,physical_recovery,3,3957,0.058353573369498576,0.12840166954913376,0.5531968663128632,0.854940611574425,0.9350518069244377,0.4675532491603265,46
colorado,joint_gradual,primary,evaluation,physical_recovery,4,3957,0.06932561479123986,0.16222906975999882,0.5572403335860501,0.856204195097296,0.9345463735152894,0.48704738012319304,46
colorado,joint_gradual,primary,evaluation,previous_day,1,3957,0.022739846995315137,0.008379550650632341,0.979529946929492,0.9845842810209755,0.9881223148850139,0.40136364795046714,46
colorado,joint_gradual,primary,evaluation,previous_day,2,3957,0.023650769312346963,0.008377776109902823,0.979529946929492,0.985342431134698,0.9881223148850139,0.4112742687560692,46
colorado,joint_gradual,primary,evaluation,previous_day,3,3957,0.024211782186840163,0.008377504207135582,0.979529946929492,0.985342431134698,0.9886277482941622,0.42309679774657016,46
colorado,joint_gradual,primary,evaluation,previous_day,4,3957,0.024827208137769004,0.008377461884925996,0.979529946929492,0.985342431134698,0.9888804649987364,0.4343340010782178,46
colorado,joint_gradual,primary,evaluation,raw,1,3957,0.026025617683787156,0.031395215679132095,0.07278241091736164,0.17386909274703058,0.36593378822340156,0.16330862962596576,46
colorado,joint_gradual,primary,evaluation,raw,2,3957,0.055360398203112206,0.09910301257060367,0.04397270659590599,0.1215567349001769,0.3462218852666161,0.4058671940090118,46
colorado,joint_gradual,primary,evaluation,raw,3,3957,0.07411622302340386,0.12840166954913376,0.05888299216578216,0.15668435683598686,0.31210513014910285,0.402402507978423,46
colorado,joint_gradual,primary,evaluation,raw,4,3957,0.08772892513327003,0.16222906975999882,0.04953247409653778,0.12029315137730603,0.26914329037149354,0.40691657392181957,46
colorado,joint_gradual,primary,evaluation,recency,1,3957,0.020407458415690825,0.031395215679132095,0.5016426585797321,0.796057619408643,0.9019459186252211,0.19906496328030418,46
colorado,joint_gradual,primary,evaluation,recency,2,3957,0.04626121804635196,0.09910301257060367,0.5046752590346222,0.794794035885772,0.9130654536264847,0.45011493561848126,46
colorado,joint_gradual,primary,evaluation,recency,3,3957,0.059776375103918075,0.12840166954913376,0.4965883244882487,0.7983320697498104,0.9034622188526662,0.46742081893962023,46
colorado,joint_gradual,primary,evaluation,recency,4,3957,0.07076678630913208,0.16222906975999882,0.4927975739196361,0.7998483699772555,0.9039676522618145,0.4859640029388514,46
colorado,joint_gradual,primary,evaluation,rolling,1,3957,0.020467173310308694,0.031395215679132095,0.5021480919888804,0.790245135203437,0.8976497346474602,0.19902809570149982,46
colorado,joint_gradual,primary,evaluation,rolling,2,3957,0.046387335381126965,0.09910301257060367,0.4993682082385646,0.7915087187263078,0.9100328531715947,0.45003256961664034,46
colorado,joint_gradual,primary,evaluation,rolling,3,3957,0.05992613883561772,0.12840166954913376,0.4948193075562295,0.793277735658327,0.8933535506696992,0.46743896896246045,46
colorado,joint_gradual,primary,evaluation,rolling,4,3957,0.07091325319777204,0.16222906975999882,0.49229214051048775,0.7937831690674754,0.8981551680566086,0.48611166945545714,46
colorado,joint_gradual,primary,evaluation,single_imputation,1,3957,0.02700190578476021,0.03236015234427981,0.9320192064695476,0.9474349254485721,0.9514783927217589,0.16073896961540723,46
colorado,joint_gradual,primary,evaluation,single_imputation,2,3957,0.035511859705332244,0.060846369538665464,0.683345969168562,0.9229214051048774,0.9489512256760172,0.21982533984453634,46
colorado,joint_gradual,primary,evaluation,single_imputation,3,3957,0.05083754320369714,0.0898434728695699,0.5837755875663382,0.7685114986100581,0.8486226939600707,0.2591688329019344,46
colorado,joint_gradual,primary,evaluation,single_imputation,4,3957,0.09093305858770326,0.14787754985926016,0.34849633560778365,0.524892595400556,0.6434167298458429,0.3014198231970813,46
colorado,joint_gradual,primary,warmup,aci_bounded,1,290,0.013665784874466184,0.011538744568251266,0.3793103448275862,0.6724137931034483,0.8517241379310345,0.17786386528239864,4
colorado,joint_gradual,primary,warmup,aci_bounded,2,290,0.032279450406721096,0.04189965182726807,0.3137931034482759,0.603448275862069,0.8103448275862069,0.4766825299854339,4
colorado,joint_gradual,primary,warmup,aci_bounded,3,290,0.03458683619455155,0.041851897675518376,0.3482758620689655,0.6310344827586207,0.7965517241379311,0.472857518632126,4
colorado,joint_gradual,primary,warmup,aci_bounded,4,290,0.03620567581413036,0.043562403440827485,0.33793103448275863,0.6620689655172414,0.8206896551724138,0.4657512587138882,4
colorado,joint_gradual,primary,warmup,carry_forward,1,290,0.026877992464260262,0.025202825243557554,0.15862068965517243,0.30689655172413793,0.5827586206896552,0.42704198001053856,4
colorado,joint_gradual,primary,warmup,carry_forward,2,290,0.03320209164696969,0.025863851278595067,0.16206896551724137,0.33793103448275863,0.5620689655172414,0.5085053627363394,4
colorado,joint_gradual,primary,warmup,carry_forward,3,290,0.04999955856560325,0.06437231808223039,0.05517241379310345,0.14482758620689656,0.36551724137931035,0.4945032948448819,4
colorado,joint_gradual,primary,warmup,carry_forward,4,290,0.05774301325645896,0.07840883163191383,0.03103448275862069,0.11724137931034483,0.3793103448275862,0.5010513512420288,4
colorado,joint_gradual,primary,warmup,geometric_persistence,1,290,0.012238513695436192,0.003109709137844272,1.0,1.0,1.0,0.24277421883359046,4
colorado,joint_gradual,primary,warmup,geometric_persistence,2,290,0.024886516607797515,0.010453161680866881,1.0,1.0,1.0,0.37438740615274174,4
colorado,joint_gradual,primary,warmup,geometric_persistence,3,290,0.03563536505565323,0.02646845208610895,1.0,1.0,1.0,0.4899259701340079,4
colorado,joint_gradual,primary,warmup,geometric_persistence,4,290,0.041160704542553044,0.036490106159744566,1.0,1.0,1.0,0.543356403230951,4
colorado,joint_gradual,primary,warmup,mask50,1,290,0.013680145160917652,0.011538744568251266,0.36551724137931035,0.6689655172413793,0.8551724137931035,0.17811111449274325,4
colorado,joint_gradual,primary,warmup,mask50,2,290,0.03214501105307975,0.04189965182726807,0.3103448275862069,0.6379310344827587,0.8275862068965517,0.4775476663146042,4
colorado,joint_gradual,primary,warmup,mask50,3,290,0.034490502542607195,0.041851897675518376,0.3586206896551724,0.6448275862068965,0.8068965517241379,0.4735488683025339,4
colorado,joint_gradual,primary,warmup,mask50,4,290,0.03613640857386272,0.043562403440827485,0.35172413793103446,0.6758620689655173,0.8310344827586207,0.4669544198808889,4
colorado,joint_gradual,primary,warmup,mi_recency,1,290,0.01914137246872211,0.024601245030219418,0.8103448275862069,0.9310344827586207,0.9620689655172414,0.16976991108478923,4
colorado,joint_gradual,primary,warmup,mi_recency,2,290,0.028162714889644353,0.04890011563719312,0.6275862068965518,0.9103448275862069,0.9551724137931035,0.21572971408798625,4
colorado,joint_gradual,primary,warmup,mi_recency,3,290,0.029331350714505048,0.049615947439003195,0.6206896551724138,0.8862068965517241,0.9310344827586207,0.22395888104545394,4
colorado,joint_gradual,primary,warmup,mi_recency,4,290,0.037170565449890426,0.06124985192295251,0.6,0.8448275862068966,0.906896551724138,0.23794828607123636,4
colorado,joint_gradual,primary,warmup,multiple_imputation,1,290,0.01956968742121475,0.024601245030219418,0.9344827586206896,0.9655172413793104,0.9827586206896551,0.17429629298540728,4
colorado,joint_gradual,primary,warmup,multiple_imputation,2,290,0.02849135329462028,0.04890011563719312,0.7724137931034483,0.9586206896551724,0.9793103448275862,0.2207643139612589,4
colorado,joint_gradual,primary,warmup,multiple_imputation,3,290,0.029646724512029248,0.049615947439003195,0.803448275862069,0.9344827586206896,0.9482758620689655,0.22892465726845776,4
colorado,joint_gradual,primary,warmup,multiple_imputation,4,290,0.037357607163101755,0.06124985192295251,0.6862068965517242,0.8862068965517241,0.9206896551724137,0.24215030314571473,4
colorado,joint_gradual,primary,warmup,persistence,1,290,0.019252056721677964,0.004643864391931034,1.0,1.0,1.0,0.2746372493704625,4
colorado,joint_gradual,primary,warmup,persistence,2,290,0.031639102649709816,0.01606940814281609,1.0,1.0,1.0,0.4102339727558074,4
colorado,joint_gradual,primary,warmup,persistence,3,290,0.039247261807914824,0.03360101779114943,1.0,1.0,1.0,0.5137295704708764,4
colorado,joint_gradual,primary,warmup,persistence,4,290,0.04403478434523998,0.0388515332,1.0,1.0,1.0,0.567091024881423,4
colorado,joint_gradual,primary,warmup,physical,1,290,0.013480325481778414,0.011538744568251266,0.3724137931034483,0.7068965517241379,0.9,0.1785572245152243,4
colorado,joint_gradual,primary,warmup,physical,2,290,0.031864376218192554,0.04189965182726807,0.32068965517241377,0.6724137931034483,0.8551724137931035,0.47769917816850127,4
colorado,joint_gradual,primary,warmup,physical,3,290,0.034215426815164075,0.041851897675518376,0.35172413793103446,0.6620689655172414,0.8172413793103448,0.47378011677560194,4
colorado,joint_gradual,primary,warmup,physical,4,290,0.035681724658473725,0.043562403440827485,0.3758620689655172,0.7,0.8551724137931035,0.46782396909791846,4
colorado,joint_gradual,primary,warmup,physical_availability,1,290,0.013493602813610193,0.011538744568251266,0.3689655172413793,0.7103448275862069,0.9,0.1785890722447751,4
colorado,joint_gradual,primary,warmup,physical_availability,2,290,0.03187134220421415,0.04189965182726807,0.32068965517241377,0.6689655172413793,0.8586206896551725,0.47772484524563147,4
colorado,joint_gradual,primary,warmup,physical_availability,3,290,0.03422088831657446,0.041851897675518376,0.35172413793103446,0.6689655172413793,0.8241379310344827,0.47376638322230513,4
colorado,joint_gradual,primary,warmup,physical_availability,4,290,0.0356341470557768,0.043562403440827485,0.3724137931034483,0.7,0.8586206896551725,0.46806062879098653,4
colorado,joint_gradual,primary,warmup,physical_recovery,1,290,0.013459060066608016,0.011538744568251266,0.3931034482758621,0.7275862068965517,0.896551724137931,0.17882847983835265,4
colorado,joint_gradual,primary,warmup,physical_recovery,2,290,0.03184665708083941,0.04189965182726807,0.3275862068965517,0.6758620689655173,0.8586206896551725,0.4778505818412,4
colorado,joint_gradual,primary,warmup,physical_recovery,3,290,0.034188467398762995,0.041851897675518376,0.3758620689655172,0.6896551724137931,0.8413793103448276,0.4740157958500496,4
colorado,joint_gradual,primary,warmup,physical_recovery,4,290,0.0354812341286718,0.043562403440827485,0.39655172413793105,0.7379310344827587,0.8655172413793103,0.468632741789523,4
colorado,joint_gradual,primary,warmup,previous_day,1,290,0.012398350975467981,5.6050188850574624e-05,1.0,1.0,1.0,0.3041640823104368,4
colorado,joint_gradual,primary,warmup,previous_day,2,290,0.013234613086697123,5.2794387442513676e-05,1.0,1.0,1.0,0.3173284959483678,4
colorado,joint_gradual,primary,warmup,previous_day,3,290,0.013555613772899914,5.216289034482761e-05,1.0,1.0,1.0,0.33247287303285017,4
colorado,joint_gradual,primary,warmup,previous_day,4,290,0.013647017162727506,5.2059014999999876e-05,1.0,1.0,1.0,0.3359383317690575,4
colorado,joint_gradual,primary,warmup,raw,1,290,0.014364283792837893,0.011538744568251266,0.14482758620689656,0.3793103448275862,0.7103448275862069,0.1735677031506869,4
colorado,joint_gradual,primary,warmup,raw,2,290,0.03357447461217553,0.04189965182726807,0.1482758620689655,0.35517241379310344,0.6517241379310345,0.4688157960905665,4
colorado,joint_gradual,primary,warmup,raw,3,290,0.03557282195487338,0.041851897675518376,0.19655172413793104,0.4517241379310345,0.6931034482758621,0.46634175053599164,4
colorado,joint_gradual,primary,warmup,raw,4,290,0.03817160963118988,0.043562403440827485,0.15862068965517243,0.38275862068965516,0.6310344827586207,0.4521613581984023,4
colorado,joint_gradual,primary,warmup,recency,1,290,0.013659371427760589,0.011538744568251266,0.3758620689655172,0.6620689655172414,0.8586206896551725,0.17807498913810438,4
colorado,joint_gradual,primary,warmup,recency,2,290,0.032157139572675776,0.04189965182726807,0.32068965517241377,0.6206896551724138,0.8241379310344827,0.4772929264370197,4
colorado,joint_gradual,primary,warmup,recency,3,290,0.034497374251399884,0.041851897675518376,0.35517241379310344,0.6413793103448275,0.8068965517241379,0.47341921750968957,4
colorado,joint_gradual,primary,warmup,recency,4,290,0.03618825683087916,0.043562403440827485,0.3482758620689655,0.6655172413793103,0.8310344827586207,0.4662638091343087,4
colorado,joint_gradual,primary,warmup,rolling,1,290,0.01372605579519743,0.011538744568251266,0.3620689655172414,0.6413793103448275,0.8344827586206897,0.17742922989455814,4
colorado,joint_gradual,primary,warmup,rolling,2,290,0.032455000737227215,0.04189965182726807,0.3,0.5793103448275863,0.7931034482758621,0.47554036901898644,4
colorado,joint_gradual,primary,warmup,rolling,3,290,0.03470840497867641,0.041851897675518376,0.33448275862068966,0.6068965517241379,0.7931034482758621,0.4717899148961193,4
colorado,joint_gradual,primary,warmup,rolling,4,290,0.036469065194312825,0.043562403440827485,0.3310344827586207,0.6241379310344828,0.7965517241379311,0.4639790208745778,4
colorado,joint_gradual,primary,warmup,single_imputation,1,290,0.02289370431855244,0.022464588711094476,0.9413793103448276,0.9448275862068966,0.9517241379310345,0.14951911932555004,4
colorado,joint_gradual,primary,warmup,single_imputation,2,290,0.03115910160557192,0.04865004532197944,0.7758620689655172,0.9344827586206896,0.9413793103448276,0.20681299368169334,4
colorado,joint_gradual,primary,warmup,single_imputation,3,290,0.03160913509022707,0.0509575507938467,0.7931034482758621,0.9241379310344827,0.9310344827586207,0.22390148324669762,4
colorado,joint_gradual,primary,warmup,single_imputation,4,290,0.038353749531688075,0.06230240624183295,0.6862068965517242,0.8758620689655172,0.906896551724138,0.24081115005613,4
colorado,joint_none,primary,evaluation,aci_bounded,1,3957,0.02148182997092157,0.033658746400288854,0.5072024260803639,0.8031336871367197,0.9082638362395754,0.20272610616066053,46
colorado,joint_none,primary,evaluation,aci_bounded,2,3957,0.04786212680707788,0.1030085173219403,0.5203436947182208,0.8177912560020217,0.9148344705585039,0.45481876328862764,46
colorado,joint_none,primary,evaluation,aci_bounded,3,3957,0.062421141375333854,0.13423411284971942,0.5301996461966136,0.8188021228203184,0.9123073035127622,0.47777639927481397,46
colorado,joint_none,primary,evaluation,aci_bounded,4,3957,0.0742640927424601,0.17044977932716823,0.524892595400556,0.8180439727065959,0.9100328531715947,0.4962501303968132,46
colorado,joint_none,primary,evaluation,carry_forward,1,3957,0.04531153102117709,0.05510392196131166,0.06166287591609806,0.15946424058630276,0.3634066211776598,0.391628700207903,46
colorado,joint_none,primary,evaluation,carry_forward,2,3957,0.06585816999434069,0.0926285938862322,0.0338640384129391,0.09881223148850139,0.25145312105130146,0.4350799821897937,46
colorado,joint_none,primary,evaluation,carry_forward,3,3957,0.10780845689081534,0.17654574977618187,0.03361132170836492,0.07733131159969674,0.21885266616123325,0.4269834818683993,46
colorado,joint_none,primary,evaluation,carry_forward,4,3957,0.12262568465533698,0.22264355921916448,0.02021733636593379,0.06115744250694971,0.1892848117260551,0.43361656497034545,46
colorado,joint_none,primary,evaluation,geometric_persistence,1,3957,0.01545419402234911,0.005076894225802893,0.9878695981804397,0.9939347990902199,0.9967146828405358,0.307321247073982,46
colorado,joint_none,primary,evaluation,geometric_persistence,2,3957,0.028347389402510196,0.014986698850536117,0.9861005812484205,0.9944402324993682,0.9957038160222391,0.406329620451452,46
colorado,joint_none,primary,evaluation,geometric_persistence,3,3957,0.04181132975339194,0.037437035470822326,0.9868587313621431,0.9934293656810715,0.9959565327268133,0.5112912930757116,46
colorado,joint_none,primary,evaluation,geometric_persistence,4,3957,0.057009119456241125,0.07504003592307487,0.9876168814758656,0.9934293656810715,0.9951983826130907,0.5964911010547125,46
colorado,joint_none,primary,evaluation,mask50,1,3957,0.02151369320204072,0.033658746400288854,0.4907758402830427,0.7839272175890827,0.9019459186252211,0.20207362580776128,46
colorado,joint_none,primary,evaluation,mask50,2,3957,0.04787150202842909,0.1030085173219403,0.5026535253980288,0.7955521859994946,0.9070002527167046,0.453490510586889,46
colorado,joint_none,primary,evaluation,mask50,3,3957,0.06249170854400568,0.13423411284971942,0.5046752590346222,0.7816527672479151,0.8925954005559767,0.4744037829054766,46
colorado,joint_none,primary,evaluation,mask50,4,3957,0.07434874606143785,0.17044977932716823,0.49684104119282285,0.7942886024766237,0.8968915845337376,0.49362729323952576,46
colorado,joint_none,primary,evaluation,mi_recency,1,3957,0.02363623824825401,0.03446585739557287,0.5534495830174374,0.8056608541824615,0.8933535506696992,0.1717683834059817,46
colorado,joint_none,primary,evaluation,mi_recency,2,3957,0.03603520039220277,0.06507541259442184,0.5087187263078089,0.7927723022491787,0.8872883497599191,0.22570978625175314,46
colorado,joint_none,primary,evaluation,mi_recency,3,3957,0.05314328476960952,0.09697679737809355,0.5011372251705838,0.7803891837250442,0.8781905483952489,0.29891218329744423,46
colorado,joint_none,primary,evaluation,mi_recency,4,3957,0.07900997817959146,0.15502508683875116,0.49027040687389434,0.7816527672479151,0.8890573666919384,0.46561702943821276,46
colorado,joint_none,primary,evaluation,multiple_imputation,1,3957,0.024178183279625114,0.03446585739557287,0.9208996714682841,0.9588071771544099,0.9686631286328027,0.17738919973317788,46
colorado,joint_none,primary,evaluation,multiple_imputation,2,3957,0.03636254112349621,0.06507541259442184,0.6517563810967905,0.9133181703310589,0.948698508971443,0.22961486316281451,46
colorado,joint_none,primary,evaluation,multiple_imputation,3,3957,0.05457201666388415,0.09697679737809355,0.548395248925954,0.7412180945160475,0.8352287086176396,0.2684236878437479,46
colorado,joint_none,primary,evaluation,multiple_imputation,4,3957,0.09624830803628046,0.15502508683875116,0.3373768006065201,0.5104877432398282,0.6272428607530958,0.30706822195139993,46
colorado,joint_none,primary,evaluation,persistence,1,3957,0.02422240727920967,0.01813628528528996,0.9886277482941622,0.9949456659085165,0.9967146828405358,0.3428033661225006,46
colorado,joint_none,primary,evaluation,persistence,2,3957,0.04145918117874571,0.04724956911592257,0.9878695981804397,0.9949456659085165,0.9959565327268133,0.45639070582755,46
colorado,joint_none,primary,evaluation,persistence,3,3957,0.05754204606804268,0.09261363988576085,0.9881223148850139,0.994187515794794,0.9962092494313874,0.5599659777357197,46
colorado,joint_none,primary,evaluation,persistence,4,3957,0.07266838759024942,0.14761236511976258,0.9883750315895881,0.9936820823856457,0.9954510993176648,0.6304613842258027,46
colorado,joint_none,primary,evaluation,physical,1,3957,0.020763501058378372,0.033658746400288854,0.5385392974475612,0.8364922921405105,0.9332827899924185,0.2020795649741542,46
colorado,joint_none,primary,evaluation,physical,2,3957,0.04707860445977563,0.1030085173219403,0.5547131665403083,0.8410411928228456,0.9411170078342178,0.4545199689028444,46
colorado,joint_none,primary,evaluation,physical,3,3957,0.061077141696526276,0.13423411284971942,0.558756633813495,0.85342431134698,0.9330300732878444,0.4766148650078757,46
colorado,joint_none,primary,evaluation,physical,4,3957,0.07294202732462654,0.17044977932716823,0.560020217336366,0.85342431134698,0.9302501895375285,0.4959916796785577,46
colorado,joint_none,primary,evaluation,physical_availability,1,3957,0.0207558987748409,0.033658746400288854,0.535253980288097,0.8352287086176396,0.9347990902198635,0.20197688234650657,46
colorado,joint_none,primary,evaluation,physical_availability,2,3957,0.047062728769973326,0.1030085173219403,0.5491533990396765,0.8385140257771039,0.9388425574930503,0.4543087083775915,46
colorado,joint_none,primary,evaluation,physical_availability,3,3957,0.06098831987902526,0.13423411284971942,0.5569876168814759,0.8483699772554966,0.9347990902198635,0.4760136751695859,46
colorado,joint_none,primary,evaluation,physical_availability,4,3957,0.07286515971269103,0.17044977932716823,0.5506696992671215,0.851908011119535,0.9299974728329543,0.4959064225740221,46
colorado,joint_none,primary,evaluation,physical_recovery,1,3957,0.020750375534127802,0.033658746400288854,0.5392974475612838,0.8354814253222138,0.9350518069244377,0.20196955021022484,46
colorado,joint_none,primary,evaluation,physical_recovery,2,3957,0.047044184194783144,0.1030085173219403,0.5516805660854183,0.8400303260045489,0.9401061410159212,0.45405453394121964,46
colorado,joint_none,primary,evaluation,physical_recovery,3,3957,0.06099737734020487,0.13423411284971942,0.5577457669951984,0.8468536770280516,0.9322719231741218,0.47556844819828015,46
colorado,joint_none,primary,evaluation,physical_recovery,4,3957,0.07290349243315247,0.17044977932716823,0.5534495830174374,0.8493808440737933,0.9292393227192317,0.4953064597898047,46
colorado,joint_none,primary,evaluation,previous_day,1,3957,0.022308169206210215,0.007831826544888931,0.979529946929492,0.985342431134698,0.9891331817033105,0.4017348430966107,46
colorado,joint_none,primary,evaluation,previous_day,2,3957,0.02350284654873218,0.008186857253366726,0.9792772302249179,0.9855951478392722,0.9886277482941622,0.41156001345124904,46
colorado,joint_none,primary,evaluation,previous_day,3,3957,0.02425075363976101,0.008395903980601593,0.9792772302249179,0.985342431134698,0.9886277482941622,0.42328839880555635,46
colorado,joint_none,primary,evaluation,previous_day,4,3957,0.024935218822371732,0.008476365268256382,0.9792772302249179,0.9855951478392722,0.9886277482941622,0.4344213678569369,46
colorado,joint_none,primary,evaluation,raw,1,3957,0.027091956177121856,0.033658746400288854,0.08819812989638615,0.1938337124083902,0.3826130907252969,0.16616896230811973,46
colorado,joint_none,primary,evaluation,raw,2,3957,0.05707490218742595,0.1030085173219403,0.05256507455142785,0.13090725296942127,0.34874905231235787,0.4078360443615056,46
colorado,joint_none,primary,evaluation,raw,3,3957,0.0775339970836284,0.13423411284971942,0.062421026029820574,0.15314632297194844,0.30654536264847104,0.40585800092336033,46
colorado,joint_none,primary,evaluation,raw,4,3957,0.09181680589384272,0.17044977932716823,0.052312357846853674,0.1215567349001769,0.265352539802881,0.411712144303522,46
colorado,joint_none,primary,evaluation,recency,1,3957,0.02152310981868412,0.033658746400288854,0.49128127369219105,0.7872125347485469,0.9024513520343694,0.2021865146966788,46
colorado,joint_none,primary,evaluation,recency,2,3957,0.04785867520824902,0.1030085173219403,0.5024008086934546,0.8018701036138489,0.9143290371493555,0.4546690264650854,46
colorado,joint_none,primary,evaluation,recency,3,3957,0.06250736507455391,0.13423411284971942,0.5039171089208997,0.8084407379327774,0.9067475360121304,0.4764939934986904,46
colorado,joint_none,primary,evaluation,recency,4,3957,0.07435494933406787,0.17044977932716823,0.4960828910791003,0.8031336871367197,0.9054839524892595,0.4952635097223658,46
colorado,joint_none,primary,evaluation,rolling,1,3957,0.021574226858390735,0.033658746400288854,0.4915339903967652,0.7836745008845085,0.8976497346474602,0.2022191756181567,46
colorado,joint_none,primary,evaluation,rolling,2,3957,0.04798833299751076,0.1030085173219403,0.4973464746019712,0.7973212029315138,0.9077584028304271,0.45468693682342903,46
colorado,joint_none,primary,evaluation,rolling,3,3957,0.06262627325387121,0.13423411284971942,0.5018953752843063,0.799090219863533,0.9034622188526662,0.4765167594852263,46
colorado,joint_none,primary,evaluation,rolling,4,3957,0.0744628372020153,0.17044977932716823,0.4963356077836745,0.7937831690674754,0.8999241849886277,0.49538883694859304,46
colorado,joint_none,primary,evaluation,single_imputation,1,3957,0.027823302481770788,0.035272236190613655,0.910538286580743,0.9464240586302755,0.9512256760171848,0.16365637022149412,46
colorado,joint_none,primary,evaluation,single_imputation,2,3957,0.03728417276103987,0.06455300638799648,0.6537781147333839,0.9044730856709629,0.9378316906747536,0.2231131867189963,46
colorado,joint_none,primary,evaluation,single_imputation,3,3957,0.05684236973533677,0.09866514375402566,0.5443517816527672,0.7298458428102097,0.8142532221379833,0.26463617701392794,46
colorado,joint_none,primary,evaluation,single_imputation,4,3957,0.09739496922139784,0.1554972629221144,0.3363659337882234,0.5064442759666414,0.6206722264341673,0.3039804869084812,46
colorado,joint_none,primary,warmup,aci_bounded,1,290,0.015285014699953768,0.01504112026084635,0.3689655172413793,0.6896551724137931,0.8655172413793103,0.18346072103012045,4
colorado,joint_none,primary,warmup,aci_bounded,2,290,0.035776674722895904,0.05086251588778677,0.2896551724137931,0.6655172413793103,0.8344827586206897,0.4829918609286256,4
colorado,joint_none,primary,warmup,aci_bounded,3,290,0.04207262794318529,0.059784971979180805,0.3620689655172414,0.6862068965517242,0.8689655172413793,0.48472121444602473,4
colorado,joint_none,primary,warmup,aci_bounded,4,290,0.04678105864823248,0.06834272356483503,0.35172413793103446,0.7206896551724138,0.8724137931034482,0.4794480560288945,4
colorado,joint_none,primary,warmup,carry_forward,1,290,0.02684051503687957,0.024900549894887287,0.16206896551724137,0.3103448275862069,0.5827586206896552,0.42679191902489166,4
colorado,joint_none,primary,warmup,carry_forward,2,290,0.033280151354481,0.02544740425910718,0.16206896551724137,0.3413793103448276,0.5689655172413793,0.5088219131033422,4
colorado,joint_none,primary,warmup,carry_forward,3,290,0.04958892386235067,0.06375785418870146,0.05862068965517241,0.15862068965517243,0.3724137931034483,0.49474483576295236,4
colorado,joint_none,primary,warmup,carry_forward,4,290,0.057559468683044325,0.07861388406969166,0.034482758620689655,0.12413793103448276,0.4068965517241379,0.5009494691028562,4
colorado,joint_none,primary,warmup,geometric_persistence,1,290,0.012238513695436192,0.003109709137844272,1.0,1.0,1.0,0.24277421883359046,4
colorado,joint_none,primary,warmup,geometric_persistence,2,290,0.024886516607797515,0.010453161680866881,1.0,1.0,1.0,0.37438740615274174,4
colorado,joint_none,primary,warmup,geometric_persistence,3,290,0.03563536505565323,0.02646845208610895,1.0,1.0,1.0,0.4899259701340079,4
colorado,joint_none,primary,warmup,geometric_persistence,4,290,0.041160704542553044,0.036490106159744566,1.0,1.0,1.0,0.543356403230951,4
colorado,joint_none,primary,warmup,mask50,1,290,0.015311363707428749,0.01504112026084635,0.3620689655172414,0.6551724137931034,0.8551724137931035,0.18312161839352287,4
colorado,joint_none,primary,warmup,mask50,2,290,0.03577580809591552,0.05086251588778677,0.296551724137931,0.6448275862068965,0.8172413793103448,0.48235284382638544,4
colorado,joint_none,primary,warmup,mask50,3,290,0.04210518544215799,0.059784971979180805,0.3586206896551724,0.6379310344827587,0.8137931034482758,0.480864616281096,4
colorado,joint_none,primary,warmup,mask50,4,290,0.04692629237881432,0.06834272356483503,0.3482758620689655,0.6896551724137931,0.8344827586206897,0.47678976380180277,4
colorado,joint_none,primary,warmup,mi_recency,1,290,0.020180509162365343,0.028291898963474785,0.7586206896551724,0.9206896551724137,0.9620689655172414,0.17386216702087964,4
colorado,joint_none,primary,warmup,mi_recency,2,290,0.031251286530550086,0.0559898377060269,0.5758620689655173,0.8931034482758621,0.9448275862068966,0.22357273284700993,4
colorado,joint_none,primary,warmup,mi_recency,3,290,0.037312526806289825,0.06432698389370137,0.5655172413793104,0.8448275862068966,0.903448275862069,0.24148277252657493,4
colorado,joint_none,primary,warmup,mi_recency,4,290,0.05140975183690399,0.08309368605919702,0.5689655172413793,0.8103448275862069,0.8862068965517241,0.2802998779784131,4
colorado,joint_none,primary,warmup,multiple_imputation,1,290,0.02061210133551433,0.028291898963474785,0.9206896551724137,0.9655172413793104,0.9827586206896551,0.1785242208282321,4
colorado,joint_none,primary,warmup,multiple_imputation,2,290,0.03151058924729903,0.0559898377060269,0.7137931034482758,0.9413793103448276,0.9689655172413794,0.2286521834397704,4
colorado,joint_none,primary,warmup,multiple_imputation,3,290,0.03754307980786791,0.06432698389370137,0.7310344827586207,0.8758620689655172,0.9137931034482759,0.24453533519198697,4
colorado,joint_none,primary,warmup,multiple_imputation,4,290,0.05194217468499984,0.08309368605919702,0.6275862068965518,0.8241379310344827,0.8620689655172413,0.2595037593093472,4
colorado,joint_none,primary,warmup,persistence,1,290,0.019252056721677964,0.004643864391931034,1.0,1.0,1.0,0.2746372493704625,4
colorado,joint_none,primary,warmup,persistence,2,290,0.031639102649709816,0.01606940814281609,1.0,1.0,1.0,0.4102339727558074,4
colorado,joint_none,primary,warmup,persistence,3,290,0.039247261807914824,0.03360101779114943,1.0,1.0,1.0,0.5137295704708764,4
colorado,joint_none,primary,warmup,persistence,4,290,0.04403478434523998,0.0388515332,1.0,1.0,1.0,0.567091024881423,4
colorado,joint_none,primary,warmup,physical,1,290,0.01510861642011376,0.01504112026084635,0.3724137931034483,0.7241379310344828,0.8724137931034482,0.1842228729867768,4
colorado,joint_none,primary,warmup,physical,2,290,0.035414094433507015,0.05086251588778677,0.30344827586206896,0.7172413793103448,0.8551724137931035,0.4842411664659196,4
colorado,joint_none,primary,warmup,physical,3,290,0.04169075137715042,0.059784971979180805,0.38620689655172413,0.7517241379310344,0.8862068965517241,0.4861826378333082,4
colorado,joint_none,primary,warmup,physical,4,290,0.046187080419352655,0.06834272356483503,0.4,0.7793103448275862,0.8931034482758621,0.4820814948635018,4
colorado,joint_none,primary,warmup,physical_availability,1,290,0.015099951766698257,0.01504112026084635,0.35517241379310344,0.7137931034482758,0.8862068965517241,0.18397868041859342,4
colorado,joint_none,primary,warmup,physical_availability,2,290,0.03539494631731589,0.05086251588778677,0.32068965517241377,0.7,0.8620689655172413,0.48430443350760466,4
colorado,joint_none,primary,warmup,physical_availability,3,290,0.04161954639484245,0.059784971979180805,0.3724137931034483,0.7034482758620689,0.8620689655172413,0.4841269120568507,4
colorado,joint_none,primary,warmup,physical_availability,4,290,0.046115028853454705,0.06834272356483503,0.38620689655172413,0.7517241379310344,0.8827586206896552,0.48233308422432003,4
colorado,joint_none,primary,warmup,physical_recovery,1,290,0.015066679223216434,0.01504112026084635,0.3758620689655172,0.7344827586206897,0.896551724137931,0.18449487971087933,4
colorado,joint_none,primary,warmup,physical_recovery,2,290,0.03537320853038714,0.05086251588778677,0.33448275862068966,0.7206896551724138,0.8620689655172413,0.48450568596224586,4
colorado,joint_none,primary,warmup,physical_recovery,3,290,0.04162703794782046,0.059784971979180805,0.4,0.7448275862068966,0.8655172413793103,0.48486135130386904,4
colorado,joint_none,primary,warmup,physical_recovery,4,290,0.046059855644309956,0.06834272356483503,0.4068965517241379,0.7689655172413793,0.8896551724137931,0.48288302929335974,4
colorado,joint_none,primary,warmup,previous_day,1,290,0.012398281856326767,5.42664685632183e-05,1.0,1.0,1.0,0.3041657071683104,4
colorado,joint_none,primary,warmup,previous_day,2,290,0.013234566162125695,5.252221364940841e-05,1.0,1.0,1.0,0.3173284255756092,4
colorado,joint_none,primary,warmup,previous_day,3,290,0.01355562005876855,5.378928333333337e-05,1.0,1.0,1.0,0.33247089504296506,4
colorado,joint_none,primary,warmup,previous_day,4,290,0.013647041560064124,5.5259216954022856e-05,1.0,1.0,1.0,0.33593454499331044,4
colorado,joint_none,primary,warmup,raw,1,290,0.016087758656031126,0.01504112026084635,0.15517241379310345,0.4,0.6827586206896552,0.17759665106498973,4
colorado,joint_none,primary,warmup,raw,2,290,0.03745122277063977,0.05086251588778677,0.1482758620689655,0.3413793103448276,0.6172413793103448,0.4715765565104645,4
colorado,joint_none,primary,warmup,raw,3,290,0.043394703910151655,0.059784971979180805,0.19655172413793104,0.44482758620689655,0.6586206896551724,0.47003779017559666,4
colorado,joint_none,primary,warmup,raw,4,290,0.04934251626965295,0.06834272356483503,0.17586206896551723,0.36551724137931035,0.603448275862069,0.4572489662642341,4
colorado,joint_none,primary,warmup,recency,1,290,0.0152816660083641,0.01504112026084635,0.3758620689655172,0.6724137931034483,0.8655172413793103,0.18365476817617263,4
colorado,joint_none,primary,warmup,recency,2,290,0.035680827152025724,0.05086251588778677,0.31724137931034485,0.6724137931034483,0.8379310344827586,0.48355907494641787,4
colorado,joint_none,primary,warmup,recency,3,290,0.04203424626281812,0.059784971979180805,0.38275862068965516,0.6931034482758621,0.8724137931034482,0.4854087716746144,4
colorado,joint_none,primary,warmup,recency,4,290,0.04678585896556556,0.06834272356483503,0.36551724137931035,0.7103448275862069,0.8689655172413793,0.4808254795360823,4
colorado,joint_none,primary,warmup,rolling,1,290,0.015338785307346486,0.01504112026084635,0.3482758620689655,0.6448275862068965,0.8551724137931035,0.18308267802134973,4
colorado,joint_none,primary,warmup,rolling,2,290,0.03589196372175831,0.05086251588778677,0.2827586206896552,0.6275862068965518,0.8103448275862069,0.4822050405527624,4
colorado,joint_none,primary,warmup,rolling,3,290,0.04216625427950668,0.059784971979180805,0.3448275862068966,0.6448275862068965,0.8655172413793103,0.48389517295612094,4
colorado,joint_none,primary,warmup,rolling,4,290,0.04691337200736634,0.06834272356483503,0.3413793103448276,0.6931034482758621,0.8586206896551725,0.4784221298807676,4
colorado,joint_none,primary,warmup,single_imputation,1,290,0.024139509649864898,0.026766534015747752,0.9172413793103448,0.9448275862068966,0.9517241379310345,0.15410604383879103,4
colorado,joint_none,primary,warmup,single_imputation,2,290,0.03444115908614654,0.0554420797568703,0.7275862068965517,0.9103448275862069,0.9241379310344827,0.21282476192618793,4
colorado,joint_none,primary,warmup,single_imputation,3,290,0.04350211679792973,0.06939123359577234,0.7103448275862069,0.8448275862068966,0.8793103448275862,0.23607096386005724,4
colorado,joint_none,primary,warmup,single_imputation,4,290,0.05631402992665335,0.086614890772493,0.6241379310344828,0.803448275862069,0.8379310344827586,0.25270365048750515,4
colorado,irradiance_first,primary,evaluation,aci_bounded,1,3957,0.021256245915960714,0.033302732126583606,0.5208491281273692,0.8162749557745766,0.9120545868081881,0.2055444402168421,46
colorado,irradiance_first,primary,evaluation,aci_bounded,2,3957,0.046817094009169904,0.10061841886635876,0.5213545615365176,0.8200657063431893,0.9173616376042456,0.45167029710030787,46
colorado,irradiance_first,primary,evaluation,aci_bounded,3,3957,0.060122000247454656,0.12938191494087978,0.5253980288097043,0.8230983067980794,0.9176143543088198,0.4704009532031293,46
colorado,irradiance_first,primary,evaluation,aci_bounded,4,3957,0.0710808073919388,0.1634888557245707,0.5246398786959818,0.8208238564569118,0.9112964366944655,0.48830668851200765,46
colorado,irradiance_first,primary,evaluation,carry_forward,1,3957,0.04542979789090396,0.05526733563083525,0.06115744250694971,0.15845337376800606,0.3626484710639373,0.39127051272258007,46
colorado,irradiance_first,primary,evaluation,carry_forward,2,3957,0.0662410453147589,0.09314603664511037,0.032853171594642405,0.09653778114733384,0.24639878695981804,0.4343894084031535,46
colorado,irradiance_first,primary,evaluation,carry_forward,3,3957,0.10883709653109966,0.17766384680869338,0.034622188526661615,0.07733131159969674,0.21809451604751073,0.42603799875153325,46
colorado,irradiance_first,primary,evaluation,carry_forward,4,3957,0.12310097235462329,0.222594130837427,0.020722769775082132,0.060904725802375534,0.18574677786201668,0.43278038046771833,46
colorado,irradiance_first,primary,evaluation,geometric_persistence,1,3957,0.015535122835840947,0.0052627546536690864,0.9876168814758656,0.9936820823856457,0.9962092494313874,0.30727682304118414,46
colorado,irradiance_first,primary,evaluation,geometric_persistence,2,3957,0.028366083414131833,0.015096757460310398,0.9863532979529946,0.9944402324993682,0.9957038160222391,0.4062342510841991,46
colorado,irradiance_first,primary,evaluation,geometric_persistence,3,3957,0.04183043173505243,0.03752469631569746,0.9866060146575689,0.9931766489764974,0.9959565327268133,0.51120530614782,46
colorado,irradiance_first,primary,evaluation,geometric_persistence,4,3957,0.057023558976499425,0.07509798539044607,0.9871114480667172,0.9931766489764974,0.9951983826130907,0.5964347771528443,46
colorado,irradiance_first,primary,evaluation,mask50,1,3957,0.021343569642866603,0.033302732126583606,0.4900176901693202,0.7872125347485469,0.8979024513520344,0.20444924250130014,46
colorado,irradiance_first,primary,evaluation,mask50,2,3957,0.04684487110182372,0.10061841886635876,0.5026535253980288,0.793277735658327,0.9107910032853171,0.4510637661352333,46
colorado,irradiance_first,primary,evaluation,mask50,3,3957,0.060235491187265726,0.12938191494087978,0.5046752590346222,0.7915087187263078,0.9034622188526662,0.4682527393644308,46
colorado,irradiance_first,primary,evaluation,mask50,4,3957,0.07114918751060322,0.1634888557245707,0.5003790750568613,0.8038918372504422,0.9057366691938337,0.4870010119634438,46
colorado,irradiance_first,primary,evaluation,mi_recency,1,3957,0.0247988525154356,0.03463090831419595,0.5812484205205964,0.8369977255496588,0.9168562041950973,0.17105194165905535,46
colorado,irradiance_first,primary,evaluation,mi_recency,2,3957,0.03584855797818736,0.06337905554629368,0.5324740965377811,0.8243618903209502,0.9107910032853171,0.22297672729080661,46
colorado,irradiance_first,primary,evaluation,mi_recency,3,3957,0.0500471995577506,0.09128136605547509,0.5104877432398282,0.7912560020217336,0.8888046499873642,0.29008324102681293,46
colorado,irradiance_first,primary,evaluation,mi_recency,4,3957,0.07578995569494634,0.14903504820938618,0.488248673237301,0.7808946171341926,0.8870356330553449,0.4463464939195907,46
colorado,irradiance_first,primary,evaluation,multiple_imputation,1,3957,0.02533184633910804,0.03463090831419595,0.9236795552185999,0.9512256760171848,0.9625979277230224,0.1767474843496693,46
colorado,irradiance_first,primary,evaluation,multiple_imputation,2,3957,0.036179662622672505,0.06337905554629368,0.6785443517816527,0.9206469547637098,0.9504675259034622,0.2272161619245324,46
colorado,irradiance_first,primary,evaluation,multiple_imputation,3,3957,0.05115161738848487,0.09128136605547509,0.5784685367702805,0.7677533484963356,0.8536770280515542,0.2633626087259044,46
colorado,irradiance_first,primary,evaluation,multiple_imputation,4,3957,0.09146792281256816,0.14903504820938618,0.34672731867576445,0.5228708617639626,0.6431640131412686,0.3035379365467057,46
colorado,irradiance_first,primary,evaluation,persistence,1,3957,0.02425286853626426,0.01824179630266171,0.9881223148850139,0.9944402324993682,0.9964619661359616,0.34263055208647586,46
colorado,irradiance_first,primary,evaluation,persistence,2,3957,0.0414499982310062,0.04726767577932076,0.9878695981804397,0.9949456659085165,0.9959565327268133,0.45619795378781447,46
colorado,irradiance_first,primary,evaluation,persistence,3,3957,0.05753055520555252,0.0925980913624351,0.9878695981804397,0.9939347990902199,0.9962092494313874,0.5597733519071962,46
colorado,irradiance_first,primary,evaluation,persistence,4,3957,0.07264726618439697,0.1475387624166752,0.9878695981804397,0.9934293656810715,0.9954510993176648,0.630268960033161,46
colorado,irradiance_first,primary,evaluation,physical,1,3957,0.020576367579575157,0.033302732126583606,0.546878948698509,0.8417993429365681,0.9337882234015669,0.20449214236663293,46
colorado,irradiance_first,primary,evaluation,physical,2,3957,0.04608316864964053,0.10061841886635876,0.5529441496082891,0.8380085923679556,0.9393479909021987,0.45116914428387006,46
colorado,irradiance_first,primary,evaluation,physical,3,3957,0.05880244093452071,0.12938191494087978,0.5537022997220116,0.8529188779378317,0.935557240333586,0.46828896105933365,46
colorado,irradiance_first,primary,evaluation,physical,4,3957,0.0696955852831989,0.1634888557245707,0.5529441496082891,0.8531715946424059,0.9332827899924185,0.48798269339459016,46
colorado,irradiance_first,primary,evaluation,physical_availability,1,3957,0.020555914981444483,0.033302732126583606,0.5420773313115997,0.838766742481678,0.9332827899924185,0.2043632338756313,46
colorado,irradiance_first,primary,evaluation,physical_availability,2,3957,0.04608428123145372,0.10061841886635876,0.5534495830174374,0.8352287086176396,0.9393479909021987,0.4507741363296851,46
colorado,irradiance_first,primary,evaluation,physical_availability,3,3957,0.058800700680441305,0.12938191494087978,0.5539550164265858,0.8496335607783675,0.9325246398786959,0.4680983030821487,46
colorado,irradiance_first,primary,evaluation,physical_availability,4,3957,0.06971031891235517,0.1634888557245707,0.5544604498357342,0.8506444275966641,0.9307556229466768,0.48770418559507,46
colorado,irradiance_first,primary,evaluation,physical_recovery,1,3957,0.020552211573535647,0.033302732126583606,0.5438463482436189,0.840283042709123,0.9330300732878444,0.20448047457485885,46
colorado,irradiance_first,primary,evaluation,physical_recovery,2,3957,0.04608407976653651,0.10061841886635876,0.5552185999494567,0.8369977255496588,0.939853424311347,0.45091488211484254,46
colorado,irradiance_first,primary,evaluation,physical_recovery,3,3957,0.05880703754324795,0.12938191494087978,0.5552185999494567,0.8531715946424059,0.934040940106141,0.4683508232526537,46
colorado,irradiance_first,primary,evaluation,physical_recovery,4,3957,0.06972275213559097,0.1634888557245707,0.5549658832448825,0.85342431134698,0.9315137730603993,0.4878208692917115,46
colorado,irradiance_first,primary,evaluation,previous_day,1,3957,0.022739846995315137,0.008379550650632341,0.979529946929492,0.9845842810209755,0.9881223148850139,0.40136364795046714,46
colorado,irradiance_first,primary,evaluation,previous_day,2,3957,0.023650769312346963,0.008377776109902823,0.979529946929492,0.985342431134698,0.9881223148850139,0.4112742687560692,46
colorado,irradiance_first,primary,evaluation,previous_day,3,3957,0.024211782186840163,0.008377504207135582,0.979529946929492,0.985342431134698,0.9886277482941622,0.42309679774657016,46
colorado,irradiance_first,primary,evaluation,previous_day,4,3957,0.024827208137769004,0.008377461884925996,0.979529946929492,0.985342431134698,0.9888804649987364,0.4343340010782178,46
colorado,irradiance_first,primary,evaluation,raw,1,3957,0.026999197162391575,0.033302732126583606,0.07278241091736164,0.17412180945160474,0.36517563810967907,0.16856888893954342,46
colorado,irradiance_first,primary,evaluation,raw,2,3957,0.05606550022523452,0.10061841886635876,0.04422542330048016,0.12004043467273187,0.3419257012888552,0.40627080326960274,46
colorado,irradiance_first,primary,evaluation,raw,3,3957,0.07468104344922342,0.12938191494087978,0.058377558756633814,0.15466262319939347,0.30932524639878695,0.4028649522617703,46
colorado,irradiance_first,primary,evaluation,raw,4,3957,0.08821674368084984,0.1634888557245707,0.04953247409653778,0.11928228455900936,0.2671215567349002,0.407353723517961,46
colorado,irradiance_first,primary,evaluation,recency,1,3957,0.021310334104656846,0.033302732126583606,0.5006317917614355,0.7950467525903462,0.9024513520343694,0.2046919224532475,46
colorado,irradiance_first,primary,evaluation,recency,2,3957,0.046845851550216415,0.10061841886635876,0.504422542330048,0.7950467525903462,0.9125600202173364,0.45144879039227637,46
colorado,irradiance_first,primary,evaluation,recency,3,3957,0.06024298258162375,0.12938191494087978,0.49759919130654534,0.7978266363406621,0.9044730856709629,0.46838391909099464,46
colorado,irradiance_first,primary,evaluation,recency,4,3957,0.07116545920108586,0.1634888557245707,0.4935557240333586,0.8001010866818297,0.9037149355572404,0.48713091695387695,46
colorado,irradiance_first,primary,evaluation,rolling,1,3957,0.021366772723012267,0.033302732126583606,0.5031589588071772,0.7925195855446044,0.898913318170331,0.20463182525819262,46
colorado,irradiance_first,primary,evaluation,rolling,2,3957,0.046968560006743446,0.10061841886635876,0.4991154915339904,0.7894869850897144,0.9075056861258529,0.45137919201197246,46
colorado,irradiance_first,primary,evaluation,rolling,3,3957,0.06039530516553183,0.12938191494087978,0.4965883244882487,0.791761435430882,0.895880717715441,0.46839327542748804,46
colorado,irradiance_first,primary,evaluation,rolling,4,3957,0.07131250033226583,0.1634888557245707,0.49229214051048775,0.7942886024766237,0.8991660348749052,0.4873453679823796,46
colorado,irradiance_first,primary,evaluation,single_imputation,1,3957,0.029167467934888006,0.035292148028011595,0.9203942380591357,0.939853424311347,0.9438968915845337,0.16201845250990188,46
colorado,irradiance_first,primary,evaluation,single_imputation,2,3957,0.037332116138063774,0.06320751026517542,0.6765226181450594,0.9140763204447814,0.941369724538792,0.22090128740571263,46
colorado,irradiance_first,primary,evaluation,single_imputation,3,3957,0.05253649194011202,0.09203610412466467,0.5766995198382613,0.7632044478140005,0.8423047763457164,0.2601164667667543,46
colorado,irradiance_first,primary,evaluation,single_imputation,4,3957,0.09215315733569043,0.14933126542209127,0.3469800353803386,0.520596411422795,0.637856962345211,0.30191918507531623,46
colorado,irradiance_first,primary,warmup,aci_bounded,1,290,0.014220925717561292,0.013202906524947516,0.3758620689655172,0.6689655172413793,0.8517241379310345,0.1812824261306039,4
colorado,irradiance_first,primary,warmup,aci_bounded,2,290,0.03231746426910168,0.04207146074082136,0.3137931034482759,0.6,0.8103448275862069,0.47679209658555166,4
colorado,irradiance_first,primary,warmup,aci_bounded,3,290,0.03459292021960542,0.04185635192909443,0.3482758620689655,0.6310344827586207,0.7965517241379311,0.47295338110529667,4
colorado,irradiance_first,primary,warmup,aci_bounded,4,290,0.03623154718195975,0.04357708954524573,0.33793103448275863,0.6620689655172414,0.8206896551724138,0.4659508267729835,4
colorado,irradiance_first,primary,warmup,carry_forward,1,290,0.026872885680193734,0.02520886183748018,0.15517241379310345,0.30689655172413793,0.5827586206896552,0.4270474772111503,4
colorado,irradiance_first,primary,warmup,carry_forward,2,290,0.03317279332709735,0.02586241292852768,0.16206896551724137,0.33793103448275863,0.5655172413793104,0.5085611473135054,4
colorado,irradiance_first,primary,warmup,carry_forward,3,290,0.04998907916693901,0.06437168714465691,0.05517241379310345,0.1482758620689655,0.3689655172413793,0.49451476618827156,4
colorado,irradiance_first,primary,warmup,carry_forward,4,290,0.057731876331406,0.07839755777819371,0.03103448275862069,0.11724137931034483,0.3793103448275862,0.5010591164917929,4
colorado,irradiance_first,primary,warmup,geometric_persistence,1,290,0.012251235897908328,0.0031577344875135067,1.0,1.0,1.0,0.24282550641813508,4
colorado,irradiance_first,primary,warmup,geometric_persistence,2,290,0.024894217810302238,0.010482870520534706,1.0,1.0,1.0,0.37441765562507323,4
colorado,irradiance_first,primary,warmup,geometric_persistence,3,290,0.035637373285490624,0.026475267548359833,1.0,1.0,1.0,0.48993502281727147,4
colorado,irradiance_first,primary,warmup,geometric_persistence,4,290,0.041160704542553044,0.036490106159744566,1.0,1.0,1.0,0.543356403230951,4
colorado,irradiance_first,primary,warmup,mask50,1,290,0.01423445083085344,0.013202906524947516,0.3620689655172414,0.6689655172413793,0.8551724137931035,0.18153453513663395,4
colorado,irradiance_first,primary,warmup,mask50,2,290,0.032181528311765475,0.04207146074082136,0.3103448275862069,0.6344827586206897,0.8275862068965517,0.477676134742031,4
colorado,irradiance_first,primary,warmup,mask50,3,290,0.0344960303194416,0.04185635192909443,0.3586206896551724,0.6482758620689655,0.8103448275862069,0.473670091964972,4
colorado,irradiance_first,primary,warmup,mask50,4,290,0.03615811297169391,0.04357708954524573,0.3482758620689655,0.6758620689655173,0.8310344827586207,0.4672281906676312,4
colorado,irradiance_first,primary,warmup,mi_recency,1,290,0.02060982990700603,0.026852875440242265,0.803448275862069,0.9241379310344827,0.9551724137931035,0.17170541016146007,4
colorado,irradiance_first,primary,warmup,mi_recency,2,290,0.028740646974626662,0.04975395744115387,0.6275862068965518,0.906896551724138,0.9517241379310345,0.21643007699157268,4
colorado,irradiance_first,primary,warmup,mi_recency,3,290,0.029322892703830986,0.04958161931391576,0.6206896551724138,0.8862068965517241,0.9310344827586207,0.22393016510100563,4
colorado,irradiance_first,primary,warmup,mi_recency,4,290,0.03721698555078014,0.06142855553395352,0.6,0.8448275862068966,0.906896551724138,0.2381341084472009,4
colorado,irradiance_first,primary,warmup,multiple_imputation,1,290,0.021020226026685032,0.026852875440242265,0.9275862068965517,0.9586206896551724,0.9758620689655172,0.17622829718817007,4
colorado,irradiance_first,primary,warmup,multiple_imputation,2,290,0.029063377831901438,0.04975395744115387,0.7724137931034483,0.9551724137931035,0.9758620689655172,0.22146303075197174,4
colorado,irradiance_first,primary,warmup,multiple_imputation,3,290,0.02963826676654073,0.04958161931391576,0.803448275862069,0.9344827586206896,0.9482758620689655,0.22889594132400945,4
colorado,irradiance_first,primary,warmup,multiple_imputation,4,290,0.03740402700592907,0.06142855553395352,0.6862068965517242,0.8862068965517241,0.9206896551724137,0.2423361074573115,4
colorado,irradiance_first,primary,warmup,persistence,1,290,0.019251647332746927,0.0046431308694597695,1.0,1.0,1.0,0.27463458412040503,4
colorado,irradiance_first,primary,warmup,persistence,2,290,0.03163889637291835,0.016069070019712643,1.0,1.0,1.0,0.41023259048776145,4
colorado,irradiance_first,primary,warmup,persistence,3,290,0.03924725177584586,0.03360148661264368,1.0,1.0,1.0,0.513728896663405,4
colorado,irradiance_first,primary,warmup,persistence,4,290,0.04403478434523998,0.0388515332,1.0,1.0,1.0,0.567091024881423,4
colorado,irradiance_first,primary,warmup,physical,1,290,0.014031706772407917,0.013202906524947516,0.36551724137931035,0.7068965517241379,0.896551724137931,0.18199717446399122,4
colorado,irradiance_first,primary,warmup,physical,2,290,0.03190486872316678,0.04207146074082136,0.32068965517241377,0.6724137931034483,0.8551724137931035,0.4778092364952869,4
colorado,irradiance_first,primary,warmup,physical,3,290,0.03421907771553474,0.04185635192909443,0.35172413793103446,0.6689655172413793,0.8172413793103448,0.4738793143283661,4
colorado,irradiance_first,primary,warmup,physical,4,290,0.03570229691851186,0.04357708954524573,0.3758620689655172,0.7,0.8551724137931035,0.46802879547832094,4
colorado,irradiance_first,primary,warmup,physical_availability,1,290,0.014044611862447043,0.013202906524947516,0.36551724137931035,0.7103448275862069,0.896551724137931,0.1820017425118991,4
colorado,irradiance_first,primary,warmup,physical_availability,2,290,0.031908003045819484,0.04207146074082136,0.32068965517241377,0.6724137931034483,0.8586206896551725,0.47786346127602725,4
colorado,irradiance_first,primary,warmup,physical_availability,3,290,0.03422429852993717,0.04185635192909443,0.3448275862068966,0.6758620689655173,0.8241379310344827,0.4739082991264469,4
colorado,irradiance_first,primary,warmup,physical_availability,4,290,0.03566134916044171,0.04357708954524573,0.3724137931034483,0.7,0.8586206896551725,0.4683194773689566,4
colorado,irradiance_first,primary,warmup,physical_recovery,1,290,0.014009232518442261,0.013202906524947516,0.3931034482758621,0.7275862068965517,0.8931034482758621,0.1822616224068859,4
colorado,irradiance_first,primary,warmup,physical_recovery,2,290,0.0318863202491749,0.04207146074082136,0.3275862068965517,0.6758620689655173,0.8620689655172413,0.47793439845543484,4
colorado,irradiance_first,primary,warmup,physical_recovery,3,290,0.034188426634960176,0.04185635192909443,0.38275862068965516,0.6931034482758621,0.8379310344827586,0.4740942073391082,4
colorado,irradiance_first,primary,warmup,physical_recovery,4,290,0.03555236510465897,0.04357708954524573,0.39655172413793105,0.7344827586206897,0.8620689655172413,0.4687008870005177,4
colorado,irradiance_first,primary,warmup,previous_day,1,290,0.012398350975467981,5.6050188850574624e-05,1.0,1.0,1.0,0.3041640823104368,4
colorado,irradiance_first,primary,warmup,previous_day,2,290,0.013234613086697123,5.2794387442513676e-05,1.0,1.0,1.0,0.3173284959483678,4
colorado,irradiance_first,primary,warmup,previous_day,3,290,0.013555613772899914,5.216289034482761e-05,1.0,1.0,1.0,0.33247287303285017,4
colorado,irradiance_first,primary,warmup,previous_day,4,290,0.013647017162727506,5.2059014999999876e-05,1.0,1.0,1.0,0.3359383317690575,4
colorado,irradiance_first,primary,warmup,raw,1,290,0.014933996293241922,0.013202906524947516,0.14482758620689656,0.3758620689655172,0.7068965517241379,0.17695770436797215,4
colorado,irradiance_first,primary,warmup,raw,2,290,0.033620274961692516,0.04207146074082136,0.1482758620689655,0.35517241379310344,0.6482758620689655,0.468925490279518,4
colorado,irradiance_first,primary,warmup,raw,3,290,0.03557242879042641,0.04185635192909443,0.2,0.4517241379310345,0.6896551724137931,0.46643536213289644,4
colorado,irradiance_first,primary,warmup,raw,4,290,0.03819969094002677,0.04357708954524573,0.15517241379310345,0.38275862068965516,0.6275862068965518,0.4523537178610167,4
colorado,irradiance_first,primary,warmup,recency,1,290,0.014214190996011988,0.013202906524947516,0.38275862068965516,0.6586206896551724,0.8586206896551725,0.18153171819020808,4
colorado,irradiance_first,primary,warmup,recency,2,290,0.032197608877314425,0.04207146074082136,0.32068965517241377,0.6172413793103448,0.8241379310344827,0.47740270371667826,4
colorado,irradiance_first,primary,warmup,recency,3,290,0.034504972225939665,0.04185635192909443,0.35517241379310344,0.6448275862068965,0.8068965517241379,0.4735147622299777,4
colorado,irradiance_first,primary,warmup,recency,4,290,0.03621361055849715,0.04357708954524573,0.3482758620689655,0.6655172413793103,0.8310344827586207,0.46646481132698586,4
colorado,irradiance_first,primary,warmup,rolling,1,290,0.014280588108418294,0.013202906524947516,0.3586206896551724,0.6379310344827587,0.8344827586206897,0.18084255560521262,4
colorado,irradiance_first,primary,warmup,rolling,2,290,0.03249543229424762,0.04207146074082136,0.3,0.5793103448275863,0.7931034482758621,0.47564976416938987,4
colorado,irradiance_first,primary,warmup,rolling,3,290,0.03471607679058647,0.04185635192909443,0.33448275862068966,0.6103448275862069,0.7931034482758621,0.4718841023390747,4
colorado,irradiance_first,primary,warmup,rolling,4,290,0.03649374447879863,0.04357708954524573,0.3310344827586207,0.6206896551724138,0.7965517241379311,0.464186693479904,4
colorado,irradiance_first,primary,warmup,single_imputation,1,290,0.024573312859981423,0.02469966489378608,0.9344827586206896,0.9379310344827586,0.9448275862068966,0.15049796269982027,4
colorado,irradiance_first,primary,warmup,single_imputation,2,290,0.03184780303284513,0.049476237130985645,0.7758620689655172,0.9310344827586207,0.9379310344827586,0.2070919249692305,4
colorado,irradiance_first,primary,warmup,single_imputation,3,290,0.03161295713619088,0.05097241430592819,0.7931034482758621,0.9241379310344827,0.9310344827586207,0.2239163467587791,4
colorado,irradiance_first,primary,warmup,single_imputation,4,290,0.03838850252355128,0.062437556765745424,0.6862068965517242,0.8758620689655172,0.906896551724138,0.2409463005800425,4
colorado,pv_first,primary,evaluation,aci_bounded,1,3957,0.020323594306933347,0.03133592058228194,0.5218599949456659,0.8157695223654283,0.9118018701036138,0.1998851346133988,46
colorado,pv_first,primary,evaluation,aci_bounded,2,3957,0.046211645644210465,0.09891470780683771,0.5216072782410918,0.8200657063431893,0.9176143543088198,0.45018518357236365,46
colorado,pv_first,primary,evaluation,aci_bounded,3,3957,0.0595261505410211,0.12803365241257073,0.5259034622188526,0.8225928733889311,0.9168562041950973,0.46926670266503095,46
colorado,pv_first,primary,evaluation,aci_bounded,4,3957,0.07040552463218418,0.1617068802409646,0.5259034622188526,0.8203184230477635,0.9115491533990396,0.4867852084047401,46
colorado,pv_first,primary,evaluation,carry_forward,1,3957,0.04531695346187927,0.055278241777506266,0.06166287591609806,0.16199140763204448,0.36643922163254994,0.39151795500930303,46
colorado,pv_first,primary,evaluation,carry_forward,2,3957,0.06596966009849135,0.09269622270999803,0.032853171594642405,0.0978013646702047,0.2494313874147081,0.4344662706726256,46
colorado,pv_first,primary,evaluation,carry_forward,3,3957,0.10818787510258883,0.176655053997483,0.034874905231235785,0.07834217841799343,0.2193580995703816,0.4264092348621421,46
colorado,pv_first,primary,evaluation,carry_forward,4,3957,0.12260988134671813,0.22191582205263,0.02047005307050796,0.06191559262067223,0.19029567854435178,0.4330636708622944,46
colorado,pv_first,primary,evaluation,geometric_persistence,1,3957,0.01545419402234911,0.005076894225802893,0.9878695981804397,0.9939347990902199,0.9967146828405358,0.307321247073982,46
colorado,pv_first,primary,evaluation,geometric_persistence,2,3957,0.028347389402510196,0.014986698850536117,0.9861005812484205,0.9944402324993682,0.9957038160222391,0.406329620451452,46
colorado,pv_first,primary,evaluation,geometric_persistence,3,3957,0.04181132975339194,0.037437035470822326,0.9868587313621431,0.9934293656810715,0.9959565327268133,0.5112912930757116,46
colorado,pv_first,primary,evaluation,geometric_persistence,4,3957,0.057009119456241125,0.07504003592307487,0.9876168814758656,0.9934293656810715,0.9951983826130907,0.5964911010547125,46
colorado,pv_first,primary,evaluation,mask50,1,3957,0.020395058232157065,0.03133592058228194,0.49330300732878446,0.7915087187263078,0.9021986353297953,0.19907785435715905,46
colorado,pv_first,primary,evaluation,mask50,2,3957,0.046206488124389725,0.09891470780683771,0.5097295931261057,0.7993429365681072,0.9155926206722265,0.45046745621607637,46
colorado,pv_first,primary,evaluation,mask50,3,3957,0.059565359526379064,0.12803365241257073,0.511751326762699,0.7985847864543847,0.9087692696487237,0.46768820962264657,46
colorado,pv_first,primary,evaluation,mask50,4,3957,0.07041259415752986,0.1617068802409646,0.5089714430123832,0.8117260550922416,0.9097801364670205,0.4863759631498022,46
colorado,pv_first,primary,evaluation,mi_recency,1,3957,0.022894053174302858,0.031840896445316826,0.5842810209754865,0.8380085923679556,0.9176143543088198,0.16886511256272937,46
colorado,pv_first,primary,evaluation,mi_recency,2,3957,0.03414356739441559,0.06099045286276816,0.5350012635835228,0.8256254738438211,0.9133181703310589,0.22110382657859673,46
colorado,pv_first,primary,evaluation,mi_recency,3,3957,0.04857617917545088,0.08910631395285583,0.5127621935809957,0.7925195855446044,0.8895628001010867,0.2858277690876593,46
colorado,pv_first,primary,evaluation,mi_recency,4,3957,0.07475684193866558,0.14692440816813768,0.48673237300985595,0.7821582006570634,0.8855193328279,0.44047662230556667,46
colorado,pv_first,primary,evaluation,multiple_imputation,1,3957,0.023449386226208516,0.031840896445316826,0.9345463735152894,0.9588071771544099,0.9684104119282284,0.17453202081001268,46
colorado,pv_first,primary,evaluation,multiple_imputation,2,3957,0.03451346606298397,0.06099045286276816,0.6871367197371746,0.92974475612838,0.9570381602223907,0.22534583560148827,46
colorado,pv_first,primary,evaluation,multiple_imputation,3,3957,0.04958429949002501,0.08910631395285583,0.5837755875663382,0.7740712661106899,0.860753095779631,0.2618479296567942,46
colorado,pv_first,primary,evaluation,multiple_imputation,4,3957,0.08977474461543457,0.14692440816813768,0.3497599191306545,0.5309577963103361,0.650998230983068,0.30267899991937974,46
colorado,pv_first,primary,evaluation,persistence,1,3957,0.02422240727920967,0.01813628528528996,0.9886277482941622,0.9949456659085165,0.9967146828405358,0.3428033661225006,46
colorado,pv_first,primary,evaluation,persistence,2,3957,0.04145918117874571,0.04724956911592257,0.9878695981804397,0.9949456659085165,0.9959565327268133,0.45639070582755,46
colorado,pv_first,primary,evaluation,persistence,3,3957,0.05754204606804268,0.09261363988576085,0.9881223148850139,0.994187515794794,0.9962092494313874,0.5599659777357197,46
colorado,pv_first,primary,evaluation,persistence,4,3957,0.07266838759024942,0.14761236511976258,0.9883750315895881,0.9936820823856457,0.9954510993176648,0.6304613842258027,46
colorado,pv_first,primary,evaluation,physical,1,3957,0.019639084521465747,0.03133592058228194,0.549911549153399,0.8415466262319939,0.9347990902198635,0.1988880944801675,46
colorado,pv_first,primary,evaluation,physical,2,3957,0.04546278057937319,0.09891470780683771,0.5552185999494567,0.8385140257771039,0.9408642911296436,0.4500126619236834,46
colorado,pv_first,primary,evaluation,physical,3,3957,0.058186590897446516,0.12803365241257073,0.5531968663128632,0.8526661612332576,0.9330300732878444,0.4672194998312889,46
colorado,pv_first,primary,evaluation,physical,4,3957,0.06903922047402086,0.1617068802409646,0.555724033358605,0.8541824614607025,0.9325246398786959,0.4866967677164688,46
colorado,pv_first,primary,evaluation,physical_availability,1,3957,0.01961625833905639,0.03133592058228194,0.5478898155168057,0.8430629264594389,0.9368208238564569,0.19893613526053616,46
colorado,pv_first,primary,evaluation,physical_availability,2,3957,0.0454574998117009,0.09891470780683771,0.5607783674500885,0.8410411928228456,0.9433914581753854,0.45006083039933303,46
colorado,pv_first,primary,evaluation,physical_availability,3,3957,0.058155021428729144,0.12803365241257073,0.5612838008592368,0.8577204953247409,0.935557240333586,0.46745961865688007,46
colorado,pv_first,primary,evaluation,physical_availability,4,3957,0.06901873839358978,0.1617068802409646,0.5620419509729593,0.8574677786201668,0.9342936568107152,0.4870064088958097,46
colorado,pv_first,primary,evaluation,physical_recovery,1,3957,0.019612518591497825,0.03133592058228194,0.5491533990396765,0.8440737932777357,0.9365681071518828,0.19904045358271616,46
colorado,pv_first,primary,evaluation,physical_recovery,2,3957,0.04545846854609582,0.09891470780683771,0.5605256507455143,0.8433156431640132,0.9441496082891079,0.45016277157695234,46
colorado,pv_first,primary,evaluation,physical_recovery,3,3957,0.05816100488112738,0.12803365241257073,0.5622946676775334,0.8599949456659085,0.9368208238564569,0.4676969889224598,46
colorado,pv_first,primary,evaluation,physical_recovery,4,3957,0.06903006716974958,0.1617068802409646,0.5617892342683851,0.8597422289613343,0.9358099570381602,0.48708550687493113,46
colorado,pv_first,primary,evaluation,previous_day,1,3957,0.022739846995315137,0.008379550650632341,0.979529946929492,0.9845842810209755,0.9881223148850139,0.40136364795046714,46
colorado,pv_first,primary,evaluation,previous_day,2,3957,0.023650769312346963,0.008377776109902823,0.979529946929492,0.985342431134698,0.9881223148850139,0.4112742687560692,46
colorado,pv_first,primary,evaluation,previous_day,3,3957,0.024211782186840163,0.008377504207135582,0.979529946929492,0.985342431134698,0.9886277482941622,0.42309679774657016,46
colorado,pv_first,primary,evaluation,previous_day,4,3957,0.024827208137769004,0.008377461884925996,0.979529946929492,0.985342431134698,0.9888804649987364,0.4343340010782178,46
colorado,pv_first,primary,evaluation,raw,1,3957,0.025962009002055197,0.03133592058228194,0.07303512762193581,0.17563810967904978,0.3661865049279757,0.16345389482746814,46
colorado,pv_first,primary,evaluation,raw,2,3957,0.05522049933468735,0.09891470780683771,0.04447814000505433,0.12029315137730603,0.34596916856204196,0.4062199353413435,46
colorado,pv_first,primary,evaluation,raw,3,3957,0.07379114020402931,0.12803365241257073,0.058377558756633814,0.1564316401314127,0.3126105635582512,0.40282306852930394,46
colorado,pv_first,primary,evaluation,raw,4,3957,0.08720789615360312,0.1617068802409646,0.05079605761940864,0.12206216830932524,0.27192317412180944,0.40740860880264484,46
colorado,pv_first,primary,evaluation,recency,1,3957,0.020373707995768757,0.03133592058228194,0.5011372251705838,0.7968157695223654,0.9014404852160728,0.19903171860062116,46
colorado,pv_first,primary,evaluation,recency,2,3957,0.04623359474081332,0.09891470780683771,0.5049279757391963,0.796057619408643,0.9128127369219106,0.4501490831282152,46
colorado,pv_first,primary,evaluation,recency,3,3957,0.059650638782799054,0.12803365241257073,0.4973464746019712,0.7968157695223654,0.9019459186252211,0.4671064238743633,46
colorado,pv_first,primary,evaluation,recency,4,3957,0.07049006177340619,0.1617068802409646,0.4943138741470811,0.800606520090978,0.9029567854435178,0.485696956727889,46
colorado,pv_first,primary,evaluation,rolling,1,3957,0.02043289257531889,0.03133592058228194,0.5036643922163255,0.7904978519080111,0.8976497346474602,0.19898532838580746,46
colorado,pv_first,primary,evaluation,rolling,2,3957,0.046358869284348424,0.09891470780683771,0.4983573414202679,0.7920141521354561,0.909021986353298,0.4500867899612088,46
colorado,pv_first,primary,evaluation,rolling,3,3957,0.05979686377121172,0.12803365241257073,0.4948193075562295,0.793277735658327,0.8931008339651251,0.4670012569150036,46
colorado,pv_first,primary,evaluation,rolling,4,3957,0.07063309324781976,0.1617068802409646,0.4915339903967652,0.794794035885772,0.8991660348749052,0.4857484046988804,46
colorado,pv_first,primary,evaluation,single_imputation,1,3957,0.026981598716533484,0.03233140857466424,0.9320192064695476,0.9474349254485721,0.9517311094263331,0.16067181848156062,46
colorado,pv_first,primary,evaluation,single_imputation,2,3957,0.03539335265063883,0.06047580854384165,0.6866312863280263,0.9229214051048774,0.948698508971443,0.21935069669007404,46
colorado,pv_first,primary,evaluation,single_imputation,3,3957,0.05073566987176463,0.08964536456147991,0.5845337376800607,0.7690169320192065,0.8501389941875158,0.2589286236693788,46
colorado,pv_first,primary,evaluation,single_imputation,4,3957,0.09017744982945654,0.1468177524439018,0.3510235026535254,0.529441496082891,0.6469547637098813,0.3008198383307296,46
colorado,pv_first,primary,warmup,aci_bounded,1,290,0.013632772673778463,0.011519481504311884,0.3793103448275862,0.6724137931034483,0.8517241379310345,0.1778310402260159,4
colorado,pv_first,primary,warmup,aci_bounded,2,290,0.03221491807969865,0.04153326527807831,0.31724137931034485,0.603448275862069,0.8103448275862069,0.47671494918797436,4
colorado,pv_first,primary,warmup,aci_bounded,3,290,0.03457500033455526,0.04180017702949614,0.3482758620689655,0.6310344827586207,0.7965517241379311,0.4728482453133091,4
colorado,pv_first,primary,warmup,aci_bounded,4,290,0.036175057247763265,0.043505754986369743,0.33793103448275863,0.6620689655172414,0.8206896551724138,0.46569492022175746,4
colorado,pv_first,primary,warmup,carry_forward,1,290,0.026821064742447425,0.024950078878437497,0.15517241379310345,0.30344827586206896,0.5827586206896552,0.42692842085044724,4
colorado,pv_first,primary,warmup,carry_forward,2,290,0.033174331676162815,0.02582328942598379,0.16206896551724137,0.33448275862068966,0.5655172413793104,0.5085528665025171,4
colorado,pv_first,primary,warmup,carry_forward,3,290,0.05000808445091135,0.06438604928864756,0.05862068965517241,0.1482758620689655,0.3689655172413793,0.4945307942235722,4
colorado,pv_first,primary,warmup,carry_forward,4,290,0.05772083021056315,0.078381208952691,0.03103448275862069,0.12413793103448276,0.38275862068965516,0.5009342558081503,4
colorado,pv_first,primary,warmup,geometric_persistence,1,290,0.012238513695436192,0.003109709137844272,1.0,1.0,1.0,0.24277421883359046,4
colorado,pv_first,primary,warmup,geometric_persistence,2,290,0.024886516607797515,0.010453161680866881,1.0,1.0,1.0,0.37438740615274174,4
colorado,pv_first,primary,warmup,geometric_persistence,3,290,0.03563536505565323,0.02646845208610895,1.0,1.0,1.0,0.4899259701340079,4
colorado,pv_first,primary,warmup,geometric_persistence,4,290,0.041160704542553044,0.036490106159744566,1.0,1.0,1.0,0.543356403230951,4
colorado,pv_first,primary,warmup,mask50,1,290,0.01364415568813305,0.011519481504311884,0.36551724137931035,0.6724137931034483,0.8586206896551725,0.1781067462149915,4
colorado,pv_first,primary,warmup,mask50,2,290,0.03207751438199116,0.04153326527807831,0.31724137931034485,0.6379310344827587,0.8275862068965517,0.4775987766649129,4
colorado,pv_first,primary,warmup,mask50,3,290,0.034475770023477605,0.04180017702949614,0.3586206896551724,0.6448275862068965,0.8103448275862069,0.4735658482848973,4
colorado,pv_first,primary,warmup,mask50,4,290,0.036096851430538986,0.043505754986369743,0.3482758620689655,0.6758620689655173,0.8310344827586207,0.4669766106754993,4
colorado,pv_first,primary,warmup,mi_recency,1,290,0.019179050208494388,0.024747618026911895,0.8103448275862069,0.9310344827586207,0.9620689655172414,0.16991723198751893,4
colorado,pv_first,primary,warmup,mi_recency,2,290,0.02818181429101617,0.04895168023456525,0.6275862068965518,0.9103448275862069,0.9551724137931035,0.21578388560014972,4
colorado,pv_first,primary,warmup,mi_recency,3,290,0.029345203946457638,0.0496691915128434,0.6206896551724138,0.8862068965517241,0.9310344827586207,0.22401458421915074,4
colorado,pv_first,primary,warmup,mi_recency,4,290,0.037163077534842694,0.06121680737189502,0.6,0.8448275862068966,0.906896551724138,0.2379305712275386,4
colorado,pv_first,primary,warmup,multiple_imputation,1,290,0.01960732368517948,0.024747618026911895,0.9344827586206896,0.9655172413793104,0.9827586206896551,0.1744434537609919,4
colorado,pv_first,primary,warmup,multiple_imputation,2,290,0.02851045269599209,0.04895168023456525,0.7724137931034483,0.9586206896551724,0.9793103448275862,0.22081848547342237,4
colorado,pv_first,primary,warmup,multiple_imputation,3,290,0.02966057774398184,0.0496691915128434,0.803448275862069,0.9344827586206896,0.9482758620689655,0.22898036044215458,4
colorado,pv_first,primary,warmup,multiple_imputation,4,290,0.037350119248054016,0.06121680737189502,0.6862068965517242,0.8862068965517241,0.9206896551724137,0.24213258830201703,4
colorado,pv_first,primary,warmup,persistence,1,290,0.019252056721677964,0.004643864391931034,1.0,1.0,1.0,0.2746372493704625,4
colorado,pv_first,primary,warmup,persistence,2,290,0.031639102649709816,0.01606940814281609,1.0,1.0,1.0,0.4102339727558074,4
colorado,pv_first,primary,warmup,persistence,3,290,0.039247261807914824,0.03360101779114943,1.0,1.0,1.0,0.5137295704708764,4
colorado,pv_first,primary,warmup,persistence,4,290,0.04403478434523998,0.0388515332,1.0,1.0,1.0,0.567091024881423,4
colorado,pv_first,primary,warmup,physical,1,290,0.013451051708684216,0.011519481504311884,0.3689655172413793,0.7103448275862069,0.9,0.1785285578586368,4
colorado,pv_first,primary,warmup,physical,2,290,0.031803379431459285,0.04153326527807831,0.3275862068965517,0.6724137931034483,0.8551724137931035,0.47771727028043465,4
colorado,pv_first,primary,warmup,physical,3,290,0.03420348613009529,0.04180017702949614,0.35172413793103446,0.6655172413793103,0.8172413793103448,0.47376917222746406,4
colorado,pv_first,primary,warmup,physical,4,290,0.03565438756354037,0.043505754986369743,0.3689655172413793,0.7034482758620689,0.8551724137931035,0.467775014309488,4
colorado,pv_first,primary,warmup,physical_availability,1,290,0.01346098639418888,0.011519481504311884,0.3689655172413793,0.7137931034482758,0.9,0.1785640043683733,4
colorado,pv_first,primary,warmup,physical_availability,2,290,0.03180576467043947,0.04153326527807831,0.3275862068965517,0.6724137931034483,0.8586206896551725,0.47777039424131723,4
colorado,pv_first,primary,warmup,physical_availability,3,290,0.03420408143739607,0.04180017702949614,0.3482758620689655,0.6724137931034483,0.8241379310344827,0.47379815702554484,4
colorado,pv_first,primary,warmup,physical_availability,4,290,0.035604470753186804,0.043505754986369743,0.3724137931034483,0.7034482758620689,0.8586206896551725,0.4680698506353111,4
colorado,pv_first,primary,warmup,physical_recovery,1,290,0.013425240692929087,0.011519481504311884,0.39655172413793105,0.7310344827586207,0.896551724137931,0.17882934773052386,4
colorado,pv_first,primary,warmup,physical_recovery,2,290,0.03178457159451126,0.04153326527807831,0.33448275862068966,0.6758620689655173,0.8620689655172413,0.47784133142072477,4
colorado,pv_first,primary,warmup,physical_recovery,3,290,0.034168130746618966,0.04180017702949614,0.38620689655172413,0.6896551724137931,0.8379310344827586,0.47398406523820624,4
colorado,pv_first,primary,warmup,physical_recovery,4,290,0.03549320552003722,0.043505754986369743,0.3896551724137931,0.7379310344827587,0.8620689655172413,0.46844769895754096,4
colorado,pv_first,primary,warmup,previous_day,1,290,0.012398350975467981,5.6050188850574624e-05,1.0,1.0,1.0,0.3041640823104368,4
colorado,pv_first,primary,warmup,previous_day,2,290,0.013234613086697123,5.2794387442513676e-05,1.0,1.0,1.0,0.3173284959483678,4
colorado,pv_first,primary,warmup,previous_day,3,290,0.013555613772899914,5.216289034482761e-05,1.0,1.0,1.0,0.33247287303285017,4
colorado,pv_first,primary,warmup,previous_day,4,290,0.013647017162727506,5.2059014999999876e-05,1.0,1.0,1.0,0.3359383317690575,4
colorado,pv_first,primary,warmup,raw,1,290,0.01432147163929694,0.011519481504311884,0.1482758620689655,0.38275862068965516,0.7103448275862069,0.17357639926504548,4
colorado,pv_first,primary,warmup,raw,2,290,0.03349375792320251,0.04153326527807831,0.15517241379310345,0.3586206896551724,0.6517241379310345,0.46886536285749225,4
colorado,pv_first,primary,warmup,raw,3,290,0.0355466200111194,0.04180017702949614,0.20344827586206896,0.4586206896551724,0.696551724137931,0.4663574894083652,4
colorado,pv_first,primary,warmup,raw,4,290,0.03812282385162899,0.043505754986369743,0.15862068965517243,0.38275862068965516,0.6344827586206897,0.4521381100318159,4
colorado,pv_first,primary,warmup,recency,1,290,0.01362757622986672,0.011519481504311884,0.3758620689655172,0.6655172413793103,0.8620689655172413,0.1780521884714812,4
colorado,pv_first,primary,warmup,recency,2,290,0.03209961302819869,0.04153326527807831,0.3275862068965517,0.6206896551724138,0.8241379310344827,0.47732534563956014,4
colorado,pv_first,primary,warmup,recency,3,290,0.03448733338451798,0.04180017702949614,0.35172413793103446,0.6413793103448275,0.8068965517241379,0.4734102428478126,4
colorado,pv_first,primary,warmup,recency,4,290,0.03615920388355671,0.043505754986369743,0.3482758620689655,0.6655172413793103,0.8310344827586207,0.46621032445731275,4
colorado,pv_first,primary,warmup,rolling,1,290,0.013692940707022403,0.011519481504311884,0.3620689655172414,0.6448275862068965,0.8379310344827586,0.17740831429368223,4
colorado,pv_first,primary,warmup,rolling,2,290,0.03238946945486938,0.04153326527807831,0.30344827586206896,0.5827586206896552,0.7931034482758621,0.47557278822152693,4
colorado,pv_first,primary,warmup,rolling,3,290,0.03469569049833263,0.04180017702949614,0.33793103448275863,0.6103448275862069,0.7931034482758621,0.47178117042649836,4
colorado,pv_first,primary,warmup,rolling,4,290,0.036447415520358344,0.043505754986369743,0.3275862068965517,0.6241379310344828,0.7965517241379311,0.4638735958995954,4
colorado,pv_first,primary,warmup,single_imputation,1,290,0.022942028394580632,0.022658655453814982,0.9413793103448276,0.9448275862068966,0.9517241379310345,0.14969937156239613,4
colorado,pv_first,primary,warmup,single_imputation,2,290,0.031173372057422693,0.04867523109161488,0.7758620689655172,0.9344827586206896,0.9413793103448276,0.2068381794513288,4
colorado,pv_first,primary,warmup,single_imputation,3,290,0.03158630655491831,0.05086877315653486,0.7931034482758621,0.9241379310344827,0.9310344827586207,0.2238127056093858,4
colorado,pv_first,primary,warmup,single_imputation,4,290,0.03830088737775465,0.06209683119875855,0.6862068965517242,0.8758620689655172,0.906896551724138,0.2406055750130556,4
colorado,duration_6h,sensitivity,evaluation,physical,1,3957,0.017999050442780776,0.030068382382672475,0.5544604498357342,0.844579226686884,0.9353045236290118,0.1854183090691989,46
colorado,duration_6h,sensitivity,evaluation,physical,2,3957,0.04400993745009893,0.09497931471227088,0.5574930502906242,0.8382613090725297,0.9408642911296436,0.4476759881153935,46
colorado,duration_6h,sensitivity,evaluation,physical,3,3957,0.05766480338135324,0.1270703055865489,0.5466262319939348,0.8551933282789992,0.9342936568107152,0.46551857065150304,46
colorado,duration_6h,sensitivity,evaluation,physical,4,3957,0.06919406030642339,0.1618102937728078,0.5509224159716958,0.8536770280515542,0.9330300732878444,0.4857474851045751,46
colorado,duration_6h,sensitivity,evaluation,physical_availability,1,3957,0.017992345917810428,0.030068382382672475,0.549911549153399,0.8450846600960323,0.9350518069244377,0.18544728012455836,46
colorado,duration_6h,sensitivity,evaluation,physical_availability,2,3957,0.04400885523324778,0.09497931471227088,0.5572403335860501,0.837250442254233,0.941369724538792,0.44763418640450486,46
colorado,duration_6h,sensitivity,evaluation,physical_availability,3,3957,0.057663310846176416,0.1270703055865489,0.5501642658579732,0.8546878948698509,0.9322719231741218,0.4655090420577981,46
colorado,duration_6h,sensitivity,evaluation,physical_availability,4,3957,0.06920829019448642,0.1618102937728078,0.5496588324488249,0.851908011119535,0.9330300732878444,0.48582083197974646,46
colorado,duration_6h,sensitivity,evaluation,physical_recovery,1,3957,0.01798990020636978,0.030068382382672475,0.5529441496082891,0.8476118271417741,0.9363153904473086,0.1854739634980715,46
colorado,duration_6h,sensitivity,evaluation,physical_recovery,2,3957,0.044008000525390965,0.09497931471227088,0.560020217336366,0.8369977255496588,0.9436441748799596,0.44773911453131693,46
colorado,duration_6h,sensitivity,evaluation,physical_recovery,3,3957,0.05766388807028215,0.1270703055865489,0.5494061157442507,0.8556987616881476,0.9330300732878444,0.46557027276079366,46
colorado,duration_6h,sensitivity,evaluation,physical_recovery,4,3957,0.06920039277234497,0.1618102937728078,0.5509224159716958,0.8526661612332576,0.9317664897649734,0.4857533193191585,46
colorado,duration_6h,sensitivity,evaluation,raw,1,3957,0.024221338213888784,0.030068382382672475,0.07303512762193581,0.17841799342936568,0.37048268890573666,0.150045979504723,46
colorado,duration_6h,sensitivity,evaluation,raw,2,3957,0.053805778605878096,0.09497931471227088,0.045489006823351025,0.12332575183219611,0.35633055344958303,0.40393841519954565,46
colorado,duration_6h,sensitivity,evaluation,raw,3,3957,0.07337565856830447,0.1270703055865489,0.0593884255749305,0.15870609047258025,0.3174121809451605,0.4006609576698507,46
colorado,duration_6h,sensitivity,evaluation,raw,4,3957,0.08776621606960706,0.1618102937728078,0.04953247409653778,0.12004043467273187,0.2693960070760677,0.40549563733220395,46
colorado,duration_6h,sensitivity,evaluation,recency,1,3957,0.018758513764758226,0.030068382382672475,0.5041698256254739,0.7978266363406621,0.9014404852160728,0.18552368071729494,46
colorado,duration_6h,sensitivity,evaluation,recency,2,3957,0.04478084285324159,0.09497931471227088,0.5056861258529188,0.7945413191811979,0.9140763204447814,0.44801356850798735,46
colorado,duration_6h,sensitivity,evaluation,recency,3,3957,0.05909999162155033,0.1270703055865489,0.4963356077836745,0.7965630528177913,0.9044730856709629,0.4658949388576854,46
colorado,duration_6h,sensitivity,evaluation,recency,4,3957,0.07063368364510561,0.1618102937728078,0.4920394238059136,0.8036391205458681,0.9072529694212788,0.485055146208185,46
colorado,duration_6h,sensitivity,warmup,physical,1,290,0.010849758716970581,0.010808125798739797,0.38275862068965516,0.7137931034482758,0.896551724137931,0.15368136144204209,4
colorado,duration_6h,sensitivity,warmup,physical,2,290,0.02914672446497272,0.03492099482415258,0.3310344827586207,0.6827586206896552,0.8517241379310345,0.47348957802534997,4
colorado,duration_6h,sensitivity,warmup,physical,3,290,0.03333128469825355,0.041524856994325565,0.3482758620689655,0.6689655172413793,0.8275862068965517,0.47260825688264935,4
colorado,duration_6h,sensitivity,warmup,physical,4,290,0.035521806942604345,0.04407339160161849,0.3758620689655172,0.6931034482758621,0.8517241379310345,0.4674876001031225,4
colorado,duration_6h,sensitivity,warmup,physical_availability,1,290,0.01084068709434085,0.010808125798739797,0.3793103448275862,0.7275862068965517,0.9,0.1537781397301167,4
colorado,duration_6h,sensitivity,warmup,physical_availability,2,290,0.029144032738719267,0.03492099482415258,0.3275862068965517,0.6862068965517242,0.8655172413793103,0.47362152218542286,4
colorado,duration_6h,sensitivity,warmup,physical_availability,3,290,0.033325394413665436,0.041524856994325565,0.35172413793103446,0.6758620689655173,0.8275862068965517,0.4726854001838395,4
colorado,duration_6h,sensitivity,warmup,physical_availability,4,290,0.03550340034305728,0.04407339160161849,0.3724137931034483,0.6931034482758621,0.8517241379310345,0.4677136404533532,4
colorado,duration_6h,sensitivity,warmup,physical_recovery,1,290,0.0107963466503075,0.010808125798739797,0.4068965517241379,0.7482758620689656,0.906896551724138,0.15417021839900533,4
colorado,duration_6h,sensitivity,warmup,physical_recovery,2,290,0.029093334824716967,0.03492099482415258,0.3413793103448276,0.7,0.8689655172413793,0.4739335484480123,4
colorado,duration_6h,sensitivity,warmup,physical_recovery,3,290,0.03327079246384555,0.041524856994325565,0.3724137931034483,0.7,0.8448275862068966,0.4730420959009557,4
colorado,duration_6h,sensitivity,warmup,physical_recovery,4,290,0.03531734530824998,0.04407339160161849,0.3931034482758621,0.7344827586206897,0.8620689655172413,0.46856239680030726,4
colorado,duration_6h,sensitivity,warmup,raw,1,290,0.011699702364570873,0.010808125798739797,0.1482758620689655,0.3931034482758621,0.7275862068965517,0.1487534218303015,4
colorado,duration_6h,sensitivity,warmup,raw,2,290,0.03087438919744712,0.03492099482415258,0.15862068965517243,0.3724137931034483,0.6586206896551724,0.4647173256727294,4
colorado,duration_6h,sensitivity,warmup,raw,3,290,0.03475220468633084,0.041524856994325565,0.19655172413793104,0.45517241379310347,0.6896551724137931,0.4650223194383826,4
colorado,duration_6h,sensitivity,warmup,raw,4,290,0.03806937945925035,0.04407339160161849,0.15172413793103448,0.3724137931034483,0.6172413793103448,0.4517986601074859,4
colorado,duration_6h,sensitivity,warmup,recency,1,290,0.011056715347838803,0.010808125798739797,0.3793103448275862,0.6655172413793103,0.8551724137931035,0.1529483430484639,4
colorado,duration_6h,sensitivity,warmup,recency,2,290,0.029462087121762823,0.03492099482415258,0.3275862068965517,0.6310344827586207,0.8241379310344827,0.4731384086896949,4
colorado,duration_6h,sensitivity,warmup,recency,3,290,0.03363412292978612,0.041524856994325565,0.35517241379310344,0.6448275862068965,0.803448275862069,0.472171584961109,4
colorado,duration_6h,sensitivity,warmup,recency,4,290,0.036035055677261174,0.04407339160161849,0.3482758620689655,0.6689655172413793,0.8310344827586207,0.4660538590562005,4
colorado,duration_24h,sensitivity,evaluation,physical,1,3957,0.022898379327514044,0.03492386166619185,0.5466262319939348,0.8390194591862522,0.9345463735152894,0.22421759891282195,46
colorado,duration_24h,sensitivity,evaluation,physical,2,3957,0.048592989900599695,0.10603088999391053,0.5519332827899924,0.8377558756633814,0.9426333080616629,0.45479885209860454,46
colorado,duration_24h,sensitivity,evaluation,physical,3,3957,0.061075847012475246,0.1339963462877616,0.5569876168814759,0.85039171089209,0.9332827899924185,0.47378530851705797,46
colorado,duration_24h,sensitivity,evaluation,physical,4,3957,0.07180501852869144,0.16870769985705503,0.55420773313116,0.8516552944149608,0.9360626737427344,0.4939474743969891,46
colorado,duration_24h,sensitivity,evaluation,physical_availability,1,3957,0.022875037320948272,0.03492386166619185,0.545362648471064,0.8390194591862522,0.9347990902198635,0.22422848011802113,46
colorado,duration_24h,sensitivity,evaluation,physical_availability,2,3957,0.04858623831101563,0.10603088999391053,0.5592620672226434,0.8400303260045489,0.9416224412433661,0.4548861298437078,46
colorado,duration_24h,sensitivity,evaluation,physical_availability,3,3957,0.061029155715980825,0.1339963462877616,0.5635582512004044,0.8508971443012383,0.9342936568107152,0.47399940506769606,46
colorado,duration_24h,sensitivity,evaluation,physical_availability,4,3957,0.071773450133661,0.16870769985705503,0.5617892342683851,0.8544351781652767,0.9373262572656053,0.49412648701387357,46
colorado,duration_24h,sensitivity,evaluation,physical_recovery,1,3957,0.022877374639566413,0.03492386166619185,0.5420773313115997,0.8377558756633814,0.9345463735152894,0.22423674446316447,46
colorado,duration_24h,sensitivity,evaluation,physical_recovery,2,3957,0.048598552612802284,0.10603088999391053,0.5564821834723275,0.837250442254233,0.9403588577204953,0.4548809479612576,46
colorado,duration_24h,sensitivity,evaluation,physical_recovery,3,3957,0.06106398995281934,0.1339963462877616,0.561536517563811,0.8496335607783675,0.934040940106141,0.4739142740984264,46
colorado,duration_24h,sensitivity,evaluation,physical_recovery,4,3957,0.07179699121166522,0.16870769985705503,0.563052817791256,0.854940611574425,0.9363153904473086,0.4941051415426891,46
colorado,duration_24h,sensitivity,evaluation,raw,1,3957,0.029319783761089048,0.03492386166619185,0.0758150113722517,0.17513267626990145,0.3616376042456406,0.18865945043671478,46
colorado,duration_24h,sensitivity,evaluation,raw,2,3957,0.05840581730546319,0.10603088999391053,0.04422542330048016,0.11953500126358352,0.33434420015163,0.4105841380778134,46
colorado,duration_24h,sensitivity,evaluation,raw,3,3957,0.07690146902789742,0.1339963462877616,0.05686125852918878,0.14935557240333586,0.29946929492039426,0.40856330464643503,46
colorado,duration_24h,sensitivity,evaluation,raw,4,3957,0.09002290390623452,0.16870769985705503,0.05079605761940864,0.11928228455900936,0.2630780894617134,0.4144074266068256,46
colorado,duration_24h,sensitivity,evaluation,recency,1,3957,0.02361306917613915,0.03492386166619185,0.5016426585797321,0.7955521859994946,0.903209502148092,0.22427809580386415,46
colorado,duration_24h,sensitivity,evaluation,recency,2,3957,0.0493281824035686,0.10603088999391053,0.5016426585797321,0.794794035885772,0.9140763204447814,0.45516911398874216,46
colorado,duration_24h,sensitivity,evaluation,recency,3,3957,0.06252514818650802,0.1339963462877616,0.4991154915339904,0.8051554207733131,0.9039676522618145,0.473421507502124,46
colorado,duration_24h,sensitivity,evaluation,recency,4,3957,0.07322810033694062,0.16870769985705503,0.4943138741470811,0.7983320697498104,0.9027040687389436,0.49273973590183734,46
colorado,duration_24h,sensitivity,warmup,physical,1,290,0.015223346391343545,0.013322781901261304,0.3689655172413793,0.7034482758620689,0.8931034482758621,0.19250412395990565,4
colorado,duration_24h,sensitivity,warmup,physical,2,290,0.033884827764564786,0.046358709345425755,0.32413793103448274,0.6551724137931034,0.8448275862068966,0.4807635342214746,4
colorado,duration_24h,sensitivity,warmup,physical,3,290,0.03683598017478304,0.04824596686289434,0.35517241379310344,0.6655172413793103,0.8137931034482758,0.47704627097828417,4
colorado,duration_24h,sensitivity,warmup,physical,4,290,0.03942965779223439,0.052661232851628874,0.3758620689655172,0.7103448275862069,0.8551724137931035,0.4735285137488726,4
colorado,duration_24h,sensitivity,warmup,physical_availability,1,290,0.01522560024525232,0.013322781901261304,0.3689655172413793,0.7034482758620689,0.8931034482758621,0.19257982818660102,4
colorado,duration_24h,sensitivity,warmup,physical_availability,2,290,0.033880017195719085,0.046358709345425755,0.32068965517241377,0.6586206896551724,0.8482758620689655,0.48085014480217014,4
colorado,duration_24h,sensitivity,warmup,physical_availability,3,290,0.03684294089940431,0.04824596686289434,0.35517241379310344,0.6620689655172414,0.8137931034482758,0.47698003030981717,4
colorado,duration_24h,sensitivity,warmup,physical_availability,4,290,0.03942096588633694,0.052661232851628874,0.3724137931034483,0.696551724137931,0.8517241379310345,0.4733354082048321,4
colorado,duration_24h,sensitivity,warmup,physical_recovery,1,290,0.015190078159696389,0.013322781901261304,0.4068965517241379,0.7206896551724138,0.896551724137931,0.19306509508389283,4
colorado,duration_24h,sensitivity,warmup,physical_recovery,2,290,0.03383340957629609,0.046358709345425755,0.33448275862068966,0.6724137931034483,0.8586206896551725,0.4810845816057327,4
colorado,duration_24h,sensitivity,warmup,physical_recovery,3,290,0.036809922461968084,0.04824596686289434,0.3793103448275862,0.6827586206896552,0.8206896551724138,0.47707794118521385,4
colorado,duration_24h,sensitivity,warmup,physical_recovery,4,290,0.03928281059158018,0.052661232851628874,0.3896551724137931,0.7344827586206897,0.8655172413793103,0.47400691707860576,4
colorado,duration_24h,sensitivity,warmup,raw,1,290,0.016059172735637235,0.013322781901261304,0.16206896551724137,0.4,0.7034482758620689,0.18776455915545587,4
colorado,duration_24h,sensitivity,warmup,raw,2,290,0.03548682287635187,0.046358709345425755,0.16551724137931034,0.3724137931034483,0.6517241379310345,0.4723979526727252,4
colorado,duration_24h,sensitivity,warmup,raw,3,290,0.03817179986793695,0.04824596686289434,0.2,0.4586206896551724,0.6724137931034483,0.4695348342104889,4
colorado,duration_24h,sensitivity,warmup,raw,4,290,0.041874632569383584,0.052661232851628874,0.16551724137931034,0.3793103448275862,0.6241379310344828,0.45807345034006003,4
colorado,duration_24h,sensitivity,warmup,recency,1,290,0.015393505706030182,0.013322781901261304,0.3793103448275862,0.6758620689655173,0.8655172413793103,0.1921472767426088,4
colorado,duration_24h,sensitivity,warmup,recency,2,290,0.034138468427998746,0.046358709345425755,0.32413793103448274,0.6241379310344828,0.8275862068965517,0.480640343758226,4
colorado,duration_24h,sensitivity,warmup,recency,3,290,0.03705960035264022,0.04824596686289434,0.3586206896551724,0.6413793103448275,0.8,0.4771294903784695,4
colorado,duration_24h,sensitivity,warmup,recency,4,290,0.039855597597205174,0.052661232851628874,0.3482758620689655,0.6724137931034483,0.8344827586206897,0.47277901956982055,4
colorado,backfill_60min,sensitivity,evaluation,physical,1,3957,0.019613470769910397,0.031245803538146922,0.5494061157442507,0.8420520596411423,0.9350518069244377,0.19848832274511585,46
colorado,backfill_60min,sensitivity,evaluation,physical,2,3957,0.045415025810596234,0.098771977649395,0.5552185999494567,0.8390194591862522,0.9411170078342178,0.4494716389018336,46
colorado,backfill_60min,sensitivity,evaluation,physical,3,3957,0.058271838049267353,0.12845408688368007,0.5529441496082891,0.8544351781652767,0.934040940106141,0.4681582374463628,46
colorado,backfill_60min,sensitivity,evaluation,physical,4,3957,0.06925301109319457,0.1622922659110973,0.5534495830174374,0.8541824614607025,0.9307556229466768,0.48808362374285735,46
colorado,backfill_60min,sensitivity,evaluation,physical_availability,1,3957,0.019584283289497968,0.031245803538146922,0.5489006823351024,0.8430629264594389,0.9360626737427344,0.1986255227393218,46
colorado,backfill_60min,sensitivity,evaluation,physical_availability,2,3957,0.045402705824783306,0.098771977649395,0.558756633813495,0.8417993429365681,0.9446550416982562,0.4496786649814463,46
colorado,backfill_60min,sensitivity,evaluation,physical_availability,3,3957,0.05823173873871989,0.12845408688368007,0.558756633813495,0.8567096285064443,0.9375789739701794,0.4685125369151126,46
colorado,backfill_60min,sensitivity,evaluation,physical_availability,4,3957,0.06921105095688884,0.1622922659110973,0.5602729340409401,0.8572150619155926,0.9345463735152894,0.48837788817763,46
colorado,backfill_60min,sensitivity,evaluation,physical_recovery,1,3957,0.01958482872196263,0.031245803538146922,0.5519332827899924,0.8428102097548648,0.9365681071518828,0.19865094061651992,46
colorado,backfill_60min,sensitivity,evaluation,physical_recovery,2,3957,0.04540643497784105,0.098771977649395,0.560020217336366,0.8423047763457164,0.9446550416982562,0.44972760382487337,46
colorado,backfill_60min,sensitivity,evaluation,physical_recovery,3,3957,0.05823295042092284,0.12845408688368007,0.5612838008592368,0.8589840788476119,0.9380844073793277,0.4685732607234688,46
colorado,backfill_60min,sensitivity,evaluation,physical_recovery,4,3957,0.06921346068120772,0.1622922659110973,0.5628001010866819,0.8587313621430377,0.935557240333586,0.4885192925174732,46
colorado,backfill_60min,sensitivity,evaluation,raw,1,3957,0.025901296204024704,0.031245803538146922,0.07480414455395501,0.17867071013393984,0.3712408390194592,0.16317221657783054,46
colorado,backfill_60min,sensitivity,evaluation,raw,2,3957,0.055125682420157404,0.098771977649395,0.04624715693707354,0.12383118524134445,0.34849633560778365,0.4060674496568341,46
colorado,backfill_60min,sensitivity,evaluation,raw,3,3957,0.07387902541283,0.12845408688368007,0.058124842052059644,0.15693707354056102,0.3141268637856962,0.4037550525071979,46
colorado,backfill_60min,sensitivity,evaluation,raw,4,3957,0.08742053780372137,0.1622922659110973,0.05104877432398282,0.12079858478645439,0.2688905736669194,0.40881934639425704,46
colorado,backfill_60min,sensitivity,evaluation,recency,1,3957,0.020347594909845227,0.031245803538146922,0.5011372251705838,0.7975739196360879,0.9019459186252211,0.19862547246432255,46
colorado,backfill_60min,sensitivity,evaluation,recency,2,3957,0.04617776136333348,0.098771977649395,0.5031589588071772,0.7945413191811979,0.9140763204447814,0.44966617023824557,46
colorado,backfill_60min,sensitivity,evaluation,recency,3,3957,0.0597017566725723,0.12845408688368007,0.49785190801111956,0.7993429365681072,0.9037149355572404,0.4680815617682018,46
colorado,backfill_60min,sensitivity,evaluation,recency,4,3957,0.07067872635505937,0.1622922659110973,0.49330300732878446,0.8001010866818297,0.9024513520343694,0.4871205002659928,46
colorado,backfill_60min,sensitivity,warmup,physical,1,290,0.013479845968845027,0.01151221844011876,0.3689655172413793,0.7137931034482758,0.896551724137931,0.17858715041864537,4
colorado,backfill_60min,sensitivity,warmup,physical,2,290,0.03184688639590852,0.04186694313309004,0.32068965517241377,0.6724137931034483,0.8551724137931035,0.47763916598648537,4
colorado,backfill_60min,sensitivity,warmup,physical,3,290,0.03418197090772913,0.041727034771064646,0.3586206896551724,0.6689655172413793,0.8241379310344827,0.47367232797718234,4
colorado,backfill_60min,sensitivity,warmup,physical,4,290,0.03566301630603083,0.04356630892276671,0.3724137931034483,0.7034482758620689,0.8586206896551725,0.4680261192444664,4
colorado,backfill_60min,sensitivity,warmup,physical_availability,1,290,0.01349557752663964,0.01151221844011876,0.3620689655172414,0.7103448275862069,0.896551724137931,0.1785599643117769,4
colorado,backfill_60min,sensitivity,warmup,physical_availability,2,290,0.03188039456914148,0.04186694313309004,0.32068965517241377,0.6620689655172414,0.8448275862068966,0.47746711407597797,4
colorado,backfill_60min,sensitivity,warmup,physical_availability,3,290,0.03419583236305964,0.041727034771064646,0.3482758620689655,0.6689655172413793,0.8310344827586207,0.47373902393580636,4
colorado,backfill_60min,sensitivity,warmup,physical_availability,4,290,0.03565457878950513,0.04356630892276671,0.3689655172413793,0.7034482758620689,0.8620689655172413,0.4682416077759208,4
colorado,backfill_60min,sensitivity,warmup,physical_recovery,1,290,0.013458672123167485,0.01151221844011876,0.3896551724137931,0.7275862068965517,0.9,0.17889367700059852,4
colorado,backfill_60min,sensitivity,warmup,physical_recovery,2,290,0.03182734235993628,0.04186694313309004,0.3310344827586207,0.6793103448275862,0.8551724137931035,0.4777855420958484,4
colorado,backfill_60min,sensitivity,warmup,physical_recovery,3,290,0.034135300218121334,0.041727034771064646,0.3724137931034483,0.7,0.8482758620689655,0.47413903163619303,4
colorado,backfill_60min,sensitivity,warmup,physical_recovery,4,290,0.035445007045080315,0.04356630892276671,0.38620689655172413,0.7413793103448276,0.8689655172413793,0.46901792757674576,4
colorado,backfill_60min,sensitivity,warmup,raw,1,290,0.014365912152953013,0.01151221844011876,0.1482758620689655,0.38275862068965516,0.7103448275862069,0.17366407497615602,4
colorado,backfill_60min,sensitivity,warmup,raw,2,290,0.033549994549506856,0.04186694313309004,0.15172413793103448,0.3586206896551724,0.6482758620689655,0.4687371994421649,4
colorado,backfill_60min,sensitivity,warmup,raw,3,290,0.03546825430880908,0.041727034771064646,0.20344827586206896,0.4689655172413793,0.696551724137931,0.4666697326732706,4
colorado,backfill_60min,sensitivity,warmup,raw,4,290,0.03811073231514534,0.04356630892276671,0.15862068965517243,0.38620689655172413,0.6379310344827587,0.45273743236827607,4
colorado,backfill_60min,sensitivity,warmup,recency,1,290,0.013661607398059659,0.01151221844011876,0.3793103448275862,0.6620689655172414,0.8586206896551725,0.17810161322099702,4
colorado,backfill_60min,sensitivity,warmup,recency,2,290,0.03214104209586213,0.04186694313309004,0.32068965517241377,0.6241379310344828,0.8241379310344827,0.4772806480680269,4
colorado,backfill_60min,sensitivity,warmup,recency,3,290,0.034454873247513056,0.041727034771064646,0.3586206896551724,0.6482758620689655,0.8068965517241379,0.47331097079822193,4
colorado,backfill_60min,sensitivity,warmup,recency,4,290,0.03616607538872496,0.04356630892276671,0.3482758620689655,0.6689655172413793,0.8310344827586207,0.46665553628769507,4
colorado,channel_gap_6h,sensitivity,evaluation,physical,1,3957,0.02151245672914522,0.035203448043944485,0.5451099317664898,0.8377558756633814,0.9322719231741218,0.2099440120248126,46
colorado,channel_gap_6h,sensitivity,evaluation,physical,2,3957,0.04689716058669556,0.10316691274551484,0.5529441496082891,0.8354814253222138,0.9373262572656053,0.4522881918563853,46
colorado,channel_gap_6h,sensitivity,evaluation,physical,3,3957,0.05949890798388168,0.13125837276802313,0.5504169825625473,0.8506444275966641,0.9335355066969927,0.46948035717346354,46
colorado,channel_gap_6h,sensitivity,evaluation,physical,4,3957,0.07035523393395503,0.16603714530215502,0.5524387161991408,0.8531715946424059,0.9325246398786959,0.48921919806014247,46
colorado,channel_gap_6h,sensitivity,evaluation,physical_availability,1,3957,0.021489257089182125,0.035203448043944485,0.5367702805155421,0.8327015415718979,0.9294920394238059,0.20980536926278684,46
colorado,channel_gap_6h,sensitivity,evaluation,physical_availability,2,3957,0.04690299902362073,0.10316691274551484,0.549911549153399,0.8306798079353045,0.9353045236290118,0.4517477264265795,46
colorado,channel_gap_6h,sensitivity,evaluation,physical_availability,3,3957,0.05951483585490637,0.13125837276802313,0.5501642658579732,0.8473591104371999,0.9292393227192317,0.4691737724004607,46
colorado,channel_gap_6h,sensitivity,evaluation,physical_availability,4,3957,0.07037338406307174,0.16603714530215502,0.5526914329037149,0.8498862774829417,0.9299974728329543,0.4888577060527136,46
colorado,channel_gap_6h,sensitivity,evaluation,physical_recovery,1,3957,0.02148783182194137,0.035203448043944485,0.5390447308567097,0.8352287086176396,0.9302501895375285,0.20985892103629533,46
colorado,channel_gap_6h,sensitivity,evaluation,physical_recovery,2,3957,0.046900039970305125,0.10316691274551484,0.5529441496082891,0.8329542582764721,0.9363153904473086,0.45185641524700926,46
colorado,channel_gap_6h,sensitivity,evaluation,physical_recovery,3,3957,0.059500498054409066,0.13125837276802313,0.5539550164265858,0.8514025777103866,0.9302501895375285,0.46933910129575546,46
colorado,channel_gap_6h,sensitivity,evaluation,physical_recovery,4,3957,0.07038467920315694,0.16603714530215502,0.5526914329037149,0.8493808440737933,0.9302501895375285,0.4889131339456015,46
colorado,channel_gap_6h,sensitivity,evaluation,raw,1,3957,0.028035613308109174,0.035203448043944485,0.07177154409906494,0.17386909274703058,0.36138488754106646,0.1737105190270437,46
colorado,channel_gap_6h,sensitivity,evaluation,raw,2,3957,0.056983259061622035,0.10316691274551484,0.043214556482183475,0.11902956785443518,0.3409148344705585,0.40680873424034475,46
colorado,channel_gap_6h,sensitivity,evaluation,raw,3,3957,0.07549094602315928,0.13125837276802313,0.058377558756633814,0.1536517563810968,0.30755622946676775,0.4034407934373464,46
colorado,channel_gap_6h,sensitivity,evaluation,raw,4,3957,0.08894869927170423,0.16603714530215502,0.04902704068738944,0.118776851149861,0.2648471063937326,0.40811845934425023,46
colorado,channel_gap_6h,sensitivity,evaluation,recency,1,3957,0.022248035867193063,0.035203448043944485,0.5018953752843063,0.7952994692949203,0.9044730856709629,0.21023037026812116,46
colorado,channel_gap_6h,sensitivity,evaluation,recency,2,3957,0.04766182134087071,0.10316691274551484,0.5046752590346222,0.7968157695223654,0.9115491533990396,0.4527738159867119,46
colorado,channel_gap_6h,sensitivity,evaluation,recency,3,3957,0.060941680415508424,0.13125837276802313,0.49684104119282285,0.7958049027040688,0.9037149355572404,0.46971638339902394,46
colorado,channel_gap_6h,sensitivity,evaluation,recency,4,3957,0.07183471057936645,0.16603714530215502,0.49406115744250695,0.8018701036138489,0.903209502148092,0.4885494358392655,46
colorado,channel_gap_6h,sensitivity,warmup,physical,1,290,0.014043651531611936,0.013177782624188053,0.3620689655172414,0.7068965517241379,0.896551724137931,0.1821252408352359,4
colorado,channel_gap_6h,sensitivity,warmup,physical,2,290,0.031938811200341685,0.04226570613498353,0.31724137931034485,0.6724137931034483,0.8551724137931035,0.4777373482471361,4
colorado,channel_gap_6h,sensitivity,warmup,physical,3,290,0.03437445820367335,0.04192133199467049,0.35172413793103446,0.6689655172413793,0.8206896551724138,0.47403958610633845,4
colorado,channel_gap_6h,sensitivity,warmup,physical,4,290,0.03607488639496802,0.04421899121768469,0.3724137931034483,0.696551724137931,0.8551724137931035,0.46893457063863814,4
colorado,channel_gap_6h,sensitivity,warmup,physical_availability,1,290,0.01405256255366839,0.013177782624188053,0.3586206896551724,0.7137931034482758,0.8931034482758621,0.18212474172795023,4
colorado,channel_gap_6h,sensitivity,warmup,physical_availability,2,290,0.03196844504484112,0.04226570613498353,0.3137931034482759,0.6620689655172414,0.8517241379310345,0.4776468233508433,4
colorado,channel_gap_6h,sensitivity,warmup,physical_availability,3,290,0.03441421329666448,0.04192133199467049,0.3448275862068966,0.6586206896551724,0.8241379310344827,0.47387571928525923,4
colorado,channel_gap_6h,sensitivity,warmup,physical_availability,4,290,0.03607179511559606,0.04421899121768469,0.36551724137931035,0.696551724137931,0.8586206896551725,0.46883775248456827,4
colorado,channel_gap_6h,sensitivity,warmup,physical_recovery,1,290,0.014015828608083992,0.013177782624188053,0.39655172413793105,0.7275862068965517,0.9,0.18246329431977826,4
colorado,channel_gap_6h,sensitivity,warmup,physical_recovery,2,290,0.031905797758869744,0.04226570613498353,0.32068965517241377,0.6862068965517242,0.8655172413793103,0.4778928584955926,4
colorado,channel_gap_6h,sensitivity,warmup,physical_recovery,3,290,0.034350231137876566,0.04192133199467049,0.38275862068965516,0.6862068965517242,0.8379310344827586,0.47422268197889605,4
colorado,channel_gap_6h,sensitivity,warmup,physical_recovery,4,290,0.035926675860546854,0.04421899121768469,0.3793103448275862,0.7344827586206897,0.8655172413793103,0.46929349736381726,4
colorado,channel_gap_6h,sensitivity,warmup,raw,1,290,0.014941743264677329,0.013177782624188053,0.14482758620689656,0.3758620689655172,0.7,0.1770601923482529,4
colorado,channel_gap_6h,sensitivity,warmup,raw,2,290,0.033655683729785196,0.04226570613498353,0.1482758620689655,0.3586206896551724,0.6482758620689655,0.4688466017496847,4
colorado,channel_gap_6h,sensitivity,warmup,raw,3,290,0.03574405777210118,0.04192133199467049,0.2,0.4517241379310345,0.6862068965517242,0.4665853218137415,4
colorado,channel_gap_6h,sensitivity,warmup,raw,4,290,0.03859265158452932,0.04421899121768469,0.15517241379310345,0.38275862068965516,0.6275862068965518,0.45314920577105383,4
colorado,channel_gap_6h,sensitivity,warmup,recency,1,290,0.014225247473698197,0.013177782624188053,0.3793103448275862,0.6586206896551724,0.8586206896551725,0.1816541703594862,4
colorado,channel_gap_6h,sensitivity,warmup,recency,2,290,0.03222630404568784,0.04226570613498353,0.31724137931034485,0.6206896551724138,0.8241379310344827,0.4773256670088016,4
colorado,channel_gap_6h,sensitivity,warmup,recency,3,290,0.03465489920088142,0.04192133199467049,0.35517241379310344,0.6448275862068965,0.8068965517241379,0.47367091564534997,4
colorado,channel_gap_6h,sensitivity,warmup,recency,4,290,0.036573148976612624,0.04421899121768469,0.3482758620689655,0.6689655172413793,0.8310344827586207,0.46733154528341575,4
colorado,schedule_seed_2,sensitivity,evaluation,physical,1,3957,0.018953649425353162,0.030984862084996106,0.5504169825625473,0.8440737932777357,0.9337882234015669,0.19304766968600276,46
colorado,schedule_seed_2,sensitivity,evaluation,physical,2,3957,0.044631362678557704,0.09625939583113843,0.5585039171089209,0.8410411928228456,0.9406115744250695,0.44865414290978956,46
colorado,schedule_seed_2,sensitivity,evaluation,physical,3,3957,0.05777446888477333,0.12632370173520696,0.5516805660854183,0.8574677786201668,0.935557240333586,0.466637348110107,46
colorado,schedule_seed_2,sensitivity,evaluation,physical,4,3957,0.06894562828699266,0.16066597097937696,0.5547131665403083,0.8554460449835735,0.935557240333586,0.48642125574460354,46
colorado,schedule_seed_2,sensitivity,evaluation,physical_availability,1,3957,0.01894691398055221,0.030984862084996106,0.5466262319939348,0.8430629264594389,0.9322719231741218,0.19296760939895416,46
colorado,schedule_seed_2,sensitivity,evaluation,physical_availability,2,3957,0.04462726044481396,0.09625939583113843,0.5579984836997726,0.8425574930502906,0.9408642911296436,0.44870946757041036,46
colorado,schedule_seed_2,sensitivity,evaluation,physical_availability,3,3957,0.05776149800321988,0.12632370173520696,0.5574930502906242,0.8554460449835735,0.935557240333586,0.4667089319719351,46
colorado,schedule_seed_2,sensitivity,evaluation,physical_availability,4,3957,0.06892888334132567,0.16066597097937696,0.5574930502906242,0.8546878948698509,0.9368208238564569,0.48663260554050597,46
colorado,schedule_seed_2,sensitivity,evaluation,physical_recovery,1,3957,0.018946209929504288,0.030984862084996106,0.5506696992671215,0.8443265099823098,0.9327773565832701,0.19302144808081004,46
colorado,schedule_seed_2,sensitivity,evaluation,physical_recovery,2,3957,0.044632716191677996,0.09625939583113843,0.5590093505180692,0.8407884761182715,0.9428860247662371,0.44862833082658565,46
colorado,schedule_seed_2,sensitivity,evaluation,physical_recovery,3,3957,0.0577835575429163,0.12632370173520696,0.5567349001769017,0.856204195097296,0.9360626737427344,0.46662638863084155,46
colorado,schedule_seed_2,sensitivity,evaluation,physical_recovery,4,3957,0.06894592576510179,0.16066597097937696,0.5582512004043467,0.8544351781652767,0.9365681071518828,0.4866163626372011,46
colorado,schedule_seed_2,sensitivity,evaluation,raw,1,3957,0.025222583300570124,0.030984862084996106,0.07379327773565833,0.1753853929744756,0.3689663886782916,0.1574900256434809,46
colorado,schedule_seed_2,sensitivity,evaluation,raw,2,3957,0.05442830482040291,0.09625939583113843,0.04422542330048016,0.12105130149102855,0.35178165276724793,0.40471936170289524,46
colorado,schedule_seed_2,sensitivity,evaluation,raw,3,3957,0.07346708358592728,0.12632370173520696,0.058124842052059644,0.1544099064948193,0.31109426333080614,0.4019745549775188,46
colorado,schedule_seed_2,sensitivity,evaluation,raw,4,3957,0.0872774386117913,0.16066597097937696,0.050037907505686124,0.12079858478645439,0.2688905736669194,0.4067594406980708,46
colorado,schedule_seed_2,sensitivity,evaluation,recency,1,3957,0.019706645218130422,0.030984862084996106,0.5021480919888804,0.7958049027040688,0.9027040687389436,0.19321781106680494,46
colorado,schedule_seed_2,sensitivity,evaluation,recency,2,3957,0.04541508853576748,0.09625939583113843,0.5041698256254739,0.7940358857720495,0.9133181703310589,0.4487481993368778,46
colorado,schedule_seed_2,sensitivity,evaluation,recency,3,3957,0.05924891458161046,0.12632370173520696,0.4993682082385646,0.7978266363406621,0.9039676522618145,0.4665517489470479,46
colorado,schedule_seed_2,sensitivity,evaluation,recency,4,3957,0.07039393855782566,0.16066597097937696,0.4925448572150619,0.8018701036138489,0.9057366691938337,0.4853883296092721,46
colorado,schedule_seed_2,sensitivity,warmup,physical,1,290,0.011745761882502077,0.011035106500038987,0.38620689655172413,0.7241379310344828,0.8862068965517241,0.16107098594059532,4
colorado,schedule_seed_2,sensitivity,warmup,physical,2,290,0.030468652321162477,0.03813990803772226,0.32413793103448274,0.6517241379310345,0.8482758620689655,0.4758418758121589,4
colorado,schedule_seed_2,sensitivity,warmup,physical,3,290,0.034000500015615415,0.041969757096467414,0.3620689655172414,0.6793103448275862,0.8241379310344827,0.47401825593852864,4
colorado,schedule_seed_2,sensitivity,warmup,physical,4,290,0.03563881113553442,0.04322996569346258,0.3758620689655172,0.7,0.8586206896551725,0.4685554161987428,4
colorado,schedule_seed_2,sensitivity,warmup,physical_availability,1,290,0.011742779549060342,0.011035106500038987,0.38275862068965516,0.7241379310344828,0.8896551724137931,0.16099704477306687,4
colorado,schedule_seed_2,sensitivity,warmup,physical_availability,2,290,0.030471173167491934,0.03813990803772226,0.32413793103448274,0.6620689655172414,0.8551724137931035,0.4758913731885197,4
colorado,schedule_seed_2,sensitivity,warmup,physical_availability,3,290,0.034003781769442784,0.041969757096467414,0.35517241379310344,0.6827586206896552,0.8310344827586207,0.47408794497611223,4
colorado,schedule_seed_2,sensitivity,warmup,physical_availability,4,290,0.03559153354628604,0.04322996569346258,0.3758620689655172,0.7068965517241379,0.8620689655172413,0.46886456615189687,4
colorado,schedule_seed_2,sensitivity,warmup,physical_recovery,1,290,0.01170031765060438,0.011035106500038987,0.40344827586206894,0.7413793103448276,0.9,0.16145895866865476,4
colorado,schedule_seed_2,sensitivity,warmup,physical_recovery,2,290,0.030411706677750307,0.03813990803772226,0.3275862068965517,0.6724137931034483,0.8551724137931035,0.47610350039237614,4
colorado,schedule_seed_2,sensitivity,warmup,physical_recovery,3,290,0.03392804212805004,0.041969757096467414,0.3931034482758621,0.7068965517241379,0.8517241379310345,0.4745414923022859,4
colorado,schedule_seed_2,sensitivity,warmup,physical_recovery,4,290,0.035378191083038364,0.04322996569346258,0.3896551724137931,0.7655172413793103,0.8793103448275862,0.46962562909365035,4
colorado,schedule_seed_2,sensitivity,warmup,raw,1,290,0.012641997448893971,0.011035106500038987,0.15172413793103448,0.3793103448275862,0.7103448275862069,0.15578564914779022,4
colorado,schedule_seed_2,sensitivity,warmup,raw,2,290,0.032304332942950084,0.03813990803772226,0.14482758620689656,0.33793103448275863,0.6172413793103448,0.466555721298326,4
colorado,schedule_seed_2,sensitivity,warmup,raw,3,290,0.035415956733963916,0.041969757096467414,0.2,0.43448275862068964,0.6724137931034483,0.4663880325354093,4
colorado,schedule_seed_2,sensitivity,warmup,raw,4,290,0.03820454643677526,0.04322996569346258,0.13793103448275862,0.3620689655172414,0.6,0.4527076503786253,4
colorado,schedule_seed_2,sensitivity,warmup,recency,1,290,0.011944566393719649,0.011035106500038987,0.3758620689655172,0.6862068965517242,0.8689655172413793,0.16068905768881891,4
colorado,schedule_seed_2,sensitivity,warmup,recency,2,290,0.030763324736821702,0.03813990803772226,0.32068965517241377,0.6172413793103448,0.8103448275862069,0.475414289221313,4
colorado,schedule_seed_2,sensitivity,warmup,recency,3,290,0.03430052441772641,0.041969757096467414,0.3620689655172414,0.6482758620689655,0.8068965517241379,0.473510747618072,4
colorado,schedule_seed_2,sensitivity,warmup,recency,4,290,0.03616463674656105,0.04322996569346258,0.3448275862068966,0.6620689655172414,0.8344827586206897,0.4667576313505654,4
colorado,schedule_seed_3,sensitivity,evaluation,physical,1,3957,0.01987240663949271,0.03193641456858736,0.5491533990396765,0.837250442254233,0.9358099570381602,0.1994858539704423,46
colorado,schedule_seed_3,sensitivity,evaluation,physical,2,3957,0.045595095240113716,0.09945857669043023,0.5501642658579732,0.838766742481678,0.9411170078342178,0.44982869726649943,46
colorado,schedule_seed_3,sensitivity,evaluation,physical,3,3957,0.0585708268443488,0.12946992002659385,0.5539550164265858,0.8536770280515542,0.9327773565832701,0.4677147823675856,46
colorado,schedule_seed_3,sensitivity,evaluation,physical,4,3957,0.06956356352952141,0.1637144683416639,0.5534495830174374,0.8536770280515542,0.934040940106141,0.4872181744842839,46
colorado,schedule_seed_3,sensitivity,evaluation,physical_availability,1,3957,0.019834744986107107,0.03193641456858736,0.5461207985847865,0.8390194591862522,0.935557240333586,0.1995319584249242,46
colorado,schedule_seed_3,sensitivity,evaluation,physical_availability,2,3957,0.0455847922710577,0.09945857669043023,0.5531968663128632,0.8400303260045489,0.9436441748799596,0.44997494417235256,46
colorado,schedule_seed_3,sensitivity,evaluation,physical_availability,3,3957,0.05855915106715971,0.12946992002659385,0.5539550164265858,0.8531715946424059,0.9327773565832701,0.4678268721496003,46
colorado,schedule_seed_3,sensitivity,evaluation,physical_availability,4,3957,0.06955622629813983,0.1637144683416639,0.5554713166540308,0.8526661612332576,0.9347990902198635,0.48734033166754825,46
colorado,schedule_seed_3,sensitivity,evaluation,physical_recovery,1,3957,0.0198360419651713,0.03193641456858736,0.5466262319939348,0.838766742481678,0.9360626737427344,0.1995801386327325,46
colorado,schedule_seed_3,sensitivity,evaluation,physical_recovery,2,3957,0.04559065320939749,0.09945857669043023,0.5534495830174374,0.840283042709123,0.9449077584028305,0.4499997343320726,46
colorado,schedule_seed_3,sensitivity,evaluation,physical_recovery,3,3957,0.05857333720122828,0.12946992002659385,0.5531968663128632,0.8556987616881476,0.9360626737427344,0.4679606670746317,46
colorado,schedule_seed_3,sensitivity,evaluation,physical_recovery,4,3957,0.06957640155063084,0.1637144683416639,0.5564821834723275,0.8521607278241091,0.9335355066969927,0.48740079802353753,46
colorado,schedule_seed_3,sensitivity,evaluation,raw,1,3957,0.026249895237393565,0.03193641456858736,0.07252969421278746,0.17361637604245642,0.36492292140510485,0.163995457503093,46
colorado,schedule_seed_3,sensitivity,evaluation,raw,2,3957,0.0554885295863849,0.09945857669043023,0.04397270659590599,0.12079858478645439,0.3447055850391711,0.4057828652025158,46
colorado,schedule_seed_3,sensitivity,evaluation,raw,3,3957,0.07438490772005961,0.12946992002659385,0.0576194086429113,0.15491533990396766,0.3088198129896386,0.4024900423180843,46
colorado,schedule_seed_3,sensitivity,evaluation,raw,4,3957,0.08806612582755538,0.1637144683416639,0.04877432398281526,0.12029315137730603,0.26661612332575185,0.4068769576686614,46
colorado,schedule_seed_3,sensitivity,evaluation,recency,1,3957,0.020609009930531698,0.03193641456858736,0.5034116755117514,0.7983320697498104,0.9049785190801112,0.19965976867439236,46
colorado,schedule_seed_3,sensitivity,evaluation,recency,2,3957,0.046355903058456605,0.09945857669043023,0.5029062421026029,0.7968157695223654,0.9123073035127622,0.45003008094285574,46
colorado,schedule_seed_3,sensitivity,evaluation,recency,3,3957,0.060024322098780475,0.12946992002659385,0.49684104119282285,0.7983320697498104,0.9039676522618145,0.467893828383655,46
colorado,schedule_seed_3,sensitivity,evaluation,recency,4,3957,0.07103709674275309,0.1637144683416639,0.4948193075562295,0.8033864038412939,0.9072529694212788,0.4864313981241748,46
colorado,schedule_seed_3,sensitivity,warmup,physical,1,290,0.014159562967018839,0.012424487911171072,0.3689655172413793,0.7068965517241379,0.8827586206896552,0.18348424184267156,4
colorado,schedule_seed_3,sensitivity,warmup,physical,2,290,0.03249723175421848,0.04349531745817575,0.32413793103448274,0.6655172413793103,0.8517241379310345,0.4787068346182631,4
colorado,schedule_seed_3,sensitivity,warmup,physical,3,290,0.034525047772380885,0.04365569886025216,0.3482758620689655,0.6620689655172414,0.8,0.47385840045154465,4
colorado,schedule_seed_3,sensitivity,warmup,physical,4,290,0.03579569258782999,0.04474932041316204,0.3793103448275862,0.7034482758620689,0.8517241379310345,0.46774297972257634,4
colorado,schedule_seed_3,sensitivity,warmup,physical_availability,1,290,0.014155213666118611,0.012424487911171072,0.3620689655172414,0.7,0.8793103448275862,0.18338228054730205,4
colorado,schedule_seed_3,sensitivity,warmup,physical_availability,2,290,0.03250585481870392,0.04349531745817575,0.3137931034482759,0.6620689655172414,0.8517241379310345,0.4787086479734518,4
colorado,schedule_seed_3,sensitivity,warmup,physical_availability,3,290,0.034524297720106886,0.04365569886025216,0.33448275862068966,0.6655172413793103,0.803448275862069,0.47379141473929165,4
colorado,schedule_seed_3,sensitivity,warmup,physical_availability,4,290,0.03579504287696765,0.04474932041316204,0.3758620689655172,0.7034482758620689,0.8517241379310345,0.4677881503091922,4
colorado,schedule_seed_3,sensitivity,warmup,physical_recovery,1,290,0.01411559407533749,0.012424487911171072,0.3896551724137931,0.7206896551724138,0.8862068965517241,0.1839089241129834,4
colorado,schedule_seed_3,sensitivity,warmup,physical_recovery,2,290,0.03243589305105727,0.04349531745817575,0.33793103448275863,0.6827586206896552,0.8620689655172413,0.4790425810419645,4
colorado,schedule_seed_3,sensitivity,warmup,physical_recovery,3,290,0.034441733486277416,0.04365569886025216,0.3758620689655172,0.6896551724137931,0.8344827586206897,0.47423647214099834,4
colorado,schedule_seed_3,sensitivity,warmup,physical_recovery,4,290,0.03566124063563815,0.04474932041316204,0.3931034482758621,0.7379310344827587,0.8620689655172413,0.46863827627415977,4
colorado,schedule_seed_3,sensitivity,warmup,raw,1,290,0.015114088164868722,0.012424487911171072,0.13793103448275862,0.36551724137931035,0.6931034482758621,0.17822443751436112,4
colorado,schedule_seed_3,sensitivity,warmup,raw,2,290,0.0342673051125309,0.04349531745817575,0.15172413793103448,0.3413793103448276,0.6275862068965518,0.4696239741406022,4
colorado,schedule_seed_3,sensitivity,warmup,raw,3,290,0.03593605282632356,0.04365569886025216,0.19310344827586207,0.4482758620689655,0.6793103448275862,0.46607097435760625,4
colorado,schedule_seed_3,sensitivity,warmup,raw,4,290,0.03837582026521743,0.04474932041316204,0.1482758620689655,0.3689655172413793,0.6206896551724138,0.45201411367515587,4
colorado,schedule_seed_3,sensitivity,warmup,recency,1,290,0.014314036755600936,0.012424487911171072,0.38275862068965516,0.6827586206896552,0.8482758620689655,0.18316721995185972,4
colorado,schedule_seed_3,sensitivity,warmup,recency,2,290,0.032755538259875434,0.04349531745817575,0.32413793103448274,0.6344827586206897,0.8241379310344827,0.478471020045312,4
colorado,schedule_seed_3,sensitivity,warmup,recency,3,290,0.034783246427610916,0.04365569886025216,0.35172413793103446,0.6482758620689655,0.8,0.4736360192176166,4
colorado,schedule_seed_3,sensitivity,warmup,recency,4,290,0.03630950918056511,0.04474932041316204,0.3482758620689655,0.6655172413793103,0.8275862068965517,0.46625011962012686,4
colorado,narrow_quality,sensitivity,evaluation,physical,1,3957,0.017492349572627106,0.026321735353041824,0.5241344452868335,0.8220874399797826,0.92671215567349,0.20409956970273216,46
colorado,narrow_quality,sensitivity,evaluation,physical,2,3957,0.047767095428074585,0.10913176089094999,0.5433409148344706,0.8377558756633814,0.9396007076067728,0.44466155381190725,46
colorado,narrow_quality,sensitivity,evaluation,physical,3,3957,0.061128149825259576,0.13835838797155733,0.564569118018701,0.8524134445286834,0.9380844073793277,0.471208291834726,46
colorado,narrow_quality,sensitivity,evaluation,physical,4,3957,0.0681122649331641,0.1563478953816151,0.5559767500631791,0.8508971443012383,0.925195855446045,0.4993936133229213,46
colorado,narrow_quality,sensitivity,evaluation,physical_availability,1,3957,0.01742596196923596,0.026321735353041824,0.5173110942633308,0.8215820065706343,0.9269648723780642,0.20389735009854018,46
colorado,narrow_quality,sensitivity,evaluation,physical_availability,2,3957,0.047764332942191456,0.10913176089094999,0.5471316654030831,0.8382613090725297,0.9396007076067728,0.4446538000031648,46
colorado,narrow_quality,sensitivity,evaluation,physical_availability,3,3957,0.061123278815635014,0.13835838797155733,0.5653272681324235,0.8508971443012383,0.9365681071518828,0.4714714602449397,46
colorado,narrow_quality,sensitivity,evaluation,physical_availability,4,3957,0.06809159866104392,0.1563478953816151,0.5610310841546626,0.8524134445286834,0.9257012888551933,0.49960644879052657,46
colorado,narrow_quality,sensitivity,evaluation,physical_recovery,1,3957,0.01742435975001899,0.026321735353041824,0.5195855446044984,0.8230983067980794,0.9274703057872126,0.2039893408594275,46
colorado,narrow_quality,sensitivity,evaluation,physical_recovery,2,3957,0.04777191348654955,0.10913176089094999,0.5473843821076573,0.8385140257771039,0.9380844073793277,0.4446689220221461,46
colorado,narrow_quality,sensitivity,evaluation,physical_recovery,3,3957,0.06114759489935154,0.13835838797155733,0.5640636846095527,0.8488754106646449,0.935557240333586,0.4715048992130417,46
colorado,narrow_quality,sensitivity,evaluation,physical_recovery,4,3957,0.06812654281468931,0.1563478953816151,0.5622946676775334,0.85342431134698,0.9262067222643416,0.49968689826497487,46
colorado,narrow_quality,sensitivity,evaluation,raw,1,3957,0.019770614527101597,0.026321735353041824,0.10639373262572656,0.2704068738943644,0.5537022997220116,0.19070745750830168,46
colorado,narrow_quality,sensitivity,evaluation,raw,2,3957,0.05595428862900659,0.10913176089094999,0.058630275461207984,0.14682840535759414,0.3411675511751327,0.4064628841798849,46
colorado,narrow_quality,sensitivity,evaluation,raw,3,3957,0.07901764176839704,0.13835838797155733,0.0813747788728835,0.15264088956280011,0.2987111448066717,0.39577418553116134,46
colorado,narrow_quality,sensitivity,evaluation,raw,4,3957,0.08756767733768393,0.1563478953816151,0.051806924437705335,0.1354561536517564,0.3388931008339651,0.40848729486930496,46
colorado,narrow_quality,sensitivity,evaluation,recency,1,3957,0.017874479987493013,0.026321735353041824,0.4963356077836745,0.7950467525903462,0.9064948193075563,0.20450972216092975,46
colorado,narrow_quality,sensitivity,evaluation,recency,2,3957,0.048355357036917374,0.10913176089094999,0.4960828910791003,0.7927723022491787,0.9077584028304271,0.44506456998292354,46
colorado,narrow_quality,sensitivity,evaluation,recency,3,3957,0.06293285446334465,0.13835838797155733,0.5036643922163255,0.799090219863533,0.9057366691938337,0.47114353072570636,46
colorado,narrow_quality,sensitivity,evaluation,recency,4,3957,0.07001633681750302,0.1563478953816151,0.5001263583522871,0.796057619408643,0.8951225676017185,0.4976748438875099,46
colorado,narrow_quality,sensitivity,warmup,physical,1,290,0.01223731411600123,0.008982690403510206,0.4379310344827586,0.7482758620689656,0.8896551724137931,0.19942105559715656,4
colorado,narrow_quality,sensitivity,warmup,physical,2,290,0.03207874435473551,0.044803821936365326,0.35172413793103446,0.6586206896551724,0.8689655172413793,0.46836294174874993,4
colorado,narrow_quality,sensitivity,warmup,physical,3,290,0.03756925188671029,0.052991040862225544,0.36551724137931035,0.6655172413793103,0.8344827586206897,0.456970705674957,4
colorado,narrow_quality,sensitivity,warmup,physical,4,290,0.03566619160871891,0.04383190454937603,0.40344827586206894,0.7103448275862069,0.8620689655172413,0.46495832814631716,4
colorado,narrow_quality,sensitivity,warmup,physical_availability,1,290,0.012240677875567341,0.008982690403510206,0.4379310344827586,0.7517241379310344,0.8896551724137931,0.19939401299773876,4
colorado,narrow_quality,sensitivity,warmup,physical_availability,2,290,0.03210550566675875,0.044803821936365326,0.33793103448275863,0.6586206896551724,0.8586206896551725,0.46808150655541536,4
colorado,narrow_quality,sensitivity,warmup,physical_availability,3,290,0.03755019598812897,0.052991040862225544,0.3689655172413793,0.6655172413793103,0.8344827586206897,0.4572224379709936,4
colorado,narrow_quality,sensitivity,warmup,physical_availability,4,290,0.035630203314784774,0.04383190454937603,0.4,0.7068965517241379,0.8655172413793103,0.4652569622293716,4
colorado,narrow_quality,sensitivity,warmup,physical_recovery,1,290,0.01223168587088543,0.008982690403510206,0.4689655172413793,0.7655172413793103,0.9,0.19954684964538844,4
colorado,narrow_quality,sensitivity,warmup,physical_recovery,2,290,0.03208784440117775,0.044803821936365326,0.3689655172413793,0.6724137931034483,0.8655172413793103,0.46810274239235367,4
colorado,narrow_quality,sensitivity,warmup,physical_recovery,3,290,0.03748482847840858,0.052991040862225544,0.3793103448275862,0.6724137931034483,0.8413793103448276,0.45752837048930156,4
colorado,narrow_quality,sensitivity,warmup,physical_recovery,4,290,0.0355754458518469,0.04383190454937603,0.4103448275862069,0.7137931034482758,0.8655172413793103,0.4657579350307985,4
colorado,narrow_quality,sensitivity,warmup,raw,1,290,0.012389275848084635,0.008982690403510206,0.28620689655172415,0.5620689655172414,0.8551724137931035,0.19862361161254233,4
colorado,narrow_quality,sensitivity,warmup,raw,2,290,0.03314891749818751,0.044803821936365326,0.25517241379310346,0.46551724137931033,0.7793103448275862,0.4656834223982703,4
colorado,narrow_quality,sensitivity,warmup,raw,3,290,0.04007869111129423,0.052991040862225544,0.15517241379310345,0.3758620689655172,0.6137931034482759,0.44276157330300836,4
colorado,narrow_quality,sensitivity,warmup,raw,4,290,0.03757275885325037,0.04383190454937603,0.2103448275862069,0.40344827586206894,0.6896551724137931,0.45533018780709755,4
colorado,narrow_quality,sensitivity,warmup,recency,1,290,0.012268298641513277,0.008982690403510206,0.4379310344827586,0.7379310344827587,0.8896551724137931,0.19940923551902404,4
colorado,narrow_quality,sensitivity,warmup,recency,2,290,0.03225914492605165,0.044803821936365326,0.35517241379310344,0.6482758620689655,0.8551724137931035,0.46853860534169867,4
colorado,narrow_quality,sensitivity,warmup,recency,3,290,0.038058984275561966,0.052991040862225544,0.35517241379310344,0.6172413793103448,0.803448275862069,0.4558520577648431,4
colorado,narrow_quality,sensitivity,warmup,recency,4,290,0.03611905474908532,0.04383190454937603,0.3724137931034483,0.6655172413793103,0.8586206896551725,0.46387578291343406,4
colorado,right_aligned,sensitivity,evaluation,physical,1,3957,0.019601562656032065,0.029861894628031106,0.5233762951731109,0.8281526408895628,0.9375789739701794,0.19478548875821464,46
colorado,right_aligned,sensitivity,evaluation,physical,2,3957,0.039144454656583234,0.07628037350051733,0.5486479656305282,0.8319433914581754,0.9269648723780642,0.43457079855677205,46
colorado,right_aligned,sensitivity,evaluation,physical,3,3957,0.05591946448866678,0.11652324305178724,0.561536517563811,0.8526661612332576,0.9401061410159212,0.46449273220172305,46
colorado,right_aligned,sensitivity,evaluation,physical,4,3957,0.06343621817993439,0.13042614308416248,0.5590093505180692,0.8660601465756886,0.944402324993682,0.49302526603736313,46
colorado,right_aligned,sensitivity,evaluation,physical_availability,1,3957,0.019558056534878663,0.029861894628031106,0.5180692443770534,0.8278999241849886,0.9380844073793277,0.19483009229518908,46
colorado,right_aligned,sensitivity,evaluation,physical_availability,2,3957,0.0391424587404735,0.07628037350051733,0.5461207985847865,0.8301743745261562,0.9259540055597675,0.43459884499775997,46
colorado,right_aligned,sensitivity,evaluation,physical_availability,3,3957,0.05591815972887322,0.11652324305178724,0.5650745514278493,0.85342431134698,0.9401061410159212,0.46459906493172987,46
colorado,right_aligned,sensitivity,evaluation,physical_availability,4,3957,0.0634278046022779,0.13042614308416248,0.560020217336366,0.8685873136214304,0.945665908516553,0.49328589451389226,46
colorado,right_aligned,sensitivity,evaluation,physical_recovery,1,3957,0.019559385200409393,0.029861894628031106,0.5198382613090725,0.8276472074804144,0.9385898407884761,0.1948869506469903,46
colorado,right_aligned,sensitivity,evaluation,physical_recovery,2,3957,0.039152871101929825,0.07628037350051733,0.5478898155168057,0.8321961081627496,0.9257012888551933,0.4345941263515517,46
colorado,right_aligned,sensitivity,evaluation,physical_recovery,3,3957,0.055946273043844655,0.11652324305178724,0.5625473843821076,0.8506444275966641,0.9401061410159212,0.46466151818521884,46
colorado,right_aligned,sensitivity,evaluation,physical_recovery,4,3957,0.06345713344480233,0.13042614308416248,0.5597675006317918,0.8673237300985596,0.9461713419257013,0.49344115970513,46
colorado,right_aligned,sensitivity,evaluation,raw,1,3957,0.0233138141039156,0.029861894628031106,0.08390194591862522,0.1726055092241597,0.37326257265605256,0.17812490935080216,46
colorado,right_aligned,sensitivity,evaluation,raw,2,3957,0.04818267467450685,0.07628037350051733,0.060904725802375534,0.14657568865301995,0.29618397776093,0.3887928845269999,46
colorado,right_aligned,sensitivity,evaluation,raw,3,3957,0.07455500111554282,0.11652324305178724,0.060399292393227194,0.1463229719484458,0.2699014404852161,0.38256935491737865,46
colorado,right_aligned,sensitivity,evaluation,raw,4,3957,0.08536632292578372,0.13042614308416248,0.07808946171341925,0.1435430881981299,0.26333080616628757,0.39285041633500556,46
colorado,right_aligned,sensitivity,evaluation,recency,1,3957,0.02003568645069905,0.029861894628031106,0.4965883244882487,0.7874652514531211,0.9183725044225424,0.19507197318271863,46
colorado,right_aligned,sensitivity,evaluation,recency,2,3957,0.03983263274161741,0.07628037350051733,0.49861005812484205,0.7899924184988628,0.895880717715441,0.4342829707178198,46
colorado,right_aligned,sensitivity,evaluation,recency,3,3957,0.05747112852488938,0.11652324305178724,0.5001263583522871,0.7942886024766237,0.9112964366944655,0.46413694043474707,46
colorado,right_aligned,sensitivity,evaluation,recency,4,3957,0.06523573661303446,0.13042614308416248,0.49583017437452614,0.8061662875916098,0.9049785190801112,0.4917043754273312,46
colorado,right_aligned,sensitivity,warmup,physical,1,290,0.011975681245961267,0.00788991923153757,0.38620689655172413,0.7137931034482758,0.8689655172413793,0.18023877259129262,4
colorado,right_aligned,sensitivity,warmup,physical,2,290,0.02709072055239603,0.033639318869524926,0.4068965517241379,0.6862068965517242,0.8620689655172413,0.4532587938710745,4
colorado,right_aligned,sensitivity,warmup,physical,3,290,0.03244162029369246,0.03775483001184782,0.40344827586206894,0.6862068965517242,0.8103448275862069,0.45810162302716395,4
colorado,right_aligned,sensitivity,warmup,physical,4,290,0.03316578147064022,0.03570077222677651,0.3586206896551724,0.696551724137931,0.8241379310344827,0.46004029160485926,4
colorado,right_aligned,sensitivity,warmup,physical_availability,1,290,0.01198066272276163,0.00788991923153757,0.38620689655172413,0.7137931034482758,0.8620689655172413,0.18021578263509935,4
colorado,right_aligned,sensitivity,warmup,physical_availability,2,290,0.027100409902544934,0.033639318869524926,0.4068965517241379,0.6862068965517242,0.8551724137931035,0.45326075954636225,4
colorado,right_aligned,sensitivity,warmup,physical_availability,3,290,0.032428689941660205,0.03775483001184782,0.3931034482758621,0.6862068965517242,0.8103448275862069,0.45816827876847993,4
colorado,right_aligned,sensitivity,warmup,physical_availability,4,290,0.03314173215759456,0.03570077222677651,0.35517241379310344,0.696551724137931,0.8275862068965517,0.4601670490679366,4
colorado,right_aligned,sensitivity,warmup,physical_recovery,1,290,0.011973500302982035,0.00788991923153757,0.39655172413793105,0.7344827586206897,0.8827586206896552,0.18053152539475392,4
colorado,right_aligned,sensitivity,warmup,physical_recovery,2,290,0.027081159225871954,0.033639318869524926,0.41379310344827586,0.7,0.8689655172413793,0.4533495785251789,4
colorado,right_aligned,sensitivity,warmup,physical_recovery,3,290,0.032379568688846734,0.03775483001184782,0.4068965517241379,0.7034482758620689,0.8172413793103448,0.45845863811097737,4
colorado,right_aligned,sensitivity,warmup,physical_recovery,4,290,0.03305833365122119,0.03570077222677651,0.38620689655172413,0.7206896551724138,0.8344827586206897,0.4610180397012565,4
colorado,right_aligned,sensitivity,warmup,raw,1,290,0.012129462939029246,0.00788991923153757,0.3137931034482759,0.5896551724137931,0.8448275862068966,0.18014565006431602,4
colorado,right_aligned,sensitivity,warmup,raw,2,290,0.02818797533337461,0.033639318869524926,0.1413793103448276,0.38620689655172413,0.6413793103448275,0.4461988722711647,4
colorado,right_aligned,sensitivity,warmup,raw,3,290,0.03467849464649275,0.03775483001184782,0.18275862068965518,0.4206896551724138,0.5793103448275863,0.4443144114205413,4
colorado,right_aligned,sensitivity,warmup,raw,4,290,0.03464845652601003,0.03570077222677651,0.18620689655172415,0.4586206896551724,0.7172413793103448,0.4489333877190364,4
colorado,right_aligned,sensitivity,warmup,recency,1,290,0.01201434799472147,0.00788991923153757,0.38620689655172413,0.7275862068965517,0.8689655172413793,0.1801392386929399,4
colorado,right_aligned,sensitivity,warmup,recency,2,290,0.027247524457193268,0.033639318869524926,0.3931034482758621,0.6758620689655173,0.8517241379310345,0.45277627688566485,4
colorado,right_aligned,sensitivity,warmup,recency,3,290,0.03284751422682348,0.03775483001184782,0.3896551724137931,0.6655172413793103,0.7758620689655172,0.45713228129687683,4
colorado,right_aligned,sensitivity,warmup,recency,4,290,0.033557729799174416,0.03570077222677651,0.3586206896551724,0.6655172413793103,0.8137931034482758,0.4584157451041824,4
colorado,training_2015,sensitivity,evaluation,physical,1,3957,0.04944252880983422,0.10578710315162006,0.5350012635835228,0.8466009603234774,0.9335355066969927,0.358817537677015,46
colorado,training_2015,sensitivity,evaluation,physical,2,3957,0.08671505840359997,0.19562188400413352,0.5531968663128632,0.8567096285064443,0.9403588577204953,0.5372748896368319,46
colorado,training_2015,sensitivity,evaluation,physical,3,3957,0.1202342714382647,0.2834779370384323,0.5754359363153905,0.8582259287338894,0.934040940106141,0.6474222749352141,46
colorado,training_2015,sensitivity,evaluation,physical,4,3957,0.1265344394544956,0.3197055543892454,0.5754359363153905,0.8615112458933536,0.9345463735152894,0.6753031436551319,46
colorado,training_2015,sensitivity,evaluation,physical_availability,1,3957,0.04937618091329175,0.10578710315162006,0.5269143290371494,0.8463482436189033,0.9327773565832701,0.35871661008602834,46
colorado,training_2015,sensitivity,evaluation,physical_availability,2,3957,0.08672199033077647,0.19562188400413352,0.5539550164265858,0.8559514783927218,0.9390952741976245,0.5371570509131887,46
colorado,training_2015,sensitivity,evaluation,physical_availability,3,3957,0.1202166254671805,0.2834779370384323,0.5789739701794289,0.8582259287338894,0.9345463735152894,0.6485940364593225,46
colorado,training_2015,sensitivity,evaluation,physical_availability,4,3957,0.12640101666168002,0.3197055543892454,0.5825120040434673,0.8655547131665403,0.935557240333586,0.676631699370619,46
colorado,training_2015,sensitivity,evaluation,physical_recovery,1,3957,0.0493752521290658,0.10578710315162006,0.5319686631286328,0.8455900935051807,0.934040940106141,0.3586554510058963,46
colorado,training_2015,sensitivity,evaluation,physical_recovery,2,3957,0.08672751664692828,0.19562188400413352,0.5531968663128632,0.8546878948698509,0.9375789739701794,0.537168028278918,46
colorado,training_2015,sensitivity,evaluation,physical_recovery,3,3957,0.12028643856601322,0.2834779370384323,0.577710386656558,0.8587313621430377,0.935557240333586,0.6487754173352768,46
colorado,training_2015,sensitivity,evaluation,physical_recovery,4,3957,0.1264429841009708,0.3197055543892454,0.5837755875663382,0.8647965630528178,0.9353045236290118,0.6768230590918971,46
colorado,training_2015,sensitivity,evaluation,raw,1,3957,0.06178041151642806,0.10578710315162006,0.04473085670962851,0.10942633308061663,0.27470305787212534,0.2887373014678273,46
colorado,training_2015,sensitivity,evaluation,raw,2,3957,0.11060055174850615,0.19562188400413352,0.04195097295931261,0.11751326762699014,0.24260803639120546,0.4185902573969633,46
colorado,training_2015,sensitivity,evaluation,raw,3,3957,0.16344849753705304,0.2834779370384323,0.039171089208996715,0.08263836239575435,0.15011372251705837,0.42466598201996303,46
colorado,training_2015,sensitivity,evaluation,raw,4,3957,0.17609199215648072,0.3197055543892454,0.03158958807177154,0.0722769775082133,0.1397523376295173,0.4171295166542498,46
colorado,training_2015,sensitivity,evaluation,recency,1,3957,0.050706767042448676,0.10578710315162006,0.5077078594895122,0.7980793530452363,0.9029567854435178,0.3599376884956946,46
colorado,training_2015,sensitivity,evaluation,recency,2,3957,0.08938979177807195,0.19562188400413352,0.5094768764215315,0.7983320697498104,0.9044730856709629,0.5379050666381372,46
colorado,training_2015,sensitivity,evaluation,recency,3,3957,0.12607345456785615,0.2834779370384323,0.5089714430123832,0.7985847864543847,0.8966388678291635,0.6389938728249769,46
colorado,training_2015,sensitivity,evaluation,recency,4,3957,0.1326339541157798,0.3197055543892454,0.5077078594895122,0.7993429365681072,0.8971443012383119,0.6687804957802088,46
colorado,training_2015,sensitivity,warmup,physical,1,290,0.04501785857254407,0.09170666836523123,0.3482758620689655,0.7586206896551724,0.8793103448275862,0.33430252212398376,4
colorado,training_2015,sensitivity,warmup,physical,2,290,0.08389783540891507,0.18675853319512284,0.3413793103448276,0.7310344827586207,0.8551724137931035,0.5381138721393792,4
colorado,training_2015,sensitivity,warmup,physical,3,290,0.11328010612319338,0.24992509827703918,0.3793103448275862,0.696551724137931,0.8206896551724138,0.59561314356923,4
colorado,training_2015,sensitivity,warmup,physical,4,290,0.11944662342834303,0.2859628864828935,0.3620689655172414,0.696551724137931,0.8103448275862069,0.608602622631061,4
colorado,training_2015,sensitivity,warmup,physical_availability,1,290,0.045037552143185444,0.09170666836523123,0.3482758620689655,0.7586206896551724,0.8793103448275862,0.3346310147175024,4
colorado,training_2015,sensitivity,warmup,physical_availability,2,290,0.08386336480639907,0.18675853319512284,0.3448275862068966,0.7413793103448276,0.8620689655172413,0.5382011321801276,4
colorado,training_2015,sensitivity,warmup,physical_availability,3,290,0.11306210808749281,0.24992509827703918,0.3724137931034483,0.7034482758620689,0.8275862068965517,0.5966984728647268,4
colorado,training_2015,sensitivity,warmup,physical_availability,4,290,0.11914307682835691,0.2859628864828935,0.3758620689655172,0.696551724137931,0.8241379310344827,0.6095774032728708,4
colorado,training_2015,sensitivity,warmup,physical_recovery,1,290,0.0448724980114058,0.09170666836523123,0.3931034482758621,0.7586206896551724,0.8827586206896552,0.33546899889014514,4
colorado,training_2015,sensitivity,warmup,physical_recovery,2,290,0.08345349188686335,0.18675853319512284,0.3931034482758621,0.7482758620689656,0.8620689655172413,0.5389661886385694,4
colorado,training_2015,sensitivity,warmup,physical_recovery,3,290,0.11263055670321573,0.24992509827703918,0.4206896551724138,0.7206896551724138,0.8275862068965517,0.5997437255741495,4
colorado,training_2015,sensitivity,warmup,physical_recovery,4,290,0.11858530556634608,0.2859628864828935,0.4,0.7034482758620689,0.8344827586206897,0.6134156861846876,4
colorado,training_2015,sensitivity,warmup,raw,1,290,0.05159800546012524,0.09170666836523123,0.0896551724137931,0.22758620689655173,0.4103448275862069,0.2984356502296671,4
colorado,training_2015,sensitivity,warmup,raw,2,290,0.09488740700305254,0.18675853319512284,0.041379310344827586,0.2,0.35517241379310344,0.49357880260106834,4
colorado,training_2015,sensitivity,warmup,raw,3,290,0.13380846519121462,0.24992509827703918,0.041379310344827586,0.07931034482758621,0.21379310344827587,0.5142919737848349,4
colorado,training_2015,sensitivity,warmup,raw,4,290,0.14401172538189017,0.2859628864828935,0.020689655172413793,0.06206896551724138,0.18275862068965518,0.5020029983102062,4
colorado,training_2015,sensitivity,warmup,recency,1,290,0.04560418833714547,0.09170666836523123,0.35517241379310344,0.7,0.8379310344827586,0.33231489982158136,4
colorado,training_2015,sensitivity,warmup,recency,2,290,0.08495378663856845,0.18675853319512284,0.3310344827586207,0.7,0.8241379310344827,0.5368050115604067,4
colorado,training_2015,sensitivity,warmup,recency,3,290,0.11605597670113883,0.24992509827703918,0.3310344827586207,0.6310344827586207,0.7793103448275862,0.5912385595119782,4
colorado,training_2015,sensitivity,warmup,recency,4,290,0.12244060134412403,0.2859628864828935,0.3103448275862069,0.6482758620689655,0.7862068965517242,0.6037959643477155,4
colorado,receipt_5min,sensitivity,evaluation,physical,1,3957,0.019670690081345026,0.031395215679132095,0.5494061157442507,0.8410411928228456,0.9347990902198635,0.19891726678600505,46
colorado,receipt_5min,sensitivity,evaluation,physical,2,3957,0.045503405819900734,0.09910301257060367,0.5519332827899924,0.8375031589588072,0.9393479909021987,0.44990649177482067,46
colorado,receipt_5min,sensitivity,evaluation,physical,3,3957,0.05834670695797274,0.12840166954913376,0.5516805660854183,0.8539297447561284,0.934040940106141,0.4673422375539473,46
colorado,receipt_5min,sensitivity,evaluation,physical,4,3957,0.06931195675835822,0.16222906975999882,0.5526914329037149,0.8541824614607025,0.9337882234015669,0.4868858653705048,46
colorado,receipt_5min,sensitivity,evaluation,physical_availability,1,3957,0.019648434900893807,0.031395215679132095,0.5448572150619156,0.8395248925954005,0.9353045236290118,0.19892873623901547,46
colorado,receipt_5min,sensitivity,evaluation,physical_availability,2,3957,0.04549686967249257,0.09910301257060367,0.5554713166540308,0.8400303260045489,0.9421278746525146,0.4498961501882318,46
colorado,receipt_5min,sensitivity,evaluation,physical_availability,3,3957,0.05833549425927322,0.12840166954913376,0.555724033358605,0.8551933282789992,0.9347990902198635,0.4674400443917847,46
colorado,receipt_5min,sensitivity,evaluation,physical_availability,4,3957,0.06930682546925049,0.16222906975999882,0.5564821834723275,0.8559514783927218,0.9347990902198635,0.4870507815607699,46
colorado,receipt_5min,sensitivity,evaluation,physical_recovery,1,3957,0.019647818961661453,0.031395215679132095,0.5481425322213799,0.8392721758908264,0.9347990902198635,0.1989864869671859,46
colorado,receipt_5min,sensitivity,evaluation,physical_recovery,2,3957,0.045503611489956054,0.09910301257060367,0.5549658832448825,0.8380085923679556,0.9418751579479404,0.4499218388246657,46
colorado,receipt_5min,sensitivity,evaluation,physical_recovery,3,3957,0.058353573369498576,0.12840166954913376,0.5531968663128632,0.854940611574425,0.9350518069244377,0.4675532491603265,46
colorado,receipt_5min,sensitivity,evaluation,physical_recovery,4,3957,0.06932561479123986,0.16222906975999882,0.5572403335860501,0.856204195097296,0.9345463735152894,0.48704738012319304,46
colorado,receipt_5min,sensitivity,evaluation,raw,1,3957,0.026025617683787156,0.031395215679132095,0.07278241091736164,0.17386909274703058,0.36593378822340156,0.16330862962596576,46
colorado,receipt_5min,sensitivity,evaluation,raw,2,3957,0.055360398203112206,0.09910301257060367,0.04397270659590599,0.1215567349001769,0.3462218852666161,0.4058671940090118,46
colorado,receipt_5min,sensitivity,evaluation,raw,3,3957,0.07411622302340386,0.12840166954913376,0.05888299216578216,0.15668435683598686,0.31210513014910285,0.402402507978423,46
colorado,receipt_5min,sensitivity,evaluation,raw,4,3957,0.08772892513327003,0.16222906975999882,0.04953247409653778,0.12029315137730603,0.26914329037149354,0.40691657392181957,46
colorado,receipt_5min,sensitivity,evaluation,recency,1,3957,0.020407458415690825,0.031395215679132095,0.5016426585797321,0.796057619408643,0.9019459186252211,0.19906496328030418,46
colorado,receipt_5min,sensitivity,evaluation,recency,2,3957,0.04626121804635196,0.09910301257060367,0.5046752590346222,0.794794035885772,0.9130654536264847,0.45011493561848126,46
colorado,receipt_5min,sensitivity,evaluation,recency,3,3957,0.059776375103918075,0.12840166954913376,0.4965883244882487,0.7983320697498104,0.9034622188526662,0.46742081893962023,46
colorado,receipt_5min,sensitivity,evaluation,recency,4,3957,0.07076678630913208,0.16222906975999882,0.4927975739196361,0.7998483699772555,0.9039676522618145,0.4859640029388514,46
colorado,receipt_5min,sensitivity,warmup,physical,1,290,0.013480325481778414,0.011538744568251266,0.3724137931034483,0.7068965517241379,0.9,0.1785572245152243,4
colorado,receipt_5min,sensitivity,warmup,physical,2,290,0.031864376218192554,0.04189965182726807,0.32068965517241377,0.6724137931034483,0.8551724137931035,0.47769917816850127,4
colorado,receipt_5min,sensitivity,warmup,physical,3,290,0.034215426815164075,0.041851897675518376,0.35172413793103446,0.6620689655172414,0.8172413793103448,0.47378011677560194,4
colorado,receipt_5min,sensitivity,warmup,physical,4,290,0.035681724658473725,0.043562403440827485,0.3758620689655172,0.7,0.8551724137931035,0.46782396909791846,4
colorado,receipt_5min,sensitivity,warmup,physical_availability,1,290,0.013493602813610193,0.011538744568251266,0.3689655172413793,0.7103448275862069,0.9,0.1785890722447751,4
colorado,receipt_5min,sensitivity,warmup,physical_availability,2,290,0.03187134220421415,0.04189965182726807,0.32068965517241377,0.6689655172413793,0.8586206896551725,0.47772484524563147,4
colorado,receipt_5min,sensitivity,warmup,physical_availability,3,290,0.03422088831657446,0.041851897675518376,0.35172413793103446,0.6689655172413793,0.8241379310344827,0.47376638322230513,4
colorado,receipt_5min,sensitivity,warmup,physical_availability,4,290,0.0356341470557768,0.043562403440827485,0.3724137931034483,0.7,0.8586206896551725,0.46806062879098653,4
colorado,receipt_5min,sensitivity,warmup,physical_recovery,1,290,0.013459060066608016,0.011538744568251266,0.3931034482758621,0.7275862068965517,0.896551724137931,0.17882847983835265,4
colorado,receipt_5min,sensitivity,warmup,physical_recovery,2,290,0.03184665708083941,0.04189965182726807,0.3275862068965517,0.6758620689655173,0.8586206896551725,0.4778505818412,4
colorado,receipt_5min,sensitivity,warmup,physical_recovery,3,290,0.034188467398762995,0.041851897675518376,0.3758620689655172,0.6896551724137931,0.8413793103448276,0.4740157958500496,4
colorado,receipt_5min,sensitivity,warmup,physical_recovery,4,290,0.0354812341286718,0.043562403440827485,0.39655172413793105,0.7379310344827587,0.8655172413793103,0.468632741789523,4
colorado,receipt_5min,sensitivity,warmup,raw,1,290,0.014364283792837893,0.011538744568251266,0.14482758620689656,0.3793103448275862,0.7103448275862069,0.1735677031506869,4
colorado,receipt_5min,sensitivity,warmup,raw,2,290,0.03357447461217553,0.04189965182726807,0.1482758620689655,0.35517241379310344,0.6517241379310345,0.4688157960905665,4
colorado,receipt_5min,sensitivity,warmup,raw,3,290,0.03557282195487338,0.041851897675518376,0.19655172413793104,0.4517241379310345,0.6931034482758621,0.46634175053599164,4
colorado,receipt_5min,sensitivity,warmup,raw,4,290,0.03817160963118988,0.043562403440827485,0.15862068965517243,0.38275862068965516,0.6310344827586207,0.4521613581984023,4
colorado,receipt_5min,sensitivity,warmup,recency,1,290,0.013659371427760589,0.011538744568251266,0.3758620689655172,0.6620689655172414,0.8586206896551725,0.17807498913810438,4
colorado,receipt_5min,sensitivity,warmup,recency,2,290,0.032157139572675776,0.04189965182726807,0.32068965517241377,0.6206896551724138,0.8241379310344827,0.4772929264370197,4
colorado,receipt_5min,sensitivity,warmup,recency,3,290,0.034497374251399884,0.041851897675518376,0.35517241379310344,0.6413793103448275,0.8068965517241379,0.47341921750968957,4
colorado,receipt_5min,sensitivity,warmup,recency,4,290,0.03618825683087916,0.043562403440827485,0.3482758620689655,0.6655172413793103,0.8310344827586207,0.4662638091343087,4
colorado,schedule_seed_4,sensitivity,evaluation,physical,1,3957,0.01973014166678562,0.03142272856649,0.545362648471064,0.8390194591862522,0.9350518069244377,0.1986372005700688,46
colorado,schedule_seed_4,sensitivity,evaluation,physical,2,3957,0.0452920337170427,0.0982722884082657,0.5531968663128632,0.8397776092999747,0.9396007076067728,0.44941867362542837,46
colorado,schedule_seed_4,sensitivity,evaluation,physical,3,3957,0.05825730505395546,0.12824866502202387,0.5501642658579732,0.8554460449835735,0.9358099570381602,0.4671659844048246,46
colorado,schedule_seed_4,sensitivity,evaluation,physical,4,3957,0.0692227200806888,0.162120924483471,0.5534495830174374,0.8508971443012383,0.9335355066969927,0.4868491619557395,46
colorado,schedule_seed_4,sensitivity,evaluation,physical_availability,1,3957,0.019710132332481374,0.03142272856649,0.5456153651756381,0.8385140257771039,0.9327773565832701,0.19861782753731977,46
colorado,schedule_seed_4,sensitivity,evaluation,physical_availability,2,3957,0.04528870658428682,0.0982722884082657,0.5549658832448825,0.8405357594136973,0.941369724538792,0.4493994005954038,46
colorado,schedule_seed_4,sensitivity,evaluation,physical_availability,3,3957,0.05827462845318087,0.12824866502202387,0.5509224159716958,0.8536770280515542,0.9353045236290118,0.46729033900151923,46
colorado,schedule_seed_4,sensitivity,evaluation,physical_availability,4,3957,0.06922327316347025,0.162120924483471,0.5559767500631791,0.8516552944149608,0.9345463735152894,0.4869596568263618,46
colorado,schedule_seed_4,sensitivity,evaluation,physical_recovery,1,3957,0.019713335697362937,0.03142272856649,0.5476370988122314,0.8395248925954005,0.9337882234015669,0.19864588653671877,46
colorado,schedule_seed_4,sensitivity,evaluation,physical_recovery,2,3957,0.04528915681866855,0.0982722884082657,0.55420773313116,0.8423047763457164,0.9436441748799596,0.44941196803463485,46
colorado,schedule_seed_4,sensitivity,evaluation,physical_recovery,3,3957,0.05827089225730065,0.12824866502202387,0.5494061157442507,0.854940611574425,0.9353045236290118,0.46739858777423965,46
colorado,schedule_seed_4,sensitivity,evaluation,physical_recovery,4,3957,0.06922528623340572,0.162120924483471,0.5577457669951984,0.8551933282789992,0.9363153904473086,0.48711216533848506,46
colorado,schedule_seed_4,sensitivity,evaluation,raw,1,3957,0.026045501311025124,0.03142272856649,0.07379327773565833,0.17589082638362397,0.36643922163254994,0.1631473065644309,46
colorado,schedule_seed_4,sensitivity,evaluation,raw,2,3957,0.05509601996558653,0.0982722884082657,0.04447814000505433,0.12282031842304776,0.3520343694718221,0.40560605652718,46
colorado,schedule_seed_4,sensitivity,evaluation,raw,3,3957,0.07396587803034152,0.12824866502202387,0.05913570887035633,0.15592620672226434,0.31134698003538036,0.4024134068082796,46
colorado,schedule_seed_4,sensitivity,evaluation,raw,4,3957,0.08759769128360918,0.162120924483471,0.05079605761940864,0.11902956785443518,0.2671215567349002,0.40687687276077983,46
colorado,schedule_seed_4,sensitivity,evaluation,recency,1,3957,0.020466363194419298,0.03142272856649,0.5039171089208997,0.7973212029315138,0.903209502148092,0.1988071149772493,46
colorado,schedule_seed_4,sensitivity,evaluation,recency,2,3957,0.04606096698365024,0.0982722884082657,0.5016426585797321,0.796057619408643,0.9118018701036138,0.44970051452054893,46
colorado,schedule_seed_4,sensitivity,evaluation,recency,3,3957,0.05971518616600794,0.12824866502202387,0.495577457669952,0.799090219863533,0.903209502148092,0.46722926615603166,46
colorado,schedule_seed_4,sensitivity,evaluation,recency,4,3957,0.07065991365815485,0.162120924483471,0.49406115744250695,0.8016173869092748,0.9027040687389436,0.48590122169790556,46
colorado,schedule_seed_4,sensitivity,warmup,physical,1,290,0.013349607090042102,0.012112519441772227,0.36551724137931035,0.7068965517241379,0.8793103448275862,0.1747269071819784,4
colorado,schedule_seed_4,sensitivity,warmup,physical,2,290,0.03172197363609553,0.04030865118737136,0.3310344827586207,0.6448275862068965,0.8275862068965517,0.47820382031218855,4
colorado,schedule_seed_4,sensitivity,warmup,physical,3,290,0.03464038417642063,0.04341254987531404,0.3482758620689655,0.6517241379310345,0.7965517241379311,0.475033630844699,4
colorado,schedule_seed_4,sensitivity,warmup,physical,4,290,0.036061152325532114,0.04504633225967223,0.3724137931034483,0.7034482758620689,0.8482758620689655,0.46892891725510344,4
colorado,schedule_seed_4,sensitivity,warmup,physical_availability,1,290,0.013337792980038395,0.012112519441772227,0.3620689655172414,0.7103448275862069,0.8862068965517241,0.17464992451656527,4
colorado,schedule_seed_4,sensitivity,warmup,physical_availability,2,290,0.031734038942454856,0.04030865118737136,0.3275862068965517,0.6482758620689655,0.8310344827586207,0.4779757237036196,4
colorado,schedule_seed_4,sensitivity,warmup,physical_availability,3,290,0.034655201535019324,0.04341254987531404,0.3413793103448276,0.6517241379310345,0.7931034482758621,0.4748792242348591,4
colorado,schedule_seed_4,sensitivity,warmup,physical_availability,4,290,0.036041449801753035,0.04504633225967223,0.3758620689655172,0.7103448275862069,0.8482758620689655,0.46892804919991843,4
colorado,schedule_seed_4,sensitivity,warmup,physical_recovery,1,290,0.013284999563162295,0.012112519441772227,0.38620689655172413,0.7241379310344828,0.8931034482758621,0.1751475282011108,4
colorado,schedule_seed_4,sensitivity,warmup,physical_recovery,2,290,0.03165504197978299,0.04030865118737136,0.33448275862068966,0.6586206896551724,0.8379310344827586,0.47844011727378527,4
colorado,schedule_seed_4,sensitivity,warmup,physical_recovery,3,290,0.03458294502656123,0.04341254987531404,0.3896551724137931,0.6758620689655173,0.8172413793103448,0.4753566821450473,4
colorado,schedule_seed_4,sensitivity,warmup,physical_recovery,4,290,0.035850092112490003,0.04504633225967223,0.3931034482758621,0.7586206896551724,0.8793103448275862,0.4699502215320459,4
colorado,schedule_seed_4,sensitivity,warmup,raw,1,290,0.014307602351520015,0.012112519441772227,0.13793103448275862,0.3586206896551724,0.6931034482758621,0.16937395488284704,4
colorado,schedule_seed_4,sensitivity,warmup,raw,2,290,0.033562205940285215,0.04030865118737136,0.1482758620689655,0.33448275862068966,0.6137931034482759,0.4687851103311555,4
colorado,schedule_seed_4,sensitivity,warmup,raw,3,290,0.036136499656074295,0.04341254987531404,0.1896551724137931,0.4241379310344828,0.6655172413793103,0.4669053659281857,4
colorado,schedule_seed_4,sensitivity,warmup,raw,4,290,0.03879734169582827,0.04504633225967223,0.12413793103448276,0.33793103448275863,0.603448275862069,0.4528174530645415,4
colorado,schedule_seed_4,sensitivity,warmup,recency,1,290,0.013511177478410756,0.012112519441772227,0.3689655172413793,0.6793103448275862,0.8482758620689655,0.17437340722238973,4
colorado,schedule_seed_4,sensitivity,warmup,recency,2,290,0.03195554763477705,0.04030865118737136,0.33448275862068966,0.6241379310344828,0.8,0.478131931498737,4
colorado,schedule_seed_4,sensitivity,warmup,recency,3,290,0.034909592168599034,0.04341254987531404,0.3586206896551724,0.6413793103448275,0.7896551724137931,0.4748326149574995,4
colorado,schedule_seed_4,sensitivity,warmup,recency,4,290,0.036597148515302845,0.04504633225967223,0.33793103448275863,0.6689655172413793,0.8241379310344827,0.4675087576956883,4
colorado,schedule_seed_5,sensitivity,evaluation,physical,1,3957,0.01958483980181883,0.03142063954348388,0.5501642658579732,0.840283042709123,0.9322719231741218,0.1980482966168067,46
colorado,schedule_seed_5,sensitivity,evaluation,physical,2,3957,0.04533261834178413,0.09837308106952038,0.5562294667677533,0.837250442254233,0.9401061410159212,0.44973819165185497,46
colorado,schedule_seed_5,sensitivity,evaluation,physical,3,3957,0.05819697444306553,0.12764971210774617,0.5544604498357342,0.8564569118018701,0.9327773565832701,0.4671890447459931,46
colorado,schedule_seed_5,sensitivity,evaluation,physical,4,3957,0.06918190809558024,0.16179504418193064,0.5547131665403083,0.8529188779378317,0.9345463735152894,0.486857859127051,46
colorado,schedule_seed_5,sensitivity,evaluation,physical_availability,1,3957,0.019572308990781384,0.03142063954348388,0.545362648471064,0.8397776092999747,0.9312610563558251,0.1979227559933926,46
colorado,schedule_seed_5,sensitivity,evaluation,physical_availability,2,3957,0.045334517367637495,0.09837308106952038,0.5544604498357342,0.8395248925954005,0.9421278746525146,0.44967988901891215,46
colorado,schedule_seed_5,sensitivity,evaluation,physical_availability,3,3957,0.058193236796458686,0.12764971210774617,0.5597675006317918,0.8544351781652767,0.9337882234015669,0.4672119259653473,46
colorado,schedule_seed_5,sensitivity,evaluation,physical_availability,4,3957,0.06918322613292571,0.16179504418193064,0.5579984836997726,0.8526661612332576,0.934040940106141,0.486959304755657,46
colorado,schedule_seed_5,sensitivity,evaluation,physical_recovery,1,3957,0.019571937041749792,0.03142063954348388,0.5494061157442507,0.8400303260045489,0.9317664897649734,0.1979546167582684,46
colorado,schedule_seed_5,sensitivity,evaluation,physical_recovery,2,3957,0.045338994833793125,0.09837308106952038,0.5559767500631791,0.8392721758908264,0.9418751579479404,0.44968373702704745,46
colorado,schedule_seed_5,sensitivity,evaluation,physical_recovery,3,3957,0.05821486516924253,0.12764971210774617,0.5559767500631791,0.8544351781652767,0.9325246398786959,0.46727391896594134,46
colorado,schedule_seed_5,sensitivity,evaluation,physical_recovery,4,3957,0.06920316550263847,0.16179504418193064,0.5582512004043467,0.8536770280515542,0.934040940106141,0.48711112325857653,46
colorado,schedule_seed_5,sensitivity,evaluation,raw,1,3957,0.025916346536683378,0.03142063954348388,0.07328784432650998,0.1726055092241597,0.36365933788223403,0.16236834727117988,46
colorado,schedule_seed_5,sensitivity,evaluation,raw,2,3957,0.05515697330095919,0.09837308106952038,0.045489006823351025,0.12054586808188021,0.34900176901693203,0.40584867616918124,46
colorado,schedule_seed_5,sensitivity,evaluation,raw,3,3957,0.07392347414251721,0.12764971210774617,0.058630275461207984,0.15516805660854183,0.30932524639878695,0.40247480599925,46
colorado,schedule_seed_5,sensitivity,evaluation,raw,4,3957,0.08754553950292415,0.16179504418193064,0.04953247409653778,0.12004043467273187,0.2671215567349002,0.406961741812435,46
colorado,schedule_seed_5,sensitivity,evaluation,recency,1,3957,0.020324883176705364,0.03142063954348388,0.5046752590346222,0.7940358857720495,0.9021986353297953,0.19833972956200646,46
colorado,schedule_seed_5,sensitivity,evaluation,recency,2,3957,0.0460896198353499,0.09837308106952038,0.5074551427849381,0.7940358857720495,0.9125600202173364,0.45003182990002216,46
colorado,schedule_seed_5,sensitivity,evaluation,recency,3,3957,0.05960934177272807,0.12764971210774617,0.5003790750568613,0.7995956532726813,0.9057366691938337,0.4672078223440259,46
colorado,schedule_seed_5,sensitivity,evaluation,recency,4,3957,0.07062297803744744,0.16179504418193064,0.4963356077836745,0.8023755370229972,0.9054839524892595,0.4859591946363028,46
colorado,schedule_seed_5,sensitivity,warmup,physical,1,290,0.014018834560567583,0.01206907643691514,0.3620689655172414,0.7103448275862069,0.8758620689655172,0.18091258266898555,4
colorado,schedule_seed_5,sensitivity,warmup,physical,2,290,0.03284038441995541,0.04335727370934158,0.32413793103448274,0.6482758620689655,0.8482758620689655,0.47934972316113234,4
colorado,schedule_seed_5,sensitivity,warmup,physical,3,290,0.03496312933051006,0.04339354695166196,0.35517241379310344,0.6586206896551724,0.803448275862069,0.4749577992174099,4
colorado,schedule_seed_5,sensitivity,warmup,physical,4,290,0.03617208647200079,0.044893848936767615,0.3793103448275862,0.7137931034482758,0.8517241379310345,0.4687929721472584,4
colorado,schedule_seed_5,sensitivity,warmup,physical_availability,1,290,0.014005543673269748,0.01206907643691514,0.3620689655172414,0.7034482758620689,0.8827586206896552,0.1808619449287579,4
colorado,schedule_seed_5,sensitivity,warmup,physical_availability,2,290,0.0328422221422422,0.04335727370934158,0.32068965517241377,0.6517241379310345,0.8482758620689655,0.47924440021317094,4
colorado,schedule_seed_5,sensitivity,warmup,physical_availability,3,290,0.03497448294528702,0.04339354695166196,0.35172413793103446,0.6551724137931034,0.8,0.4748142467799313,4
colorado,schedule_seed_5,sensitivity,warmup,physical_availability,4,290,0.036155093961663116,0.044893848936767615,0.3758620689655172,0.7103448275862069,0.8448275862068966,0.46875325838363485,4
colorado,schedule_seed_5,sensitivity,warmup,physical_recovery,1,290,0.013965586038158773,0.01206907643691514,0.38620689655172413,0.7206896551724138,0.8896551724137931,0.18139480669520947,4
colorado,schedule_seed_5,sensitivity,warmup,physical_recovery,2,290,0.032764264666985586,0.04335727370934158,0.3310344827586207,0.6620689655172414,0.8551724137931035,0.47970181046997223,4
colorado,schedule_seed_5,sensitivity,warmup,physical_recovery,3,290,0.0348986728664858,0.04339354695166196,0.3896551724137931,0.6758620689655173,0.8275862068965517,0.47527525508062757,4
colorado,schedule_seed_5,sensitivity,warmup,physical_recovery,4,290,0.03598369826565989,0.044893848936767615,0.38620689655172413,0.7551724137931034,0.8724137931034482,0.46970603729410537,4
colorado,schedule_seed_5,sensitivity,warmup,raw,1,290,0.015005497858331085,0.01206907643691514,0.13448275862068965,0.3620689655172414,0.6862068965517242,0.17542733213261366,4
colorado,schedule_seed_5,sensitivity,warmup,raw,2,290,0.0347000397368192,0.04335727370934158,0.15517241379310345,0.3275862068965517,0.6172413793103448,0.469978572643395,4
colorado,schedule_seed_5,sensitivity,warmup,raw,3,290,0.036428251851970746,0.04339354695166196,0.1896551724137931,0.4379310344827586,0.6689655172413793,0.466912287091088,4
colorado,schedule_seed_5,sensitivity,warmup,raw,4,290,0.03887694919463163,0.044893848936767615,0.13793103448275862,0.35172413793103446,0.6103448275862069,0.45265663653637206,4
colorado,schedule_seed_5,sensitivity,warmup,recency,1,290,0.014186697354292017,0.01206907643691514,0.3793103448275862,0.6862068965517242,0.8586206896551725,0.1807660811143419,4
colorado,schedule_seed_5,sensitivity,warmup,recency,2,290,0.033076133074647754,0.04335727370934158,0.32413793103448274,0.6241379310344828,0.8172413793103448,0.479213764172356,4
colorado,schedule_seed_5,sensitivity,warmup,recency,3,290,0.035224683168502226,0.04339354695166196,0.3482758620689655,0.6448275862068965,0.8,0.4747033315691336,4
colorado,schedule_seed_5,sensitivity,warmup,recency,4,290,0.036725847243082616,0.044893848936767615,0.3448275862068966,0.6655172413793103,0.8275862068965517,0.4673433522215191,4
colorado,no_input_age,sensitivity,evaluation,physical,1,3957,0.019404589869927588,0.03045147907164719,0.5473843821076573,0.8435683598685874,0.9383371240839019,0.2020027809391214,46
colorado,no_input_age,sensitivity,evaluation,physical,2,3957,0.044790001852741526,0.0989562947841706,0.5456153651756381,0.8337124083901946,0.9317664897649734,0.4426218422762448,46
colorado,no_input_age,sensitivity,evaluation,physical,3,3957,0.058373702648953994,0.1287648923827433,0.5574930502906242,0.851908011119535,0.934040940106141,0.4673230582805058,46
colorado,no_input_age,sensitivity,evaluation,physical,4,3957,0.0692732902969059,0.16222906975999882,0.5516805660854183,0.8536770280515542,0.934040940106141,0.48438825755595066,46
colorado,no_input_age,sensitivity,evaluation,physical_availability,1,3957,0.019384121634449015,0.03045147907164719,0.5446044983573414,0.8455900935051807,0.9370735405610311,0.20200535790725016,46
colorado,no_input_age,sensitivity,evaluation,physical_availability,2,3957,0.044782479616284135,0.0989562947841706,0.548395248925954,0.8311852413444528,0.9322719231741218,0.44245804734503796,46
colorado,no_input_age,sensitivity,evaluation,physical_availability,3,3957,0.05836877257014332,0.1287648923827433,0.5559767500631791,0.849128127369219,0.9330300732878444,0.46738308332556505,46
colorado,no_input_age,sensitivity,evaluation,physical_availability,4,3957,0.0692643482643538,0.16222906975999882,0.5547131665403083,0.854940611574425,0.9345463735152894,0.4844781749450611,46
colorado,no_input_age,sensitivity,evaluation,physical_recovery,1,3957,0.01938124040620037,0.03045147907164719,0.5448572150619156,0.8468536770280516,0.9393479909021987,0.20209070715002878,46
colorado,no_input_age,sensitivity,evaluation,physical_recovery,2,3957,0.04478568819962126,0.0989562947841706,0.549911549153399,0.8337124083901946,0.9322719231741218,0.4425005664791957,46
colorado,no_input_age,sensitivity,evaluation,physical_recovery,3,3957,0.058387524066932615,0.1287648923827433,0.5539550164265858,0.8511498610058125,0.934040940106141,0.46752526602976485,46
colorado,no_input_age,sensitivity,evaluation,physical_recovery,4,3957,0.06928554869991212,0.16222906975999882,0.555724033358605,0.8551933282789992,0.9337882234015669,0.4845261139337242,46
colorado,no_input_age,sensitivity,evaluation,raw,1,3957,0.02543963440885873,0.03045147907164719,0.08541824614607026,0.18347232752084913,0.3765478898155168,0.16773299433634722,46
colorado,no_input_age,sensitivity,evaluation,raw,2,3957,0.053378541599825885,0.0989562947841706,0.05332322466515037,0.1425322213798332,0.38236037402072276,0.4047159164432846,46
colorado,no_input_age,sensitivity,evaluation,raw,3,3957,0.07409846313642508,0.1287648923827433,0.05787212534748547,0.15516805660854183,0.310841546626232,0.402382022028545,46
colorado,no_input_age,sensitivity,evaluation,raw,4,3957,0.0876819504613023,0.16222906975999882,0.04953247409653778,0.12029315137730603,0.2696487237806419,0.40454219260709834,46
colorado,no_input_age,sensitivity,evaluation,recency,1,3957,0.02017127813886839,0.03045147907164719,0.5039171089208997,0.7958049027040688,0.9085165529441496,0.20212261247276828,46
colorado,no_input_age,sensitivity,evaluation,recency,2,3957,0.04544629824556142,0.0989562947841706,0.5021480919888804,0.7920141521354561,0.9057366691938337,0.44289890464909976,46
colorado,no_input_age,sensitivity,evaluation,recency,3,3957,0.05979097676436055,0.1287648923827433,0.49507202426080366,0.7968157695223654,0.9029567854435178,0.4674573987125629,46
colorado,no_input_age,sensitivity,evaluation,recency,4,3957,0.07071975018898949,0.16222906975999882,0.4927975739196361,0.7998483699772555,0.9039676522618145,0.4834813160253477,46
colorado,no_input_age,sensitivity,warmup,physical,1,290,0.013351635515679939,0.01078179585349277,0.3758620689655172,0.6931034482758621,0.8862068965517241,0.1851598112705088,4
colorado,no_input_age,sensitivity,warmup,physical,2,290,0.03105423889974155,0.0410913261888933,0.35517241379310344,0.6862068965517242,0.8689655172413793,0.47428594703075794,4
colorado,no_input_age,sensitivity,warmup,physical,3,290,0.034077931111539464,0.04212456568010661,0.3586206896551724,0.6379310344827587,0.8206896551724138,0.4737288639233603,4
colorado,no_input_age,sensitivity,warmup,physical,4,290,0.03564415423594292,0.043562403440827485,0.3758620689655172,0.7,0.8551724137931035,0.46521906372378835,4
colorado,no_input_age,sensitivity,warmup,physical_availability,1,290,0.013351397495450753,0.01078179585349277,0.3758620689655172,0.6931034482758621,0.8793103448275862,0.18518915549029263,4
colorado,no_input_age,sensitivity,warmup,physical_availability,2,290,0.031069756450350296,0.0410913261888933,0.35517241379310344,0.6862068965517242,0.8689655172413793,0.4742861128525962,4
colorado,no_input_age,sensitivity,warmup,physical_availability,3,290,0.03408081910444298,0.04212456568010661,0.3586206896551724,0.6482758620689655,0.8275862068965517,0.473659636691333,4
colorado,no_input_age,sensitivity,warmup,physical_availability,4,290,0.03560966924767934,0.043562403440827485,0.3758620689655172,0.696551724137931,0.8551724137931035,0.46540580201920484,4
colorado,no_input_age,sensitivity,warmup,physical_recovery,1,290,0.013323821796392264,0.01078179585349277,0.3931034482758621,0.7068965517241379,0.8793103448275862,0.1853676215158891,4
colorado,no_input_age,sensitivity,warmup,physical_recovery,2,290,0.03104801397946661,0.0410913261888933,0.3620689655172414,0.6931034482758621,0.8758620689655172,0.47448254170121623,4
colorado,no_input_age,sensitivity,warmup,physical_recovery,3,290,0.03402539817202471,0.04212456568010661,0.3793103448275862,0.6655172413793103,0.8344827586206897,0.4739005832025658,4
colorado,no_input_age,sensitivity,warmup,physical_recovery,4,290,0.03545421458351261,0.043562403440827485,0.39655172413793105,0.7344827586206897,0.8620689655172413,0.46597921379894247,4
colorado,no_input_age,sensitivity,warmup,raw,1,290,0.014155997637907243,0.01078179585349277,0.1724137931034483,0.39655172413793105,0.7206896551724138,0.18005070780764848,4
colorado,no_input_age,sensitivity,warmup,raw,2,290,0.03218689495362469,0.0410913261888933,0.1793103448275862,0.4586206896551724,0.7344827586206897,0.46843643337455065,4
colorado,no_input_age,sensitivity,warmup,raw,3,290,0.03556376084392028,0.04212456568010661,0.2,0.4206896551724138,0.6827586206896552,0.46624566194898825,4
colorado,no_input_age,sensitivity,warmup,raw,4,290,0.03813452417664214,0.043562403440827485,0.15862068965517243,0.38275862068965516,0.6310344827586207,0.44956537638006067,4
colorado,no_input_age,sensitivity,warmup,recency,1,290,0.01351734700985684,0.01078179585349277,0.3793103448275862,0.6689655172413793,0.8448275862068966,0.18457297809368092,4
colorado,no_input_age,sensitivity,warmup,recency,2,290,0.03130935532812852,0.0410913261888933,0.3758620689655172,0.6517241379310345,0.8344827586206897,0.4737827032305197,4
colorado,no_input_age,sensitivity,warmup,recency,3,290,0.03437933195392425,0.04212456568010661,0.35172413793103446,0.6310344827586207,0.8103448275862069,0.47336250615207975,4
colorado,no_input_age,sensitivity,warmup,recency,4,290,0.03615117137633142,0.043562403440827485,0.3482758620689655,0.6655172413793103,0.8310344827586207,0.46366782731596706,4
colorado,no_block_augmentation,sensitivity,evaluation,physical,1,3957,0.013267275811123734,0.016531639975601756,0.5127621935809957,0.8175385392974476,0.9350518069244377,0.20978022149542358,46
colorado,no_block_augmentation,sensitivity,evaluation,physical,2,3957,0.03502363684178711,0.05528792389619094,0.5314632297194845,0.8294162244124337,0.92974475612838,0.3585082781042116,46
colorado,no_block_augmentation,sensitivity,evaluation,physical,3,3957,0.055118871837942784,0.1171762446677583,0.5514278493808441,0.8458428102097548,0.9469294920394238,0.3852978900485532,46
colorado,no_block_augmentation,sensitivity,evaluation,physical,4,3957,0.06388477478698461,0.15124193246537634,0.5595147839272175,0.8514025777103866,0.9322719231741218,0.44952153398589406,46
colorado,no_block_augmentation,sensitivity,evaluation,physical_availability,1,3957,0.013230434788730747,0.016531639975601756,0.5024008086934546,0.8193075562294667,0.9360626737427344,0.20961753666840705,46
colorado,no_block_augmentation,sensitivity,evaluation,physical_availability,2,3957,0.03501656475286338,0.05528792389619094,0.530705079605762,0.8304270912307303,0.9299974728329543,0.35852494679090413,46
colorado,no_block_augmentation,sensitivity,evaluation,physical_availability,3,3957,0.05511221435073555,0.1171762446677583,0.5521859994945666,0.8473591104371999,0.9461713419257013,0.38509290954959996,46
colorado,no_block_augmentation,sensitivity,evaluation,physical_availability,4,3957,0.06388077799145865,0.15124193246537634,0.5625473843821076,0.8544351781652767,0.9327773565832701,0.4494584938548618,46
colorado,no_block_augmentation,sensitivity,evaluation,physical_recovery,1,3957,0.013229279133449554,0.016531639975601756,0.5031589588071772,0.8220874399797826,0.9368208238564569,0.20966401019989966,46
colorado,no_block_augmentation,sensitivity,evaluation,physical_recovery,2,3957,0.035029200236763126,0.05528792389619094,0.5299469294920395,0.8304270912307303,0.92974475612838,0.3586057781602176,46
colorado,no_block_augmentation,sensitivity,evaluation,physical_recovery,3,3957,0.05514334907807047,0.1171762446677583,0.5531968663128632,0.8440737932777357,0.9464240586302755,0.38514352990784767,46
colorado,no_block_augmentation,sensitivity,evaluation,physical_recovery,4,3957,0.06391141532498601,0.15124193246537634,0.5620419509729593,0.8541824614607025,0.9320192064695476,0.44957961996555895,46
colorado,no_block_augmentation,sensitivity,evaluation,raw,1,3957,0.014835007520414624,0.016531639975601756,0.10993176648976498,0.281526408895628,0.610058124842052,0.20236373209793787,46
colorado,no_block_augmentation,sensitivity,evaluation,raw,2,3957,0.04201464323887759,0.05528792389619094,0.03411675511751327,0.12180945160475107,0.2959312610563558,0.32457492768001767,46
colorado,no_block_augmentation,sensitivity,evaluation,raw,3,3957,0.07221902378018318,0.1171762446677583,0.04245640636846096,0.12484205205964115,0.3297952994692949,0.32222558994063455,46
colorado,no_block_augmentation,sensitivity,evaluation,raw,4,3957,0.07906990630217596,0.15124193246537634,0.03436947182208744,0.11245893353550669,0.35506696992671216,0.39604718519368537,46
colorado,no_block_augmentation,sensitivity,evaluation,recency,1,3957,0.01348588351473312,0.016531639975601756,0.5006317917614355,0.7973212029315138,0.9211523881728583,0.2099167081458811,46
colorado,no_block_augmentation,sensitivity,evaluation,recency,2,3957,0.03552947529077986,0.05528792389619094,0.49305029062421024,0.7915087187263078,0.9049785190801112,0.35759212598476264,46
colorado,no_block_augmentation,sensitivity,evaluation,recency,3,3957,0.05618508849175723,0.1171762446677583,0.4988627748294162,0.7945413191811979,0.9201415213545615,0.3846771824287561,46
colorado,no_block_augmentation,sensitivity,evaluation,recency,4,3957,0.06535974449439182,0.15124193246537634,0.5024008086934546,0.804902704068739,0.9092747030578722,0.44965986081022147,46
colorado,no_block_augmentation,sensitivity,warmup,physical,1,290,0.008795216245249843,0.006634666401178288,0.4103448275862069,0.7724137931034483,0.9,0.196524212605644,4
colorado,no_block_augmentation,sensitivity,warmup,physical,2,290,0.020130555139709017,0.019544909069524233,0.3448275862068966,0.6724137931034483,0.8620689655172413,0.3248060332039869,4
colorado,no_block_augmentation,sensitivity,warmup,physical,3,290,0.03013557619723882,0.043765622616313844,0.3413793103448276,0.6689655172413793,0.8620689655172413,0.31153563835101894,4
colorado,no_block_augmentation,sensitivity,warmup,physical,4,290,0.032281853307078084,0.049729069102908065,0.3758620689655172,0.6758620689655173,0.8862068965517241,0.41926426422682705,4
colorado,no_block_augmentation,sensitivity,warmup,physical_availability,1,290,0.008774704179673617,0.006634666401178288,0.3896551724137931,0.7551724137931034,0.8862068965517241,0.19610546460404293,4
colorado,no_block_augmentation,sensitivity,warmup,physical_availability,2,290,0.020131607736815015,0.019544909069524233,0.33448275862068966,0.6689655172413793,0.8551724137931035,0.3247779640312514,4
colorado,no_block_augmentation,sensitivity,warmup,physical_availability,3,290,0.03014105930926844,0.043765622616313844,0.3413793103448276,0.6551724137931034,0.8620689655172413,0.31146319535900524,4
colorado,no_block_augmentation,sensitivity,warmup,physical_availability,4,290,0.032251873304190375,0.049729069102908065,0.36551724137931035,0.6793103448275862,0.8862068965517241,0.4193626958616504,4
colorado,no_block_augmentation,sensitivity,warmup,physical_recovery,1,290,0.008769829328511029,0.006634666401178288,0.4241379310344828,0.7689655172413793,0.8931034482758621,0.196446933223519,4
colorado,no_block_augmentation,sensitivity,warmup,physical_recovery,2,290,0.020113501084276054,0.019544909069524233,0.35517241379310344,0.6896551724137931,0.8689655172413793,0.3249284557923751,4
colorado,no_block_augmentation,sensitivity,warmup,physical_recovery,3,290,0.030075457981350445,0.043765622616313844,0.39655172413793105,0.6827586206896552,0.8689655172413793,0.312162386891459,4
colorado,no_block_augmentation,sensitivity,warmup,physical_recovery,4,290,0.03219974979485765,0.049729069102908065,0.3724137931034483,0.7172413793103448,0.9103448275862069,0.41958279120813413,4
colorado,no_block_augmentation,sensitivity,warmup,raw,1,290,0.008930771121791822,0.006634666401178288,0.3448275862068966,0.593103448275862,0.8344827586206897,0.19481964662774995,4
colorado,no_block_augmentation,sensitivity,warmup,raw,2,290,0.020585603804577884,0.019544909069524233,0.2689655172413793,0.496551724137931,0.7896551724137931,0.3237113549483295,4
colorado,no_block_augmentation,sensitivity,warmup,raw,3,290,0.03263841264113131,0.043765622616313844,0.23448275862068965,0.4241379310344828,0.6862068965517242,0.3017817678103356,4
colorado,no_block_augmentation,sensitivity,warmup,raw,4,290,0.0338559364957421,0.049729069102908065,0.18620689655172415,0.43103448275862066,0.7448275862068966,0.416269417039182,4
colorado,no_block_augmentation,sensitivity,warmup,recency,1,290,0.008849793167993917,0.006634666401178288,0.44482758620689655,0.7758620689655172,0.903448275862069,0.1970467971327294,4
colorado,no_block_augmentation,sensitivity,warmup,recency,2,290,0.020176442826565825,0.019544909069524233,0.3758620689655172,0.6931034482758621,0.8586206896551725,0.32466920434360086,4
colorado,no_block_augmentation,sensitivity,warmup,recency,3,290,0.03064020017808518,0.043765622616313844,0.3758620689655172,0.6344827586206897,0.8413793103448276,0.3107443462587607,4
colorado,no_block_augmentation,sensitivity,warmup,recency,4,290,0.03263101552380876,0.049729069102908065,0.3724137931034483,0.6482758620689655,0.8793103448275862,0.4185840821646161,4
colorado,privileged_labels,diagnostic,evaluation,physical,1,3957,0.0196572478249858,0.031395215679132095,0.5506696992671215,0.8440737932777357,0.9358099570381602,0.19894434514129375,46
colorado,privileged_labels,diagnostic,evaluation,physical,2,3957,0.045499716307069386,0.09910301257060367,0.5544604498357342,0.8380085923679556,0.939853424311347,0.4499148932855353,46
colorado,privileged_labels,diagnostic,evaluation,physical,3,3957,0.058350599474838956,0.12840166954913376,0.5511751326762699,0.8531715946424059,0.9337882234015669,0.4673508817004058,46
colorado,privileged_labels,diagnostic,evaluation,physical,4,3957,0.06931602686096805,0.16222906975999882,0.5521859994945666,0.8536770280515542,0.9335355066969927,0.48689111026417464,46
colorado,privileged_labels,diagnostic,evaluation,physical_availability,1,3957,0.019629435666836968,0.031395215679132095,0.5458680818802123,0.8420520596411423,0.9368208238564569,0.19895721543565442,46
colorado,privileged_labels,diagnostic,evaluation,physical_availability,2,3957,0.045491421040365604,0.09910301257060367,0.5569876168814759,0.8407884761182715,0.9426333080616629,0.44991398616389217,46
colorado,privileged_labels,diagnostic,evaluation,physical_availability,3,3957,0.058341568950006174,0.12840166954913376,0.5549658832448825,0.8551933282789992,0.9347990902198635,0.4674573803658519,46
colorado,privileged_labels,diagnostic,evaluation,physical_availability,4,3957,0.06931395394058024,0.16222906975999882,0.5564821834723275,0.854940611574425,0.9342936568107152,0.4870622557036874,46
colorado,privileged_labels,diagnostic,evaluation,physical_recovery,1,3957,0.019628909160811708,0.031395215679132095,0.5491533990396765,0.8417993429365681,0.9363153904473086,0.19901580615690356,46
colorado,privileged_labels,diagnostic,evaluation,physical_recovery,2,3957,0.04549819385573031,0.09910301257060367,0.5564821834723275,0.838766742481678,0.9423805913570887,0.4499396748003261,46
colorado,privileged_labels,diagnostic,evaluation,physical_recovery,3,3957,0.05835978006488242,0.12840166954913376,0.5524387161991408,0.854940611574425,0.9350518069244377,0.4675717463780892,46
colorado,privileged_labels,diagnostic,evaluation,physical_recovery,4,3957,0.06933291199978327,0.16222906975999882,0.5572403335860501,0.8551933282789992,0.934040940106141,0.48705866354427635,46
colorado,privileged_labels,diagnostic,evaluation,raw,1,3957,0.026025617683787156,0.031395215679132095,0.07278241091736164,0.17386909274703058,0.36593378822340156,0.16330862962596576,46
colorado,privileged_labels,diagnostic,evaluation,raw,2,3957,0.055360398203112206,0.09910301257060367,0.04397270659590599,0.1215567349001769,0.3462218852666161,0.4058671940090118,46
colorado,privileged_labels,diagnostic,evaluation,raw,3,3957,0.07411622302340386,0.12840166954913376,0.05888299216578216,0.15668435683598686,0.31210513014910285,0.402402507978423,46
colorado,privileged_labels,diagnostic,evaluation,raw,4,3957,0.08772892513327003,0.16222906975999882,0.04953247409653778,0.12029315137730603,0.26914329037149354,0.40691657392181957,46
colorado,privileged_labels,diagnostic,evaluation,recency,1,3957,0.020402979319148334,0.031395215679132095,0.5026535253980288,0.7970684862269396,0.9027040687389436,0.1990696516117795,46
colorado,privileged_labels,diagnostic,evaluation,recency,2,3957,0.04626022748969598,0.09910301257060367,0.5051806924437705,0.794794035885772,0.9133181703310589,0.45011522201925597,46
colorado,privileged_labels,diagnostic,evaluation,recency,3,3957,0.05977797149762513,0.12840166954913376,0.4963356077836745,0.7980793530452363,0.9034622188526662,0.4674200937184875,46
colorado,privileged_labels,diagnostic,evaluation,recency,4,3957,0.0707698969044074,0.16222906975999882,0.4927975739196361,0.7998483699772555,0.9039676522618145,0.4859567635035279,46
colorado,privileged_labels,diagnostic,warmup,physical,1,290,0.013463896687179592,0.011538744568251266,0.3724137931034483,0.7103448275862069,0.903448275862069,0.17861496648432656,4
colorado,privileged_labels,diagnostic,warmup,physical,2,290,0.03185826155568712,0.04189965182726807,0.32068965517241377,0.6724137931034483,0.8586206896551725,0.4777055991567922,4
colorado,privileged_labels,diagnostic,warmup,physical,3,290,0.034219789923686225,0.041851897675518376,0.35172413793103446,0.6620689655172414,0.8172413793103448,0.4738004265439547,4
colorado,privileged_labels,diagnostic,warmup,physical,4,290,0.03568313971980621,0.043562403440827485,0.3758620689655172,0.7,0.8551724137931035,0.46785325189498245,4
colorado,privileged_labels,diagnostic,warmup,physical_availability,1,290,0.013462427334782907,0.011538744568251266,0.3689655172413793,0.7206896551724138,0.903448275862069,0.17868534268938643,4
colorado,privileged_labels,diagnostic,warmup,physical_availability,2,290,0.03185339322249431,0.04189965182726807,0.32068965517241377,0.6724137931034483,0.8620689655172413,0.47775388612418274,4
colorado,privileged_labels,diagnostic,warmup,physical_availability,3,290,0.03422375380901785,0.041851897675518376,0.35172413793103446,0.6724137931034483,0.8241379310344827,0.4738109602063295,4
colorado,privileged_labels,diagnostic,warmup,physical_availability,4,290,0.035635993907420505,0.043562403440827485,0.3724137931034483,0.7,0.8586206896551725,0.46811138380278927,4
colorado,privileged_labels,diagnostic,warmup,physical_recovery,1,290,0.01342788458778073,0.011538744568251266,0.3931034482758621,0.7379310344827587,0.9,0.17892475028296398,4
colorado,privileged_labels,diagnostic,warmup,physical_recovery,2,290,0.031828708099119564,0.04189965182726807,0.3275862068965517,0.6793103448275862,0.8620689655172413,0.47787962271975126,4
colorado,privileged_labels,diagnostic,warmup,physical_recovery,3,290,0.03419133289120639,0.041851897675518376,0.3758620689655172,0.6931034482758621,0.8413793103448276,0.47406037283407404,4
colorado,privileged_labels,diagnostic,warmup,physical_recovery,4,290,0.0354830809803155,0.043562403440827485,0.39655172413793105,0.7379310344827587,0.8655172413793103,0.46868349680132576,4
colorado,privileged_labels,diagnostic,warmup,raw,1,290,0.014364283792837893,0.011538744568251266,0.14482758620689656,0.3793103448275862,0.7103448275862069,0.1735677031506869,4
colorado,privileged_labels,diagnostic,warmup,raw,2,290,0.03357447461217553,0.04189965182726807,0.1482758620689655,0.35517241379310344,0.6517241379310345,0.4688157960905665,4
colorado,privileged_labels,diagnostic,warmup,raw,3,290,0.03557282195487338,0.041851897675518376,0.19655172413793104,0.4517241379310345,0.6931034482758621,0.46634175053599164,4
colorado,privileged_labels,diagnostic,warmup,raw,4,290,0.03817160963118988,0.043562403440827485,0.15862068965517243,0.38275862068965516,0.6310344827586207,0.4521613581984023,4
colorado,privileged_labels,diagnostic,warmup,recency,1,290,0.01365081121907669,0.011538744568251266,0.3758620689655172,0.6620689655172414,0.8620689655172413,0.17809746074802607,4
colorado,privileged_labels,diagnostic,warmup,recency,2,290,0.03215480287036942,0.04189965182726807,0.32068965517241377,0.6206896551724138,0.8241379310344827,0.4772851573636354,4
colorado,privileged_labels,diagnostic,warmup,recency,3,290,0.03449907902601631,0.041851897675518376,0.35517241379310344,0.6413793103448275,0.8068965517241379,0.47343113612127075,4
colorado,privileged_labels,diagnostic,warmup,recency,4,290,0.03618800197918164,0.043562403440827485,0.3482758620689655,0.6689655172413793,0.8310344827586207,0.4662757208105455,4
colorado,cross_site_weights,sensitivity,evaluation,physical,1,3957,0.03816287858681438,0.07314110886826625,0.5183219610816275,0.8354814253222138,0.9282284559009351,0.31881154305818205,46
colorado,cross_site_weights,sensitivity,evaluation,physical,2,3957,0.057119217903675565,0.11817492268760803,0.5526914329037149,0.8390194591862522,0.9335355066969927,0.4821514385413998,46
colorado,cross_site_weights,sensitivity,evaluation,physical,3,3957,0.06450851404396266,0.12331014735022715,0.5547131665403083,0.8511498610058125,0.9315137730603993,0.5347935756464706,46
colorado,cross_site_weights,sensitivity,evaluation,physical,4,3957,0.0802537450412006,0.17978894652284858,0.5612838008592368,0.8468536770280516,0.9342936568107152,0.5650141695363161,46
colorado,cross_site_weights,sensitivity,evaluation,physical_availability,1,3957,0.0380690686932326,0.07314110886826625,0.5079605761940864,0.8352287086176396,0.9305029062421026,0.31810871456232404,46
colorado,cross_site_weights,sensitivity,evaluation,physical_availability,2,3957,0.0570954035123715,0.11817492268760803,0.5448572150619156,0.837250442254233,0.9330300732878444,0.48246712959843596,46
colorado,cross_site_weights,sensitivity,evaluation,physical_availability,3,3957,0.06451172397484771,0.12331014735022715,0.5486479656305282,0.8514025777103866,0.9320192064695476,0.534741224111527,46
colorado,cross_site_weights,sensitivity,evaluation,physical_availability,4,3957,0.08023866652140756,0.17978894652284858,0.5585039171089209,0.8468536770280516,0.9335355066969927,0.565234363698957,46
colorado,cross_site_weights,sensitivity,evaluation,physical_recovery,1,3957,0.038063270572193886,0.07314110886826625,0.5094768764215315,0.8367450088450846,0.9322719231741218,0.31824456913161203,46
colorado,cross_site_weights,sensitivity,evaluation,physical_recovery,2,3957,0.057091091815129905,0.11817492268760803,0.546878948698509,0.8382613090725297,0.934040940106141,0.48258731018350515,46
colorado,cross_site_weights,sensitivity,evaluation,physical_recovery,3,3957,0.06450625960165912,0.12331014735022715,0.5506696992671215,0.8514025777103866,0.9342936568107152,0.5349643957257388,46
colorado,cross_site_weights,sensitivity,evaluation,physical_recovery,4,3957,0.08023680591890697,0.17978894652284858,0.5612838008592368,0.8463482436189033,0.9353045236290118,0.5654704306696073,46
colorado,cross_site_weights,sensitivity,evaluation,raw,1,3957,0.047758848460486246,0.07314110886826625,0.05357594136972454,0.17058377558756635,0.39550164265857973,0.27338998215562155,46
colorado,cross_site_weights,sensitivity,evaluation,raw,2,3957,0.08104518373492202,0.11817492268760803,0.05054334091483447,0.1096790497851908,0.18549406115744252,0.3802840253341817,46
colorado,cross_site_weights,sensitivity,evaluation,raw,3,3957,0.09316423710365788,0.12331014735022715,0.025271670457417236,0.07733131159969674,0.12661106899166036,0.4036727353859946,46
colorado,cross_site_weights,sensitivity,evaluation,raw,4,3957,0.1149013734754909,0.17978894652284858,0.03588577204953247,0.096790497851908,0.1753853929744756,0.4203314534509208,46
colorado,cross_site_weights,sensitivity,evaluation,recency,1,3957,0.03891761809721902,0.07314110886826625,0.5024008086934546,0.7927723022491787,0.9087692696487237,0.31976013859479213,46
colorado,cross_site_weights,sensitivity,evaluation,recency,2,3957,0.05858531223873505,0.11817492268760803,0.5026535253980288,0.7927723022491787,0.9014404852160728,0.4818010951231451,46
colorado,cross_site_weights,sensitivity,evaluation,recency,3,3957,0.06616498948976092,0.12331014735022715,0.501389941875158,0.7955521859994946,0.8971443012383119,0.5334641138324915,46
colorado,cross_site_weights,sensitivity,evaluation,recency,4,3957,0.08221317847690385,0.17978894652284858,0.5034116755117514,0.791761435430882,0.8966388678291635,0.5649117207416924,46
colorado,cross_site_weights,sensitivity,warmup,physical,1,290,0.03722213655863781,0.07689985491506483,0.4379310344827586,0.7482758620689656,0.8896551724137931,0.2875935854802116,4
colorado,cross_site_weights,sensitivity,warmup,physical,2,290,0.05395677713716676,0.11456976935612533,0.4517241379310345,0.7206896551724138,0.8344827586206897,0.4247052099457476,4
colorado,cross_site_weights,sensitivity,warmup,physical,3,290,0.05216714407121787,0.08789436255315645,0.506896551724138,0.7137931034482758,0.7965517241379311,0.4536154153278492,4
colorado,cross_site_weights,sensitivity,warmup,physical,4,290,0.06298366729730584,0.1165124486319631,0.4862068965517241,0.7206896551724138,0.8448275862068966,0.4742280954985604,4
colorado,cross_site_weights,sensitivity,warmup,physical_availability,1,290,0.03717139608796387,0.07689985491506483,0.42758620689655175,0.7517241379310344,0.8896551724137931,0.28659689584013687,4
colorado,cross_site_weights,sensitivity,warmup,physical_availability,2,290,0.05394979163378897,0.11456976935612533,0.4517241379310345,0.7172413793103448,0.8413793103448276,0.4250475119481141,4
colorado,cross_site_weights,sensitivity,warmup,physical_availability,3,290,0.05218808577223446,0.08789436255315645,0.5,0.7034482758620689,0.7965517241379311,0.4532078097144845,4
colorado,cross_site_weights,sensitivity,warmup,physical_availability,4,290,0.06300269415440751,0.1165124486319631,0.4827586206896552,0.7206896551724138,0.8413793103448276,0.4743756529837,4
colorado,cross_site_weights,sensitivity,warmup,physical_recovery,1,290,0.03707448816015311,0.07689985491506483,0.43448275862068964,0.7827586206896552,0.896551724137931,0.2877443598166613,4
colorado,cross_site_weights,sensitivity,warmup,physical_recovery,2,290,0.053935622364587724,0.11456976935612533,0.46206896551724136,0.7310344827586207,0.8379310344827586,0.4253528165403688,4
colorado,cross_site_weights,sensitivity,warmup,physical_recovery,3,290,0.05219424412491585,0.08789436255315645,0.5,0.7241379310344828,0.803448275862069,0.4539150103027929,4
colorado,cross_site_weights,sensitivity,warmup,physical_recovery,4,290,0.06297638127173871,0.1165124486319631,0.4827586206896552,0.7482758620689656,0.8517241379310345,0.4753297270379442,4
colorado,cross_site_weights,sensitivity,warmup,raw,1,290,0.04277342106658053,0.07689985491506483,0.1413793103448276,0.27586206896551724,0.5344827586206896,0.26124567046292635,4
colorado,cross_site_weights,sensitivity,warmup,raw,2,290,0.06800904730697775,0.11456976935612533,0.06206896551724138,0.1896551724137931,0.3137931034482759,0.364091920364985,4
colorado,cross_site_weights,sensitivity,warmup,raw,3,290,0.06557705583239827,0.08789436255315645,0.041379310344827586,0.1206896551724138,0.22758620689655173,0.3821511893133569,4
colorado,cross_site_weights,sensitivity,warmup,raw,4,290,0.07775437585324486,0.1165124486319631,0.013793103448275862,0.16896551724137931,0.28620689655172415,0.40560202989902433,4
colorado,cross_site_weights,sensitivity,warmup,recency,1,290,0.037720147198232176,0.07689985491506483,0.4413793103448276,0.7310344827586207,0.8758620689655172,0.28898674862343776,4
colorado,cross_site_weights,sensitivity,warmup,recency,2,290,0.05483612610827155,0.11456976935612533,0.41724137931034483,0.6793103448275862,0.7896551724137931,0.4229630844195905,4
colorado,cross_site_weights,sensitivity,warmup,recency,3,290,0.05301369947265339,0.08789436255315645,0.46206896551724136,0.6758620689655173,0.7827586206896552,0.45264721755096193,4
colorado,cross_site_weights,sensitivity,warmup,recency,4,290,0.06398672640698463,0.1165124486319631,0.4379310344827586,0.6931034482758621,0.8172413793103448,0.47240198410637124,4
colorado,stale_transport,sensitivity,evaluation,physical,1,3957,0.020763501058378372,0.033658746400288854,0.5385392974475612,0.8364922921405105,0.9332827899924185,0.2020795649741542,46
colorado,stale_transport,sensitivity,evaluation,physical,2,3957,0.04707860445977563,0.1030085173219403,0.5547131665403083,0.8410411928228456,0.9411170078342178,0.4545199689028444,46
colorado,stale_transport,sensitivity,evaluation,physical,3,3957,0.061077141696526276,0.13423411284971942,0.558756633813495,0.85342431134698,0.9330300732878444,0.4766148650078757,46
colorado,stale_transport,sensitivity,evaluation,physical,4,3957,0.07294202732462654,0.17044977932716823,0.560020217336366,0.85342431134698,0.9302501895375285,0.4959916796785577,46
colorado,stale_transport,sensitivity,evaluation,physical_availability,1,3957,0.0207558987748409,0.033658746400288854,0.535253980288097,0.8352287086176396,0.9347990902198635,0.20197688234650657,46
colorado,stale_transport,sensitivity,evaluation,physical_availability,2,3957,0.047062728769973326,0.1030085173219403,0.5491533990396765,0.8385140257771039,0.9388425574930503,0.4543087083775915,46
colorado,stale_transport,sensitivity,evaluation,physical_availability,3,3957,0.06098831987902526,0.13423411284971942,0.5569876168814759,0.8483699772554966,0.9347990902198635,0.4760136751695859,46
colorado,stale_transport,sensitivity,evaluation,physical_availability,4,3957,0.07286515971269103,0.17044977932716823,0.5506696992671215,0.851908011119535,0.9299974728329543,0.4959064225740221,46
colorado,stale_transport,sensitivity,evaluation,physical_recovery,1,3957,0.020750375534127802,0.033658746400288854,0.5392974475612838,0.8354814253222138,0.9350518069244377,0.20196955021022484,46
colorado,stale_transport,sensitivity,evaluation,physical_recovery,2,3957,0.047044184194783144,0.1030085173219403,0.5516805660854183,0.8400303260045489,0.9401061410159212,0.45405453394121964,46
colorado,stale_transport,sensitivity,evaluation,physical_recovery,3,3957,0.06099737734020487,0.13423411284971942,0.5577457669951984,0.8468536770280516,0.9322719231741218,0.47556844819828015,46
colorado,stale_transport,sensitivity,evaluation,physical_recovery,4,3957,0.07290349243315247,0.17044977932716823,0.5534495830174374,0.8493808440737933,0.9292393227192317,0.4953064597898047,46
colorado,stale_transport,sensitivity,evaluation,raw,1,3957,0.027091956177121856,0.033658746400288854,0.08819812989638615,0.1938337124083902,0.3826130907252969,0.16616896230811973,46
colorado,stale_transport,sensitivity,evaluation,raw,2,3957,0.05707490218742595,0.1030085173219403,0.05256507455142785,0.13090725296942127,0.34874905231235787,0.4078360443615056,46
colorado,stale_transport,sensitivity,evaluation,raw,3,3957,0.0775339970836284,0.13423411284971942,0.062421026029820574,0.15314632297194844,0.30654536264847104,0.40585800092336033,46
colorado,stale_transport,sensitivity,evaluation,raw,4,3957,0.09181680589384272,0.17044977932716823,0.052312357846853674,0.1215567349001769,0.265352539802881,0.411712144303522,46
colorado,stale_transport,sensitivity,evaluation,recency,1,3957,0.02152310981868412,0.033658746400288854,0.49128127369219105,0.7872125347485469,0.9024513520343694,0.2021865146966788,46
colorado,stale_transport,sensitivity,evaluation,recency,2,3957,0.04785867520824902,0.1030085173219403,0.5024008086934546,0.8018701036138489,0.9143290371493555,0.4546690264650854,46
colorado,stale_transport,sensitivity,evaluation,recency,3,3957,0.06250736507455391,0.13423411284971942,0.5039171089208997,0.8084407379327774,0.9067475360121304,0.4764939934986904,46
colorado,stale_transport,sensitivity,evaluation,recency,4,3957,0.07435494933406787,0.17044977932716823,0.4960828910791003,0.8031336871367197,0.9054839524892595,0.4952635097223658,46
colorado,stale_transport,sensitivity,warmup,physical,1,290,0.01510861642011376,0.01504112026084635,0.3724137931034483,0.7241379310344828,0.8724137931034482,0.1842228729867768,4
colorado,stale_transport,sensitivity,warmup,physical,2,290,0.035414094433507015,0.05086251588778677,0.30344827586206896,0.7172413793103448,0.8551724137931035,0.4842411664659196,4
colorado,stale_transport,sensitivity,warmup,physical,3,290,0.04169075137715042,0.059784971979180805,0.38620689655172413,0.7517241379310344,0.8862068965517241,0.4861826378333082,4
colorado,stale_transport,sensitivity,warmup,physical,4,290,0.046187080419352655,0.06834272356483503,0.4,0.7793103448275862,0.8931034482758621,0.4820814948635018,4
colorado,stale_transport,sensitivity,warmup,physical_availability,1,290,0.015099951766698257,0.01504112026084635,0.35517241379310344,0.7137931034482758,0.8862068965517241,0.18397868041859342,4
colorado,stale_transport,sensitivity,warmup,physical_availability,2,290,0.03539494631731589,0.05086251588778677,0.32068965517241377,0.7,0.8620689655172413,0.48430443350760466,4
colorado,stale_transport,sensitivity,warmup,physical_availability,3,290,0.04161954639484245,0.059784971979180805,0.3724137931034483,0.7034482758620689,0.8620689655172413,0.4841269120568507,4
colorado,stale_transport,sensitivity,warmup,physical_availability,4,290,0.046115028853454705,0.06834272356483503,0.38620689655172413,0.7517241379310344,0.8827586206896552,0.48233308422432003,4
colorado,stale_transport,sensitivity,warmup,physical_recovery,1,290,0.015066679223216434,0.01504112026084635,0.3758620689655172,0.7344827586206897,0.896551724137931,0.18449487971087933,4
colorado,stale_transport,sensitivity,warmup,physical_recovery,2,290,0.03537320853038714,0.05086251588778677,0.33448275862068966,0.7206896551724138,0.8620689655172413,0.48450568596224586,4
colorado,stale_transport,sensitivity,warmup,physical_recovery,3,290,0.04162703794782046,0.059784971979180805,0.4,0.7448275862068966,0.8655172413793103,0.48486135130386904,4
colorado,stale_transport,sensitivity,warmup,physical_recovery,4,290,0.046059855644309956,0.06834272356483503,0.4068965517241379,0.7689655172413793,0.8896551724137931,0.48288302929335974,4
colorado,stale_transport,sensitivity,warmup,raw,1,290,0.016087758656031126,0.01504112026084635,0.15517241379310345,0.4,0.6827586206896552,0.17759665106498973,4
colorado,stale_transport,sensitivity,warmup,raw,2,290,0.03745122277063977,0.05086251588778677,0.1482758620689655,0.3413793103448276,0.6172413793103448,0.4715765565104645,4
colorado,stale_transport,sensitivity,warmup,raw,3,290,0.043394703910151655,0.059784971979180805,0.19655172413793104,0.44482758620689655,0.6586206896551724,0.47003779017559666,4
colorado,stale_transport,sensitivity,warmup,raw,4,290,0.04934251626965295,0.06834272356483503,0.17586206896551723,0.36551724137931035,0.603448275862069,0.4572489662642341,4
colorado,stale_transport,sensitivity,warmup,recency,1,290,0.0152816660083641,0.01504112026084635,0.3758620689655172,0.6724137931034483,0.8655172413793103,0.18365476817617263,4
colorado,stale_transport,sensitivity,warmup,recency,2,290,0.035680827152025724,0.05086251588778677,0.31724137931034485,0.6724137931034483,0.8379310344827586,0.48355907494641787,4
colorado,stale_transport,sensitivity,warmup,recency,3,290,0.04203424626281812,0.059784971979180805,0.38275862068965516,0.6931034482758621,0.8724137931034482,0.4854087716746144,4
colorado,stale_transport,sensitivity,warmup,recency,4,290,0.04678585896556556,0.06834272356483503,0.36551724137931035,0.7103448275862069,0.8689655172413793,0.4808254795360823,4
