site,scenario,period,phase,method,horizon,n,nwis,nmae,coverage50,coverage80,coverage90,nwidth90,events
nist,clean,development_evaluation,normal,aci_bounded,1,2138,0.03379231569730126,0.0539622780479579,0.500467726847521,0.7988774555659495,0.8961646398503275,0.2891046428184604,0
nist,clean,development_evaluation,normal,aci_bounded,2,2137,0.044060053289866875,0.07507001454839142,0.4983621899859616,0.7922321010762752,0.9012634534394011,0.35885701695023436,0
nist,clean,development_evaluation,normal,aci_bounded,3,2137,0.05094477908418797,0.08785891739246868,0.49602246139447825,0.8001871782873187,0.9012634534394011,0.43790983837393227,0
nist,clean,development_evaluation,normal,aci_bounded,4,2137,0.055192989082962496,0.09945454367384762,0.4946186242395882,0.7955077211043519,0.9017313991576977,0.41014731854827585,0
nist,clean,development_evaluation,normal,mask50,1,2138,0.033805394548878494,0.0539622780479579,0.4990645463049579,0.803086997193639,0.901309635173059,0.2906619365231442,0
nist,clean,development_evaluation,normal,mask50,2,2137,0.044044066373487574,0.07507001454839142,0.499298081422555,0.7987833411324287,0.9050070191857744,0.3600355176898034,0
nist,clean,development_evaluation,normal,mask50,3,2137,0.050908623139485736,0.08785891739246868,0.5063172671970051,0.8062704726251755,0.9115582592419279,0.4409064654789659,0
nist,clean,development_evaluation,normal,mask50,4,2137,0.05517211394434395,0.09945454367384762,0.5025737014506317,0.8001871782873187,0.9078146934955545,0.4103393038104954,0
nist,clean,development_evaluation,normal,physical,1,2138,0.03361504951149958,0.0539622780479579,0.5018709073900842,0.8096351730589336,0.9092609915809168,0.2928718202427711,0
nist,clean,development_evaluation,normal,physical,2,2137,0.04384702036106976,0.07507001454839142,0.5044454843238184,0.8086102012166588,0.9162377164248947,0.3631178789327728,0
nist,clean,development_evaluation,normal,physical,3,2137,0.0507008262567998,0.08785891739246868,0.5105287786616752,0.8203088441740758,0.9204492278895648,0.4426477287832972,0
nist,clean,development_evaluation,normal,physical,4,2137,0.054988776412788,0.09945454367384762,0.5067852129153019,0.8132896583996256,0.9124941506785212,0.4137040606606224,0
nist,clean,development_evaluation,normal,physical_recovery,1,2138,0.03361035063502564,0.0539622780479579,0.4990645463049579,0.8091674462114126,0.9092609915809168,0.2932846285035851,0
nist,clean,development_evaluation,normal,physical_recovery,2,2137,0.04385238218621959,0.07507001454839142,0.5039775386055217,0.8072063640617688,0.9134300421151147,0.36259855574785627,0
nist,clean,development_evaluation,normal,physical_recovery,3,2137,0.050719065315344994,0.08785891739246868,0.5100608329433786,0.8184370613008891,0.9199812821712682,0.44253116458940334,0
nist,clean,development_evaluation,normal,physical_recovery,4,2137,0.05500669078513682,0.09945454367384762,0.5058493214787084,0.810014038371549,0.912962096396818,0.4136586766061503,0
nist,clean,development_evaluation,normal,raw,1,2138,0.034054878651429706,0.0539622780479579,0.3713751169317119,0.7174929840972872,0.8479887745556595,0.2745204307429185,0
nist,clean,development_evaluation,normal,raw,2,2137,0.04464186383906248,0.07507001454839142,0.386055217594759,0.6635470285446888,0.8441740758072064,0.3385128840120883,0
nist,clean,development_evaluation,normal,raw,3,2137,0.05145654880960242,0.08785891739246868,0.3916705662143191,0.6902199344875994,0.8909686476368741,0.4325295485249832,0
nist,clean,development_evaluation,normal,raw,4,2137,0.05582608569583774,0.09945454367384762,0.37201684604585866,0.6747777257838091,0.8427702386523164,0.39031307295987894,0
nist,clean,development_evaluation,normal,recency,1,2138,0.03379182457318696,0.0539622780479579,0.5014031805425632,0.80355472404116,0.9008419083255379,0.2905173395466401,0
nist,clean,development_evaluation,normal,recency,2,2137,0.044025832515768054,0.07507001454839142,0.5039775386055217,0.7978474496958353,0.9064108563406644,0.36119096987985794,0
nist,clean,development_evaluation,normal,recency,3,2137,0.05089786060861618,0.08785891739246868,0.5039775386055217,0.8067384183434722,0.912962096396818,0.4415316012527615,0
nist,clean,development_evaluation,normal,recency,4,2137,0.05515322109111316,0.09945454367384762,0.5067852129153019,0.8020589611605053,0.9096864763687412,0.41067892769248826,0
nist,clean,development_evaluation,normal,rolling,1,2138,0.03379137229725488,0.0539622780479579,0.4976613657623948,0.7998129092609916,0.901309635173059,0.28984815181848916,0
nist,clean,development_evaluation,normal,rolling,2,2137,0.04406820730143755,0.07507001454839142,0.5049134300421151,0.7959756668226485,0.9059429106223678,0.36130147926544787,0
nist,clean,development_evaluation,normal,rolling,3,2137,0.050940553345712215,0.08785891739246868,0.5058493214787084,0.8086102012166588,0.9148338792700047,0.44138118756034456,0
nist,clean,development_evaluation,normal,rolling,4,2137,0.05520532355104864,0.09945454367384762,0.5109967243799719,0.802526906878802,0.9059429106223678,0.41089013780252015,0
nist,clean,validation,normal,aci_bounded,1,1899,0.034830448108188874,0.05462363116270238,0.4918378093733544,0.7946287519747235,0.9031068983675619,0.2999628877895283,0
nist,clean,validation,normal,aci_bounded,2,1899,0.04727283455933213,0.08023277938866254,0.49921011058451814,0.7977883096366508,0.8999473407056345,0.3954355289368323,0
nist,clean,validation,normal,aci_bounded,3,1899,0.05670950507438363,0.09809786475171993,0.4939441811479726,0.7977883096366508,0.8983675618746709,0.4674087893205119,0
nist,clean,validation,normal,aci_bounded,4,1899,0.06308036032589326,0.11404450402583867,0.4965771458662454,0.7904160084254871,0.8983675618746709,0.4556575253496204,0
nist,clean,validation,normal,mask50,1,1899,0.03478735411651477,0.05462363116270238,0.49973670352817273,0.8025276461295419,0.908899420747762,0.3011255846197009,0
nist,clean,validation,normal,mask50,2,1899,0.04724648211080544,0.08023277938866254,0.507635597682991,0.7983149025803055,0.9010005265929436,0.39565385782796136,0
nist,clean,validation,normal,mask50,3,1899,0.05663812913079285,0.09809786475171993,0.5039494470774092,0.7962085308056872,0.9041600842548709,0.4682833227671316,0
nist,clean,validation,normal,mask50,4,1899,0.06300335311231053,0.11404450402583867,0.49921011058451814,0.8025276461295419,0.9062664560294892,0.4561661301984096,0
nist,clean,validation,normal,physical,1,1899,0.0346944860733704,0.05462363116270238,0.4986835176408636,0.8030542390731964,0.9094260136914165,0.30276585060894323,0
nist,clean,validation,normal,physical,2,1899,0.047024317562495095,0.08023277938866254,0.5002632964718273,0.8109531332280148,0.9062664560294892,0.39905378503248745,0
nist,clean,validation,normal,physical,3,1899,0.05622263236814925,0.09809786475171993,0.5002632964718273,0.809373354397051,0.9104791995787257,0.47199678550422813,0
nist,clean,validation,normal,physical,4,1899,0.0624758056255866,0.11404450402583867,0.5107951553449184,0.8130595050026329,0.9083728278041074,0.4619367256081449,0
nist,clean,validation,normal,physical_recovery,1,1899,0.03468970951264032,0.05462363116270238,0.5071090047393365,0.8056872037914692,0.9094260136914165,0.3031257499819816,0
nist,clean,validation,normal,physical_recovery,2,1899,0.047020686609701684,0.08023277938866254,0.5028962611901,0.8120063191153238,0.9057398630858347,0.39947572128133374,0
nist,clean,validation,normal,physical_recovery,3,1899,0.056232199825249254,0.09809786475171993,0.5013164823591364,0.8067403896787783,0.9083728278041074,0.47211783378770833,0
nist,clean,validation,normal,physical_recovery,4,1899,0.06249393794703367,0.11404450402583867,0.5071090047393365,0.8125329120589784,0.9110057925223802,0.4621721652536121,0
nist,clean,validation,normal,raw,1,1899,0.03518015752225374,0.05462363116270238,0.36808846761453395,0.6972090573986308,0.8183254344391785,0.27507843367567264,0
nist,clean,validation,normal,raw,2,1899,0.048286360323711766,0.08023277938866254,0.34807793575566087,0.6197998946814113,0.7783043707214323,0.3538901489320251,0
nist,clean,validation,normal,raw,3,1899,0.057887538887409905,0.09809786475171993,0.33649289099526064,0.6092680358083201,0.8141126908899421,0.43937949811992505,0
nist,clean,validation,normal,raw,4,1899,0.0647826803224419,0.11404450402583867,0.3175355450236967,0.5839915745129015,0.741969457609268,0.407103014048551,0
nist,clean,validation,normal,recency,1,1899,0.03477632336625792,0.05462363116270238,0.4939441811479726,0.8004212743549236,0.9083728278041074,0.30056850091621884,0
nist,clean,validation,normal,recency,2,1899,0.04722759201074707,0.08023277938866254,0.5007898894154819,0.7972617166929963,0.9010005265929436,0.39550841674620757,0
nist,clean,validation,normal,recency,3,1899,0.05659825117665789,0.09809786475171993,0.5007898894154819,0.7983149025803055,0.9036334913112164,0.4683203806979196,0
nist,clean,validation,normal,recency,4,1899,0.0629756482850496,0.11404450402583867,0.49973670352817273,0.7983149025803055,0.9036334913112164,0.4561571355031535,0
nist,clean,validation,normal,rolling,1,1899,0.03481990994303197,0.05462363116270238,0.49499736703528174,0.7993680884676145,0.9062664560294892,0.3012141604229279,0
nist,clean,validation,normal,rolling,2,1899,0.047256699649755665,0.08023277938866254,0.4976303317535545,0.8030542390731964,0.9025803054239073,0.3963466579461653,0
nist,clean,validation,normal,rolling,3,1899,0.05668509644171077,0.09809786475171993,0.5002632964718273,0.8004212743549236,0.9015271195365983,0.46934564745750873,0
nist,clean,validation,normal,rolling,4,1899,0.06304904642715357,0.11404450402583867,0.5007898894154819,0.7925223802001053,0.9031068983675619,0.4575008070659218,0
nist,clean,warmup,normal,aci_bounded,1,289,0.030941868609207043,0.04830888055433251,0.5397923875432526,0.8373702422145328,0.8961937716262975,0.27995485123563085,0
nist,clean,warmup,normal,aci_bounded,2,289,0.047708686779271134,0.0826675828824267,0.5155709342560554,0.8339100346020761,0.903114186851211,0.3946194363376512,0
nist,clean,warmup,normal,aci_bounded,3,289,0.06027623028857613,0.10805242114854977,0.5605536332179931,0.8131487889273357,0.9273356401384083,0.49079149022356006,0
nist,clean,warmup,normal,aci_bounded,4,289,0.07271172793707475,0.13393656457562994,0.5536332179930796,0.8546712802768166,0.8996539792387543,0.4963126859495571,0
nist,clean,warmup,normal,mask50,1,289,0.03091323168307334,0.04830888055433251,0.5190311418685121,0.8304498269896193,0.889273356401384,0.27789708487694026,0
nist,clean,warmup,normal,mask50,2,289,0.04761158230380993,0.0826675828824267,0.5224913494809689,0.8200692041522492,0.903114186851211,0.3881862303617819,0
nist,clean,warmup,normal,mask50,3,289,0.060114173619674006,0.10805242114854977,0.5432525951557093,0.8062283737024222,0.9204152249134948,0.4859713800774395,0
nist,clean,warmup,normal,mask50,4,289,0.0724683384146316,0.13393656457562994,0.5397923875432526,0.8442906574394463,0.8858131487889274,0.49117473469952605,0
nist,clean,warmup,normal,physical,1,289,0.030829094358946273,0.04830888055433251,0.5294117647058824,0.8269896193771626,0.903114186851211,0.2776136448895695,0
nist,clean,warmup,normal,physical,2,289,0.04749545204667602,0.0826675828824267,0.5190311418685121,0.8269896193771626,0.903114186851211,0.391327406771084,0
nist,clean,warmup,normal,physical,3,289,0.06007128144394207,0.10805242114854977,0.5605536332179931,0.8062283737024222,0.9204152249134948,0.4871511671426544,0
nist,clean,warmup,normal,physical,4,289,0.07256076971286653,0.13393656457562994,0.5640138408304498,0.8442906574394463,0.889273356401384,0.49424061793630975,0
nist,clean,warmup,normal,physical_recovery,1,289,0.03081579859055046,0.04830888055433251,0.5190311418685121,0.8235294117647058,0.903114186851211,0.27766500758760904,0
nist,clean,warmup,normal,physical_recovery,2,289,0.047494268347533425,0.0826675828824267,0.5190311418685121,0.8304498269896193,0.9100346020761245,0.39197885896302864,0
nist,clean,warmup,normal,physical_recovery,3,289,0.06005864340807899,0.10805242114854977,0.5501730103806228,0.8166089965397924,0.9238754325259516,0.4869842086273649,0
nist,clean,warmup,normal,physical_recovery,4,289,0.07256672643802507,0.13393656457562994,0.5640138408304498,0.8477508650519031,0.889273356401384,0.4942342486540768,0
nist,clean,warmup,normal,raw,1,289,0.03130787286588715,0.04830888055433251,0.35986159169550175,0.6920415224913494,0.8166089965397924,0.2437806308792939,0
nist,clean,warmup,normal,raw,2,289,0.04881447472345098,0.0826675828824267,0.35986159169550175,0.5986159169550173,0.7820069204152249,0.33465650222114435,0
nist,clean,warmup,normal,raw,3,289,0.06136852880250617,0.10805242114854977,0.3494809688581315,0.6055363321799307,0.8096885813148789,0.4341090166952678,0
nist,clean,warmup,normal,raw,4,289,0.07354554636768136,0.13393656457562994,0.36678200692041524,0.5951557093425606,0.7508650519031141,0.4230028457110819,0
nist,clean,warmup,normal,recency,1,289,0.03092130228138265,0.04830888055433251,0.5224913494809689,0.8339100346020761,0.8858131487889274,0.2780452424305421,0
nist,clean,warmup,normal,recency,2,289,0.04762333751949641,0.0826675828824267,0.5155709342560554,0.8131487889273357,0.8996539792387543,0.38810010228671604,0
nist,clean,warmup,normal,recency,3,289,0.060151304250121586,0.10805242114854977,0.5570934256055363,0.8027681660899654,0.916955017301038,0.48589123994593486,0
nist,clean,warmup,normal,recency,4,289,0.07250531681514419,0.13393656457562994,0.5432525951557093,0.8373702422145328,0.8823529411764706,0.4913423477955004,0
nist,clean,warmup,normal,rolling,1,289,0.030928294264950383,0.04830888055433251,0.5432525951557093,0.8373702422145328,0.889273356401384,0.27830427062429175,0
nist,clean,warmup,normal,rolling,2,289,0.04767343753823716,0.0826675828824267,0.5017301038062284,0.8304498269896193,0.903114186851211,0.39059556545720747,0
nist,clean,warmup,normal,rolling,3,289,0.060289735796340796,0.10805242114854977,0.5640138408304498,0.8062283737024222,0.9204152249134948,0.4900101512499344,0
nist,clean,warmup,normal,rolling,4,289,0.0727463753163997,0.13393656457562994,0.5570934256055363,0.8546712802768166,0.8927335640138409,0.4934564160120858,0
nist,joint_gradual,development_evaluation,normal,aci_bounded,1,1688,0.03409023981597281,0.05465436183750843,0.504739336492891,0.8110189573459715,0.9075829383886256,0.2929880953063108,0
nist,joint_gradual,development_evaluation,normal,aci_bounded,2,1687,0.043898449654963916,0.0749877631964891,0.5133372851215174,0.7978660343805573,0.9063426200355661,0.3599909865397573,0
nist,joint_gradual,development_evaluation,normal,aci_bounded,3,1686,0.050344448256496484,0.08693322048507997,0.5100830367734283,0.8125741399762753,0.9098457888493475,0.441324890019789,0
nist,joint_gradual,development_evaluation,normal,aci_bounded,4,1686,0.05413563475485576,0.09783882798768373,0.5213523131672598,0.8096085409252669,0.9128113879003559,0.4083540400984745,0
nist,joint_gradual,development_evaluation,normal,mask50,1,1688,0.03409251820513534,0.05465436183750843,0.5023696682464455,0.8127962085308057,0.9052132701421801,0.29205354107041603,0
nist,joint_gradual,development_evaluation,normal,mask50,2,1687,0.043867598579323416,0.0749877631964891,0.5097806757557795,0.7990515708358032,0.9063426200355661,0.35790311355908777,0
nist,joint_gradual,development_evaluation,normal,mask50,3,1686,0.050319752950266444,0.08693322048507997,0.5154211150652431,0.8102016607354685,0.9139976275207592,0.44188377447697064,0
nist,joint_gradual,development_evaluation,normal,mask50,4,1686,0.054094429451657926,0.09783882798768373,0.5207591933570581,0.8066429418742586,0.9145907473309609,0.406035071289649,0
nist,joint_gradual,development_evaluation,normal,physical,1,1688,0.033925245816651746,0.05465436183750843,0.5029620853080569,0.8199052132701422,0.9146919431279621,0.2939799398011599,0
nist,joint_gradual,development_evaluation,normal,physical,2,1687,0.04373264773189099,0.0749877631964891,0.5180794309425015,0.8085358624777712,0.917605216360403,0.36118890302872486,0
nist,joint_gradual,development_evaluation,normal,physical,3,1686,0.05015739055830291,0.08693322048507997,0.5213523131672598,0.8315539739027283,0.9258600237247924,0.4438052809749546,0
nist,joint_gradual,development_evaluation,normal,physical,4,1686,0.05398717034761099,0.09783882798768373,0.5266903914590747,0.8202846975088968,0.9199288256227758,0.4098526128498591,0
nist,joint_gradual,development_evaluation,normal,physical_recovery,1,1688,0.03391619102211561,0.05465436183750843,0.5,0.8193127962085308,0.9135071090047393,0.2933056015952552,0
nist,joint_gradual,development_evaluation,normal,physical_recovery,2,1687,0.04369992215307883,0.0749877631964891,0.5091879075281565,0.8073503260225252,0.915826911677534,0.3606215867838402,0
nist,joint_gradual,development_evaluation,normal,physical_recovery,3,1686,0.05016153856509554,0.08693322048507997,0.5166073546856464,0.8179122182680901,0.924673784104389,0.44291122852377895,0
nist,joint_gradual,development_evaluation,normal,physical_recovery,4,1686,0.05399257745384276,0.09783882798768373,0.5177935943060499,0.8167259786476868,0.9205219454329775,0.40825732616629834,0
nist,joint_gradual,development_evaluation,normal,raw,1,1688,0.03430346046221381,0.05465436183750843,0.38329383886255924,0.7268957345971564,0.8524881516587678,0.2757590842181406,0
nist,joint_gradual,development_evaluation,normal,raw,2,1687,0.04439517177273697,0.0749877631964891,0.3977474807350326,0.6745702430349734,0.8541790160047421,0.3382163684700392,0
nist,joint_gradual,development_evaluation,normal,raw,3,1686,0.05078052485837318,0.08693322048507997,0.40569395017793597,0.7046263345195729,0.8908659549228944,0.43271095887788336,0
nist,joint_gradual,development_evaluation,normal,raw,4,1686,0.05458399498615638,0.09783882798768373,0.3956109134045077,0.6921708185053381,0.8546856465005931,0.38925914233552666,0
nist,joint_gradual,development_evaluation,normal,recency,1,1688,0.03410167815163285,0.05465436183750843,0.5082938388625592,0.8169431279620853,0.909952606635071,0.2944011343049268,0
nist,joint_gradual,development_evaluation,normal,recency,2,1687,0.04388318393091523,0.0749877631964891,0.5210432720806165,0.8032009484291642,0.9087136929460581,0.3605008781978238,0
nist,joint_gradual,development_evaluation,normal,recency,3,1686,0.05035091737114118,0.08693322048507997,0.5225385527876631,0.8185053380782918,0.9217081850533808,0.4445181242786438,0
nist,joint_gradual,development_evaluation,normal,recency,4,1686,0.05413722809213629,0.09783882798768373,0.5302491103202847,0.8137603795966786,0.9187425860023725,0.40937996937078747,0
nist,joint_gradual,development_evaluation,normal,rolling,1,1688,0.03408542353815898,0.05465436183750843,0.5053317535545023,0.8122037914691943,0.9111374407582938,0.2934450054564818,0
nist,joint_gradual,development_evaluation,normal,rolling,2,1687,0.043892492314725265,0.0749877631964891,0.5174866627148785,0.8032009484291642,0.9116775340841731,0.36127741866844143,0
nist,joint_gradual,development_evaluation,normal,rolling,3,1686,0.050340055676352045,0.08693322048507997,0.5243179122182681,0.8208778173190985,0.9187425860023725,0.4440640458518087,0
nist,joint_gradual,development_evaluation,normal,rolling,4,1686,0.054138362117400925,0.09783882798768373,0.5361803084223014,0.8173190984578885,0.9175563463819691,0.40960524631387146,0
nist,joint_gradual,development_evaluation,outage,aci_bounded,1,147,0.07943348975220225,0.1416428745728623,0.4421768707482993,0.673469387755102,0.7891156462585034,0.514775476188752,23
nist,joint_gradual,development_evaluation,outage,aci_bounded,2,147,0.07593017141002364,0.15008884636259895,0.3673469387755102,0.7210884353741497,0.8299319727891157,0.461326868858652,22
nist,joint_gradual,development_evaluation,outage,aci_bounded,3,148,0.07885735053619114,0.1537285939640778,0.3918918918918919,0.6554054054054054,0.7364864864864865,0.41112062003142713,22
nist,joint_gradual,development_evaluation,outage,aci_bounded,4,148,0.07968012381611626,0.1549316457904662,0.39864864864864863,0.668918918918919,0.7972972972972973,0.43703397169346214,24
nist,joint_gradual,development_evaluation,outage,mask50,1,147,0.07932913407762993,0.1416428745728623,0.4489795918367347,0.6802721088435374,0.7959183673469388,0.5180225363845805,23
nist,joint_gradual,development_evaluation,outage,mask50,2,147,0.07563992723689084,0.15008884636259895,0.38095238095238093,0.7278911564625851,0.8435374149659864,0.4648171522448858,22
nist,joint_gradual,development_evaluation,outage,mask50,3,148,0.0784161737061877,0.1537285939640778,0.41216216216216217,0.6891891891891891,0.7702702702702703,0.4169257015947355,22
nist,joint_gradual,development_evaluation,outage,mask50,4,148,0.0792831946570353,0.1549316457904662,0.40540540540540543,0.6756756756756757,0.8040540540540541,0.4397720514853641,24
nist,joint_gradual,development_evaluation,outage,physical,1,147,0.07910541447991508,0.1416428745728623,0.4421768707482993,0.6870748299319728,0.8027210884353742,0.5223267583768384,23
nist,joint_gradual,development_evaluation,outage,physical,2,147,0.07521643638367546,0.15008884636259895,0.3673469387755102,0.7278911564625851,0.8571428571428571,0.46685393581708184,22
nist,joint_gradual,development_evaluation,outage,physical,3,148,0.07767069632076658,0.1537285939640778,0.3918918918918919,0.6824324324324325,0.7702702702702703,0.4238790861686625,22
nist,joint_gradual,development_evaluation,outage,physical,4,148,0.07858008684047761,0.1549316457904662,0.38513513513513514,0.7027027027027027,0.8175675675675675,0.44556473341170155,24
nist,joint_gradual,development_evaluation,outage,physical_recovery,1,147,0.0790059459948464,0.1416428745728623,0.4217687074829932,0.7006802721088435,0.7959183673469388,0.5295898096918087,23
nist,joint_gradual,development_evaluation,outage,physical_recovery,2,147,0.07523572034863987,0.15008884636259895,0.3741496598639456,0.7210884353741497,0.8639455782312925,0.467577673913111,22
nist,joint_gradual,development_evaluation,outage,physical_recovery,3,148,0.07765654874656425,0.1537285939640778,0.41216216216216217,0.7162162162162162,0.7905405405405406,0.43286634208644176,22
nist,joint_gradual,development_evaluation,outage,physical_recovery,4,148,0.07845818540480232,0.1549316457904662,0.44594594594594594,0.7297297297297297,0.8445945945945946,0.45095976397083576,24
nist,joint_gradual,development_evaluation,outage,raw,1,147,0.08003874235485665,0.1416428745728623,0.3877551020408163,0.6122448979591837,0.7210884353741497,0.5016823509935565,23
nist,joint_gradual,development_evaluation,outage,raw,2,147,0.07721201700333531,0.15008884636259895,0.3401360544217687,0.6258503401360545,0.8027210884353742,0.4463587630358143,22
nist,joint_gradual,development_evaluation,outage,raw,3,148,0.0802594958338561,0.1537285939640778,0.30405405405405406,0.5608108108108109,0.7027027027027027,0.3985800633272424,22
nist,joint_gradual,development_evaluation,outage,raw,4,148,0.08138171661794538,0.1549316457904662,0.2905405405405405,0.5472972972972973,0.7702702702702703,0.4160251694596768,24
nist,joint_gradual,development_evaluation,outage,recency,1,147,0.07929965024087184,0.1416428745728623,0.4421768707482993,0.6802721088435374,0.7891156462585034,0.517480308673804,23
nist,joint_gradual,development_evaluation,outage,recency,2,147,0.07568637585816551,0.15008884636259895,0.3741496598639456,0.7278911564625851,0.8435374149659864,0.46410368708978533,22
nist,joint_gradual,development_evaluation,outage,recency,3,148,0.07849956291553907,0.1537285939640778,0.41216216216216217,0.6756756756756757,0.75,0.4146608854079115,22
nist,joint_gradual,development_evaluation,outage,recency,4,148,0.07929567155746499,0.1549316457904662,0.41216216216216217,0.6621621621621622,0.7972972972972973,0.4381951055994855,24
nist,joint_gradual,development_evaluation,outage,rolling,1,147,0.07943450080361164,0.1416428745728623,0.4489795918367347,0.673469387755102,0.7959183673469388,0.515826875022187,23
nist,joint_gradual,development_evaluation,outage,rolling,2,147,0.07602524050569123,0.15008884636259895,0.3673469387755102,0.7278911564625851,0.8367346938775511,0.46341062584045173,22
nist,joint_gradual,development_evaluation,outage,rolling,3,148,0.07884779454762769,0.1537285939640778,0.41216216216216217,0.6756756756756757,0.7567567567567568,0.4145601377648984,22
nist,joint_gradual,development_evaluation,outage,rolling,4,148,0.07969744871681257,0.1549316457904662,0.40540540540540543,0.668918918918919,0.8040540540540541,0.43818945306840706,24
nist,joint_gradual,development_evaluation,recovery_0_6,aci_bounded,1,78,0.032437381257547415,0.053994028758750034,0.4358974358974359,0.7564102564102564,0.8846153846153846,0.26914271739033285,19
nist,joint_gradual,development_evaluation,recovery_0_6,aci_bounded,2,80,0.042643617219009125,0.07548396029866458,0.375,0.7875,0.8875,0.3208021576560653,19
nist,joint_gradual,development_evaluation,recovery_0_6,aci_bounded,3,77,0.050527153293748586,0.09047205595869397,0.4155844155844156,0.7532467532467533,0.8961038961038961,0.3850511392580067,17
nist,joint_gradual,development_evaluation,recovery_0_6,aci_bounded,4,77,0.05549333987473186,0.10620215689065642,0.3246753246753247,0.7272727272727273,0.8441558441558441,0.3617444512892166,20
nist,joint_gradual,development_evaluation,recovery_0_6,mask50,1,78,0.03241486780429648,0.053994028758750034,0.4358974358974359,0.7307692307692307,0.8846153846153846,0.2674667255397121,19
nist,joint_gradual,development_evaluation,recovery_0_6,mask50,2,80,0.04261087303213087,0.07548396029866458,0.4,0.7625,0.8875,0.318374859235135,19
nist,joint_gradual,development_evaluation,recovery_0_6,mask50,3,77,0.050452075000211434,0.09047205595869397,0.44155844155844154,0.7402597402597403,0.8831168831168831,0.3852804977649881,17
nist,joint_gradual,development_evaluation,recovery_0_6,mask50,4,77,0.05543743770436987,0.10620215689065642,0.35064935064935066,0.6883116883116883,0.8441558441558441,0.36090761564555457,20
nist,joint_gradual,development_evaluation,recovery_0_6,physical,1,78,0.03235880623713402,0.053994028758750034,0.4358974358974359,0.7564102564102564,0.8846153846153846,0.2683649976052492,19
nist,joint_gradual,development_evaluation,recovery_0_6,physical,2,80,0.04245636318954575,0.07548396029866458,0.375,0.825,0.9,0.32068423934735246,19
nist,joint_gradual,development_evaluation,recovery_0_6,physical,3,77,0.05039758907128954,0.09047205595869397,0.4155844155844156,0.7662337662337663,0.8831168831168831,0.3855188717388093,17
nist,joint_gradual,development_evaluation,recovery_0_6,physical,4,77,0.05523054804882145,0.10620215689065642,0.3246753246753247,0.7402597402597403,0.8571428571428571,0.36186590711687067,20
nist,joint_gradual,development_evaluation,recovery_0_6,physical_recovery,1,78,0.03235107278129123,0.053994028758750034,0.44871794871794873,0.7564102564102564,0.8846153846153846,0.2695232937754673,19
nist,joint_gradual,development_evaluation,recovery_0_6,physical_recovery,2,80,0.04259218382708636,0.07548396029866458,0.375,0.8125,0.8875,0.32067846194092603,19
nist,joint_gradual,development_evaluation,recovery_0_6,physical_recovery,3,77,0.05038699485300451,0.09047205595869397,0.38961038961038963,0.7662337662337663,0.8831168831168831,0.3832792213229458,17
nist,joint_gradual,development_evaluation,recovery_0_6,physical_recovery,4,77,0.055145974893461465,0.10620215689065642,0.3116883116883117,0.7402597402597403,0.8181818181818182,0.36106096069557525,20
nist,joint_gradual,development_evaluation,recovery_0_6,raw,1,78,0.03290503137662299,0.053994028758750034,0.24358974358974358,0.5897435897435898,0.8205128205128205,0.24896964470671565,19
nist,joint_gradual,development_evaluation,recovery_0_6,raw,2,80,0.0437458829455462,0.07548396029866458,0.225,0.55,0.7625,0.29312612609468264,19
nist,joint_gradual,development_evaluation,recovery_0_6,raw,3,77,0.05179937235569747,0.09047205595869397,0.2857142857142857,0.45454545454545453,0.8571428571428571,0.3718091486276518,17
nist,joint_gradual,development_evaluation,recovery_0_6,raw,4,77,0.05787923484594414,0.10620215689065642,0.16883116883116883,0.5064935064935064,0.7142857142857143,0.34065473140563013,20
nist,joint_gradual,development_evaluation,recovery_0_6,recency,1,78,0.03244424529156877,0.053994028758750034,0.41025641025641024,0.7435897435897436,0.8974358974358975,0.26952636926003953,19
nist,joint_gradual,development_evaluation,recovery_0_6,recency,2,80,0.04263052147146425,0.07548396029866458,0.3625,0.825,0.9,0.32113689298316966,19
nist,joint_gradual,development_evaluation,recovery_0_6,recency,3,77,0.050433333457548135,0.09047205595869397,0.44155844155844154,0.7532467532467533,0.9090909090909091,0.3878906357509036,17
nist,joint_gradual,development_evaluation,recovery_0_6,recency,4,77,0.05539672002145571,0.10620215689065642,0.33766233766233766,0.6883116883116883,0.8441558441558441,0.36260464949221094,20
nist,joint_gradual,development_evaluation,recovery_0_6,rolling,1,78,0.03240029197782335,0.053994028758750034,0.4358974358974359,0.7435897435897436,0.8846153846153846,0.2691092618395198,19
nist,joint_gradual,development_evaluation,recovery_0_6,rolling,2,80,0.04260735620201404,0.07548396029866458,0.3875,0.8,0.8875,0.32181329138668996,19
nist,joint_gradual,development_evaluation,recovery_0_6,rolling,3,77,0.050423733135636514,0.09047205595869397,0.4155844155844156,0.7532467532467533,0.9090909090909091,0.38785863728511216,17
nist,joint_gradual,development_evaluation,recovery_0_6,rolling,4,77,0.055434605210110455,0.10620215689065642,0.3246753246753247,0.7012987012987013,0.8441558441558441,0.3622383649962629,20
nist,joint_gradual,development_evaluation,recovery_6_24,aci_bounded,1,225,0.03217565286569521,0.049443679909681404,0.49777777777777776,0.8088888888888889,0.8933333333333333,0.3040067108212935,26
nist,joint_gradual,development_evaluation,recovery_6_24,aci_bounded,2,223,0.04326381763378857,0.07570632268087363,0.45739910313901344,0.8161434977578476,0.905829596412556,0.3754745039905636,26
nist,joint_gradual,development_evaluation,recovery_6_24,aci_bounded,3,226,0.05025647362659224,0.08661927778454943,0.4823008849557522,0.8230088495575221,0.911504424778761,0.4581363473052673,26
nist,joint_gradual,development_evaluation,recovery_6_24,aci_bounded,4,226,0.05419803854765758,0.0973063299199651,0.415929203539823,0.8141592920353983,0.9247787610619469,0.42995495284331814,26
nist,joint_gradual,development_evaluation,recovery_6_24,mask50,1,225,0.0321070734232449,0.049443679909681404,0.49333333333333335,0.7911111111111111,0.8977777777777778,0.30404662091138507,26
nist,joint_gradual,development_evaluation,recovery_6_24,mask50,2,223,0.04324318467012276,0.07570632268087363,0.45739910313901344,0.8071748878923767,0.9103139013452914,0.3752257378512304,26
nist,joint_gradual,development_evaluation,recovery_6_24,mask50,3,226,0.05017400349424135,0.08661927778454943,0.4778761061946903,0.8141592920353983,0.911504424778761,0.4592580293747421,26
nist,joint_gradual,development_evaluation,recovery_6_24,mask50,4,226,0.053981526357051834,0.0973063299199651,0.415929203539823,0.7964601769911505,0.9070796460176991,0.4277412134449485,26
nist,joint_gradual,development_evaluation,recovery_6_24,physical,1,225,0.03197695816438604,0.049443679909681404,0.5022222222222222,0.7955555555555556,0.8933333333333333,0.30749292190756067,26
nist,joint_gradual,development_evaluation,recovery_6_24,physical,2,223,0.04293428743104808,0.07570632268087363,0.452914798206278,0.8116591928251121,0.9282511210762332,0.38014264532389513,26
nist,joint_gradual,development_evaluation,recovery_6_24,physical,3,226,0.05004397968966661,0.08661927778454943,0.4778761061946903,0.8230088495575221,0.9247787610619469,0.4625487593050817,26
nist,joint_gradual,development_evaluation,recovery_6_24,physical,4,226,0.053938215373863396,0.0973063299199651,0.45132743362831856,0.8097345132743363,0.9247787610619469,0.43331786455973387,26
nist,joint_gradual,development_evaluation,recovery_6_24,physical_recovery,1,225,0.031997616808257585,0.049443679909681404,0.5066666666666667,0.8,0.8888888888888888,0.30631199797295544,26
nist,joint_gradual,development_evaluation,recovery_6_24,physical_recovery,2,223,0.0430218890376228,0.07570632268087363,0.47085201793721976,0.8161434977578476,0.9237668161434978,0.37946777569430457,26
nist,joint_gradual,development_evaluation,recovery_6_24,physical_recovery,3,226,0.05001532516845065,0.08661927778454943,0.4778761061946903,0.8141592920353983,0.915929203539823,0.46157908665199876,26
nist,joint_gradual,development_evaluation,recovery_6_24,physical_recovery,4,226,0.05376795896060055,0.0973063299199651,0.43805309734513276,0.8141592920353983,0.9336283185840708,0.43256650547411424,26
nist,joint_gradual,development_evaluation,recovery_6_24,raw,1,225,0.03250046872623482,0.049443679909681404,0.3422222222222222,0.7022222222222222,0.8488888888888889,0.28784601915644753,26
nist,joint_gradual,development_evaluation,recovery_6_24,raw,2,223,0.04402636161636068,0.07570632268087363,0.35874439461883406,0.695067264573991,0.8430493273542601,0.3561882718428846,26
nist,joint_gradual,development_evaluation,recovery_6_24,raw,3,226,0.05086110629464542,0.08661927778454943,0.3672566371681416,0.7035398230088495,0.8982300884955752,0.4487244996407838,26
nist,joint_gradual,development_evaluation,recovery_6_24,raw,4,226,0.055039690797405734,0.0973063299199651,0.3185840707964602,0.6592920353982301,0.8495575221238938,0.4085265420241454,26
nist,joint_gradual,development_evaluation,recovery_6_24,recency,1,225,0.03209933009196983,0.049443679909681404,0.5111111111111111,0.7911111111111111,0.9022222222222223,0.30612721630604267,26
nist,joint_gradual,development_evaluation,recovery_6_24,recency,2,223,0.04315141279346581,0.07570632268087363,0.45739910313901344,0.8295964125560538,0.9237668161434978,0.37774620401096715,26
nist,joint_gradual,development_evaluation,recovery_6_24,recency,3,226,0.05011217232369488,0.08661927778454943,0.4778761061946903,0.8362831858407079,0.9336283185840708,0.46195437764533154,26
nist,joint_gradual,development_evaluation,recovery_6_24,recency,4,226,0.05401160126824126,0.0973063299199651,0.4247787610619469,0.8053097345132744,0.9292035398230089,0.4313365786057063,26
nist,joint_gradual,development_evaluation,recovery_6_24,rolling,1,225,0.032196394399554004,0.049443679909681404,0.5022222222222222,0.8,0.8933333333333333,0.3047916903436387,26
nist,joint_gradual,development_evaluation,recovery_6_24,rolling,2,223,0.04331184115436102,0.07570632268087363,0.4663677130044843,0.8116591928251121,0.905829596412556,0.3769910716853491,26
nist,joint_gradual,development_evaluation,recovery_6_24,rolling,3,226,0.05030951279802485,0.08661927778454943,0.48672566371681414,0.8230088495575221,0.9292035398230089,0.4610937098597111,26
nist,joint_gradual,development_evaluation,recovery_6_24,rolling,4,226,0.05418357688326635,0.0973063299199651,0.4469026548672566,0.8141592920353983,0.915929203539823,0.43053876344056197,26
nist,joint_gradual,validation,normal,aci_bounded,1,1468,0.03432495884659859,0.05343787348271456,0.5081743869209809,0.8044959128065395,0.9100817438692098,0.3011014214346988,0
nist,joint_gradual,validation,normal,aci_bounded,2,1471,0.046438617013404355,0.07895889096235778,0.5207341944255608,0.8042148198504419,0.9055064581917063,0.39524012161386024,0
nist,joint_gradual,validation,normal,aci_bounded,3,1475,0.055858705111767736,0.09673598575600575,0.5037288135593221,0.8101694915254237,0.9098305084745762,0.47020134852834533,0
nist,joint_gradual,validation,normal,aci_bounded,4,1480,0.06220853642290555,0.11338720724149874,0.49932432432432433,0.7966216216216216,0.9074324324324324,0.45750345084761695,0
nist,joint_gradual,validation,normal,mask50,1,1468,0.03428054370993281,0.05343787348271456,0.5177111716621253,0.8119891008174387,0.9114441416893733,0.300495307290176,0
nist,joint_gradual,validation,normal,mask50,2,1471,0.04640994349350307,0.07895889096235778,0.5200543847722637,0.8048946295037389,0.902107409925221,0.3944441737096077,0
nist,joint_gradual,validation,normal,mask50,3,1475,0.055834402387964124,0.09673598575600575,0.5057627118644068,0.8027118644067797,0.9091525423728813,0.46848614644473746,0
nist,joint_gradual,validation,normal,mask50,4,1480,0.06216470931914196,0.11338720724149874,0.49932432432432433,0.802027027027027,0.9087837837837838,0.45666712741690907,0
nist,joint_gradual,validation,normal,physical,1,1468,0.03417744231839464,0.05343787348271456,0.5136239782016349,0.8181198910081744,0.9141689373297003,0.3033743504109137,0
nist,joint_gradual,validation,normal,physical,2,1471,0.04623551794511368,0.07895889096235778,0.5200543847722637,0.8239292997960571,0.9089055064581917,0.39852560924192926,0
nist,joint_gradual,validation,normal,physical,3,1475,0.05551977837439387,0.09673598575600575,0.504406779661017,0.8223728813559322,0.9172881355932203,0.47362326019477285,0
nist,joint_gradual,validation,normal,physical,4,1480,0.06175322382042513,0.11338720724149874,0.5182432432432432,0.8141891891891891,0.9141891891891892,0.4631105018516332,0
nist,joint_gradual,validation,normal,physical_recovery,1,1468,0.0341632676095696,0.05343787348271456,0.5102179836512262,0.8140326975476839,0.9134877384196185,0.30225555166139373,0
nist,joint_gradual,validation,normal,physical_recovery,2,1471,0.04623099381494172,0.07895889096235778,0.5139360978925901,0.8123725356900068,0.9061862678450034,0.3970353282701303,0
nist,joint_gradual,validation,normal,physical_recovery,3,1475,0.05552143545915015,0.09673598575600575,0.4969491525423729,0.8115254237288135,0.9132203389830509,0.47058937082738733,0
nist,joint_gradual,validation,normal,physical_recovery,4,1480,0.06175973262517704,0.11338720724149874,0.5060810810810811,0.8074324324324325,0.9101351351351351,0.46051485331094305,0
nist,joint_gradual,validation,normal,raw,1,1468,0.034601070657319835,0.05343787348271456,0.3712534059945504,0.7050408719346049,0.8276566757493188,0.27424567166713426,0
nist,joint_gradual,validation,normal,raw,2,1471,0.04731284427975602,0.07895889096235778,0.35961930659415364,0.6349422161794698,0.7831407205982325,0.35365107476587543,0
nist,joint_gradual,validation,normal,raw,3,1475,0.05694803077915191,0.09673598575600575,0.34576271186440677,0.616271186440678,0.8203389830508474,0.4397801249535728,0
nist,joint_gradual,validation,normal,raw,4,1480,0.06382207034947258,0.11338720724149874,0.3216216216216216,0.5871621621621622,0.7533783783783784,0.4074476867258402,0
nist,joint_gradual,validation,normal,recency,1,1468,0.03426762695566767,0.05343787348271456,0.510899182561308,0.8140326975476839,0.9141689373297003,0.30183171666802555,0
nist,joint_gradual,validation,normal,recency,2,1471,0.04638865580231824,0.07895889096235778,0.5275322909585316,0.8035350101971448,0.9061862678450034,0.3956472224823932,0
nist,joint_gradual,validation,normal,recency,3,1475,0.05579176719050965,0.09673598575600575,0.5098305084745762,0.8094915254237288,0.911864406779661,0.4704608506770276,0
nist,joint_gradual,validation,normal,recency,4,1480,0.062127357807254015,0.11338720724149874,0.5047297297297297,0.8047297297297298,0.9101351351351351,0.45774201647637375,0
nist,joint_gradual,validation,normal,rolling,1,1468,0.0343253252147467,0.05343787348271456,0.5136239782016349,0.8099455040871935,0.9134877384196185,0.30302524710944956,0
nist,joint_gradual,validation,normal,rolling,2,1471,0.046433515030177605,0.07895889096235778,0.5166553365057783,0.8069340584636302,0.9055064581917063,0.39713317096412704,0
nist,joint_gradual,validation,normal,rolling,3,1475,0.055827864964532015,0.09673598575600575,0.5091525423728813,0.8088135593220339,0.9098305084745762,0.47111427598427225,0
nist,joint_gradual,validation,normal,rolling,4,1480,0.062197205000827455,0.11338720724149874,0.49932432432432433,0.8067567567567567,0.9081081081081082,0.4579485035509119,0
nist,joint_gradual,validation,outage,aci_bounded,1,157,0.08025911211379622,0.1507040360987447,0.4394904458598726,0.802547770700637,0.8726114649681529,0.5602640271614496,22
nist,joint_gradual,validation,outage,aci_bounded,2,154,0.07497893666370728,0.14595345814012545,0.43506493506493504,0.8246753246753247,0.8961038961038961,0.5114483661902067,22
nist,joint_gradual,validation,outage,aci_bounded,3,149,0.07265416982225358,0.14241112308603968,0.44966442953020136,0.8389261744966443,0.87248322147651,0.48576078097941744,22
nist,joint_gradual,validation,outage,aci_bounded,4,143,0.07300803955636374,0.14617848334672345,0.45454545454545453,0.8181818181818182,0.8951048951048951,0.49351839925806634,22
nist,joint_gradual,validation,outage,mask50,1,157,0.08022820647105852,0.1507040360987447,0.4267515923566879,0.802547770700637,0.8726114649681529,0.5612314626847671,22
nist,joint_gradual,validation,outage,mask50,2,154,0.07486633515383112,0.14595345814012545,0.44805194805194803,0.8051948051948052,0.8961038961038961,0.5122124748608202,22
nist,joint_gradual,validation,outage,mask50,3,149,0.07265913389408749,0.14241112308603968,0.436241610738255,0.8187919463087249,0.8657718120805369,0.48585457891720557,22
nist,joint_gradual,validation,outage,mask50,4,143,0.07295527976097363,0.14617848334672345,0.45454545454545453,0.8111888111888111,0.9020979020979021,0.4925703760715239,22
nist,joint_gradual,validation,outage,physical,1,157,0.07994353067929083,0.1507040360987447,0.4394904458598726,0.7961783439490446,0.8789808917197452,0.565137766682303,22
nist,joint_gradual,validation,outage,physical,2,154,0.0744527032393004,0.14595345814012545,0.4025974025974026,0.8311688311688312,0.9155844155844156,0.5161351851941683,22
nist,joint_gradual,validation,outage,physical,3,149,0.0724154670151406,0.14241112308603968,0.4161073825503356,0.8187919463087249,0.87248322147651,0.489479463552797,22
nist,joint_gradual,validation,outage,physical,4,143,0.0725869357999807,0.14617848334672345,0.4405594405594406,0.8181818181818182,0.9020979020979021,0.49753121816602325,22
nist,joint_gradual,validation,outage,physical_recovery,1,157,0.07998578387542468,0.1507040360987447,0.445859872611465,0.821656050955414,0.8980891719745223,0.5768387453438221,22
nist,joint_gradual,validation,outage,physical_recovery,2,154,0.07446658446587566,0.14595345814012545,0.43506493506493504,0.8506493506493507,0.9090909090909091,0.5209231580924298,22
nist,joint_gradual,validation,outage,physical_recovery,3,149,0.0727563240796114,0.14241112308603968,0.4429530201342282,0.8322147651006712,0.8791946308724832,0.5001360827996439,22
nist,joint_gradual,validation,outage,physical_recovery,4,143,0.07276601354340352,0.14617848334672345,0.46853146853146854,0.8391608391608392,0.9020979020979021,0.5001955530036273,22
nist,joint_gradual,validation,outage,raw,1,157,0.08098579892733834,0.1507040360987447,0.37579617834394907,0.732484076433121,0.821656050955414,0.5283567582509533,22
nist,joint_gradual,validation,outage,raw,2,154,0.07587004987108142,0.14595345814012545,0.33116883116883117,0.7272727272727273,0.7987012987012987,0.46817291557060664,22
nist,joint_gradual,validation,outage,raw,3,149,0.0734378068220221,0.14241112308603968,0.3087248322147651,0.6510067114093959,0.7919463087248322,0.4422977227374399,22
nist,joint_gradual,validation,outage,raw,4,143,0.07361378931009023,0.14617848334672345,0.34265734265734266,0.6923076923076923,0.8111888111888111,0.44089188594898704,22
nist,joint_gradual,validation,outage,recency,1,157,0.0801927838290046,0.1507040360987447,0.4394904458598726,0.8089171974522293,0.8726114649681529,0.5586296643319211,22
nist,joint_gradual,validation,outage,recency,2,154,0.07490990852634428,0.14595345814012545,0.43506493506493504,0.8116883116883117,0.8896103896103896,0.5110743866024179,22
nist,joint_gradual,validation,outage,recency,3,149,0.07257097725089386,0.14241112308603968,0.436241610738255,0.8053691275167785,0.8657718120805369,0.483642818248371,22
nist,joint_gradual,validation,outage,recency,4,143,0.07298784589993286,0.14617848334672345,0.45454545454545453,0.8181818181818182,0.8951048951048951,0.49022155472159623,22
nist,joint_gradual,validation,outage,rolling,1,157,0.08028630203219228,0.1507040360987447,0.445859872611465,0.8089171974522293,0.8726114649681529,0.5613296493293973,22
nist,joint_gradual,validation,outage,rolling,2,154,0.07493158797495228,0.14595345814012545,0.44155844155844154,0.8246753246753247,0.9025974025974026,0.5135608480499214,22
nist,joint_gradual,validation,outage,rolling,3,149,0.0725371487047463,0.14241112308603968,0.44966442953020136,0.8389261744966443,0.87248322147651,0.4880484954693533,22
nist,joint_gradual,validation,outage,rolling,4,143,0.07286711298375605,0.14617848334672345,0.44755244755244755,0.8251748251748252,0.8881118881118881,0.49415421846700813,22
nist,joint_gradual,validation,recovery_0_6,aci_bounded,1,48,0.03671494700768181,0.06027631306743816,0.4375,0.7291666666666666,0.8333333333333334,0.342968737612752,13
nist,joint_gradual,validation,recovery_0_6,aci_bounded,2,48,0.05307781697095381,0.09359529586191863,0.3958333333333333,0.75,0.875,0.4068359721017128,13
nist,joint_gradual,validation,recovery_0_6,aci_bounded,3,52,0.060684050394088314,0.10213693275788148,0.5384615384615384,0.7307692307692307,0.8653846153846154,0.4500609184388504,15
nist,joint_gradual,validation,recovery_0_6,aci_bounded,4,57,0.061679137809898366,0.10516269640809447,0.6140350877192983,0.7719298245614035,0.8947368421052632,0.4056135195529611,16
nist,joint_gradual,validation,recovery_0_6,mask50,1,48,0.03667946803253344,0.06027631306743816,0.4583333333333333,0.7083333333333334,0.8333333333333334,0.3443810759653998,13
nist,joint_gradual,validation,recovery_0_6,mask50,2,48,0.052959229901005316,0.09359529586191863,0.3958333333333333,0.7291666666666666,0.875,0.40681831738266055,13
nist,joint_gradual,validation,recovery_0_6,mask50,3,52,0.060111686316469834,0.10213693275788148,0.5576923076923077,0.6923076923076923,0.8653846153846154,0.45175184057301876,15
nist,joint_gradual,validation,recovery_0_6,mask50,4,57,0.060752996617685115,0.10516269640809447,0.5964912280701754,0.7719298245614035,0.8947368421052632,0.4084121657961288,16
nist,joint_gradual,validation,recovery_0_6,physical,1,48,0.036547833435879196,0.06027631306743816,0.4791666666666667,0.7083333333333334,0.8333333333333334,0.34625470972115413,13
nist,joint_gradual,validation,recovery_0_6,physical,2,48,0.05209989568923106,0.09359529586191863,0.3958333333333333,0.75,0.8958333333333334,0.4131097336576374,13
nist,joint_gradual,validation,recovery_0_6,physical,3,52,0.05886613953803229,0.10213693275788148,0.5769230769230769,0.7307692307692307,0.9230769230769231,0.4577754230177276,15
nist,joint_gradual,validation,recovery_0_6,physical,4,57,0.05985242099258564,0.10516269640809447,0.5964912280701754,0.8070175438596491,0.9298245614035088,0.41322412268541003,16
nist,joint_gradual,validation,recovery_0_6,physical_recovery,1,48,0.03660904748888843,0.06027631306743816,0.4791666666666667,0.7083333333333334,0.8333333333333334,0.3470543351060742,13
nist,joint_gradual,validation,recovery_0_6,physical_recovery,2,48,0.05214243250306481,0.09359529586191863,0.4375,0.7291666666666666,0.875,0.4119469598330386,13
nist,joint_gradual,validation,recovery_0_6,physical_recovery,3,52,0.05897864403143966,0.10213693275788148,0.5769230769230769,0.7307692307692307,0.9038461538461539,0.458545825970491,15
nist,joint_gradual,validation,recovery_0_6,physical_recovery,4,57,0.060098262843258185,0.10516269640809447,0.631578947368421,0.7894736842105263,0.8947368421052632,0.4136648493793999,16
nist,joint_gradual,validation,recovery_0_6,raw,1,48,0.0379379963035836,0.06027631306743816,0.3333333333333333,0.5833333333333334,0.75,0.31956569149787956,13
nist,joint_gradual,validation,recovery_0_6,raw,2,48,0.05530940959800329,0.09359529586191863,0.2916666666666667,0.5208333333333334,0.7083333333333334,0.37112774010489163,13
nist,joint_gradual,validation,recovery_0_6,raw,3,52,0.0628220864972701,0.10213693275788148,0.3269230769230769,0.6153846153846154,0.7884615384615384,0.42542638251911014,15
nist,joint_gradual,validation,recovery_0_6,raw,4,57,0.06345705408069571,0.10516269640809447,0.2631578947368421,0.5964912280701754,0.7017543859649122,0.36381698710246363,16
nist,joint_gradual,validation,recovery_0_6,recency,1,48,0.036598818181656695,0.06027631306743816,0.4375,0.7083333333333334,0.8541666666666666,0.3442835348446522,13
nist,joint_gradual,validation,recovery_0_6,recency,2,48,0.05251001105111913,0.09359529586191863,0.375,0.7291666666666666,0.875,0.40936762280181993,13
nist,joint_gradual,validation,recovery_0_6,recency,3,52,0.059558846054041464,0.10213693275788148,0.5576923076923077,0.6923076923076923,0.9038461538461539,0.45367922163567326,15
nist,joint_gradual,validation,recovery_0_6,recency,4,57,0.06053852648046093,0.10516269640809447,0.6140350877192983,0.7719298245614035,0.8947368421052632,0.40886872275395425,16
nist,joint_gradual,validation,recovery_0_6,rolling,1,48,0.036688731876615074,0.06027631306743816,0.4583333333333333,0.7291666666666666,0.8125,0.34482889090512486,13
nist,joint_gradual,validation,recovery_0_6,rolling,2,48,0.053189502528046585,0.09359529586191863,0.3958333333333333,0.75,0.875,0.4099158972984203,13
nist,joint_gradual,validation,recovery_0_6,rolling,3,52,0.06094293634554418,0.10213693275788148,0.5384615384615384,0.75,0.8846153846153846,0.4511808343369776,15
nist,joint_gradual,validation,recovery_0_6,rolling,4,57,0.06181337563720405,0.10516269640809447,0.6140350877192983,0.7894736842105263,0.8947368421052632,0.406869253419821,16
nist,joint_gradual,validation,recovery_6_24,aci_bounded,1,226,0.03679345459258391,0.060697846605187254,0.45132743362831856,0.7522123893805309,0.8938053097345132,0.2974712892855413,22
nist,joint_gradual,validation,recovery_6_24,aci_bounded,2,226,0.05096820361600614,0.0845901793309496,0.45132743362831856,0.7522123893805309,0.8628318584070797,0.3933403964527285,22
nist,joint_gradual,validation,recovery_6_24,aci_bounded,3,223,0.061186471872889704,0.10443931227185725,0.47533632286995514,0.7219730941704036,0.8565022421524664,0.4736737181536157,22
nist,joint_gradual,validation,recovery_6_24,aci_bounded,4,219,0.06787676271536315,0.11562987171975302,0.4703196347031963,0.7214611872146118,0.8401826484018264,0.465762134838147,22
nist,joint_gradual,validation,recovery_6_24,mask50,1,226,0.036763770532216765,0.060697846605187254,0.4469026548672566,0.7610619469026548,0.8893805309734514,0.2957310180267312,22
nist,joint_gradual,validation,recovery_6_24,mask50,2,226,0.05108174319955134,0.0845901793309496,0.43805309734513276,0.7345132743362832,0.8761061946902655,0.3915686155885099,22
nist,joint_gradual,validation,recovery_6_24,mask50,3,223,0.061141072772300596,0.10443931227185725,0.4798206278026906,0.726457399103139,0.8565022421524664,0.4707295430489293,22
nist,joint_gradual,validation,recovery_6_24,mask50,4,219,0.0678991156089007,0.11562987171975302,0.4703196347031963,0.7442922374429224,0.8310502283105022,0.46204167425938686,22
nist,joint_gradual,validation,recovery_6_24,physical,1,226,0.03657958414533873,0.060697846605187254,0.43805309734513276,0.7610619469026548,0.8938053097345132,0.29825136138047487,22
nist,joint_gradual,validation,recovery_6_24,physical,2,226,0.050636565362336045,0.0845901793309496,0.4336283185840708,0.7522123893805309,0.8805309734513275,0.39498285124512544,22
nist,joint_gradual,validation,recovery_6_24,physical,3,223,0.060277625912567946,0.10443931227185725,0.47533632286995514,0.7399103139013453,0.874439461883408,0.4757398129111239,22
nist,joint_gradual,validation,recovery_6_24,physical,4,219,0.06697339399203517,0.11562987171975302,0.4474885844748858,0.7579908675799086,0.8538812785388128,0.4685496940440704,22
nist,joint_gradual,validation,recovery_6_24,physical_recovery,1,226,0.036618028008618554,0.060697846605187254,0.4469026548672566,0.7522123893805309,0.8849557522123894,0.2972521863595152,22
nist,joint_gradual,validation,recovery_6_24,physical_recovery,2,226,0.050635971397510776,0.0845901793309496,0.43805309734513276,0.7522123893805309,0.8716814159292036,0.39509569653737475,22
nist,joint_gradual,validation,recovery_6_24,physical_recovery,3,223,0.060279383636353226,0.10443931227185725,0.4663677130044843,0.7488789237668162,0.8789237668161435,0.47432119898595865,22
nist,joint_gradual,validation,recovery_6_24,physical_recovery,4,219,0.06695418879842958,0.11562987171975302,0.4748858447488584,0.7625570776255708,0.8538812785388128,0.4685606453080951,22
nist,joint_gradual,validation,recovery_6_24,raw,1,226,0.037469116547787513,0.060697846605187254,0.3008849557522124,0.6371681415929203,0.7787610619469026,0.26851095403852615,22
nist,joint_gradual,validation,recovery_6_24,raw,2,226,0.05289699544263589,0.0845901793309496,0.28761061946902655,0.504424778761062,0.7256637168141593,0.34700041278340876,22
nist,joint_gradual,validation,recovery_6_24,raw,3,223,0.06294214421326623,0.10443931227185725,0.30493273542600896,0.5605381165919282,0.7623318385650224,0.4399444279962756,22
nist,joint_gradual,validation,recovery_6_24,raw,4,219,0.07029160110175864,0.11562987171975302,0.3059360730593607,0.5525114155251142,0.680365296803653,0.4120070260884817,22
nist,joint_gradual,validation,recovery_6_24,recency,1,226,0.03674864099388876,0.060697846605187254,0.45132743362831856,0.7831858407079646,0.8938053097345132,0.2980060831415052,22
nist,joint_gradual,validation,recovery_6_24,recency,2,226,0.051009352667980026,0.0845901793309496,0.45132743362831856,0.7300884955752213,0.8716814159292036,0.392789917748975,22
nist,joint_gradual,validation,recovery_6_24,recency,3,223,0.06098283120117052,0.10443931227185725,0.48878923766816146,0.7309417040358744,0.8699551569506726,0.47423094106510016,22
nist,joint_gradual,validation,recovery_6_24,recency,4,219,0.06782002432505406,0.11562987171975302,0.4657534246575342,0.7397260273972602,0.8538812785388128,0.46350823582754364,22
nist,joint_gradual,validation,recovery_6_24,rolling,1,226,0.03675453267796165,0.060697846605187254,0.4469026548672566,0.7566371681415929,0.8982300884955752,0.2991569529834898,22
nist,joint_gradual,validation,recovery_6_24,rolling,2,226,0.05093594804493424,0.0845901793309496,0.45132743362831856,0.7522123893805309,0.8628318584070797,0.3946666556733543,22
nist,joint_gradual,validation,recovery_6_24,rolling,3,223,0.06113914937425001,0.10443931227185725,0.4798206278026906,0.7219730941704036,0.852017937219731,0.4746574053174945,22
nist,joint_gradual,validation,recovery_6_24,rolling,4,219,0.06779654200560947,0.11562987171975302,0.4703196347031963,0.7214611872146118,0.8447488584474886,0.4657621926620969,22
nist,joint_gradual,warmup,normal,aci_bounded,1,228,0.030712611428923155,0.04937633282745661,0.5745614035087719,0.8596491228070176,0.9254385964912281,0.28325875954989393,0
nist,joint_gradual,warmup,normal,aci_bounded,2,228,0.04587139107892829,0.07884217187784184,0.543859649122807,0.8464912280701754,0.9385964912280702,0.40752876590697595,0
nist,joint_gradual,warmup,normal,aci_bounded,3,228,0.05729160449058754,0.09991290665636254,0.5701754385964912,0.8464912280701754,0.9473684210526315,0.49385781291136577,0
nist,joint_gradual,warmup,normal,aci_bounded,4,229,0.06912244049987977,0.12183370453948099,0.5807860262008734,0.8733624454148472,0.9170305676855895,0.494263487959908,0
nist,joint_gradual,warmup,normal,mask50,1,228,0.030533063702216548,0.04937633282745661,0.5394736842105263,0.8552631578947368,0.8947368421052632,0.2691006777894029,0
nist,joint_gradual,warmup,normal,mask50,2,228,0.045513097554405885,0.07884217187784184,0.5350877192982456,0.8114035087719298,0.9210526315789473,0.38257388247707486,0
nist,joint_gradual,warmup,normal,mask50,3,228,0.05680405795692006,0.09991290665636254,0.5526315789473685,0.8333333333333334,0.9429824561403509,0.4788276778553434,0
nist,joint_gradual,warmup,normal,mask50,4,229,0.06862378813590206,0.12183370453948099,0.5633187772925764,0.851528384279476,0.9082969432314411,0.47938448078058443,0
nist,joint_gradual,warmup,normal,physical,1,228,0.030593256567963464,0.04937633282745661,0.5394736842105263,0.8464912280701754,0.9166666666666666,0.2718675003465317,0
nist,joint_gradual,warmup,normal,physical,2,228,0.04564620113866868,0.07884217187784184,0.543859649122807,0.8289473684210527,0.9254385964912281,0.38955724949587994,0
nist,joint_gradual,warmup,normal,physical,3,228,0.05704457859634586,0.09991290665636254,0.5745614035087719,0.8421052631578947,0.9385964912280702,0.4835933474051608,0
nist,joint_gradual,warmup,normal,physical,4,229,0.06892585857095375,0.12183370453948099,0.5895196506550219,0.8558951965065502,0.9082969432314411,0.4863266954767199,0
nist,joint_gradual,warmup,normal,physical_recovery,1,228,0.030526242014428752,0.04937633282745661,0.5263157894736842,0.8464912280701754,0.8991228070175439,0.2659592965086915,0
nist,joint_gradual,warmup,normal,physical_recovery,2,228,0.04563274522936495,0.07884217187784184,0.5219298245614035,0.8157894736842105,0.8991228070175439,0.3804793291215408,0
nist,joint_gradual,warmup,normal,physical_recovery,3,228,0.057013295621943245,0.09991290665636254,0.5526315789473685,0.8245614035087719,0.9254385964912281,0.4773992107043211,0
nist,joint_gradual,warmup,normal,physical_recovery,4,229,0.06888669419070254,0.12183370453948099,0.5720524017467249,0.8558951965065502,0.9039301310043668,0.48044696201653747,0
nist,joint_gradual,warmup,normal,raw,1,228,0.03043945016048233,0.04937633282745661,0.39035087719298245,0.7456140350877193,0.8552631578947368,0.2367857832952163,0
nist,joint_gradual,warmup,normal,raw,2,228,0.04566529091879301,0.07884217187784184,0.40789473684210525,0.6578947368421053,0.8289473684210527,0.33239991671957936,0
nist,joint_gradual,warmup,normal,raw,3,228,0.05650016647576288,0.09991290665636254,0.39473684210526316,0.6754385964912281,0.8728070175438597,0.43626100346108765,0
nist,joint_gradual,warmup,normal,raw,4,229,0.06744670121812969,0.12183370453948099,0.39737991266375544,0.6419213973799127,0.7991266375545851,0.42485019496773335,0
nist,joint_gradual,warmup,normal,recency,1,228,0.030668728395643947,0.04937633282745661,0.5570175438596491,0.8596491228070176,0.9298245614035088,0.28090809521149346,0
nist,joint_gradual,warmup,normal,recency,2,228,0.04570870615347168,0.07884217187784184,0.5526315789473685,0.8333333333333334,0.9342105263157895,0.3977222915151778,0
nist,joint_gradual,warmup,normal,recency,3,228,0.05697678860997953,0.09991290665636254,0.5833333333333334,0.8421052631578947,0.9429824561403509,0.4872446989788657,0
nist,joint_gradual,warmup,normal,recency,4,229,0.06872910803075168,0.12183370453948099,0.5633187772925764,0.8646288209606987,0.9082969432314411,0.4892054501729904,0
nist,joint_gradual,warmup,normal,rolling,1,228,0.030682276468470507,0.04937633282745661,0.5789473684210527,0.8596491228070176,0.9254385964912281,0.2813810937160078,0
nist,joint_gradual,warmup,normal,rolling,2,228,0.04580724751824067,0.07884217187784184,0.5307017543859649,0.8464912280701754,0.9385964912280702,0.40451491029871334,0
nist,joint_gradual,warmup,normal,rolling,3,228,0.05721708350078131,0.09991290665636254,0.5701754385964912,0.8421052631578947,0.9473684210526315,0.4930366600368606,0
nist,joint_gradual,warmup,normal,rolling,4,229,0.06912223502942995,0.12183370453948099,0.5851528384279476,0.8733624454148472,0.9082969432314411,0.4908448667429379,0
nist,joint_gradual,warmup,outage,aci_bounded,1,24,0.1514223952928814,0.3241486265012043,0.20833333333333334,0.4166666666666667,0.4583333333333333,0.524574909116672,3
nist,joint_gradual,warmup,outage,aci_bounded,2,24,0.14620371191761763,0.27921440580526513,0.16666666666666666,0.375,0.5416666666666666,0.4910642031295536,4
nist,joint_gradual,warmup,outage,aci_bounded,3,24,0.1351354193223204,0.25199314020560243,0.20833333333333334,0.3333333333333333,0.5416666666666666,0.4655257183269312,4
nist,joint_gradual,warmup,outage,aci_bounded,4,23,0.11528737510289834,0.2320444518870422,0.30434782608695654,0.6086956521739131,0.6086956521739131,0.471863253603039,4
nist,joint_gradual,warmup,outage,mask50,1,24,0.15157683058436186,0.3241486265012043,0.20833333333333334,0.4166666666666667,0.4583333333333333,0.5231429668288025,3
nist,joint_gradual,warmup,outage,mask50,2,24,0.1481582389711802,0.27921440580526513,0.16666666666666666,0.375,0.4583333333333333,0.4766826799859622,4
nist,joint_gradual,warmup,outage,mask50,3,24,0.1365608293415161,0.25199314020560243,0.20833333333333334,0.3333333333333333,0.5,0.4598108640861834,4
nist,joint_gradual,warmup,outage,mask50,4,23,0.11762263366549526,0.2320444518870422,0.2608695652173913,0.5652173913043478,0.5652173913043478,0.4658129014223446,4
nist,joint_gradual,warmup,outage,physical,1,24,0.14935885494953197,0.3241486265012043,0.20833333333333334,0.4166666666666667,0.5,0.536176364858958,3
nist,joint_gradual,warmup,outage,physical,2,24,0.145607132703761,0.27921440580526513,0.16666666666666666,0.375,0.5,0.4908328212251109,4
nist,joint_gradual,warmup,outage,physical,3,24,0.1350526235008903,0.25199314020560243,0.25,0.3333333333333333,0.5,0.4649987997473106,4
nist,joint_gradual,warmup,outage,physical,4,23,0.11738135108321411,0.2320444518870422,0.2608695652173913,0.5652173913043478,0.5652173913043478,0.46743331294597884,4
nist,joint_gradual,warmup,outage,physical_recovery,1,24,0.14724742924317644,0.3241486265012043,0.20833333333333334,0.4166666666666667,0.4583333333333333,0.5430339156970055,3
nist,joint_gradual,warmup,outage,physical_recovery,2,24,0.14403029194278671,0.27921440580526513,0.16666666666666666,0.375,0.5416666666666666,0.49468253874688367,4
nist,joint_gradual,warmup,outage,physical_recovery,3,24,0.132585374969511,0.25199314020560243,0.25,0.375,0.5,0.4687019002474131,4
nist,joint_gradual,warmup,outage,physical_recovery,4,23,0.11580823551527386,0.2320444518870422,0.2608695652173913,0.5652173913043478,0.5652173913043478,0.4748902866246733,4
nist,joint_gradual,warmup,outage,raw,1,24,0.15702339345435065,0.3241486265012043,0.20833333333333334,0.4166666666666667,0.4166666666666667,0.490255431603054,3
nist,joint_gradual,warmup,outage,raw,2,24,0.158461855017926,0.27921440580526513,0.16666666666666666,0.25,0.375,0.4416536239369559,4
nist,joint_gradual,warmup,outage,raw,3,24,0.1477404111069944,0.25199314020560243,0.16666666666666666,0.25,0.3333333333333333,0.39893889870408034,4
nist,joint_gradual,warmup,outage,raw,4,23,0.13114501443835117,0.2320444518870422,0.17391304347826086,0.30434782608695654,0.34782608695652173,0.4109411854996935,4
nist,joint_gradual,warmup,outage,recency,1,24,0.1518765814105291,0.3241486265012043,0.20833333333333334,0.4166666666666667,0.4583333333333333,0.520936937369823,3
nist,joint_gradual,warmup,outage,recency,2,24,0.14856683097654638,0.27921440580526513,0.16666666666666666,0.375,0.5,0.4751259574741511,4
nist,joint_gradual,warmup,outage,recency,3,24,0.1368827338007786,0.25199314020560243,0.20833333333333334,0.3333333333333333,0.5,0.4590946192111059,4
nist,joint_gradual,warmup,outage,recency,4,23,0.11792651829912851,0.2320444518870422,0.30434782608695654,0.5652173913043478,0.5652173913043478,0.4647784833407435,4
nist,joint_gradual,warmup,outage,rolling,1,24,0.15159348948459447,0.3241486265012043,0.20833333333333334,0.4166666666666667,0.4583333333333333,0.523858256852566,3
nist,joint_gradual,warmup,outage,rolling,2,24,0.14737240034935511,0.27921440580526513,0.16666666666666666,0.375,0.5416666666666666,0.4840362112747112,4
nist,joint_gradual,warmup,outage,rolling,3,24,0.1365984841185055,0.25199314020560243,0.20833333333333334,0.3333333333333333,0.5416666666666666,0.46076728650477117,4
nist,joint_gradual,warmup,outage,rolling,4,23,0.11590223925412359,0.2320444518870422,0.30434782608695654,0.6086956521739131,0.6086956521739131,0.46822427200314404,4
nist,joint_gradual,warmup,recovery_0_6,aci_bounded,1,6,0.009279226462740719,0.009435703297523003,0.6666666666666666,1.0,1.0,0.126302416406653,1
nist,joint_gradual,warmup,recovery_0_6,aci_bounded,2,6,0.030496223853248988,0.04866423067018596,0.6666666666666666,1.0,1.0,0.41436734413870685,1
nist,joint_gradual,warmup,recovery_0_6,aci_bounded,3,6,0.038523904436205174,0.03759012023642954,1.0,1.0,1.0,0.5709525551254998,1
nist,joint_gradual,warmup,recovery_0_6,aci_bounded,4,6,0.050504212311969,0.08333927125088168,1.0,1.0,1.0,0.5826416691934609,1
nist,joint_gradual,warmup,recovery_0_6,mask50,1,6,0.008835711722885022,0.009435703297523003,0.5,1.0,1.0,0.11502836069617756,1
nist,joint_gradual,warmup,recovery_0_6,mask50,2,6,0.030156654047850607,0.04866423067018596,0.6666666666666666,1.0,1.0,0.39890194970215703,1
nist,joint_gradual,warmup,recovery_0_6,mask50,3,6,0.037248454992329545,0.03759012023642954,1.0,1.0,1.0,0.5543822005284454,1
nist,joint_gradual,warmup,recovery_0_6,mask50,4,6,0.04941978921136634,0.08333927125088168,1.0,1.0,1.0,0.5761334550204641,1
nist,joint_gradual,warmup,recovery_0_6,physical,1,6,0.008709185184495922,0.009435703297523003,0.5,1.0,1.0,0.11586733531524963,1
nist,joint_gradual,warmup,recovery_0_6,physical,2,6,0.029859139024580744,0.04866423067018596,0.5,1.0,1.0,0.40032065791399124,1
nist,joint_gradual,warmup,recovery_0_6,physical,3,6,0.03812763620927503,0.03759012023642954,1.0,1.0,1.0,0.5600044579256708,1
nist,joint_gradual,warmup,recovery_0_6,physical,4,6,0.05050497219863145,0.08333927125088168,1.0,1.0,1.0,0.5800445333465242,1
nist,joint_gradual,warmup,recovery_0_6,physical_recovery,1,6,0.008846831962901518,0.009435703297523003,0.5,1.0,1.0,0.11539959376639854,1
nist,joint_gradual,warmup,recovery_0_6,physical_recovery,2,6,0.02981014321270925,0.04866423067018596,0.5,1.0,1.0,0.39923079951394985,1
nist,joint_gradual,warmup,recovery_0_6,physical_recovery,3,6,0.03840796626334277,0.03759012023642954,1.0,1.0,1.0,0.5593281815044212,1
nist,joint_gradual,warmup,recovery_0_6,physical_recovery,4,6,0.05084104731968875,0.08333927125088168,1.0,1.0,1.0,0.5787437091586065,1
nist,joint_gradual,warmup,recovery_0_6,raw,1,6,0.008137769496185358,0.009435703297523003,0.5,1.0,1.0,0.09045698703624323,1
nist,joint_gradual,warmup,recovery_0_6,raw,2,6,0.028515880118330797,0.04866423067018596,0.3333333333333333,0.8333333333333334,1.0,0.3526561640929562,1
nist,joint_gradual,warmup,recovery_0_6,raw,3,6,0.03415848514896899,0.03759012023642954,0.8333333333333334,1.0,1.0,0.5172556829965476,1
nist,joint_gradual,warmup,recovery_0_6,raw,4,6,0.04447968446922709,0.08333927125088168,1.0,1.0,1.0,0.5248489568621103,1
nist,joint_gradual,warmup,recovery_0_6,recency,1,6,0.009071539348803151,0.009435703297523003,0.5,1.0,1.0,0.12150878986675355,1
nist,joint_gradual,warmup,recovery_0_6,recency,2,6,0.030186115112995408,0.04866423067018596,0.6666666666666666,1.0,1.0,0.4049292461084289,1
nist,joint_gradual,warmup,recovery_0_6,recency,3,6,0.03796216826969343,0.03759012023642954,1.0,1.0,1.0,0.5649538748956907,1
nist,joint_gradual,warmup,recovery_0_6,recency,4,6,0.04963100467346948,0.08333927125088168,1.0,1.0,1.0,0.581735821713817,1
nist,joint_gradual,warmup,recovery_0_6,rolling,1,6,0.009310892969713226,0.009435703297523003,0.6666666666666666,1.0,1.0,0.12594824904522625,1
nist,joint_gradual,warmup,recovery_0_6,rolling,2,6,0.030483079048680643,0.04866423067018596,0.6666666666666666,1.0,1.0,0.41274224560661327,1
nist,joint_gradual,warmup,recovery_0_6,rolling,3,6,0.03840133763127012,0.03759012023642954,1.0,1.0,1.0,0.5699435462963324,1
nist,joint_gradual,warmup,recovery_0_6,rolling,4,6,0.05058748755765641,0.08333927125088168,1.0,1.0,1.0,0.5821545008738412,1
nist,joint_gradual,warmup,recovery_6_24,aci_bounded,1,31,0.025207528882988786,0.031122635170812447,0.5161290322580645,0.8387096774193549,1.0,0.3518664588189087,4
nist,joint_gradual,warmup,recovery_6_24,aci_bounded,2,31,0.045053095822407074,0.07404031095991508,0.41935483870967744,0.9032258064516129,0.967741935483871,0.44677669061454,4
nist,joint_gradual,warmup,recovery_6_24,aci_bounded,3,31,0.06426899034771141,0.13086136224483852,0.5161290322580645,0.8064516129032258,0.967741935483871,0.4983961953155276,4
nist,joint_gradual,warmup,recovery_6_24,aci_bounded,4,31,0.08267289576057092,0.18231510205813067,0.41935483870967744,0.8709677419354839,0.9354838709677419,0.5022887664433273,4
nist,joint_gradual,warmup,recovery_6_24,mask50,1,31,0.025064946172932333,0.031122635170812447,0.4838709677419355,0.8064516129032258,0.9354838709677419,0.3199505198369923,4
nist,joint_gradual,warmup,recovery_6_24,mask50,2,31,0.04491215100355972,0.07404031095991508,0.41935483870967744,0.9032258064516129,0.9032258064516129,0.42432096897620836,4
nist,joint_gradual,warmup,recovery_6_24,mask50,3,31,0.06508171613714207,0.13086136224483852,0.4838709677419355,0.7741935483870968,0.8387096774193549,0.4821201067875474,4
nist,joint_gradual,warmup,recovery_6_24,mask50,4,31,0.08345788274642242,0.18231510205813067,0.41935483870967744,0.7741935483870968,0.8387096774193549,0.48649492959323076,4
nist,joint_gradual,warmup,recovery_6_24,physical,1,31,0.02436353898897503,0.031122635170812447,0.45161290322580644,0.8064516129032258,0.967741935483871,0.32606080033696155,4
nist,joint_gradual,warmup,recovery_6_24,physical,2,31,0.043765469033182736,0.07404031095991508,0.45161290322580644,0.9032258064516129,0.967741935483871,0.4286452213499207,4
nist,joint_gradual,warmup,recovery_6_24,physical,3,31,0.06366717455694992,0.13086136224483852,0.45161290322580644,0.7741935483870968,0.967741935483871,0.4917669472800926,4
nist,joint_gradual,warmup,recovery_6_24,physical,4,31,0.08194446384828341,0.18231510205813067,0.45161290322580644,0.8064516129032258,0.9354838709677419,0.4950433623055655,4
nist,joint_gradual,warmup,recovery_6_24,physical_recovery,1,31,0.024555310192707343,0.031122635170812447,0.41935483870967744,0.7419354838709677,0.967741935483871,0.31453848799006867,4
nist,joint_gradual,warmup,recovery_6_24,physical_recovery,2,31,0.04389341005044835,0.07404031095991508,0.45161290322580644,0.9032258064516129,0.9032258064516129,0.41628231182598713,4
nist,joint_gradual,warmup,recovery_6_24,physical_recovery,3,31,0.06459328252318762,0.13086136224483852,0.41935483870967744,0.7419354838709677,0.8387096774193549,0.48207602910281233,4
nist,joint_gradual,warmup,recovery_6_24,physical_recovery,4,31,0.08279869489395023,0.18231510205813067,0.4838709677419355,0.8064516129032258,0.8387096774193549,0.4900126880361519,4
nist,joint_gradual,warmup,recovery_6_24,raw,1,31,0.025987744987970757,0.031122635170812447,0.3225806451612903,0.5806451612903226,0.7741935483870968,0.26431995820713766,4
nist,joint_gradual,warmup,recovery_6_24,raw,2,31,0.047130607124862806,0.07404031095991508,0.25806451612903225,0.4838709677419355,0.7419354838709677,0.32957466108791617,4
nist,joint_gradual,warmup,recovery_6_24,raw,3,31,0.07082557422835516,0.13086136224483852,0.0967741935483871,0.3225806451612903,0.6129032258064516,0.4005140367710739,4
nist,joint_gradual,warmup,recovery_6_24,raw,4,31,0.0944516616371964,0.18231510205813067,0.16129032258064516,0.3548387096774194,0.6129032258064516,0.40093501554658156,4
nist,joint_gradual,warmup,recovery_6_24,recency,1,31,0.025242391846633017,0.031122635170812447,0.4838709677419355,0.8709677419354839,1.0,0.35120186967733824,4
nist,joint_gradual,warmup,recovery_6_24,recency,2,31,0.04505939696158085,0.07404031095991508,0.45161290322580644,0.9032258064516129,0.967741935483871,0.44242117011060184,4
nist,joint_gradual,warmup,recovery_6_24,recency,3,31,0.06421161450936935,0.13086136224483852,0.4838709677419355,0.7741935483870968,0.967741935483871,0.4987409519946042,4
nist,joint_gradual,warmup,recovery_6_24,recency,4,31,0.08240800316047177,0.18231510205813067,0.41935483870967744,0.8387096774193549,0.9354838709677419,0.5022449456900164,4
nist,joint_gradual,warmup,recovery_6_24,rolling,1,31,0.02497573051447277,0.031122635170812447,0.5161290322580645,0.8387096774193549,0.967741935483871,0.3376661263569747,4
nist,joint_gradual,warmup,recovery_6_24,rolling,2,31,0.04500295362139268,0.07404031095991508,0.3870967741935484,0.9032258064516129,0.967741935483871,0.4409564318212418,4
nist,joint_gradual,warmup,recovery_6_24,rolling,3,31,0.06437729617229554,0.13086136224483852,0.5161290322580645,0.7741935483870968,0.967741935483871,0.495744730953968,4
nist,joint_gradual,warmup,recovery_6_24,rolling,4,31,0.08268802841982559,0.18231510205813067,0.41935483870967744,0.8709677419354839,0.9354838709677419,0.4967733725101782,4
colorado,clean,development_evaluation,normal,aci_bounded,1,2182,0.03718564913090166,0.06327727028030243,0.4697525206232814,0.7777268560953254,0.8872593950504125,0.2986886703452502,0
colorado,clean,development_evaluation,normal,aci_bounded,2,2181,0.05029350584013135,0.08947233216974493,0.4626318202659331,0.7666208161393856,0.8794131132508024,0.3933416518813644,0
colorado,clean,development_evaluation,normal,aci_bounded,3,2180,0.05810160493248389,0.10723051388699752,0.46009174311926604,0.7605504587155963,0.8674311926605505,0.4087003611438698,0
colorado,clean,development_evaluation,normal,aci_bounded,4,2180,0.060614003165860054,0.11583774251860435,0.46559633027522934,0.7573394495412844,0.8706422018348624,0.4164860548308367,0
colorado,clean,development_evaluation,normal,mask50,1,2182,0.037135337602688424,0.06327727028030243,0.4747937671860678,0.7882676443629697,0.8936755270394133,0.2999936653444419,0
colorado,clean,development_evaluation,normal,mask50,2,2181,0.0501636316292159,0.08947233216974493,0.4713434204493352,0.7854195323246217,0.8913342503438789,0.3954526922451022,0
colorado,clean,development_evaluation,normal,mask50,3,2180,0.05782408176546247,0.10723051388699752,0.47293577981651375,0.7761467889908257,0.8821100917431193,0.41000044006835634,0
colorado,clean,development_evaluation,normal,mask50,4,2180,0.0603143476140355,0.11583774251860435,0.47706422018348627,0.7738532110091743,0.8807339449541285,0.41872780618498323,0
colorado,clean,development_evaluation,normal,physical,1,2182,0.036987611216116136,0.06327727028030243,0.4747937671860678,0.7914757103574702,0.9000916590284143,0.3006795238573888,0
colorado,clean,development_evaluation,normal,physical,2,2181,0.04993118019810999,0.08947233216974493,0.46629986244841815,0.786336542870243,0.8986703347088492,0.395232760146544,0
colorado,clean,development_evaluation,normal,physical,3,2180,0.057504819038080086,0.10723051388699752,0.47339449541284406,0.7862385321100918,0.8880733944954129,0.410658540671336,0
colorado,clean,development_evaluation,normal,physical,4,2180,0.059963225498833296,0.11583774251860435,0.4720183486238532,0.7788990825688074,0.8885321100917432,0.41982179189710034,0
colorado,clean,development_evaluation,normal,physical_recovery,1,2182,0.03694108724976272,0.06327727028030243,0.4747937671860678,0.7933088909257562,0.9014665444546288,0.30027924368808573,0
colorado,clean,development_evaluation,normal,physical_recovery,2,2181,0.04983130471745267,0.08947233216974493,0.46996790463090327,0.7867950481430537,0.8995873452544704,0.3950652194816887,0
colorado,clean,development_evaluation,normal,physical_recovery,3,2180,0.05724762645671815,0.10723051388699752,0.4779816513761468,0.7903669724770642,0.8912844036697247,0.4110493545928833,0
colorado,clean,development_evaluation,normal,physical_recovery,4,2180,0.05973874003678919,0.11583774251860435,0.4798165137614679,0.7848623853211009,0.8917431192660551,0.420781457815947,0
colorado,clean,development_evaluation,normal,raw,1,2182,0.037884180516567764,0.06327727028030243,0.38130155820348305,0.6704857928505957,0.810724106324473,0.2855415419916364,0
colorado,clean,development_evaluation,normal,raw,2,2181,0.05121732502570564,0.08947233216974493,0.3869784502521779,0.6552040348464008,0.8074277854195323,0.381075129628494,0
colorado,clean,development_evaluation,normal,raw,3,2180,0.05963517934710085,0.10723051388699752,0.381651376146789,0.6509174311926605,0.7944954128440367,0.3903877872218645,0
colorado,clean,development_evaluation,normal,raw,4,2180,0.062398119591545766,0.11583774251860435,0.3573394495412844,0.6454128440366973,0.7876146788990825,0.3971582901837354,0
colorado,clean,development_evaluation,normal,recency,1,2182,0.0371429835452994,0.06327727028030243,0.4725022914757104,0.7868927589367553,0.8927589367552704,0.2997022093206494,0
colorado,clean,development_evaluation,normal,recency,2,2181,0.050183539893088366,0.08947233216974493,0.4713434204493352,0.7849610270518111,0.889958734525447,0.39517328550659214,0
colorado,clean,development_evaluation,normal,recency,3,2180,0.05787419750689118,0.10723051388699752,0.4688073394495413,0.7738532110091743,0.8811926605504588,0.4096679321838592,0
colorado,clean,development_evaluation,normal,recency,4,2180,0.060366588702870955,0.11583774251860435,0.4743119266055046,0.7724770642201835,0.8807339449541285,0.418444830842925,0
colorado,clean,development_evaluation,normal,rolling,1,2182,0.0372155125212037,0.06327727028030243,0.46012832263978004,0.7745187901008249,0.884967919340055,0.29831263782119255,0
colorado,clean,development_evaluation,normal,rolling,2,2181,0.050349734774444294,0.08947233216974493,0.4603392939018799,0.7666208161393856,0.8798716185236131,0.3935878639317432,0
colorado,clean,development_evaluation,normal,rolling,3,2180,0.05822825815758403,0.10723051388699752,0.4651376146788991,0.7555045871559632,0.8655963302752293,0.40764777679875214,0
colorado,clean,development_evaluation,normal,rolling,4,2180,0.060774459950617706,0.11583774251860435,0.4651376146788991,0.7536697247706422,0.8711009174311927,0.41590109614936843,0
colorado,clean,validation,normal,aci_bounded,1,1921,0.03593200768494454,0.05691254826377017,0.5195210827693909,0.8178032274856846,0.9109838625715773,0.3026876339961665,0
colorado,clean,validation,normal,aci_bounded,2,1921,0.048304361704642786,0.08231115894614606,0.5210827693909422,0.8209266007287871,0.9104633003643935,0.3938242136729152,0
colorado,clean,validation,normal,aci_bounded,3,1921,0.055286331217485225,0.09753218831480309,0.5247267048412285,0.8230088495575221,0.9172306090577824,0.4223650926203059,0
colorado,clean,validation,normal,aci_bounded,4,1921,0.05906395611767439,0.10697177935935805,0.5200416449765747,0.8245705361790734,0.9120249869859448,0.43436185617663314,0
colorado,clean,validation,normal,mask50,1,1921,0.03593857401023993,0.05691254826377017,0.5127537740760021,0.812597605413847,0.9094221759500261,0.30083761974681694,0
colorado,clean,validation,normal,mask50,2,1921,0.048323710570275576,0.08231115894614606,0.5163977095262884,0.8105153565851119,0.907339927121291,0.39181019468386097,0
colorado,clean,validation,normal,mask50,3,1921,0.05531282479053998,0.09753218831480309,0.5262883914627798,0.8183237896928683,0.9130661114003124,0.4205783736170865,0
colorado,clean,validation,normal,mask50,4,1921,0.05909170069225821,0.10697177935935805,0.5153565851119208,0.8152004164497657,0.9094221759500261,0.4335928360112684,0
colorado,clean,validation,normal,physical,1,1921,0.035818371191687716,0.05691254826377017,0.5101509630400833,0.8183237896928683,0.9151483602290473,0.30458313401075376,0
colorado,clean,validation,normal,physical,2,1921,0.04814319404495574,0.08231115894614606,0.5184799583550235,0.8276939094221759,0.9156689224362311,0.3949996931006252,0
colorado,clean,validation,normal,physical,3,1921,0.055068767861223195,0.09753218831480309,0.5231650182196772,0.836022904737116,0.91827173347215,0.4235512218831344,0
colorado,clean,validation,normal,physical,4,1921,0.058787249829489845,0.10697177935935805,0.510671525247267,0.829776158250911,0.91827173347215,0.4375042942368775,0
colorado,clean,validation,normal,physical_recovery,1,1921,0.035818371191687716,0.05691254826377017,0.5101509630400833,0.8183237896928683,0.9151483602290473,0.30458313401075376,0
colorado,clean,validation,normal,physical_recovery,2,1921,0.04814319404495574,0.08231115894614606,0.5184799583550235,0.8276939094221759,0.9156689224362311,0.3949996931006252,0
colorado,clean,validation,normal,physical_recovery,3,1921,0.055068767861223195,0.09753218831480309,0.5231650182196772,0.836022904737116,0.91827173347215,0.4235512218831344,0
colorado,clean,validation,normal,physical_recovery,4,1921,0.058787249829489845,0.10697177935935805,0.510671525247267,0.829776158250911,0.91827173347215,0.4375042942368775,0
colorado,clean,validation,normal,raw,1,1921,0.03629828828718981,0.05691254826377017,0.4148880791254555,0.6913066111400312,0.842790213430505,0.2790217120890378,0
colorado,clean,validation,normal,raw,2,1921,0.04885927761346185,0.08231115894614606,0.3722019781363873,0.6793336803748048,0.818844351900052,0.36742984344686846,0
colorado,clean,validation,normal,raw,3,1921,0.05613410021782662,0.09753218831480309,0.35658511192087455,0.661634565330557,0.8115564809994794,0.38758289694588643,0
colorado,clean,validation,normal,raw,4,1921,0.06010360446419801,0.10697177935935805,0.36647579385736595,0.6600728787090058,0.7969807391983342,0.39730640911751586,0
colorado,clean,validation,normal,recency,1,1921,0.03593857401023993,0.05691254826377017,0.5127537740760021,0.812597605413847,0.9094221759500261,0.30083761974681694,0
colorado,clean,validation,normal,recency,2,1921,0.048323710570275576,0.08231115894614606,0.5163977095262884,0.8105153565851119,0.907339927121291,0.39181019468386097,0
colorado,clean,validation,normal,recency,3,1921,0.05531282479053998,0.09753218831480309,0.5262883914627798,0.8183237896928683,0.9130661114003124,0.4205783736170865,0
colorado,clean,validation,normal,recency,4,1921,0.05909170069225821,0.10697177935935805,0.5153565851119208,0.8152004164497657,0.9094221759500261,0.4335928360112684,0
colorado,clean,validation,normal,rolling,1,1921,0.035939320545629865,0.05691254826377017,0.5190005205622071,0.8157209786569495,0.9130661114003124,0.30175965513691005,0
colorado,clean,validation,normal,rolling,2,1921,0.048311459799871476,0.08231115894614606,0.5257678292555961,0.818844351900052,0.9094221759500261,0.3928925973408515,0
colorado,clean,validation,normal,rolling,3,1921,0.05529390556270298,0.09753218831480309,0.5320145757418011,0.8240499739718896,0.9177511712649662,0.42272631007257366,0
colorado,clean,validation,normal,rolling,4,1921,0.059068507150190824,0.10697177935935805,0.521603331598126,0.8219677251431546,0.9141072358146799,0.4358142446320452,0
colorado,clean,warmup,normal,aci_bounded,1,310,0.03986740184046806,0.06299021393143546,0.44516129032258067,0.7580645161290323,0.8709677419354839,0.33761326913505735,0
colorado,clean,warmup,normal,aci_bounded,2,310,0.05458044260612238,0.09371768356531887,0.4612903225806452,0.7677419354838709,0.8935483870967742,0.46658060213509583,0
colorado,clean,warmup,normal,aci_bounded,3,310,0.06454035071165103,0.11194747339620957,0.4612903225806452,0.7580645161290323,0.8806451612903226,0.5159096762280707,0
colorado,clean,warmup,normal,aci_bounded,4,310,0.07132448422737467,0.12938228350733566,0.45161290322580644,0.7580645161290323,0.8935483870967742,0.5395327708229881,0
colorado,clean,warmup,normal,mask50,1,310,0.03981653836958604,0.06299021393143546,0.45806451612903226,0.7709677419354839,0.8741935483870967,0.33829384291002235,0
colorado,clean,warmup,normal,mask50,2,310,0.054578518101678984,0.09371768356531887,0.4806451612903226,0.7709677419354839,0.8935483870967742,0.46753932163258877,0
colorado,clean,warmup,normal,mask50,3,310,0.06447461168929429,0.11194747339620957,0.4645161290322581,0.7483870967741936,0.8806451612903226,0.5179232822554284,0
colorado,clean,warmup,normal,mask50,4,310,0.07132490383804893,0.12938228350733566,0.4483870967741935,0.7483870967741936,0.8870967741935484,0.5387554878759951,0
colorado,clean,warmup,normal,physical,1,310,0.039786420692784576,0.06299021393143546,0.43870967741935485,0.7709677419354839,0.8806451612903226,0.3402844839321116,0
colorado,clean,warmup,normal,physical,2,310,0.054390931711297934,0.09371768356531887,0.47096774193548385,0.7741935483870968,0.9032258064516129,0.4696064712250751,0
colorado,clean,warmup,normal,physical,3,310,0.0643267039337727,0.11194747339620957,0.45806451612903226,0.7806451612903226,0.8838709677419355,0.5182257240916419,0
colorado,clean,warmup,normal,physical,4,310,0.07103719601795269,0.12938228350733566,0.45161290322580644,0.7580645161290323,0.8935483870967742,0.5388059617778888,0
colorado,clean,warmup,normal,physical_recovery,1,310,0.039786420692784576,0.06299021393143546,0.43870967741935485,0.7709677419354839,0.8806451612903226,0.3402844839321116,0
colorado,clean,warmup,normal,physical_recovery,2,310,0.054390931711297934,0.09371768356531887,0.47096774193548385,0.7741935483870968,0.9032258064516129,0.4696064712250751,0
colorado,clean,warmup,normal,physical_recovery,3,310,0.0643267039337727,0.11194747339620957,0.45806451612903226,0.7806451612903226,0.8838709677419355,0.5182257240916419,0
colorado,clean,warmup,normal,physical_recovery,4,310,0.07103719601795269,0.12938228350733566,0.45161290322580644,0.7580645161290323,0.8935483870967742,0.5388059617778888,0
colorado,clean,warmup,normal,raw,1,310,0.040337385370771375,0.06299021393143546,0.38387096774193546,0.6451612903225806,0.7967741935483871,0.3192056119914934,0
colorado,clean,warmup,normal,raw,2,310,0.05496907029166647,0.09371768356531887,0.35161290322580646,0.6580645161290323,0.832258064516129,0.4566801268616087,0
colorado,clean,warmup,normal,raw,3,310,0.06523157470359042,0.11194747339620957,0.3419354838709677,0.635483870967742,0.7838709677419354,0.48730174353757655,0
colorado,clean,warmup,normal,raw,4,310,0.07231552782028638,0.12938228350733566,0.34838709677419355,0.6064516129032258,0.7387096774193549,0.4972296731374547,0
colorado,clean,warmup,normal,recency,1,310,0.03981653836958604,0.06299021393143546,0.45806451612903226,0.7709677419354839,0.8741935483870967,0.33829384291002235,0
colorado,clean,warmup,normal,recency,2,310,0.054578518101678984,0.09371768356531887,0.4806451612903226,0.7709677419354839,0.8935483870967742,0.46753932163258877,0
colorado,clean,warmup,normal,recency,3,310,0.06447461168929429,0.11194747339620957,0.4645161290322581,0.7483870967741936,0.8806451612903226,0.5179232822554284,0
colorado,clean,warmup,normal,recency,4,310,0.07132490383804893,0.12938228350733566,0.4483870967741935,0.7483870967741936,0.8870967741935484,0.5387554878759951,0
colorado,clean,warmup,normal,rolling,1,310,0.039897747326916255,0.06299021393143546,0.43548387096774194,0.7451612903225806,0.867741935483871,0.33529715978973423,0
colorado,clean,warmup,normal,rolling,2,310,0.054594537543013744,0.09371768356531887,0.4612903225806452,0.7612903225806451,0.8870967741935484,0.46568807938719653,0
colorado,clean,warmup,normal,rolling,3,310,0.0645532279658107,0.11194747339620957,0.45161290322580644,0.7483870967741936,0.8806451612903226,0.5118347579896443,0
colorado,clean,warmup,normal,rolling,4,310,0.07135702708664474,0.12938228350733566,0.4483870967741935,0.7451612903225806,0.8870967741935484,0.5370572405888585,0
colorado,joint_gradual,development_evaluation,normal,aci_bounded,1,1720,0.037040944096357005,0.06283712131015098,0.47267441860465115,0.772093023255814,0.8825581395348837,0.29957073598201456,0
colorado,joint_gradual,development_evaluation,normal,aci_bounded,2,1720,0.05046966083338514,0.09021932704725784,0.45930232558139533,0.7587209302325582,0.8784883720930232,0.39595150539315876,0
colorado,joint_gradual,development_evaluation,normal,aci_bounded,3,1719,0.05863811250636581,0.10875969868699513,0.4514252472367656,0.7568353694008144,0.8650378126817917,0.4139398956585156,0
colorado,joint_gradual,development_evaluation,normal,aci_bounded,4,1720,0.06095744456773286,0.11686423570881119,0.461046511627907,0.7523255813953489,0.8703488372093023,0.4207764716159424,0
colorado,joint_gradual,development_evaluation,normal,mask50,1,1720,0.03701019740715751,0.06283712131015098,0.47732558139534886,0.7848837209302325,0.8912790697674419,0.3005042551820907,0
colorado,joint_gradual,development_evaluation,normal,mask50,2,1720,0.05035583596326956,0.09021932704725784,0.4720930232558139,0.7819767441860465,0.8906976744186047,0.3980686598534491,0
colorado,joint_gradual,development_evaluation,normal,mask50,3,1719,0.05838374912546278,0.10875969868699513,0.47062245491564864,0.777196044211751,0.8824898196625945,0.41518284307798264,0
colorado,joint_gradual,development_evaluation,normal,mask50,4,1720,0.06067915003443341,0.11686423570881119,0.4796511627906977,0.7744186046511627,0.8860465116279069,0.42319845270022693,0
colorado,joint_gradual,development_evaluation,normal,physical,1,1720,0.0368767660928872,0.06283712131015098,0.48430232558139535,0.788953488372093,0.8947674418604651,0.30089551804236203,0
colorado,joint_gradual,development_evaluation,normal,physical,2,1720,0.050133097574224905,0.09021932704725784,0.4680232558139535,0.786046511627907,0.9,0.39793873083925446,0
colorado,joint_gradual,development_evaluation,normal,physical,3,1719,0.05809452641589859,0.10875969868699513,0.46596858638743455,0.7882489819662595,0.8888888888888888,0.41544734363180075,0
colorado,joint_gradual,development_evaluation,normal,physical,4,1720,0.06034355334959359,0.11686423570881119,0.4744186046511628,0.7808139534883721,0.8936046511627908,0.42374372270941757,0
colorado,joint_gradual,development_evaluation,normal,physical_recovery,1,1720,0.0368583345993717,0.06283712131015098,0.4790697674418605,0.7872093023255814,0.9011627906976745,0.30172983416471044,0
colorado,joint_gradual,development_evaluation,normal,physical_recovery,2,1720,0.05009747164574072,0.09021932704725784,0.4662790697674419,0.7901162790697674,0.9023255813953488,0.39852611427848056,0
colorado,joint_gradual,development_evaluation,normal,physical_recovery,3,1719,0.0580266732944515,0.10875969868699513,0.4752763234438627,0.7899941826643397,0.8947062245491565,0.4167013884795981,0
colorado,joint_gradual,development_evaluation,normal,physical_recovery,4,1720,0.060319161235419444,0.11686423570881119,0.4796511627906977,0.7895348837209303,0.8994186046511627,0.4248857844423339,0
colorado,joint_gradual,development_evaluation,normal,raw,1,1720,0.03773367207802994,0.06283712131015098,0.3813953488372093,0.6627906976744186,0.8087209302325581,0.2860197856936736,0
colorado,joint_gradual,development_evaluation,normal,raw,2,1720,0.051401485038878314,0.09021932704725784,0.37906976744186044,0.647093023255814,0.8046511627906977,0.3833565837912232,0
colorado,joint_gradual,development_evaluation,normal,raw,3,1719,0.060176667025786904,0.10875969868699513,0.37347294938917974,0.6428155904595695,0.7911576497963932,0.39394282189988605,0
colorado,joint_gradual,development_evaluation,normal,raw,4,1720,0.06274006655244953,0.11686423570881119,0.3511627906976744,0.6383720930232558,0.7831395348837209,0.40022140158767183,0
colorado,joint_gradual,development_evaluation,normal,recency,1,1720,0.03700269780860924,0.06283712131015098,0.47267441860465115,0.7831395348837209,0.8860465116279069,0.2999882893622648,0
colorado,joint_gradual,development_evaluation,normal,recency,2,1720,0.05036928346259331,0.09021932704725784,0.47325581395348837,0.7773255813953488,0.8912790697674419,0.39770231015110846,0
colorado,joint_gradual,development_evaluation,normal,recency,3,1719,0.05844544688313189,0.10875969868699513,0.4607329842931937,0.7678883071553229,0.878999418266434,0.41378409704600777,0
colorado,joint_gradual,development_evaluation,normal,recency,4,1720,0.060727074708285166,0.11686423570881119,0.4703488372093023,0.766860465116279,0.8796511627906977,0.421706065177937,0
colorado,joint_gradual,development_evaluation,normal,rolling,1,1720,0.03706039673269799,0.06283712131015098,0.4622093023255814,0.7703488372093024,0.8796511627906977,0.29887762081324326,0
colorado,joint_gradual,development_evaluation,normal,rolling,2,1720,0.05051119708804036,0.09021932704725784,0.4563953488372093,0.7552325581395349,0.8773255813953489,0.39614968337294193,0
colorado,joint_gradual,development_evaluation,normal,rolling,3,1719,0.05878634103150556,0.10875969868699513,0.45549738219895286,0.7521815008726004,0.8632926119837114,0.41172710964885745,0
colorado,joint_gradual,development_evaluation,normal,rolling,4,1720,0.061117432293168704,0.11686423570881119,0.45930232558139533,0.7476744186046511,0.8709302325581395,0.4191186628273909,0
colorado,joint_gradual,development_evaluation,outage,aci_bounded,1,154,0.06774559168375618,0.12987403231801742,0.5,0.8376623376623377,0.9155844155844156,0.517546306232104,25
colorado,joint_gradual,development_evaluation,outage,aci_bounded,2,153,0.05886500363088608,0.11097659840862376,0.5359477124183006,0.8627450980392157,0.9019607843137255,0.4435279452546207,25
colorado,joint_gradual,development_evaluation,outage,aci_bounded,3,153,0.05586880464695706,0.11083463054589487,0.5555555555555556,0.8431372549019608,0.9477124183006536,0.4327511345200385,24
colorado,joint_gradual,development_evaluation,outage,aci_bounded,4,152,0.05667268396264772,0.11148197595588859,0.5526315789473685,0.875,0.9342105263157895,0.4426342527305498,23
colorado,joint_gradual,development_evaluation,outage,mask50,1,154,0.06765188376877043,0.12987403231801742,0.5064935064935064,0.8441558441558441,0.922077922077922,0.5184603685643924,25
colorado,joint_gradual,development_evaluation,outage,mask50,2,153,0.0587585194307266,0.11097659840862376,0.5359477124183006,0.8627450980392157,0.9084967320261438,0.4448401753622052,25
colorado,joint_gradual,development_evaluation,outage,mask50,3,153,0.05573115463736802,0.11083463054589487,0.5686274509803921,0.8235294117647058,0.9411764705882353,0.43269615936353817,24
colorado,joint_gradual,development_evaluation,outage,mask50,4,152,0.05652314383151266,0.11148197595588859,0.5657894736842105,0.868421052631579,0.9473684210526315,0.4431654868447857,23
colorado,joint_gradual,development_evaluation,outage,physical,1,154,0.06751958928521759,0.12987403231801742,0.4935064935064935,0.8376623376623377,0.9285714285714286,0.5191750095554908,25
colorado,joint_gradual,development_evaluation,outage,physical,2,153,0.05856110693194085,0.11097659840862376,0.5359477124183006,0.8758169934640523,0.9150326797385621,0.4453807612029749,25
colorado,joint_gradual,development_evaluation,outage,physical,3,153,0.05553528900606487,0.11083463054589487,0.5751633986928104,0.8431372549019608,0.9738562091503268,0.4330644211087973,24
colorado,joint_gradual,development_evaluation,outage,physical,4,152,0.05634094496774591,0.11148197595588859,0.5592105263157895,0.8947368421052632,0.9605263157894737,0.4440975355656283,23
colorado,joint_gradual,development_evaluation,outage,physical_recovery,1,154,0.06738582238554398,0.12987403231801742,0.5,0.8311688311688312,0.9285714285714286,0.5165929532763265,25
colorado,joint_gradual,development_evaluation,outage,physical_recovery,2,153,0.058467832458792605,0.11097659840862376,0.5163398692810458,0.869281045751634,0.9150326797385621,0.444644200496718,25
colorado,joint_gradual,development_evaluation,outage,physical_recovery,3,153,0.055567540587607496,0.11083463054589487,0.5359477124183006,0.8235294117647058,0.9477124183006536,0.42988977048762406,24
colorado,joint_gradual,development_evaluation,outage,physical_recovery,4,152,0.05625103845507152,0.11148197595588859,0.5592105263157895,0.875,0.9407894736842105,0.4410703950020786,23
colorado,joint_gradual,development_evaluation,outage,raw,1,154,0.06838563870385536,0.12987403231801742,0.474025974025974,0.7727272727272727,0.8636363636363636,0.5068695135668845,25
colorado,joint_gradual,development_evaluation,outage,raw,2,153,0.05982525882563349,0.11097659840862376,0.43790849673202614,0.7189542483660131,0.8431372549019608,0.433377804842371,25
colorado,joint_gradual,development_evaluation,outage,raw,3,153,0.057041595965014145,0.11083463054589487,0.4444444444444444,0.7189542483660131,0.8562091503267973,0.4176194722300635,24
colorado,joint_gradual,development_evaluation,outage,raw,4,152,0.0579702635523067,0.11148197595588859,0.4934210526315789,0.7697368421052632,0.875,0.4260354941342772,23
colorado,joint_gradual,development_evaluation,outage,recency,1,154,0.06767534302897282,0.12987403231801742,0.4935064935064935,0.8376623376623377,0.9155844155844156,0.5182001737579228,25
colorado,joint_gradual,development_evaluation,outage,recency,2,153,0.05880293816388791,0.11097659840862376,0.5359477124183006,0.8627450980392157,0.9019607843137255,0.44497784099350424,25
colorado,joint_gradual,development_evaluation,outage,recency,3,153,0.05573644531678633,0.11083463054589487,0.5686274509803921,0.8300653594771242,0.9411764705882353,0.4332489150175808,24
colorado,joint_gradual,development_evaluation,outage,recency,4,152,0.05653500583747806,0.11148197595588859,0.5657894736842105,0.881578947368421,0.9407894736842105,0.4432211847204596,23
colorado,joint_gradual,development_evaluation,outage,rolling,1,154,0.06780634470587947,0.12987403231801742,0.5,0.8376623376623377,0.9155844155844156,0.5171468472423734,25
colorado,joint_gradual,development_evaluation,outage,rolling,2,153,0.05896412208277062,0.11097659840862376,0.5294117647058824,0.8496732026143791,0.8954248366013072,0.4435736673191811,25
colorado,joint_gradual,development_evaluation,outage,rolling,3,153,0.055935780691981726,0.11083463054589487,0.5751633986928104,0.8366013071895425,0.9281045751633987,0.43125508191465867,24
colorado,joint_gradual,development_evaluation,outage,rolling,4,152,0.05676756671391198,0.11148197595588859,0.5526315789473685,0.8618421052631579,0.9342105263157895,0.4414621548433006,23
colorado,joint_gradual,development_evaluation,recovery_0_6,aci_bounded,1,75,0.043150887896834224,0.08018711096615408,0.4666666666666667,0.7466666666666667,0.9066666666666666,0.3449433283960115,18
colorado,joint_gradual,development_evaluation,recovery_0_6,aci_bounded,2,76,0.050352126326146794,0.0901460179943145,0.4342105263157895,0.7631578947368421,0.881578947368421,0.43193204555272907,18
colorado,joint_gradual,development_evaluation,recovery_0_6,aci_bounded,3,77,0.05866906209884368,0.11063694810311243,0.45454545454545453,0.7532467532467533,0.8701298701298701,0.4451168944679251,19
colorado,joint_gradual,development_evaluation,recovery_0_6,aci_bounded,4,79,0.06408604513282878,0.13139870198572193,0.4430379746835443,0.7848101265822784,0.8607594936708861,0.4278420741803735,20
colorado,joint_gradual,development_evaluation,recovery_0_6,mask50,1,75,0.04304470011634035,0.08018711096615408,0.4533333333333333,0.7466666666666667,0.92,0.34424361568432144,18
colorado,joint_gradual,development_evaluation,recovery_0_6,mask50,2,76,0.050314817260822674,0.0901460179943145,0.4342105263157895,0.8026315789473685,0.881578947368421,0.4318754128699724,18
colorado,joint_gradual,development_evaluation,recovery_0_6,mask50,3,77,0.0585300687475346,0.11063694810311243,0.4675324675324675,0.7532467532467533,0.8831168831168831,0.44445784491392587,19
colorado,joint_gradual,development_evaluation,recovery_0_6,mask50,4,79,0.0637892173375883,0.13139870198572193,0.45569620253164556,0.810126582278481,0.8607594936708861,0.42895880476802367,20
colorado,joint_gradual,development_evaluation,recovery_0_6,physical,1,75,0.042859253691262526,0.08018711096615408,0.4266666666666667,0.76,0.9066666666666666,0.34560336707965644,18
colorado,joint_gradual,development_evaluation,recovery_0_6,physical,2,76,0.05015126860127266,0.0901460179943145,0.4605263157894737,0.7631578947368421,0.8947368421052632,0.433027046167162,18
colorado,joint_gradual,development_evaluation,recovery_0_6,physical,3,77,0.05849330267864206,0.11063694810311243,0.4675324675324675,0.7792207792207793,0.8701298701298701,0.4446267361349232,19
colorado,joint_gradual,development_evaluation,recovery_0_6,physical,4,79,0.06343532451145147,0.13139870198572193,0.4430379746835443,0.810126582278481,0.8481012658227848,0.429005237939815,20
colorado,joint_gradual,development_evaluation,recovery_0_6,physical_recovery,1,75,0.04280622113051678,0.08018711096615408,0.4533333333333333,0.76,0.92,0.34415499065521654,18
colorado,joint_gradual,development_evaluation,recovery_0_6,physical_recovery,2,76,0.05022325843896969,0.0901460179943145,0.47368421052631576,0.7763157894736842,0.8947368421052632,0.43206425632299633,18
colorado,joint_gradual,development_evaluation,recovery_0_6,physical_recovery,3,77,0.058684022659431664,0.11063694810311243,0.45454545454545453,0.7532467532467533,0.8831168831168831,0.4430710660272975,19
colorado,joint_gradual,development_evaluation,recovery_0_6,physical_recovery,4,79,0.06371597374423363,0.13139870198572193,0.43037974683544306,0.7848101265822784,0.8481012658227848,0.42888412593046044,20
colorado,joint_gradual,development_evaluation,recovery_0_6,raw,1,75,0.04342647831939947,0.08018711096615408,0.37333333333333335,0.68,0.8666666666666667,0.330197404303371,18
colorado,joint_gradual,development_evaluation,recovery_0_6,raw,2,76,0.05084017097898908,0.0901460179943145,0.4342105263157895,0.6842105263157895,0.8026315789473685,0.41860284441450607,18
colorado,joint_gradual,development_evaluation,recovery_0_6,raw,3,77,0.059555999099631926,0.11063694810311243,0.44155844155844154,0.6883116883116883,0.8051948051948052,0.4242301780885098,19
colorado,joint_gradual,development_evaluation,recovery_0_6,raw,4,79,0.06490852782219125,0.13139870198572193,0.35443037974683544,0.7215189873417721,0.8227848101265823,0.4069442963097863,20
colorado,joint_gradual,development_evaluation,recovery_0_6,recency,1,75,0.04308230170383383,0.08018711096615408,0.4533333333333333,0.7466666666666667,0.92,0.3442785840175965,18
colorado,joint_gradual,development_evaluation,recovery_0_6,recency,2,76,0.05030136216155186,0.0901460179943145,0.4473684210526316,0.7894736842105263,0.881578947368421,0.4323674116236227,18
colorado,joint_gradual,development_evaluation,recovery_0_6,recency,3,77,0.05859557121171567,0.11063694810311243,0.44155844155844154,0.7662337662337663,0.8831168831168831,0.4435508905292684,19
colorado,joint_gradual,development_evaluation,recovery_0_6,recency,4,79,0.06389000804786592,0.13139870198572193,0.45569620253164556,0.7974683544303798,0.8607594936708861,0.4285142612348138,20
colorado,joint_gradual,development_evaluation,recovery_0_6,rolling,1,75,0.04313749898461222,0.08018711096615408,0.4666666666666667,0.7466666666666667,0.92,0.3443551651030333,18
colorado,joint_gradual,development_evaluation,recovery_0_6,rolling,2,76,0.05029924038317603,0.0901460179943145,0.4473684210526316,0.7763157894736842,0.881578947368421,0.4321705370799293,18
colorado,joint_gradual,development_evaluation,recovery_0_6,rolling,3,77,0.05870875012624488,0.11063694810311243,0.45454545454545453,0.7532467532467533,0.8571428571428571,0.443102526474767,19
colorado,joint_gradual,development_evaluation,recovery_0_6,rolling,4,79,0.06409994728846913,0.13139870198572193,0.43037974683544306,0.7848101265822784,0.8607594936708861,0.42689492159279524,20
colorado,joint_gradual,development_evaluation,recovery_6_24,aci_bounded,1,233,0.03849551406918338,0.06598038252188324,0.43776824034334766,0.7982832618025751,0.9055793991416309,0.2964920169847845,26
colorado,joint_gradual,development_evaluation,recovery_6_24,aci_bounded,2,232,0.05241258858553922,0.09374324691635762,0.46551724137931033,0.7586206896551724,0.875,0.38162957824763605,26
colorado,joint_gradual,development_evaluation,recovery_6_24,aci_bounded,3,231,0.06260099996200685,0.11421756752992615,0.45021645021645024,0.7359307359307359,0.8354978354978355,0.3958869107417096,26
colorado,joint_gradual,development_evaluation,recovery_6_24,aci_bounded,4,229,0.06689023422020095,0.1249896950973878,0.44541484716157204,0.7117903930131004,0.8384279475982532,0.4128724271272056,26
colorado,joint_gradual,development_evaluation,recovery_6_24,mask50,1,233,0.03848674556841931,0.06598038252188324,0.45064377682403434,0.8111587982832618,0.9184549356223176,0.2976554463791117,26
colorado,joint_gradual,development_evaluation,recovery_6_24,mask50,2,232,0.052254438984634825,0.09374324691635762,0.46120689655172414,0.7801724137931034,0.8793103448275862,0.38340983823560415,26
colorado,joint_gradual,development_evaluation,recovery_6_24,mask50,3,231,0.06227428313949163,0.11421756752992615,0.46320346320346323,0.7532467532467533,0.8484848484848485,0.39712400942170484,26
colorado,joint_gradual,development_evaluation,recovery_6_24,mask50,4,229,0.06645230966006443,0.1249896950973878,0.4585152838427948,0.7554585152838428,0.8558951965065502,0.41466048748070816,26
colorado,joint_gradual,development_evaluation,recovery_6_24,physical,1,233,0.0383337185593137,0.06598038252188324,0.4291845493562232,0.8025751072961373,0.9098712446351931,0.2977891990927073,26
colorado,joint_gradual,development_evaluation,recovery_6_24,physical,2,232,0.052003018470627126,0.09374324691635762,0.4482758620689655,0.7586206896551724,0.8793103448275862,0.383381978019735,26
colorado,joint_gradual,development_evaluation,recovery_6_24,physical,3,231,0.06174564748707276,0.11421756752992615,0.46320346320346323,0.7445887445887446,0.8571428571428571,0.3975629173467399,26
colorado,joint_gradual,development_evaluation,recovery_6_24,physical,4,229,0.06591237002937345,0.1249896950973878,0.45414847161572053,0.7467248908296943,0.8558951965065502,0.4166759338575312,26
colorado,joint_gradual,development_evaluation,recovery_6_24,physical_recovery,1,233,0.0383325765531472,0.06598038252188324,0.4291845493562232,0.8025751072961373,0.9098712446351931,0.29750624560983197,26
colorado,joint_gradual,development_evaluation,recovery_6_24,physical_recovery,2,232,0.051984477663219106,0.09374324691635762,0.4525862068965517,0.7672413793103449,0.875,0.38281432387109776,26
colorado,joint_gradual,development_evaluation,recovery_6_24,physical_recovery,3,231,0.06179238613019848,0.11421756752992615,0.4588744588744589,0.7489177489177489,0.8528138528138528,0.3983282292575643,26
colorado,joint_gradual,development_evaluation,recovery_6_24,physical_recovery,4,229,0.06595325818618468,0.1249896950973878,0.45414847161572053,0.7554585152838428,0.8558951965065502,0.41898721446852466,26
colorado,joint_gradual,development_evaluation,recovery_6_24,raw,1,233,0.039399119311606015,0.06598038252188324,0.351931330472103,0.6995708154506438,0.8111587982832618,0.28238022184371125,26
colorado,joint_gradual,development_evaluation,recovery_6_24,raw,2,232,0.05348363141201041,0.09374324691635762,0.38362068965517243,0.6681034482758621,0.8017241379310345,0.36885321170841484,26
colorado,joint_gradual,development_evaluation,recovery_6_24,raw,3,231,0.06442931811587783,0.11421756752992615,0.36363636363636365,0.6363636363636364,0.7705627705627706,0.3772468761659037,26
colorado,joint_gradual,development_evaluation,recovery_6_24,raw,4,229,0.06876544973816265,0.1249896950973878,0.37554585152838427,0.62882096069869,0.7729257641921398,0.3942543307156071,26
colorado,joint_gradual,development_evaluation,recovery_6_24,recency,1,233,0.03843985177109166,0.06598038252188324,0.44206008583690987,0.8111587982832618,0.9184549356223176,0.2970664457514347,26
colorado,joint_gradual,development_evaluation,recovery_6_24,recency,2,232,0.052266119493713965,0.09374324691635762,0.4525862068965517,0.7672413793103449,0.8879310344827587,0.3833939960313284,26
colorado,joint_gradual,development_evaluation,recovery_6_24,recency,3,231,0.06234882063530271,0.11421756752992615,0.4588744588744589,0.7445887445887446,0.8484848484848485,0.39571348952249447,26
colorado,joint_gradual,development_evaluation,recovery_6_24,recency,4,229,0.06654364135057922,0.1249896950973878,0.45414847161572053,0.7248908296943232,0.851528384279476,0.41362558271448385,26
colorado,joint_gradual,development_evaluation,recovery_6_24,rolling,1,233,0.03857567172204294,0.06598038252188324,0.4291845493562232,0.7854077253218884,0.9012875536480687,0.2952917815119565,26
colorado,joint_gradual,development_evaluation,recovery_6_24,rolling,2,232,0.052511423183149414,0.09374324691635762,0.46551724137931033,0.7629310344827587,0.8663793103448276,0.3815413950373325,26
colorado,joint_gradual,development_evaluation,recovery_6_24,rolling,3,231,0.06279123619643075,0.11421756752992615,0.4675324675324675,0.7445887445887446,0.8354978354978355,0.39410827057838344,26
colorado,joint_gradual,development_evaluation,recovery_6_24,rolling,4,229,0.06711078800627328,0.1249896950973878,0.4585152838427948,0.7205240174672489,0.8253275109170306,0.4119462025547163,26
colorado,joint_gradual,validation,normal,aci_bounded,1,1481,0.03350809765709995,0.05313112856656409,0.5226198514517219,0.8278190411883862,0.9216745442268738,0.3012119621801145,0
colorado,joint_gradual,validation,normal,aci_bounded,2,1481,0.04616844903348889,0.07929964927842992,0.5104659014179609,0.825793382849426,0.9162727886563133,0.38950981783398503,0
colorado,joint_gradual,validation,normal,aci_bounded,3,1482,0.054046693716770525,0.09673205612543422,0.5141700404858299,0.8245614035087719,0.9210526315789473,0.41875818047931146,0
colorado,joint_gradual,validation,normal,aci_bounded,4,1486,0.058092244066723656,0.10645498745770246,0.5033647375504711,0.8176312247644684,0.9165545087483177,0.4323122958026341,0
colorado,joint_gradual,validation,normal,mask50,1,1481,0.03350888449261401,0.05313112856656409,0.5158676569885212,0.8163403106009454,0.9135719108710331,0.29791244952518176,0
colorado,joint_gradual,validation,normal,mask50,2,1481,0.046178938643457665,0.07929964927842992,0.5084402430790007,0.8156650911546253,0.912221471978393,0.3878393040485285,0
colorado,joint_gradual,validation,normal,mask50,3,1482,0.05407324452321869,0.09673205612543422,0.5155195681511471,0.8178137651821862,0.9143049932523617,0.4160786862838034,0
colorado,joint_gradual,validation,normal,mask50,4,1486,0.05809804040963991,0.10645498745770246,0.506056527590848,0.8122476446837147,0.9138627187079408,0.43114513487740463,0
colorado,joint_gradual,validation,normal,physical,1,1481,0.03342111108278204,0.05313112856656409,0.512491559756921,0.825793382849426,0.9230249831195139,0.30119924286533134,0
colorado,joint_gradual,validation,normal,physical,2,1481,0.04602058331495419,0.07929964927842992,0.5023632680621202,0.824442943956786,0.9189736664415935,0.3907931086849518,0
colorado,joint_gradual,validation,normal,physical,3,1482,0.053829246141937646,0.09673205612543422,0.5128205128205128,0.8346828609986505,0.9244264507422402,0.41869319088545176,0
colorado,joint_gradual,validation,normal,physical,4,1486,0.057778088321869564,0.10645498745770246,0.4959623149394347,0.8236877523553163,0.9219380888290714,0.4346671718333702,0
colorado,joint_gradual,validation,normal,physical_recovery,1,1481,0.03342618441025177,0.05313112856656409,0.5151924375422012,0.8251181634031061,0.9264010803511141,0.30048133428302926,0
colorado,joint_gradual,validation,normal,physical_recovery,2,1481,0.04601838041446553,0.07929964927842992,0.512491559756921,0.824442943956786,0.9196488858879136,0.3907408572652925,0
colorado,joint_gradual,validation,normal,physical_recovery,3,1482,0.05383774051602148,0.09673205612543422,0.5209176788124157,0.8360323886639676,0.9237516869095816,0.41903857356743657,0
colorado,joint_gradual,validation,normal,physical_recovery,4,1486,0.05778749252771303,0.10645498745770246,0.5067294751009421,0.8297442799461642,0.9219380888290714,0.434632992282051,0
colorado,joint_gradual,validation,normal,raw,1,1481,0.03391918511619912,0.05313112856656409,0.41188386225523294,0.6934503713706954,0.8487508440243079,0.2771100309981727,0
colorado,joint_gradual,validation,normal,raw,2,1481,0.046823018782308656,0.07929964927842992,0.3673193787981094,0.6691424713031735,0.812288993923025,0.3643245395096714,0
colorado,joint_gradual,validation,normal,raw,3,1482,0.055084952945101524,0.09673205612543422,0.3475033738191633,0.6524966261808367,0.8016194331983806,0.384302965524312,0
colorado,joint_gradual,validation,normal,raw,4,1486,0.059322529423035224,0.10645498745770246,0.3573351278600269,0.6534320323014805,0.7907133243606999,0.3950463565818039,0
colorado,joint_gradual,validation,normal,recency,1,1481,0.033514948619690066,0.05313112856656409,0.5158676569885212,0.8176907494935854,0.9189736664415935,0.2991905833177098,0
colorado,joint_gradual,validation,normal,recency,2,1481,0.04618806725975701,0.07929964927842992,0.5043889264010804,0.8143146522619852,0.9115462525320729,0.38803767564518943,0
colorado,joint_gradual,validation,normal,recency,3,1482,0.05407889993346482,0.09673205612543422,0.50944669365722,0.8171390013495277,0.917004048582996,0.41647718939610373,0
colorado,joint_gradual,validation,normal,recency,4,1486,0.058119222938397455,0.10645498745770246,0.5006729475100942,0.8095558546433378,0.9138627187079408,0.4316393882697139,0
colorado,joint_gradual,validation,normal,rolling,1,1481,0.033528914012851505,0.05313112856656409,0.5205941931127617,0.8230925050641459,0.9209993247805537,0.3000025122146174,0
colorado,joint_gradual,validation,normal,rolling,2,1481,0.04618648521106773,0.07929964927842992,0.5145172180958811,0.8251181634031061,0.9128966914247131,0.3890798231188399,0
colorado,joint_gradual,validation,normal,rolling,3,1482,0.05407370508668916,0.09673205612543422,0.5175438596491229,0.8245614035087719,0.9230769230769231,0.4187646958755891,0
colorado,joint_gradual,validation,normal,rolling,4,1486,0.058104664706582355,0.10645498745770246,0.5053835800807537,0.8176312247644684,0.9219380888290714,0.4337595049460879,0
colorado,joint_gradual,validation,outage,aci_bounded,1,160,0.08122221198466587,0.14966561892309416,0.48125,0.74375,0.84375,0.5573150986671511,22
colorado,joint_gradual,validation,outage,aci_bounded,2,160,0.07474905607353681,0.13866052678497073,0.5125,0.7625,0.85,0.4964497865164518,22
colorado,joint_gradual,validation,outage,aci_bounded,3,159,0.07281348861593819,0.13790019772853707,0.5220125786163522,0.779874213836478,0.8616352201257862,0.4943188381512376,22
colorado,joint_gradual,validation,outage,aci_bounded,4,155,0.07119699460344635,0.13489103518303222,0.5870967741935483,0.7935483870967742,0.864516129032258,0.4973748026877536,21
colorado,joint_gradual,validation,outage,mask50,1,160,0.08115880545988294,0.14966561892309416,0.475,0.74375,0.85,0.5556711371303134,22
colorado,joint_gradual,validation,outage,mask50,2,160,0.07460982329125053,0.13866052678497073,0.51875,0.75625,0.85,0.49487285410872683,22
colorado,joint_gradual,validation,outage,mask50,3,159,0.07265969793649456,0.13790019772853707,0.5220125786163522,0.779874213836478,0.8616352201257862,0.492226780361488,22
colorado,joint_gradual,validation,outage,mask50,4,155,0.07102671861737465,0.13489103518303222,0.5870967741935483,0.7935483870967742,0.8516129032258064,0.4966842657184594,21
colorado,joint_gradual,validation,outage,physical,1,160,0.08085066966891731,0.14966561892309416,0.48125,0.75,0.86875,0.5598358018800578,22
colorado,joint_gradual,validation,outage,physical,2,160,0.07430499993877622,0.13866052678497073,0.5,0.7625,0.88125,0.49848800284087647,22
colorado,joint_gradual,validation,outage,physical,3,159,0.07232738406761635,0.13790019772853707,0.5220125786163522,0.7861635220125787,0.8679245283018868,0.4960997685368873,22
colorado,joint_gradual,validation,outage,physical,4,155,0.07070286044650774,0.13489103518303222,0.5806451612903226,0.8193548387096774,0.8838709677419355,0.5008532676647195,21
colorado,joint_gradual,validation,outage,physical_recovery,1,160,0.08086658054065113,0.14966561892309416,0.475,0.76875,0.86875,0.5624959331719259,22
colorado,joint_gradual,validation,outage,physical_recovery,2,160,0.07428044538373754,0.13866052678497073,0.5,0.7625,0.88125,0.5023893008581274,22
colorado,joint_gradual,validation,outage,physical_recovery,3,159,0.07210204238454436,0.13790019772853707,0.5094339622641509,0.7924528301886793,0.8742138364779874,0.5008139072567513,22
colorado,joint_gradual,validation,outage,physical_recovery,4,155,0.07023230684172141,0.13489103518303222,0.5548387096774193,0.8,0.896774193548387,0.5044648326996708,21
colorado,joint_gradual,validation,outage,raw,1,160,0.08138479997204698,0.14966561892309416,0.43125,0.7,0.8,0.5306923975425695,22
colorado,joint_gradual,validation,outage,raw,2,160,0.0750397540651099,0.13866052678497073,0.41875,0.675,0.775,0.4677667372004575,22
colorado,joint_gradual,validation,outage,raw,3,159,0.0733262154333703,0.13790019772853707,0.4528301886792453,0.6792452830188679,0.7735849056603774,0.45494514165133493,22
colorado,joint_gradual,validation,outage,raw,4,155,0.07164918224167013,0.13489103518303222,0.45806451612903226,0.6774193548387096,0.7806451612903226,0.4550325860703534,21
colorado,joint_gradual,validation,outage,recency,1,160,0.08120694395016242,0.14966561892309416,0.475,0.74375,0.85,0.5540042362794089,22
colorado,joint_gradual,validation,outage,recency,2,160,0.07469630068245024,0.13866052678497073,0.5125,0.75,0.85,0.49517650748319353,22
colorado,joint_gradual,validation,outage,recency,3,159,0.07286305628156875,0.13790019772853707,0.5220125786163522,0.7735849056603774,0.8616352201257862,0.49196232679882773,22
colorado,joint_gradual,validation,outage,recency,4,155,0.07123783178096406,0.13489103518303222,0.5741935483870968,0.7935483870967742,0.864516129032258,0.4962565387928349,21
colorado,joint_gradual,validation,outage,rolling,1,160,0.08117297444369449,0.14966561892309416,0.475,0.74375,0.85,0.5566985687336206,22
colorado,joint_gradual,validation,outage,rolling,2,160,0.07466635192090598,0.13866052678497073,0.525,0.75625,0.85,0.49578941905977275,22
colorado,joint_gradual,validation,outage,rolling,3,159,0.07271583945038212,0.13790019772853707,0.5220125786163522,0.7924528301886793,0.8679245283018868,0.4937709167500603,22
colorado,joint_gradual,validation,outage,rolling,4,155,0.0710823575153786,0.13489103518303222,0.5935483870967742,0.7935483870967742,0.864516129032258,0.49780720696460934,21
colorado,joint_gradual,validation,recovery_0_6,aci_bounded,1,58,0.04001822417527174,0.06204873786621151,0.6206896551724138,0.8620689655172413,0.9310344827586207,0.30332952184486134,16
colorado,joint_gradual,validation,recovery_0_6,aci_bounded,2,54,0.04652362117854796,0.07609616497615163,0.7037037037037037,0.9074074074074074,0.9444444444444444,0.3622501132996778,15
colorado,joint_gradual,validation,recovery_0_6,aci_bounded,3,51,0.05030383003094407,0.07555214565346155,0.7254901960784313,0.9019607843137255,0.9215686274509803,0.3929734206681993,13
colorado,joint_gradual,validation,recovery_0_6,aci_bounded,4,51,0.05517936886618957,0.08177599270733525,0.7450980392156863,0.9019607843137255,0.9215686274509803,0.4084658476609734,13
colorado,joint_gradual,validation,recovery_0_6,mask50,1,58,0.04009094490476921,0.06204873786621151,0.5862068965517241,0.8620689655172413,0.9310344827586207,0.3015006938396649,16
colorado,joint_gradual,validation,recovery_0_6,mask50,2,54,0.046459557563505116,0.07609616497615163,0.7037037037037037,0.9074074074074074,0.9444444444444444,0.36174344264617214,15
colorado,joint_gradual,validation,recovery_0_6,mask50,3,51,0.05032721854937661,0.07555214565346155,0.7254901960784313,0.8823529411764706,0.9215686274509803,0.39197187058585814,13
colorado,joint_gradual,validation,recovery_0_6,mask50,4,51,0.05521737429589331,0.08177599270733525,0.7254901960784313,0.9019607843137255,0.9215686274509803,0.40829410791614856,13
colorado,joint_gradual,validation,recovery_0_6,physical,1,58,0.04019074564570847,0.06204873786621151,0.5862068965517241,0.8620689655172413,0.9310344827586207,0.30342282058996534,16
colorado,joint_gradual,validation,recovery_0_6,physical,2,54,0.046732068773415666,0.07609616497615163,0.7037037037037037,0.9074074074074074,0.9444444444444444,0.3658974301586582,15
colorado,joint_gradual,validation,recovery_0_6,physical,3,51,0.050937469756315745,0.07555214565346155,0.7254901960784313,0.9215686274509803,0.9215686274509803,0.39506527763328453,13
colorado,joint_gradual,validation,recovery_0_6,physical,4,51,0.055850321943506684,0.08177599270733525,0.7254901960784313,0.9215686274509803,0.9215686274509803,0.41194457113747546,13
colorado,joint_gradual,validation,recovery_0_6,physical_recovery,1,58,0.040146461542324895,0.06204873786621151,0.603448275862069,0.8448275862068966,0.9310344827586207,0.30412783488853445,16
colorado,joint_gradual,validation,recovery_0_6,physical_recovery,2,54,0.04671733164252631,0.07609616497615163,0.7037037037037037,0.8888888888888888,0.9444444444444444,0.36435380555987357,15
colorado,joint_gradual,validation,recovery_0_6,physical_recovery,3,51,0.05084871862337879,0.07555214565346155,0.7254901960784313,0.9215686274509803,0.9215686274509803,0.3935860052647657,13
colorado,joint_gradual,validation,recovery_0_6,physical_recovery,4,51,0.05565158242370221,0.08177599270733525,0.7058823529411765,0.9019607843137255,0.9019607843137255,0.4115746146027223,13
colorado,joint_gradual,validation,recovery_0_6,raw,1,58,0.04022140188743806,0.06204873786621151,0.4482758620689655,0.7068965517241379,0.8793103448275862,0.271516803897076,16
colorado,joint_gradual,validation,recovery_0_6,raw,2,54,0.04568682953818132,0.07609616497615163,0.5740740740740741,0.8333333333333334,0.8888888888888888,0.3361095466314942,15
colorado,joint_gradual,validation,recovery_0_6,raw,3,51,0.04946531549138424,0.07555214565346155,0.5490196078431373,0.7647058823529411,0.8431372549019608,0.36220784697654174,13
colorado,joint_gradual,validation,recovery_0_6,raw,4,51,0.05393317183665266,0.08177599270733525,0.5294117647058824,0.803921568627451,0.8431372549019608,0.3772146356248472,13
colorado,joint_gradual,validation,recovery_0_6,recency,1,58,0.040032225057891176,0.06204873786621151,0.5862068965517241,0.8620689655172413,0.9310344827586207,0.3015133951003062,16
colorado,joint_gradual,validation,recovery_0_6,recency,2,54,0.04643678664651735,0.07609616497615163,0.7037037037037037,0.9074074074074074,0.9444444444444444,0.36378650660066375,15
colorado,joint_gradual,validation,recovery_0_6,recency,3,51,0.05030048943060806,0.07555214565346155,0.7254901960784313,0.8823529411764706,0.9215686274509803,0.39298691909893185,13
colorado,joint_gradual,validation,recovery_0_6,recency,4,51,0.05525648146945752,0.08177599270733525,0.7450980392156863,0.9019607843137255,0.9215686274509803,0.40928408439423664,13
colorado,joint_gradual,validation,recovery_0_6,rolling,1,58,0.04008071093633002,0.06204873786621151,0.6206896551724138,0.8620689655172413,0.9310344827586207,0.30065873400388476,16
colorado,joint_gradual,validation,recovery_0_6,rolling,2,54,0.04642448269160996,0.07609616497615163,0.7037037037037037,0.9074074074074074,0.9444444444444444,0.3617495029045397,15
colorado,joint_gradual,validation,recovery_0_6,rolling,3,51,0.05022257534990243,0.07555214565346155,0.7254901960784313,0.8823529411764706,0.9215686274509803,0.3930674366788038,13
colorado,joint_gradual,validation,recovery_0_6,rolling,4,51,0.05516188194941998,0.08177599270733525,0.7450980392156863,0.9019607843137255,0.9215686274509803,0.4100654513449724,13
colorado,joint_gradual,validation,recovery_6_24,aci_bounded,1,222,0.041959392717963256,0.06765130286442497,0.4954954954954955,0.7972972972972973,0.8738738738738738,0.30672491103137306,22
colorado,joint_gradual,validation,recovery_6_24,aci_bounded,2,226,0.051007443874219634,0.08295775879850617,0.5353982300884956,0.8097345132743363,0.8982300884955752,0.4015791771892801,22
colorado,joint_gradual,validation,recovery_6_24,aci_bounded,3,229,0.055550509291737965,0.09086167597933535,0.5720524017467249,0.8384279475982532,0.9126637554585153,0.4359030841578329,22
colorado,joint_gradual,validation,recovery_6_24,aci_bounded,4,229,0.060578937051092706,0.1041253243734976,0.5414847161572053,0.8646288209606987,0.9126637554585153,0.44841463592954806,22
colorado,joint_gradual,validation,recovery_6_24,mask50,1,222,0.04192295936032315,0.06765130286442497,0.481981981981982,0.7882882882882883,0.8693693693693694,0.30352551395196775,22
colorado,joint_gradual,validation,recovery_6_24,mask50,2,226,0.05097766404648047,0.08295775879850617,0.5309734513274337,0.8097345132743363,0.8938053097345132,0.39975132894138377,22
colorado,joint_gradual,validation,recovery_6_24,mask50,3,229,0.05551388679262065,0.09086167597933535,0.5633187772925764,0.8384279475982532,0.9082969432314411,0.43361476548354194,22
colorado,joint_gradual,validation,recovery_6_24,mask50,4,229,0.06057083826776611,0.1041253243734976,0.5458515283842795,0.8427947598253275,0.9082969432314411,0.4467317248585319,22
colorado,joint_gradual,validation,recovery_6_24,physical,1,222,0.041723270195210875,0.06765130286442497,0.4864864864864865,0.7927927927927928,0.8918918918918919,0.30741265675953566,22
colorado,joint_gradual,validation,recovery_6_24,physical,2,226,0.050883277117834746,0.08295775879850617,0.5575221238938053,0.8141592920353983,0.8938053097345132,0.4037023760780981,22
colorado,joint_gradual,validation,recovery_6_24,physical,3,229,0.05532847448133295,0.09086167597933535,0.5807860262008734,0.8427947598253275,0.9126637554585153,0.4358937982897413,22
colorado,joint_gradual,validation,recovery_6_24,physical,4,229,0.06033846829303302,0.1041253243734976,0.5414847161572053,0.8646288209606987,0.9213973799126638,0.45034021819865117,22
colorado,joint_gradual,validation,recovery_6_24,physical_recovery,1,222,0.04168298256491456,0.06765130286442497,0.4864864864864865,0.7882882882882883,0.8963963963963963,0.30806216977620926,22
colorado,joint_gradual,validation,recovery_6_24,physical_recovery,2,226,0.0508779404311092,0.08295775879850617,0.5309734513274337,0.8097345132743363,0.8893805309734514,0.4054597933123854,22
colorado,joint_gradual,validation,recovery_6_24,physical_recovery,3,229,0.055367348006223026,0.09086167597933535,0.5633187772925764,0.8471615720524017,0.9126637554585153,0.4380046300785752,22
colorado,joint_gradual,validation,recovery_6_24,physical_recovery,4,229,0.06044078955510647,0.1041253243734976,0.5502183406113537,0.868995633187773,0.9170305676855895,0.45225969208825056,22
colorado,joint_gradual,validation,recovery_6_24,raw,1,222,0.04204697260308708,0.06765130286442497,0.4099099099099099,0.7072072072072072,0.8288288288288288,0.2836446847445614,22
colorado,joint_gradual,validation,recovery_6_24,raw,2,226,0.05120890366599069,0.08295775879850617,0.40707964601769914,0.7168141592920354,0.8495575221238938,0.37723212674796497,22
colorado,joint_gradual,validation,recovery_6_24,raw,3,229,0.05562754955433724,0.09086167597933535,0.4104803493449782,0.7117903930131004,0.8777292576419214,0.401280124611446,22
colorado,joint_gradual,validation,recovery_6_24,raw,4,229,0.060961481010045275,0.1041253243734976,0.4104803493449782,0.6855895196506551,0.8471615720524017,0.40985834442642827,22
colorado,joint_gradual,validation,recovery_6_24,recency,1,222,0.0419673658426693,0.06765130286442497,0.4954954954954955,0.7927927927927928,0.8828828828828829,0.3056007528344413,22
colorado,joint_gradual,validation,recovery_6_24,recency,2,226,0.05101429842552797,0.08295775879850617,0.5442477876106194,0.8053097345132744,0.9026548672566371,0.40059018258969875,22
colorado,joint_gradual,validation,recovery_6_24,recency,3,229,0.05550091912404526,0.09086167597933535,0.5720524017467249,0.8471615720524017,0.9126637554585153,0.43395523321195545,22
colorado,joint_gradual,validation,recovery_6_24,recency,4,229,0.06059699913441504,0.1041253243734976,0.5414847161572053,0.8427947598253275,0.9082969432314411,0.44749723670937014,22
colorado,joint_gradual,validation,recovery_6_24,rolling,1,222,0.04189751682155899,0.06765130286442497,0.49099099099099097,0.8018018018018018,0.8783783783783784,0.3055688632589498,22
colorado,joint_gradual,validation,recovery_6_24,rolling,2,226,0.05097884739127976,0.08295775879850617,0.5530973451327433,0.8053097345132744,0.8982300884955752,0.40173077517452266,22
colorado,joint_gradual,validation,recovery_6_24,rolling,3,229,0.0555060861294062,0.09086167597933535,0.5764192139737991,0.8384279475982532,0.9170305676855895,0.4359492832287065,22
colorado,joint_gradual,validation,recovery_6_24,rolling,4,229,0.06056080500226248,0.1041253243734976,0.5458515283842795,0.8602620087336245,0.9126637554585153,0.44943276854867603,22
colorado,joint_gradual,warmup,normal,aci_bounded,1,245,0.03767996395304842,0.05793635909979959,0.4489795918367347,0.763265306122449,0.8816326530612245,0.3292055700025497,0
colorado,joint_gradual,warmup,normal,aci_bounded,2,244,0.05243972136351609,0.08914687114118175,0.4672131147540984,0.7581967213114754,0.8934426229508197,0.46354185341908033,0
colorado,joint_gradual,warmup,normal,aci_bounded,3,244,0.06253121352914406,0.10674427370676128,0.44672131147540983,0.7336065573770492,0.8770491803278688,0.5148781741253711,0
colorado,joint_gradual,warmup,normal,aci_bounded,4,244,0.06891644159024081,0.12191157829338709,0.4426229508196721,0.75,0.8811475409836066,0.5385590983804112,0
colorado,joint_gradual,warmup,normal,mask50,1,245,0.03766157132523753,0.05793635909979959,0.45714285714285713,0.7714285714285715,0.889795918367347,0.3322604334198373,0
colorado,joint_gradual,warmup,normal,mask50,2,244,0.05244947545582803,0.08914687114118175,0.47950819672131145,0.7704918032786885,0.9057377049180327,0.4664290767229094,0
colorado,joint_gradual,warmup,normal,mask50,3,244,0.062499019400592215,0.10674427370676128,0.45901639344262296,0.7459016393442623,0.8852459016393442,0.5185204834477674,0
colorado,joint_gradual,warmup,normal,mask50,4,244,0.06894943882809079,0.12191157829338709,0.4426229508196721,0.7622950819672131,0.8811475409836066,0.5403232096855269,0
colorado,joint_gradual,warmup,normal,physical,1,245,0.037631433521726036,0.05793635909979959,0.46122448979591835,0.7755102040816326,0.8979591836734694,0.33452845488169475,0
colorado,joint_gradual,warmup,normal,physical,2,244,0.0522703226515425,0.08914687114118175,0.4918032786885246,0.7663934426229508,0.9057377049180327,0.46825723430916383,0
colorado,joint_gradual,warmup,normal,physical,3,244,0.062245824110496666,0.10674427370676128,0.4344262295081967,0.7745901639344263,0.8770491803278688,0.5182890234942942,0
colorado,joint_gradual,warmup,normal,physical,4,244,0.06860705031854308,0.12191157829338709,0.45081967213114754,0.7622950819672131,0.8934426229508197,0.5398206266368533,0
colorado,joint_gradual,warmup,normal,physical_recovery,1,245,0.037632855930827123,0.05793635909979959,0.46938775510204084,0.7836734693877551,0.8979591836734694,0.3372053340149284,0
colorado,joint_gradual,warmup,normal,physical_recovery,2,244,0.05228945675501215,0.08914687114118175,0.48770491803278687,0.7786885245901639,0.9139344262295082,0.4708364711232135,0
colorado,joint_gradual,warmup,normal,physical_recovery,3,244,0.06227835134038449,0.10674427370676128,0.4426229508196721,0.7622950819672131,0.8770491803278688,0.5216607456223425,0
colorado,joint_gradual,warmup,normal,physical_recovery,4,244,0.06869266658121413,0.12191157829338709,0.45491803278688525,0.7704918032786885,0.8770491803278688,0.541422728657246,0
colorado,joint_gradual,warmup,normal,raw,1,245,0.03825817470685066,0.05793635909979959,0.3877551020408163,0.6285714285714286,0.7959183673469388,0.31013076997354744,0
colorado,joint_gradual,warmup,normal,raw,2,244,0.05298327117977948,0.08914687114118175,0.3319672131147541,0.6311475409836066,0.8278688524590164,0.4536325188705587,0
colorado,joint_gradual,warmup,normal,raw,3,244,0.06337158270751868,0.10674427370676128,0.3237704918032787,0.610655737704918,0.7663934426229508,0.4863050632884291,0
colorado,joint_gradual,warmup,normal,raw,4,244,0.07006413759832332,0.12191157829338709,0.319672131147541,0.5942622950819673,0.7254098360655737,0.49894980631719105,0
colorado,joint_gradual,warmup,normal,recency,1,245,0.03764361998935361,0.05793635909979959,0.45714285714285713,0.7755102040816326,0.8857142857142857,0.33056744463962723,0
colorado,joint_gradual,warmup,normal,recency,2,244,0.052442174235105415,0.08914687114118175,0.47540983606557374,0.7663934426229508,0.8975409836065574,0.46488312198485976,0
colorado,joint_gradual,warmup,normal,recency,3,244,0.06248620715790081,0.10674427370676128,0.45491803278688525,0.7295081967213115,0.8811475409836066,0.5170568053405485,0
colorado,joint_gradual,warmup,normal,recency,4,244,0.06894306156649412,0.12191157829338709,0.4385245901639344,0.7459016393442623,0.8811475409836066,0.5376609761670957,0
colorado,joint_gradual,warmup,normal,rolling,1,245,0.037718009408431646,0.05793635909979959,0.43673469387755104,0.7551020408163265,0.8816326530612245,0.3281387281375507,0
colorado,joint_gradual,warmup,normal,rolling,2,244,0.052446305047962404,0.08914687114118175,0.45901639344262296,0.7540983606557377,0.8934426229508197,0.463202851092986,0
colorado,joint_gradual,warmup,normal,rolling,3,244,0.06253865709055544,0.10674427370676128,0.4344262295081967,0.7254098360655737,0.8770491803278688,0.5112437850029834,0
colorado,joint_gradual,warmup,normal,rolling,4,244,0.06893309958528686,0.12191157829338709,0.4344262295081967,0.7418032786885246,0.8811475409836066,0.5366144044797204,0
colorado,joint_gradual,warmup,outage,aci_bounded,1,25,0.0861742874916702,0.1852418824600051,0.56,0.8,0.96,0.6488137246683573,3
colorado,joint_gradual,warmup,outage,aci_bounded,2,26,0.07909243315882519,0.16973062907944225,0.5,0.7692307692307693,1.0,0.5881643234509119,3
colorado,joint_gradual,warmup,outage,aci_bounded,3,26,0.07154706320843301,0.1506004694739556,0.4230769230769231,0.8461538461538461,0.9615384615384616,0.553894150811694,3
colorado,joint_gradual,warmup,outage,aci_bounded,4,26,0.0713885971912083,0.14938307332825418,0.5384615384615384,0.8846153846153846,1.0,0.5528271116839136,4
colorado,joint_gradual,warmup,outage,mask50,1,25,0.08616882366391299,0.1852418824600051,0.56,0.8,0.96,0.6487870900649554,3
colorado,joint_gradual,warmup,outage,mask50,2,26,0.07912122082286091,0.16973062907944225,0.5,0.7692307692307693,1.0,0.589373309273304,3
colorado,joint_gradual,warmup,outage,mask50,3,26,0.07153787904208941,0.1506004694739556,0.46153846153846156,0.8461538461538461,0.9615384615384616,0.5555989527501753,3
colorado,joint_gradual,warmup,outage,mask50,4,26,0.07144981183135646,0.14938307332825418,0.5384615384615384,0.8846153846153846,1.0,0.5544377785980227,4
colorado,joint_gradual,warmup,outage,physical,1,25,0.08629014620068572,0.1852418824600051,0.56,0.8,0.96,0.6491568743233113,3
colorado,joint_gradual,warmup,outage,physical,2,26,0.07942295581211366,0.16973062907944225,0.5,0.8076923076923077,0.9615384615384616,0.5878023022531678,3
colorado,joint_gradual,warmup,outage,physical,3,26,0.07200356746290791,0.1506004694739556,0.46153846153846156,0.8461538461538461,0.9230769230769231,0.5520409529409233,3
colorado,joint_gradual,warmup,outage,physical,4,26,0.07164908801481568,0.14938307332825418,0.5769230769230769,0.8461538461538461,1.0,0.551426753511146,4
colorado,joint_gradual,warmup,outage,physical_recovery,1,25,0.08626582134479813,0.1852418824600051,0.56,0.8,0.92,0.6486545955723622,3
colorado,joint_gradual,warmup,outage,physical_recovery,2,26,0.07942095779362544,0.16973062907944225,0.5,0.8076923076923077,0.9615384615384616,0.5865722319194137,3
colorado,joint_gradual,warmup,outage,physical_recovery,3,26,0.07192038774382295,0.1506004694739556,0.46153846153846156,0.8076923076923077,0.9230769230769231,0.5508696693325029,3
colorado,joint_gradual,warmup,outage,physical_recovery,4,26,0.0715493592419357,0.14938307332825418,0.5769230769230769,0.8461538461538461,1.0,0.5486467060065482,4
colorado,joint_gradual,warmup,outage,raw,1,25,0.08605310655722728,0.1852418824600051,0.56,0.72,0.88,0.6304546835490786,3
colorado,joint_gradual,warmup,outage,raw,2,26,0.07895711503489487,0.16973062907944225,0.4230769230769231,0.6923076923076923,0.9230769230769231,0.5761803706378751,3
colorado,joint_gradual,warmup,outage,raw,3,26,0.07154223945775191,0.1506004694739556,0.34615384615384615,0.7307692307692307,0.8461538461538461,0.5256877036548797,3
colorado,joint_gradual,warmup,outage,raw,4,26,0.07084267099745477,0.14938307332825418,0.38461538461538464,0.7692307692307693,0.9230769230769231,0.5053960708359647,4
colorado,joint_gradual,warmup,outage,recency,1,25,0.08619936057785935,0.1852418824600051,0.56,0.8,0.96,0.6491051062386946,3
colorado,joint_gradual,warmup,outage,recency,2,26,0.07914887090864817,0.16973062907944225,0.5,0.7692307692307693,1.0,0.5900080867067694,3
colorado,joint_gradual,warmup,outage,recency,3,26,0.0715874499642364,0.1506004694739556,0.46153846153846156,0.8461538461538461,0.9615384615384616,0.5558628247082937,3
colorado,joint_gradual,warmup,outage,recency,4,26,0.07151617409759832,0.14938307332825418,0.5769230769230769,0.8846153846153846,1.0,0.5551521387521047,4
colorado,joint_gradual,warmup,outage,rolling,1,25,0.08614129063026515,0.1852418824600051,0.56,0.8,0.96,0.6462509590636816,3
colorado,joint_gradual,warmup,outage,rolling,2,26,0.07907354775715919,0.16973062907944225,0.5,0.7692307692307693,1.0,0.5872789397738716,3
colorado,joint_gradual,warmup,outage,rolling,3,26,0.07149845309935053,0.1506004694739556,0.4230769230769231,0.8461538461538461,0.9615384615384616,0.5480738646288456,3
colorado,joint_gradual,warmup,outage,rolling,4,26,0.07127875830990248,0.14938307332825418,0.5384615384615384,0.8846153846153846,1.0,0.5489686416670617,4
colorado,joint_gradual,warmup,recovery_0_6,aci_bounded,1,7,0.0305749759097265,0.06178825455621081,0.2857142857142857,0.8571428571428571,1.0,0.2791808276772874,3
colorado,joint_gradual,warmup,recovery_0_6,aci_bounded,2,6,0.05541767541083864,0.11628621737290318,0.6666666666666666,1.0,1.0,0.4256453649236347,2
colorado,joint_gradual,warmup,recovery_0_6,aci_bounded,3,6,0.06457223819637598,0.12250160225398647,0.8333333333333334,1.0,1.0,0.6064361866523317,1
colorado,joint_gradual,warmup,recovery_0_6,aci_bounded,4,6,0.07680480126191475,0.09921472834911216,0.8333333333333334,1.0,1.0,0.7117452637339352,1
colorado,joint_gradual,warmup,recovery_0_6,mask50,1,7,0.030832838941388222,0.06178825455621081,0.2857142857142857,0.8571428571428571,1.0,0.2821950072809772,3
colorado,joint_gradual,warmup,recovery_0_6,mask50,2,6,0.055861573916384376,0.11628621737290318,0.6666666666666666,1.0,1.0,0.42894740857387514,2
colorado,joint_gradual,warmup,recovery_0_6,mask50,3,6,0.06539402522305138,0.12250160225398647,0.8333333333333334,1.0,1.0,0.6094470996706607,1
colorado,joint_gradual,warmup,recovery_0_6,mask50,4,6,0.07727887197785573,0.09921472834911216,0.8333333333333334,1.0,1.0,0.7164622274466875,1
colorado,joint_gradual,warmup,recovery_0_6,physical,1,7,0.030793452769203467,0.06178825455621081,0.2857142857142857,0.8571428571428571,1.0,0.2837688097225657,3
colorado,joint_gradual,warmup,recovery_0_6,physical,2,6,0.05517028073122391,0.11628621737290318,0.6666666666666666,1.0,1.0,0.42591609842387806,2
colorado,joint_gradual,warmup,recovery_0_6,physical,3,6,0.06523012292416709,0.12250160225398647,0.8333333333333334,1.0,1.0,0.6002776596518283,1
colorado,joint_gradual,warmup,recovery_0_6,physical,4,6,0.07744647637234978,0.09921472834911216,0.8333333333333334,1.0,1.0,0.7147931149230021,1
colorado,joint_gradual,warmup,recovery_0_6,physical_recovery,1,7,0.03073746603547913,0.06178825455621081,0.2857142857142857,0.8571428571428571,1.0,0.2802009186518904,3
colorado,joint_gradual,warmup,recovery_0_6,physical_recovery,2,6,0.05511865981055077,0.11628621737290318,0.5,1.0,1.0,0.42525695089942356,2
colorado,joint_gradual,warmup,recovery_0_6,physical_recovery,3,6,0.06509353473767747,0.12250160225398647,0.8333333333333334,1.0,1.0,0.5974075949689687,1
colorado,joint_gradual,warmup,recovery_0_6,physical_recovery,4,6,0.07733909487810817,0.09921472834911216,0.8333333333333334,1.0,1.0,0.7136026464288047,1
colorado,joint_gradual,warmup,recovery_0_6,raw,1,7,0.029861490713721378,0.06178825455621081,0.2857142857142857,0.8571428571428571,1.0,0.25548965812987423,3
colorado,joint_gradual,warmup,recovery_0_6,raw,2,6,0.05468652408988355,0.11628621737290318,0.5,1.0,1.0,0.4121510622672142,2
colorado,joint_gradual,warmup,recovery_0_6,raw,3,6,0.06186938242755043,0.12250160225398647,0.6666666666666666,1.0,1.0,0.5584844553477862,1
colorado,joint_gradual,warmup,recovery_0_6,raw,4,6,0.07301662432185209,0.09921472834911216,0.8333333333333334,1.0,1.0,0.6627435579735469,1
colorado,joint_gradual,warmup,recovery_0_6,recency,1,7,0.030771357540296685,0.06178825455621081,0.2857142857142857,0.8571428571428571,1.0,0.28024172566403754,3
colorado,joint_gradual,warmup,recovery_0_6,recency,2,6,0.0557772816702187,0.11628621737290318,0.6666666666666666,1.0,1.0,0.42740456422367146,2
colorado,joint_gradual,warmup,recovery_0_6,recency,3,6,0.06510097966722224,0.12250160225398647,0.8333333333333334,1.0,1.0,0.6075939350383927,1
colorado,joint_gradual,warmup,recovery_0_6,recency,4,6,0.07700569247005946,0.09921472834911216,0.8333333333333334,1.0,1.0,0.7119222818645747,1
colorado,joint_gradual,warmup,recovery_0_6,rolling,1,7,0.03046430420902561,0.06178825455621081,0.2857142857142857,0.8571428571428571,1.0,0.2776737955261908,3
colorado,joint_gradual,warmup,recovery_0_6,rolling,2,6,0.05528102468423418,0.11628621737290318,0.6666666666666666,1.0,1.0,0.4245423668611643,2
colorado,joint_gradual,warmup,recovery_0_6,rolling,3,6,0.06424494798452844,0.12250160225398647,0.8333333333333334,1.0,1.0,0.5994827209539012,1
colorado,joint_gradual,warmup,recovery_0_6,rolling,4,6,0.07646401184389677,0.09921472834911216,0.8333333333333334,1.0,1.0,0.7094978041853551,1
colorado,joint_gradual,warmup,recovery_6_24,aci_bounded,1,33,0.05717014483193184,0.09330235682279212,0.36363636363636365,0.6363636363636364,0.696969696969697,0.3630256189195877,4
colorado,joint_gradual,warmup,recovery_6_24,aci_bounded,2,34,0.0722522665683873,0.12703667616445444,0.4117647058823529,0.7647058823529411,0.8529411764705882,0.4744573239808298,4
colorado,joint_gradual,warmup,recovery_6_24,aci_bounded,3,34,0.08119919173734427,0.14814081393252773,0.47058823529411764,0.7647058823529411,0.8235294117647058,0.5026223982854857,4
colorado,joint_gradual,warmup,recovery_6_24,aci_bounded,4,34,0.0925626396769953,0.19164481702940747,0.38235294117647056,0.7352941176470589,0.8529411764705882,0.515336841830768,4
colorado,joint_gradual,warmup,recovery_6_24,mask50,1,33,0.057048606637591454,0.09330235682279212,0.36363636363636365,0.6363636363636364,0.696969696969697,0.3655477248610697,4
colorado,joint_gradual,warmup,recovery_6_24,mask50,2,34,0.07211543239709255,0.12703667616445444,0.38235294117647056,0.7647058823529411,0.8529411764705882,0.4774250609835195,4
colorado,joint_gradual,warmup,recovery_6_24,mask50,3,34,0.08081873857802829,0.14814081393252773,0.5294117647058824,0.7941176470588235,0.8529411764705882,0.5068964887685626,4
colorado,joint_gradual,warmup,recovery_6_24,mask50,4,34,0.09197411962012887,0.19164481702940747,0.38235294117647056,0.7058823529411765,0.8529411764705882,0.5186497641337903,4
colorado,joint_gradual,warmup,recovery_6_24,physical,1,33,0.056994206337455694,0.09330235682279212,0.36363636363636365,0.6060606060606061,0.7272727272727273,0.3702267837412832,4
colorado,joint_gradual,warmup,recovery_6_24,physical,2,34,0.07167368220788563,0.12703667616445444,0.4117647058823529,0.7941176470588235,0.8529411764705882,0.4801217017513417,4
colorado,joint_gradual,warmup,recovery_6_24,physical,3,34,0.08038019963177553,0.14814081393252773,0.47058823529411764,0.7647058823529411,0.8529411764705882,0.5076945312198322,4
colorado,joint_gradual,warmup,recovery_6_24,physical,4,34,0.09172668104164483,0.19164481702940747,0.38235294117647056,0.6470588235294118,0.8529411764705882,0.5185818267637071,4
colorado,joint_gradual,warmup,recovery_6_24,physical_recovery,1,33,0.056848519454572394,0.09330235682279212,0.36363636363636365,0.6363636363636364,0.7272727272727273,0.37224270044174274,4
colorado,joint_gradual,warmup,recovery_6_24,physical_recovery,2,34,0.07141771453649257,0.12703667616445444,0.38235294117647056,0.7941176470588235,0.8823529411764706,0.4812765249647324,4
colorado,joint_gradual,warmup,recovery_6_24,physical_recovery,3,34,0.07999446252276732,0.14814081393252773,0.47058823529411764,0.8235294117647058,0.8529411764705882,0.5097723545828313,4
colorado,joint_gradual,warmup,recovery_6_24,physical_recovery,4,34,0.09131851627085595,0.19164481702940747,0.38235294117647056,0.6764705882352942,0.8823529411764706,0.5205537210881654,4
colorado,joint_gradual,warmup,recovery_6_24,raw,1,33,0.05815267957517433,0.09330235682279212,0.2727272727272727,0.5151515151515151,0.6666666666666666,0.3449756975035104,4
colorado,joint_gradual,warmup,recovery_6_24,raw,2,34,0.07310246856804384,0.12703667616445444,0.2647058823529412,0.6764705882352942,0.7647058823529411,0.4631334818497256,4
colorado,joint_gradual,warmup,recovery_6_24,raw,3,34,0.08286343882392315,0.14814081393252773,0.29411764705882354,0.6176470588235294,0.7941176470588235,0.47648187089808486,4
colorado,joint_gradual,warmup,recovery_6_24,raw,4,34,0.09507443965193807,0.19164481702940747,0.3235294117647059,0.5294117647058824,0.6764705882352942,0.47072632273197595,4
colorado,joint_gradual,warmup,recovery_6_24,recency,1,33,0.05707982004383836,0.09330235682279212,0.36363636363636365,0.6363636363636364,0.696969696969697,0.3638079483340342,4
colorado,joint_gradual,warmup,recovery_6_24,recency,2,34,0.07222816593412167,0.12703667616445444,0.38235294117647056,0.7647058823529411,0.8529411764705882,0.47595937074574374,4
colorado,joint_gradual,warmup,recovery_6_24,recency,3,34,0.08084028079799095,0.14814081393252773,0.5294117647058824,0.7647058823529411,0.7941176470588235,0.504494350291144,4
colorado,joint_gradual,warmup,recovery_6_24,recency,4,34,0.0922515986608517,0.19164481702940747,0.38235294117647056,0.7352941176470589,0.8529411764705882,0.5139415835361621,4
colorado,joint_gradual,warmup,recovery_6_24,rolling,1,33,0.05730293188928837,0.09330235682279212,0.36363636363636365,0.6060606060606061,0.696969696969697,0.3613987357402941,4
colorado,joint_gradual,warmup,recovery_6_24,rolling,2,34,0.07229764362126506,0.12703667616445444,0.38235294117647056,0.7647058823529411,0.8529411764705882,0.4742800402674392,4
colorado,joint_gradual,warmup,recovery_6_24,rolling,3,34,0.08136963035235446,0.14814081393252773,0.47058823529411764,0.7647058823529411,0.8235294117647058,0.4991228006714626,4
colorado,joint_gradual,warmup,recovery_6_24,rolling,4,34,0.0926799599956291,0.19164481702940747,0.38235294117647056,0.7058823529411765,0.8529411764705882,0.5134754639396721,4
