site,scenario,period,method,horizon,n,nwis,nmae,coverage50,coverage80,coverage90,nwidth90,events
colorado,clean,development_evaluation,geometric_persistence,1,2182,0.04778834267083826,0.07208190811044123,0.5453712190650779,0.8386801099908341,0.9307974335472043,0.4301452391847919,0
colorado,clean,development_evaluation,geometric_persistence,2,2181,0.07239525746440242,0.11940749428246314,0.520861989912884,0.823016964695094,0.9316827143512151,0.5733941647237127,0
colorado,clean,development_evaluation,geometric_persistence,3,2180,0.09184972011579955,0.1621507940312438,0.5064220183486239,0.8169724770642202,0.9261467889908257,0.6675512796366683,0
colorado,clean,development_evaluation,geometric_persistence,4,2180,0.10624850090018774,0.19699510601261935,0.5022935779816514,0.813302752293578,0.921559633027523,0.7306187221749114,0
colorado,clean,development_evaluation,multiple_imputation_compact,1,2182,0.04180873662970785,0.0640403723338213,0.6228230980751605,0.8148487626031164,0.8735105407882676,0.24803061153655157,0
colorado,clean,development_evaluation,multiple_imputation_compact,2,2181,0.05937579408875164,0.09219786539543061,0.5570839064649243,0.7409445208619899,0.8188904172397983,0.30013878829770235,0
colorado,clean,development_evaluation,multiple_imputation_compact,3,2180,0.07205997301672994,0.11001662911255936,0.5261467889908257,0.7165137614678899,0.7926605504587156,0.3268268438981629,0
colorado,clean,development_evaluation,multiple_imputation_compact,4,2180,0.07669220390666426,0.11715278172259805,0.5155963302752293,0.7160550458715597,0.7926605504587156,0.3421530162695934,0
colorado,clean,development_evaluation,multiple_imputation_flexible,1,2182,0.04482062588179302,0.06412103646103703,0.4844179651695692,0.6677360219981668,0.7465627864344638,0.1538149163703923,0
colorado,clean,development_evaluation,multiple_imputation_flexible,2,2181,0.06425033155384943,0.08998314531495169,0.42274186153140764,0.5905547913801009,0.671251719394773,0.1793365967729972,0
colorado,clean,development_evaluation,multiple_imputation_flexible,3,2180,0.08120369355916333,0.11076451493804142,0.3885321100917431,0.5573394495412844,0.6334862385321101,0.19533858330708445,0
colorado,clean,development_evaluation,multiple_imputation_flexible,4,2180,0.08600735508619814,0.11720641181020305,0.37110091743119267,0.5490825688073394,0.6192660550458715,0.2009865399176025,0
colorado,clean,development_evaluation,persistence,1,2182,0.06720207802945714,0.12133002101225855,0.5013748854262144,0.8230980751604033,0.9307974335472043,0.50363407027173,0
colorado,clean,development_evaluation,persistence,2,2181,0.10315657099688376,0.20378259196575982,0.4896836313617607,0.8175149014213663,0.9234296194406235,0.6694350582264516,0
colorado,clean,development_evaluation,persistence,3,2180,0.12676617257416262,0.2596870560506325,0.4706422018348624,0.8165137614678899,0.9229357798165138,0.7829534878088701,0
colorado,clean,development_evaluation,persistence,4,2180,0.1406563117088671,0.2912266502307114,0.48027522935779815,0.8004587155963303,0.9128440366972477,0.8349949441034666,0
colorado,clean,development_evaluation,quantile_compact,1,2182,0.03730938727688052,0.06132599419385223,0.4427131072410632,0.7158570119156737,0.8492208982584785,0.3231191279193304,0
colorado,clean,development_evaluation,quantile_compact,2,2181,0.05167401797962554,0.08833252220363849,0.4176983035304906,0.7116001834021092,0.8353966070609812,0.41746810207203355,0
colorado,clean,development_evaluation,quantile_compact,3,2180,0.06005232287294315,0.11076935097001536,0.4091743119266055,0.6977064220183486,0.8394495412844036,0.43387323056215354,0
colorado,clean,development_evaluation,quantile_compact,4,2180,0.06248351655106665,0.11714215330522483,0.4206422018348624,0.7110091743119266,0.8357798165137614,0.4390060995416664,0
colorado,clean,development_evaluation,quantile_flexible,1,2182,0.037884180516567764,0.06327727028030243,0.38130155820348305,0.6704857928505957,0.810724106324473,0.2855415419916364,0
colorado,clean,development_evaluation,quantile_flexible,2,2181,0.05121732502570564,0.08947233216974493,0.3869784502521779,0.6552040348464008,0.8074277854195323,0.381075129628494,0
colorado,clean,development_evaluation,quantile_flexible,3,2180,0.05963517934710085,0.10723051388699752,0.381651376146789,0.6509174311926605,0.7944954128440367,0.3903877872218645,0
colorado,clean,development_evaluation,quantile_flexible,4,2180,0.062398119591545766,0.11583774251860435,0.3573394495412844,0.6454128440366973,0.7876146788990825,0.3971582901837354,0
colorado,clean,development_evaluation,single_imputation_compact,1,2182,0.04177942339852235,0.06398631219788194,0.6223648029330889,0.8148487626031164,0.8735105407882676,0.24789376903558963,0
colorado,clean,development_evaluation,single_imputation_compact,2,2181,0.05936680893544314,0.0921718139564554,0.5570839064649243,0.7409445208619899,0.8188904172397983,0.3000994830098163,0
colorado,clean,development_evaluation,single_imputation_compact,3,2180,0.07205466542648706,0.11000779342402252,0.5261467889908257,0.7165137614678899,0.7926605504587156,0.3268089522291718,0
colorado,clean,development_evaluation,single_imputation_compact,4,2180,0.07670373330747617,0.1171678897603518,0.5155963302752293,0.7155963302752294,0.7926605504587156,0.3421633250756966,0
colorado,clean,development_evaluation,single_imputation_flexible,1,2182,0.04480552071556989,0.06407626642821682,0.4844179651695692,0.6668194317140238,0.7465627864344638,0.1536856333605152,0
colorado,clean,development_evaluation,single_imputation_flexible,2,2181,0.06424304264671485,0.08997011054739194,0.422283356258597,0.5905547913801009,0.671251719394773,0.17930912588268447,0
colorado,clean,development_evaluation,single_imputation_flexible,3,2180,0.08121976425835908,0.11077076165835906,0.3885321100917431,0.5573394495412844,0.6334862385321101,0.19529911602699013,0
colorado,clean,development_evaluation,single_imputation_flexible,4,2180,0.0860246950123795,0.11721651711920184,0.37110091743119267,0.5490825688073394,0.6192660550458715,0.20096283760373138,0
colorado,clean,validation,geometric_persistence,1,1921,0.04879220423949881,0.07438793997605445,0.5294117647058824,0.8563248308172826,0.9380530973451328,0.4564966697466545,0
colorado,clean,validation,geometric_persistence,2,1921,0.07437112647555912,0.1240963693814895,0.5070275897969807,0.8120770432066632,0.9453409682457053,0.5934841093054727,0
colorado,clean,validation,geometric_persistence,3,1921,0.09548662974209314,0.16698605668522626,0.4851639770952629,0.8266527850078085,0.9255596043727226,0.6866983920748225,0
colorado,clean,validation,geometric_persistence,4,1921,0.11249385953248996,0.20497326310079086,0.47423217074440394,0.8162415408641333,0.9187922956793336,0.758458224518329,0
colorado,clean,validation,multiple_imputation_compact,1,1921,0.042803598503868584,0.06443710750825804,0.635606454971369,0.803748047891723,0.8656949505465903,0.24560597440686688,0
colorado,clean,validation,multiple_imputation_compact,2,1921,0.057567945036609565,0.08973838049042183,0.5590838105153566,0.7584591358667361,0.8328995314940135,0.29425956098849415,0
colorado,clean,validation,multiple_imputation_compact,3,1921,0.06719028106548522,0.10390885589902518,0.5299323269130661,0.7397188964081207,0.8204060385216033,0.32165698244621704,0
colorado,clean,validation,multiple_imputation_compact,4,1921,0.07340398909641824,0.11261178469645701,0.5268089536699636,0.717855283706403,0.8016657990629881,0.3371114288105582,0
colorado,clean,validation,multiple_imputation_flexible,1,1921,0.045478110097910356,0.064378131566991,0.49453409682457056,0.6751691827173347,0.7459656428943259,0.15272337241199396,0
colorado,clean,validation,multiple_imputation_flexible,2,1921,0.06275621520575622,0.08840479470389563,0.4221759500260281,0.5960437272254034,0.6751691827173347,0.17750699156078695,0
colorado,clean,validation,multiple_imputation_flexible,3,1921,0.07478429774068537,0.10400173352314997,0.40083289953149404,0.5616866215512754,0.642373763664758,0.19356227921505623,0
colorado,clean,validation,multiple_imputation_flexible,4,1921,0.0832238588053943,0.11388544561532458,0.3899010931806351,0.551795939614784,0.6241540864133264,0.19969707786981267,0
colorado,clean,validation,persistence,1,1921,0.06647870015109064,0.11801707561728525,0.5184799583550235,0.8537220197813639,0.941697032795419,0.5209904184773118,0
colorado,clean,validation,persistence,2,1921,0.10336953996374236,0.2022554161529541,0.4841228526808954,0.8172826652785008,0.9292035398230089,0.6785397618313107,0
colorado,clean,validation,persistence,3,1921,0.1289220211194855,0.26158067594562234,0.47631441957313897,0.8089536699635607,0.9099427381572098,0.791886369106877,0
colorado,clean,validation,persistence,4,1921,0.14592936918504537,0.299377331591554,0.5023425299323269,0.7896928682977615,0.9026548672566371,0.8538390417821797,0
colorado,clean,validation,quantile_compact,1,1921,0.036568537690783824,0.05770270128478776,0.47058823529411764,0.7584591358667361,0.8766267568974493,0.31487183835823407,0
colorado,clean,validation,quantile_compact,2,1921,0.04904033498031472,0.08194398950994342,0.43206663196251954,0.7438833940655908,0.8573659552316502,0.4033298082272314,0
colorado,clean,validation,quantile_compact,3,1921,0.05619166889406857,0.09844191731159635,0.4367516918271733,0.7345132743362832,0.8438313378448724,0.4286161406338663,0
colorado,clean,validation,quantile_compact,4,1921,0.06005155479868398,0.10798199772566183,0.415929203539823,0.7230609057782404,0.8438313378448724,0.43706715288397885,0
colorado,clean,validation,quantile_flexible,1,1921,0.03629828828718981,0.05691254826377017,0.4148880791254555,0.6913066111400312,0.842790213430505,0.2790217120890378,0
colorado,clean,validation,quantile_flexible,2,1921,0.04885927761346185,0.08231115894614606,0.3722019781363873,0.6793336803748048,0.818844351900052,0.36742984344686846,0
colorado,clean,validation,quantile_flexible,3,1921,0.05613410021782662,0.09753218831480309,0.35658511192087455,0.661634565330557,0.8115564809994794,0.38758289694588643,0
colorado,clean,validation,quantile_flexible,4,1921,0.06010360446419801,0.10697177935935805,0.36647579385736595,0.6600728787090058,0.7969807391983342,0.39730640911751586,0
colorado,clean,validation,single_imputation_compact,1,1921,0.042803598503868584,0.06443710750825805,0.635606454971369,0.803748047891723,0.8656949505465903,0.24560597440686688,0
colorado,clean,validation,single_imputation_compact,2,1921,0.057567945036609565,0.08973838049042183,0.5590838105153566,0.7584591358667361,0.8328995314940135,0.29425956098849415,0
colorado,clean,validation,single_imputation_compact,3,1921,0.06719028106548522,0.10390885589902518,0.5299323269130661,0.7397188964081207,0.8204060385216033,0.32165698244621704,0
colorado,clean,validation,single_imputation_compact,4,1921,0.07340398909641824,0.11261178469645702,0.5268089536699636,0.717855283706403,0.8016657990629881,0.3371114288105582,0
colorado,clean,validation,single_imputation_flexible,1,1921,0.045478110097910356,0.064378131566991,0.49453409682457056,0.6751691827173347,0.7459656428943259,0.15272337241199396,0
colorado,clean,validation,single_imputation_flexible,2,1921,0.06275621520575622,0.08840479470389563,0.4221759500260281,0.5960437272254034,0.6751691827173347,0.17750699156078695,0
colorado,clean,validation,single_imputation_flexible,3,1921,0.07478429774068537,0.10400173352314997,0.40083289953149404,0.5616866215512754,0.642373763664758,0.19356227921505623,0
colorado,clean,validation,single_imputation_flexible,4,1921,0.0832238588053943,0.11388544561532458,0.3899010931806351,0.551795939614784,0.6241540864133264,0.19969707786981267,0
colorado,clean,warmup,geometric_persistence,1,310,0.05829705954183205,0.0855192079130761,0.45483870967741935,0.7064516129032258,0.8516129032258064,0.3548694204389542,0
colorado,clean,warmup,geometric_persistence,2,310,0.09122466341623514,0.14306870158367227,0.432258064516129,0.7290322580645161,0.8387096774193549,0.520329834869729,0
colorado,clean,warmup,geometric_persistence,3,310,0.11971665418489748,0.20423999197803028,0.38387096774193546,0.7032258064516129,0.8193548387096774,0.6246206457432592,0
colorado,clean,warmup,geometric_persistence,4,310,0.14404827431206946,0.26350031742336105,0.3193548387096774,0.6516129032258065,0.7935483870967742,0.66741820813153,0
colorado,clean,warmup,multiple_imputation_compact,1,310,0.04536544016707626,0.07233768035183234,0.5709677419354838,0.7870967741935484,0.8612903225806452,0.25284391116887545,0
colorado,clean,warmup,multiple_imputation_compact,2,310,0.06010036378817346,0.1018759014950754,0.41935483870967744,0.6838709677419355,0.8032258064516129,0.2989615588951779,0
colorado,clean,warmup,multiple_imputation_compact,3,310,0.07469258314969655,0.12401038125806532,0.3903225806451613,0.6548387096774193,0.7774193548387097,0.32736376569292636,0
colorado,clean,warmup,multiple_imputation_compact,4,310,0.08765349122847636,0.14181318034895796,0.3903225806451613,0.5709677419354838,0.7064516129032258,0.34257763642942723,0
colorado,clean,warmup,multiple_imputation_flexible,1,310,0.05008432198427509,0.07450400295099513,0.35161290322580646,0.567741935483871,0.6838709677419355,0.15502938261825222,0
colorado,clean,warmup,multiple_imputation_flexible,2,310,0.07364394946857156,0.10540820796918508,0.2967741935483871,0.4645161290322581,0.5419354838709678,0.1784410700720774,0
colorado,clean,warmup,multiple_imputation_flexible,3,310,0.09206161551798939,0.1275424406367597,0.2806451612903226,0.43548387096774194,0.5129032258064516,0.1952047143298031,0
colorado,clean,warmup,multiple_imputation_flexible,4,310,0.11197994003594793,0.14974812266207618,0.2645161290322581,0.42258064516129035,0.4967741935483871,0.20147289072315414,0
colorado,clean,warmup,persistence,1,310,0.08791211267710311,0.15152648407761268,0.43548387096774194,0.7161290322580646,0.8387096774193549,0.4663310805768723,0
colorado,clean,warmup,persistence,2,310,0.1326888845691009,0.2510778489354186,0.3709677419354839,0.7096774193548387,0.8032258064516129,0.6692342156686893,0
colorado,clean,warmup,persistence,3,310,0.16257657534023232,0.32766869563082185,0.3548387096774194,0.6838709677419355,0.8193548387096774,0.7898795073414248,0
colorado,clean,warmup,persistence,4,310,0.18022829399034276,0.3767159760426479,0.3193548387096774,0.6903225806451613,0.7645161290322581,0.8109120261977659,0
colorado,clean,warmup,quantile_compact,1,310,0.04092802602376728,0.06454698404316275,0.45806451612903226,0.7032258064516129,0.8548387096774194,0.3540178226643564,0
colorado,clean,warmup,quantile_compact,2,310,0.0546671129564781,0.0943794494775584,0.3967741935483871,0.7451612903225806,0.9032258064516129,0.4994688258456557,0
colorado,clean,warmup,quantile_compact,3,310,0.06428269587414492,0.1111262482655466,0.432258064516129,0.7225806451612903,0.8548387096774194,0.5169040086003566,0
colorado,clean,warmup,quantile_compact,4,310,0.0710077705938602,0.12195003031726842,0.4161290322580645,0.7064516129032258,0.8193548387096774,0.5304753315837448,0
colorado,clean,warmup,quantile_flexible,1,310,0.040337385370771375,0.06299021393143546,0.38387096774193546,0.6451612903225806,0.7967741935483871,0.3192056119914934,0
colorado,clean,warmup,quantile_flexible,2,310,0.05496907029166647,0.09371768356531887,0.35161290322580646,0.6580645161290323,0.832258064516129,0.4566801268616087,0
colorado,clean,warmup,quantile_flexible,3,310,0.06523157470359042,0.11194747339620957,0.3419354838709677,0.635483870967742,0.7838709677419354,0.48730174353757655,0
colorado,clean,warmup,quantile_flexible,4,310,0.07231552782028638,0.12938228350733566,0.34838709677419355,0.6064516129032258,0.7387096774193549,0.4972296731374547,0
colorado,clean,warmup,single_imputation_compact,1,310,0.04536544016707626,0.07233768035183236,0.5709677419354838,0.7870967741935484,0.8612903225806452,0.25284391116887545,0
colorado,clean,warmup,single_imputation_compact,2,310,0.06010036378817345,0.1018759014950754,0.41935483870967744,0.6838709677419355,0.8032258064516129,0.2989615588951779,0
colorado,clean,warmup,single_imputation_compact,3,310,0.07469258314969655,0.12401038125806532,0.3903225806451613,0.6548387096774193,0.7774193548387097,0.32736376569292636,0
colorado,clean,warmup,single_imputation_compact,4,310,0.08765349122847638,0.14181318034895796,0.3903225806451613,0.5709677419354838,0.7064516129032258,0.34257763642942723,0
colorado,clean,warmup,single_imputation_flexible,1,310,0.05008432198427509,0.07450400295099513,0.35161290322580646,0.567741935483871,0.6838709677419355,0.15502938261825222,0
colorado,clean,warmup,single_imputation_flexible,2,310,0.07364394946857156,0.10540820796918508,0.2967741935483871,0.4645161290322581,0.5419354838709678,0.1784410700720774,0
colorado,clean,warmup,single_imputation_flexible,3,310,0.09206161551798939,0.1275424406367597,0.2806451612903226,0.43548387096774194,0.5129032258064516,0.1952047143298031,0
colorado,clean,warmup,single_imputation_flexible,4,310,0.11197994003594793,0.14974812266207618,0.2645161290322581,0.42258064516129035,0.4967741935483871,0.20147289072315414,0
colorado,pv_only,development_evaluation,geometric_persistence,1,2182,0.05561354360515247,0.08356555420893785,0.5242896425297892,0.8148487626031164,0.9097158570119157,0.4262142705424909,26
colorado,pv_only,development_evaluation,geometric_persistence,2,2181,0.07786603113491371,0.12877276277191207,0.5066483264557542,0.8065107748739111,0.9151765245300321,0.5674899204894699,26
colorado,pv_only,development_evaluation,geometric_persistence,3,2180,0.09545171370654641,0.16950396991354383,0.49770642201834864,0.8055045871559633,0.9114678899082569,0.6611688646834762,26
colorado,pv_only,development_evaluation,geometric_persistence,4,2180,0.10760120800628142,0.20140504660496328,0.49862385321100916,0.8068807339449541,0.9133027522935779,0.7245537031898345,26
colorado,pv_only,development_evaluation,multiple_imputation_compact,1,2182,0.043268784995404055,0.0662132820985226,0.617781851512374,0.812557286892759,0.8712190650779101,0.25197446985474964,26
colorado,pv_only,development_evaluation,multiple_imputation_compact,2,2181,0.06024500806584242,0.09340352750277295,0.5570839064649243,0.7391104997707474,0.8184319119669876,0.3016498808504334,26
colorado,pv_only,development_evaluation,multiple_imputation_compact,3,2180,0.07254882651801867,0.11057994020574222,0.5252293577981652,0.7155963302752294,0.791743119266055,0.3270777541578959,26
colorado,pv_only,development_evaluation,multiple_imputation_compact,4,2180,0.07684485268084422,0.11730890714192799,0.5151376146788991,0.7165137614678899,0.7922018348623853,0.34223031226984857,26
colorado,pv_only,development_evaluation,multiple_imputation_flexible,1,2182,0.0462764376406622,0.06626066333931614,0.48166819431714025,0.6686526122823098,0.7461044912923923,0.15855045585810731,26
colorado,pv_only,development_evaluation,multiple_imputation_flexible,2,2181,0.06501401717785163,0.09113169330902829,0.4218248509857863,0.5914718019257221,0.6703347088491518,0.18146555369519193,26
colorado,pv_only,development_evaluation,multiple_imputation_flexible,3,2180,0.0816059839632389,0.11124528238310412,0.3885321100917431,0.5568807339449541,0.6321100917431193,0.19579908837444787,26
colorado,pv_only,development_evaluation,multiple_imputation_flexible,4,2180,0.08592243638338756,0.11705644003256468,0.37293577981651377,0.5495412844036697,0.6215596330275229,0.20131477073551537,26
colorado,pv_only,development_evaluation,persistence,1,2182,0.07740617593274987,0.13560094985606616,0.4821264894592117,0.7942254812098992,0.9028414298808433,0.49810680896370924,26
colorado,pv_only,development_evaluation,persistence,2,2181,0.10777136022626443,0.21140256017878645,0.479138010087116,0.8005502063273727,0.9069234296194406,0.6615191989452398,26
colorado,pv_only,development_evaluation,persistence,3,2180,0.1280391664006479,0.262294277311033,0.46743119266055044,0.8073394495412844,0.9142201834862386,0.7736008534460805,26
colorado,pv_only,development_evaluation,persistence,4,2180,0.13948783908623485,0.28912049002129925,0.4798165137614679,0.8,0.9100917431192661,0.8247632309885332,26
colorado,pv_only,development_evaluation,quantile_compact,1,2182,0.038720083452821304,0.06391819274051304,0.4459211732355637,0.7190650779101742,0.8487626031164069,0.33368181549659004,26
colorado,pv_only,development_evaluation,quantile_compact,2,2181,0.0522236435393165,0.08960401200009507,0.4190738193489225,0.7138927097661623,0.8358551123337918,0.4203780306598525,26
colorado,pv_only,development_evaluation,quantile_compact,3,2180,0.06022669281732619,0.11133556267049947,0.40642201834862385,0.6977064220183486,0.8399082568807339,0.4345405548260927,26
colorado,pv_only,development_evaluation,quantile_compact,4,2180,0.06254386646992757,0.11726121385058107,0.41743119266055045,0.7123853211009175,0.8366972477064221,0.4393343916603603,26
colorado,pv_only,development_evaluation,quantile_flexible,1,2182,0.03915570998231872,0.06559959363314284,0.3863428047662695,0.6732355637030247,0.812557286892759,0.2957832694722624,26
colorado,pv_only,development_evaluation,quantile_flexible,2,2181,0.051671366881405965,0.09046630366263118,0.385602934433746,0.6570380559376433,0.8083447959651536,0.38405302928184853,26
colorado,pv_only,development_evaluation,quantile_flexible,3,2180,0.05977622368046497,0.10786397720166276,0.3811926605504587,0.6513761467889908,0.794954128440367,0.39138369856239347,26
colorado,pv_only,development_evaluation,quantile_flexible,4,2180,0.0624115391159149,0.11587915531547896,0.3596330275229358,0.6477064220183486,0.7876146788990825,0.3977353926815547,26
colorado,pv_only,development_evaluation,single_imputation_compact,1,2182,0.043431653123138736,0.06596315575089952,0.615948670944088,0.8102658111824015,0.8703024747937672,0.24807270696327507,26
colorado,pv_only,development_evaluation,single_imputation_compact,2,2181,0.0603230907671331,0.0932607953827094,0.557542411737735,0.7386519944979367,0.8175149014213663,0.3001198300721539,26
colorado,pv_only,development_evaluation,single_imputation_compact,3,2180,0.07255509183922446,0.11053469563887934,0.5256880733944954,0.7151376146788991,0.791743119266055,0.3268139725374789,26
colorado,pv_only,development_evaluation,single_imputation_compact,4,2180,0.07686262978794481,0.1173464807816314,0.5160550458715596,0.7151376146788991,0.791743119266055,0.34215924298686795,26
colorado,pv_only,development_evaluation,single_imputation_flexible,1,2182,0.04655943713264216,0.0660529668127498,0.4798350137488543,0.6613198900091659,0.7419798350137489,0.15375866179237915,26
colorado,pv_only,development_evaluation,single_imputation_flexible,2,2181,0.0651817773051295,0.0910557540739405,0.4190738193489225,0.5905547913801009,0.6698762035763411,0.17932853451059647,26
colorado,pv_only,development_evaluation,single_imputation_flexible,3,2180,0.08168436432049116,0.11125446125383005,0.38807339449541284,0.5559633027522936,0.631651376146789,0.19530975555023655,26
colorado,pv_only,development_evaluation,single_imputation_flexible,4,2180,0.08598980160296242,0.11706433057608735,0.37339449541284403,0.5490825688073394,0.6201834862385321,0.2009918522758556,26
colorado,pv_only,validation,geometric_persistence,1,1921,0.05899997962630477,0.08877138037639373,0.5054659031754295,0.8313378448724622,0.9141072358146799,0.4504830783201312,22
colorado,pv_only,validation,geometric_persistence,2,1921,0.08070998271728477,0.13429196997877735,0.4971369078604893,0.8001041124414368,0.9260801665799063,0.5850883685540772,22
colorado,pv_only,validation,geometric_persistence,3,1921,0.09857061255877189,0.17343756133037405,0.48308172826652784,0.818844351900052,0.9161894846434149,0.6781364290857427,22
colorado,pv_only,validation,geometric_persistence,4,1921,0.11294735610867415,0.20786217099846843,0.47683498178032274,0.8152004164497657,0.9151483602290473,0.7508582306202317,22
colorado,pv_only,validation,multiple_imputation_compact,1,1921,0.04308806488288282,0.06506134611909181,0.6350858927641854,0.8042686100989068,0.8630921395106715,0.24734597420940102,22
colorado,pv_only,validation,multiple_imputation_compact,2,1921,0.0578553994768456,0.09012364637962378,0.5611660593440916,0.7584591358667361,0.831858407079646,0.2951064156757936,22
colorado,pv_only,validation,multiple_imputation_compact,3,1921,0.06726400217787563,0.1040795735205828,0.5299323269130661,0.7407600208224883,0.818844351900052,0.32201428403540994,22
colorado,pv_only,validation,multiple_imputation_compact,4,1921,0.07337227639143912,0.1126814065161882,0.5268089536699636,0.7162935970848516,0.8016657990629881,0.3372314295551619,22
colorado,pv_only,validation,multiple_imputation_flexible,1,1921,0.04551451552382206,0.06471330552648798,0.4966163456533056,0.6772514315460697,0.7470067673086934,0.15528531400750717,22
colorado,pv_only,validation,multiple_imputation_flexible,2,1921,0.06292952607746623,0.0887119981096233,0.4247787610619469,0.5996876626756897,0.676730869338886,0.17895895409461746,22
colorado,pv_only,validation,multiple_imputation_flexible,3,1921,0.07472597128641148,0.10396650547565735,0.4023945861530453,0.5616866215512754,0.642373763664758,0.19414201717718688,22
colorado,pv_only,validation,multiple_imputation_flexible,4,1921,0.08328804296835284,0.11394507298257871,0.3893805309734513,0.5512753774076002,0.6236335242061426,0.2000402463875991,22
colorado,pv_only,validation,persistence,1,1921,0.07732474126360751,0.13277574833541722,0.5039042165538782,0.8261322228006247,0.9151483602290473,0.5133757335610609,22
colorado,pv_only,validation,persistence,2,1921,0.10807280358038295,0.20896712906969478,0.478396668401874,0.803748047891723,0.9125455491931286,0.6674413946035408,22
colorado,pv_only,validation,persistence,3,1921,0.12922876362617527,0.26153696654649206,0.48047891723060904,0.8032274856845393,0.9016137428422697,0.7785861010682267,22
colorado,pv_only,validation,persistence,4,1921,0.14360787689389945,0.2943413123760693,0.5080687142113482,0.7938573659552316,0.9016137428422697,0.8400888430463901,22
colorado,pv_only,validation,quantile_compact,1,1921,0.03748545019375741,0.05930247374310381,0.4747527329515877,0.7558563248308173,0.8781884435190005,0.32623784605499434,22
colorado,pv_only,validation,quantile_compact,2,1921,0.049340714349808724,0.08277306705193786,0.43519000520562207,0.7386777719937533,0.8563248308172826,0.4060954057267635,22
colorado,pv_only,validation,quantile_compact,3,1921,0.056409820138480705,0.099276795481109,0.43571056741280584,0.7339927121290994,0.842790213430505,0.42952623575067816,22
colorado,pv_only,validation,quantile_compact,4,1921,0.06010809911677845,0.10799154271667746,0.41332639250390424,0.7209786569495055,0.8438313378448724,0.43732165672606305,22
colorado,pv_only,validation,quantile_flexible,1,1921,0.03706205204139201,0.058051723729755186,0.4148880791254555,0.6949505465903175,0.8433107756376887,0.2899891172217327,22
colorado,pv_only,validation,quantile_flexible,2,1921,0.04921837809897454,0.08330555589764921,0.3732431025507548,0.6741280583029672,0.816762103071317,0.3705195714283967,22
colorado,pv_only,validation,quantile_flexible,3,1921,0.05633027636643213,0.09852361991232006,0.3612701717855284,0.6637168141592921,0.8115564809994794,0.3886802847213705,22
colorado,pv_only,validation,quantile_flexible,4,1921,0.060099698650074154,0.1069430320492854,0.3659552316501822,0.659552316501822,0.7980218636127017,0.39785586788089455,22
colorado,pv_only,validation,single_imputation_compact,1,1921,0.04315197362091662,0.065011476668062,0.633524206142634,0.8011452368558043,0.8625715773034878,0.2454628608583019,22
colorado,pv_only,validation,single_imputation_compact,2,1921,0.05793690585813961,0.0902249283966532,0.5596043727225404,0.7568974492451848,0.8308172826652785,0.294275232476989,22
colorado,pv_only,validation,single_imputation_compact,3,1921,0.06736370234615874,0.10417166491773716,0.5288912024986986,0.7391983342009371,0.818844351900052,0.3217049500087933,22
colorado,pv_only,validation,single_imputation_compact,4,1921,0.07340889729914998,0.11269776586367626,0.5273295158771473,0.7168141592920354,0.8011452368558043,0.33713234082299687,22
colorado,pv_only,validation,single_imputation_flexible,1,1921,0.045622863307467294,0.06462920914778017,0.49453409682457056,0.674648620510151,0.7449245184799583,0.15266824792848832,22
colorado,pv_only,validation,single_imputation_flexible,2,1921,0.06297955315974865,0.08865655152750986,0.42269651223321186,0.5965642894325872,0.6756897449245185,0.17756420829500086,22
colorado,pv_only,validation,single_imputation_flexible,3,1921,0.07487520562312734,0.10403723951825015,0.4018740239458615,0.5611660593440916,0.6418532014575742,0.1936021251971007,22
colorado,pv_only,validation,single_imputation_flexible,4,1921,0.08339856713757611,0.11403102800682906,0.39042165538781887,0.5507548152004165,0.6225923997917752,0.19973018957014943,22
colorado,pv_only,warmup,geometric_persistence,1,310,0.07900305955194536,0.11192933211592636,0.4258064516129032,0.6612903225806451,0.7967741935483871,0.3453227077907163,4
colorado,pv_only,warmup,geometric_persistence,2,310,0.10461117964266319,0.1657738948632842,0.4096774193548387,0.6935483870967742,0.8,0.5071424810707056,4
colorado,pv_only,warmup,geometric_persistence,3,310,0.12760484295311783,0.22196668842113795,0.36129032258064514,0.6709677419354839,0.7967741935483871,0.6121445726391846,4
colorado,pv_only,warmup,geometric_persistence,4,310,0.14894618225104211,0.2759965279496921,0.3,0.632258064516129,0.7806451612903226,0.6572471477765714,4
colorado,pv_only,warmup,multiple_imputation_compact,1,310,0.04537618301099527,0.07257777753351498,0.5612903225806452,0.7935483870967742,0.864516129032258,0.2548154722407778,4
colorado,pv_only,warmup,multiple_imputation_compact,2,310,0.06018838452765362,0.10219219684990331,0.4129032258064516,0.6870967741935484,0.8,0.3001561894880163,4
colorado,pv_only,warmup,multiple_imputation_compact,3,310,0.07495264022071679,0.12427562608223049,0.3870967741935484,0.6612903225806451,0.7774193548387097,0.3276090125659009,4
colorado,pv_only,warmup,multiple_imputation_compact,4,310,0.08775312077272088,0.14186815889284113,0.3870967741935484,0.5709677419354838,0.7064516129032258,0.342606681024307,4
colorado,pv_only,warmup,multiple_imputation_flexible,1,310,0.049976936397462715,0.07475480601206921,0.3580645161290323,0.5709677419354838,0.6903225806451613,0.15842292491620927,4
colorado,pv_only,warmup,multiple_imputation_flexible,2,310,0.07378797665567517,0.10553128314546677,0.3032258064516129,0.4774193548387097,0.5387096774193548,0.1811128835172168,4
colorado,pv_only,warmup,multiple_imputation_flexible,3,310,0.09221539211150194,0.1278293630384423,0.2806451612903226,0.43548387096774194,0.5129032258064516,0.19587042564529167,4
colorado,pv_only,warmup,multiple_imputation_flexible,4,310,0.11221425410056739,0.1501809463220699,0.2645161290322581,0.42258064516129035,0.4935483870967742,0.20217815040900017,4
colorado,pv_only,warmup,persistence,1,310,0.10427700700986237,0.17318416171799483,0.4096774193548387,0.667741935483871,0.7806451612903226,0.4493771882486182,4
colorado,pv_only,warmup,persistence,2,310,0.14031668387461588,0.26405286203663625,0.3548387096774194,0.6774193548387096,0.7677419354838709,0.64568376444188,4
colorado,pv_only,warmup,persistence,3,310,0.16511261645384456,0.33249895627886206,0.34516129032258064,0.6645161290322581,0.8064516129032258,0.7649670066371903,4
colorado,pv_only,warmup,persistence,4,310,0.18065964409614538,0.3774059354787005,0.3096774193548387,0.6741935483870968,0.7548387096774194,0.7899144416839986,4
colorado,pv_only,warmup,quantile_compact,1,310,0.04240279046547096,0.06686222670029382,0.47096774193548385,0.6967741935483871,0.8548387096774194,0.3680850319569673,4
colorado,pv_only,warmup,quantile_compact,2,310,0.05563253975523282,0.09672077999124808,0.4,0.7419354838709677,0.9032258064516129,0.5037510039829702,4
colorado,pv_only,warmup,quantile_compact,3,310,0.0645436077183336,0.1112511613838655,0.4290322580645161,0.7225806451612903,0.8548387096774194,0.51802380718064,4
colorado,pv_only,warmup,quantile_compact,4,310,0.07102135045974356,0.12179822918788043,0.4129032258064516,0.7064516129032258,0.8193548387096774,0.5308058879978191,4
colorado,pv_only,warmup,quantile_flexible,1,310,0.04149470401726017,0.06426357246247832,0.3935483870967742,0.6387096774193548,0.7967741935483871,0.3315515791026363,4
colorado,pv_only,warmup,quantile_flexible,2,310,0.055637491521885594,0.09505749804517095,0.32903225806451614,0.6451612903225806,0.832258064516129,0.46141716931645765,4
colorado,pv_only,warmup,quantile_flexible,3,310,0.06548571975972138,0.11215713010732219,0.3419354838709677,0.635483870967742,0.7806451612903226,0.4886630344638803,4
colorado,pv_only,warmup,quantile_flexible,4,310,0.07226531696513977,0.1294667265779166,0.3387096774193548,0.6129032258064516,0.7419354838709677,0.49798722924213307,4
colorado,pv_only,warmup,single_imputation_compact,1,310,0.0452976066948458,0.07235881676308872,0.5580645161290323,0.7903225806451613,0.864516129032258,0.2528079785107573,4
colorado,pv_only,warmup,single_imputation_compact,2,310,0.06025659841571256,0.10222320534298228,0.4096774193548387,0.6870967741935484,0.8,0.29895126980142506,4
colorado,pv_only,warmup,single_imputation_compact,3,310,0.0748896865496818,0.12421177517383071,0.3870967741935484,0.6612903225806451,0.7774193548387097,0.3273473020069324,4
colorado,pv_only,warmup,single_imputation_compact,4,310,0.08778399179805917,0.14193286907094155,0.3870967741935484,0.5709677419354838,0.7064516129032258,0.34250809807636706,4
colorado,pv_only,warmup,single_imputation_flexible,1,310,0.05003193272058333,0.07456604907096567,0.34516129032258064,0.5709677419354838,0.6806451612903226,0.15502806034993524,4
colorado,pv_only,warmup,single_imputation_flexible,2,310,0.07392217472433682,0.10538316406200442,0.3032258064516129,0.47419354838709676,0.5387096774193548,0.17854214838465568,4
colorado,pv_only,warmup,single_imputation_flexible,3,310,0.0921400092029536,0.1276276574940061,0.2806451612903226,0.432258064516129,0.5096774193548387,0.195174723802245,4
colorado,pv_only,warmup,single_imputation_flexible,4,310,0.11242144342849049,0.15037013198243973,0.2645161290322581,0.42258064516129035,0.4935483870967742,0.20149145098401106,4
colorado,irradiance_only,development_evaluation,geometric_persistence,1,2182,0.04778834267083826,0.07208190811044123,0.5453712190650779,0.8386801099908341,0.9307974335472043,0.4301452391847919,26
colorado,irradiance_only,development_evaluation,geometric_persistence,2,2181,0.07239525746440242,0.11940749428246314,0.520861989912884,0.823016964695094,0.9316827143512151,0.5733941647237127,26
colorado,irradiance_only,development_evaluation,geometric_persistence,3,2180,0.09184972011579955,0.1621507940312438,0.5064220183486239,0.8169724770642202,0.9261467889908257,0.6675512796366683,26
colorado,irradiance_only,development_evaluation,geometric_persistence,4,2180,0.10624850090018774,0.19699510601261935,0.5022935779816514,0.813302752293578,0.921559633027523,0.7306187221749114,26
colorado,irradiance_only,development_evaluation,multiple_imputation_compact,1,2182,0.04200428965248683,0.0645243926639073,0.618698441796517,0.8134738771769019,0.8735105407882676,0.24853839624966503,26
colorado,irradiance_only,development_evaluation,multiple_imputation_compact,2,2181,0.05979212004851875,0.09302421628306828,0.5543328748280605,0.7381934892251261,0.817973406694177,0.3006725146106973,26
colorado,irradiance_only,development_evaluation,multiple_imputation_compact,3,2180,0.07215186745820108,0.11055718117811254,0.5211009174311927,0.7137614678899082,0.7926605504587156,0.32745098243665627,26
colorado,irradiance_only,development_evaluation,multiple_imputation_compact,4,2180,0.0766711745244745,0.11752510271120019,0.5114678899082569,0.7151376146788991,0.791743119266055,0.3427027771409429,26
colorado,irradiance_only,development_evaluation,multiple_imputation_flexible,1,2182,0.04513834066006052,0.06459804941831995,0.4798350137488543,0.6659028414298809,0.7433547204399633,0.15445968486686815,26
colorado,irradiance_only,development_evaluation,multiple_imputation_flexible,2,2181,0.06445180860205194,0.09038344117636594,0.4218248509857863,0.5905547913801009,0.6694176983035305,0.18031734974480765,26
colorado,irradiance_only,development_evaluation,multiple_imputation_flexible,3,2180,0.08116261179450657,0.11110244223792777,0.3839449541284404,0.558256880733945,0.6334862385321101,0.19657666436782018,26
colorado,irradiance_only,development_evaluation,multiple_imputation_flexible,4,2180,0.08599784371679725,0.11744291437890089,0.3701834862385321,0.5481651376146789,0.6197247706422019,0.20222344579178178,26
colorado,irradiance_only,development_evaluation,persistence,1,2182,0.06720207802945714,0.12133002101225855,0.5013748854262144,0.8230980751604033,0.9307974335472043,0.50363407027173,26
colorado,irradiance_only,development_evaluation,persistence,2,2181,0.10315657099688376,0.20378259196575982,0.4896836313617607,0.8175149014213663,0.9234296194406235,0.6694350582264516,26
colorado,irradiance_only,development_evaluation,persistence,3,2180,0.12676617257416262,0.2596870560506325,0.4706422018348624,0.8165137614678899,0.9229357798165138,0.7829534878088701,26
colorado,irradiance_only,development_evaluation,persistence,4,2180,0.1406563117088671,0.2912266502307114,0.48027522935779815,0.8004587155963303,0.9128440366972477,0.8349949441034666,26
colorado,irradiance_only,development_evaluation,quantile_compact,1,2182,0.03855459723142636,0.06524118533472,0.43492208982584785,0.7181484876260311,0.8533455545371219,0.3277810988392536,26
colorado,irradiance_only,development_evaluation,quantile_compact,2,2181,0.05214741303048128,0.09009400834065659,0.4080696928014672,0.707932141219624,0.8372306281522237,0.4191552338141639,26
colorado,irradiance_only,development_evaluation,quantile_compact,3,2180,0.06053084255730462,0.11237382006921678,0.40275229357798165,0.694954128440367,0.8403669724770643,0.43563298488999297,26
colorado,irradiance_only,development_evaluation,quantile_compact,4,2180,0.06299683346695124,0.11837479399982848,0.4178899082568807,0.7128440366972477,0.8362385321100917,0.44130541584063004,26
colorado,irradiance_only,development_evaluation,quantile_flexible,1,2182,0.03903838481813489,0.06660924609713492,0.37442713107241066,0.6718606782768103,0.8162236480293309,0.2920017831933407,26
colorado,irradiance_only,development_evaluation,quantile_flexible,2,2181,0.05161805361981922,0.09077378577412962,0.385602934433746,0.6565795506648326,0.8092618065107748,0.3832237014254369,26
colorado,irradiance_only,development_evaluation,quantile_flexible,3,2180,0.060073809404748116,0.10868937304936153,0.37706422018348623,0.6481651376146789,0.7940366972477064,0.39297754330518564,26
colorado,irradiance_only,development_evaluation,quantile_flexible,4,2180,0.06293122520968271,0.11726619562566577,0.36009174311926606,0.6477064220183486,0.7880733944954128,0.40015873595349866,26
colorado,irradiance_only,development_evaluation,single_imputation_compact,1,2182,0.042000050141061056,0.06452270407075496,0.6168652612282309,0.8139321723189734,0.8721356553620532,0.24801286743517764,26
colorado,irradiance_only,development_evaluation,single_imputation_compact,2,2181,0.05961525422668054,0.09266364030835109,0.5543328748280605,0.7377349839523154,0.817973406694177,0.30013070133450087,26
colorado,irradiance_only,development_evaluation,single_imputation_compact,3,2180,0.07204026511266638,0.11025164209942738,0.5247706422018349,0.713302752293578,0.7922018348623853,0.3268156346162536,26
colorado,irradiance_only,development_evaluation,single_imputation_compact,4,2180,0.07661120580931823,0.117260468247756,0.5119266055045871,0.7155963302752294,0.7926605504587156,0.3420620294895044,26
colorado,irradiance_only,development_evaluation,single_imputation_flexible,1,2182,0.0451086041907754,0.06452017723136273,0.47891842346471125,0.6649862511457378,0.7424381301558204,0.1538103675022981,26
colorado,irradiance_only,development_evaluation,single_imputation_flexible,2,2181,0.06428236751554518,0.09002494694423488,0.4236588720770289,0.5905547913801009,0.6685006877579092,0.17933319414689913,26
colorado,irradiance_only,development_evaluation,single_imputation_flexible,3,2180,0.08118287012035447,0.1109056732214067,0.3830275229357798,0.5568807339449541,0.6330275229357798,0.1952856422265764,26
colorado,irradiance_only,development_evaluation,single_imputation_flexible,4,2180,0.08588966345621195,0.11713088647980116,0.3697247706422018,0.5463302752293578,0.6224770642201835,0.2010194109782632,26
colorado,irradiance_only,validation,geometric_persistence,1,1921,0.04879220423949881,0.07438793997605445,0.5294117647058824,0.8563248308172826,0.9380530973451328,0.4564966697466545,22
colorado,irradiance_only,validation,geometric_persistence,2,1921,0.07437112647555912,0.1240963693814895,0.5070275897969807,0.8120770432066632,0.9453409682457053,0.5934841093054727,22
colorado,irradiance_only,validation,geometric_persistence,3,1921,0.09548662974209314,0.16698605668522626,0.4851639770952629,0.8266527850078085,0.9255596043727226,0.6866983920748225,22
colorado,irradiance_only,validation,geometric_persistence,4,1921,0.11249385953248996,0.20497326310079086,0.47423217074440394,0.8162415408641333,0.9187922956793336,0.758458224518329,22
colorado,irradiance_only,validation,multiple_imputation_compact,1,1921,0.04340878937374171,0.06540412112827643,0.6309213951067153,0.8032274856845393,0.8625715773034878,0.2461777189339933,22
colorado,irradiance_only,validation,multiple_imputation_compact,2,1921,0.05799666892156988,0.09038534281467131,0.5590838105153566,0.7553357626236336,0.8292555960437272,0.29499149077002096,22
colorado,irradiance_only,validation,multiple_imputation_compact,3,1921,0.06747515701308786,0.10459247413118039,0.5304528891202499,0.7391983342009371,0.818844351900052,0.32298257586667395,22
colorado,irradiance_only,validation,multiple_imputation_compact,4,1921,0.07353325859145204,0.11316503858568663,0.5252472670484123,0.7152524726704841,0.8001041124414368,0.3382845354310927,22
colorado,irradiance_only,validation,multiple_imputation_flexible,1,1921,0.0463583798445583,0.06557803794959748,0.4908901613742842,0.6694429984383133,0.7402394586153045,0.15355921825575033,22
colorado,irradiance_only,validation,multiple_imputation_flexible,2,1921,0.06344128589808626,0.08936492337084269,0.4216553878188444,0.5934409161894847,0.6710046850598647,0.1788392306961817,22
colorado,irradiance_only,validation,multiple_imputation_flexible,3,1921,0.07510521617058342,0.10469294513896993,0.40083289953149404,0.5637688703800104,0.6434148880791255,0.19612085366171836,22
colorado,irradiance_only,validation,multiple_imputation_flexible,4,1921,0.08315952260772183,0.11426172005507376,0.39042165538781887,0.5523165018219677,0.6262363352420615,0.20201490948772038,22
colorado,irradiance_only,validation,persistence,1,1921,0.06647870015109064,0.11801707561728525,0.5184799583550235,0.8537220197813639,0.941697032795419,0.5209904184773118,22
colorado,irradiance_only,validation,persistence,2,1921,0.10336953996374236,0.2022554161529541,0.4841228526808954,0.8172826652785008,0.9292035398230089,0.6785397618313107,22
colorado,irradiance_only,validation,persistence,3,1921,0.1289220211194855,0.26158067594562234,0.47631441957313897,0.8089536699635607,0.9099427381572098,0.791886369106877,22
colorado,irradiance_only,validation,persistence,4,1921,0.14592936918504537,0.299377331591554,0.5023425299323269,0.7896928682977615,0.9026548672566371,0.8538390417821797,22
colorado,irradiance_only,validation,quantile_compact,1,1921,0.037925571588352996,0.0616054837717693,0.47579385736595525,0.7595002602811036,0.8755856324830817,0.322128821124196,22
colorado,irradiance_only,validation,quantile_compact,2,1921,0.049390089651607766,0.08306128062064384,0.4336283185840708,0.741280583029672,0.855804268610099,0.4055522458796646,22
colorado,irradiance_only,validation,quantile_compact,3,1921,0.05639867957986501,0.09910211983658931,0.44456012493492975,0.7308693388859969,0.8412285268089537,0.43053124458864994,22
colorado,irradiance_only,validation,quantile_compact,4,1921,0.060285367394974435,0.10855938803058224,0.4174908901613743,0.722019781363873,0.8417490890161374,0.43933083953782226,22
colorado,irradiance_only,validation,quantile_flexible,1,1921,0.03771401409800062,0.06080992149401679,0.41905257678292557,0.6959916710046851,0.8433107756376887,0.28758531727904185,22
colorado,irradiance_only,validation,quantile_flexible,2,1921,0.0491877483577902,0.08351973333450151,0.3867777199375325,0.678813118167621,0.816762103071317,0.37014811598894315,22
colorado,irradiance_only,validation,quantile_flexible,3,1921,0.05634573663095807,0.09851048330527469,0.36022904737116085,0.6626756897449245,0.8099947943779282,0.38996963955464187,22
colorado,irradiance_only,validation,quantile_flexible,4,1921,0.06038820782886563,0.10834408774400077,0.37584591358667363,0.6626756897449245,0.7980218636127017,0.3999358878752404,22
colorado,irradiance_only,validation,single_imputation_compact,1,1921,0.04353376807252015,0.06543987182611354,0.631441957313899,0.8021863612701717,0.8615304528891202,0.2457168512494858,22
colorado,irradiance_only,validation,single_imputation_compact,2,1921,0.05818676658841714,0.0904556360113086,0.5585632483081728,0.7553357626236336,0.8276939094221759,0.2942402737690101,22
colorado,irradiance_only,validation,single_imputation_compact,3,1921,0.06778564832743754,0.10462982206240067,0.527850078084331,0.7376366475793857,0.8157209786569495,0.32175804399547847,22
colorado,irradiance_only,validation,single_imputation_compact,4,1921,0.07407311557129885,0.11363912411924332,0.5252472670484123,0.7147319104633003,0.7990629880270692,0.3371347437868127,22
colorado,irradiance_only,validation,single_imputation_flexible,1,1921,0.046466777350338204,0.06562127166713201,0.4877667881311817,0.6668401874023946,0.7407600208224883,0.1527235810347572,22
colorado,irradiance_only,validation,single_imputation_flexible,2,1921,0.06365746871025614,0.08934407806930082,0.42009370119729306,0.5929203539823009,0.6699635606454971,0.1773940462425176,22
colorado,irradiance_only,validation,single_imputation_flexible,3,1921,0.0756134800727129,0.1048283823624703,0.3992712129099427,0.5601249349297241,0.6402915148360229,0.19354621278503126,22
colorado,irradiance_only,validation,single_imputation_flexible,4,1921,0.08372666208898247,0.11454221951045515,0.38833940655908383,0.5481520041644976,0.6220718375845914,0.19972861954549398,22
colorado,irradiance_only,warmup,geometric_persistence,1,310,0.05829705954183205,0.0855192079130761,0.45483870967741935,0.7064516129032258,0.8516129032258064,0.3548694204389542,4
colorado,irradiance_only,warmup,geometric_persistence,2,310,0.09122466341623514,0.14306870158367227,0.432258064516129,0.7290322580645161,0.8387096774193549,0.520329834869729,4
colorado,irradiance_only,warmup,geometric_persistence,3,310,0.11971665418489748,0.20423999197803028,0.38387096774193546,0.7032258064516129,0.8193548387096774,0.6246206457432592,4
colorado,irradiance_only,warmup,geometric_persistence,4,310,0.14404827431206946,0.26350031742336105,0.3193548387096774,0.6516129032258065,0.7935483870967742,0.66741820813153,4
colorado,irradiance_only,warmup,multiple_imputation_compact,1,310,0.04552133879234713,0.07300355592928512,0.5483870967741935,0.7903225806451613,0.864516129032258,0.2539199232293074,4
colorado,irradiance_only,warmup,multiple_imputation_compact,2,310,0.06070603262129746,0.10348964424749892,0.4032258064516129,0.6806451612903226,0.8,0.30001599807394214,4
colorado,irradiance_only,warmup,multiple_imputation_compact,3,310,0.07582384668489878,0.1259209948143199,0.3870967741935484,0.6387096774193548,0.7677419354838709,0.32932229792361967,4
colorado,irradiance_only,warmup,multiple_imputation_compact,4,310,0.0888688958696817,0.1433237824126578,0.3903225806451613,0.567741935483871,0.6967741935483871,0.3442741288560012,4
colorado,irradiance_only,warmup,multiple_imputation_flexible,1,310,0.05064632798780668,0.07542153588798174,0.3548387096774194,0.5709677419354838,0.6806451612903226,0.15716281953709127,4
colorado,irradiance_only,warmup,multiple_imputation_flexible,2,310,0.07475961252477849,0.10748395423355601,0.2870967741935484,0.45483870967741935,0.5258064516129032,0.18076942311190297,4
colorado,irradiance_only,warmup,multiple_imputation_flexible,3,310,0.09298372978034927,0.12904121065294052,0.2806451612903226,0.432258064516129,0.5032258064516129,0.19902083407353946,4
colorado,irradiance_only,warmup,multiple_imputation_flexible,4,310,0.11301669643421226,0.15164347070186152,0.25806451612903225,0.4161290322580645,0.4967741935483871,0.20477014965848583,4
colorado,irradiance_only,warmup,persistence,1,310,0.08791211267710311,0.15152648407761268,0.43548387096774194,0.7161290322580646,0.8387096774193549,0.4663310805768723,4
colorado,irradiance_only,warmup,persistence,2,310,0.1326888845691009,0.2510778489354186,0.3709677419354839,0.7096774193548387,0.8032258064516129,0.6692342156686893,4
colorado,irradiance_only,warmup,persistence,3,310,0.16257657534023232,0.32766869563082185,0.3548387096774194,0.6838709677419355,0.8193548387096774,0.7898795073414248,4
colorado,irradiance_only,warmup,persistence,4,310,0.18022829399034276,0.3767159760426479,0.3193548387096774,0.6903225806451613,0.7645161290322581,0.8109120261977659,4
colorado,irradiance_only,warmup,quantile_compact,1,310,0.04270585955701621,0.06933281533757914,0.47096774193548385,0.6967741935483871,0.8548387096774194,0.36135634308367914,4
colorado,irradiance_only,warmup,quantile_compact,2,310,0.0557314842243889,0.09709085480646033,0.3870967741935484,0.7451612903225806,0.9,0.5020369150943927,4
colorado,irradiance_only,warmup,quantile_compact,3,310,0.0648327320643623,0.11326350924996338,0.41935483870967744,0.7290322580645161,0.8548387096774194,0.5183195387295546,4
colorado,irradiance_only,warmup,quantile_compact,4,310,0.07139230049491693,0.12373269814466961,0.4129032258064516,0.7129032258064516,0.8193548387096774,0.5315855844262038,4
colorado,irradiance_only,warmup,quantile_flexible,1,310,0.042156548961065084,0.06886590442805784,0.3870967741935484,0.6451612903225806,0.8,0.32679337283740395,4
colorado,irradiance_only,warmup,quantile_flexible,2,310,0.05625556199587429,0.09729796611553072,0.3419354838709677,0.6548387096774193,0.832258064516129,0.4593329794279804,4
colorado,irradiance_only,warmup,quantile_flexible,3,310,0.06572534724462945,0.11456637279665441,0.3387096774193548,0.632258064516129,0.7838709677419354,0.48886764255248655,4
colorado,irradiance_only,warmup,quantile_flexible,4,310,0.07271508365885382,0.13048720436721176,0.34838709677419355,0.6096774193548387,0.7419354838709677,0.4990652328128342,4
colorado,irradiance_only,warmup,single_imputation_compact,1,310,0.04577715140102524,0.07319920783737342,0.5548387096774193,0.7903225806451613,0.8612903225806452,0.25295622267076046,4
colorado,irradiance_only,warmup,single_imputation_compact,2,310,0.06049095142273519,0.10228049032047515,0.4161290322580645,0.6838709677419355,0.8032258064516129,0.29894023785296875,4
colorado,irradiance_only,warmup,single_imputation_compact,3,310,0.07582297955579596,0.12510051200771666,0.3903225806451613,0.6483870967741936,0.7677419354838709,0.3278525146351992,4
colorado,irradiance_only,warmup,single_imputation_compact,4,310,0.08935808079072927,0.14349138704370568,0.38387096774193546,0.5709677419354838,0.7,0.3426042782894212,4
colorado,irradiance_only,warmup,single_imputation_flexible,1,310,0.050596010408674445,0.07509277226974619,0.3548387096774194,0.567741935483871,0.6838709677419355,0.1550356991343318,4
colorado,irradiance_only,warmup,single_imputation_flexible,2,310,0.07467037806799566,0.10663249194863084,0.2967741935483871,0.45806451612903226,0.5290322580645161,0.1785877682811908,4
colorado,irradiance_only,warmup,single_imputation_flexible,3,310,0.09367730550769686,0.12915423419344887,0.2838709677419355,0.42258064516129035,0.4967741935483871,0.19566382538265423,4
colorado,irradiance_only,warmup,single_imputation_flexible,4,310,0.11353083090012166,0.15145856978485153,0.2645161290322581,0.42258064516129035,0.49032258064516127,0.20160764665659864,4
colorado,joint_immediate,development_evaluation,geometric_persistence,1,2182,0.05561354360515247,0.08356555420893785,0.5242896425297892,0.8148487626031164,0.9097158570119157,0.4262142705424909,26
colorado,joint_immediate,development_evaluation,geometric_persistence,2,2181,0.07786603113491371,0.12877276277191207,0.5066483264557542,0.8065107748739111,0.9151765245300321,0.5674899204894699,26
colorado,joint_immediate,development_evaluation,geometric_persistence,3,2180,0.09545171370654641,0.16950396991354383,0.49770642201834864,0.8055045871559633,0.9114678899082569,0.6611688646834762,26
colorado,joint_immediate,development_evaluation,geometric_persistence,4,2180,0.10760120800628142,0.20140504660496328,0.49862385321100916,0.8068807339449541,0.9133027522935779,0.7245537031898345,26
colorado,joint_immediate,development_evaluation,multiple_imputation_compact,1,2182,0.0435749266207486,0.06805380047002238,0.6145737855178736,0.8166819431714024,0.8753437213565536,0.26110140809192345,26
colorado,joint_immediate,development_evaluation,multiple_imputation_compact,2,2181,0.060390971698177684,0.09448100157554784,0.5515818431911967,0.7368179734066942,0.8188904172397983,0.30478545425630743,26
colorado,joint_immediate,development_evaluation,multiple_imputation_compact,3,2180,0.07255732525625566,0.11150651448582109,0.518348623853211,0.7123853211009175,0.791743119266055,0.32909933740948183,26
colorado,joint_immediate,development_evaluation,multiple_imputation_compact,4,2180,0.07685044275792921,0.11792343164924582,0.5128440366972477,0.7119266055045872,0.7889908256880734,0.34343480550270755,26
colorado,joint_immediate,development_evaluation,multiple_imputation_flexible,1,2182,0.046509357971566495,0.06806731465820252,0.47937671860678277,0.6736938588450962,0.7520623281393217,0.16904081264148144,26
colorado,joint_immediate,development_evaluation,multiple_imputation_flexible,2,2181,0.06481963623733562,0.09183198510664335,0.4167812929848693,0.5914718019257221,0.6740027510316369,0.18637853076381744,26
colorado,joint_immediate,development_evaluation,multiple_imputation_flexible,3,2180,0.08145430009925342,0.11189765434220927,0.38256880733944953,0.555045871559633,0.6325688073394495,0.1990877396976644,26
colorado,joint_immediate,development_evaluation,multiple_imputation_flexible,4,2180,0.08596677307884236,0.11756852405092655,0.37293577981651377,0.5486238532110091,0.6224770642201835,0.20367797992319053,26
colorado,joint_immediate,development_evaluation,persistence,1,2182,0.07740617593274987,0.13560094985606616,0.4821264894592117,0.7942254812098992,0.9028414298808433,0.49810680896370924,26
colorado,joint_immediate,development_evaluation,persistence,2,2181,0.10777136022626443,0.21140256017878645,0.479138010087116,0.8005502063273727,0.9069234296194406,0.6615191989452398,26
colorado,joint_immediate,development_evaluation,persistence,3,2180,0.1280391664006479,0.262294277311033,0.46743119266055044,0.8073394495412844,0.9142201834862386,0.7736008534460805,26
colorado,joint_immediate,development_evaluation,persistence,4,2180,0.13948783908623485,0.28912049002129925,0.4798165137614679,0.8,0.9100917431192661,0.8247632309885332,26
colorado,joint_immediate,development_evaluation,quantile_compact,1,2182,0.03994683248537957,0.0679586422180717,0.4395050412465628,0.7176901924839597,0.8487626031164069,0.3377645486162113,26
colorado,joint_immediate,development_evaluation,quantile_compact,2,2181,0.05263791285288183,0.09118668780142822,0.4140302613480055,0.7125171939477304,0.8372306281522237,0.42183687549709975,26
colorado,joint_immediate,development_evaluation,quantile_compact,3,2180,0.060712094369741024,0.1128979292540304,0.405045871559633,0.694954128440367,0.8389908256880734,0.4363096406796807,26
colorado,joint_immediate,development_evaluation,quantile_compact,4,2180,0.06304073835700916,0.11846068229793494,0.4169724770642202,0.7114678899082569,0.8344036697247706,0.4415381077517422,26
colorado,joint_immediate,development_evaluation,quantile_flexible,1,2182,0.04015895497827554,0.06830913196773641,0.384051329055912,0.6741521539871678,0.8143904674610449,0.3019542443949294,26
colorado,joint_immediate,development_evaluation,quantile_flexible,2,2181,0.051958327206789424,0.0915670043204002,0.38606143970655665,0.6565795506648326,0.807886290692343,0.3859536339218918,26
colorado,joint_immediate,development_evaluation,quantile_flexible,3,2180,0.06016944535382938,0.10904122350447593,0.3793577981651376,0.6481651376146789,0.7935779816513762,0.39382577506710914,26
colorado,joint_immediate,development_evaluation,quantile_flexible,4,2180,0.0628878664792475,0.11710452297187694,0.3623853211009174,0.6472477064220183,0.7880733944954128,0.4004782068449893,26
colorado,joint_immediate,development_evaluation,single_imputation_compact,1,2182,0.0441683049200944,0.06746971367783189,0.6067827681026581,0.8020164986251146,0.8611365719523373,0.24835776507224705,26
colorado,joint_immediate,development_evaluation,single_imputation_compact,2,2181,0.060544149623508556,0.09406366060214551,0.5502063273727648,0.7331499312242091,0.8133883539660706,0.30010186783091,26
colorado,joint_immediate,development_evaluation,single_imputation_compact,3,2180,0.07271920777257858,0.11119553289038213,0.5211009174311927,0.7105504587155963,0.7885321100917431,0.3267487664444593,26
colorado,joint_immediate,development_evaluation,single_imputation_compact,4,2180,0.07693848095125609,0.1177286980613873,0.5151376146788991,0.710091743119266,0.7885321100917431,0.34209386990741975,26
colorado,joint_immediate,development_evaluation,single_imputation_flexible,1,2182,0.04765547343870587,0.06753921416260539,0.4674610449129239,0.6526122823098075,0.731897341888176,0.15390802171416643,26
colorado,joint_immediate,development_evaluation,single_imputation_flexible,2,2181,0.06519979905698235,0.09131475311436962,0.4149472718936268,0.5804676753782668,0.6652911508482348,0.17933853465678812,26
colorado,joint_immediate,development_evaluation,single_imputation_flexible,3,2180,0.08175906982996956,0.11159529818674581,0.38256880733944953,0.5509174311926606,0.6284403669724771,0.1953156294993739,26
colorado,joint_immediate,development_evaluation,single_imputation_flexible,4,2180,0.08644116943732938,0.1176381763389748,0.3706422018348624,0.5472477064220184,0.6174311926605505,0.20104479661156413,26
colorado,joint_immediate,validation,geometric_persistence,1,1921,0.05899997962630477,0.08877138037639373,0.5054659031754295,0.8313378448724622,0.9141072358146799,0.4504830783201312,22
colorado,joint_immediate,validation,geometric_persistence,2,1921,0.08070998271728477,0.13429196997877735,0.4971369078604893,0.8001041124414368,0.9260801665799063,0.5850883685540772,22
colorado,joint_immediate,validation,geometric_persistence,3,1921,0.09857061255877189,0.17343756133037405,0.48308172826652784,0.818844351900052,0.9161894846434149,0.6781364290857427,22
colorado,joint_immediate,validation,geometric_persistence,4,1921,0.11294735610867415,0.20786217099846843,0.47683498178032274,0.8152004164497657,0.9151483602290473,0.7508582306202317,22
colorado,joint_immediate,validation,multiple_imputation_compact,1,1921,0.04573815997423011,0.07090846591147314,0.6272774596564289,0.8016657990629881,0.8651743883394065,0.26699200529611344,22
colorado,joint_immediate,validation,multiple_imputation_compact,2,1921,0.05892293034496318,0.0929252456954144,0.553878188443519,0.7600208224882874,0.8349817803227486,0.304674365724995,22
colorado,joint_immediate,validation,multiple_imputation_compact,3,1921,0.06805736384639251,0.10571359982189865,0.527850078084331,0.7407600208224883,0.8178032274856846,0.32641887262096053,22
colorado,joint_immediate,validation,multiple_imputation_compact,4,1921,0.07382286219986121,0.1138518556550613,0.5242061426340447,0.7162935970848516,0.7980218636127017,0.3398582336970809,22
colorado,joint_immediate,validation,multiple_imputation_flexible,1,1921,0.04805769281301867,0.07054230060207548,0.4924518479958355,0.678813118167621,0.754294638209266,0.17882476030705322,22
colorado,joint_immediate,validation,multiple_imputation_flexible,2,1921,0.06391885457943317,0.09179973469582328,0.4216553878188444,0.6007287870900573,0.6803748047891723,0.19194607307950212,22
colorado,joint_immediate,validation,multiple_imputation_flexible,3,1921,0.07531365814135298,0.10567987228339654,0.40083289953149404,0.5658511192087454,0.6470588235294118,0.20090586351036946,22
colorado,joint_immediate,validation,multiple_imputation_flexible,4,1921,0.08342703568935438,0.11516446612914183,0.38833940655908383,0.5528370640291514,0.6277980218636127,0.20497477315654009,22
colorado,joint_immediate,validation,persistence,1,1921,0.07732474126360751,0.13277574833541722,0.5039042165538782,0.8261322228006247,0.9151483602290473,0.5133757335610609,22
colorado,joint_immediate,validation,persistence,2,1921,0.10807280358038295,0.20896712906969478,0.478396668401874,0.803748047891723,0.9125455491931286,0.6674413946035408,22
colorado,joint_immediate,validation,persistence,3,1921,0.12922876362617527,0.26153696654649206,0.48047891723060904,0.8032274856845393,0.9016137428422697,0.7785861010682267,22
colorado,joint_immediate,validation,persistence,4,1921,0.14360787689389945,0.2943413123760693,0.5080687142113482,0.7938573659552316,0.9016137428422697,0.8400888430463901,22
colorado,joint_immediate,validation,quantile_compact,1,1921,0.0394998513463606,0.06502296103903386,0.47058823529411764,0.7579385736595523,0.8740239458615304,0.3328127243021376,22
colorado,joint_immediate,validation,quantile_compact,2,1921,0.04989992432990546,0.08439271458310518,0.4362311296199896,0.7428422696512234,0.8573659552316502,0.40816063628216287,22
colorado,joint_immediate,validation,quantile_compact,3,1921,0.056566967789166867,0.09967929002942237,0.4409161894846434,0.7334721499219157,0.8433107756376887,0.4313587674715999,22
colorado,joint_immediate,validation,quantile_compact,4,1921,0.060286526349393486,0.1084564555402632,0.41905257678292557,0.7209786569495055,0.8407079646017699,0.4395187970876907,22
colorado,joint_immediate,validation,quantile_flexible,1,1921,0.038970840612318196,0.06305344624690057,0.4154086413326393,0.6959916710046851,0.842790213430505,0.2983522725397707,22
colorado,joint_immediate,validation,quantile_flexible,2,1921,0.049635208437699044,0.08451163999080574,0.3800104112441437,0.6793336803748048,0.8157209786569495,0.3732144153072653,22
colorado,joint_immediate,validation,quantile_flexible,3,1921,0.056456072537344755,0.09887197595196699,0.3649141072358147,0.6642373763664758,0.8099947943779282,0.39092006251840283,22
colorado,joint_immediate,validation,quantile_flexible,4,1921,0.06028563297641196,0.1078418664505035,0.37532535137948986,0.6626756897449245,0.7980218636127017,0.4002885542734466,22
colorado,joint_immediate,validation,single_imputation_compact,1,1921,0.04799864081161837,0.07113863030456868,0.6173867777199376,0.7824049973971889,0.84487246225924,0.24640736021946094,22
colorado,joint_immediate,validation,single_imputation_compact,2,1921,0.05967239304888141,0.09253610510755009,0.551795939614784,0.7470067673086934,0.8235294117647058,0.2946280879353958,22
colorado,joint_immediate,validation,single_imputation_compact,3,1921,0.06840255311550385,0.10558605217571101,0.5257678292555961,0.737116085372202,0.8157209786569495,0.32194197450339423,22
colorado,joint_immediate,validation,single_imputation_compact,4,1921,0.07432358952361848,0.11394750010496801,0.521603331598126,0.7136907860489329,0.7954190525767829,0.3372182182247105,22
colorado,joint_immediate,validation,single_imputation_flexible,1,1921,0.05086876102985736,0.07062307753489803,0.47631441957313897,0.6512233211868819,0.7235814679854242,0.15312640283109777,22
colorado,joint_immediate,validation,single_imputation_flexible,2,1921,0.06514880101208029,0.09126708168051287,0.4122852680895367,0.586153045288912,0.6652785007808433,0.1777162821702335,22
colorado,joint_immediate,validation,single_imputation_flexible,3,1921,0.07600549479160894,0.10543259882049262,0.3971889640812077,0.5590838105153566,0.6382092660072879,0.1936876323829951,22
colorado,joint_immediate,validation,single_imputation_flexible,4,1921,0.08456974675169408,0.1155150059278572,0.3867777199375325,0.5471108797501302,0.6189484643414888,0.19977572668593593,22
colorado,joint_immediate,warmup,geometric_persistence,1,310,0.07900305955194536,0.11192933211592636,0.4258064516129032,0.6612903225806451,0.7967741935483871,0.3453227077907163,4
colorado,joint_immediate,warmup,geometric_persistence,2,310,0.10461117964266319,0.1657738948632842,0.4096774193548387,0.6935483870967742,0.8,0.5071424810707056,4
colorado,joint_immediate,warmup,geometric_persistence,3,310,0.12760484295311783,0.22196668842113795,0.36129032258064514,0.6709677419354839,0.7967741935483871,0.6121445726391846,4
colorado,joint_immediate,warmup,geometric_persistence,4,310,0.14894618225104211,0.2759965279496921,0.3,0.632258064516129,0.7806451612903226,0.6572471477765714,4
colorado,joint_immediate,warmup,multiple_imputation_compact,1,310,0.04874606169849183,0.07968644842948701,0.5548387096774193,0.7935483870967742,0.8709677419354839,0.2825480759991789,4
colorado,joint_immediate,warmup,multiple_imputation_compact,2,310,0.06293210752797107,0.1083006039974309,0.4096774193548387,0.6838709677419355,0.8064516129032258,0.3189412406848448,4
colorado,joint_immediate,warmup,multiple_imputation_compact,3,310,0.07695229242681845,0.12771622224202014,0.3870967741935484,0.6548387096774193,0.7741935483870968,0.33624760350782884,4
colorado,joint_immediate,warmup,multiple_imputation_compact,4,310,0.08949295263391555,0.1446023143482211,0.3870967741935484,0.567741935483871,0.7,0.34645143669850237,4
colorado,joint_immediate,warmup,multiple_imputation_flexible,1,310,0.0534499381838566,0.0815848280311226,0.36774193548387096,0.5903225806451613,0.7064516129032258,0.1941030944015123,4
colorado,joint_immediate,warmup,multiple_imputation_flexible,2,310,0.07618646669163281,0.11178499478380863,0.3064516129032258,0.4774193548387097,0.5483870967741935,0.20492656645080376,4
colorado,joint_immediate,warmup,multiple_imputation_flexible,3,310,0.09406230835621068,0.13177006508127595,0.2870967741935484,0.43870967741935485,0.5161290322580645,0.21065149179123027,4
colorado,joint_immediate,warmup,multiple_imputation_flexible,4,310,0.11397310614936396,0.1534985689656819,0.26129032258064516,0.41935483870967744,0.5,0.20959029067147358,4
colorado,joint_immediate,warmup,persistence,1,310,0.10427700700986237,0.17318416171799483,0.4096774193548387,0.667741935483871,0.7806451612903226,0.4493771882486182,4
colorado,joint_immediate,warmup,persistence,2,310,0.14031668387461588,0.26405286203663625,0.3548387096774194,0.6774193548387096,0.7677419354838709,0.64568376444188,4
colorado,joint_immediate,warmup,persistence,3,310,0.16511261645384456,0.33249895627886206,0.34516129032258064,0.6645161290322581,0.8064516129032258,0.7649670066371903,4
colorado,joint_immediate,warmup,persistence,4,310,0.18065964409614538,0.3774059354787005,0.3096774193548387,0.6741935483870968,0.7548387096774194,0.7899144416839986,4
colorado,joint_immediate,warmup,quantile_compact,1,310,0.04480745055893874,0.07356005929310637,0.4612903225806452,0.6903225806451613,0.8516129032258064,0.3735975419518152,4
colorado,joint_immediate,warmup,quantile_compact,2,310,0.05719099902883336,0.10125914520161719,0.3903225806451613,0.7387096774193549,0.9,0.5060631006024713,4
colorado,joint_immediate,warmup,quantile_compact,3,310,0.06526112584422546,0.11347202169262113,0.4096774193548387,0.7225806451612903,0.8548387096774194,0.5191175667430634,4
colorado,joint_immediate,warmup,quantile_compact,4,310,0.0714479176866857,0.12375680532608115,0.4096774193548387,0.7096774193548387,0.8193548387096774,0.5317243261094992,4
colorado,joint_immediate,warmup,quantile_flexible,1,310,0.04401906027538989,0.0719905416273778,0.3870967741935484,0.6290322580645161,0.7935483870967742,0.33825069322533946,4
colorado,joint_immediate,warmup,quantile_flexible,2,310,0.05734836604620715,0.10030005756977835,0.3387096774193548,0.6483870967741936,0.832258064516129,0.46412671192193383,4
colorado,joint_immediate,warmup,quantile_flexible,3,310,0.06611147423934005,0.11503873710877273,0.32903225806451614,0.6290322580645161,0.7806451612903226,0.48983762383917795,4
colorado,joint_immediate,warmup,quantile_flexible,4,310,0.07281823642921001,0.13121424920523786,0.3387096774193548,0.6096774193548387,0.7419354838709677,0.49934147630561276,4
colorado,joint_immediate,warmup,single_imputation_compact,1,310,0.05054522549642939,0.07925251491007425,0.532258064516129,0.7612903225806451,0.8354838709677419,0.25312673039407463,4
colorado,joint_immediate,warmup,single_imputation_compact,2,310,0.06310487819879064,0.10594992961218506,0.4032258064516129,0.6741935483870968,0.7838709677419354,0.2988471819710816,4
colorado,joint_immediate,warmup,single_imputation_compact,3,310,0.07715578181192938,0.12676723963681222,0.38064516129032255,0.6483870967741936,0.7677419354838709,0.327384320621014,4
colorado,joint_immediate,warmup,single_imputation_compact,4,310,0.08982544633971433,0.1444296239876481,0.38064516129032255,0.5709677419354838,0.7,0.3426606166243097,4
colorado,joint_immediate,warmup,single_imputation_flexible,1,310,0.0556405933895921,0.08073264618980315,0.3419354838709677,0.5516129032258065,0.6612903225806451,0.15516059317371336,4
colorado,joint_immediate,warmup,single_imputation_flexible,2,310,0.07764682422593452,0.1093652725833772,0.3064516129032258,0.45806451612903226,0.5161290322580645,0.17851429852727269,4
colorado,joint_immediate,warmup,single_imputation_flexible,3,310,0.09483734366539702,0.1304234769409908,0.2870967741935484,0.42258064516129035,0.5032258064516129,0.19541553410251764,4
colorado,joint_immediate,warmup,single_imputation_flexible,4,310,0.11512304588502947,0.15353013592571482,0.25483870967741934,0.4096774193548387,0.49032258064516127,0.2015085269047028,4
colorado,joint_gradual,development_evaluation,geometric_persistence,1,2182,0.05561354360515247,0.08356555420893785,0.5242896425297892,0.8148487626031164,0.9097158570119157,0.4262142705424909,26
colorado,joint_gradual,development_evaluation,geometric_persistence,2,2181,0.07786603113491371,0.12877276277191207,0.5066483264557542,0.8065107748739111,0.9151765245300321,0.5674899204894699,26
colorado,joint_gradual,development_evaluation,geometric_persistence,3,2180,0.09545171370654641,0.16950396991354383,0.49770642201834864,0.8055045871559633,0.9114678899082569,0.6611688646834762,26
colorado,joint_gradual,development_evaluation,geometric_persistence,4,2180,0.10760120800628142,0.20140504660496328,0.49862385321100916,0.8068807339449541,0.9133027522935779,0.7245537031898345,26
colorado,joint_gradual,development_evaluation,multiple_imputation_compact,1,2182,0.04357238190152312,0.06806676873416545,0.615032080659945,0.8162236480293309,0.8758020164986251,0.26117556221096944,26
colorado,joint_gradual,development_evaluation,multiple_imputation_compact,2,2181,0.060407263218376334,0.09453381059926416,0.5511233379183861,0.7363594681338835,0.8188904172397983,0.3049371623143427,26
colorado,joint_gradual,development_evaluation,multiple_imputation_compact,3,2180,0.07256052890080296,0.1115994731848018,0.5174311926605505,0.7114678899082569,0.7922018348623853,0.3292578676015273,26
colorado,joint_gradual,development_evaluation,multiple_imputation_compact,4,2180,0.0768528585025221,0.11800913573321102,0.5123853211009174,0.7119266055045872,0.7894495412844037,0.3436554254892658,26
colorado,joint_gradual,development_evaluation,multiple_imputation_flexible,1,2182,0.046531375016170815,0.06812907051603229,0.48029330889092575,0.6741521539871678,0.7520623281393217,0.16928231872531485,26
colorado,joint_gradual,development_evaluation,multiple_imputation_flexible,2,2181,0.06484644851779786,0.0919301984945533,0.4167812929848693,0.5923888124713435,0.6735442457588262,0.18684414775636468,26
colorado,joint_gradual,development_evaluation,multiple_imputation_flexible,3,2180,0.08151413316112849,0.11204003959728885,0.38256880733944953,0.5555045871559633,0.6311926605504588,0.19955605665019652,26
colorado,joint_gradual,development_evaluation,multiple_imputation_flexible,4,2180,0.08598459850232978,0.1176631016998157,0.37293577981651377,0.5490825688073394,0.6238532110091743,0.20413383118869774,26
colorado,joint_gradual,development_evaluation,persistence,1,2182,0.07740617593274987,0.13560094985606616,0.4821264894592117,0.7942254812098992,0.9028414298808433,0.49810680896370924,26
colorado,joint_gradual,development_evaluation,persistence,2,2181,0.10777136022626443,0.21140256017878645,0.479138010087116,0.8005502063273727,0.9069234296194406,0.6615191989452398,26
colorado,joint_gradual,development_evaluation,persistence,3,2180,0.1280391664006479,0.262294277311033,0.46743119266055044,0.8073394495412844,0.9142201834862386,0.7736008534460805,26
colorado,joint_gradual,development_evaluation,persistence,4,2180,0.13948783908623485,0.28912049002129925,0.4798165137614679,0.8,0.9100917431192661,0.8247632309885332,26
colorado,joint_gradual,development_evaluation,quantile_compact,1,2182,0.04007738391718072,0.06830788595389013,0.4413382218148488,0.7167736021998167,0.84967919340055,0.33839234043262373,26
colorado,joint_gradual,development_evaluation,quantile_compact,2,2181,0.05283683369577872,0.09164487091664665,0.4140302613480055,0.7120586886749197,0.8376891334250344,0.42238114460147325,26
colorado,joint_gradual,development_evaluation,quantile_compact,3,2180,0.06095781341574216,0.11344636236148124,0.40458715596330275,0.6958715596330275,0.8389908256880734,0.4372274954556146,26
colorado,joint_gradual,development_evaluation,quantile_compact,4,2180,0.06329744906246342,0.11916044965078808,0.4169724770642202,0.7128440366972477,0.8334862385321101,0.4423807604181594,26
colorado,joint_gradual,development_evaluation,quantile_flexible,1,2182,0.040270524751679374,0.06850041800205992,0.3845096241979835,0.6750687442713107,0.8148487626031164,0.3027366331323356,26
colorado,joint_gradual,development_evaluation,quantile_flexible,2,2181,0.05219434862410922,0.09204777291607785,0.385602934433746,0.6556625401192113,0.8069692801467216,0.38655107269768063,26
colorado,joint_gradual,development_evaluation,quantile_flexible,3,2180,0.06038533908963959,0.1095499649632198,0.3798165137614679,0.6490825688073395,0.7940366972477064,0.3949051569744233,26
colorado,joint_gradual,development_evaluation,quantile_flexible,4,2180,0.0631190166138331,0.1178692125681762,0.36376146788990826,0.6495412844036698,0.789908256880734,0.40163809494566644,26
colorado,joint_gradual,development_evaluation,single_imputation_compact,1,2182,0.04421558889801939,0.06756086879320064,0.6063244729605867,0.8010999083409716,0.8602199816681944,0.248346385053182,26
colorado,joint_gradual,development_evaluation,single_imputation_compact,2,2181,0.060680012108455694,0.0942176856957196,0.5502063273727648,0.7322329206785878,0.8120128381476387,0.30011333010563895,26
colorado,joint_gradual,development_evaluation,single_imputation_compact,3,2180,0.07275447617673328,0.11131075764585416,0.5192660550458715,0.7091743119266055,0.7880733944954128,0.32674636673361623,26
colorado,joint_gradual,development_evaluation,single_imputation_compact,4,2180,0.07698766515230851,0.11787584900839496,0.5137614678899083,0.708256880733945,0.7885321100917431,0.34208243940589894,26
colorado,joint_gradual,development_evaluation,single_imputation_flexible,1,2182,0.04776516340543388,0.06764268270147991,0.4674610449129239,0.653070577451879,0.730980751604033,0.15390447701621435,26
colorado,joint_gradual,development_evaluation,single_imputation_flexible,2,2181,0.06536012253164632,0.09147743345601483,0.41448876662081613,0.5804676753782668,0.6643741403026134,0.179336076737027,26
colorado,joint_gradual,development_evaluation,single_imputation_flexible,3,2180,0.08193541082511867,0.1118324560394459,0.3811926605504587,0.5509174311926606,0.6261467889908257,0.19532112675186922,26
colorado,joint_gradual,development_evaluation,single_imputation_flexible,4,2180,0.08664751322365115,0.11790098601142929,0.3701834862385321,0.5454128440366972,0.6160550458715597,0.20101474708427972,26
colorado,joint_gradual,validation,geometric_persistence,1,1921,0.05899997962630477,0.08877138037639373,0.5054659031754295,0.8313378448724622,0.9141072358146799,0.4504830783201312,22
colorado,joint_gradual,validation,geometric_persistence,2,1921,0.08070998271728477,0.13429196997877735,0.4971369078604893,0.8001041124414368,0.9260801665799063,0.5850883685540772,22
colorado,joint_gradual,validation,geometric_persistence,3,1921,0.09857061255877189,0.17343756133037405,0.48308172826652784,0.818844351900052,0.9161894846434149,0.6781364290857427,22
colorado,joint_gradual,validation,geometric_persistence,4,1921,0.11294735610867415,0.20786217099846843,0.47683498178032274,0.8152004164497657,0.9151483602290473,0.7508582306202317,22
colorado,joint_gradual,validation,multiple_imputation_compact,1,1921,0.045723671935849475,0.07090448402510112,0.6277980218636127,0.8016657990629881,0.8651743883394065,0.267081906397053,22
colorado,joint_gradual,validation,multiple_imputation_compact,2,1921,0.05888235025396729,0.09285028375016824,0.5533576262363352,0.7605413846954711,0.8349817803227486,0.304767772982186,22
colorado,joint_gradual,validation,multiple_imputation_compact,3,1921,0.06800645041895073,0.10563323666312376,0.5283706402915148,0.7407600208224883,0.8183237896928683,0.3265636803144455,22
colorado,joint_gradual,validation,multiple_imputation_compact,4,1921,0.07382075867767816,0.11385738517708408,0.5252472670484123,0.7162935970848516,0.797501301405518,0.3400115284888163,22
colorado,joint_gradual,validation,multiple_imputation_flexible,1,1921,0.0480263624037085,0.07053666219531876,0.491410723581468,0.6808953669963561,0.7553357626236336,0.17906641418468786,22
colorado,joint_gradual,validation,multiple_imputation_flexible,2,1921,0.06389025108471343,0.09178696407647757,0.42061426340447683,0.6028110359187923,0.6814159292035398,0.19219033352656278,22
colorado,joint_gradual,validation,multiple_imputation_flexible,3,1921,0.07526065289514165,0.10560894606875681,0.4034357105674128,0.5658511192087454,0.6454971369078605,0.20115650427632562,22
colorado,joint_gradual,validation,multiple_imputation_flexible,4,1921,0.08337074167722129,0.11516022927373838,0.38781884435190006,0.553878188443519,0.6288391462779802,0.20528295111213965,22
colorado,joint_gradual,validation,persistence,1,1921,0.07732474126360751,0.13277574833541722,0.5039042165538782,0.8261322228006247,0.9151483602290473,0.5133757335610609,22
colorado,joint_gradual,validation,persistence,2,1921,0.10807280358038295,0.20896712906969478,0.478396668401874,0.803748047891723,0.9125455491931286,0.6674413946035408,22
colorado,joint_gradual,validation,persistence,3,1921,0.12922876362617527,0.26153696654649206,0.48047891723060904,0.8032274856845393,0.9016137428422697,0.7785861010682267,22
colorado,joint_gradual,validation,persistence,4,1921,0.14360787689389945,0.2943413123760693,0.5080687142113482,0.7938573659552316,0.9016137428422697,0.8400888430463901,22
colorado,joint_gradual,validation,quantile_compact,1,1921,0.03951689010245471,0.06508078562815789,0.4690265486725664,0.7584591358667361,0.8735033836543467,0.33318002561909515,22
colorado,joint_gradual,validation,quantile_compact,2,1921,0.04993395189796517,0.08442114887251957,0.4409161894846434,0.7418011452368558,0.8578865174388339,0.4086316149385611,22
colorado,joint_gradual,validation,quantile_compact,3,1921,0.05662563614037171,0.0996293645347682,0.44299843831337843,0.7334721499219157,0.8443519000520562,0.43197836873684714,22
colorado,joint_gradual,validation,quantile_compact,4,1921,0.0603822108415969,0.10847068459994363,0.4211348256116606,0.7209786569495055,0.8407079646017699,0.4403567071116171,22
colorado,joint_gradual,validation,quantile_flexible,1,1921,0.03900216053096051,0.06311874881151437,0.4143675169182717,0.6959916710046851,0.8433107756376887,0.2988171963323415,22
colorado,joint_gradual,validation,quantile_flexible,2,1921,0.04965723711118813,0.08458412871635847,0.38209266007287873,0.6798542425819886,0.8157209786569495,0.3736656413998112,22
colorado,joint_gradual,validation,quantile_flexible,3,1921,0.05651025947764194,0.09887741897153839,0.36907860489328476,0.6647579385736595,0.8094742321707444,0.39158720518553747,22
colorado,joint_gradual,validation,quantile_flexible,4,1921,0.06036942888342471,0.10781650011718943,0.37636647579385735,0.6631962519521083,0.7980218636127017,0.40117878397292284,22
colorado,joint_gradual,validation,single_imputation_compact,1,1921,0.04799402608056895,0.07115360151605939,0.6168662155127538,0.7824049973971889,0.84487246225924,0.24640625283062134,22
colorado,joint_gradual,validation,single_imputation_compact,2,1921,0.05963756813138423,0.09250112598780255,0.5507548152004165,0.7475273295158772,0.8240499739718896,0.2946313737954377,22
colorado,joint_gradual,validation,single_imputation_compact,3,1921,0.06838436181546008,0.10563219814992438,0.5242061426340447,0.737116085372202,0.8157209786569495,0.3219403049083003,22
colorado,joint_gradual,validation,single_imputation_compact,4,1921,0.07432404835264791,0.11403388480115438,0.521603331598126,0.7136907860489329,0.7948984903695991,0.33720166787906136,22
colorado,joint_gradual,validation,single_imputation_flexible,1,1921,0.05085566520995713,0.07060240152144855,0.47631441957313897,0.6527850078084331,0.724102030192608,0.15312982577976111,22
colorado,joint_gradual,validation,single_imputation_flexible,2,1921,0.06519673832424223,0.09137711327932461,0.41020301926080166,0.5851119208745446,0.6637168141592921,0.1777179595044619,22
colorado,joint_gradual,validation,single_imputation_flexible,3,1921,0.07602897949934619,0.10554038567629391,0.3961478396668402,0.5580426861009891,0.6366475793857366,0.19366212133387725,22
colorado,joint_gradual,validation,single_imputation_flexible,4,1921,0.08457478809408706,0.11556499228858742,0.3846954711087975,0.547631441957314,0.6189484643414888,0.19978409253772092,22
colorado,joint_gradual,warmup,geometric_persistence,1,310,0.07900305955194536,0.11192933211592636,0.4258064516129032,0.6612903225806451,0.7967741935483871,0.3453227077907163,4
colorado,joint_gradual,warmup,geometric_persistence,2,310,0.10461117964266319,0.1657738948632842,0.4096774193548387,0.6935483870967742,0.8,0.5071424810707056,4
colorado,joint_gradual,warmup,geometric_persistence,3,310,0.12760484295311783,0.22196668842113795,0.36129032258064514,0.6709677419354839,0.7967741935483871,0.6121445726391846,4
colorado,joint_gradual,warmup,geometric_persistence,4,310,0.14894618225104211,0.2759965279496921,0.3,0.632258064516129,0.7806451612903226,0.6572471477765714,4
colorado,joint_gradual,warmup,multiple_imputation_compact,1,310,0.048758333216622284,0.07956726769379549,0.5548387096774193,0.7935483870967742,0.8709677419354839,0.28262546636620484,4
colorado,joint_gradual,warmup,multiple_imputation_compact,2,310,0.0628975461273329,0.10817291305339007,0.4096774193548387,0.6838709677419355,0.8064516129032258,0.31904008840029713,4
colorado,joint_gradual,warmup,multiple_imputation_compact,3,310,0.07697141259646562,0.1276622949321117,0.3903225806451613,0.6548387096774193,0.7741935483870968,0.33644765963615797,4
colorado,joint_gradual,warmup,multiple_imputation_compact,4,310,0.08954207249276869,0.14467070624073208,0.3870967741935484,0.567741935483871,0.7,0.34688705102950673,4
colorado,joint_gradual,warmup,multiple_imputation_flexible,1,310,0.05346827500781194,0.08150958606721073,0.3709677419354839,0.5903225806451613,0.7032258064516129,0.19441645404701632,4
colorado,joint_gradual,warmup,multiple_imputation_flexible,2,310,0.07621783470739227,0.1118010368479865,0.3064516129032258,0.4774193548387097,0.5483870967741935,0.20516973043988826,4
colorado,joint_gradual,warmup,multiple_imputation_flexible,3,310,0.09410571597325522,0.13185787388547873,0.2870967741935484,0.44193548387096776,0.5161290322580645,0.21097736936706973,4
colorado,joint_gradual,warmup,multiple_imputation_flexible,4,310,0.11402914259452564,0.15355740605828283,0.2645161290322581,0.4258064516129032,0.5,0.21047765865512394,4
colorado,joint_gradual,warmup,persistence,1,310,0.10427700700986237,0.17318416171799483,0.4096774193548387,0.667741935483871,0.7806451612903226,0.4493771882486182,4
colorado,joint_gradual,warmup,persistence,2,310,0.14031668387461588,0.26405286203663625,0.3548387096774194,0.6774193548387096,0.7677419354838709,0.64568376444188,4
colorado,joint_gradual,warmup,persistence,3,310,0.16511261645384456,0.33249895627886206,0.34516129032258064,0.6645161290322581,0.8064516129032258,0.7649670066371903,4
colorado,joint_gradual,warmup,persistence,4,310,0.18065964409614538,0.3774059354787005,0.3096774193548387,0.6741935483870968,0.7548387096774194,0.7899144416839986,4
colorado,joint_gradual,warmup,quantile_compact,1,310,0.04482456578556546,0.0735222159992509,0.4612903225806452,0.6903225806451613,0.8516129032258064,0.3736054309211721,4
colorado,joint_gradual,warmup,quantile_compact,2,310,0.05723630450721569,0.1015493518422676,0.3935483870967742,0.7387096774193549,0.9,0.5061127756552677,4
colorado,joint_gradual,warmup,quantile_compact,3,310,0.06532115856556367,0.11370550400399358,0.4096774193548387,0.7225806451612903,0.8548387096774194,0.5192224598852745,4
colorado,joint_gradual,warmup,quantile_compact,4,310,0.07153463102244224,0.12446717880960359,0.4064516129032258,0.7096774193548387,0.8193548387096774,0.531888072003456,4
colorado,joint_gradual,warmup,quantile_flexible,1,310,0.044040804284148055,0.07205467934837627,0.3870967741935484,0.6290322580645161,0.7935483870967742,0.3384388108282937,4
colorado,joint_gradual,warmup,quantile_flexible,2,310,0.05740131043427823,0.10058644260755714,0.33548387096774196,0.6483870967741936,0.832258064516129,0.46414989999191947,4
colorado,joint_gradual,warmup,quantile_flexible,3,310,0.06616560522940257,0.11526778154194342,0.32903225806451614,0.6290322580645161,0.7806451612903226,0.4899277615484683,4
colorado,joint_gradual,warmup,quantile_flexible,4,310,0.07292964423877973,0.13142450696521157,0.33548387096774196,0.6096774193548387,0.7419354838709677,0.4995651835608328,4
colorado,joint_gradual,warmup,single_imputation_compact,1,310,0.05055638183410417,0.079263459911874,0.5290322580645161,0.7612903225806451,0.8354838709677419,0.25315916761710006,4
colorado,joint_gradual,warmup,single_imputation_compact,2,310,0.06302942714391964,0.10568962858172826,0.4064516129032258,0.6741935483870968,0.7838709677419354,0.29884903208907504,4
colorado,joint_gradual,warmup,single_imputation_compact,3,310,0.077043260678067,0.1264789638567875,0.38387096774193546,0.6483870967741936,0.7677419354838709,0.3274729042750692,4
colorado,joint_gradual,warmup,single_imputation_compact,4,310,0.08968824824280744,0.14420691000441213,0.38064516129032255,0.5709677419354838,0.7032258064516129,0.3426606166243097,4
colorado,joint_gradual,warmup,single_imputation_flexible,1,310,0.05564419672001587,0.08070084873684051,0.3419354838709677,0.5516129032258065,0.6580645161290323,0.15518879207874062,4
colorado,joint_gradual,warmup,single_imputation_flexible,2,310,0.07766226599112608,0.10930497552279585,0.3064516129032258,0.45806451612903226,0.5161290322580645,0.1785933945253594,4
colorado,joint_gradual,warmup,single_imputation_flexible,3,310,0.09480439340241174,0.13030831538476007,0.2870967741935484,0.4258064516129032,0.5032258064516129,0.19547440969327484,4
colorado,joint_gradual,warmup,single_imputation_flexible,4,310,0.11506089448231166,0.15336571825942996,0.25806451612903225,0.4129032258064516,0.4870967741935484,0.2015085269047028,4
colorado,joint_none,development_evaluation,geometric_persistence,1,2182,0.05561354360515247,0.08356555420893785,0.5242896425297892,0.8148487626031164,0.9097158570119157,0.4262142705424909,26
colorado,joint_none,development_evaluation,geometric_persistence,2,2181,0.07786603113491371,0.12877276277191207,0.5066483264557542,0.8065107748739111,0.9151765245300321,0.5674899204894699,26
colorado,joint_none,development_evaluation,geometric_persistence,3,2180,0.09545171370654641,0.16950396991354383,0.49770642201834864,0.8055045871559633,0.9114678899082569,0.6611688646834762,26
colorado,joint_none,development_evaluation,geometric_persistence,4,2180,0.10760120800628142,0.20140504660496328,0.49862385321100916,0.8068807339449541,0.9133027522935779,0.7245537031898345,26
colorado,joint_none,development_evaluation,multiple_imputation_compact,1,2182,0.04367209548832269,0.06831831022340819,0.6122823098075161,0.8171402383134739,0.8748854262144822,0.262076391757109,26
colorado,joint_none,development_evaluation,multiple_imputation_compact,2,2181,0.06011294918891783,0.09448579603548907,0.5511233379183861,0.7368179734066942,0.8220999541494727,0.30650484651962645,26
colorado,joint_none,development_evaluation,multiple_imputation_compact,3,2180,0.07216253244501408,0.11154799780194136,0.5165137614678899,0.7119266055045872,0.7922018348623853,0.33107659529834654,26
colorado,joint_none,development_evaluation,multiple_imputation_compact,4,2180,0.07664947623075269,0.11824160045781323,0.5100917431192661,0.7137614678899082,0.7922018348623853,0.345708896534699,26
colorado,joint_none,development_evaluation,multiple_imputation_flexible,1,2182,0.04657842269761482,0.06840985989636028,0.48120989917506873,0.6736938588450962,0.7548120989917507,0.17149839041546205,26
colorado,joint_none,development_evaluation,multiple_imputation_flexible,2,2181,0.06482887746550603,0.0921938857055195,0.41815680880330125,0.5988078862906924,0.6753782668500687,0.1902688907920344,26
colorado,joint_none,development_evaluation,multiple_imputation_flexible,3,2180,0.08111956874062479,0.11224129150793634,0.3885321100917431,0.5564220183486238,0.6321100917431193,0.2034977424706359,26
colorado,joint_none,development_evaluation,multiple_imputation_flexible,4,2180,0.08577661327172538,0.11813837936337991,0.3738532110091743,0.5490825688073394,0.6261467889908257,0.20819809616447493,26
colorado,joint_none,development_evaluation,persistence,1,2182,0.07740617593274987,0.13560094985606616,0.4821264894592117,0.7942254812098992,0.9028414298808433,0.49810680896370924,26
colorado,joint_none,development_evaluation,persistence,2,2181,0.10777136022626443,0.21140256017878645,0.479138010087116,0.8005502063273727,0.9069234296194406,0.6615191989452398,26
colorado,joint_none,development_evaluation,persistence,3,2180,0.1280391664006479,0.262294277311033,0.46743119266055044,0.8073394495412844,0.9142201834862386,0.7736008534460805,26
colorado,joint_none,development_evaluation,persistence,4,2180,0.13948783908623485,0.28912049002129925,0.4798165137614679,0.8,0.9100917431192661,0.8247632309885332,26
colorado,joint_none,development_evaluation,quantile_compact,1,2182,0.040512677593910786,0.06951707625950514,0.4404216315307058,0.7208982584784601,0.8505957836846929,0.34023545630915764,26
colorado,joint_none,development_evaluation,quantile_compact,2,2181,0.05336941311699891,0.09320756707184415,0.40990371389270974,0.7111416781292985,0.8367721228794132,0.4250983928318714,26
colorado,joint_none,development_evaluation,quantile_compact,3,2180,0.061829348778522954,0.11599569669297585,0.4068807339449541,0.694954128440367,0.8348623853211009,0.4426149503023436,26
colorado,joint_none,development_evaluation,quantile_compact,4,2180,0.06437018219419037,0.12237733115704115,0.4087155963302752,0.7096330275229358,0.8330275229357799,0.44936002677161785,26
colorado,joint_none,development_evaluation,quantile_flexible,1,2182,0.04069181452187158,0.06980404878602595,0.39459211732355637,0.6704857928505957,0.8162236480293309,0.3062543188203937,26
colorado,joint_none,development_evaluation,quantile_flexible,2,2181,0.05285744632590342,0.09366069976623186,0.38239339752407153,0.6588720770288858,0.8097203117835855,0.39052798543381406,26
colorado,joint_none,development_evaluation,quantile_flexible,3,2180,0.061115193038037474,0.11180996381119405,0.37660550458715597,0.6490825688073395,0.7931192660550459,0.4010991748073871,26
colorado,joint_none,development_evaluation,quantile_flexible,4,2180,0.0640493478664413,0.12029989017091082,0.3577981651376147,0.6481651376146789,0.7871559633027523,0.40955559590291885,26
colorado,joint_none,development_evaluation,single_imputation_compact,1,2182,0.044403048360304044,0.06787702237088106,0.6026581118240146,0.7978918423464711,0.8593033913840513,0.24850037550676926,26
colorado,joint_none,development_evaluation,single_imputation_compact,2,2181,0.06046436351681342,0.09421291554093236,0.5437872535534158,0.7317744154057771,0.8156808803301238,0.3001533577655311,26
colorado,joint_none,development_evaluation,single_imputation_compact,3,2180,0.07251223375607448,0.11125203914351163,0.5174311926605505,0.7068807339449541,0.7885321100917431,0.3267908216201411,26
colorado,joint_none,development_evaluation,single_imputation_compact,4,2180,0.07681396093035375,0.11798181798781833,0.5091743119266054,0.7091743119266055,0.789908256880734,0.34205947162990924,26
colorado,joint_none,development_evaluation,single_imputation_flexible,1,2182,0.048260291955367476,0.06821830672155052,0.46562786434463793,0.648487626031164,0.724564619615032,0.15403799425598097,26
colorado,joint_none,development_evaluation,single_imputation_flexible,2,2181,0.0655965115092045,0.09180088774971339,0.4131132508023842,0.5823016964695094,0.6643741403026134,0.179473784951404,26
colorado,joint_none,development_evaluation,single_imputation_flexible,3,2180,0.08208408839718719,0.1120470539905191,0.3830275229357798,0.5463302752293578,0.6206422018348624,0.19530749964486357,26
colorado,joint_none,development_evaluation,single_imputation_flexible,4,2180,0.08682764306613544,0.11818548800682861,0.3669724770642202,0.541743119266055,0.6155963302752293,0.20104589376939813,26
colorado,joint_none,validation,geometric_persistence,1,1921,0.05899997962630477,0.08877138037639373,0.5054659031754295,0.8313378448724622,0.9141072358146799,0.4504830783201312,22
colorado,joint_none,validation,geometric_persistence,2,1921,0.08070998271728477,0.13429196997877735,0.4971369078604893,0.8001041124414368,0.9260801665799063,0.5850883685540772,22
colorado,joint_none,validation,geometric_persistence,3,1921,0.09857061255877189,0.17343756133037405,0.48308172826652784,0.818844351900052,0.9161894846434149,0.6781364290857427,22
colorado,joint_none,validation,geometric_persistence,4,1921,0.11294735610867415,0.20786217099846843,0.47683498178032274,0.8152004164497657,0.9151483602290473,0.7508582306202317,22
colorado,joint_none,validation,multiple_imputation_compact,1,1921,0.045684610366136344,0.0710476534708428,0.6267568974492452,0.803748047891723,0.8662155127537741,0.26810788902640786,22
colorado,joint_none,validation,multiple_imputation_compact,2,1921,0.05894039295281766,0.09316353272465568,0.5533576262363352,0.7568974492451848,0.8355023425299323,0.3065104032291211,22
colorado,joint_none,validation,multiple_imputation_compact,3,1921,0.0680803288581602,0.1060719495217192,0.5262883914627798,0.7397188964081207,0.8204060385216033,0.3290339714889568,22
colorado,joint_none,validation,multiple_imputation_compact,4,1921,0.07431550437370361,0.11498350145424979,0.5242061426340447,0.7168141592920354,0.7938573659552316,0.3429032518729121,22
colorado,joint_none,validation,multiple_imputation_flexible,1,1921,0.04783731556493718,0.07071169261004542,0.49193128578865175,0.6876626756897449,0.7589796980739199,0.18158373476362408,22
colorado,joint_none,validation,multiple_imputation_flexible,2,1921,0.06371050036970896,0.09209368509249981,0.4154086413326393,0.6043727225403436,0.6866215512753774,0.19576212092472792,22
colorado,joint_none,validation,multiple_imputation_flexible,3,1921,0.0750082395325393,0.10600338514404468,0.4018740239458615,0.5674128058302967,0.6538261322228006,0.20558431597456645,22
colorado,joint_none,validation,multiple_imputation_flexible,4,1921,0.08335035370064849,0.11584318760173265,0.38781884435190006,0.5575221238938053,0.6350858927641854,0.21032280109808377,22
colorado,joint_none,validation,persistence,1,1921,0.07732474126360751,0.13277574833541722,0.5039042165538782,0.8261322228006247,0.9151483602290473,0.5133757335610609,22
colorado,joint_none,validation,persistence,2,1921,0.10807280358038295,0.20896712906969478,0.478396668401874,0.803748047891723,0.9125455491931286,0.6674413946035408,22
colorado,joint_none,validation,persistence,3,1921,0.12922876362617527,0.26153696654649206,0.48047891723060904,0.8032274856845393,0.9016137428422697,0.7785861010682267,22
colorado,joint_none,validation,persistence,4,1921,0.14360787689389945,0.2943413123760693,0.5080687142113482,0.7938573659552316,0.9016137428422697,0.8400888430463901,22
colorado,joint_none,validation,quantile_compact,1,1921,0.03989142704703548,0.06603344663998333,0.4752732951587715,0.7615825091098386,0.8755856324830817,0.33576552724384573,22
colorado,joint_none,validation,quantile_compact,2,1921,0.05031490139005929,0.08532961152369585,0.44560124934929723,0.7428422696512234,0.8532014575741801,0.4113993755612919,22
colorado,joint_none,validation,quantile_compact,3,1921,0.05736564183273774,0.1016238360297423,0.444039562727746,0.7329515877147319,0.8417490890161374,0.4375267007565495,22
colorado,joint_none,validation,quantile_compact,4,1921,0.06128028283311258,0.11111001000491103,0.42529932326913067,0.7199375325351379,0.8407079646017699,0.4482644809760761,22
colorado,joint_none,validation,quantile_flexible,1,1921,0.039274082299706074,0.06399484804670437,0.4336283185840708,0.7038001041124414,0.8485163977095262,0.3026872998734589,22
colorado,joint_none,validation,quantile_flexible,2,1921,0.05004651962780356,0.08581347743583743,0.3862571577303488,0.6819364914107235,0.816762103071317,0.377763579227682,22
colorado,joint_none,validation,quantile_flexible,3,1921,0.0572883005505067,0.10169881660794458,0.3742842269651223,0.6626756897449245,0.8063508589276418,0.3979752674743001,22
colorado,joint_none,validation,quantile_flexible,4,1921,0.06125213625175367,0.11042457725364399,0.3784487246225924,0.6626756897449245,0.7964601769911505,0.4101616062430857,22
colorado,joint_none,validation,single_imputation_compact,1,1921,0.0481674551584083,0.07162958866926877,0.6132222800624675,0.7782404997397189,0.8412285268089537,0.24667154713761308,22
colorado,joint_none,validation,single_imputation_compact,2,1921,0.05973480337866871,0.09275519235784285,0.5471108797501302,0.7423217074440396,0.8230088495575221,0.29485509192317977,22
colorado,joint_none,validation,single_imputation_compact,3,1921,0.06863145264745112,0.10626360600520118,0.5184799583550235,0.7324310255075481,0.8131181676210307,0.3221468720445574,22
colorado,joint_none,validation,single_imputation_compact,4,1921,0.07469812740209845,0.11474778061151251,0.5205622071837585,0.711087975013014,0.7891723060905779,0.3373340055806655,22
colorado,joint_none,validation,single_imputation_flexible,1,1921,0.05116349633640213,0.07110035282425736,0.4716293597084852,0.6517438833940656,0.7199375325351379,0.15338489282731188,22
colorado,joint_none,validation,single_imputation_flexible,2,1921,0.06542424849524979,0.09178651955088026,0.40447683498178033,0.5814679854242581,0.6611140031233732,0.17767136538733286,22
colorado,joint_none,validation,single_imputation_flexible,3,1921,0.07642365349132853,0.10608521969251357,0.3930244664237376,0.5523165018219677,0.6330036439354503,0.1938386823062521,22
colorado,joint_none,validation,single_imputation_flexible,4,1921,0.08511948681459885,0.11628700755834291,0.3810515356585112,0.5445080687142113,0.6168662155127538,0.19967448592274856,22
colorado,joint_none,warmup,geometric_persistence,1,310,0.07900305955194536,0.11192933211592636,0.4258064516129032,0.6612903225806451,0.7967741935483871,0.3453227077907163,4
colorado,joint_none,warmup,geometric_persistence,2,310,0.10461117964266319,0.1657738948632842,0.4096774193548387,0.6935483870967742,0.8,0.5071424810707056,4
colorado,joint_none,warmup,geometric_persistence,3,310,0.12760484295311783,0.22196668842113795,0.36129032258064514,0.6709677419354839,0.7967741935483871,0.6121445726391846,4
colorado,joint_none,warmup,geometric_persistence,4,310,0.14894618225104211,0.2759965279496921,0.3,0.632258064516129,0.7806451612903226,0.6572471477765714,4
colorado,joint_none,warmup,multiple_imputation_compact,1,310,0.049058391702595905,0.0801956157596498,0.5451612903225806,0.7870967741935484,0.8709677419354839,0.2835151542859057,4
colorado,joint_none,warmup,multiple_imputation_compact,2,310,0.0630613907588795,0.10876608516253439,0.4064516129032258,0.6838709677419355,0.8064516129032258,0.32051803120856426,4
colorado,joint_none,warmup,multiple_imputation_compact,3,310,0.07628672669794818,0.12713528983503358,0.3935483870967742,0.6612903225806451,0.7709677419354839,0.338494494128939,4
colorado,joint_none,warmup,multiple_imputation_compact,4,310,0.08876111569997948,0.14403386424381126,0.3870967741935484,0.5741935483870968,0.7,0.3490057373633583,4
colorado,joint_none,warmup,multiple_imputation_flexible,1,310,0.05348601570309259,0.08163065010624627,0.38064516129032255,0.5935483870967742,0.7096774193548387,0.19676154308683436,4
colorado,joint_none,warmup,multiple_imputation_flexible,2,310,0.07531833581420129,0.11156477514210957,0.3064516129032258,0.4935483870967742,0.5645161290322581,0.2090135602340673,4
colorado,joint_none,warmup,multiple_imputation_flexible,3,310,0.09180976083984171,0.13008848348500857,0.2967741935483871,0.4645161290322581,0.5451612903225806,0.21581154913198075,4
colorado,joint_none,warmup,multiple_imputation_flexible,4,310,0.11160112989063783,0.15194721246593376,0.267741935483871,0.4290322580645161,0.5193548387096775,0.21606331583980476,4
colorado,joint_none,warmup,persistence,1,310,0.10427700700986237,0.17318416171799483,0.4096774193548387,0.667741935483871,0.7806451612903226,0.4493771882486182,4
colorado,joint_none,warmup,persistence,2,310,0.14031668387461588,0.26405286203663625,0.3548387096774194,0.6774193548387096,0.7677419354838709,0.64568376444188,4
colorado,joint_none,warmup,persistence,3,310,0.16511261645384456,0.33249895627886206,0.34516129032258064,0.6645161290322581,0.8064516129032258,0.7649670066371903,4
colorado,joint_none,warmup,persistence,4,310,0.18065964409614538,0.3774059354787005,0.3096774193548387,0.6741935483870968,0.7548387096774194,0.7899144416839986,4
colorado,joint_none,warmup,quantile_compact,1,310,0.04515895916543579,0.0745723426472408,0.4645161290322581,0.6903225806451613,0.8580645161290322,0.3751837560735416,4
colorado,joint_none,warmup,quantile_compact,2,310,0.05794311592246567,0.10354025898673803,0.4,0.7354838709677419,0.896774193548387,0.5083241038911887,4
colorado,joint_none,warmup,quantile_compact,3,310,0.06623034419937594,0.11693877983768267,0.3935483870967742,0.7290322580645161,0.8516129032258064,0.5230308082165501,4
colorado,joint_none,warmup,quantile_compact,4,310,0.07215556230533773,0.12732874861579602,0.4032258064516129,0.7064516129032258,0.832258064516129,0.5356851673623191,4
colorado,joint_none,warmup,quantile_flexible,1,310,0.0442868044361413,0.07269907123324316,0.4,0.6419354838709678,0.8032258064516129,0.34124683321773863,4
colorado,joint_none,warmup,quantile_flexible,2,310,0.05760207291465549,0.10148235320617703,0.36129032258064514,0.6580645161290323,0.8419354838709677,0.4666074920200907,4
colorado,joint_none,warmup,quantile_flexible,3,310,0.06661492304440232,0.11686940276250969,0.34516129032258064,0.6387096774193548,0.7806451612903226,0.49524428878916227,4
colorado,joint_none,warmup,quantile_flexible,4,310,0.07290350192900538,0.13084959990148612,0.3419354838709677,0.6193548387096774,0.7548387096774194,0.5048546922230598,4
colorado,joint_none,warmup,single_imputation_compact,1,310,0.05088642277975665,0.07975881251471888,0.5193548387096775,0.7580645161290323,0.832258064516129,0.2531278943170832,4
colorado,joint_none,warmup,single_imputation_compact,2,310,0.06356847020954343,0.10659768481860614,0.3935483870967742,0.6741935483870968,0.7774193548387097,0.29887963545222745,4
colorado,joint_none,warmup,single_imputation_compact,3,310,0.07696576755387498,0.12652713924535838,0.3870967741935484,0.6419354838709678,0.7709677419354839,0.3274288554979242,4
colorado,joint_none,warmup,single_imputation_compact,4,310,0.08963210354816872,0.14440277933400197,0.3741935483870968,0.5709677419354838,0.7032258064516129,0.342325525891409,4
colorado,joint_none,warmup,single_imputation_flexible,1,310,0.05637664929155022,0.0813659845162088,0.35161290322580646,0.5451612903225806,0.6483870967741936,0.1552990560670355,4
colorado,joint_none,warmup,single_imputation_flexible,2,310,0.07813072533538798,0.1097716264879337,0.3064516129032258,0.4645161290322581,0.5161290322580645,0.17858183330029512,4
colorado,joint_none,warmup,single_imputation_flexible,3,310,0.0950002661096154,0.13042847258923362,0.2903225806451613,0.43870967741935485,0.5032258064516129,0.1955919830766693,4
colorado,joint_none,warmup,single_imputation_flexible,4,310,0.114608027387128,0.15300220779550028,0.25806451612903225,0.4064516129032258,0.4870967741935484,0.2012698379609579,4
colorado,irradiance_first,development_evaluation,geometric_persistence,1,2182,0.060625106197064176,0.09014171158719657,0.5187901008249313,0.8043079743354721,0.9000916590284143,0.4233378825835029,26
colorado,irradiance_first,development_evaluation,geometric_persistence,2,2181,0.08193791186307182,0.13506308208417783,0.5011462631820266,0.7973406694176983,0.90646492434663,0.5636544247764628,26
colorado,irradiance_first,development_evaluation,geometric_persistence,3,2180,0.09807293607075455,0.17456187669223064,0.49311926605504586,0.7981651376146789,0.9041284403669725,0.6574358061678415,26
colorado,irradiance_first,development_evaluation,geometric_persistence,4,2180,0.1086843957344804,0.2043147069394051,0.49770642201834864,0.8036697247706422,0.9096330275229357,0.7214624333595829,26
colorado,irradiance_first,development_evaluation,multiple_imputation_compact,1,2182,0.04374252719630637,0.0683017130165638,0.614115490375802,0.8171402383134739,0.8744271310724107,0.26204851449752287,26
colorado,irradiance_first,development_evaluation,multiple_imputation_compact,2,2181,0.06061311983931754,0.09482083367263362,0.5502063273727648,0.7363594681338835,0.8175149014213663,0.3052393601562319,26
colorado,irradiance_first,development_evaluation,multiple_imputation_compact,3,2180,0.0726552708966276,0.11174729608032204,0.5160550458715596,0.7119266055045872,0.7908256880733945,0.3293707878090656,26
colorado,irradiance_first,development_evaluation,multiple_imputation_compact,4,2180,0.07691589204442886,0.11811612268357233,0.5110091743119266,0.7110091743119266,0.7889908256880734,0.343757401855379,26
colorado,irradiance_first,development_evaluation,multiple_imputation_flexible,1,2182,0.04669800190242352,0.06843530722920432,0.47800183318056827,0.6755270394133822,0.7548120989917507,0.17036191762830452,26
colorado,irradiance_first,development_evaluation,multiple_imputation_flexible,2,2181,0.06502467815897069,0.09217397065229935,0.41723979825768,0.5919303071985328,0.6730857404860155,0.18732442873745286,26
colorado,irradiance_first,development_evaluation,multiple_imputation_flexible,3,2180,0.08169189126181643,0.11225425608501713,0.38256880733944953,0.5564220183486238,0.631651376146789,0.19970494374496053,26
colorado,irradiance_first,development_evaluation,multiple_imputation_flexible,4,2180,0.08600416986507228,0.11772125129999644,0.37339449541284403,0.5495412844036697,0.6238532110091743,0.2043602547507412,26
colorado,irradiance_first,development_evaluation,persistence,1,2182,0.08156194910772732,0.14104482834644114,0.4775435380384968,0.7859761686526123,0.8936755270394133,0.4943124084605029,26
colorado,irradiance_first,development_evaluation,persistence,2,2181,0.11050322006519794,0.2152537425398507,0.4754699679046309,0.7927556166895919,0.8982118294360385,0.6565389381321617,26
colorado,irradiance_first,development_evaluation,persistence,3,2180,0.12909656336220315,0.2639015728774354,0.46605504587155966,0.8022935779816514,0.9073394495412844,0.7682951284800463,26
colorado,irradiance_first,development_evaluation,persistence,4,2180,0.13954952158275108,0.28926151780474035,0.48027522935779815,0.7990825688073394,0.908256880733945,0.820059741714441,26
colorado,irradiance_first,development_evaluation,quantile_compact,1,2182,0.04025644287117702,0.06845172357362311,0.4459211732355637,0.7181484876260311,0.84967919340055,0.34099470741259064,26
colorado,irradiance_first,development_evaluation,quantile_compact,2,2181,0.0529665015220911,0.09180336458020984,0.41357175607519486,0.7125171939477304,0.8367721228794132,0.4231895531637691,26
colorado,irradiance_first,development_evaluation,quantile_compact,3,2180,0.0610323437236238,0.11367484162729573,0.405045871559633,0.6963302752293578,0.8389908256880734,0.4375673033669065,26
colorado,irradiance_first,development_evaluation,quantile_compact,4,2180,0.06331931254744795,0.11917162674711967,0.4169724770642202,0.7119266055045872,0.8339449541284404,0.4425234539478377,26
colorado,irradiance_first,development_evaluation,quantile_flexible,1,2182,0.040386575456902045,0.06857143080115509,0.38863428047662696,0.6755270394133822,0.8153070577451879,0.3052002526152468,26
colorado,irradiance_first,development_evaluation,quantile_flexible,2,2181,0.05231643819112984,0.0922475012809154,0.3833104080696928,0.6556625401192113,0.807886290692343,0.38757544292807766,26
colorado,irradiance_first,development_evaluation,quantile_flexible,3,2180,0.06047244206636456,0.10974255702252525,0.37844036697247707,0.6486238532110091,0.7935779816513762,0.39518256634156385,26
colorado,irradiance_first,development_evaluation,quantile_flexible,4,2180,0.06314562427370923,0.11795055289085409,0.3628440366972477,0.6486238532110091,0.7908256880733945,0.40191712453051887,26
colorado,irradiance_first,development_evaluation,single_imputation_compact,1,2182,0.044389310610934755,0.06769468010852449,0.6058661778185152,0.8024747937671861,0.8593033913840513,0.2483252906004009,26
colorado,irradiance_first,development_evaluation,single_imputation_compact,2,2181,0.06090898919838454,0.0944710188306879,0.5488308115543329,0.7317744154057771,0.8106373223292068,0.3001077455693296,26
colorado,irradiance_first,development_evaluation,single_imputation_compact,3,2180,0.0727973431339136,0.1113759779516802,0.518348623853211,0.7096330275229358,0.786697247706422,0.3267390650106128,26
colorado,irradiance_first,development_evaluation,single_imputation_compact,4,2180,0.07704169070353853,0.11796411078559249,0.5128440366972477,0.7077981651376147,0.7885321100917431,0.34207189675028393,26
colorado,irradiance_first,development_evaluation,single_imputation_flexible,1,2182,0.04794485755189564,0.06784865919026863,0.4665444546287809,0.652153987167736,0.731897341888176,0.1538859433093573,26
colorado,irradiance_first,development_evaluation,single_imputation_flexible,2,2181,0.06557305234996626,0.09168583430345997,0.4149472718936268,0.579092159559835,0.6629986244841816,0.1793224648931957,26
colorado,irradiance_first,development_evaluation,single_imputation_flexible,3,2180,0.08209557575815492,0.1119878031050442,0.381651376146789,0.5509174311926606,0.6266055045871559,0.19530738684104526,26
colorado,irradiance_first,development_evaluation,single_imputation_flexible,4,2180,0.08672022107225058,0.1179814297068962,0.3701834862385321,0.5454128440366972,0.6165137614678899,0.201002117049305,26
colorado,irradiance_first,validation,geometric_persistence,1,1921,0.06207198752744196,0.09291852552180214,0.5033836543466944,0.8230088495575221,0.9068193649141072,0.4481749923144504,22
colorado,irradiance_first,validation,geometric_persistence,2,1921,0.08240909231666661,0.1373129062179089,0.49453409682457056,0.7928162415408642,0.9219156689224363,0.5824719281078238,22
colorado,irradiance_first,validation,geometric_persistence,3,1921,0.0993719292955056,0.17532184309993842,0.4815200416449766,0.8152004164497657,0.9135866736074961,0.6760750610454097,22
colorado,irradiance_first,validation,geometric_persistence,4,1921,0.1130166743917987,0.2084706202298622,0.4752732951587715,0.8146798542425819,0.9151483602290473,0.7495776726307247,22
colorado,irradiance_first,validation,multiple_imputation_compact,1,1921,0.045818212779925586,0.07116497035726724,0.6257157730348777,0.7985424258198854,0.8656949505465903,0.26737753643781476,22
colorado,irradiance_first,validation,multiple_imputation_compact,2,1921,0.05894004403867239,0.0929647328231652,0.553878188443519,0.7595002602811036,0.8344612181155648,0.3047956109977928,22
colorado,irradiance_first,validation,multiple_imputation_compact,3,1921,0.06805262962249602,0.10565986407819215,0.5288912024986986,0.7407600208224883,0.8172826652785008,0.32661859804766247,22
colorado,irradiance_first,validation,multiple_imputation_compact,4,1921,0.07385472089863457,0.11390839478451248,0.5252472670484123,0.7157730348776679,0.797501301405518,0.34005963654321303,22
colorado,irradiance_first,validation,multiple_imputation_flexible,1,1921,0.04810116620992458,0.07070989296473508,0.491410723581468,0.6782925559604372,0.7537740760020822,0.17960298871087405,22
colorado,irradiance_first,validation,multiple_imputation_flexible,2,1921,0.06398539951507616,0.09194570516766021,0.42009370119729306,0.601249349297241,0.6798542425819886,0.19237856428735794,22
colorado,irradiance_first,validation,multiple_imputation_flexible,3,1921,0.07525638618915872,0.10562263116631833,0.4034357105674128,0.566892243623113,0.6460176991150443,0.20129129179993033,22
colorado,irradiance_first,validation,multiple_imputation_flexible,4,1921,0.08339072717212778,0.11523799460833564,0.3862571577303488,0.553878188443519,0.629359708485164,0.20544149057043073,22
colorado,irradiance_first,validation,persistence,1,1921,0.07964941248529214,0.13596416060328273,0.5023425299323269,0.818844351900052,0.9083810515356585,0.5099912594094064,22
colorado,irradiance_first,validation,persistence,2,1921,0.10881502376000134,0.21016576548692315,0.4778761061946903,0.7980218636127017,0.9078604893284747,0.6637040384541408,22
colorado,irradiance_first,validation,persistence,3,1921,0.1291929486308115,0.26140504617997024,0.4799583550234253,0.8011452368558043,0.8995314940135346,0.7756846989855904,22
colorado,irradiance_first,validation,persistence,4,1921,0.14331825834445883,0.2939547296506433,0.508589276418532,0.7938573659552316,0.9021343050494534,0.8388571989507186,22
colorado,irradiance_first,validation,quantile_compact,1,1921,0.03976074601229843,0.06538297774701562,0.46954711087975015,0.7589796980739199,0.875065070275898,0.3355462335820625,22
colorado,irradiance_first,validation,quantile_compact,2,1921,0.050065272301247375,0.08465090564415176,0.4409161894846434,0.7428422696512234,0.8568453930244664,0.40935437803390695,22
colorado,irradiance_first,validation,quantile_compact,3,1921,0.05666113063202763,0.09965352511410627,0.4435190005205622,0.7329515877147319,0.8433107756376887,0.43228250478305935,22
colorado,irradiance_first,validation,quantile_compact,4,1921,0.060387487270790914,0.10846537849311519,0.4216553878188444,0.722019781363873,0.8407079646017699,0.44042588937533167,22
colorado,irradiance_first,validation,quantile_flexible,1,1921,0.03919295614595095,0.06344647514786947,0.4174908901613743,0.6965122332118688,0.842790213430505,0.30102118965818564,22
colorado,irradiance_first,validation,quantile_flexible,2,1921,0.04978843581286532,0.084817573644088,0.38261322228006245,0.6798542425819886,0.8152004164497657,0.37455982828998774,22
colorado,irradiance_first,validation,quantile_flexible,3,1921,0.05654637772904368,0.09891803446235868,0.36907860489328476,0.665799062988027,0.8089536699635607,0.3919234122443847,22
colorado,irradiance_first,validation,quantile_flexible,4,1921,0.06040886750885173,0.10789371502245773,0.3768870380010411,0.6626756897449245,0.7990629880270692,0.4014422991779478,22
colorado,irradiance_first,validation,single_imputation_compact,1,1921,0.04816553710551219,0.0714875702682227,0.6137428422696513,0.7792816241540864,0.8433107756376887,0.2463402740621803,22
colorado,irradiance_first,validation,single_imputation_compact,2,1921,0.05970227261960128,0.09264788351998642,0.5507548152004165,0.7464862051015096,0.8230088495575221,0.29458565249281293,22
colorado,irradiance_first,validation,single_imputation_compact,3,1921,0.06839113258026071,0.1056084467334569,0.5252472670484123,0.737116085372202,0.8157209786569495,0.32193057883682286,22
colorado,irradiance_first,validation,single_imputation_compact,4,1921,0.07433078583786755,0.11404819214866983,0.5205622071837585,0.7136907860489329,0.7948984903695991,0.3371953854791718,22
colorado,irradiance_first,validation,single_imputation_flexible,1,1921,0.05101977764064912,0.07081630291535386,0.4747527329515877,0.6491410723581468,0.7209786569495055,0.1531122789872397,22
colorado,irradiance_first,validation,single_imputation_flexible,2,1921,0.06525927959905763,0.09147498851366449,0.40916189484643417,0.584070796460177,0.6637168141592921,0.17770132114753223,22
colorado,irradiance_first,validation,single_imputation_flexible,3,1921,0.07598439819876618,0.10549288110836261,0.3971889640812077,0.5580426861009891,0.6361270171785528,0.1936573162071852,22
colorado,irradiance_first,validation,single_imputation_flexible,4,1921,0.08459002289520881,0.11562194337218658,0.38365434669443,0.547631441957314,0.6189484643414888,0.19978125125043747,22
colorado,irradiance_first,warmup,geometric_persistence,1,310,0.07989357164920896,0.11315028895485452,0.41935483870967744,0.6612903225806451,0.7935483870967742,0.3444452927642468,4
colorado,irradiance_first,warmup,geometric_persistence,2,310,0.10454409008765082,0.16560341846748444,0.4096774193548387,0.6935483870967742,0.8,0.5069354215354392,4
colorado,irradiance_first,warmup,geometric_persistence,3,310,0.1274635636607374,0.22166067084441154,0.36451612903225805,0.6709677419354839,0.7967741935483871,0.6124505902159111,4
colorado,irradiance_first,warmup,geometric_persistence,4,310,0.14879857151343084,0.2754590526117716,0.3,0.632258064516129,0.7806451612903226,0.657784623114492,4
colorado,irradiance_first,warmup,multiple_imputation_compact,1,310,0.048721769168089714,0.07969598596850756,0.5548387096774193,0.7935483870967742,0.8709677419354839,0.2827226095015638,4
colorado,irradiance_first,warmup,multiple_imputation_compact,2,310,0.06275914631738307,0.10791718857994255,0.4129032258064516,0.6838709677419355,0.8096774193548387,0.31907819706888807,4
colorado,irradiance_first,warmup,multiple_imputation_compact,3,310,0.07681079788702085,0.12741554563373042,0.3903225806451613,0.6580645161290323,0.7741935483870968,0.3364816759753432,4
colorado,irradiance_first,warmup,multiple_imputation_compact,4,310,0.0893413092329858,0.14432086138856245,0.3903225806451613,0.5709677419354838,0.7032258064516129,0.3467793443265717,4
colorado,irradiance_first,warmup,multiple_imputation_flexible,1,310,0.0536000583832498,0.08182322445849498,0.36774193548387096,0.5903225806451613,0.7032258064516129,0.19463528069898672,4
colorado,irradiance_first,warmup,multiple_imputation_flexible,2,310,0.07605725064505409,0.1116312365038303,0.3064516129032258,0.4774193548387097,0.5516129032258065,0.20534932501947173,4
colorado,irradiance_first,warmup,multiple_imputation_flexible,3,310,0.09392682753117676,0.13165469427120513,0.2870967741935484,0.44193548387096776,0.5161290322580645,0.2109491191371125,4
colorado,irradiance_first,warmup,multiple_imputation_flexible,4,310,0.11375609586954731,0.15310626246654313,0.267741935483871,0.4258064516129032,0.5032258064516129,0.21009974387662103,4
colorado,irradiance_first,warmup,persistence,1,310,0.10407965134875309,0.1725282088257744,0.4129032258064516,0.667741935483871,0.7806451612903226,0.4472596293665986,4
colorado,irradiance_first,warmup,persistence,2,310,0.13942803270427523,0.26202688282966524,0.36129032258064514,0.6806451612903226,0.7709677419354839,0.6441809897136195,4
colorado,irradiance_first,warmup,persistence,3,310,0.16500322555934976,0.33209951554307177,0.34838709677419355,0.667741935483871,0.8064516129032258,0.7654221353470828,4
colorado,irradiance_first,warmup,persistence,4,310,0.18055995969434202,0.376950806768808,0.3096774193548387,0.6741935483870968,0.7548387096774194,0.7903695703938911,4
colorado,irradiance_first,warmup,quantile_compact,1,310,0.04488538792040496,0.07350333886907072,0.46774193548387094,0.6935483870967742,0.8516129032258064,0.3750862410897908,4
colorado,irradiance_first,warmup,quantile_compact,2,310,0.057241936847724634,0.10130751559874439,0.3935483870967742,0.7387096774193549,0.9,0.5062008242366085,4
colorado,irradiance_first,warmup,quantile_compact,3,310,0.065320184441271,0.11375365174283184,0.4129032258064516,0.7225806451612903,0.8548387096774194,0.5191090603520891,4
colorado,irradiance_first,warmup,quantile_compact,4,310,0.0714507499319263,0.12425639578473577,0.4064516129032258,0.7096774193548387,0.8193548387096774,0.5314364731594625,4
colorado,irradiance_first,warmup,quantile_flexible,1,310,0.04406728989256687,0.07168504544565471,0.3967741935483871,0.632258064516129,0.7935483870967742,0.3397027583381494,4
colorado,irradiance_first,warmup,quantile_flexible,2,310,0.0572364118430862,0.09967491974900143,0.3387096774193548,0.6483870967741936,0.832258064516129,0.4645583731582266,4
colorado,irradiance_first,warmup,quantile_flexible,3,310,0.06609312326021209,0.11513025799871225,0.33225806451612905,0.6290322580645161,0.7806451612903226,0.48976657136322427,4
colorado,irradiance_first,warmup,quantile_flexible,4,310,0.07283782405285098,0.13113777256732687,0.33548387096774196,0.6096774193548387,0.7419354838709677,0.4992657151365639,4
colorado,irradiance_first,warmup,single_imputation_compact,1,310,0.05058414833560123,0.07946698232179049,0.5258064516129032,0.7645161290322581,0.8354838709677419,0.2532349930643047,4
colorado,irradiance_first,warmup,single_imputation_compact,2,310,0.06300714281984993,0.10561349763748315,0.4064516129032258,0.6741935483870968,0.7838709677419354,0.2988308171927505,4
colorado,irradiance_first,warmup,single_imputation_compact,3,310,0.07694015432926057,0.12635981791944403,0.38387096774193546,0.6483870967741936,0.7709677419354839,0.32749719068981337,4
colorado,irradiance_first,warmup,single_imputation_compact,4,310,0.08959171677068724,0.14399254942868175,0.38064516129032255,0.5741935483870968,0.7032258064516129,0.3426606166243097,4
colorado,irradiance_first,warmup,single_imputation_flexible,1,310,0.055886416798190425,0.08113805584224937,0.3387096774193548,0.5483870967741935,0.6548387096774193,0.15529323078348356,4
colorado,irradiance_first,warmup,single_imputation_flexible,2,310,0.07762127560877168,0.10920535384627171,0.3064516129032258,0.45806451612903226,0.5161290322580645,0.17869332301291982,4
colorado,irradiance_first,warmup,single_imputation_flexible,3,310,0.09483973829564366,0.1303160422806541,0.2870967741935484,0.4258064516129032,0.5032258064516129,0.19547138627276434,4
colorado,irradiance_first,warmup,single_imputation_flexible,4,310,0.11496120011011697,0.15323273541719348,0.25806451612903225,0.4129032258064516,0.4870967741935484,0.2015085269047028,4
colorado,pv_first,development_evaluation,geometric_persistence,1,2182,0.05561354360515247,0.08356555420893785,0.5242896425297892,0.8148487626031164,0.9097158570119157,0.4262142705424909,26
colorado,pv_first,development_evaluation,geometric_persistence,2,2181,0.07786603113491371,0.12877276277191207,0.5066483264557542,0.8065107748739111,0.9151765245300321,0.5674899204894699,26
colorado,pv_first,development_evaluation,geometric_persistence,3,2180,0.09545171370654641,0.16950396991354383,0.49770642201834864,0.8055045871559633,0.9114678899082569,0.6611688646834762,26
colorado,pv_first,development_evaluation,geometric_persistence,4,2180,0.10760120800628142,0.20140504660496328,0.49862385321100916,0.8068807339449541,0.9133027522935779,0.7245537031898345,26
colorado,pv_first,development_evaluation,multiple_imputation_compact,1,2182,0.04366177719503184,0.06816618426232737,0.6154903758020165,0.8162236480293309,0.8748854262144822,0.2614993949190544,26
colorado,pv_first,development_evaluation,multiple_imputation_compact,2,2181,0.06043281198939935,0.0946673641469018,0.5506648326455754,0.7359009628610729,0.8198074277854195,0.30516742760918186,26
colorado,pv_first,development_evaluation,multiple_imputation_compact,3,2180,0.07264623349507633,0.11161574987830997,0.5192660550458715,0.7119266055045872,0.7903669724770642,0.3295934713571072,26
colorado,pv_first,development_evaluation,multiple_imputation_compact,4,2180,0.07681563731604617,0.11794990801357388,0.5128440366972477,0.7123853211009175,0.7903669724770642,0.3441136791355559,26
colorado,pv_first,development_evaluation,multiple_imputation_flexible,1,2182,0.04657254206716635,0.06826734933112098,0.4798350137488543,0.6759853345554537,0.7529789184234648,0.16976666193828896,26
colorado,pv_first,development_evaluation,multiple_imputation_flexible,2,2181,0.06477031656952024,0.09196797005454073,0.4167812929848693,0.594222833562586,0.6735442457588262,0.18740782262969824,26
colorado,pv_first,development_evaluation,multiple_imputation_flexible,3,2180,0.08140415859519906,0.11195955845799056,0.3853211009174312,0.558256880733945,0.6339449541284403,0.20031039265006598,26
colorado,pv_first,development_evaluation,multiple_imputation_flexible,4,2180,0.08576000763784371,0.11745029184884251,0.37477064220183487,0.5509174311926606,0.6275229357798165,0.2049905579072039,26
colorado,pv_first,development_evaluation,persistence,1,2182,0.07740617593274987,0.13560094985606616,0.4821264894592117,0.7942254812098992,0.9028414298808433,0.49810680896370924,26
colorado,pv_first,development_evaluation,persistence,2,2181,0.10777136022626443,0.21140256017878645,0.479138010087116,0.8005502063273727,0.9069234296194406,0.6615191989452398,26
colorado,pv_first,development_evaluation,persistence,3,2180,0.1280391664006479,0.262294277311033,0.46743119266055044,0.8073394495412844,0.9142201834862386,0.7736008534460805,26
colorado,pv_first,development_evaluation,persistence,4,2180,0.13948783908623485,0.28912049002129925,0.4798165137614679,0.8,0.9100917431192661,0.8247632309885332,26
colorado,pv_first,development_evaluation,quantile_compact,1,2182,0.040427315332119323,0.06958921834997049,0.4413382218148488,0.7181484876260311,0.8519706691109075,0.33935361336073727,26
colorado,pv_first,development_evaluation,quantile_compact,2,2181,0.053160344129465305,0.09274715207571042,0.41173773498395233,0.7134342044933517,0.8372306281522237,0.42312564400088654,26
colorado,pv_first,development_evaluation,quantile_compact,3,2180,0.06124227996642364,0.11426676788517,0.40458715596330275,0.6967889908256881,0.8385321100917431,0.43823678078076245,26
colorado,pv_first,development_evaluation,quantile_compact,4,2180,0.06345109482715093,0.11975537918219518,0.42018348623853213,0.7128440366972477,0.8353211009174312,0.4437818528697375,26
colorado,pv_first,development_evaluation,quantile_flexible,1,2182,0.04058603740163049,0.0694814376913272,0.386801099908341,0.6755270394133822,0.8143904674610449,0.304496974234532,26
colorado,pv_first,development_evaluation,quantile_flexible,2,2181,0.05246840465659051,0.0928771459990124,0.38422741861531406,0.657496561210454,0.8083447959651536,0.3874540419953803,26
colorado,pv_first,development_evaluation,quantile_flexible,3,2180,0.060658414221718034,0.11037197027463659,0.37844036697247707,0.6495412844036698,0.7935779816513762,0.3961645460571358,26
colorado,pv_first,development_evaluation,quantile_flexible,4,2180,0.06323484683347141,0.11837743285086659,0.3651376146788991,0.6504587155963303,0.7908256880733945,0.4032912302965457,26
colorado,pv_first,development_evaluation,single_imputation_compact,1,2182,0.04433363963215683,0.06766673922758479,0.6081576535288726,0.8006416131989,0.8602199816681944,0.24835344534803525,26
colorado,pv_first,development_evaluation,single_imputation_compact,2,2181,0.06082034337948144,0.09442961148208412,0.5497478220999541,0.7326914259513985,0.8124713434204494,0.3000673530432302,26
colorado,pv_first,development_evaluation,single_imputation_compact,3,2180,0.07286934491304439,0.1113555757666682,0.5197247706422018,0.7105504587155963,0.7876146788990825,0.3267292367041909,26
colorado,pv_first,development_evaluation,single_imputation_compact,4,2180,0.0772129325088296,0.11819209407878327,0.5119266055045871,0.7096330275229358,0.7889908256880734,0.3419779884744249,26
colorado,pv_first,development_evaluation,single_imputation_flexible,1,2182,0.047848233837389634,0.06774709105398392,0.4688359303391384,0.6512373968835931,0.7314390467461045,0.15388983362210457,26
colorado,pv_first,development_evaluation,single_imputation_flexible,2,2181,0.0653857081316281,0.09155696790919117,0.41448876662081613,0.5809261806510775,0.6639156350298029,0.17930629624537664,26
colorado,pv_first,development_evaluation,single_imputation_flexible,3,2180,0.08197681213181793,0.11186204105701175,0.3821100917431193,0.5518348623853211,0.6279816513761468,0.19531287451340087,26
colorado,pv_first,development_evaluation,single_imputation_flexible,4,2180,0.08675469405086489,0.11803739499019844,0.3697247706422018,0.5454128440366972,0.6169724770642202,0.20100712095879303,26
colorado,pv_first,validation,geometric_persistence,1,1921,0.05899997962630477,0.08877138037639373,0.5054659031754295,0.8313378448724622,0.9141072358146799,0.4504830783201312,22
colorado,pv_first,validation,geometric_persistence,2,1921,0.08070998271728477,0.13429196997877735,0.4971369078604893,0.8001041124414368,0.9260801665799063,0.5850883685540772,22
colorado,pv_first,validation,geometric_persistence,3,1921,0.09857061255877189,0.17343756133037405,0.48308172826652784,0.818844351900052,0.9161894846434149,0.6781364290857427,22
colorado,pv_first,validation,geometric_persistence,4,1921,0.11294735610867415,0.20786217099846843,0.47683498178032274,0.8152004164497657,0.9151483602290473,0.7508582306202317,22
colorado,pv_first,validation,multiple_imputation_compact,1,1921,0.04575245233604789,0.07116578012152806,0.6236335242061426,0.8011452368558043,0.8651743883394065,0.2672842976181691,22
colorado,pv_first,validation,multiple_imputation_compact,2,1921,0.05895225154394002,0.09310983275393184,0.553878188443519,0.7600208224882874,0.8339406559083811,0.30496072868263685,22
colorado,pv_first,validation,multiple_imputation_compact,3,1921,0.06813117445985571,0.10591875821935852,0.5257678292555961,0.7407600208224883,0.816762103071317,0.32686959855976677,22
colorado,pv_first,validation,multiple_imputation_compact,4,1921,0.07379823649588195,0.11399480391405177,0.5231650182196772,0.7173347214992192,0.7985424258198854,0.3403124925541616,22
colorado,pv_first,validation,multiple_imputation_flexible,1,1921,0.048153014544436365,0.07091089986899969,0.4872462259239979,0.676730869338886,0.7527329515877147,0.17939911039427986,22
colorado,pv_first,validation,multiple_imputation_flexible,2,1921,0.0640082562332822,0.09210135730663402,0.41905257678292557,0.5986465382613222,0.678813118167621,0.19260118732768747,22
colorado,pv_first,validation,multiple_imputation_flexible,3,1921,0.07543241700755238,0.10609636610897419,0.3992712129099427,0.5642894325871942,0.6449765747006767,0.2016593683165287,22
colorado,pv_first,validation,multiple_imputation_flexible,4,1921,0.08351608591946963,0.11558526057234214,0.38365434669443,0.5507548152004165,0.6272774596564289,0.20583243660897357,22
colorado,pv_first,validation,persistence,1,1921,0.07732474126360751,0.13277574833541722,0.5039042165538782,0.8261322228006247,0.9151483602290473,0.5133757335610609,22
colorado,pv_first,validation,persistence,2,1921,0.10807280358038295,0.20896712906969478,0.478396668401874,0.803748047891723,0.9125455491931286,0.6674413946035408,22
colorado,pv_first,validation,persistence,3,1921,0.12922876362617527,0.26153696654649206,0.48047891723060904,0.8032274856845393,0.9016137428422697,0.7785861010682267,22
colorado,pv_first,validation,persistence,4,1921,0.14360787689389945,0.2943413123760693,0.5080687142113482,0.7938573659552316,0.9016137428422697,0.8400888430463901,22
colorado,pv_first,validation,quantile_compact,1,1921,0.03986754952499822,0.06604538128322711,0.47006767308693387,0.7574180114523685,0.8740239458615304,0.3344500222372135,22
colorado,pv_first,validation,quantile_compact,2,1921,0.05018526862982349,0.08507518183996564,0.43883394065590836,0.7418011452368558,0.8568453930244664,0.4094251040948488,22
colorado,pv_first,validation,quantile_compact,3,1921,0.056892828648866474,0.10052028912227363,0.4424778761061947,0.7345132743362832,0.8443519000520562,0.4332909215574002,22
colorado,pv_first,validation,quantile_compact,4,1921,0.0606060243170604,0.10945622198774543,0.4221759500260281,0.7225403435710568,0.8412285268089537,0.44210112789592726,22
colorado,pv_first,validation,quantile_flexible,1,1921,0.03930948106499014,0.06404121146281266,0.4148880791254555,0.6965122332118688,0.8417490890161374,0.3007190091757584,22
colorado,pv_first,validation,quantile_flexible,2,1921,0.0499003581125116,0.08518835509055153,0.3800104112441437,0.678813118167621,0.8146798542425819,0.37459882382055426,22
colorado,pv_first,validation,quantile_flexible,3,1921,0.05675307884313026,0.09951610650697515,0.3711608537220198,0.6663196251952108,0.8099947943779282,0.39300962072862033,22
colorado,pv_first,validation,quantile_flexible,4,1921,0.060593214658661125,0.10855912795080996,0.3784487246225924,0.6647579385736595,0.8001041124414368,0.40298587875108616,22
colorado,pv_first,validation,single_imputation_compact,1,1921,0.048042389262541056,0.07143253821275512,0.6137428422696513,0.7798021863612702,0.8438313378448724,0.24642981372799247,22
colorado,pv_first,validation,single_imputation_compact,2,1921,0.059763951477795126,0.09278297419115158,0.5497136907860489,0.7470067673086934,0.8219677251431546,0.29467894307393533,22
colorado,pv_first,validation,single_imputation_compact,3,1921,0.0684649984977104,0.1058152192520515,0.5242061426340447,0.7365955231650182,0.8146798542425819,0.3219809331555393,22
colorado,pv_first,validation,single_imputation_compact,4,1921,0.07432932384941236,0.1141194248772134,0.5210827693909422,0.7142113482561167,0.7943779281624154,0.33725899506116364,22
colorado,pv_first,validation,single_imputation_flexible,1,1921,0.051059380963665316,0.07099344999744517,0.4716293597084852,0.648620510150963,0.7209786569495055,0.15313199377446554,22
colorado,pv_first,validation,single_imputation_flexible,2,1921,0.06541600250642189,0.09171659043935108,0.40916189484643417,0.5835502342529932,0.6611140031233732,0.17775319816819682,22
colorado,pv_first,validation,single_imputation_flexible,3,1921,0.07617593134269725,0.10585414302600879,0.39510671525247265,0.5559604372722541,0.6350858927641854,0.19369848552557445,22
colorado,pv_first,validation,single_imputation_flexible,4,1921,0.08464038537079843,0.11583027272590099,0.3805309734513274,0.5450286309213951,0.6179073399271213,0.19984110322801873,22
colorado,pv_first,warmup,geometric_persistence,1,310,0.07900305955194536,0.11192933211592636,0.4258064516129032,0.6612903225806451,0.7967741935483871,0.3453227077907163,4
colorado,pv_first,warmup,geometric_persistence,2,310,0.10461117964266319,0.1657738948632842,0.4096774193548387,0.6935483870967742,0.8,0.5071424810707056,4
colorado,pv_first,warmup,geometric_persistence,3,310,0.12760484295311783,0.22196668842113795,0.36129032258064514,0.6709677419354839,0.7967741935483871,0.6121445726391846,4
colorado,pv_first,warmup,geometric_persistence,4,310,0.14894618225104211,0.2759965279496921,0.3,0.632258064516129,0.7806451612903226,0.6572471477765714,4
colorado,pv_first,warmup,multiple_imputation_compact,1,310,0.048863083784814416,0.07973880742838378,0.5548387096774193,0.7903225806451613,0.867741935483871,0.2827938664874077,4
colorado,pv_first,warmup,multiple_imputation_compact,2,310,0.06287669051467203,0.10821042812770962,0.4096774193548387,0.6838709677419355,0.8032258064516129,0.3192970331427764,4
colorado,pv_first,warmup,multiple_imputation_compact,3,310,0.07682053566448409,0.12736780432379208,0.3935483870967742,0.6548387096774193,0.7741935483870968,0.33697278986144097,4
colorado,pv_first,warmup,multiple_imputation_compact,4,310,0.08934405764204506,0.14446648265869214,0.3870967741935484,0.5741935483870968,0.7032258064516129,0.34763083602696015,4
colorado,pv_first,warmup,multiple_imputation_flexible,1,310,0.05366652065593267,0.08180531249291115,0.3709677419354839,0.5935483870967742,0.7,0.1951068838992114,4
colorado,pv_first,warmup,multiple_imputation_flexible,2,310,0.07643336528501593,0.11210729904214112,0.3064516129032258,0.4774193548387097,0.5516129032258065,0.2057001766330846,4
colorado,pv_first,warmup,multiple_imputation_flexible,3,310,0.09406360711025562,0.13193768317419888,0.2903225806451613,0.44516129032258067,0.5193548387096775,0.21203492754357597,4
colorado,pv_first,warmup,multiple_imputation_flexible,4,310,0.11386125781053545,0.15340561132887967,0.267741935483871,0.4290322580645161,0.5032258064516129,0.21170265076044326,4
colorado,pv_first,warmup,persistence,1,310,0.10427700700986237,0.17318416171799483,0.4096774193548387,0.667741935483871,0.7806451612903226,0.4493771882486182,4
colorado,pv_first,warmup,persistence,2,310,0.14031668387461588,0.26405286203663625,0.3548387096774194,0.6774193548387096,0.7677419354838709,0.64568376444188,4
colorado,pv_first,warmup,persistence,3,310,0.16511261645384456,0.33249895627886206,0.34516129032258064,0.6645161290322581,0.8064516129032258,0.7649670066371903,4
colorado,pv_first,warmup,persistence,4,310,0.18065964409614538,0.3774059354787005,0.3096774193548387,0.6741935483870968,0.7548387096774194,0.7899144416839986,4
colorado,pv_first,warmup,quantile_compact,1,310,0.0450221180360329,0.07372605586084383,0.4612903225806452,0.6903225806451613,0.8483870967741935,0.374899159814183,4
colorado,pv_first,warmup,quantile_compact,2,310,0.05723726482684975,0.10155160193337204,0.3967741935483871,0.7387096774193549,0.9,0.5064397531749935,4
colorado,pv_first,warmup,quantile_compact,3,310,0.06543539021452549,0.11426430468051607,0.4129032258064516,0.7225806451612903,0.8548387096774194,0.5197055218031652,4
colorado,pv_first,warmup,quantile_compact,4,310,0.07164313757478964,0.124760522900186,0.4096774193548387,0.7096774193548387,0.8193548387096774,0.532423473085537,4
colorado,pv_first,warmup,quantile_flexible,1,310,0.04424280826259813,0.07252587029470704,0.3870967741935484,0.6290322580645161,0.7935483870967742,0.3397047087736584,4
colorado,pv_first,warmup,quantile_flexible,2,310,0.05733047908898038,0.10044220241398809,0.33548387096774196,0.6483870967741936,0.832258064516129,0.4645449237772756,4
colorado,pv_first,warmup,quantile_flexible,3,310,0.0662276628566852,0.1153430205157406,0.33225806451612905,0.6290322580645161,0.7806451612903226,0.49033915826746616,4
colorado,pv_first,warmup,quantile_flexible,4,310,0.073182255622803,0.13283206969900754,0.3387096774193548,0.6096774193548387,0.7419354838709677,0.5001336678702446,4
colorado,pv_first,warmup,single_imputation_compact,1,310,0.05070705064878132,0.07955832012533418,0.5290322580645161,0.7548387096774194,0.8354838709677419,0.2531468428200866,4
colorado,pv_first,warmup,single_imputation_compact,2,310,0.06320230807147564,0.10590553206254205,0.4032258064516129,0.6741935483870968,0.7838709677419354,0.29890009459886163,4
colorado,pv_first,warmup,single_imputation_compact,3,310,0.07702726857835986,0.12636285458226804,0.38387096774193546,0.6516129032258065,0.7677419354838709,0.32744879174576086,4
colorado,pv_first,warmup,single_imputation_compact,4,310,0.08951442279400683,0.1440406316637773,0.38387096774193546,0.5774193548387097,0.7032258064516129,0.3426606166243097,4
colorado,pv_first,warmup,single_imputation_flexible,1,310,0.05588112556507758,0.08103063397767288,0.3419354838709677,0.5483870967741935,0.6516129032258065,0.15519432198431926,4
colorado,pv_first,warmup,single_imputation_flexible,2,310,0.07800936590503439,0.10962286069047437,0.3064516129032258,0.45806451612903226,0.5161290322580645,0.17865894747469144,4
colorado,pv_first,warmup,single_imputation_flexible,3,310,0.09504880907153249,0.13062818018223893,0.2838709677419355,0.4258064516129032,0.5064516129032258,0.19550224693369123,4
colorado,pv_first,warmup,single_imputation_flexible,4,310,0.11516180981661207,0.15335436972810476,0.26129032258064516,0.4129032258064516,0.4870967741935484,0.20150852690470283,4
